[26Sep2026 18:55:28.588] [main/INFO] [cpw.mods.modlauncher.Launcher/MODLAUNCHER]: ModLauncher running: args [--username, V120Jei, --version, 1.20.1-forge-47.4.10, --gameDir, D:\GitHub\AdvancedRocketry-Community\.gradle\v120-jei-session\client, --assetsDir, C:\Users\ADMINI~1\AppData\Local\Temp\arce-v100-compatibility\runtime-1\assets, --assetIndex, 5, --uuid, 519abd4c-46d5-3618-9687-cf29f75a3423, --accessToken, ????????, --clientId, 0, --xuid, 0, --userType, legacy, --versionType, release, --launchTarget, forgeclient, --fml.forgeVersion, 47.4.10, --fml.mcVersion, 1.20.1, --fml.forgeGroup, net.minecraftforge, --fml.mcpVersion, 20230612.114412, --width, 960, --height, 540, --quickPlayMultiplayer, 127.0.0.1:50945]
[26Sep2026 18:55:28.594] [main/INFO] [cpw.mods.modlauncher.Launcher/MODLAUNCHER]: ModLauncher 10.0.9+10.0.9+main.dcd20f30 starting: java version 17.0.7 by Oracle Corporation; OS Windows 11 arch amd64 version 10.0
[26Sep2026 18:55:28.618] [main/DEBUG] [cpw.mods.modlauncher.LaunchServiceHandler/MODLAUNCHER]: Found launch services [fmlclientdev,forgeclient,minecraft,forgegametestserverdev,fmlserveruserdev,fmlclient,fmldatauserdev,forgeserverdev,forgeserveruserdev,forgeclientdev,forgeclientuserdev,forgeserver,forgedatadev,fmlserver,fmlclientuserdev,fmlserverdev,forgedatauserdev,testharness,forgegametestserveruserdev]
[26Sep2026 18:55:28.631] [main/DEBUG] [cpw.mods.modlauncher.NameMappingServiceHandler/MODLAUNCHER]: Found naming services : [srgtomcp]
[26Sep2026 18:55:28.644] [main/DEBUG] [cpw.mods.modlauncher.LaunchPluginHandler/MODLAUNCHER]: Found launch plugins: [mixin,eventbus,slf4jfixer,object_holder_definalize,runtime_enum_extender,capability_token_subclass,accesstransformer,runtimedistcleaner]
[26Sep2026 18:55:28.654] [main/DEBUG] [cpw.mods.modlauncher.TransformationServicesHandler/MODLAUNCHER]: Discovering transformation services
[26Sep2026 18:55:28.659] [main/DEBUG] [net.minecraftforge.fml.loading.FMLPaths/CORE]: Path GAMEDIR is D:\GitHub\AdvancedRocketry-Community\.gradle\v120-jei-session\client
[26Sep2026 18:55:28.660] [main/DEBUG] [net.minecraftforge.fml.loading.FMLPaths/CORE]: Path MODSDIR is D:\GitHub\AdvancedRocketry-Community\.gradle\v120-jei-session\client\mods
[26Sep2026 18:55:28.660] [main/DEBUG] [net.minecraftforge.fml.loading.FMLPaths/CORE]: Path CONFIGDIR is D:\GitHub\AdvancedRocketry-Community\.gradle\v120-jei-session\client\config
[26Sep2026 18:55:28.660] [main/DEBUG] [net.minecraftforge.fml.loading.FMLPaths/CORE]: Path FMLCONFIG is D:\GitHub\AdvancedRocketry-Community\.gradle\v120-jei-session\client\config\fml.toml
[26Sep2026 18:55:28.687] [main/WARN] [net.minecraftforge.fml.loading.FMLConfig/CORE]: Configuration file D:\GitHub\AdvancedRocketry-Community\.gradle\v120-jei-session\client\config\fml.toml is not correct. Correcting
[26Sep2026 18:55:28.688] [main/INFO] [net.minecraftforge.fml.loading.FMLConfig/CORE]: Incorrect key [earlyWindowSkipGLVersions] was corrected from null to []
[26Sep2026 18:55:28.689] [main/INFO] [net.minecraftforge.fml.loading.FMLConfig/CORE]: Incorrect key [earlyWindowLogHelpMessage] was corrected from null to true
[26Sep2026 18:55:28.689] [main/INFO] [net.minecraftforge.fml.loading.FMLConfig/CORE]: Incorrect key [earlyWindowSquir] was corrected from null to false
[26Sep2026 18:55:28.689] [main/INFO] [net.minecraftforge.fml.loading.FMLConfig/CORE]: Incorrect key [earlyWindowShowCPU] was corrected from null to false
[26Sep2026 18:55:28.748] [main/DEBUG] [cpw.mods.modlauncher.TransformationServicesHandler/MODLAUNCHER]: Found additional transformation services from discovery services: 
[26Sep2026 18:55:28.753] [main/INFO] [net.minecraftforge.fml.loading.ImmediateWindowHandler/]: Loading ImmediateWindowProvider fmlearlywindow
[26Sep2026 18:55:28.826] [main/INFO] [EARLYDISPLAY/]: Trying GL version 4.6
[26Sep2026 18:55:28.827] [main/INFO] [EARLYDISPLAY/]: If this message is the only thing at the bottom of your log before a crash, you probably have a driver issue.

Possible solutions:
A) Make sure Minecraft is set to prefer high performance graphics in the OS and/or driver control panel
B) Check for driver updates on the graphics brand's website
C) Try reinstalling your graphics drivers
D) If still not working after trying all of the above, ask for further help on the Forge forums or Discord

You can safely ignore this message if the game starts up successfully.
[26Sep2026 18:55:29.019] [main/INFO] [EARLYDISPLAY/]: Requested GL version 4.6 got version 4.6
[26Sep2026 18:55:29.075] [main/DEBUG] [cpw.mods.modlauncher.TransformationServicesHandler/MODLAUNCHER]: Found transformer services : [mixin,fml]
[26Sep2026 18:55:29.076] [main/DEBUG] [cpw.mods.modlauncher.TransformationServicesHandler/MODLAUNCHER]: Transformation services loading
[26Sep2026 18:55:29.076] [main/DEBUG] [cpw.mods.modlauncher.TransformationServiceDecorator/MODLAUNCHER]: Loading service mixin
[26Sep2026 18:55:29.077] [main/DEBUG] [cpw.mods.modlauncher.TransformationServiceDecorator/MODLAUNCHER]: Loaded service mixin
[26Sep2026 18:55:29.077] [main/DEBUG] [cpw.mods.modlauncher.TransformationServiceDecorator/MODLAUNCHER]: Loading service fml
[26Sep2026 18:55:29.078] [main/DEBUG] [net.minecraftforge.fml.loading.LauncherVersion/CORE]: Found FMLLauncher version 1.0
[26Sep2026 18:55:29.078] [main/DEBUG] [net.minecraftforge.fml.loading.FMLLoader/CORE]: FML 1.0 loading
[26Sep2026 18:55:29.078] [main/DEBUG] [net.minecraftforge.fml.loading.FMLLoader/CORE]: FML found ModLauncher version : 10.0.9+10.0.9+main.dcd20f30
[26Sep2026 18:55:29.078] [main/DEBUG] [net.minecraftforge.fml.loading.FMLLoader/CORE]: Requesting CoreMods to not apply the fix for ASMAPI.findFirstInstructionBefore by default
[26Sep2026 18:55:29.078] [main/DEBUG] [net.minecraftforge.fml.loading.FMLLoader/CORE]: FML found AccessTransformer version : 8.0.4+66+master.c09db6d7
[26Sep2026 18:55:29.080] [main/DEBUG] [net.minecraftforge.fml.loading.FMLLoader/CORE]: FML found EventBus version : 6.0.5+6.0.5+master.eb8e549b
[26Sep2026 18:55:29.080] [main/DEBUG] [net.minecraftforge.fml.loading.FMLLoader/CORE]: Found Runtime Dist Cleaner
[26Sep2026 18:55:29.082] [main/DEBUG] [net.minecraftforge.coremod.CoreModEngine/]: CoreMods will preserve legacy behavior of ASMAPI.findFirstInstructionBefore for backwards-compatibility
[26Sep2026 18:55:29.083] [main/DEBUG] [net.minecraftforge.fml.loading.FMLLoader/CORE]: FML found CoreMod version : 5.2.4
[26Sep2026 18:55:29.083] [main/DEBUG] [net.minecraftforge.fml.loading.FMLLoader/CORE]: Found ForgeSPI package implementation version 7.0.1+7.0.1+master.d2b38bf6
[26Sep2026 18:55:29.084] [main/DEBUG] [net.minecraftforge.fml.loading.FMLLoader/CORE]: Found ForgeSPI package specification 5
[26Sep2026 18:55:29.084] [main/DEBUG] [cpw.mods.modlauncher.TransformationServiceDecorator/MODLAUNCHER]: Loaded service fml
[26Sep2026 18:55:29.084] [main/DEBUG] [cpw.mods.modlauncher.TransformationServicesHandler/MODLAUNCHER]: Configuring option handling for services
[26Sep2026 18:55:29.091] [main/DEBUG] [cpw.mods.modlauncher.TransformationServicesHandler/MODLAUNCHER]: Transformation services initializing
[26Sep2026 18:55:29.092] [main/DEBUG] [cpw.mods.modlauncher.TransformationServiceDecorator/MODLAUNCHER]: Initializing transformation service mixin
[26Sep2026 18:55:29.107] [main/DEBUG] [mixin/]: MixinService [ModLauncher] was successfully booted in cpw.mods.cl.ModuleClassLoader@4df50bcc
[26Sep2026 18:55:29.133] [main/INFO] [mixin/]: SpongePowered MIXIN Subsystem Version=0.8.5 Source=union:/C:/Users/Administrator/AppData/Local/Temp/arce-v100-compatibility/runtime-1/libraries/org/spongepowered/mixin/0.8.5/mixin-0.8.5.jar%23150!/ Service=ModLauncher Env=CLIENT
[26Sep2026 18:55:29.137] [main/DEBUG] [mixin/]: Initialising Mixin Platform Manager
[26Sep2026 18:55:29.137] [main/DEBUG] [mixin/]: Adding mixin platform agents for container ModLauncher Root Container(ModLauncher:4f56a0a2)
[26Sep2026 18:55:29.138] [main/DEBUG] [mixin/]: Instancing new MixinPlatformAgentMinecraftForge for ModLauncher Root Container(ModLauncher:4f56a0a2)
[26Sep2026 18:55:29.139] [main/DEBUG] [mixin/]: MixinPlatformAgentMinecraftForge rejected container ModLauncher Root Container(ModLauncher:4f56a0a2)
[26Sep2026 18:55:29.139] [main/DEBUG] [mixin/]: Instancing new MixinPlatformAgentDefault for ModLauncher Root Container(ModLauncher:4f56a0a2)
[26Sep2026 18:55:29.139] [main/DEBUG] [mixin/]: MixinPlatformAgentDefault accepted container ModLauncher Root Container(ModLauncher:4f56a0a2)
[26Sep2026 18:55:29.141] [main/DEBUG] [cpw.mods.modlauncher.TransformationServiceDecorator/MODLAUNCHER]: Initialized transformation service mixin
[26Sep2026 18:55:29.141] [main/DEBUG] [cpw.mods.modlauncher.TransformationServiceDecorator/MODLAUNCHER]: Initializing transformation service fml
[26Sep2026 18:55:29.141] [main/DEBUG] [net.minecraftforge.fml.loading.FMLServiceProvider/CORE]: Setting up basic FML game directories
[26Sep2026 18:55:29.142] [main/DEBUG] [net.minecraftforge.fml.loading.FMLPaths/CORE]: Path GAMEDIR is D:\GitHub\AdvancedRocketry-Community\.gradle\v120-jei-session\client
[26Sep2026 18:55:29.142] [main/DEBUG] [net.minecraftforge.fml.loading.FMLPaths/CORE]: Path MODSDIR is D:\GitHub\AdvancedRocketry-Community\.gradle\v120-jei-session\client\mods
[26Sep2026 18:55:29.142] [main/DEBUG] [net.minecraftforge.fml.loading.FMLPaths/CORE]: Path CONFIGDIR is D:\GitHub\AdvancedRocketry-Community\.gradle\v120-jei-session\client\config
[26Sep2026 18:55:29.142] [main/DEBUG] [net.minecraftforge.fml.loading.FMLPaths/CORE]: Path FMLCONFIG is D:\GitHub\AdvancedRocketry-Community\.gradle\v120-jei-session\client\config\fml.toml
[26Sep2026 18:55:29.142] [main/DEBUG] [net.minecraftforge.fml.loading.FMLServiceProvider/CORE]: Loading configuration
[26Sep2026 18:55:29.146] [main/DEBUG] [net.minecraftforge.fml.loading.FMLServiceProvider/CORE]: Preparing ModFile
[26Sep2026 18:55:29.149] [main/DEBUG] [net.minecraftforge.fml.loading.FMLServiceProvider/CORE]: Preparing launch handler
[26Sep2026 18:55:29.149] [main/DEBUG] [net.minecraftforge.fml.loading.FMLLoader/CORE]: Using forgeclient as launch service
[26Sep2026 18:55:29.163] [main/DEBUG] [net.minecraftforge.fml.loading.FMLLoader/CORE]: Received command line version data  : VersionInfo[forgeVersion=47.4.10, mcVersion=1.20.1, mcpVersion=20230612.114412, forgeGroup=net.minecraftforge]
[26Sep2026 18:55:29.166] [main/DEBUG] [cpw.mods.modlauncher.TransformationServiceDecorator/MODLAUNCHER]: Initialized transformation service fml
[26Sep2026 18:55:29.167] [main/DEBUG] [cpw.mods.modlauncher.NameMappingServiceHandler/MODLAUNCHER]: Current naming domain is 'srg'
[26Sep2026 18:55:29.168] [main/DEBUG] [cpw.mods.modlauncher.NameMappingServiceHandler/MODLAUNCHER]: Identified name mapping providers {}
[26Sep2026 18:55:29.168] [main/DEBUG] [cpw.mods.modlauncher.TransformationServicesHandler/MODLAUNCHER]: Transformation services begin scanning
[26Sep2026 18:55:29.169] [main/DEBUG] [cpw.mods.modlauncher.TransformationServiceDecorator/MODLAUNCHER]: Beginning scan trigger - transformation service mixin
[26Sep2026 18:55:29.169] [main/DEBUG] [cpw.mods.modlauncher.TransformationServiceDecorator/MODLAUNCHER]: End scan trigger - transformation service mixin
[26Sep2026 18:55:29.169] [main/DEBUG] [cpw.mods.modlauncher.TransformationServiceDecorator/MODLAUNCHER]: Beginning scan trigger - transformation service fml
[26Sep2026 18:55:29.169] [main/DEBUG] [net.minecraftforge.fml.loading.FMLServiceProvider/CORE]: Initiating mod scan
[26Sep2026 18:55:29.176] [pool-2-thread-1/INFO] [EARLYDISPLAY/]: GL info: NVIDIA GeForce RTX 3070 Laptop GPU/PCIe/SSE2 GL version 4.6.0 NVIDIA 566.36, NVIDIA Corporation
[26Sep2026 18:55:29.184] [main/DEBUG] [net.minecraftforge.fml.loading.moddiscovery.ModListHandler/CORE]: Found mod coordinates from lists: []
[26Sep2026 18:55:29.188] [main/DEBUG] [net.minecraftforge.fml.loading.moddiscovery.ModDiscoverer/CORE]: Found Mod Locators : (mods folder:null),(maven libs:null),(exploded directory:null),(minecraft:null),(userdev classpath:null)
[26Sep2026 18:55:29.189] [main/DEBUG] [net.minecraftforge.fml.loading.moddiscovery.ModDiscoverer/CORE]: Found Dependency Locators : (JarInJar:null)
[26Sep2026 18:55:29.201] [main/DEBUG] [net.minecraftforge.fml.loading.moddiscovery.ModFileParser/LOADING]: Considering mod file candidate D:\GitHub\AdvancedRocketry-Community\.gradle\v120-jei-session\client\mods\advancedrocketry-community-1.20.1-1.1.1-dev.jar
[26Sep2026 18:55:29.246] [main/DEBUG] [net.minecraftforge.fml.loading.moddiscovery.ModFileInfo/LOADING]: Found valid mod file advancedrocketry-community-1.20.1-1.1.1-dev.jar with {advancedrocketrycommunity} mods - versions {1.20.1-1.1.1-dev}
[26Sep2026 18:55:29.251] [main/DEBUG] [net.minecraftforge.fml.loading.moddiscovery.ModFileParser/LOADING]: Considering mod file candidate D:\GitHub\AdvancedRocketry-Community\.gradle\v120-jei-session\client\mods\jei.jar
[26Sep2026 18:55:29.253] [main/DEBUG] [net.minecraftforge.fml.loading.moddiscovery.ModFileInfo/LOADING]: Found valid mod file jei.jar with {jei} mods - versions {15.56.0.205}
[26Sep2026 18:55:29.461] [main/DEBUG] [net.minecraftforge.fml.loading.moddiscovery.ModFileInfo/LOADING]: Found valid mod file client-1.20.1-20230612.114412-srg.jar with {minecraft} mods - versions {1.20.1}
[26Sep2026 18:55:29.469] [main/DEBUG] [net.minecraftforge.fml.loading.moddiscovery.ModFileParser/LOADING]: Considering mod file candidate C:\Users\ADMINI~1\AppData\Local\Temp\arce-v100-compatibility\runtime-1\libraries\net\minecraftforge\fmlcore\1.20.1-47.4.10\fmlcore-1.20.1-47.4.10.jar
[26Sep2026 18:55:29.469] [main/WARN] [net.minecraftforge.fml.loading.moddiscovery.ModFileParser/LOADING]: Mod file C:\Users\ADMINI~1\AppData\Local\Temp\arce-v100-compatibility\runtime-1\libraries\net\minecraftforge\fmlcore\1.20.1-47.4.10\fmlcore-1.20.1-47.4.10.jar is missing mods.toml file
[26Sep2026 18:55:29.475] [main/DEBUG] [net.minecraftforge.fml.loading.moddiscovery.ModFileParser/LOADING]: Considering mod file candidate C:\Users\ADMINI~1\AppData\Local\Temp\arce-v100-compatibility\runtime-1\libraries\net\minecraftforge\javafmllanguage\1.20.1-47.4.10\javafmllanguage-1.20.1-47.4.10.jar
[26Sep2026 18:55:29.476] [main/WARN] [net.minecraftforge.fml.loading.moddiscovery.ModFileParser/LOADING]: Mod file C:\Users\ADMINI~1\AppData\Local\Temp\arce-v100-compatibility\runtime-1\libraries\net\minecraftforge\javafmllanguage\1.20.1-47.4.10\javafmllanguage-1.20.1-47.4.10.jar is missing mods.toml file
[26Sep2026 18:55:29.483] [main/DEBUG] [net.minecraftforge.fml.loading.moddiscovery.ModFileParser/LOADING]: Considering mod file candidate C:\Users\ADMINI~1\AppData\Local\Temp\arce-v100-compatibility\runtime-1\libraries\net\minecraftforge\lowcodelanguage\1.20.1-47.4.10\lowcodelanguage-1.20.1-47.4.10.jar
[26Sep2026 18:55:29.484] [main/WARN] [net.minecraftforge.fml.loading.moddiscovery.ModFileParser/LOADING]: Mod file C:\Users\ADMINI~1\AppData\Local\Temp\arce-v100-compatibility\runtime-1\libraries\net\minecraftforge\lowcodelanguage\1.20.1-47.4.10\lowcodelanguage-1.20.1-47.4.10.jar is missing mods.toml file
[26Sep2026 18:55:29.489] [main/DEBUG] [net.minecraftforge.fml.loading.moddiscovery.ModFileParser/LOADING]: Considering mod file candidate C:\Users\ADMINI~1\AppData\Local\Temp\arce-v100-compatibility\runtime-1\libraries\net\minecraftforge\mclanguage\1.20.1-47.4.10\mclanguage-1.20.1-47.4.10.jar
[26Sep2026 18:55:29.489] [main/WARN] [net.minecraftforge.fml.loading.moddiscovery.ModFileParser/LOADING]: Mod file C:\Users\ADMINI~1\AppData\Local\Temp\arce-v100-compatibility\runtime-1\libraries\net\minecraftforge\mclanguage\1.20.1-47.4.10\mclanguage-1.20.1-47.4.10.jar is missing mods.toml file
[26Sep2026 18:55:29.538] [main/DEBUG] [net.minecraftforge.fml.loading.moddiscovery.ModFileParser/LOADING]: Considering mod file candidate C:\Users\ADMINI~1\AppData\Local\Temp\arce-v100-compatibility\runtime-1\libraries\net\minecraftforge\forge\1.20.1-47.4.10\forge-1.20.1-47.4.10-universal.jar
[26Sep2026 18:55:29.541] [main/DEBUG] [net.minecraftforge.fml.loading.moddiscovery.ModFileInfo/LOADING]: Found valid mod file forge-1.20.1-47.4.10-universal.jar with {forge} mods - versions {47.4.10}
[26Sep2026 18:55:29.553] [main/DEBUG] [net.minecraftforge.fml.loading.moddiscovery.AbstractJarFileDependencyLocator/]: Failed to load resource META-INF\jarjar\metadata.json from client-1.20.1-20230612.114412-srg.jar, it does not contain dependency information.
[26Sep2026 18:55:29.553] [main/DEBUG] [net.minecraftforge.fml.loading.moddiscovery.AbstractJarFileDependencyLocator/]: Failed to load resource META-INF\jarjar\metadata.json from forge-1.20.1-47.4.10-universal.jar, it does not contain dependency information.
[26Sep2026 18:55:29.553] [main/DEBUG] [net.minecraftforge.fml.loading.moddiscovery.AbstractJarFileDependencyLocator/]: Failed to load resource META-INF\jarjar\metadata.json from advancedrocketry-community-1.20.1-1.1.1-dev.jar, it does not contain dependency information.
[26Sep2026 18:55:29.554] [main/DEBUG] [net.minecraftforge.fml.loading.moddiscovery.AbstractJarFileDependencyLocator/]: Failed to load resource META-INF\jarjar\metadata.json from jei.jar, it does not contain dependency information.
[26Sep2026 18:55:29.554] [main/DEBUG] [net.minecraftforge.fml.loading.moddiscovery.AbstractJarFileDependencyLocator/]: Failed to load resource META-INF\jarjar\metadata.json from mclanguage-1.20.1-47.4.10.jar, it does not contain dependency information.
[26Sep2026 18:55:29.554] [main/DEBUG] [net.minecraftforge.fml.loading.moddiscovery.AbstractJarFileDependencyLocator/]: Failed to load resource META-INF\jarjar\metadata.json from javafmllanguage-1.20.1-47.4.10.jar, it does not contain dependency information.
[26Sep2026 18:55:29.554] [main/DEBUG] [net.minecraftforge.fml.loading.moddiscovery.AbstractJarFileDependencyLocator/]: Failed to load resource META-INF\jarjar\metadata.json from fmlcore-1.20.1-47.4.10.jar, it does not contain dependency information.
[26Sep2026 18:55:29.554] [main/DEBUG] [net.minecraftforge.fml.loading.moddiscovery.AbstractJarFileDependencyLocator/]: Failed to load resource META-INF\jarjar\metadata.json from lowcodelanguage-1.20.1-47.4.10.jar, it does not contain dependency information.
[26Sep2026 18:55:29.582] [main/INFO] [net.minecraftforge.fml.loading.moddiscovery.JarInJarDependencyLocator/]: No dependencies to load found. Skipping!
[26Sep2026 18:55:29.584] [main/DEBUG] [net.minecraftforge.fml.loading.moddiscovery.ModFileInfo/LOADING]: Found valid mod file client-1.20.1-20230612.114412-srg.jar with {minecraft} mods - versions {1.20.1}
[26Sep2026 18:55:29.587] [main/DEBUG] [net.minecraftforge.fml.loading.moddiscovery.ModFile/LOADING]: Loading mod file C:\Users\ADMINI~1\AppData\Local\Temp\arce-v100-compatibility\runtime-1\libraries\net\minecraft\client\1.20.1-20230612.114412\client-1.20.1-20230612.114412-srg.jar with languages [LanguageSpec[languageName=minecraft, acceptedVersions=1]]
[26Sep2026 18:55:29.587] [main/DEBUG] [net.minecraftforge.fml.loading.moddiscovery.ModFileParser/LOADING]: Considering mod file candidate D:\GitHub\AdvancedRocketry-Community\.gradle\v120-jei-session\client\mods\advancedrocketry-community-1.20.1-1.1.1-dev.jar
[26Sep2026 18:55:29.589] [main/DEBUG] [net.minecraftforge.fml.loading.moddiscovery.ModFileInfo/LOADING]: Found valid mod file advancedrocketry-community-1.20.1-1.1.1-dev.jar with {advancedrocketrycommunity} mods - versions {1.20.1-1.1.1-dev}
[26Sep2026 18:55:29.589] [main/DEBUG] [net.minecraftforge.fml.loading.moddiscovery.ModFile/LOADING]: Loading mod file D:\GitHub\AdvancedRocketry-Community\.gradle\v120-jei-session\client\mods\advancedrocketry-community-1.20.1-1.1.1-dev.jar with languages [LanguageSpec[languageName=javafml, acceptedVersions=[47,)]]
[26Sep2026 18:55:29.589] [main/DEBUG] [net.minecraftforge.fml.loading.moddiscovery.ModFileParser/LOADING]: Considering mod file candidate C:\Users\ADMINI~1\AppData\Local\Temp\arce-v100-compatibility\runtime-1\libraries\net\minecraftforge\forge\1.20.1-47.4.10\forge-1.20.1-47.4.10-universal.jar
[26Sep2026 18:55:29.590] [main/DEBUG] [net.minecraftforge.fml.loading.moddiscovery.ModFileInfo/LOADING]: Found valid mod file forge-1.20.1-47.4.10-universal.jar with {forge} mods - versions {47.4.10}
[26Sep2026 18:55:29.590] [main/DEBUG] [net.minecraftforge.fml.loading.moddiscovery.ModFile/LOADING]: Loading mod file C:\Users\ADMINI~1\AppData\Local\Temp\arce-v100-compatibility\runtime-1\libraries\net\minecraftforge\forge\1.20.1-47.4.10\forge-1.20.1-47.4.10-universal.jar with languages [LanguageSpec[languageName=javafml, acceptedVersions=[24,]]]
[26Sep2026 18:55:29.636] [main/DEBUG] [net.minecraftforge.fml.loading.moddiscovery.ModFileParser/LOADING]: Found coremod field_to_method with Javascript path coremods/field_to_method.js
[26Sep2026 18:55:29.636] [main/DEBUG] [net.minecraftforge.fml.loading.moddiscovery.ModFileParser/LOADING]: Found coremod field_to_instanceof with Javascript path coremods/field_to_instanceof.js
[26Sep2026 18:55:29.637] [main/DEBUG] [net.minecraftforge.fml.loading.moddiscovery.ModFileParser/LOADING]: Found coremod add_bouncer_method with Javascript path coremods/add_bouncer_method.js
[26Sep2026 18:55:29.637] [main/DEBUG] [net.minecraftforge.fml.loading.moddiscovery.ModFileParser/LOADING]: Found coremod method_redirector with Javascript path coremods/method_redirector.js
[26Sep2026 18:55:29.637] [main/DEBUG] [net.minecraftforge.fml.loading.moddiscovery.ModFile/LOADING]: Found coremod coremods/field_to_method.js
[26Sep2026 18:55:29.637] [main/DEBUG] [net.minecraftforge.fml.loading.moddiscovery.ModFile/LOADING]: Found coremod coremods/field_to_instanceof.js
[26Sep2026 18:55:29.637] [main/DEBUG] [net.minecraftforge.fml.loading.moddiscovery.ModFile/LOADING]: Found coremod coremods/add_bouncer_method.js
[26Sep2026 18:55:29.637] [main/DEBUG] [net.minecraftforge.fml.loading.moddiscovery.ModFile/LOADING]: Found coremod coremods/method_redirector.js
[26Sep2026 18:55:29.637] [main/DEBUG] [net.minecraftforge.fml.loading.moddiscovery.ModFileParser/LOADING]: Considering mod file candidate D:\GitHub\AdvancedRocketry-Community\.gradle\v120-jei-session\client\mods\jei.jar
[26Sep2026 18:55:29.639] [main/DEBUG] [net.minecraftforge.fml.loading.moddiscovery.ModFileInfo/LOADING]: Found valid mod file jei.jar with {jei} mods - versions {15.56.0.205}
[26Sep2026 18:55:29.639] [main/DEBUG] [net.minecraftforge.fml.loading.moddiscovery.ModFile/LOADING]: Loading mod file D:\GitHub\AdvancedRocketry-Community\.gradle\v120-jei-session\client\mods\jei.jar with languages [LanguageSpec[languageName=javafml, acceptedVersions=[47,)]]
[26Sep2026 18:55:29.641] [main/DEBUG] [cpw.mods.modlauncher.TransformationServiceDecorator/MODLAUNCHER]: End scan trigger - transformation service fml
[26Sep2026 18:55:29.651] [main/DEBUG] [net.minecraftforge.fml.loading.LanguageLoadingProvider/CORE]: Found 3 language providers
[26Sep2026 18:55:29.652] [main/DEBUG] [net.minecraftforge.fml.loading.LanguageLoadingProvider/CORE]: Found language provider minecraft, version 1.0
[26Sep2026 18:55:29.653] [main/DEBUG] [net.minecraftforge.fml.loading.LanguageLoadingProvider/CORE]: Found language provider lowcodefml, version 47
[26Sep2026 18:55:29.653] [main/DEBUG] [net.minecraftforge.fml.loading.LanguageLoadingProvider/CORE]: Found language provider javafml, version 47
[26Sep2026 18:55:29.658] [main/DEBUG] [net.minecraftforge.fml.loading.ModSorter/]: Configured system mods: [minecraft, forge]
[26Sep2026 18:55:29.658] [main/DEBUG] [net.minecraftforge.fml.loading.ModSorter/]: Found system mod: minecraft
[26Sep2026 18:55:29.658] [main/DEBUG] [net.minecraftforge.fml.loading.ModSorter/]: Found system mod: forge
[26Sep2026 18:55:29.661] [main/DEBUG] [net.minecraftforge.fml.loading.ModSorter/LOADING]: Found 5 mod requirements (4 mandatory, 1 optional)
[26Sep2026 18:55:29.661] [main/DEBUG] [net.minecraftforge.fml.loading.ModSorter/LOADING]: Found 0 mod requirements missing (0 mandatory, 0 optional)
[26Sep2026 18:55:30.046] [main/DEBUG] [cpw.mods.modlauncher.TransformationServicesHandler/MODLAUNCHER]: Transformation services loading transformers
[26Sep2026 18:55:30.047] [main/DEBUG] [cpw.mods.modlauncher.TransformationServiceDecorator/MODLAUNCHER]: Initializing transformers for transformation service mixin
[26Sep2026 18:55:30.047] [main/DEBUG] [cpw.mods.modlauncher.TransformationServiceDecorator/MODLAUNCHER]: Initialized transformers for transformation service mixin
[26Sep2026 18:55:30.047] [main/DEBUG] [cpw.mods.modlauncher.TransformationServiceDecorator/MODLAUNCHER]: Initializing transformers for transformation service fml
[26Sep2026 18:55:30.048] [main/DEBUG] [net.minecraftforge.fml.loading.FMLServiceProvider/CORE]: Loading coremod transformers
[26Sep2026 18:55:30.048] [main/DEBUG] [net.minecraftforge.coremod.CoreModEngine/COREMOD]: Loading CoreMod from coremods/field_to_method.js
[26Sep2026 18:55:30.194] [main/DEBUG] [net.minecraftforge.coremod.CoreModEngine/COREMOD]: CoreMod loaded successfully
[26Sep2026 18:55:30.194] [main/DEBUG] [net.minecraftforge.coremod.CoreModEngine/COREMOD]: Loading CoreMod from coremods/field_to_instanceof.js
[26Sep2026 18:55:30.252] [main/DEBUG] [net.minecraftforge.coremod.CoreModEngine/COREMOD]: CoreMod loaded successfully
[26Sep2026 18:55:30.252] [main/DEBUG] [net.minecraftforge.coremod.CoreModEngine/COREMOD]: Loading CoreMod from coremods/add_bouncer_method.js
[26Sep2026 18:55:30.284] [main/DEBUG] [net.minecraftforge.coremod.CoreModEngine/COREMOD]: CoreMod loaded successfully
[26Sep2026 18:55:30.284] [main/DEBUG] [net.minecraftforge.coremod.CoreModEngine/COREMOD]: Loading CoreMod from coremods/method_redirector.js
[26Sep2026 18:55:30.336] [main/DEBUG] [net.minecraftforge.coremod.CoreModEngine/COREMOD]: CoreMod loaded successfully
[26Sep2026 18:55:30.344] [main/DEBUG] [cpw.mods.modlauncher.TransformStore/MODLAUNCHER]: Adding transformer net.minecraftforge.coremod.transformer.CoreModClassTransformer@4ed4a7e4 to Target : CLASS {Lnet/minecraft/world/level/biome/Biome;} {} {V}
[26Sep2026 18:55:30.345] [main/DEBUG] [cpw.mods.modlauncher.TransformStore/MODLAUNCHER]: Adding transformer net.minecraftforge.coremod.transformer.CoreModClassTransformer@2b0dc227 to Target : CLASS {Lnet/minecraft/world/level/levelgen/structure/Structure;} {} {V}
[26Sep2026 18:55:30.347] [main/DEBUG] [cpw.mods.modlauncher.TransformStore/MODLAUNCHER]: Adding transformer net.minecraftforge.coremod.transformer.CoreModClassTransformer@37ad042b to Target : CLASS {Lnet/minecraft/world/effect/MobEffectInstance;} {} {V}
[26Sep2026 18:55:30.347] [main/DEBUG] [cpw.mods.modlauncher.TransformStore/MODLAUNCHER]: Adding transformer net.minecraftforge.coremod.transformer.CoreModClassTransformer@43bdaa1b to Target : CLASS {Lnet/minecraft/world/level/block/LiquidBlock;} {} {V}
[26Sep2026 18:55:30.347] [main/DEBUG] [cpw.mods.modlauncher.TransformStore/MODLAUNCHER]: Adding transformer net.minecraftforge.coremod.transformer.CoreModClassTransformer@30b975ad to Target : CLASS {Lnet/minecraft/world/item/BucketItem;} {} {V}
[26Sep2026 18:55:30.347] [main/DEBUG] [cpw.mods.modlauncher.TransformStore/MODLAUNCHER]: Adding transformer net.minecraftforge.coremod.transformer.CoreModClassTransformer@75e09567 to Target : CLASS {Lnet/minecraft/world/level/block/StairBlock;} {} {V}
[26Sep2026 18:55:30.347] [main/DEBUG] [cpw.mods.modlauncher.TransformStore/MODLAUNCHER]: Adding transformer net.minecraftforge.coremod.transformer.CoreModClassTransformer@2a334bac to Target : CLASS {Lnet/minecraft/world/level/block/FlowerPotBlock;} {} {V}
[26Sep2026 18:55:30.347] [main/DEBUG] [cpw.mods.modlauncher.TransformStore/MODLAUNCHER]: Adding transformer net.minecraftforge.coremod.transformer.CoreModClassTransformer@470d183 to Target : CLASS {Lnet/minecraft/world/item/ItemStack;} {} {V}
[26Sep2026 18:55:30.347] [main/DEBUG] [cpw.mods.modlauncher.TransformStore/MODLAUNCHER]: Adding transformer net.minecraftforge.coremod.transformer.CoreModClassTransformer@7f9fc8bd to Target : CLASS {Lnet/minecraft/network/play/client/CClientSettingsPacket;} {} {V}
[26Sep2026 18:55:30.348] [main/DEBUG] [cpw.mods.modlauncher.TransformStore/MODLAUNCHER]: Adding transformer net.minecraftforge.coremod.transformer.CoreModClassTransformer@ea52184 to Target : CLASS {Lnet/minecraft/world/entity/npc/CatSpawner;} {} {V}
[26Sep2026 18:55:30.348] [main/DEBUG] [cpw.mods.modlauncher.TransformStore/MODLAUNCHER]: Adding transformer net.minecraftforge.coremod.transformer.CoreModClassTransformer@ea52184 to Target : CLASS {Lnet/minecraft/world/entity/animal/horse/SkeletonTrapGoal;} {} {V}
[26Sep2026 18:55:30.348] [main/DEBUG] [cpw.mods.modlauncher.TransformStore/MODLAUNCHER]: Adding transformer net.minecraftforge.coremod.transformer.CoreModClassTransformer@ea52184 to Target : CLASS {Lnet/minecraft/world/entity/monster/Evoker$EvokerSummonSpellGoal;} {} {V}
[26Sep2026 18:55:30.348] [main/DEBUG] [cpw.mods.modlauncher.TransformStore/MODLAUNCHER]: Adding transformer net.minecraftforge.coremod.transformer.CoreModClassTransformer@ea52184 to Target : CLASS {Lnet/minecraft/world/entity/monster/Strider;} {} {V}
[26Sep2026 18:55:30.348] [main/DEBUG] [cpw.mods.modlauncher.TransformStore/MODLAUNCHER]: Adding transformer net.minecraftforge.coremod.transformer.CoreModClassTransformer@ea52184 to Target : CLASS {Lnet/minecraft/world/level/NaturalSpawner;} {} {V}
[26Sep2026 18:55:30.348] [main/DEBUG] [cpw.mods.modlauncher.TransformStore/MODLAUNCHER]: Adding transformer net.minecraftforge.coremod.transformer.CoreModClassTransformer@ea52184 to Target : CLASS {Lnet/minecraft/world/entity/raid/Raid;} {} {V}
[26Sep2026 18:55:30.348] [main/DEBUG] [cpw.mods.modlauncher.TransformStore/MODLAUNCHER]: Adding transformer net.minecraftforge.coremod.transformer.CoreModClassTransformer@ea52184 to Target : CLASS {Lnet/minecraft/world/level/levelgen/structure/templatesystem/StructureTemplate;} {} {V}
[26Sep2026 18:55:30.348] [main/DEBUG] [cpw.mods.modlauncher.TransformStore/MODLAUNCHER]: Adding transformer net.minecraftforge.coremod.transformer.CoreModClassTransformer@ea52184 to Target : CLASS {Lnet/minecraft/world/level/levelgen/structure/structures/OceanRuinPieces$OceanRuinPiece;} {} {V}
[26Sep2026 18:55:30.348] [main/DEBUG] [cpw.mods.modlauncher.TransformStore/MODLAUNCHER]: Adding transformer net.minecraftforge.coremod.transformer.CoreModClassTransformer@ea52184 to Target : CLASS {Lnet/minecraft/world/level/levelgen/structure/structures/WoodlandMansionPieces$WoodlandMansionPiece;} {} {V}
[26Sep2026 18:55:30.348] [main/DEBUG] [cpw.mods.modlauncher.TransformStore/MODLAUNCHER]: Adding transformer net.minecraftforge.coremod.transformer.CoreModClassTransformer@ea52184 to Target : CLASS {Lnet/minecraft/world/entity/monster/Zombie;} {} {V}
[26Sep2026 18:55:30.348] [main/DEBUG] [cpw.mods.modlauncher.TransformStore/MODLAUNCHER]: Adding transformer net.minecraftforge.coremod.transformer.CoreModClassTransformer@ea52184 to Target : CLASS {Lnet/minecraft/world/entity/npc/Villager;} {} {V}
[26Sep2026 18:55:30.348] [main/DEBUG] [cpw.mods.modlauncher.TransformStore/MODLAUNCHER]: Adding transformer net.minecraftforge.coremod.transformer.CoreModClassTransformer@ea52184 to Target : CLASS {Lnet/minecraft/world/level/levelgen/PhantomSpawner;} {} {V}
[26Sep2026 18:55:30.348] [main/DEBUG] [cpw.mods.modlauncher.TransformStore/MODLAUNCHER]: Adding transformer net.minecraftforge.coremod.transformer.CoreModClassTransformer@ea52184 to Target : CLASS {Lnet/minecraft/world/entity/monster/Spider;} {} {V}
[26Sep2026 18:55:30.348] [main/DEBUG] [cpw.mods.modlauncher.TransformStore/MODLAUNCHER]: Adding transformer net.minecraftforge.coremod.transformer.CoreModClassTransformer@ea52184 to Target : CLASS {Lnet/minecraft/server/commands/SummonCommand;} {} {V}
[26Sep2026 18:55:30.348] [main/DEBUG] [cpw.mods.modlauncher.TransformStore/MODLAUNCHER]: Adding transformer net.minecraftforge.coremod.transformer.CoreModClassTransformer@ea52184 to Target : CLASS {Lnet/minecraft/world/entity/EntityType;} {} {V}
[26Sep2026 18:55:30.348] [main/DEBUG] [cpw.mods.modlauncher.TransformStore/MODLAUNCHER]: Adding transformer net.minecraftforge.coremod.transformer.CoreModClassTransformer@ea52184 to Target : CLASS {Lnet/minecraft/world/level/levelgen/structure/structures/OceanMonumentPieces$OceanMonumentPiece;} {} {V}
[26Sep2026 18:55:30.349] [main/DEBUG] [cpw.mods.modlauncher.TransformStore/MODLAUNCHER]: Adding transformer net.minecraftforge.coremod.transformer.CoreModClassTransformer@ea52184 to Target : CLASS {Lnet/minecraft/world/level/levelgen/PatrolSpawner;} {} {V}
[26Sep2026 18:55:30.349] [main/DEBUG] [cpw.mods.modlauncher.TransformStore/MODLAUNCHER]: Adding transformer net.minecraftforge.coremod.transformer.CoreModClassTransformer@ea52184 to Target : CLASS {Lnet/minecraft/world/entity/animal/frog/Tadpole;} {} {V}
[26Sep2026 18:55:30.349] [main/DEBUG] [cpw.mods.modlauncher.TransformStore/MODLAUNCHER]: Adding transformer net.minecraftforge.coremod.transformer.CoreModClassTransformer@ea52184 to Target : CLASS {Lnet/minecraft/world/entity/monster/ZombieVillager;} {} {V}
[26Sep2026 18:55:30.349] [main/DEBUG] [cpw.mods.modlauncher.TransformStore/MODLAUNCHER]: Adding transformer net.minecraftforge.coremod.transformer.CoreModClassTransformer@ea52184 to Target : CLASS {Lnet/minecraft/server/commands/RaidCommand;} {} {V}
[26Sep2026 18:55:30.350] [main/DEBUG] [cpw.mods.modlauncher.TransformStore/MODLAUNCHER]: Adding transformer net.minecraftforge.coremod.transformer.CoreModClassTransformer@ea52184 to Target : CLASS {Lnet/minecraft/world/entity/ai/village/VillageSiege;} {} {V}
[26Sep2026 18:55:30.350] [main/DEBUG] [cpw.mods.modlauncher.TransformStore/MODLAUNCHER]: Adding transformer net.minecraftforge.coremod.transformer.CoreModClassTransformer@ea52184 to Target : CLASS {Lnet/minecraft/world/level/levelgen/structure/structures/SwampHutPiece;} {} {V}
[26Sep2026 18:55:30.350] [main/DEBUG] [cpw.mods.modlauncher.TransformationServiceDecorator/MODLAUNCHER]: Initialized transformers for transformation service fml
[26Sep2026 18:55:30.666] [main/DEBUG] [mixin/]: Processing prepare() for PlatformAgent[MixinPlatformAgentDefault:ModLauncher Root Container(ModLauncher:4f56a0a2)]
[26Sep2026 18:55:30.667] [main/DEBUG] [mixin/]: Processing launch tasks for PlatformAgent[MixinPlatformAgentDefault:ModLauncher Root Container(ModLauncher:4f56a0a2)]
[26Sep2026 18:55:30.667] [main/DEBUG] [mixin/]: Adding mixin platform agents for container SecureJarResource(minecraft)
[26Sep2026 18:55:30.667] [main/DEBUG] [mixin/]: Instancing new MixinPlatformAgentMinecraftForge for SecureJarResource(minecraft)
[26Sep2026 18:55:30.667] [main/DEBUG] [mixin/]: MixinPlatformAgentMinecraftForge rejected container SecureJarResource(minecraft)
[26Sep2026 18:55:30.667] [main/DEBUG] [mixin/]: Instancing new MixinPlatformAgentDefault for SecureJarResource(minecraft)
[26Sep2026 18:55:30.667] [main/DEBUG] [mixin/]: MixinPlatformAgentDefault accepted container SecureJarResource(minecraft)
[26Sep2026 18:55:30.667] [main/DEBUG] [mixin/]: Processing prepare() for PlatformAgent[MixinPlatformAgentDefault:SecureJarResource(minecraft)]
[26Sep2026 18:55:30.667] [main/DEBUG] [mixin/]: Adding mixin platform agents for container SecureJarResource(forge)
[26Sep2026 18:55:30.667] [main/DEBUG] [mixin/]: Instancing new MixinPlatformAgentMinecraftForge for SecureJarResource(forge)
[26Sep2026 18:55:30.668] [main/DEBUG] [mixin/]: MixinPlatformAgentMinecraftForge rejected container SecureJarResource(forge)
[26Sep2026 18:55:30.668] [main/DEBUG] [mixin/]: Instancing new MixinPlatformAgentDefault for SecureJarResource(forge)
[26Sep2026 18:55:30.668] [main/DEBUG] [mixin/]: MixinPlatformAgentDefault accepted container SecureJarResource(forge)
[26Sep2026 18:55:30.668] [main/DEBUG] [mixin/]: Processing prepare() for PlatformAgent[MixinPlatformAgentDefault:SecureJarResource(forge)]
[26Sep2026 18:55:30.668] [main/DEBUG] [mixin/]: Adding mixin platform agents for container SecureJarResource(jei)
[26Sep2026 18:55:30.668] [main/DEBUG] [mixin/]: Instancing new MixinPlatformAgentMinecraftForge for SecureJarResource(jei)
[26Sep2026 18:55:30.668] [main/DEBUG] [mixin/]: MixinPlatformAgentMinecraftForge rejected container SecureJarResource(jei)
[26Sep2026 18:55:30.668] [main/DEBUG] [mixin/]: Instancing new MixinPlatformAgentDefault for SecureJarResource(jei)
[26Sep2026 18:55:30.668] [main/DEBUG] [mixin/]: MixinPlatformAgentDefault accepted container SecureJarResource(jei)
[26Sep2026 18:55:30.668] [main/DEBUG] [mixin/]: Processing prepare() for PlatformAgent[MixinPlatformAgentDefault:SecureJarResource(jei)]
[26Sep2026 18:55:30.668] [main/DEBUG] [mixin/]: Adding mixin platform agents for container SecureJarResource(advancedrocketrycommunity)
[26Sep2026 18:55:30.668] [main/DEBUG] [mixin/]: Instancing new MixinPlatformAgentMinecraftForge for SecureJarResource(advancedrocketrycommunity)
[26Sep2026 18:55:30.668] [main/DEBUG] [mixin/]: MixinPlatformAgentMinecraftForge rejected container SecureJarResource(advancedrocketrycommunity)
[26Sep2026 18:55:30.668] [main/DEBUG] [mixin/]: Instancing new MixinPlatformAgentDefault for SecureJarResource(advancedrocketrycommunity)
[26Sep2026 18:55:30.668] [main/DEBUG] [mixin/]: MixinPlatformAgentDefault accepted container SecureJarResource(advancedrocketrycommunity)
[26Sep2026 18:55:30.668] [main/DEBUG] [mixin/]: Processing prepare() for PlatformAgent[MixinPlatformAgentDefault:SecureJarResource(advancedrocketrycommunity)]
[26Sep2026 18:55:30.670] [main/DEBUG] [mixin/]: inject() running with 5 agents
[26Sep2026 18:55:30.670] [main/DEBUG] [mixin/]: Processing inject() for PlatformAgent[MixinPlatformAgentDefault:ModLauncher Root Container(ModLauncher:4f56a0a2)]
[26Sep2026 18:55:30.670] [main/DEBUG] [mixin/]: Processing inject() for PlatformAgent[MixinPlatformAgentDefault:SecureJarResource(minecraft)]
[26Sep2026 18:55:30.670] [main/DEBUG] [mixin/]: Processing inject() for PlatformAgent[MixinPlatformAgentDefault:SecureJarResource(forge)]
[26Sep2026 18:55:30.670] [main/DEBUG] [mixin/]: Processing inject() for PlatformAgent[MixinPlatformAgentDefault:SecureJarResource(jei)]
[26Sep2026 18:55:30.670] [main/DEBUG] [mixin/]: Processing inject() for PlatformAgent[MixinPlatformAgentDefault:SecureJarResource(advancedrocketrycommunity)]
[26Sep2026 18:55:30.670] [main/INFO] [cpw.mods.modlauncher.LaunchServiceHandler/MODLAUNCHER]: Launching target 'forgeclient' with arguments [--version, 1.20.1-forge-47.4.10, --gameDir, D:\GitHub\AdvancedRocketry-Community\.gradle\v120-jei-session\client, --assetsDir, C:\Users\ADMINI~1\AppData\Local\Temp\arce-v100-compatibility\runtime-1\assets, --uuid, 519abd4c-46d5-3618-9687-cf29f75a3423, --username, V120Jei, --assetIndex, 5, --accessToken, ????????, --clientId, 0, --xuid, 0, --userType, legacy, --versionType, release, --width, 960, --height, 540, --quickPlayMultiplayer, 127.0.0.1:50945]
[26Sep2026 18:55:30.761] [main/DEBUG] [mixin/]: Error cleaning class output directory: .mixin.out
[26Sep2026 18:55:30.763] [main/DEBUG] [mixin/]: Preparing mixins for MixinEnvironment[DEFAULT]
[26Sep2026 18:55:30.938] [main/DEBUG] [io.netty.util.internal.logging.InternalLoggerFactory/]: Using SLF4J as the default logging framework
[26Sep2026 18:55:30.941] [main/DEBUG] [io.netty.util.ResourceLeakDetector/]: -Dio.netty.leakDetection.level: simple
[26Sep2026 18:55:30.941] [main/DEBUG] [io.netty.util.ResourceLeakDetector/]: -Dio.netty.leakDetection.targetRecords: 4
[26Sep2026 18:55:31.042] [main/DEBUG] [oshi.util.FileUtil/]: No oshi.properties file found from ClassLoader cpw.mods.modlauncher.TransformingClassLoader@766a49c7
[26Sep2026 18:55:31.258] [main/DEBUG] [oshi.util.FileUtil/]: No oshi.architecture.properties file found from ClassLoader cpw.mods.modlauncher.TransformingClassLoader@766a49c7
[26Sep2026 18:55:32.252] [pool-4-thread-1/DEBUG] [net.minecraftforge.coremod.transformer.CoreModBaseTransformer/COREMOD]: Transforming net/minecraft/world/entity/EntityType
[26Sep2026 18:55:32.660] [pool-4-thread-1/DEBUG] [net.minecraftforge.coremod.transformer.CoreModBaseTransformer/COREMOD]: Transforming net/minecraft/world/level/block/LiquidBlock
[26Sep2026 18:55:32.700] [pool-4-thread-1/DEBUG] [net.minecraftforge.coremod.transformer.CoreModBaseTransformer/COREMOD]: Transforming net/minecraft/world/level/block/StairBlock
[26Sep2026 18:55:32.769] [pool-4-thread-1/DEBUG] [net.minecraftforge.coremod.transformer.CoreModBaseTransformer/COREMOD]: Transforming net/minecraft/world/level/block/FlowerPotBlock
[26Sep2026 18:55:33.412] [pool-4-thread-1/DEBUG] [net.minecraftforge.coremod.transformer.CoreModBaseTransformer/COREMOD]: Transforming net/minecraft/world/item/ItemStack
[26Sep2026 18:55:33.824] [pool-4-thread-1/DEBUG] [net.minecraftforge.coremod.transformer.CoreModBaseTransformer/COREMOD]: Transforming net/minecraft/world/entity/animal/frog/Tadpole
[26Sep2026 18:55:33.871] [pool-4-thread-1/DEBUG] [net.minecraftforge.coremod.transformer.CoreModBaseTransformer/COREMOD]: Transforming net/minecraft/world/item/BucketItem
[26Sep2026 18:55:34.692] [pool-4-thread-1/DEBUG] [net.minecraftforge.coremod.transformer.CoreModBaseTransformer/COREMOD]: Transforming net/minecraft/world/entity/monster/Spider
[26Sep2026 18:55:34.745] [pool-4-thread-1/DEBUG] [net.minecraftforge.coremod.transformer.CoreModBaseTransformer/COREMOD]: Transforming net/minecraft/world/entity/monster/Zombie
[26Sep2026 18:55:34.760] [Datafixer Bootstrap/INFO] [com.mojang.datafixers.DataFixerBuilder/]: 188 Datafixer optimizations took 146 milliseconds
[26Sep2026 18:55:34.794] [pool-4-thread-1/DEBUG] [net.minecraftforge.coremod.transformer.CoreModBaseTransformer/COREMOD]: Transforming net/minecraft/world/entity/monster/ZombieVillager
[26Sep2026 18:55:34.854] [pool-4-thread-1/DEBUG] [net.minecraftforge.coremod.transformer.CoreModBaseTransformer/COREMOD]: Transforming net/minecraft/world/entity/monster/Evoker$EvokerSummonSpellGoal
[26Sep2026 18:55:35.006] [pool-4-thread-1/DEBUG] [net.minecraftforge.coremod.transformer.CoreModBaseTransformer/COREMOD]: Transforming net/minecraft/world/entity/animal/horse/SkeletonTrapGoal
[26Sep2026 18:55:35.023] [pool-4-thread-1/DEBUG] [net.minecraftforge.coremod.transformer.CoreModBaseTransformer/COREMOD]: Transforming net/minecraft/world/entity/monster/Strider
[26Sep2026 18:55:35.161] [pool-4-thread-1/DEBUG] [net.minecraftforge.coremod.transformer.CoreModBaseTransformer/COREMOD]: Transforming net/minecraft/world/entity/npc/Villager
[26Sep2026 18:55:35.256] [pool-4-thread-1/DEBUG] [net.minecraftforge.coremod.transformer.CoreModBaseTransformer/COREMOD]: Transforming net/minecraft/world/effect/MobEffectInstance
[26Sep2026 18:55:35.773] [pool-4-thread-1/DEBUG] [net.minecraftforge.coremod.transformer.CoreModBaseTransformer/COREMOD]: Transforming net/minecraft/world/level/levelgen/structure/Structure
[26Sep2026 18:55:35.817] [pool-4-thread-1/DEBUG] [net.minecraftforge.coremod.transformer.CoreModBaseTransformer/COREMOD]: Transforming net/minecraft/world/level/levelgen/structure/structures/OceanRuinPieces$OceanRuinPiece
[26Sep2026 18:55:35.842] [pool-4-thread-1/DEBUG] [net.minecraftforge.coremod.transformer.CoreModBaseTransformer/COREMOD]: Transforming net/minecraft/world/level/levelgen/structure/structures/SwampHutPiece
[26Sep2026 18:55:35.856] [pool-4-thread-1/DEBUG] [net.minecraftforge.coremod.transformer.CoreModBaseTransformer/COREMOD]: Transforming net/minecraft/world/level/levelgen/structure/structures/OceanMonumentPieces$OceanMonumentPiece
[26Sep2026 18:55:35.900] [pool-4-thread-1/DEBUG] [net.minecraftforge.coremod.transformer.CoreModBaseTransformer/COREMOD]: Transforming net/minecraft/world/level/levelgen/structure/structures/WoodlandMansionPieces$WoodlandMansionPiece
[26Sep2026 18:55:36.011] [pool-4-thread-1/DEBUG] [net.minecraftforge.coremod.transformer.CoreModBaseTransformer/COREMOD]: Transforming net/minecraft/world/level/biome/Biome
[26Sep2026 18:55:36.254] [pool-4-thread-1/DEBUG] [io.netty.util.internal.PlatformDependent0/]: -Dio.netty.noUnsafe: false
[26Sep2026 18:55:36.254] [pool-4-thread-1/DEBUG] [io.netty.util.internal.PlatformDependent0/]: Java version: 17
[26Sep2026 18:55:36.256] [pool-4-thread-1/DEBUG] [io.netty.util.internal.PlatformDependent0/]: sun.misc.Unsafe.theUnsafe: available
[26Sep2026 18:55:36.256] [pool-4-thread-1/DEBUG] [io.netty.util.internal.PlatformDependent0/]: sun.misc.Unsafe.copyMemory: available
[26Sep2026 18:55:36.257] [pool-4-thread-1/DEBUG] [io.netty.util.internal.PlatformDependent0/]: sun.misc.Unsafe.storeFence: available
[26Sep2026 18:55:36.257] [pool-4-thread-1/DEBUG] [io.netty.util.internal.PlatformDependent0/]: java.nio.Buffer.address: available
[26Sep2026 18:55:36.258] [pool-4-thread-1/DEBUG] [io.netty.util.internal.PlatformDependent0/]: direct buffer constructor: unavailable
java.lang.UnsupportedOperationException: Reflective setAccessible(true) disabled
	at io.netty.util.internal.ReflectionUtil.trySetAccessible(ReflectionUtil.java:31) ~[netty-common-4.1.82.Final.jar%23102!/:4.1.82.Final]
	at io.netty.util.internal.PlatformDependent0$5.run(PlatformDependent0.java:288) ~[netty-common-4.1.82.Final.jar%23102!/:4.1.82.Final]
	at java.security.AccessController.doPrivileged(AccessController.java:318) ~[?:?]
	at io.netty.util.internal.PlatformDependent0.<clinit>(PlatformDependent0.java:282) ~[netty-common-4.1.82.Final.jar%23102!/:4.1.82.Final]
	at io.netty.util.internal.PlatformDependent.isAndroid(PlatformDependent.java:333) ~[netty-common-4.1.82.Final.jar%23102!/:4.1.82.Final]
	at io.netty.util.internal.PlatformDependent.<clinit>(PlatformDependent.java:88) ~[netty-common-4.1.82.Final.jar%23102!/:4.1.82.Final]
	at io.netty.util.ConstantPool.<init>(ConstantPool.java:34) ~[netty-common-4.1.82.Final.jar%23102!/:4.1.82.Final]
	at io.netty.util.AttributeKey$1.<init>(AttributeKey.java:27) ~[netty-common-4.1.82.Final.jar%23102!/:4.1.82.Final]
	at io.netty.util.AttributeKey.<clinit>(AttributeKey.java:27) ~[netty-common-4.1.82.Final.jar%23102!/:4.1.82.Final]
	at net.minecraftforge.network.NetworkConstants.<clinit>(NetworkConstants.java:34) ~[forge-1.20.1-47.4.10-universal.jar%23165!/:?]
	at net.minecraftforge.network.NetworkHooks.init(NetworkHooks.java:52) ~[forge-1.20.1-47.4.10-universal.jar%23165!/:?]
	at net.minecraft.server.Bootstrap.m_135870_(Bootstrap.java:62) ~[client-1.20.1-20230612.114412-srg.jar%23160!/:?]
	at net.minecraft.client.main.Main.lambda$main$0(Main.java:151) ~[client-1.20.1-20230612.114412-srg.jar%23160!/:?]
	at java.util.concurrent.Executors$RunnableAdapter.call(Executors.java:539) ~[?:?]
	at java.util.concurrent.FutureTask.run(FutureTask.java:264) ~[?:?]
	at java.util.concurrent.ThreadPoolExecutor.runWorker(ThreadPoolExecutor.java:1136) ~[?:?]
	at java.util.concurrent.ThreadPoolExecutor$Worker.run(ThreadPoolExecutor.java:635) ~[?:?]
	at java.lang.Thread.run(Thread.java:833) ~[?:?]
[26Sep2026 18:55:36.259] [pool-4-thread-1/DEBUG] [io.netty.util.internal.PlatformDependent0/]: java.nio.Bits.unaligned: available, true
[26Sep2026 18:55:36.260] [pool-4-thread-1/DEBUG] [io.netty.util.internal.PlatformDependent0/]: jdk.internal.misc.Unsafe.allocateUninitializedArray(int): unavailable
java.lang.IllegalAccessException: class io.netty.util.internal.PlatformDependent0$7 (in module io.netty.common) cannot access class jdk.internal.misc.Unsafe (in module java.base) because module java.base does not export jdk.internal.misc to module io.netty.common
	at jdk.internal.reflect.Reflection.newIllegalAccessException(Reflection.java:392) ~[?:?]
	at java.lang.reflect.AccessibleObject.checkAccess(AccessibleObject.java:674) ~[?:?]
	at java.lang.reflect.Method.invoke(Method.java:560) ~[?:?]
	at io.netty.util.internal.PlatformDependent0$7.run(PlatformDependent0.java:410) ~[netty-common-4.1.82.Final.jar%23102!/:4.1.82.Final]
	at java.security.AccessController.doPrivileged(AccessController.java:318) ~[?:?]
	at io.netty.util.internal.PlatformDependent0.<clinit>(PlatformDependent0.java:401) ~[netty-common-4.1.82.Final.jar%23102!/:4.1.82.Final]
	at io.netty.util.internal.PlatformDependent.isAndroid(PlatformDependent.java:333) ~[netty-common-4.1.82.Final.jar%23102!/:4.1.82.Final]
	at io.netty.util.internal.PlatformDependent.<clinit>(PlatformDependent.java:88) ~[netty-common-4.1.82.Final.jar%23102!/:4.1.82.Final]
	at io.netty.util.ConstantPool.<init>(ConstantPool.java:34) ~[netty-common-4.1.82.Final.jar%23102!/:4.1.82.Final]
	at io.netty.util.AttributeKey$1.<init>(AttributeKey.java:27) ~[netty-common-4.1.82.Final.jar%23102!/:4.1.82.Final]
	at io.netty.util.AttributeKey.<clinit>(AttributeKey.java:27) ~[netty-common-4.1.82.Final.jar%23102!/:4.1.82.Final]
	at net.minecraftforge.network.NetworkConstants.<clinit>(NetworkConstants.java:34) ~[forge-1.20.1-47.4.10-universal.jar%23165!/:?]
	at net.minecraftforge.network.NetworkHooks.init(NetworkHooks.java:52) ~[forge-1.20.1-47.4.10-universal.jar%23165!/:?]
	at net.minecraft.server.Bootstrap.m_135870_(Bootstrap.java:62) ~[client-1.20.1-20230612.114412-srg.jar%23160!/:?]
	at net.minecraft.client.main.Main.lambda$main$0(Main.java:151) ~[client-1.20.1-20230612.114412-srg.jar%23160!/:?]
	at java.util.concurrent.Executors$RunnableAdapter.call(Executors.java:539) ~[?:?]
	at java.util.concurrent.FutureTask.run(FutureTask.java:264) ~[?:?]
	at java.util.concurrent.ThreadPoolExecutor.runWorker(ThreadPoolExecutor.java:1136) ~[?:?]
	at java.util.concurrent.ThreadPoolExecutor$Worker.run(ThreadPoolExecutor.java:635) ~[?:?]
	at java.lang.Thread.run(Thread.java:833) ~[?:?]
[26Sep2026 18:55:36.260] [pool-4-thread-1/DEBUG] [io.netty.util.internal.PlatformDependent0/]: java.nio.DirectByteBuffer.<init>(long, int): unavailable
[26Sep2026 18:55:36.260] [pool-4-thread-1/DEBUG] [io.netty.util.internal.PlatformDependent/]: sun.misc.Unsafe: available
[26Sep2026 18:55:36.261] [pool-4-thread-1/DEBUG] [io.netty.util.internal.PlatformDependent/]: maxDirectMemory: 3221225472 bytes (maybe)
[26Sep2026 18:55:36.261] [pool-4-thread-1/DEBUG] [io.netty.util.internal.PlatformDependent/]: -Dio.netty.tmpdir: C:\Users\ADMINI~1\AppData\Local\Temp (java.io.tmpdir)
[26Sep2026 18:55:36.261] [pool-4-thread-1/DEBUG] [io.netty.util.internal.PlatformDependent/]: -Dio.netty.bitMode: 64 (sun.arch.data.model)
[26Sep2026 18:55:36.261] [pool-4-thread-1/DEBUG] [io.netty.util.internal.PlatformDependent/]: Platform: Windows
[26Sep2026 18:55:36.262] [pool-4-thread-1/DEBUG] [io.netty.util.internal.PlatformDependent/]: -Dio.netty.maxDirectMemory: -1 bytes
[26Sep2026 18:55:36.262] [pool-4-thread-1/DEBUG] [io.netty.util.internal.PlatformDependent/]: -Dio.netty.uninitializedArrayAllocationThreshold: -1
[26Sep2026 18:55:36.263] [pool-4-thread-1/DEBUG] [io.netty.util.internal.CleanerJava9/]: java.nio.ByteBuffer.cleaner(): available
[26Sep2026 18:55:36.263] [pool-4-thread-1/DEBUG] [io.netty.util.internal.PlatformDependent/]: -Dio.netty.noPreferDirect: false
[26Sep2026 18:55:36.329] [pool-4-thread-1/DEBUG] [net.minecraftforge.network.NetworkHooks/]: Loading Network data for FML net version: FML3
[26Sep2026 18:55:36.612] [Render thread/WARN] [net.minecraft.server.packs.VanillaPackResourcesBuilder/]: Assets URL 'union:/C:/Users/ADMINI~1/AppData/Local/Temp/arce-v100-compatibility/runtime-1/libraries/net/minecraft/client/1.20.1-20230612.114412/client-1.20.1-20230612.114412-srg.jar%23160!/assets/.mcassetsroot' uses unexpected schema
[26Sep2026 18:55:36.613] [Render thread/WARN] [net.minecraft.server.packs.VanillaPackResourcesBuilder/]: Assets URL 'union:/C:/Users/ADMINI~1/AppData/Local/Temp/arce-v100-compatibility/runtime-1/libraries/net/minecraft/client/1.20.1-20230612.114412/client-1.20.1-20230612.114412-srg.jar%23160!/data/.mcassetsroot' uses unexpected schema
[26Sep2026 18:55:36.632] [Render thread/INFO] [com.mojang.authlib.yggdrasil.YggdrasilAuthenticationService/]: Environment: authHost='https://authserver.mojang.com', accountsHost='https://api.mojang.com', sessionHost='https://sessionserver.mojang.com', servicesHost='https://api.minecraftservices.com', name='PROD'
[26Sep2026 18:55:36.640] [Render thread/INFO] [net.minecraft.client.Minecraft/]: Setting user: V120Jei
[26Sep2026 18:55:36.782] [Render thread/INFO] [net.minecraft.client.Minecraft/]: Backend library: LWJGL version 3.3.1 build 7
[26Sep2026 18:55:36.963] [Render thread/DEBUG] [net.minecraftforge.common.ForgeI18n/CORE]: Loading I18N data entries: 6434
[26Sep2026 18:55:36.990] [Render thread/DEBUG] [net.minecraftforge.fml.ModWorkManager/LOADING]: Using 12 threads for parallel mod-loading
[26Sep2026 18:55:37.001] [Render thread/DEBUG] [net.minecraftforge.fml.javafmlmod.FMLJavaModLanguageProvider/LOADING]: Loading FMLModContainer from classloader cpw.mods.modlauncher.TransformingClassLoader@766a49c7 - got cpw.mods.cl.ModuleClassLoader@1280851e
[26Sep2026 18:55:37.002] [Render thread/DEBUG] [net.minecraftforge.fml.javafmlmod.FMLModContainer/LOADING]: Creating FMLModContainer instance for net.minecraftforge.common.ForgeMod
[26Sep2026 18:55:37.006] [Render thread/DEBUG] [net.minecraftforge.fml.javafmlmod.FMLJavaModLanguageProvider/LOADING]: Loading FMLModContainer from classloader cpw.mods.modlauncher.TransformingClassLoader@766a49c7 - got cpw.mods.cl.ModuleClassLoader@1280851e
[26Sep2026 18:55:37.006] [Render thread/DEBUG] [net.minecraftforge.fml.javafmlmod.FMLModContainer/LOADING]: Creating FMLModContainer instance for mezz.jei.forge.JustEnoughItems
[26Sep2026 18:55:37.007] [Render thread/DEBUG] [net.minecraftforge.fml.javafmlmod.FMLJavaModLanguageProvider/LOADING]: Loading FMLModContainer from classloader cpw.mods.modlauncher.TransformingClassLoader@766a49c7 - got cpw.mods.cl.ModuleClassLoader@1280851e
[26Sep2026 18:55:37.007] [Render thread/DEBUG] [net.minecraftforge.fml.javafmlmod.FMLModContainer/LOADING]: Creating FMLModContainer instance for io.github.sunthemoon.advancedrocketrycommunity.AdvancedRocketryCommunity
[26Sep2026 18:55:37.046] [modloading-worker-0/DEBUG] [net.minecraftforge.versions.forge.ForgeVersion/CORE]: Forge Version package package net.minecraftforge.versions.forge, Forge, version 47.4 from cpw.mods.modlauncher.TransformingClassLoader@766a49c7
[26Sep2026 18:55:37.047] [modloading-worker-0/DEBUG] [net.minecraftforge.versions.forge.ForgeVersion/CORE]: Found Forge version 47.4.10
[26Sep2026 18:55:37.047] [modloading-worker-0/DEBUG] [net.minecraftforge.versions.forge.ForgeVersion/CORE]: Found Forge spec 47.4
[26Sep2026 18:55:37.047] [modloading-worker-0/DEBUG] [net.minecraftforge.versions.forge.ForgeVersion/CORE]: Found Forge group net.minecraftforge
[26Sep2026 18:55:37.048] [modloading-worker-0/DEBUG] [net.minecraftforge.versions.mcp.MCPVersion/CORE]: MCP Version package package net.minecraftforge.versions.mcp, Minecraft, version 1.20.1 from cpw.mods.modlauncher.TransformingClassLoader@766a49c7
[26Sep2026 18:55:37.048] [modloading-worker-0/DEBUG] [net.minecraftforge.versions.mcp.MCPVersion/CORE]: Found MC version information 1.20.1
[26Sep2026 18:55:37.048] [modloading-worker-0/DEBUG] [net.minecraftforge.versions.mcp.MCPVersion/CORE]: Found MCP version information 20230612.114412
[26Sep2026 18:55:37.048] [modloading-worker-0/INFO] [net.minecraftforge.common.ForgeMod/FORGEMOD]: Forge mod loading, version 47.4.10, for MC 1.20.1 with MCP 20230612.114412
[26Sep2026 18:55:37.049] [modloading-worker-0/INFO] [net.minecraftforge.common.MinecraftForge/FORGE]: MinecraftForge v47.4.10 Initialized
[26Sep2026 18:55:37.054] [modloading-worker-0/DEBUG] [net.minecraftforge.fml.config.ConfigTracker/CONFIG]: Config file jei-server.toml for jei tracking
[26Sep2026 18:55:37.095] [modloading-worker-0/DEBUG] [net.minecraftforge.fml.config.ConfigTracker/CONFIG]: Config file advancedrocketrycommunity-common.toml for advancedrocketrycommunity tracking
[26Sep2026 18:55:37.108] [modloading-worker-0/DEBUG] [mezz.jei.common.platform.Services/]: Loaded mezz.jei.forge.platform.PlatformHelper@721214aa for service interface mezz.jei.common.platform.IPlatformHelper
[26Sep2026 18:55:37.114] [modloading-worker-0/DEBUG] [net.minecraftforge.fml.config.ConfigTracker/CONFIG]: Config file forge-client.toml for forge tracking
[26Sep2026 18:55:37.114] [modloading-worker-0/DEBUG] [net.minecraftforge.fml.config.ConfigTracker/CONFIG]: Config file forge-server.toml for forge tracking
[26Sep2026 18:55:37.115] [modloading-worker-0/DEBUG] [net.minecraftforge.fml.ModLoadingContext/]: Attempted to register an empty config for type COMMON on mod forge
[26Sep2026 18:55:37.139] [modloading-worker-0/DEBUG] [net.minecraftforge.fml.javafmlmod.AutomaticEventSubscriber/LOADING]: Attempting to inject @EventBusSubscriber classes into the eventbus for forge
[26Sep2026 18:55:37.141] [modloading-worker-0/DEBUG] [net.minecraftforge.fml.javafmlmod.AutomaticEventSubscriber/LOADING]: Auto-subscribing net.minecraftforge.common.ForgeSpawnEggItem$CommonHandler to MOD
[26Sep2026 18:55:37.142] [modloading-worker-0/DEBUG] [net.minecraftforge.fml.javafmlmod.AutomaticEventSubscriber/LOADING]: Auto-subscribing net.minecraftforge.common.ForgeSpawnEggItem$ColorRegisterHandler to MOD
[26Sep2026 18:55:37.146] [modloading-worker-0/DEBUG] [net.minecraftforge.fml.javafmlmod.AutomaticEventSubscriber/LOADING]: Auto-subscribing net.minecraftforge.client.model.data.ModelDataManager to FORGE
[26Sep2026 18:55:37.148] [modloading-worker-0/DEBUG] [net.minecraftforge.fml.javafmlmod.AutomaticEventSubscriber/LOADING]: Auto-subscribing net.minecraftforge.client.ForgeHooksClient$ClientEvents to MOD
[26Sep2026 18:55:37.156] [modloading-worker-0/DEBUG] [mezz.jei.common.config.file.ConfigSchema/]: Localization has not loaded yet, waiting to save the config file until JEI starts.
[26Sep2026 18:55:37.158] [modloading-worker-0/DEBUG] [net.minecraftforge.fml.javafmlmod.AutomaticEventSubscriber/LOADING]: Auto-subscribing net.minecraftforge.client.ClientForgeMod to MOD
[26Sep2026 18:55:37.159] [modloading-worker-0/DEBUG] [mezz.jei.common.config.file.ConfigSchema/]: Localization has not loaded yet, waiting to save the config file until JEI starts.
[26Sep2026 18:55:37.162] [modloading-worker-0/DEBUG] [mezz.jei.common.config.file.ConfigSchema/]: Localization has not loaded yet, waiting to save the config file until JEI starts.
[26Sep2026 18:55:37.172] [modloading-worker-0/DEBUG] [mezz.jei.common.config.file.ConfigSchema/]: Localization has not loaded yet, waiting to save the config file until JEI starts.
[26Sep2026 18:55:37.175] [modloading-worker-0/INFO] [mezz.jei.library.load.PluginCaller/]: Sending ConfigManager...
[26Sep2026 18:55:37.177] [modloading-worker-0/DEBUG] [mezz.jei.library.load.PluginCallerTimerRunnable/]: Sending ConfigManager: jei:minecraft...
[26Sep2026 18:55:37.177] [modloading-worker-0/DEBUG] [mezz.jei.library.load.PluginCallerTimerRunnable/]: Sending ConfigManager: jei:gui...
[26Sep2026 18:55:37.177] [modloading-worker-0/DEBUG] [mezz.jei.library.load.PluginCallerTimerRunnable/]: Sending ConfigManager: jei:forge_gui...
[26Sep2026 18:55:37.177] [modloading-worker-0/DEBUG] [mezz.jei.library.load.PluginCallerTimerRunnable/]: Sending ConfigManager: advancedrocketrycommunity:jei_plugin...
[26Sep2026 18:55:37.177] [modloading-worker-0/DEBUG] [mezz.jei.library.load.PluginCallerTimerRunnable/]: Sending ConfigManager: jei:internal...
[26Sep2026 18:55:37.178] [modloading-worker-0/INFO] [mezz.jei.library.load.PluginCaller/]: Sending ConfigManager took 1.916 milliseconds
[26Sep2026 18:55:37.194] [modloading-worker-0/DEBUG] [net.minecraftforge.fml.javafmlmod.AutomaticEventSubscriber/LOADING]: Attempting to inject @EventBusSubscriber classes into the eventbus for jei
[26Sep2026 18:55:37.200] [modloading-worker-0/DEBUG] [net.minecraftforge.fml.javafmlmod.AutomaticEventSubscriber/LOADING]: Attempting to inject @EventBusSubscriber classes into the eventbus for advancedrocketrycommunity
[26Sep2026 18:55:37.201] [modloading-worker-0/DEBUG] [net.minecraftforge.fml.javafmlmod.AutomaticEventSubscriber/LOADING]: Auto-subscribing io.github.sunthemoon.advancedrocketrycommunity.datagen.BootstrapDataGenerators to MOD
[26Sep2026 18:55:37.203] [modloading-worker-0/DEBUG] [net.minecraftforge.fml.javafmlmod.AutomaticEventSubscriber/LOADING]: Auto-subscribing io.github.sunthemoon.advancedrocketrycommunity.client.ClientRocketEvents to FORGE
[26Sep2026 18:55:37.204] [modloading-worker-0/DEBUG] [net.minecraftforge.fml.javafmlmod.AutomaticEventSubscriber/LOADING]: Auto-subscribing io.github.sunthemoon.advancedrocketrycommunity.client.ClientLifeSupportEvents to FORGE
[26Sep2026 18:55:37.204] [modloading-worker-0/DEBUG] [net.minecraftforge.fml.javafmlmod.AutomaticEventSubscriber/LOADING]: Auto-subscribing io.github.sunthemoon.advancedrocketrycommunity.client.ClientCelestialEvents to FORGE
[26Sep2026 18:55:37.204] [modloading-worker-0/DEBUG] [net.minecraftforge.fml.javafmlmod.AutomaticEventSubscriber/LOADING]: Auto-subscribing io.github.sunthemoon.advancedrocketrycommunity.client.ClientBootstrap to MOD
[26Sep2026 18:55:37.269] [Render thread/DEBUG] [net.minecraftforge.common.capabilities.CapabilityManager/CAPABILITIES]: Attempting to automatically register: Lnet/minecraftforge/energy/IEnergyStorage;
[26Sep2026 18:55:37.271] [Render thread/DEBUG] [net.minecraftforge.common.capabilities.CapabilityManager/CAPABILITIES]: Attempting to automatically register: Lnet/minecraftforge/fluids/capability/IFluidHandler;
[26Sep2026 18:55:37.271] [Render thread/DEBUG] [net.minecraftforge.common.capabilities.CapabilityManager/CAPABILITIES]: Attempting to automatically register: Lnet/minecraftforge/fluids/capability/IFluidHandlerItem;
[26Sep2026 18:55:37.271] [Render thread/DEBUG] [net.minecraftforge.common.capabilities.CapabilityManager/CAPABILITIES]: Attempting to automatically register: Lnet/minecraftforge/items/IItemHandler;
[26Sep2026 18:55:37.522] [Render thread/DEBUG] [net.minecraftforge.client.loading.ClientModLoader/CORE]: Generating PackInfo named mod:forge for mod file C:\Users\ADMINI~1\AppData\Local\Temp\arce-v100-compatibility\runtime-1\libraries\net\minecraftforge\forge\1.20.1-47.4.10\forge-1.20.1-47.4.10-universal.jar
[26Sep2026 18:55:37.522] [Render thread/DEBUG] [net.minecraftforge.client.loading.ClientModLoader/CORE]: Generating PackInfo named mod:jei for mod file D:\GitHub\AdvancedRocketry-Community\.gradle\v120-jei-session\client\mods\jei.jar
[26Sep2026 18:55:37.523] [Render thread/DEBUG] [net.minecraftforge.client.loading.ClientModLoader/CORE]: Generating PackInfo named mod:advancedrocketrycommunity for mod file D:\GitHub\AdvancedRocketry-Community\.gradle\v120-jei-session\client\mods\advancedrocketry-community-1.20.1-1.1.1-dev.jar
[26Sep2026 18:55:38.236] [Render thread/INFO] [net.minecraft.server.packs.resources.ReloadableResourceManager/]: Reloading ResourceManager: vanilla, mod_resources
[26Sep2026 18:55:38.251] [modloading-worker-0/DEBUG] [net.minecraftforge.fml.config.ConfigTracker/CONFIG]: Loading configs type CLIENT
[26Sep2026 18:55:38.252] [modloading-worker-0/DEBUG] [net.minecraftforge.fml.config.ConfigFileTypeHandler/CONFIG]: Built TOML config for D:\GitHub\AdvancedRocketry-Community\.gradle\v120-jei-session\client\config\forge-client.toml
[26Sep2026 18:55:38.254] [modloading-worker-0/DEBUG] [net.minecraftforge.fml.config.ConfigFileTypeHandler/CONFIG]: Loaded TOML config file D:\GitHub\AdvancedRocketry-Community\.gradle\v120-jei-session\client\config\forge-client.toml
[26Sep2026 18:55:38.257] [modloading-worker-0/DEBUG] [net.minecraftforge.fml.config.ConfigFileTypeHandler/CONFIG]: Watching TOML config file D:\GitHub\AdvancedRocketry-Community\.gradle\v120-jei-session\client\config\forge-client.toml for changes
[26Sep2026 18:55:38.258] [modloading-worker-0/WARN] [net.minecraftforge.common.ForgeConfigSpec/CORE]: Configuration file D:\GitHub\AdvancedRocketry-Community\.gradle\v120-jei-session\client\config\forge-client.toml is not correct. Correcting
[26Sep2026 18:55:38.260] [modloading-worker-0/WARN] [net.minecraftforge.common.ForgeConfigSpec/CORE]: Incorrect key client was corrected from null to its default, SimpleCommentedConfig:{}. 
[26Sep2026 18:55:38.260] [modloading-worker-0/WARN] [net.minecraftforge.common.ForgeConfigSpec/CORE]: Incorrect key client.alwaysSetupTerrainOffThread was corrected from null to its default, false. 
[26Sep2026 18:55:38.260] [modloading-worker-0/DEBUG] [net.minecraftforge.common.ForgeConfigSpec/CORE]: The comment on key client.alwaysSetupTerrainOffThread does not match the spec. This may create a backup.
[26Sep2026 18:55:38.260] [modloading-worker-0/WARN] [net.minecraftforge.common.ForgeConfigSpec/CORE]: Incorrect key client.experimentalForgeLightPipelineEnabled was corrected from null to its default, false. 
[26Sep2026 18:55:38.260] [modloading-worker-0/DEBUG] [net.minecraftforge.common.ForgeConfigSpec/CORE]: The comment on key client.experimentalForgeLightPipelineEnabled does not match the spec. This may create a backup.
[26Sep2026 18:55:38.260] [modloading-worker-0/WARN] [net.minecraftforge.common.ForgeConfigSpec/CORE]: Incorrect key client.showLoadWarnings was corrected from null to its default, true. 
[26Sep2026 18:55:38.260] [modloading-worker-0/DEBUG] [net.minecraftforge.common.ForgeConfigSpec/CORE]: The comment on key client.showLoadWarnings does not match the spec. This may create a backup.
[26Sep2026 18:55:38.260] [modloading-worker-0/WARN] [net.minecraftforge.common.ForgeConfigSpec/CORE]: Incorrect key client.useCombinedDepthStencilAttachment was corrected from null to its default, false. 
[26Sep2026 18:55:38.261] [modloading-worker-0/DEBUG] [net.minecraftforge.common.ForgeConfigSpec/CORE]: The comment on key client.useCombinedDepthStencilAttachment does not match the spec. This may create a backup.
[26Sep2026 18:55:38.261] [modloading-worker-0/WARN] [net.minecraftforge.common.ForgeConfigSpec/CORE]: Incorrect key client.compressLanIPv6Addresses was corrected from null to its default, true. 
[26Sep2026 18:55:38.261] [modloading-worker-0/DEBUG] [net.minecraftforge.common.ForgeConfigSpec/CORE]: The comment on key client.compressLanIPv6Addresses does not match the spec. This may create a backup.
[26Sep2026 18:55:38.261] [modloading-worker-0/WARN] [net.minecraftforge.common.ForgeConfigSpec/CORE]: Incorrect key client.calculateAllNormals was corrected from null to its default, false. 
[26Sep2026 18:55:38.261] [modloading-worker-0/DEBUG] [net.minecraftforge.common.ForgeConfigSpec/CORE]: The comment on key client.calculateAllNormals does not match the spec. This may create a backup.
[26Sep2026 18:55:38.261] [modloading-worker-0/WARN] [net.minecraftforge.common.ForgeConfigSpec/CORE]: Incorrect key client.stabilizeDirectionGetNearest was corrected from null to its default, true. 
[26Sep2026 18:55:38.261] [modloading-worker-0/DEBUG] [net.minecraftforge.common.ForgeConfigSpec/CORE]: The comment on key client.stabilizeDirectionGetNearest does not match the spec. This may create a backup.
[26Sep2026 18:55:38.261] [modloading-worker-0/WARN] [net.minecraftforge.common.ForgeConfigSpec/CORE]: Incorrect key client.allowMipmapLowering was corrected from null to its default, false. 
[26Sep2026 18:55:38.261] [modloading-worker-0/DEBUG] [net.minecraftforge.common.ForgeConfigSpec/CORE]: The comment on key client.allowMipmapLowering does not match the spec. This may create a backup.
[26Sep2026 18:55:38.262] [modloading-worker-0/DEBUG] [net.minecraftforge.common.ForgeConfigSpec/CORE]: The comment on key client does not match the spec. This may create a backup.
[26Sep2026 18:55:38.267] [modloading-worker-0/DEBUG] [net.minecraftforge.common.ForgeConfig/FORGEMOD]: Loaded forge config file forge-client.toml
[26Sep2026 18:55:38.269] [modloading-worker-0/DEBUG] [net.minecraftforge.fml.config.ConfigTracker/CONFIG]: Loading configs type COMMON
[26Sep2026 18:55:38.269] [modloading-worker-0/DEBUG] [net.minecraftforge.fml.config.ConfigFileTypeHandler/CONFIG]: Built TOML config for D:\GitHub\AdvancedRocketry-Community\.gradle\v120-jei-session\client\config\advancedrocketrycommunity-common.toml
[26Sep2026 18:55:38.271] [modloading-worker-0/DEBUG] [net.minecraftforge.fml.config.ConfigFileTypeHandler/CONFIG]: Loaded TOML config file D:\GitHub\AdvancedRocketry-Community\.gradle\v120-jei-session\client\config\advancedrocketrycommunity-common.toml
[26Sep2026 18:55:38.271] [modloading-worker-0/DEBUG] [net.minecraftforge.fml.config.ConfigFileTypeHandler/CONFIG]: Watching TOML config file D:\GitHub\AdvancedRocketry-Community\.gradle\v120-jei-session\client\config\advancedrocketrycommunity-common.toml for changes
[26Sep2026 18:55:38.271] [modloading-worker-0/WARN] [net.minecraftforge.common.ForgeConfigSpec/CORE]: Configuration file D:\GitHub\AdvancedRocketry-Community\.gradle\v120-jei-session\client\config\advancedrocketrycommunity-common.toml is not correct. Correcting
[26Sep2026 18:55:38.272] [modloading-worker-0/WARN] [net.minecraftforge.common.ForgeConfigSpec/CORE]: Incorrect key atmosphere was corrected from null to its default, SimpleCommentedConfig:{}. 
[26Sep2026 18:55:38.272] [modloading-worker-0/WARN] [net.minecraftforge.common.ForgeConfigSpec/CORE]: Incorrect key atmosphere.maxVolumeCells was corrected from null to its default, 4096. 
[26Sep2026 18:55:38.272] [modloading-worker-0/DEBUG] [net.minecraftforge.common.ForgeConfigSpec/CORE]: The comment on key atmosphere.maxVolumeCells does not match the spec. This may create a backup.
[26Sep2026 18:55:38.272] [modloading-worker-0/WARN] [net.minecraftforge.common.ForgeConfigSpec/CORE]: Incorrect key atmosphere.maxInspectionsPerLevelTick was corrected from null to its default, 1024. 
[26Sep2026 18:55:38.272] [modloading-worker-0/DEBUG] [net.minecraftforge.common.ForgeConfigSpec/CORE]: The comment on key atmosphere.maxInspectionsPerLevelTick does not match the spec. This may create a backup.
[26Sep2026 18:55:38.295] [Worker-Main-11/INFO] [io.github.sunthemoon.advancedrocketrycommunity.AdvancedRocketryCommunity/]: Advanced Rocketry: Community Edition 1.20.1-1.1.1-dev initialized
[26Sep2026 18:55:38.297] [Worker-Main-11/INFO] [io.github.sunthemoon.advancedrocketrycommunity.AdvancedRocketryCommunity/]: ARCE-BETA-1100 optional_compat=jei status=present version=15.56.0.205
[26Sep2026 18:55:38.334] [Worker-Main-5/INFO] [net.minecraft.client.gui.font.providers.UnihexProvider/]: Found unifont_all_no_pua-15.0.06.hex, loading
[26Sep2026 18:55:38.361] [Forge Version Check/INFO] [net.minecraftforge.fml.VersionChecker/]: [forge] Starting version check at https://files.minecraftforge.net/net/minecraftforge/forge/promotions_slim.json
[26Sep2026 18:55:38.481] [Worker-Main-6/DEBUG] [io.github.sunthemoon.advancedrocketrycommunity.AdvancedRocketryCommunity/]: Client bootstrap initialized
[26Sep2026 18:55:38.483] [Render thread/DEBUG] [net.minecraftforge.fml.DeferredWorkQueue/LOADING]: Dispatching synchronous work for work queue SIDED_SETUP: 5 jobs
[26Sep2026 18:55:38.530] [Render thread/DEBUG] [net.minecraftforge.fml.DeferredWorkQueue/LOADING]: Synchronous work queue completed in 47.07 ms
[26Sep2026 18:55:39.246] [Forge Version Check/DEBUG] [net.minecraftforge.fml.VersionChecker/]: [forge] Received version check data:
{
  "homepage": "https://files.minecraftforge.net/net/minecraftforge/forge/",
  "promos": {
    "1.1-latest": "1.3.4.29",
    "1.2.3-latest": "1.4.1.64",
    "1.2.4-latest": "2.0.0.68",
    "1.2.5-latest": "3.4.9.171",
    "1.3.2-latest": "4.3.5.318",
    "1.4.0-latest": "5.0.0.326",
    "1.4.1-latest": "6.0.0.329",
    "1.4.2-latest": "6.0.1.355",
    "1.4.3-latest": "6.2.1.358",
    "1.4.4-latest": "6.3.0.378",
    "1.4.5-latest": "6.4.2.448",
    "1.4.6-latest": "6.5.0.489",
    "1.4.7-latest": "6.6.2.534",
    "1.5-latest": "7.7.0.598",
    "1.5.1-latest": "7.7.2.682",
    "1.5.2-latest": "7.8.1.738",
    "1.5.2-recommended": "7.8.1.738",
    "1.6.1-latest": "8.9.0.775",
    "1.6.2-latest": "9.10.1.871",
    "1.6.2-recommended": "9.10.1.871",
    "1.6.3-latest": "9.11.0.878",
    "1.6.4-latest": "9.11.1.1345",
    "1.6.4-recommended": "9.11.1.1345",
    "1.7.2-latest": "10.12.2.1161",
    "1.7.2-recommended": "10.12.2.1161",
    "1.7.10-latest": "10.13.4.1614",
    "1.7.10-recommended": "10.13.4.1614",
    "1.8-latest": "11.14.4.1577",
    "1.8-recommended": "11.14.4.1563",
    "1.8.8-latest": "11.15.0.1655",
    "1.8.9-latest": "11.15.1.2318",
    "1.8.9-recommended": "11.15.1.2318",
    "1.9-latest": "12.16.1.1938",
    "1.9-recommended": "12.16.1.1887",
    "1.9.4-latest": "12.17.0.2317",
    "1.9.4-recommended": "12.17.0.2317",
    "1.10-latest": "12.18.0.2000",
    "1.10.2-latest": "12.18.3.2511",
    "1.10.2-recommended": "12.18.3.2511",
    "1.11-latest": "13.19.1.2199",
    "1.11-recommended": "13.19.1.2189",
    "1.11.2-latest": "13.20.1.2588",
    "1.11.2-recommended": "13.20.1.2588",
    "1.12-latest": "14.21.1.2443",
    "1.12-recommended": "14.21.1.2387",
    "1.12.1-latest": "14.22.1.2485",
    "1.12.1-recommended": "14.22.1.2478",
    "1.12.2-latest": "14.23.5.2864",
    "1.12.2-recommended": "14.23.5.2859",
    "1.13.2-latest": "25.0.223",
    "1.14.2-latest": "26.0.63",
    "1.14.3-latest": "27.0.60",
    "1.14.4-latest": "28.2.30",
    "1.14.4-recommended": "28.2.26",
    "1.15-latest": "29.0.4",
    "1.15.1-latest": "30.0.51",
    "1.15.2-latest": "31.2.62",
    "1.15.2-recommended": "31.2.57",
    "1.16.1-latest": "32.0.108",
    "1.16.2-latest": "33.0.61",
    "1.16.3-latest": "34.1.42",
    "1.16.3-recommended": "34.1.0",
    "1.16.4-latest": "35.1.37",
    "1.16.4-recommended": "35.1.4",
    "1.16.5-latest": "36.2.42",
    "1.16.5-recommended": "36.2.34",
    "1.17.1-latest": "37.1.1",
    "1.17.1-recommended": "37.1.1",
    "1.18-latest": "38.0.17",
    "1.18.1-latest": "39.1.2",
    "1.18.1-recommended": "39.1.0",
    "1.18.2-recommended": "40.3.0",
    "1.18.2-latest": "40.3.12",
    "1.19-latest": "41.1.0",
    "1.19-recommended": "41.1.0",
    "1.19.1-latest": "42.0.9",
    "1.19.2-recommended": "43.5.0",
    "1.19.2-latest": "43.5.2",
    "1.19.3-latest": "44.1.23",
    "1.19.3-recommended": "44.1.0",
    "1.19.4-recommended": "45.4.0",
    "1.19.4-latest": "45.4.5",
    "1.20-latest": "46.0.14",
    "1.20.1-recommended": "47.4.10",
    "1.20.1-latest": "47.4.23",
    "1.20.2-latest": "48.1.0",
    "1.20.2-recommended": "48.1.0",
    "1.20.3-latest": "49.0.2",
    "1.20.4-latest": "49.2.8",
    "1.20.4-recommended": "49.2.0",
    "1.20.6-latest": "50.2.10",
    "1.20.6-recommended": "50.2.0",
    "1.21-latest": "51.0.33",
    "1.21.1-latest": "52.1.16",
    "1.21.1-recommended": "52.1.0",
    "1.21.3-latest": "53.1.12",
    "1.21.3-recommended": "53.1.0",
    "1.21.4-latest": "54.1.18",
    "1.21.4-recommended": "54.1.14",
    "1.21.5-latest": "55.1.14",
    "1.21.5-recommended": "55.1.0",
    "1.21.6-latest": "56.0.9",
    "1.21.7-latest": "57.0.3",
    "1.21.8-latest": "58.1.22",
    "1.21.8-recommended": "58.1.0",
    "1.21.9-latest": "59.0.5",
    "1.21.10-latest": "60.1.15",
    "1.21.10-recommended": "60.1.0",
    "1.21.11-latest": "61.2.1",
    "1.21.11-recommended": "61.2.0",
    "26.1-latest": "62.0.9",
    "26.1.1-latest": "63.0.2",
    "26.1.2-latest": "64.1.3",
    "26.1.2-recommended": "64.1.0",
    "26.2-latest": "65.1.3",
    "26.2-recommended": "65.1.0",
    "26.3-latest": "66.0.4"
  }
}
[26Sep2026 18:55:39.248] [Forge Version Check/INFO] [net.minecraftforge.fml.VersionChecker/]: [forge] Found status: UP_TO_DATE Current: 47.4.10 Target: null
[26Sep2026 18:55:40.767] [Render thread/DEBUG] [net.minecraftforge.common.ForgeI18n/CORE]: Loading I18N data entries: 7091
[26Sep2026 18:55:40.787] [Render thread/WARN] [net.minecraft.client.sounds.SoundEngine/]: Missing sound for event: minecraft:item.goat_horn.play
[26Sep2026 18:55:40.788] [Render thread/WARN] [net.minecraft.client.sounds.SoundEngine/]: Missing sound for event: minecraft:entity.goat.screaming.horn_break
[26Sep2026 18:55:40.824] [Render thread/INFO] [com.mojang.blaze3d.audio.Library/]: OpenAL initialized on device OpenAL Soft on TSQ2705 (NVIDIA High Definition Audio)
[26Sep2026 18:55:40.825] [Render thread/INFO] [net.minecraft.client.sounds.SoundEngine/SOUNDS]: Sound engine started
[26Sep2026 18:55:40.930] [Render thread/INFO] [net.minecraft.client.renderer.texture.TextureAtlas/]: Created: 1024x512x4 minecraft:textures/atlas/blocks.png-atlas
[26Sep2026 18:55:40.938] [Render thread/INFO] [net.minecraft.client.renderer.texture.TextureAtlas/]: Created: 256x256x4 minecraft:textures/atlas/signs.png-atlas
[26Sep2026 18:55:40.939] [Render thread/INFO] [net.minecraft.client.renderer.texture.TextureAtlas/]: Created: 512x512x4 minecraft:textures/atlas/shield_patterns.png-atlas
[26Sep2026 18:55:40.940] [Render thread/INFO] [net.minecraft.client.renderer.texture.TextureAtlas/]: Created: 512x512x4 minecraft:textures/atlas/banner_patterns.png-atlas
[26Sep2026 18:55:40.940] [Render thread/INFO] [net.minecraft.client.renderer.texture.TextureAtlas/]: Created: 1024x1024x4 minecraft:textures/atlas/armor_trims.png-atlas
[26Sep2026 18:55:40.942] [Render thread/INFO] [net.minecraft.client.renderer.texture.TextureAtlas/]: Created: 128x64x4 minecraft:textures/atlas/decorated_pot.png-atlas
[26Sep2026 18:55:40.944] [Render thread/INFO] [net.minecraft.client.renderer.texture.TextureAtlas/]: Created: 256x256x4 minecraft:textures/atlas/chest.png-atlas
[26Sep2026 18:55:40.944] [Render thread/INFO] [net.minecraft.client.renderer.texture.TextureAtlas/]: Created: 512x256x4 minecraft:textures/atlas/beds.png-atlas
[26Sep2026 18:55:40.944] [Render thread/INFO] [net.minecraft.client.renderer.texture.TextureAtlas/]: Created: 512x256x4 minecraft:textures/atlas/shulker_boxes.png-atlas
[26Sep2026 18:55:41.043] [Render thread/WARN] [net.minecraft.client.renderer.ShaderInstance/]: Shader rendertype_entity_translucent_emissive could not find sampler named Sampler2 in the specified shader program.
[26Sep2026 18:55:41.086] [Render thread/INFO] [net.minecraft.client.renderer.texture.TextureAtlas/]: Created: 256x256x0 minecraft:textures/atlas/particles.png-atlas
[26Sep2026 18:55:41.087] [Render thread/INFO] [net.minecraft.client.renderer.texture.TextureAtlas/]: Created: 256x256x0 minecraft:textures/atlas/paintings.png-atlas
[26Sep2026 18:55:41.087] [Render thread/INFO] [net.minecraft.client.renderer.texture.TextureAtlas/]: Created: 128x128x0 minecraft:textures/atlas/mob_effects.png-atlas
[26Sep2026 18:55:41.089] [Render thread/INFO] [net.minecraft.client.renderer.texture.TextureAtlas/]: Created: 256x256x0 jei:textures/atlas/gui.png-atlas
[26Sep2026 18:55:41.134] [Render thread/INFO] [net.minecraft.client.gui.screens.ConnectScreen/]: Connecting to 127.0.0.1, 50945
[26Sep2026 18:55:42.486] [Server Connector #1/DEBUG] [io.netty.util.internal.InternalThreadLocalMap/]: -Dio.netty.threadLocalMap.stringBuilder.initialSize: 1024
[26Sep2026 18:55:42.486] [Server Connector #1/DEBUG] [io.netty.util.internal.InternalThreadLocalMap/]: -Dio.netty.threadLocalMap.stringBuilder.maxSize: 4096
[26Sep2026 18:55:42.487] [Server Connector #1/DEBUG] [net.minecraftforge.network.DualStackUtils/]: Detected IPv4 address: "127.0.0.1"
[26Sep2026 18:55:42.502] [Server Connector #1/DEBUG] [io.netty.channel.MultithreadEventLoopGroup/]: -Dio.netty.eventLoopThreads: 24
[26Sep2026 18:55:42.519] [Server Connector #1/DEBUG] [io.netty.channel.nio.NioEventLoop/]: -Dio.netty.noKeySetOptimization: false
[26Sep2026 18:55:42.519] [Server Connector #1/DEBUG] [io.netty.channel.nio.NioEventLoop/]: -Dio.netty.selectorAutoRebuildThreshold: 512
[26Sep2026 18:55:42.523] [Server Connector #1/DEBUG] [io.netty.util.internal.PlatformDependent/]: org.jctools-core.MpscChunkedArrayQueue: available
[26Sep2026 18:55:42.572] [Server Connector #1/DEBUG] [io.netty.channel.DefaultChannelId/]: -Dio.netty.processId: 14752 (auto-detected)
[26Sep2026 18:55:42.573] [Server Connector #1/DEBUG] [io.netty.util.NetUtil/]: -Djava.net.preferIPv4Stack: true
[26Sep2026 18:55:42.573] [Server Connector #1/DEBUG] [io.netty.util.NetUtil/]: -Djava.net.preferIPv6Addresses: false
[26Sep2026 18:55:42.578] [Server Connector #1/DEBUG] [io.netty.util.NetUtilInitializations/]: Loopback interface: lo (Software Loopback Interface 1, 127.0.0.1)
[26Sep2026 18:55:42.581] [Server Connector #1/DEBUG] [io.netty.util.NetUtil/]: Failed to get SOMAXCONN from sysctl and file \proc\sys\net\core\somaxconn. Default: 200
[26Sep2026 18:55:42.588] [Server Connector #1/DEBUG] [io.netty.channel.DefaultChannelId/]: -Dio.netty.machineId: 00:e0:4c:ff:fe:58:33:18 (auto-detected)
[26Sep2026 18:55:42.608] [Server Connector #1/DEBUG] [io.netty.buffer.PooledByteBufAllocator/]: -Dio.netty.allocator.numHeapArenas: 24
[26Sep2026 18:55:42.608] [Server Connector #1/DEBUG] [io.netty.buffer.PooledByteBufAllocator/]: -Dio.netty.allocator.numDirectArenas: 24
[26Sep2026 18:55:42.609] [Server Connector #1/DEBUG] [io.netty.buffer.PooledByteBufAllocator/]: -Dio.netty.allocator.pageSize: 8192
[26Sep2026 18:55:42.609] [Server Connector #1/DEBUG] [io.netty.buffer.PooledByteBufAllocator/]: -Dio.netty.allocator.maxOrder: 9
[26Sep2026 18:55:42.609] [Server Connector #1/DEBUG] [io.netty.buffer.PooledByteBufAllocator/]: -Dio.netty.allocator.chunkSize: 4194304
[26Sep2026 18:55:42.609] [Server Connector #1/DEBUG] [io.netty.buffer.PooledByteBufAllocator/]: -Dio.netty.allocator.smallCacheSize: 256
[26Sep2026 18:55:42.609] [Server Connector #1/DEBUG] [io.netty.buffer.PooledByteBufAllocator/]: -Dio.netty.allocator.normalCacheSize: 64
[26Sep2026 18:55:42.609] [Server Connector #1/DEBUG] [io.netty.buffer.PooledByteBufAllocator/]: -Dio.netty.allocator.maxCachedBufferCapacity: 32768
[26Sep2026 18:55:42.609] [Server Connector #1/DEBUG] [io.netty.buffer.PooledByteBufAllocator/]: -Dio.netty.allocator.cacheTrimInterval: 8192
[26Sep2026 18:55:42.609] [Server Connector #1/DEBUG] [io.netty.buffer.PooledByteBufAllocator/]: -Dio.netty.allocator.cacheTrimIntervalMillis: 0
[26Sep2026 18:55:42.609] [Server Connector #1/DEBUG] [io.netty.buffer.PooledByteBufAllocator/]: -Dio.netty.allocator.useCacheForAllThreads: false
[26Sep2026 18:55:42.609] [Server Connector #1/DEBUG] [io.netty.buffer.PooledByteBufAllocator/]: -Dio.netty.allocator.maxCachedByteBuffersPerChunk: 1023
[26Sep2026 18:55:42.617] [Server Connector #1/DEBUG] [io.netty.buffer.ByteBufUtil/]: -Dio.netty.allocator.type: pooled
[26Sep2026 18:55:42.617] [Server Connector #1/DEBUG] [io.netty.buffer.ByteBufUtil/]: -Dio.netty.threadLocalDirectBufferSize: 0
[26Sep2026 18:55:42.617] [Server Connector #1/DEBUG] [io.netty.buffer.ByteBufUtil/]: -Dio.netty.maxThreadLocalCharBufferSize: 16384
[26Sep2026 18:55:42.637] [Netty Client IO #0/DEBUG] [net.minecraftforge.network.HandshakeHandler/FMLHANDSHAKE]: Starting new vanilla impl connection.
[26Sep2026 18:55:42.749] [Netty Client IO #0/DEBUG] [io.netty.util.Recycler/]: -Dio.netty.recycler.maxCapacityPerThread: 4096
[26Sep2026 18:55:42.749] [Netty Client IO #0/DEBUG] [io.netty.util.Recycler/]: -Dio.netty.recycler.ratio: 8
[26Sep2026 18:55:42.749] [Netty Client IO #0/DEBUG] [io.netty.util.Recycler/]: -Dio.netty.recycler.chunkSize: 32
[26Sep2026 18:55:42.749] [Netty Client IO #0/DEBUG] [io.netty.util.Recycler/]: -Dio.netty.recycler.blocking: false
[26Sep2026 18:55:42.754] [Netty Client IO #0/DEBUG] [io.netty.buffer.AbstractByteBuf/]: -Dio.netty.buffer.checkAccessible: true
[26Sep2026 18:55:42.754] [Netty Client IO #0/DEBUG] [io.netty.buffer.AbstractByteBuf/]: -Dio.netty.buffer.checkBounds: true
[26Sep2026 18:55:42.755] [Netty Client IO #0/DEBUG] [io.netty.util.ResourceLeakDetectorFactory/]: Loaded default ResourceLeakDetector: io.netty.util.ResourceLeakDetector@257640ab
[26Sep2026 18:55:42.890] [Netty Client IO #0/DEBUG] [net.minecraftforge.network.LoginWrapper/FMLHANDSHAKE]: Recieved login wrapper packet event for channel fml:handshake with index 0
[26Sep2026 18:55:42.929] [Netty Client IO #0/DEBUG] [net.minecraftforge.network.LoginWrapper/FMLHANDSHAKE]: Recieved login wrapper packet event for channel fml:handshake with index 1
[26Sep2026 18:55:42.930] [Netty Client IO #0/DEBUG] [net.minecraftforge.network.HandshakeHandler/FMLHANDSHAKE]: Logging into server with mod list [minecraft, forge, advancedrocketrycommunity]
[26Sep2026 18:55:42.931] [Netty Client IO #0/DEBUG] [net.minecraftforge.network.NetworkRegistry/NETREGISTRY]: Channel 'fml:loginwrapper' : Version test of 'FML3' from server : ACCEPTED
[26Sep2026 18:55:42.931] [Netty Client IO #0/DEBUG] [net.minecraftforge.network.NetworkRegistry/NETREGISTRY]: Channel 'forge:tier_sorting' : Version test of '1.0' from server : ACCEPTED
[26Sep2026 18:55:42.931] [Netty Client IO #0/DEBUG] [net.minecraftforge.network.NetworkRegistry/NETREGISTRY]: Channel 'fml:handshake' : Version test of 'FML3' from server : ACCEPTED
[26Sep2026 18:55:42.931] [Netty Client IO #0/DEBUG] [net.minecraftforge.network.NetworkRegistry/NETREGISTRY]: Channel 'advancedrocketrycommunity:rocket_flight' : Version test of '6' from server : ACCEPTED
[26Sep2026 18:55:42.931] [Netty Client IO #0/DEBUG] [net.minecraftforge.network.NetworkRegistry/NETREGISTRY]: Channel 'advancedrocketrycommunity:life_support_status' : Version test of '1' from server : ACCEPTED
[26Sep2026 18:55:42.931] [Netty Client IO #0/DEBUG] [net.minecraftforge.network.NetworkRegistry/NETREGISTRY]: Channel 'advancedrocketrycommunity:celestial_snapshot' : Version test of '1' from server : ACCEPTED
[26Sep2026 18:55:42.931] [Netty Client IO #0/DEBUG] [net.minecraftforge.network.NetworkRegistry/NETREGISTRY]: Channel 'jei:channel' : Version test of 'ABSENT ?' from server : ACCEPTED
[26Sep2026 18:55:42.932] [Netty Client IO #0/DEBUG] [net.minecraftforge.network.NetworkRegistry/NETREGISTRY]: Channel 'minecraft:unregister' : Version test of 'FML3' from server : ACCEPTED
[26Sep2026 18:55:42.932] [Netty Client IO #0/DEBUG] [net.minecraftforge.network.NetworkRegistry/NETREGISTRY]: Channel 'fml:play' : Version test of 'FML3' from server : ACCEPTED
[26Sep2026 18:55:42.932] [Netty Client IO #0/DEBUG] [net.minecraftforge.network.NetworkRegistry/NETREGISTRY]: Channel 'minecraft:register' : Version test of 'FML3' from server : ACCEPTED
[26Sep2026 18:55:42.932] [Netty Client IO #0/DEBUG] [net.minecraftforge.network.NetworkRegistry/NETREGISTRY]: Channel 'forge:split' : Version test of '1.1' from server : ACCEPTED
[26Sep2026 18:55:42.932] [Netty Client IO #0/DEBUG] [net.minecraftforge.network.NetworkRegistry/NETREGISTRY]: Channel 'advancedrocketrycommunity:rocket_visual' : Version test of '1' from server : ACCEPTED
[26Sep2026 18:55:42.932] [Netty Client IO #0/DEBUG] [net.minecraftforge.network.NetworkRegistry/NETREGISTRY]: Accepting channel list from server
[26Sep2026 18:55:42.933] [Netty Client IO #0/DEBUG] [net.minecraftforge.network.LoginWrapper/FMLHANDSHAKE]: Dispatching wrapped packet reply for channel fml:handshake with index 1
[26Sep2026 18:55:42.935] [Netty Client IO #0/DEBUG] [net.minecraftforge.network.HandshakeHandler/FMLHANDSHAKE]: Accepted server connection
[26Sep2026 18:55:42.977] [Netty Client IO #0/DEBUG] [net.minecraftforge.network.LoginWrapper/FMLHANDSHAKE]: Recieved login wrapper packet event for channel fml:handshake with index 2
[26Sep2026 18:55:42.985] [Netty Client IO #0/DEBUG] [net.minecraftforge.network.HandshakeHandler/FMLHANDSHAKE]: Received registry packet for minecraft:command_argument_type
[26Sep2026 18:55:42.985] [Netty Client IO #0/DEBUG] [net.minecraftforge.network.LoginWrapper/FMLHANDSHAKE]: Dispatching wrapped packet reply for channel fml:handshake with index 2
[26Sep2026 18:55:43.029] [Netty Client IO #0/DEBUG] [net.minecraftforge.network.LoginWrapper/FMLHANDSHAKE]: Recieved login wrapper packet event for channel fml:handshake with index 3
[26Sep2026 18:55:43.030] [Netty Client IO #0/DEBUG] [net.minecraftforge.network.HandshakeHandler/FMLHANDSHAKE]: Received registry packet for minecraft:recipe_serializer
[26Sep2026 18:55:43.030] [Netty Client IO #0/DEBUG] [net.minecraftforge.network.LoginWrapper/FMLHANDSHAKE]: Dispatching wrapped packet reply for channel fml:handshake with index 3
[26Sep2026 18:55:43.079] [Netty Client IO #0/DEBUG] [net.minecraftforge.network.LoginWrapper/FMLHANDSHAKE]: Recieved login wrapper packet event for channel fml:handshake with index 4
[26Sep2026 18:55:43.087] [Netty Client IO #0/DEBUG] [net.minecraftforge.network.HandshakeHandler/FMLHANDSHAKE]: Received registry packet for minecraft:sound_event
[26Sep2026 18:55:43.087] [Netty Client IO #0/DEBUG] [net.minecraftforge.network.LoginWrapper/FMLHANDSHAKE]: Dispatching wrapped packet reply for channel fml:handshake with index 4
[26Sep2026 18:55:43.129] [Netty Client IO #0/DEBUG] [net.minecraftforge.network.LoginWrapper/FMLHANDSHAKE]: Recieved login wrapper packet event for channel fml:handshake with index 5
[26Sep2026 18:55:43.129] [Netty Client IO #0/DEBUG] [net.minecraftforge.network.HandshakeHandler/FMLHANDSHAKE]: Received registry packet for minecraft:particle_type
[26Sep2026 18:55:43.129] [Netty Client IO #0/DEBUG] [net.minecraftforge.network.LoginWrapper/FMLHANDSHAKE]: Dispatching wrapped packet reply for channel fml:handshake with index 5
[26Sep2026 18:55:43.179] [Netty Client IO #0/DEBUG] [net.minecraftforge.network.LoginWrapper/FMLHANDSHAKE]: Recieved login wrapper packet event for channel fml:handshake with index 6
[26Sep2026 18:55:43.179] [Netty Client IO #0/DEBUG] [net.minecraftforge.network.HandshakeHandler/FMLHANDSHAKE]: Received registry packet for minecraft:villager_profession
[26Sep2026 18:55:43.179] [Netty Client IO #0/DEBUG] [net.minecraftforge.network.LoginWrapper/FMLHANDSHAKE]: Dispatching wrapped packet reply for channel fml:handshake with index 6
[26Sep2026 18:55:43.228] [Netty Client IO #0/DEBUG] [net.minecraftforge.network.LoginWrapper/FMLHANDSHAKE]: Recieved login wrapper packet event for channel fml:handshake with index 7
[26Sep2026 18:55:43.229] [Netty Client IO #0/DEBUG] [net.minecraftforge.network.HandshakeHandler/FMLHANDSHAKE]: Received registry packet for minecraft:item
[26Sep2026 18:55:43.229] [Netty Client IO #0/DEBUG] [net.minecraftforge.network.LoginWrapper/FMLHANDSHAKE]: Dispatching wrapped packet reply for channel fml:handshake with index 7
[26Sep2026 18:55:43.279] [Netty Client IO #0/DEBUG] [net.minecraftforge.network.LoginWrapper/FMLHANDSHAKE]: Recieved login wrapper packet event for channel fml:handshake with index 8
[26Sep2026 18:55:43.279] [Netty Client IO #0/DEBUG] [net.minecraftforge.network.HandshakeHandler/FMLHANDSHAKE]: Received registry packet for minecraft:potion
[26Sep2026 18:55:43.279] [Netty Client IO #0/DEBUG] [net.minecraftforge.network.LoginWrapper/FMLHANDSHAKE]: Dispatching wrapped packet reply for channel fml:handshake with index 8
[26Sep2026 18:55:43.329] [Netty Client IO #0/DEBUG] [net.minecraftforge.network.LoginWrapper/FMLHANDSHAKE]: Recieved login wrapper packet event for channel fml:handshake with index 9
[26Sep2026 18:55:43.329] [Netty Client IO #0/DEBUG] [net.minecraftforge.network.HandshakeHandler/FMLHANDSHAKE]: Received registry packet for minecraft:painting_variant
[26Sep2026 18:55:43.329] [Netty Client IO #0/DEBUG] [net.minecraftforge.network.LoginWrapper/FMLHANDSHAKE]: Dispatching wrapped packet reply for channel fml:handshake with index 9
[26Sep2026 18:55:43.379] [Netty Client IO #0/DEBUG] [net.minecraftforge.network.LoginWrapper/FMLHANDSHAKE]: Recieved login wrapper packet event for channel fml:handshake with index 10
[26Sep2026 18:55:43.379] [Netty Client IO #0/DEBUG] [net.minecraftforge.network.HandshakeHandler/FMLHANDSHAKE]: Received registry packet for forge:fluid_type
[26Sep2026 18:55:43.379] [Netty Client IO #0/DEBUG] [net.minecraftforge.network.LoginWrapper/FMLHANDSHAKE]: Dispatching wrapped packet reply for channel fml:handshake with index 10
[26Sep2026 18:55:43.429] [Netty Client IO #0/DEBUG] [net.minecraftforge.network.LoginWrapper/FMLHANDSHAKE]: Recieved login wrapper packet event for channel fml:handshake with index 11
[26Sep2026 18:55:43.429] [Netty Client IO #0/DEBUG] [net.minecraftforge.network.HandshakeHandler/FMLHANDSHAKE]: Received registry packet for minecraft:block_entity_type
[26Sep2026 18:55:43.429] [Netty Client IO #0/DEBUG] [net.minecraftforge.network.LoginWrapper/FMLHANDSHAKE]: Dispatching wrapped packet reply for channel fml:handshake with index 11
[26Sep2026 18:55:43.479] [Netty Client IO #0/DEBUG] [net.minecraftforge.network.LoginWrapper/FMLHANDSHAKE]: Recieved login wrapper packet event for channel fml:handshake with index 12
[26Sep2026 18:55:43.479] [Netty Client IO #0/DEBUG] [net.minecraftforge.network.HandshakeHandler/FMLHANDSHAKE]: Received registry packet for forge:display_contexts
[26Sep2026 18:55:43.479] [Netty Client IO #0/DEBUG] [net.minecraftforge.network.LoginWrapper/FMLHANDSHAKE]: Dispatching wrapped packet reply for channel fml:handshake with index 12
[26Sep2026 18:55:43.529] [Netty Client IO #0/DEBUG] [net.minecraftforge.network.LoginWrapper/FMLHANDSHAKE]: Recieved login wrapper packet event for channel fml:handshake with index 13
[26Sep2026 18:55:43.530] [Netty Client IO #0/DEBUG] [net.minecraftforge.network.HandshakeHandler/FMLHANDSHAKE]: Received registry packet for minecraft:block
[26Sep2026 18:55:43.530] [Netty Client IO #0/DEBUG] [net.minecraftforge.network.LoginWrapper/FMLHANDSHAKE]: Dispatching wrapped packet reply for channel fml:handshake with index 13
[26Sep2026 18:55:43.579] [Netty Client IO #0/DEBUG] [net.minecraftforge.network.LoginWrapper/FMLHANDSHAKE]: Recieved login wrapper packet event for channel fml:handshake with index 14
[26Sep2026 18:55:43.579] [Netty Client IO #0/DEBUG] [net.minecraftforge.network.HandshakeHandler/FMLHANDSHAKE]: Received registry packet for forge:entity_data_serializers
[26Sep2026 18:55:43.579] [Netty Client IO #0/DEBUG] [net.minecraftforge.network.LoginWrapper/FMLHANDSHAKE]: Dispatching wrapped packet reply for channel fml:handshake with index 14
[26Sep2026 18:55:43.629] [Netty Client IO #0/DEBUG] [net.minecraftforge.network.LoginWrapper/FMLHANDSHAKE]: Recieved login wrapper packet event for channel fml:handshake with index 15
[26Sep2026 18:55:43.629] [Netty Client IO #0/DEBUG] [net.minecraftforge.network.HandshakeHandler/FMLHANDSHAKE]: Received registry packet for minecraft:mob_effect
[26Sep2026 18:55:43.629] [Netty Client IO #0/DEBUG] [net.minecraftforge.network.LoginWrapper/FMLHANDSHAKE]: Dispatching wrapped packet reply for channel fml:handshake with index 15
[26Sep2026 18:55:43.679] [Netty Client IO #0/DEBUG] [net.minecraftforge.network.LoginWrapper/FMLHANDSHAKE]: Recieved login wrapper packet event for channel fml:handshake with index 16
[26Sep2026 18:55:43.679] [Netty Client IO #0/DEBUG] [net.minecraftforge.network.HandshakeHandler/FMLHANDSHAKE]: Received registry packet for minecraft:stat_type
[26Sep2026 18:55:43.679] [Netty Client IO #0/DEBUG] [net.minecraftforge.network.LoginWrapper/FMLHANDSHAKE]: Dispatching wrapped packet reply for channel fml:handshake with index 16
[26Sep2026 18:55:43.728] [Netty Client IO #0/DEBUG] [net.minecraftforge.network.LoginWrapper/FMLHANDSHAKE]: Recieved login wrapper packet event for channel fml:handshake with index 17
[26Sep2026 18:55:43.729] [Netty Client IO #0/DEBUG] [net.minecraftforge.network.HandshakeHandler/FMLHANDSHAKE]: Received registry packet for minecraft:menu
[26Sep2026 18:55:43.729] [Netty Client IO #0/DEBUG] [net.minecraftforge.network.LoginWrapper/FMLHANDSHAKE]: Dispatching wrapped packet reply for channel fml:handshake with index 17
[26Sep2026 18:55:43.779] [Netty Client IO #0/DEBUG] [net.minecraftforge.network.LoginWrapper/FMLHANDSHAKE]: Recieved login wrapper packet event for channel fml:handshake with index 18
[26Sep2026 18:55:43.779] [Netty Client IO #0/DEBUG] [net.minecraftforge.network.HandshakeHandler/FMLHANDSHAKE]: Received registry packet for minecraft:enchantment
[26Sep2026 18:55:43.779] [Netty Client IO #0/DEBUG] [net.minecraftforge.network.LoginWrapper/FMLHANDSHAKE]: Dispatching wrapped packet reply for channel fml:handshake with index 18
[26Sep2026 18:55:43.827] [Netty Client IO #0/DEBUG] [net.minecraftforge.network.LoginWrapper/FMLHANDSHAKE]: Recieved login wrapper packet event for channel fml:handshake with index 19
[26Sep2026 18:55:43.827] [Netty Client IO #0/DEBUG] [net.minecraftforge.network.HandshakeHandler/FMLHANDSHAKE]: Received registry packet for minecraft:fluid
[26Sep2026 18:55:43.827] [Netty Client IO #0/DEBUG] [net.minecraftforge.network.LoginWrapper/FMLHANDSHAKE]: Dispatching wrapped packet reply for channel fml:handshake with index 19
[26Sep2026 18:55:43.879] [Netty Client IO #0/DEBUG] [net.minecraftforge.network.LoginWrapper/FMLHANDSHAKE]: Recieved login wrapper packet event for channel fml:handshake with index 20
[26Sep2026 18:55:43.879] [Netty Client IO #0/DEBUG] [net.minecraftforge.network.HandshakeHandler/FMLHANDSHAKE]: Received registry packet for minecraft:entity_type
[26Sep2026 18:55:43.880] [Netty Client IO #0/DEBUG] [net.minecraftforge.network.HandshakeHandler/FMLHANDSHAKE]: Waiting for registries to load.
[26Sep2026 18:55:43.893] [Render thread/DEBUG] [net.minecraftforge.network.HandshakeHandler/FMLHANDSHAKE]: Injecting registry snapshot from server.
[26Sep2026 18:55:44.226] [Render thread/DEBUG] [net.minecraftforge.network.HandshakeHandler/FMLHANDSHAKE]: Snapshot injected.
[26Sep2026 18:55:44.226] [Netty Client IO #0/DEBUG] [net.minecraftforge.network.HandshakeHandler/FMLHANDSHAKE]: Registry load complete, continuing handshake.
[26Sep2026 18:55:44.226] [Netty Client IO #0/DEBUG] [net.minecraftforge.network.LoginWrapper/FMLHANDSHAKE]: Dispatching wrapped packet reply for channel fml:handshake with index 20
[26Sep2026 18:55:44.227] [Netty Client IO #0/DEBUG] [net.minecraftforge.network.LoginWrapper/FMLHANDSHAKE]: Recieved login wrapper packet event for channel fml:handshake with index 21
[26Sep2026 18:55:44.227] [Netty Client IO #0/DEBUG] [net.minecraftforge.network.HandshakeHandler/FMLHANDSHAKE]: Received config sync from server
[26Sep2026 18:55:44.228] [Netty Client IO #0/DEBUG] [net.minecraftforge.common.ForgeConfig/FORGEMOD]: Forge config just got changed on the file system!
[26Sep2026 18:55:44.228] [Netty Client IO #0/DEBUG] [net.minecraftforge.network.LoginWrapper/FMLHANDSHAKE]: Dispatching wrapped packet reply for channel fml:handshake with index 21
[26Sep2026 18:55:44.333] [Netty Client IO #0/INFO] [net.minecraftforge.network.NetworkHooks/]: Connected to a modded server.
[26Sep2026 18:55:44.725] [Render thread/DEBUG] [mezz.jei.forge.startup.StartEventObserver/]: JEI StartEventObserver received event: class net.minecraftforge.client.event.ClientPlayerNetworkEvent$LoggingIn
[26Sep2026 18:55:44.726] [Render thread/DEBUG] [mezz.jei.forge.startup.StartEventObserver/]: JEI StartEventObserver transitioning state from LISTENING to JEI_STARTED
[26Sep2026 18:55:44.794] [Render thread/INFO] [mezz.jei.common.recipes.VanillaClientRecipeLoader/]: Loaded 1174 vanilla recipes from client resources.
[26Sep2026 18:55:44.798] [Render thread/INFO] [mezz.jei.common.util.LoggedTimer/]: Starting JEI...
[26Sep2026 18:55:44.800] [Render thread/INFO] [mezz.jei.library.load.PluginCaller/]: Configuring JEI...
[26Sep2026 18:55:44.801] [Render thread/DEBUG] [mezz.jei.library.load.PluginCallerTimerRunnable/]: Configuring JEI: jei:minecraft...
[26Sep2026 18:55:44.801] [Render thread/DEBUG] [mezz.jei.library.load.PluginCallerTimerRunnable/]: Configuring JEI: jei:gui...
[26Sep2026 18:55:44.802] [Render thread/DEBUG] [mezz.jei.library.load.PluginCallerTimerRunnable/]: Configuring JEI: jei:forge_gui...
[26Sep2026 18:55:44.802] [Render thread/DEBUG] [mezz.jei.library.load.PluginCallerTimerRunnable/]: Configuring JEI: advancedrocketrycommunity:jei_plugin...
[26Sep2026 18:55:44.802] [Render thread/DEBUG] [mezz.jei.library.load.PluginCallerTimerRunnable/]: Configuring JEI: jei:internal...
[26Sep2026 18:55:44.802] [Render thread/INFO] [mezz.jei.library.load.PluginCaller/]: Configuring JEI took 1.000 milliseconds
[26Sep2026 18:55:44.810] [Render thread/INFO] [mezz.jei.library.load.PluginCaller/]: Registering item subtypes...
[26Sep2026 18:55:44.811] [Render thread/DEBUG] [mezz.jei.library.load.PluginCallerTimerRunnable/]: Registering item subtypes: jei:minecraft...
[26Sep2026 18:55:44.814] [Render thread/DEBUG] [mezz.jei.library.load.PluginCallerTimerRunnable/]: Registering item subtypes: jei:gui...
[26Sep2026 18:55:44.816] [Render thread/DEBUG] [mezz.jei.library.load.PluginCallerTimerRunnable/]: Registering item subtypes: jei:forge_gui...
[26Sep2026 18:55:44.816] [Render thread/DEBUG] [mezz.jei.library.load.PluginCallerTimerRunnable/]: Registering item subtypes: advancedrocketrycommunity:jei_plugin...
[26Sep2026 18:55:44.816] [Render thread/DEBUG] [mezz.jei.library.load.PluginCallerTimerRunnable/]: Registering item subtypes: jei:internal...
[26Sep2026 18:55:44.816] [Render thread/INFO] [mezz.jei.library.load.PluginCaller/]: Registering item subtypes took 4.555 milliseconds
[26Sep2026 18:55:44.816] [Render thread/INFO] [mezz.jei.library.load.PluginCaller/]: Registering fluid subtypes...
[26Sep2026 18:55:44.816] [Render thread/DEBUG] [mezz.jei.library.load.PluginCallerTimerRunnable/]: Registering fluid subtypes: jei:minecraft...
[26Sep2026 18:55:44.816] [Render thread/DEBUG] [mezz.jei.library.load.PluginCallerTimerRunnable/]: Registering fluid subtypes: jei:gui...
[26Sep2026 18:55:44.816] [Render thread/DEBUG] [mezz.jei.library.load.PluginCallerTimerRunnable/]: Registering fluid subtypes: jei:forge_gui...
[26Sep2026 18:55:44.816] [Render thread/DEBUG] [mezz.jei.library.load.PluginCallerTimerRunnable/]: Registering fluid subtypes: advancedrocketrycommunity:jei_plugin...
[26Sep2026 18:55:44.816] [Render thread/DEBUG] [mezz.jei.library.load.PluginCallerTimerRunnable/]: Registering fluid subtypes: jei:internal...
[26Sep2026 18:55:44.817] [Render thread/INFO] [mezz.jei.library.load.PluginCaller/]: Registering fluid subtypes took 417.7 microseconds
[26Sep2026 18:55:44.819] [Render thread/INFO] [mezz.jei.library.load.PluginCaller/]: Registering ingredients...
[26Sep2026 18:55:44.820] [Render thread/DEBUG] [mezz.jei.library.load.PluginCallerTimerRunnable/]: Registering ingredients: jei:minecraft...
[26Sep2026 18:55:44.834] [Render thread/DEBUG] [mezz.jei.library.plugins.vanilla.ingredients.ItemStackListFactory/]: Added  348/ 348 new items from 'Building Blocks' creative tab's displayItems
[26Sep2026 18:55:44.837] [Render thread/DEBUG] [mezz.jei.library.plugins.vanilla.ingredients.ItemStackListFactory/]: Added  198/ 198 new items from 'Colored Blocks' creative tab's displayItems
[26Sep2026 18:55:44.839] [Render thread/DEBUG] [mezz.jei.library.plugins.vanilla.ingredients.ItemStackListFactory/]: Added  202/ 226 new items from 'Natural Blocks' creative tab's displayItems
[26Sep2026 18:55:44.841] [Render thread/DEBUG] [net.minecraftforge.coremod.transformer.CoreModBaseTransformer/COREMOD]: Transforming net/minecraft/world/entity/raid/Raid
[26Sep2026 18:55:44.866] [Render thread/DEBUG] [mezz.jei.library.plugins.vanilla.ingredients.ItemStackListFactory/]: Added   91/ 170 new items from 'Functional Blocks' creative tab's displayItems
[26Sep2026 18:55:44.866] [Render thread/DEBUG] [mezz.jei.library.plugins.vanilla.ingredients.ItemStackListFactory/]: Added    0/ 170 new items from 'Functional Blocks' creative tab's searchTabDisplayItems
[26Sep2026 18:55:44.867] [Render thread/DEBUG] [mezz.jei.library.plugins.vanilla.ingredients.ItemStackListFactory/]: Added   28/  62 new items from 'Redstone Blocks' creative tab's displayItems
[26Sep2026 18:55:44.867] [Render thread/DEBUG] [mezz.jei.library.plugins.vanilla.ingredients.ItemStackListFactory/]: Skipping creative tab: 'Saved Hotbars' because it is type: HOTBAR
[26Sep2026 18:55:44.867] [Render thread/DEBUG] [mezz.jei.library.plugins.vanilla.ingredients.ItemStackListFactory/]: Skipping creative tab: 'Search Items' because it is type: SEARCH
[26Sep2026 18:55:44.868] [Render thread/DEBUG] [mezz.jei.library.plugins.vanilla.ingredients.ItemStackListFactory/]: Added   89/ 101 new items from 'Tools & Utilities' creative tab's displayItems
[26Sep2026 18:55:44.872] [Render thread/DEBUG] [mezz.jei.library.plugins.vanilla.ingredients.ItemStackListFactory/]: Added   86/  97 new items from 'Combat' creative tab's displayItems
[26Sep2026 18:55:44.877] [Render thread/DEBUG] [mezz.jei.library.plugins.vanilla.ingredients.ItemStackListFactory/]: Added  173/ 176 new items from 'Food & Drinks' creative tab's displayItems
[26Sep2026 18:55:44.884] [Render thread/DEBUG] [mezz.jei.library.plugins.vanilla.ingredients.ItemStackListFactory/]: Added  157/ 171 new items from 'Ingredients' creative tab's displayItems
[26Sep2026 18:55:44.885] [Render thread/DEBUG] [mezz.jei.library.plugins.vanilla.ingredients.ItemStackListFactory/]: Added   74/ 245 new items from 'Ingredients' creative tab's searchTabDisplayItems
[26Sep2026 18:55:44.886] [Render thread/DEBUG] [mezz.jei.library.plugins.vanilla.ingredients.ItemStackListFactory/]: Added   76/  76 new items from 'Spawn Eggs' creative tab's displayItems
[26Sep2026 18:55:44.886] [Render thread/DEBUG] [mezz.jei.library.plugins.vanilla.ingredients.ItemStackListFactory/]: Item Group has no display items and no search tab display items. Items from this group will be missing from the JEI ingredient list. Operator Utilities
[26Sep2026 18:55:44.886] [Render thread/DEBUG] [mezz.jei.library.plugins.vanilla.ingredients.ItemStackListFactory/]: Skipping creative tab: 'Survival Inventory' because it is type: INVENTORY
[26Sep2026 18:55:44.886] [Render thread/DEBUG] [mezz.jei.library.plugins.vanilla.ingredients.ItemStackListFactory/]: Added   36/  36 new items from 'Advanced Rocketry: Community Edition' creative tab's displayItems
[26Sep2026 18:55:44.922] [Render thread/INFO] [mezz.jei.library.load.PluginCallerTimerRunnable/]: Registering ingredients: jei:minecraft took 102.2 milliseconds
[26Sep2026 18:55:44.922] [Render thread/DEBUG] [mezz.jei.library.load.PluginCallerTimerRunnable/]: Registering ingredients: jei:gui...
[26Sep2026 18:55:44.922] [Render thread/DEBUG] [mezz.jei.library.load.PluginCallerTimerRunnable/]: Registering ingredients: jei:forge_gui...
[26Sep2026 18:55:44.922] [Render thread/DEBUG] [mezz.jei.library.load.PluginCallerTimerRunnable/]: Registering ingredients: advancedrocketrycommunity:jei_plugin...
[26Sep2026 18:55:44.922] [Render thread/DEBUG] [mezz.jei.library.load.PluginCallerTimerRunnable/]: Registering ingredients: jei:internal...
[26Sep2026 18:55:44.922] [Render thread/INFO] [mezz.jei.library.load.PluginCaller/]: Registering ingredients took 102.9 milliseconds
[26Sep2026 18:55:44.923] [Render thread/INFO] [mezz.jei.library.load.PluginCaller/]: Registering extra ingredients...
[26Sep2026 18:55:44.923] [Render thread/DEBUG] [mezz.jei.library.load.PluginCallerTimerRunnable/]: Registering extra ingredients: jei:minecraft...
[26Sep2026 18:55:44.923] [Render thread/DEBUG] [mezz.jei.library.load.PluginCallerTimerRunnable/]: Registering extra ingredients: jei:gui...
[26Sep2026 18:55:44.923] [Render thread/DEBUG] [mezz.jei.library.load.PluginCallerTimerRunnable/]: Registering extra ingredients: jei:forge_gui...
[26Sep2026 18:55:44.923] [Render thread/DEBUG] [mezz.jei.library.load.PluginCallerTimerRunnable/]: Registering extra ingredients: advancedrocketrycommunity:jei_plugin...
[26Sep2026 18:55:44.923] [Render thread/DEBUG] [mezz.jei.library.load.PluginCallerTimerRunnable/]: Registering extra ingredients: jei:internal...
[26Sep2026 18:55:44.923] [Render thread/INFO] [mezz.jei.library.load.PluginCaller/]: Registering extra ingredients took 285.2 microseconds
[26Sep2026 18:55:44.923] [Render thread/INFO] [mezz.jei.library.load.PluginCaller/]: Registering search ingredient aliases...
[26Sep2026 18:55:44.924] [Render thread/DEBUG] [mezz.jei.library.load.PluginCallerTimerRunnable/]: Registering search ingredient aliases: jei:minecraft...
[26Sep2026 18:55:44.924] [Render thread/DEBUG] [mezz.jei.library.load.PluginCallerTimerRunnable/]: Registering search ingredient aliases: jei:gui...
[26Sep2026 18:55:44.924] [Render thread/DEBUG] [mezz.jei.library.load.PluginCallerTimerRunnable/]: Registering search ingredient aliases: jei:forge_gui...
[26Sep2026 18:55:44.924] [Render thread/DEBUG] [mezz.jei.library.load.PluginCallerTimerRunnable/]: Registering search ingredient aliases: advancedrocketrycommunity:jei_plugin...
[26Sep2026 18:55:44.924] [Render thread/DEBUG] [mezz.jei.library.load.PluginCallerTimerRunnable/]: Registering search ingredient aliases: jei:internal...
[26Sep2026 18:55:44.924] [Render thread/INFO] [mezz.jei.library.load.PluginCaller/]: Registering search ingredient aliases took 415.8 microseconds
[26Sep2026 18:55:44.935] [Render thread/DEBUG] [mezz.jei.library.config.EditModeConfig/]: Saved blacklist config to file: D:\GitHub\AdvancedRocketry-Community\.gradle\v120-jei-session\client\config\jei\blacklist.json
[26Sep2026 18:55:44.944] [Render thread/INFO] [mezz.jei.library.load.PluginCaller/]: Registering Mod Info...
[26Sep2026 18:55:44.945] [Render thread/DEBUG] [mezz.jei.library.load.PluginCallerTimerRunnable/]: Registering Mod Info: jei:minecraft...
[26Sep2026 18:55:44.945] [Render thread/DEBUG] [mezz.jei.library.load.PluginCallerTimerRunnable/]: Registering Mod Info: jei:gui...
[26Sep2026 18:55:44.945] [Render thread/DEBUG] [mezz.jei.library.load.PluginCallerTimerRunnable/]: Registering Mod Info: jei:forge_gui...
[26Sep2026 18:55:44.945] [Render thread/DEBUG] [mezz.jei.library.load.PluginCallerTimerRunnable/]: Registering Mod Info: advancedrocketrycommunity:jei_plugin...
[26Sep2026 18:55:44.945] [Render thread/DEBUG] [mezz.jei.library.load.PluginCallerTimerRunnable/]: Registering Mod Info: jei:internal...
[26Sep2026 18:55:44.945] [Render thread/INFO] [mezz.jei.library.load.PluginCaller/]: Registering Mod Info took 386.2 microseconds
[26Sep2026 18:55:44.953] [Render thread/INFO] [mezz.jei.library.load.PluginCaller/]: Registering categories...
[26Sep2026 18:55:44.953] [Render thread/DEBUG] [mezz.jei.library.load.PluginCallerTimerRunnable/]: Registering categories: jei:minecraft...
[26Sep2026 18:55:44.972] [Render thread/INFO] [mezz.jei.library.load.PluginCallerTimerRunnable/]: Registering categories: jei:minecraft took 18.33 milliseconds
[26Sep2026 18:55:44.972] [Render thread/DEBUG] [mezz.jei.library.load.PluginCallerTimerRunnable/]: Registering categories: jei:gui...
[26Sep2026 18:55:44.972] [Render thread/DEBUG] [mezz.jei.library.load.PluginCallerTimerRunnable/]: Registering categories: jei:forge_gui...
[26Sep2026 18:55:44.972] [Render thread/DEBUG] [mezz.jei.library.load.PluginCallerTimerRunnable/]: Registering categories: advancedrocketrycommunity:jei_plugin...
[26Sep2026 18:55:44.973] [Render thread/DEBUG] [mezz.jei.library.load.PluginCallerTimerRunnable/]: Registering categories: jei:internal...
[26Sep2026 18:55:44.977] [Render thread/INFO] [mezz.jei.library.load.PluginCaller/]: Registering categories took 25.05 milliseconds
[26Sep2026 18:55:44.979] [Render thread/INFO] [mezz.jei.library.load.PluginCaller/]: Registering vanilla category extensions...
[26Sep2026 18:55:44.980] [Render thread/DEBUG] [mezz.jei.library.load.PluginCallerTimerRunnable/]: Registering vanilla category extensions: jei:minecraft...
[26Sep2026 18:55:44.984] [Render thread/DEBUG] [mezz.jei.library.load.PluginCallerTimerRunnable/]: Registering vanilla category extensions: jei:gui...
[26Sep2026 18:55:44.984] [Render thread/DEBUG] [mezz.jei.library.load.PluginCallerTimerRunnable/]: Registering vanilla category extensions: jei:forge_gui...
[26Sep2026 18:55:44.984] [Render thread/DEBUG] [mezz.jei.library.load.PluginCallerTimerRunnable/]: Registering vanilla category extensions: advancedrocketrycommunity:jei_plugin...
[26Sep2026 18:55:44.984] [Render thread/DEBUG] [mezz.jei.library.load.PluginCallerTimerRunnable/]: Registering vanilla category extensions: jei:internal...
[26Sep2026 18:55:44.984] [Render thread/INFO] [mezz.jei.library.load.PluginCaller/]: Registering vanilla category extensions took 4.542 milliseconds
[26Sep2026 18:55:44.986] [Render thread/INFO] [mezz.jei.library.load.PluginCaller/]: Registering recipe catalysts...
[26Sep2026 18:55:44.986] [Render thread/DEBUG] [mezz.jei.library.load.PluginCallerTimerRunnable/]: Registering recipe catalysts: jei:minecraft...
[26Sep2026 18:55:44.987] [Render thread/DEBUG] [mezz.jei.library.load.PluginCallerTimerRunnable/]: Registering recipe catalysts: jei:gui...
[26Sep2026 18:55:44.987] [Render thread/DEBUG] [mezz.jei.library.load.PluginCallerTimerRunnable/]: Registering recipe catalysts: jei:forge_gui...
[26Sep2026 18:55:44.987] [Render thread/DEBUG] [mezz.jei.library.load.PluginCallerTimerRunnable/]: Registering recipe catalysts: advancedrocketrycommunity:jei_plugin...
[26Sep2026 18:55:44.987] [Render thread/DEBUG] [mezz.jei.library.load.PluginCallerTimerRunnable/]: Registering recipe catalysts: jei:internal...
[26Sep2026 18:55:44.987] [Render thread/INFO] [mezz.jei.library.load.PluginCaller/]: Registering recipe catalysts took 908.6 microseconds
[26Sep2026 18:55:44.988] [Render thread/INFO] [mezz.jei.common.util.LoggedTimer/]: Building recipe registry...
[26Sep2026 18:55:45.001] [Render thread/INFO] [mezz.jei.common.util.LoggedTimer/]: Building recipe registry took 12.59 milliseconds
[26Sep2026 18:55:45.002] [Render thread/INFO] [mezz.jei.library.load.PluginCaller/]: Registering advanced plugins...
[26Sep2026 18:55:45.002] [Render thread/DEBUG] [mezz.jei.library.load.PluginCallerTimerRunnable/]: Registering advanced plugins: jei:minecraft...
[26Sep2026 18:55:45.002] [Render thread/DEBUG] [mezz.jei.library.load.PluginCallerTimerRunnable/]: Registering advanced plugins: jei:gui...
[26Sep2026 18:55:45.002] [Render thread/DEBUG] [mezz.jei.library.load.PluginCallerTimerRunnable/]: Registering advanced plugins: jei:forge_gui...
[26Sep2026 18:55:45.002] [Render thread/DEBUG] [mezz.jei.library.load.PluginCallerTimerRunnable/]: Registering advanced plugins: advancedrocketrycommunity:jei_plugin...
[26Sep2026 18:55:45.002] [Render thread/DEBUG] [mezz.jei.library.load.PluginCallerTimerRunnable/]: Registering advanced plugins: jei:internal...
[26Sep2026 18:55:45.002] [Render thread/INFO] [mezz.jei.library.load.PluginCaller/]: Registering advanced plugins took 414.4 microseconds
[26Sep2026 18:55:45.003] [Render thread/INFO] [mezz.jei.library.load.PluginCaller/]: Registering recipes...
[26Sep2026 18:55:45.003] [Render thread/DEBUG] [mezz.jei.library.load.PluginCallerTimerRunnable/]: Registering recipes: jei:minecraft...
[26Sep2026 18:55:45.022] [Render thread/DEBUG] [mezz.jei.library.recipes.RecipeManagerInternal/]: Adding recipes: RecipeType[uid=minecraft:crafting, recipeClass=interface net.minecraft.world.item.crafting.CraftingRecipe]
[26Sep2026 18:55:45.072] [Render thread/DEBUG] [mezz.jei.library.recipes.RecipeManagerInternal/]: Adding recipes: RecipeType[uid=minecraft:crafting, recipeClass=interface net.minecraft.world.item.crafting.CraftingRecipe]
[26Sep2026 18:55:45.076] [Render thread/DEBUG] [mezz.jei.library.recipes.RecipeManagerInternal/]: Adding recipes: RecipeType[uid=minecraft:stonecutting, recipeClass=class net.minecraft.world.item.crafting.StonecutterRecipe]
[26Sep2026 18:55:45.078] [Render thread/DEBUG] [mezz.jei.library.recipes.RecipeManagerInternal/]: Adding recipes: RecipeType[uid=minecraft:furnace, recipeClass=class net.minecraft.world.item.crafting.SmeltingRecipe]
[26Sep2026 18:55:45.081] [Render thread/DEBUG] [mezz.jei.library.recipes.RecipeManagerInternal/]: Adding recipes: RecipeType[uid=minecraft:furnace, recipeClass=class net.minecraft.world.item.crafting.SmeltingRecipe]
[26Sep2026 18:55:45.081] [Render thread/DEBUG] [mezz.jei.library.recipes.RecipeManagerInternal/]: Adding recipes: RecipeType[uid=minecraft:smoking, recipeClass=class net.minecraft.world.item.crafting.SmokingRecipe]
[26Sep2026 18:55:45.082] [Render thread/DEBUG] [mezz.jei.library.recipes.RecipeManagerInternal/]: Adding recipes: RecipeType[uid=minecraft:blasting, recipeClass=class net.minecraft.world.item.crafting.BlastingRecipe]
[26Sep2026 18:55:45.082] [Render thread/DEBUG] [mezz.jei.library.recipes.RecipeManagerInternal/]: Adding recipes: RecipeType[uid=minecraft:campfire, recipeClass=class net.minecraft.world.item.crafting.CampfireCookingRecipe]
[26Sep2026 18:55:45.083] [Render thread/DEBUG] [mezz.jei.library.recipes.RecipeManagerInternal/]: Adding recipes: RecipeType[uid=minecraft:fuel, recipeClass=interface mezz.jei.api.recipe.vanilla.IJeiFuelingRecipe]
[26Sep2026 18:55:45.202] [Render thread/DEBUG] [mezz.jei.library.recipes.RecipeManagerInternal/]: Adding recipes: RecipeType[uid=minecraft:anvil, recipeClass=interface mezz.jei.api.recipe.vanilla.IJeiAnvilRecipe]
[26Sep2026 18:55:45.232] [Render thread/DEBUG] [mezz.jei.library.recipes.RecipeManagerInternal/]: Adding recipes: RecipeType[uid=minecraft:smithing, recipeClass=interface net.minecraft.world.item.crafting.SmithingRecipe]
[26Sep2026 18:55:45.244] [Render thread/DEBUG] [mezz.jei.library.recipes.RecipeManagerInternal/]: Adding recipes: RecipeType[uid=minecraft:compostable, recipeClass=interface mezz.jei.api.recipe.vanilla.IJeiCompostingRecipe]
[26Sep2026 18:55:45.289] [Render thread/DEBUG] [mezz.jei.library.recipes.RecipeManagerInternal/]: Adding recipes: RecipeType[uid=minecraft:brewing, recipeClass=interface mezz.jei.api.recipe.vanilla.IJeiBrewingRecipe]
[26Sep2026 18:55:45.484] [Render thread/DEBUG] [mezz.jei.library.recipes.RecipeManagerInternal/]: Adding recipes: RecipeType[uid=minecraft:grindstone, recipeClass=interface mezz.jei.api.recipe.vanilla.IJeiGrindstoneRecipe]
[26Sep2026 18:55:45.504] [Render thread/INFO] [mezz.jei.library.load.PluginCallerTimerRunnable/]: Registering recipes: jei:minecraft took 501.2 milliseconds
[26Sep2026 18:55:45.504] [Render thread/DEBUG] [mezz.jei.library.load.PluginCallerTimerRunnable/]: Registering recipes: jei:gui...
[26Sep2026 18:55:45.504] [Render thread/DEBUG] [mezz.jei.library.load.PluginCallerTimerRunnable/]: Registering recipes: jei:forge_gui...
[26Sep2026 18:55:45.504] [Render thread/DEBUG] [mezz.jei.library.load.PluginCallerTimerRunnable/]: Registering recipes: advancedrocketrycommunity:jei_plugin...
[26Sep2026 18:55:45.504] [Render thread/DEBUG] [mezz.jei.library.recipes.RecipeManagerInternal/]: Adding recipes: RecipeType[uid=advancedrocketrycommunity:electrolyzing, recipeClass=class io.github.sunthemoon.advancedrocketrycommunity.machine.electrolyzer.ElectrolyzerRecipe]
[26Sep2026 18:55:45.504] [Render thread/DEBUG] [mezz.jei.library.recipes.RecipeManagerInternal/]: Adding recipes: RecipeType[uid=advancedrocketrycommunity:rolling, recipeClass=class io.github.sunthemoon.advancedrocketrycommunity.machine.rolling.RollingMachineRecipe]
[26Sep2026 18:55:45.504] [Render thread/DEBUG] [mezz.jei.library.recipes.RecipeManagerInternal/]: Adding recipes: RecipeType[uid=advancedrocketrycommunity:precision_assembling, recipeClass=class io.github.sunthemoon.advancedrocketrycommunity.machine.precision.PrecisionAssemblerRecipe]
[26Sep2026 18:55:45.506] [Render thread/INFO] [io.github.sunthemoon.advancedrocketrycommunity.AdvancedRocketryCommunity/]: ARCE-BETA-1100 optional_compat=jei status=registered recipes=0
[26Sep2026 18:55:45.506] [Render thread/INFO] [io.github.sunthemoon.advancedrocketrycommunity.AdvancedRocketryCommunity/]: ARCE-BETA-1100 optional_compat=jei machine_recipes rolling=0 precision=0
[26Sep2026 18:55:45.506] [Render thread/DEBUG] [mezz.jei.library.load.PluginCallerTimerRunnable/]: Registering recipes: jei:internal...
[26Sep2026 18:55:45.506] [Render thread/DEBUG] [mezz.jei.library.recipes.RecipeManagerInternal/]: Adding recipes: RecipeType[uid=minecraft:tag_recipes/item, recipeClass=interface mezz.jei.library.plugins.jei.tags.ITagInfoRecipe]
[26Sep2026 18:55:45.507] [Render thread/DEBUG] [mezz.jei.library.recipes.RecipeManagerInternal/]: Adding recipes: RecipeType[uid=minecraft:tag_recipes/fluid, recipeClass=interface mezz.jei.library.plugins.jei.tags.ITagInfoRecipe]
[26Sep2026 18:55:45.507] [Render thread/DEBUG] [mezz.jei.library.recipes.RecipeManagerInternal/]: Adding recipes: RecipeType[uid=minecraft:tag_recipes/block, recipeClass=interface mezz.jei.library.plugins.jei.tags.ITagInfoRecipe]
[26Sep2026 18:55:45.507] [Render thread/INFO] [mezz.jei.library.load.PluginCaller/]: Registering recipes took 503.3 milliseconds
[26Sep2026 18:55:45.515] [Render thread/INFO] [mezz.jei.library.load.PluginCaller/]: Registering recipes transfer handlers...
[26Sep2026 18:55:45.516] [Render thread/DEBUG] [mezz.jei.library.load.PluginCallerTimerRunnable/]: Registering recipes transfer handlers: jei:minecraft...
[26Sep2026 18:55:45.518] [Render thread/DEBUG] [mezz.jei.library.load.PluginCallerTimerRunnable/]: Registering recipes transfer handlers: jei:gui...
[26Sep2026 18:55:45.518] [Render thread/DEBUG] [mezz.jei.library.load.PluginCallerTimerRunnable/]: Registering recipes transfer handlers: jei:forge_gui...
[26Sep2026 18:55:45.518] [Render thread/DEBUG] [mezz.jei.library.load.PluginCallerTimerRunnable/]: Registering recipes transfer handlers: advancedrocketrycommunity:jei_plugin...
[26Sep2026 18:55:45.518] [Render thread/DEBUG] [mezz.jei.library.load.PluginCallerTimerRunnable/]: Registering recipes transfer handlers: jei:internal...
[26Sep2026 18:55:45.518] [Render thread/INFO] [mezz.jei.library.load.PluginCaller/]: Registering recipes transfer handlers took 3.221 milliseconds
[26Sep2026 18:55:45.522] [Render thread/INFO] [mezz.jei.common.util.LoggedTimer/]: Building runtime...
[26Sep2026 18:55:45.528] [Render thread/INFO] [mezz.jei.library.load.PluginCaller/]: Registering gui handlers...
[26Sep2026 18:55:45.529] [Render thread/DEBUG] [mezz.jei.library.load.PluginCallerTimerRunnable/]: Registering gui handlers: jei:minecraft...
[26Sep2026 18:55:45.532] [Render thread/DEBUG] [mezz.jei.library.load.PluginCallerTimerRunnable/]: Registering gui handlers: jei:gui...
[26Sep2026 18:55:45.538] [Render thread/DEBUG] [mezz.jei.library.load.PluginCallerTimerRunnable/]: Registering gui handlers: jei:forge_gui...
[26Sep2026 18:55:45.538] [Render thread/DEBUG] [mezz.jei.library.load.PluginCallerTimerRunnable/]: Registering gui handlers: advancedrocketrycommunity:jei_plugin...
[26Sep2026 18:55:45.538] [Render thread/DEBUG] [mezz.jei.library.load.PluginCallerTimerRunnable/]: Registering gui handlers: jei:internal...
[26Sep2026 18:55:45.539] [Render thread/INFO] [mezz.jei.library.load.PluginCaller/]: Registering gui handlers took 10.24 milliseconds
[26Sep2026 18:55:45.542] [Render thread/INFO] [mezz.jei.library.load.PluginCaller/]: Registering advanced search...
[26Sep2026 18:55:45.542] [Render thread/DEBUG] [mezz.jei.library.load.PluginCallerTimerRunnable/]: Registering advanced search: jei:minecraft...
[26Sep2026 18:55:45.542] [Render thread/DEBUG] [mezz.jei.library.load.PluginCallerTimerRunnable/]: Registering advanced search: jei:gui...
[26Sep2026 18:55:45.542] [Render thread/DEBUG] [mezz.jei.library.load.PluginCallerTimerRunnable/]: Registering advanced search: jei:forge_gui...
[26Sep2026 18:55:45.542] [Render thread/DEBUG] [mezz.jei.library.load.PluginCallerTimerRunnable/]: Registering advanced search: advancedrocketrycommunity:jei_plugin...
[26Sep2026 18:55:45.542] [Render thread/DEBUG] [mezz.jei.library.load.PluginCallerTimerRunnable/]: Registering advanced search: jei:internal...
[26Sep2026 18:55:45.542] [Render thread/INFO] [mezz.jei.library.load.PluginCaller/]: Registering advanced search took 392.4 microseconds
[26Sep2026 18:55:45.547] [Render thread/INFO] [mezz.jei.library.load.PluginCaller/]: Registering Runtime...
[26Sep2026 18:55:45.547] [Render thread/DEBUG] [mezz.jei.library.load.PluginCallerTimerRunnable/]: Registering Runtime: jei:minecraft...
[26Sep2026 18:55:45.547] [Render thread/DEBUG] [mezz.jei.library.load.PluginCallerTimerRunnable/]: Registering Runtime: jei:gui...
[26Sep2026 18:55:45.547] [Render thread/DEBUG] [mezz.jei.library.load.PluginCallerTimerRunnable/]: Registering Runtime: jei:forge_gui...
[26Sep2026 18:55:45.548] [Render thread/INFO] [mezz.jei.gui.startup.JeiGuiStarter/]: Starting JEI GUI
[26Sep2026 18:55:45.548] [Render thread/INFO] [mezz.jei.common.util.LoggedTimer/]: Building ingredient list...
[26Sep2026 18:55:45.550] [Render thread/DEBUG] [mezz.jei.gui.ingredients.IngredientListElementFactory/]: Registering ingredients: ItemStack
[26Sep2026 18:55:45.578] [Render thread/DEBUG] [mezz.jei.gui.ingredients.IngredientListElementFactory/]: Registering ingredients: FluidStack
[26Sep2026 18:55:45.579] [Render thread/INFO] [mezz.jei.common.util.LoggedTimer/]: Building ingredient list took 28.50 milliseconds
[26Sep2026 18:55:45.579] [Render thread/INFO] [mezz.jei.common.util.LoggedTimer/]: Building ingredient filter...
[26Sep2026 18:55:45.677] [Render thread/DEBUG] [io.netty.util.internal.ThreadLocalRandom/]: -Dio.netty.initialSeedUniquifier: 0xea3402f5a8f4adbb
[26Sep2026 18:55:45.720] [Render thread/INFO] [mezz.jei.gui.ingredients.IngredientFilter/]: Adding 1560 ingredients
[26Sep2026 18:55:45.730] [Render thread/INFO] [mezz.jei.gui.ingredients.IngredientFilter/]: Added 1560 ingredients
[26Sep2026 18:55:45.732] [Render thread/INFO] [mezz.jei.common.util.LoggedTimer/]: Building ingredient filter took 153.3 milliseconds
[26Sep2026 18:55:45.812] [Render thread/INFO] [mezz.jei.library.load.PluginCallerTimerRunnable/]: Registering Runtime: jei:forge_gui took 264.4 milliseconds
[26Sep2026 18:55:45.812] [Render thread/DEBUG] [mezz.jei.library.load.PluginCallerTimerRunnable/]: Registering Runtime: advancedrocketrycommunity:jei_plugin...
[26Sep2026 18:55:45.812] [Render thread/DEBUG] [mezz.jei.library.load.PluginCallerTimerRunnable/]: Registering Runtime: jei:internal...
[26Sep2026 18:55:45.812] [Render thread/INFO] [mezz.jei.library.load.PluginCaller/]: Registering Runtime took 265.2 milliseconds
[26Sep2026 18:55:45.813] [Render thread/INFO] [mezz.jei.common.util.LoggedTimer/]: Building runtime took 289.7 milliseconds
[26Sep2026 18:55:45.813] [Render thread/INFO] [mezz.jei.library.load.PluginCaller/]: Sending Runtime...
[26Sep2026 18:55:45.813] [Render thread/DEBUG] [mezz.jei.library.load.PluginCallerTimerRunnable/]: Sending Runtime: jei:minecraft...
[26Sep2026 18:55:45.813] [Render thread/DEBUG] [mezz.jei.library.load.PluginCallerTimerRunnable/]: Sending Runtime: jei:gui...
[26Sep2026 18:55:45.813] [Render thread/DEBUG] [mezz.jei.library.load.PluginCallerTimerRunnable/]: Sending Runtime: jei:forge_gui...
[26Sep2026 18:55:45.813] [Render thread/DEBUG] [mezz.jei.library.load.PluginCallerTimerRunnable/]: Sending Runtime: advancedrocketrycommunity:jei_plugin...
[26Sep2026 18:55:45.813] [Render thread/DEBUG] [mezz.jei.library.load.PluginCallerTimerRunnable/]: Sending Runtime: jei:internal...
[26Sep2026 18:55:45.813] [Render thread/INFO] [mezz.jei.library.load.PluginCaller/]: Sending Runtime took 372.0 microseconds
[26Sep2026 18:55:45.813] [Render thread/INFO] [mezz.jei.common.util.LoggedTimer/]: Starting JEI took 1.015 seconds
[26Sep2026 18:55:45.814] [Render thread/INFO] [net.minecraft.client.gui.components.ChatComponent/]: [System] [CHAT] This unknown server does not provide recipes to JEI. JEI is showing default recipes from your client, which may be different on the server.
[26Sep2026 18:55:45.821] [Render thread/WARN] [mezz.jei.library.startup.JeiStarter/]: This unknown server does not provide recipes to JEI. JEI is showing default recipes from your client, which may be different on the server.
[26Sep2026 18:55:45.831] [Render thread/DEBUG] [net.minecraftforge.network.filters.NetworkFilters/]: Injected net.minecraftforge.network.filters.ForgeConnectionNetworkFilter@113773b5 into net.minecraft.network.Connection@319b7537
[26Sep2026 18:55:45.926] [Render thread/DEBUG] [mezz.jei.forge.startup.StartEventObserver/]: JEI StartEventObserver received event: class net.minecraftforge.client.event.RecipesUpdatedEvent
[26Sep2026 18:55:45.926] [Render thread/DEBUG] [mezz.jei.forge.startup.StartEventObserver/]: JEI StartEventObserver transitioning state from JEI_STARTED to LISTENING
[26Sep2026 18:55:45.926] [Render thread/INFO] [mezz.jei.library.startup.JeiStarter/]: Stopping JEI
[26Sep2026 18:55:45.926] [Render thread/INFO] [mezz.jei.library.load.PluginCaller/]: Sending Runtime Unavailable...
[26Sep2026 18:55:45.927] [Render thread/DEBUG] [mezz.jei.library.load.PluginCallerTimerRunnable/]: Sending Runtime Unavailable: jei:minecraft...
[26Sep2026 18:55:45.927] [Render thread/DEBUG] [mezz.jei.library.load.PluginCallerTimerRunnable/]: Sending Runtime Unavailable: jei:gui...
[26Sep2026 18:55:45.927] [Render thread/DEBUG] [mezz.jei.library.load.PluginCallerTimerRunnable/]: Sending Runtime Unavailable: jei:forge_gui...
[26Sep2026 18:55:45.927] [Render thread/INFO] [mezz.jei.forge.plugins.forge.ForgeGuiPlugin/]: Stopping JEI GUI
[26Sep2026 18:55:45.929] [Render thread/DEBUG] [mezz.jei.library.load.PluginCallerTimerRunnable/]: Sending Runtime Unavailable: advancedrocketrycommunity:jei_plugin...
[26Sep2026 18:55:45.929] [Render thread/DEBUG] [mezz.jei.library.load.PluginCallerTimerRunnable/]: Sending Runtime Unavailable: jei:internal...
[26Sep2026 18:55:45.930] [Render thread/INFO] [mezz.jei.library.load.PluginCaller/]: Sending Runtime Unavailable took 2.827 milliseconds
[26Sep2026 18:55:45.930] [Render thread/DEBUG] [mezz.jei.forge.startup.StartEventObserver/]: JEI StartEventObserver transitioning state from LISTENING to JEI_STARTED
[26Sep2026 18:55:45.930] [Render thread/INFO] [mezz.jei.common.util.LoggedTimer/]: Starting JEI...
[26Sep2026 18:55:45.930] [Render thread/INFO] [mezz.jei.library.load.PluginCaller/]: Configuring JEI...
[26Sep2026 18:55:45.930] [Render thread/DEBUG] [mezz.jei.library.load.PluginCallerTimerRunnable/]: Configuring JEI: jei:minecraft...
[26Sep2026 18:55:45.930] [Render thread/DEBUG] [mezz.jei.library.load.PluginCallerTimerRunnable/]: Configuring JEI: jei:gui...
[26Sep2026 18:55:45.930] [Render thread/DEBUG] [mezz.jei.library.load.PluginCallerTimerRunnable/]: Configuring JEI: jei:forge_gui...
[26Sep2026 18:55:45.930] [Render thread/DEBUG] [mezz.jei.library.load.PluginCallerTimerRunnable/]: Configuring JEI: advancedrocketrycommunity:jei_plugin...
[26Sep2026 18:55:45.930] [Render thread/DEBUG] [mezz.jei.library.load.PluginCallerTimerRunnable/]: Configuring JEI: jei:internal...
[26Sep2026 18:55:45.931] [Render thread/INFO] [mezz.jei.library.load.PluginCaller/]: Configuring JEI took 306.3 microseconds
[26Sep2026 18:55:45.931] [Render thread/INFO] [mezz.jei.library.load.PluginCaller/]: Registering item subtypes...
[26Sep2026 18:55:45.931] [Render thread/DEBUG] [mezz.jei.library.load.PluginCallerTimerRunnable/]: Registering item subtypes: jei:minecraft...
[26Sep2026 18:55:45.931] [Render thread/DEBUG] [mezz.jei.library.load.PluginCallerTimerRunnable/]: Registering item subtypes: jei:gui...
[26Sep2026 18:55:45.931] [Render thread/DEBUG] [mezz.jei.library.load.PluginCallerTimerRunnable/]: Registering item subtypes: jei:forge_gui...
[26Sep2026 18:55:45.931] [Render thread/DEBUG] [mezz.jei.library.load.PluginCallerTimerRunnable/]: Registering item subtypes: advancedrocketrycommunity:jei_plugin...
[26Sep2026 18:55:45.931] [Render thread/DEBUG] [mezz.jei.library.load.PluginCallerTimerRunnable/]: Registering item subtypes: jei:internal...
[26Sep2026 18:55:45.931] [Render thread/INFO] [mezz.jei.library.load.PluginCaller/]: Registering item subtypes took 422.1 microseconds
[26Sep2026 18:55:45.931] [Render thread/INFO] [mezz.jei.library.load.PluginCaller/]: Registering fluid subtypes...
[26Sep2026 18:55:45.931] [Render thread/DEBUG] [mezz.jei.library.load.PluginCallerTimerRunnable/]: Registering fluid subtypes: jei:minecraft...
[26Sep2026 18:55:45.931] [Render thread/DEBUG] [mezz.jei.library.load.PluginCallerTimerRunnable/]: Registering fluid subtypes: jei:gui...
[26Sep2026 18:55:45.931] [Render thread/DEBUG] [mezz.jei.library.load.PluginCallerTimerRunnable/]: Registering fluid subtypes: jei:forge_gui...
[26Sep2026 18:55:45.932] [Render thread/DEBUG] [mezz.jei.library.load.PluginCallerTimerRunnable/]: Registering fluid subtypes: advancedrocketrycommunity:jei_plugin...
[26Sep2026 18:55:45.932] [Render thread/DEBUG] [mezz.jei.library.load.PluginCallerTimerRunnable/]: Registering fluid subtypes: jei:internal...
[26Sep2026 18:55:45.932] [Render thread/INFO] [mezz.jei.library.load.PluginCaller/]: Registering fluid subtypes took 243.0 microseconds
[26Sep2026 18:55:45.932] [Render thread/INFO] [mezz.jei.library.load.PluginCaller/]: Registering ingredients...
[26Sep2026 18:55:45.932] [Render thread/DEBUG] [mezz.jei.library.load.PluginCallerTimerRunnable/]: Registering ingredients: jei:minecraft...
[26Sep2026 18:55:45.933] [Render thread/DEBUG] [mezz.jei.library.plugins.vanilla.ingredients.ItemStackListFactory/]: Added  348/ 348 new items from 'Building Blocks' creative tab's displayItems
[26Sep2026 18:55:45.934] [Render thread/DEBUG] [mezz.jei.library.plugins.vanilla.ingredients.ItemStackListFactory/]: Added  198/ 198 new items from 'Colored Blocks' creative tab's displayItems
[26Sep2026 18:55:45.934] [Render thread/DEBUG] [mezz.jei.library.plugins.vanilla.ingredients.ItemStackListFactory/]: Added  202/ 226 new items from 'Natural Blocks' creative tab's displayItems
[26Sep2026 18:55:45.936] [Render thread/DEBUG] [mezz.jei.library.plugins.vanilla.ingredients.ItemStackListFactory/]: Added   91/ 170 new items from 'Functional Blocks' creative tab's displayItems
[26Sep2026 18:55:45.936] [Render thread/DEBUG] [mezz.jei.library.plugins.vanilla.ingredients.ItemStackListFactory/]: Added    0/ 170 new items from 'Functional Blocks' creative tab's searchTabDisplayItems
[26Sep2026 18:55:45.937] [Render thread/DEBUG] [mezz.jei.library.plugins.vanilla.ingredients.ItemStackListFactory/]: Added   28/  62 new items from 'Redstone Blocks' creative tab's displayItems
[26Sep2026 18:55:45.937] [Render thread/DEBUG] [mezz.jei.library.plugins.vanilla.ingredients.ItemStackListFactory/]: Skipping creative tab: 'Saved Hotbars' because it is type: HOTBAR
[26Sep2026 18:55:45.937] [Render thread/DEBUG] [mezz.jei.library.plugins.vanilla.ingredients.ItemStackListFactory/]: Skipping creative tab: 'Search Items' because it is type: SEARCH
[26Sep2026 18:55:45.937] [Render thread/DEBUG] [mezz.jei.library.plugins.vanilla.ingredients.ItemStackListFactory/]: Added   89/ 101 new items from 'Tools & Utilities' creative tab's displayItems
[26Sep2026 18:55:45.938] [Render thread/DEBUG] [mezz.jei.library.plugins.vanilla.ingredients.ItemStackListFactory/]: Added   86/  97 new items from 'Combat' creative tab's displayItems
[26Sep2026 18:55:45.938] [Render thread/DEBUG] [mezz.jei.library.plugins.vanilla.ingredients.ItemStackListFactory/]: Added  173/ 176 new items from 'Food & Drinks' creative tab's displayItems
[26Sep2026 18:55:45.939] [Render thread/DEBUG] [mezz.jei.library.plugins.vanilla.ingredients.ItemStackListFactory/]: Added  157/ 171 new items from 'Ingredients' creative tab's displayItems
[26Sep2026 18:55:45.940] [Render thread/DEBUG] [mezz.jei.library.plugins.vanilla.ingredients.ItemStackListFactory/]: Added   74/ 245 new items from 'Ingredients' creative tab's searchTabDisplayItems
[26Sep2026 18:55:45.940] [Render thread/DEBUG] [mezz.jei.library.plugins.vanilla.ingredients.ItemStackListFactory/]: Added   76/  76 new items from 'Spawn Eggs' creative tab's displayItems
[26Sep2026 18:55:45.940] [Render thread/DEBUG] [mezz.jei.library.plugins.vanilla.ingredients.ItemStackListFactory/]: Item Group has no display items and no search tab display items. Items from this group will be missing from the JEI ingredient list. Operator Utilities
[26Sep2026 18:55:45.940] [Render thread/DEBUG] [mezz.jei.library.plugins.vanilla.ingredients.ItemStackListFactory/]: Skipping creative tab: 'Survival Inventory' because it is type: INVENTORY
[26Sep2026 18:55:45.940] [Render thread/DEBUG] [mezz.jei.library.plugins.vanilla.ingredients.ItemStackListFactory/]: Added   36/  36 new items from 'Advanced Rocketry: Community Edition' creative tab's displayItems
[26Sep2026 18:55:45.948] [Render thread/INFO] [mezz.jei.library.load.PluginCallerTimerRunnable/]: Registering ingredients: jei:minecraft took 15.35 milliseconds
[26Sep2026 18:55:45.948] [Render thread/DEBUG] [mezz.jei.library.load.PluginCallerTimerRunnable/]: Registering ingredients: jei:gui...
[26Sep2026 18:55:45.948] [Render thread/DEBUG] [mezz.jei.library.load.PluginCallerTimerRunnable/]: Registering ingredients: jei:forge_gui...
[26Sep2026 18:55:45.948] [Render thread/DEBUG] [mezz.jei.library.load.PluginCallerTimerRunnable/]: Registering ingredients: advancedrocketrycommunity:jei_plugin...
[26Sep2026 18:55:45.948] [Render thread/DEBUG] [mezz.jei.library.load.PluginCallerTimerRunnable/]: Registering ingredients: jei:internal...
[26Sep2026 18:55:45.948] [Render thread/INFO] [mezz.jei.library.load.PluginCaller/]: Registering ingredients took 15.86 milliseconds
[26Sep2026 18:55:45.948] [Render thread/INFO] [mezz.jei.library.load.PluginCaller/]: Registering extra ingredients...
[26Sep2026 18:55:45.948] [Render thread/DEBUG] [mezz.jei.library.load.PluginCallerTimerRunnable/]: Registering extra ingredients: jei:minecraft...
[26Sep2026 18:55:45.948] [Render thread/DEBUG] [mezz.jei.library.load.PluginCallerTimerRunnable/]: Registering extra ingredients: jei:gui...
[26Sep2026 18:55:45.948] [Render thread/DEBUG] [mezz.jei.library.load.PluginCallerTimerRunnable/]: Registering extra ingredients: jei:forge_gui...
[26Sep2026 18:55:45.948] [Render thread/DEBUG] [mezz.jei.library.load.PluginCallerTimerRunnable/]: Registering extra ingredients: advancedrocketrycommunity:jei_plugin...
[26Sep2026 18:55:45.948] [Render thread/DEBUG] [mezz.jei.library.load.PluginCallerTimerRunnable/]: Registering extra ingredients: jei:internal...
[26Sep2026 18:55:45.948] [Render thread/INFO] [mezz.jei.library.load.PluginCaller/]: Registering extra ingredients took 369.4 microseconds
[26Sep2026 18:55:45.948] [Render thread/INFO] [mezz.jei.library.load.PluginCaller/]: Registering search ingredient aliases...
[26Sep2026 18:55:45.949] [Render thread/DEBUG] [mezz.jei.library.load.PluginCallerTimerRunnable/]: Registering search ingredient aliases: jei:minecraft...
[26Sep2026 18:55:45.949] [Render thread/DEBUG] [mezz.jei.library.load.PluginCallerTimerRunnable/]: Registering search ingredient aliases: jei:gui...
[26Sep2026 18:55:45.949] [Render thread/DEBUG] [mezz.jei.library.load.PluginCallerTimerRunnable/]: Registering search ingredient aliases: jei:forge_gui...
[26Sep2026 18:55:45.949] [Render thread/DEBUG] [mezz.jei.library.load.PluginCallerTimerRunnable/]: Registering search ingredient aliases: advancedrocketrycommunity:jei_plugin...
[26Sep2026 18:55:45.949] [Render thread/DEBUG] [mezz.jei.library.load.PluginCallerTimerRunnable/]: Registering search ingredient aliases: jei:internal...
[26Sep2026 18:55:45.949] [Render thread/INFO] [mezz.jei.library.load.PluginCaller/]: Registering search ingredient aliases took 270.2 microseconds
[26Sep2026 18:55:45.951] [Render thread/INFO] [mezz.jei.library.load.PluginCaller/]: Registering Mod Info...
[26Sep2026 18:55:45.951] [Render thread/DEBUG] [mezz.jei.library.load.PluginCallerTimerRunnable/]: Registering Mod Info: jei:minecraft...
[26Sep2026 18:55:45.951] [Render thread/DEBUG] [mezz.jei.library.load.PluginCallerTimerRunnable/]: Registering Mod Info: jei:gui...
[26Sep2026 18:55:45.951] [Render thread/DEBUG] [mezz.jei.library.load.PluginCallerTimerRunnable/]: Registering Mod Info: jei:forge_gui...
[26Sep2026 18:55:45.951] [Render thread/DEBUG] [mezz.jei.library.load.PluginCallerTimerRunnable/]: Registering Mod Info: advancedrocketrycommunity:jei_plugin...
[26Sep2026 18:55:45.951] [Render thread/DEBUG] [mezz.jei.library.load.PluginCallerTimerRunnable/]: Registering Mod Info: jei:internal...
[26Sep2026 18:55:45.951] [Render thread/INFO] [mezz.jei.library.load.PluginCaller/]: Registering Mod Info took 257.8 microseconds
[26Sep2026 18:55:45.951] [Render thread/INFO] [mezz.jei.library.load.PluginCaller/]: Registering categories...
[26Sep2026 18:55:45.951] [Render thread/DEBUG] [mezz.jei.library.load.PluginCallerTimerRunnable/]: Registering categories: jei:minecraft...
[26Sep2026 18:55:45.953] [Render thread/DEBUG] [mezz.jei.library.load.PluginCallerTimerRunnable/]: Registering categories: jei:gui...
[26Sep2026 18:55:45.953] [Render thread/DEBUG] [mezz.jei.library.load.PluginCallerTimerRunnable/]: Registering categories: jei:forge_gui...
[26Sep2026 18:55:45.953] [Render thread/DEBUG] [mezz.jei.library.load.PluginCallerTimerRunnable/]: Registering categories: advancedrocketrycommunity:jei_plugin...
[26Sep2026 18:55:45.953] [Render thread/DEBUG] [mezz.jei.library.load.PluginCallerTimerRunnable/]: Registering categories: jei:internal...
[26Sep2026 18:55:45.954] [Render thread/INFO] [mezz.jei.library.load.PluginCaller/]: Registering categories took 2.295 milliseconds
[26Sep2026 18:55:45.954] [Render thread/INFO] [mezz.jei.library.load.PluginCaller/]: Registering vanilla category extensions...
[26Sep2026 18:55:45.954] [Render thread/DEBUG] [mezz.jei.library.load.PluginCallerTimerRunnable/]: Registering vanilla category extensions: jei:minecraft...
[26Sep2026 18:55:45.954] [Render thread/DEBUG] [mezz.jei.library.load.PluginCallerTimerRunnable/]: Registering vanilla category extensions: jei:gui...
[26Sep2026 18:55:45.954] [Render thread/DEBUG] [mezz.jei.library.load.PluginCallerTimerRunnable/]: Registering vanilla category extensions: jei:forge_gui...
[26Sep2026 18:55:45.954] [Render thread/DEBUG] [mezz.jei.library.load.PluginCallerTimerRunnable/]: Registering vanilla category extensions: advancedrocketrycommunity:jei_plugin...
[26Sep2026 18:55:45.954] [Render thread/DEBUG] [mezz.jei.library.load.PluginCallerTimerRunnable/]: Registering vanilla category extensions: jei:internal...
[26Sep2026 18:55:45.954] [Render thread/INFO] [mezz.jei.library.load.PluginCaller/]: Registering vanilla category extensions took 352.9 microseconds
[26Sep2026 18:55:45.954] [Render thread/INFO] [mezz.jei.library.load.PluginCaller/]: Registering recipe catalysts...
[26Sep2026 18:55:45.954] [Render thread/DEBUG] [mezz.jei.library.load.PluginCallerTimerRunnable/]: Registering recipe catalysts: jei:minecraft...
[26Sep2026 18:55:45.955] [Render thread/DEBUG] [mezz.jei.library.load.PluginCallerTimerRunnable/]: Registering recipe catalysts: jei:gui...
[26Sep2026 18:55:45.955] [Render thread/DEBUG] [mezz.jei.library.load.PluginCallerTimerRunnable/]: Registering recipe catalysts: jei:forge_gui...
[26Sep2026 18:55:45.955] [Render thread/DEBUG] [mezz.jei.library.load.PluginCallerTimerRunnable/]: Registering recipe catalysts: advancedrocketrycommunity:jei_plugin...
[26Sep2026 18:55:45.955] [Render thread/DEBUG] [mezz.jei.library.load.PluginCallerTimerRunnable/]: Registering recipe catalysts: jei:internal...
[26Sep2026 18:55:45.955] [Render thread/INFO] [mezz.jei.library.load.PluginCaller/]: Registering recipe catalysts took 334.9 microseconds
[26Sep2026 18:55:45.955] [Render thread/INFO] [mezz.jei.common.util.LoggedTimer/]: Building recipe registry...
[26Sep2026 18:55:45.955] [Render thread/INFO] [mezz.jei.common.util.LoggedTimer/]: Building recipe registry took 356.0 microseconds
[26Sep2026 18:55:45.956] [Render thread/INFO] [mezz.jei.library.load.PluginCaller/]: Registering advanced plugins...
[26Sep2026 18:55:45.956] [Render thread/DEBUG] [mezz.jei.library.load.PluginCallerTimerRunnable/]: Registering advanced plugins: jei:minecraft...
[26Sep2026 18:55:45.956] [Render thread/DEBUG] [mezz.jei.library.load.PluginCallerTimerRunnable/]: Registering advanced plugins: jei:gui...
[26Sep2026 18:55:45.956] [Render thread/DEBUG] [mezz.jei.library.load.PluginCallerTimerRunnable/]: Registering advanced plugins: jei:forge_gui...
[26Sep2026 18:55:45.956] [Render thread/DEBUG] [mezz.jei.library.load.PluginCallerTimerRunnable/]: Registering advanced plugins: advancedrocketrycommunity:jei_plugin...
[26Sep2026 18:55:45.956] [Render thread/DEBUG] [mezz.jei.library.load.PluginCallerTimerRunnable/]: Registering advanced plugins: jei:internal...
[26Sep2026 18:55:45.956] [Render thread/INFO] [mezz.jei.library.load.PluginCaller/]: Registering advanced plugins took 273.7 microseconds
[26Sep2026 18:55:45.956] [Render thread/INFO] [mezz.jei.library.load.PluginCaller/]: Registering recipes...
[26Sep2026 18:55:45.956] [Render thread/DEBUG] [mezz.jei.library.load.PluginCallerTimerRunnable/]: Registering recipes: jei:minecraft...
[26Sep2026 18:55:45.959] [Render thread/DEBUG] [mezz.jei.library.recipes.RecipeManagerInternal/]: Adding recipes: RecipeType[uid=minecraft:crafting, recipeClass=interface net.minecraft.world.item.crafting.CraftingRecipe]
[26Sep2026 18:55:45.982] [Render thread/DEBUG] [mezz.jei.library.recipes.RecipeManagerInternal/]: Adding recipes: RecipeType[uid=minecraft:crafting, recipeClass=interface net.minecraft.world.item.crafting.CraftingRecipe]
[26Sep2026 18:55:45.986] [Render thread/DEBUG] [mezz.jei.library.recipes.RecipeManagerInternal/]: Adding recipes: RecipeType[uid=minecraft:stonecutting, recipeClass=class net.minecraft.world.item.crafting.StonecutterRecipe]
[26Sep2026 18:55:45.987] [Render thread/DEBUG] [mezz.jei.library.recipes.RecipeManagerInternal/]: Adding recipes: RecipeType[uid=minecraft:furnace, recipeClass=class net.minecraft.world.item.crafting.SmeltingRecipe]
[26Sep2026 18:55:45.988] [Render thread/DEBUG] [mezz.jei.library.recipes.RecipeManagerInternal/]: Adding recipes: RecipeType[uid=minecraft:furnace, recipeClass=class net.minecraft.world.item.crafting.SmeltingRecipe]
[26Sep2026 18:55:45.988] [Render thread/DEBUG] [mezz.jei.library.recipes.RecipeManagerInternal/]: Adding recipes: RecipeType[uid=minecraft:smoking, recipeClass=class net.minecraft.world.item.crafting.SmokingRecipe]
[26Sep2026 18:55:45.988] [Render thread/DEBUG] [mezz.jei.library.recipes.RecipeManagerInternal/]: Adding recipes: RecipeType[uid=minecraft:blasting, recipeClass=class net.minecraft.world.item.crafting.BlastingRecipe]
[26Sep2026 18:55:45.988] [Render thread/DEBUG] [mezz.jei.library.recipes.RecipeManagerInternal/]: Adding recipes: RecipeType[uid=minecraft:campfire, recipeClass=class net.minecraft.world.item.crafting.CampfireCookingRecipe]
[26Sep2026 18:55:45.990] [Render thread/DEBUG] [mezz.jei.library.recipes.RecipeManagerInternal/]: Adding recipes: RecipeType[uid=minecraft:fuel, recipeClass=interface mezz.jei.api.recipe.vanilla.IJeiFuelingRecipe]
[26Sep2026 18:55:46.036] [Render thread/DEBUG] [mezz.jei.library.recipes.RecipeManagerInternal/]: Adding recipes: RecipeType[uid=minecraft:anvil, recipeClass=interface mezz.jei.api.recipe.vanilla.IJeiAnvilRecipe]
[26Sep2026 18:55:46.056] [Render thread/DEBUG] [mezz.jei.library.recipes.RecipeManagerInternal/]: Adding recipes: RecipeType[uid=minecraft:smithing, recipeClass=interface net.minecraft.world.item.crafting.SmithingRecipe]
[26Sep2026 18:55:46.064] [Render thread/DEBUG] [mezz.jei.library.recipes.RecipeManagerInternal/]: Adding recipes: RecipeType[uid=minecraft:compostable, recipeClass=interface mezz.jei.api.recipe.vanilla.IJeiCompostingRecipe]
[26Sep2026 18:55:46.094] [Render thread/DEBUG] [mezz.jei.library.recipes.RecipeManagerInternal/]: Adding recipes: RecipeType[uid=minecraft:brewing, recipeClass=interface mezz.jei.api.recipe.vanilla.IJeiBrewingRecipe]
[26Sep2026 18:55:46.180] [Render thread/DEBUG] [mezz.jei.library.recipes.RecipeManagerInternal/]: Adding recipes: RecipeType[uid=minecraft:grindstone, recipeClass=interface mezz.jei.api.recipe.vanilla.IJeiGrindstoneRecipe]
[26Sep2026 18:55:46.194] [Render thread/INFO] [mezz.jei.library.load.PluginCallerTimerRunnable/]: Registering recipes: jei:minecraft took 237.5 milliseconds
[26Sep2026 18:55:46.194] [Render thread/DEBUG] [mezz.jei.library.load.PluginCallerTimerRunnable/]: Registering recipes: jei:gui...
[26Sep2026 18:55:46.194] [Render thread/DEBUG] [mezz.jei.library.load.PluginCallerTimerRunnable/]: Registering recipes: jei:forge_gui...
[26Sep2026 18:55:46.194] [Render thread/DEBUG] [mezz.jei.library.load.PluginCallerTimerRunnable/]: Registering recipes: advancedrocketrycommunity:jei_plugin...
[26Sep2026 18:55:46.194] [Render thread/DEBUG] [mezz.jei.library.recipes.RecipeManagerInternal/]: Adding recipes: RecipeType[uid=advancedrocketrycommunity:electrolyzing, recipeClass=class io.github.sunthemoon.advancedrocketrycommunity.machine.electrolyzer.ElectrolyzerRecipe]
[26Sep2026 18:55:46.195] [Render thread/DEBUG] [mezz.jei.library.recipes.RecipeManagerInternal/]: Adding recipes: RecipeType[uid=advancedrocketrycommunity:rolling, recipeClass=class io.github.sunthemoon.advancedrocketrycommunity.machine.rolling.RollingMachineRecipe]
[26Sep2026 18:55:46.197] [Render thread/DEBUG] [mezz.jei.library.recipes.RecipeManagerInternal/]: Adding recipes: RecipeType[uid=advancedrocketrycommunity:precision_assembling, recipeClass=class io.github.sunthemoon.advancedrocketrycommunity.machine.precision.PrecisionAssemblerRecipe]
[26Sep2026 18:55:46.197] [Render thread/INFO] [io.github.sunthemoon.advancedrocketrycommunity.AdvancedRocketryCommunity/]: ARCE-BETA-1100 optional_compat=jei status=registered recipes=1
[26Sep2026 18:55:46.197] [Render thread/INFO] [io.github.sunthemoon.advancedrocketrycommunity.AdvancedRocketryCommunity/]: ARCE-BETA-1100 optional_compat=jei machine_recipes rolling=1 precision=2
[26Sep2026 18:55:46.197] [Render thread/DEBUG] [mezz.jei.library.load.PluginCallerTimerRunnable/]: Registering recipes: jei:internal...
[26Sep2026 18:55:46.198] [Render thread/DEBUG] [mezz.jei.library.recipes.RecipeManagerInternal/]: Adding recipes: RecipeType[uid=minecraft:tag_recipes/item, recipeClass=interface mezz.jei.library.plugins.jei.tags.ITagInfoRecipe]
[26Sep2026 18:55:46.198] [Render thread/DEBUG] [mezz.jei.library.recipes.RecipeManagerInternal/]: Adding recipes: RecipeType[uid=minecraft:tag_recipes/fluid, recipeClass=interface mezz.jei.library.plugins.jei.tags.ITagInfoRecipe]
[26Sep2026 18:55:46.198] [Render thread/DEBUG] [mezz.jei.library.recipes.RecipeManagerInternal/]: Adding recipes: RecipeType[uid=minecraft:tag_recipes/block, recipeClass=interface mezz.jei.library.plugins.jei.tags.ITagInfoRecipe]
[26Sep2026 18:55:46.198] [Render thread/INFO] [mezz.jei.library.load.PluginCaller/]: Registering recipes took 242.3 milliseconds
[26Sep2026 18:55:46.199] [Render thread/INFO] [mezz.jei.library.load.PluginCaller/]: Registering recipes transfer handlers...
[26Sep2026 18:55:46.199] [Render thread/DEBUG] [mezz.jei.library.load.PluginCallerTimerRunnable/]: Registering recipes transfer handlers: jei:minecraft...
[26Sep2026 18:55:46.199] [Render thread/DEBUG] [mezz.jei.library.load.PluginCallerTimerRunnable/]: Registering recipes transfer handlers: jei:gui...
[26Sep2026 18:55:46.199] [Render thread/DEBUG] [mezz.jei.library.load.PluginCallerTimerRunnable/]: Registering recipes transfer handlers: jei:forge_gui...
[26Sep2026 18:55:46.199] [Render thread/DEBUG] [mezz.jei.library.load.PluginCallerTimerRunnable/]: Registering recipes transfer handlers: advancedrocketrycommunity:jei_plugin...
[26Sep2026 18:55:46.199] [Render thread/DEBUG] [mezz.jei.library.load.PluginCallerTimerRunnable/]: Registering recipes transfer handlers: jei:internal...
[26Sep2026 18:55:46.199] [Render thread/INFO] [mezz.jei.library.load.PluginCaller/]: Registering recipes transfer handlers took 336.4 microseconds
[26Sep2026 18:55:46.200] [Render thread/INFO] [mezz.jei.common.util.LoggedTimer/]: Building runtime...
[26Sep2026 18:55:46.200] [Render thread/INFO] [mezz.jei.library.load.PluginCaller/]: Registering gui handlers...
[26Sep2026 18:55:46.200] [Render thread/DEBUG] [mezz.jei.library.load.PluginCallerTimerRunnable/]: Registering gui handlers: jei:minecraft...
[26Sep2026 18:55:46.200] [Render thread/DEBUG] [mezz.jei.library.load.PluginCallerTimerRunnable/]: Registering gui handlers: jei:gui...
[26Sep2026 18:55:46.200] [Render thread/DEBUG] [mezz.jei.library.load.PluginCallerTimerRunnable/]: Registering gui handlers: jei:forge_gui...
[26Sep2026 18:55:46.200] [Render thread/DEBUG] [mezz.jei.library.load.PluginCallerTimerRunnable/]: Registering gui handlers: advancedrocketrycommunity:jei_plugin...
[26Sep2026 18:55:46.200] [Render thread/DEBUG] [mezz.jei.library.load.PluginCallerTimerRunnable/]: Registering gui handlers: jei:internal...
[26Sep2026 18:55:46.200] [Render thread/INFO] [mezz.jei.library.load.PluginCaller/]: Registering gui handlers took 396.3 microseconds
[26Sep2026 18:55:46.200] [Render thread/INFO] [mezz.jei.library.load.PluginCaller/]: Registering advanced search...
[26Sep2026 18:55:46.201] [Render thread/DEBUG] [mezz.jei.library.load.PluginCallerTimerRunnable/]: Registering advanced search: jei:minecraft...
[26Sep2026 18:55:46.201] [Render thread/DEBUG] [mezz.jei.library.load.PluginCallerTimerRunnable/]: Registering advanced search: jei:gui...
[26Sep2026 18:55:46.201] [Render thread/DEBUG] [mezz.jei.library.load.PluginCallerTimerRunnable/]: Registering advanced search: jei:forge_gui...
[26Sep2026 18:55:46.201] [Render thread/DEBUG] [mezz.jei.library.load.PluginCallerTimerRunnable/]: Registering advanced search: advancedrocketrycommunity:jei_plugin...
[26Sep2026 18:55:46.201] [Render thread/DEBUG] [mezz.jei.library.load.PluginCallerTimerRunnable/]: Registering advanced search: jei:internal...
[26Sep2026 18:55:46.201] [Render thread/INFO] [mezz.jei.library.load.PluginCaller/]: Registering advanced search took 517.3 microseconds
[26Sep2026 18:55:46.201] [Render thread/INFO] [mezz.jei.library.load.PluginCaller/]: Registering Runtime...
[26Sep2026 18:55:46.201] [Render thread/DEBUG] [mezz.jei.library.load.PluginCallerTimerRunnable/]: Registering Runtime: jei:minecraft...
[26Sep2026 18:55:46.201] [Render thread/DEBUG] [mezz.jei.library.load.PluginCallerTimerRunnable/]: Registering Runtime: jei:gui...
[26Sep2026 18:55:46.201] [Render thread/DEBUG] [mezz.jei.library.load.PluginCallerTimerRunnable/]: Registering Runtime: jei:forge_gui...
[26Sep2026 18:55:46.201] [Render thread/INFO] [mezz.jei.gui.startup.JeiGuiStarter/]: Starting JEI GUI
[26Sep2026 18:55:46.202] [Render thread/INFO] [mezz.jei.common.util.LoggedTimer/]: Building ingredient list...
[26Sep2026 18:55:46.202] [Render thread/DEBUG] [mezz.jei.gui.ingredients.IngredientListElementFactory/]: Registering ingredients: ItemStack
[26Sep2026 18:55:46.211] [Render thread/DEBUG] [mezz.jei.gui.ingredients.IngredientListElementFactory/]: Registering ingredients: FluidStack
[26Sep2026 18:55:46.212] [Render thread/INFO] [mezz.jei.common.util.LoggedTimer/]: Building ingredient list took 10.03 milliseconds
[26Sep2026 18:55:46.212] [Render thread/INFO] [mezz.jei.common.util.LoggedTimer/]: Building ingredient filter...
[26Sep2026 18:55:46.257] [Render thread/INFO] [mezz.jei.gui.ingredients.IngredientFilter/]: Adding 1560 ingredients
[26Sep2026 18:55:46.264] [Render thread/INFO] [mezz.jei.gui.ingredients.IngredientFilter/]: Added 1560 ingredients
[26Sep2026 18:55:46.265] [Render thread/INFO] [mezz.jei.common.util.LoggedTimer/]: Building ingredient filter took 52.43 milliseconds
[26Sep2026 18:55:46.269] [Render thread/INFO] [mezz.jei.library.load.PluginCallerTimerRunnable/]: Registering Runtime: jei:forge_gui took 68.54 milliseconds
[26Sep2026 18:55:46.269] [Render thread/DEBUG] [mezz.jei.library.load.PluginCallerTimerRunnable/]: Registering Runtime: advancedrocketrycommunity:jei_plugin...
[26Sep2026 18:55:46.270] [Render thread/DEBUG] [mezz.jei.library.load.PluginCallerTimerRunnable/]: Registering Runtime: jei:internal...
[26Sep2026 18:55:46.270] [Render thread/INFO] [mezz.jei.library.load.PluginCaller/]: Registering Runtime took 69.35 milliseconds
[26Sep2026 18:55:46.270] [Render thread/INFO] [mezz.jei.common.util.LoggedTimer/]: Building runtime took 71.05 milliseconds
[26Sep2026 18:55:46.270] [Render thread/INFO] [mezz.jei.library.load.PluginCaller/]: Sending Runtime...
[26Sep2026 18:55:46.270] [Render thread/DEBUG] [mezz.jei.library.load.PluginCallerTimerRunnable/]: Sending Runtime: jei:minecraft...
[26Sep2026 18:55:46.270] [Render thread/DEBUG] [mezz.jei.library.load.PluginCallerTimerRunnable/]: Sending Runtime: jei:gui...
[26Sep2026 18:55:46.270] [Render thread/DEBUG] [mezz.jei.library.load.PluginCallerTimerRunnable/]: Sending Runtime: jei:forge_gui...
[26Sep2026 18:55:46.270] [Render thread/DEBUG] [mezz.jei.library.load.PluginCallerTimerRunnable/]: Sending Runtime: advancedrocketrycommunity:jei_plugin...
[26Sep2026 18:55:46.270] [Render thread/DEBUG] [mezz.jei.library.load.PluginCallerTimerRunnable/]: Sending Runtime: jei:internal...
[26Sep2026 18:55:46.270] [Render thread/INFO] [mezz.jei.library.load.PluginCaller/]: Sending Runtime took 308.6 microseconds
[26Sep2026 18:55:46.270] [Render thread/INFO] [mezz.jei.common.util.LoggedTimer/]: Starting JEI took 340.7 milliseconds
[26Sep2026 18:55:46.624] [Render thread/INFO] [net.minecraft.advancements.AdvancementList/]: Loaded 2 advancements
[26Sep2026 18:55:47.932] [JEI Delayed Executor 0/DEBUG] [mezz.jei.common.config.file.ConfigSerializer/]: Saving config file: D:\GitHub\AdvancedRocketry-Community\.gradle\v120-jei-session\client\config\jei\jei-mod-id-format.ini
[26Sep2026 18:55:47.939] [JEI Delayed Executor 0/DEBUG] [mezz.jei.common.config.file.ConfigSerializer/]: Saving config file: D:\GitHub\AdvancedRocketry-Community\.gradle\v120-jei-session\client\config\jei\jei-client.ini
[26Sep2026 18:55:47.942] [JEI Delayed Executor 0/DEBUG] [mezz.jei.common.config.file.ConfigSerializer/]: Saving config file: D:\GitHub\AdvancedRocketry-Community\.gradle\v120-jei-session\client\config\jei\jei-debug.ini
[26Sep2026 18:55:47.943] [JEI Delayed Executor 0/DEBUG] [mezz.jei.common.config.file.ConfigSerializer/]: Saving config file: D:\GitHub\AdvancedRocketry-Community\.gradle\v120-jei-session\client\config\jei\jei-colors.ini
[26Sep2026 18:55:48.446] [JEI Config File Watcher/DEBUG] [mezz.jei.common.config.file.FileWatcherThread/]: Detected changes in files:
D:\GitHub\AdvancedRocketry-Community\.gradle\v120-jei-session\client\config\jei\jei-mod-id-format.ini
D:\GitHub\AdvancedRocketry-Community\.gradle\v120-jei-session\client\config\jei\jei-client.ini
D:\GitHub\AdvancedRocketry-Community\.gradle\v120-jei-session\client\config\jei\jei-debug.ini
D:\GitHub\AdvancedRocketry-Community\.gradle\v120-jei-session\client\config\jei\jei-colors.ini
[26Sep2026 18:56:12.505] [Render thread/INFO] [net.minecraft.client.gui.components.ChatComponent/]: [System] [CHAT] Your game mode has been updated to Creative Mode
[26Sep2026 18:56:15.583] [Render thread/INFO] [net.minecraft.client.gui.components.ChatComponent/]: [System] [CHAT] Saved screenshot as 2026-09-26_18.56.15.png
[26Sep2026 18:56:17.104] [Render thread/INFO] [net.minecraft.client.gui.components.ChatComponent/]: [System] [CHAT] Saved screenshot as 2026-09-26_18.56.17.png
[26Sep2026 18:56:56.995] [Render thread/DEBUG] [mezz.jei.common.config.file.ConfigSerializer/]: Skipping loading config file, it was just saved by us: D:\GitHub\AdvancedRocketry-Community\.gradle\v120-jei-session\client\config\jei\jei-debug.ini
[26Sep2026 18:56:56.995] [Render thread/DEBUG] [mezz.jei.common.config.file.ConfigSerializer/]: Skipping loading config file, it was just saved by us: D:\GitHub\AdvancedRocketry-Community\.gradle\v120-jei-session\client\config\jei\jei-client.ini
[26Sep2026 18:56:58.062] [Render thread/INFO] [net.minecraft.client.gui.components.ChatComponent/]: [System] [CHAT] Saved screenshot as 2026-09-26_18.56.58.png
[26Sep2026 18:57:18.209] [Render thread/INFO] [net.minecraft.client.gui.components.ChatComponent/]: [System] [CHAT] Saved screenshot as 2026-09-26_18.57.18.png
[26Sep2026 18:58:05.397] [Render thread/DEBUG] [mezz.jei.common.config.file.ConfigSerializer/]: Skipping loading config file, it was just saved by us: D:\GitHub\AdvancedRocketry-Community\.gradle\v120-jei-session\client\config\jei\jei-mod-id-format.ini
[26Sep2026 18:58:06.429] [Render thread/INFO] [net.minecraft.client.gui.components.ChatComponent/]: [System] [CHAT] Saved screenshot as 2026-09-26_18.58.06.png
[26Sep2026 18:58:30.849] [Render thread/INFO] [net.minecraft.client.gui.components.ChatComponent/]: [System] [CHAT] Saved screenshot as 2026-09-26_18.58.30.png
[26Sep2026 18:58:32.302] [Render thread/INFO] [net.minecraft.client.gui.components.ChatComponent/]: [System] [CHAT] Saved screenshot as 2026-09-26_18.58.32.png
[26Sep2026 18:59:18.171] [Render thread/INFO] [net.minecraft.client.gui.components.ChatComponent/]: [System] [CHAT] Saved screenshot as 2026-09-26_18.59.18.png
[26Sep2026 18:59:19.141] [Render thread/INFO] [net.minecraft.client.gui.components.ChatComponent/]: [System] [CHAT] Saved screenshot as 2026-09-26_18.59.19.png
[26Sep2026 18:59:20.146] [Render thread/INFO] [net.minecraft.client.gui.components.ChatComponent/]: [System] [CHAT] Saved screenshot as 2026-09-26_18.59.20.png
[26Sep2026 18:59:59.501] [Render thread/INFO] [net.minecraft.client.gui.components.ChatComponent/]: [System] [CHAT] Saved screenshot as 2026-09-26_18.59.59.png
[26Sep2026 18:59:59.901] [Render thread/INFO] [mezz.jei.library.startup.JeiStarter/]: Stopping JEI
[26Sep2026 18:59:59.901] [Render thread/INFO] [mezz.jei.library.load.PluginCaller/]: Sending Runtime Unavailable...
[26Sep2026 18:59:59.901] [Render thread/DEBUG] [mezz.jei.library.load.PluginCallerTimerRunnable/]: Sending Runtime Unavailable: jei:minecraft...
[26Sep2026 18:59:59.901] [Render thread/DEBUG] [mezz.jei.library.load.PluginCallerTimerRunnable/]: Sending Runtime Unavailable: jei:gui...
[26Sep2026 18:59:59.901] [Render thread/DEBUG] [mezz.jei.library.load.PluginCallerTimerRunnable/]: Sending Runtime Unavailable: jei:forge_gui...
[26Sep2026 18:59:59.901] [Render thread/INFO] [mezz.jei.forge.plugins.forge.ForgeGuiPlugin/]: Stopping JEI GUI
[26Sep2026 18:59:59.902] [Render thread/DEBUG] [mezz.jei.library.load.PluginCallerTimerRunnable/]: Sending Runtime Unavailable: advancedrocketrycommunity:jei_plugin...
[26Sep2026 18:59:59.902] [Render thread/DEBUG] [mezz.jei.library.load.PluginCallerTimerRunnable/]: Sending Runtime Unavailable: jei:internal...
[26Sep2026 18:59:59.902] [Render thread/INFO] [mezz.jei.library.load.PluginCaller/]: Sending Runtime Unavailable took 1.551 milliseconds
[26Sep2026 18:59:59.918] [Render thread/INFO] [net.minecraft.client.Minecraft/]: Stopping!
[26Sep2026 18:59:59.921] [Render thread/DEBUG] [mezz.jei.forge.startup.StartEventObserver/]: JEI StartEventObserver received event: class net.minecraftforge.client.event.ClientPlayerNetworkEvent$LoggingOut
[26Sep2026 18:59:59.921] [Render thread/DEBUG] [mezz.jei.forge.startup.StartEventObserver/]: JEI StartEventObserver transitioning state from JEI_STARTED to LISTENING
