source_path,kind,bytes,width,height,color_mode,sha256,license_status,source_commit,target_version,target_path,transformation,status,notes
src/main/resources/assets/advancedrocketry/advancements/normal/beer.json,advancement,430,,,,cf6055e7e1ec8c57761f2ba6a5d656e0d59e066cdb5918bedc378ed26addcedc,UPSTREAM_AR_MIT,c5cd5af62fc07cd4e0d24f06a16033f181c47c04,,,,INVENTORIED,
src/main/resources/assets/advancedrocketry/advancements/normal/blockpresser.json,advancement,628,,,,591a8ed685b4d7f65d5dfbe5bc526981230519c437b3e69f557d411b26b1fffc,UPSTREAM_AR_MIT,c5cd5af62fc07cd4e0d24f06a16033f181c47c04,,,,INVENTORIED,
src/main/resources/assets/advancedrocketry/advancements/normal/crystalline.json,advancement,662,,,,ab3a8e1a675bf5edb13ccc069e389e7faa2e18aa2906956bfe7618a5e14c0f89,UPSTREAM_AR_MIT,c5cd5af62fc07cd4e0d24f06a16033f181c47c04,,,,INVENTORIED,
src/main/resources/assets/advancedrocketry/advancements/normal/dilithium.json,advancement,674,,,,30011ba71a435bc8c28db0e3c4e1eeb473d84b123610bab0d354a845c3f9d02d,UPSTREAM_AR_MIT,c5cd5af62fc07cd4e0d24f06a16033f181c47c04,,,,INVENTORIED,
src/main/resources/assets/advancedrocketry/advancements/normal/electrifying.json,advancement,664,,,,8fccd53bd510a34882009c3ca2c30c53903be31be826381ad1a777b2c3ea92b6,UPSTREAM_AR_MIT,c5cd5af62fc07cd4e0d24f06a16033f181c47c04,,,,INVENTORIED,
src/main/resources/assets/advancedrocketry/advancements/normal/feeltheheat.json,advancement,658,,,,7378a6559a5252bc162d9554651affb5bb0eefdeefd00b9f23bffd18a6ea4403,UPSTREAM_AR_MIT,c5cd5af62fc07cd4e0d24f06a16033f181c47c04,,,,INVENTORIED,
src/main/resources/assets/advancedrocketry/advancements/normal/flightofpheonix.json,advancement,489,,,,5ab48fa1659d81cf592e2ebfd7f423b571c1edd225c2df3355e4e09f70f94f45,UPSTREAM_AR_MIT,c5cd5af62fc07cd4e0d24f06a16033f181c47c04,,,,INVENTORIED,
src/main/resources/assets/advancedrocketry/advancements/normal/givingitallshesgot.json,advancement,464,,,,1895f4d3e1e26ecdb04642da4fbceabfe27281bdb6696e4eeccfdb1a11dbb7f0,UPSTREAM_AR_MIT,c5cd5af62fc07cd4e0d24f06a16033f181c47c04,,,,INVENTORIED,
src/main/resources/assets/advancedrocketry/advancements/normal/holographic.json,advancement,651,,,,a1883da4cb7677680bb8a80809a64205cf98d2b78040e9313f0581411c5510b6,UPSTREAM_AR_MIT,c5cd5af62fc07cd4e0d24f06a16033f181c47c04,,,,INVENTORIED,
src/main/resources/assets/advancedrocketry/advancements/normal/moonlanding.json,advancement,436,,,,e7bff7c8373a64c4fd4aa050810fc8e42a13c62017f152fe2659d2480d0cbf47,UPSTREAM_AR_MIT,c5cd5af62fc07cd4e0d24f06a16033f181c47c04,,,,INVENTORIED,
src/main/resources/assets/advancedrocketry/advancements/normal/onesmallstep.json,advancement,478,,,,d56b84b02fb3fd6ef21ce50e43c48ab0b59ce05c7eac7e9ff69ba315ab35c648,UPSTREAM_AR_MIT,c5cd5af62fc07cd4e0d24f06a16033f181c47c04,,,,INVENTORIED,
src/main/resources/assets/advancedrocketry/advancements/normal/rollin.json,advancement,656,,,,caf00ba5e4d1f89777af7db7467dbb997475bb554793af524803b7d5d3df54c4,UPSTREAM_AR_MIT,c5cd5af62fc07cd4e0d24f06a16033f181c47c04,,,,INVENTORIED,
src/main/resources/assets/advancedrocketry/advancements/normal/root.json,advancement,763,,,,2a5bf3b8f4a45b44db05c42b38fed09f993dd1974f02a2bde3ad5b2656b9a049,UPSTREAM_AR_MIT,c5cd5af62fc07cd4e0d24f06a16033f181c47c04,,,,INVENTORIED,
src/main/resources/assets/advancedrocketry/advancements/normal/spindoctor.json,advancement,646,,,,3b1d5425b2849eb9254de3298e5f1911a41be13159fbcf7d62cefd4b55f79bad,UPSTREAM_AR_MIT,c5cd5af62fc07cd4e0d24f06a16033f181c47c04,,,,INVENTORIED,
src/main/resources/assets/advancedrocketry/advancements/normal/suitedup.json,advancement,945,,,,8ba6d8dc4e44a1757e1e80147fc755e6024cf6caf801f2a133420cc5bd590886,UPSTREAM_AR_MIT,c5cd5af62fc07cd4e0d24f06a16033f181c47c04,,,,INVENTORIED,
src/main/resources/assets/advancedrocketry/advancements/normal/warp.json,advancement,638,,,,6cc96950b299dd16eba131ee831d4d337ff307f867ef70d6fae53a1640922e10,UPSTREAM_AR_MIT,c5cd5af62fc07cd4e0d24f06a16033f181c47c04,,,,INVENTORIED,
src/main/resources/assets/advancedrocketry/advancements/normal/wenttothemoon.json,advancement,503,,,,bac977f1b697be0d391b39d1b95a69cef2a4223865e59c3f8265b22a34233ecc,UPSTREAM_AR_MIT,c5cd5af62fc07cd4e0d24f06a16033f181c47c04,,,,INVENTORIED,
src/main/resources/assets/advancedrocketry/blockstates/advbipropellantrocketmotor.json,blockstate,1565,,,,442d4077b1994ec279c7ed931f650244447922ff361a902de3625d267a4e35fd,UPSTREAM_AR_MIT,c5cd5af62fc07cd4e0d24f06a16033f181c47c04,,,,INVENTORIED,
src/main/resources/assets/advancedrocketry/blockstates/advrocketmotor.json,blockstate,1373,,,,8f89ac917a6d810a3294de3323e175fa5e643ad1ae4c5ad628a7f32b1407f4cb,UPSTREAM_AR_MIT,c5cd5af62fc07cd4e0d24f06a16033f181c47c04,,,,INVENTORIED,
src/main/resources/assets/advancedrocketry/blockstates/airlock_door.json,blockstate,8471,,,,0cee24fe88c3a5d0791fe53aa9a24c09b5a40d9101f6728604e9012a6129ae2b,UPSTREAM_AR_MIT,c5cd5af62fc07cd4e0d24f06a16033f181c47c04,,,,INVENTORIED,
src/main/resources/assets/advancedrocketry/blockstates/alienleaves.json,blockstate,488,,,,030e45ec4d4f0a4e0005d1f3d9d158ff4643b28ba2636c2601aba411b58550aa,UPSTREAM_AR_MIT,c5cd5af62fc07cd4e0d24f06a16033f181c47c04,,,,INVENTORIED,
src/main/resources/assets/advancedrocketry/blockstates/aliensapling.json,blockstate,343,,,,9d4f1f04e5d13d4cb0418fd00ca1b18593758ea461d451d0d6bb9236a39a14d9,UPSTREAM_AR_MIT,c5cd5af62fc07cd4e0d24f06a16033f181c47c04,,,,INVENTORIED,
src/main/resources/assets/advancedrocketry/blockstates/alienwood.json,blockstate,691,,,,4273bb7bea4c5897d082ac664dd5925e8941f3ed155ec909476bff27699572b7,UPSTREAM_AR_MIT,c5cd5af62fc07cd4e0d24f06a16033f181c47c04,,,,INVENTORIED,
src/main/resources/assets/advancedrocketry/blockstates/altitudecontroller.json,blockstate,1050,,,,bd139d99d8a3fb9966eb6636a03f9b7c7b049a7b5ccc389d99759955cbd103b9,UPSTREAM_AR_MIT,c5cd5af62fc07cd4e0d24f06a16033f181c47c04,,,,INVENTORIED,
src/main/resources/assets/advancedrocketry/blockstates/arcfurnace.json,blockstate,1578,,,,90101452953b5e50f16210f1f4bbcd9895f753a1fb98a64dd98762624fc85dc5,UPSTREAM_AR_MIT,c5cd5af62fc07cd4e0d24f06a16033f181c47c04,,,,INVENTORIED,
src/main/resources/assets/advancedrocketry/blockstates/basalt.json,blockstate,305,,,,3110d3fb0cdd01f9375ede0b0d93b0d919cb50f4e682ee80237a255003ba57da,UPSTREAM_AR_MIT,c5cd5af62fc07cd4e0d24f06a16033f181c47c04,,,,INVENTORIED,
src/main/resources/assets/advancedrocketry/blockstates/beacon.json,blockstate,982,,,,e746ea48be191b465c55ca078eb3e745f803bf4a70e4f9c788a6f6ec7935ac66,UPSTREAM_AR_MIT,c5cd5af62fc07cd4e0d24f06a16033f181c47c04,,,,INVENTORIED,
src/main/resources/assets/advancedrocketry/blockstates/biomescanner.json,blockstate,1154,,,,7ea0bf54ae1ce0189948282caf98b7b762aea9aa68783af85de372a6f0e6facf,UPSTREAM_AR_MIT,c5cd5af62fc07cd4e0d24f06a16033f181c47c04,,,,INVENTORIED,
src/main/resources/assets/advancedrocketry/blockstates/bipropellantfueltank.json,blockstate,669,,,,bfa9f1da6fed5c363bd3624e4c0cc0a791dfc5ad009a698554cb0ab3b084f82b,UPSTREAM_AR_MIT,c5cd5af62fc07cd4e0d24f06a16033f181c47c04,,,,INVENTORIED,
src/main/resources/assets/advancedrocketry/blockstates/bipropellantrocketmotor.json,blockstate,1626,,,,761d333ea23005b37091d29ee09f9041115f18909a76020e721730189c35312c,UPSTREAM_AR_MIT,c5cd5af62fc07cd4e0d24f06a16033f181c47c04,,,,INVENTORIED,
src/main/resources/assets/advancedrocketry/blockstates/blackholegenerator.json,blockstate,991,,,,ab35ea381b4f8069052745ca40120dc947fed0355962a7e9aeb4f67a50681053,UPSTREAM_AR_MIT,c5cd5af62fc07cd4e0d24f06a16033f181c47c04,,,,INVENTORIED,
src/main/resources/assets/advancedrocketry/blockstates/blastbrick.json,blockstate,738,,,,d5c6f947cb0d41676f9f27cf19f1878a84787e093b8fc105bd6db12d75a3edbb,UPSTREAM_AR_MIT,c5cd5af62fc07cd4e0d24f06a16033f181c47c04,,,,INVENTORIED,
src/main/resources/assets/advancedrocketry/blockstates/blocklens.json,blockstate,304,,,,be6947a11066cba6dfbe074427d90c07a39f902fd779a9dd80f50952fd9903a6,UPSTREAM_AR_MIT,c5cd5af62fc07cd4e0d24f06a16033f181c47c04,,,,INVENTORIED,
src/main/resources/assets/advancedrocketry/blockstates/blockpump.json,blockstate,1137,,,,a42c3234a71122d7e3d01c78229afa2ef3d328cb0550c6f8943da01a3c7a4807,UPSTREAM_AR_MIT,c5cd5af62fc07cd4e0d24f06a16033f181c47c04,,,,INVENTORIED,
src/main/resources/assets/advancedrocketry/blockstates/centrifuge.json,blockstate,995,,,,9fe2f87500552777ce0c92cb03e865db355d3f47e8d2dcfecbf6272530313991,UPSTREAM_AR_MIT,c5cd5af62fc07cd4e0d24f06a16033f181c47c04,,,,INVENTORIED,
src/main/resources/assets/advancedrocketry/blockstates/charcoallog.json,blockstate,703,,,,183f2232d3acca92863fe8e2b08186584c90811d42c52c60c9c2f01bf976385d,UPSTREAM_AR_MIT,c5cd5af62fc07cd4e0d24f06a16033f181c47c04,,,,INVENTORIED,
src/main/resources/assets/advancedrocketry/blockstates/chemicalreactor.json,blockstate,1557,,,,8711852b56c41bf0a62c72eb9b5e6ef25db59b417e9ec65fcc85189691cfe2a6,UPSTREAM_AR_MIT,c5cd5af62fc07cd4e0d24f06a16033f181c47c04,,,,INVENTORIED,
src/main/resources/assets/advancedrocketry/blockstates/circlelight.json,blockstate,311,,,,13cb603faa722985fb82a357b19de2cebb4733e7a262d088ff1477da3c5c684b,UPSTREAM_AR_MIT,c5cd5af62fc07cd4e0d24f06a16033f181c47c04,,,,INVENTORIED,
src/main/resources/assets/advancedrocketry/blockstates/concrete.json,blockstate,315,,,,6fbbb2948f0aee8fad78a2a58c169c93f6cea7755cfe997e90c340ecc567ccd0,UPSTREAM_AR_MIT,c5cd5af62fc07cd4e0d24f06a16033f181c47c04,,,,INVENTORIED,
src/main/resources/assets/advancedrocketry/blockstates/crystal.json,blockstate,398,,,,ac91e7822030f36a91e85486dcd7a98f726ad5e314939f3ffa0a0467a11c5983,UPSTREAM_AR_MIT,c5cd5af62fc07cd4e0d24f06a16033f181c47c04,,,,INVENTORIED,
src/main/resources/assets/advancedrocketry/blockstates/crystallizer.json,blockstate,1557,,,,8711852b56c41bf0a62c72eb9b5e6ef25db59b417e9ec65fcc85189691cfe2a6,UPSTREAM_AR_MIT,c5cd5af62fc07cd4e0d24f06a16033f181c47c04,,,,INVENTORIED,
src/main/resources/assets/advancedrocketry/blockstates/cuttingmachine.json,blockstate,1567,,,,d4bd3613c80fbd6853b5b9918cdc037929ba2303eda8c091ca332e1c2be8166c,UPSTREAM_AR_MIT,c5cd5af62fc07cd4e0d24f06a16033f181c47c04,,,,INVENTORIED,
src/main/resources/assets/advancedrocketry/blockstates/datapipe.json,blockstate,92,,,,996d3ac1979ea0583e4722d0d4678dfba7fda6e5fc5149158eb1150345159fd9,UPSTREAM_AR_MIT,c5cd5af62fc07cd4e0d24f06a16033f181c47c04,,,,INVENTORIED,
src/main/resources/assets/advancedrocketry/blockstates/deployablerocketbuilder.json,blockstate,988,,,,d46bf5e2413f51d9cc959035a742ee11793acc47cff1378ebc614ef2da3e8f91,UPSTREAM_AR_MIT,c5cd5af62fc07cd4e0d24f06a16033f181c47c04,,,,INVENTORIED,
src/main/resources/assets/advancedrocketry/blockstates/drill.json,blockstate,721,,,,a2b18d43604e3328d5f839364927e62682b5ef98f1fc393b1c7de4d93848d48b,UPSTREAM_AR_MIT,c5cd5af62fc07cd4e0d24f06a16033f181c47c04,,,,INVENTORIED,
src/main/resources/assets/advancedrocketry/blockstates/electricmushroom.json,blockstate,317,,,,ca27e153529072e34a9592f5e3f9b33b7b9289a73b3832a99a111a04577960be,UPSTREAM_AR_MIT,c5cd5af62fc07cd4e0d24f06a16033f181c47c04,,,,INVENTORIED,
src/main/resources/assets/advancedrocketry/blockstates/electrolyser.json,blockstate,1592,,,,3a00042854eeed34b6ccd5ce6cf69c4900cd6a78d57174124eb76431e839556d,UPSTREAM_AR_MIT,c5cd5af62fc07cd4e0d24f06a16033f181c47c04,,,,INVENTORIED,
src/main/resources/assets/advancedrocketry/blockstates/energypipe.json,blockstate,94,,,,12f26a456c848d8be287f72ae791f8db7b7bcd85c03c7b9db5ab4fe7ed9a9cfc,UPSTREAM_AR_MIT,c5cd5af62fc07cd4e0d24f06a16033f181c47c04,,,,INVENTORIED,
src/main/resources/assets/advancedrocketry/blockstates/fluid.json,blockstate,609,,,,8c6ec0b519c18b28d088333f5bb316f6d7c0f3278b0966653c3bd50a463cfdbb,UPSTREAM_AR_MIT,c5cd5af62fc07cd4e0d24f06a16033f181c47c04,,,,INVENTORIED,
src/main/resources/assets/advancedrocketry/blockstates/forcefield.json,blockstate,309,,,,7b45c5c2b386ad7ba4a11417bf4c95d643f50e5ff773d4d4ed86843f6f7eef40,UPSTREAM_AR_MIT,c5cd5af62fc07cd4e0d24f06a16033f181c47c04,,,,INVENTORIED,
src/main/resources/assets/advancedrocketry/blockstates/forcefieldprojector.json,blockstate,1082,,,,dc0eddade71543f16e33060821751e1932e16f581e1c36a1cf15008f7c59cf3c,UPSTREAM_AR_MIT,c5cd5af62fc07cd4e0d24f06a16033f181c47c04,,,,INVENTORIED,
src/main/resources/assets/advancedrocketry/blockstates/fuelingstation.json,blockstate,997,,,,861a6d6c54bd872ee1f9c606db6f4b30b1b75692ab8adfe3740561119bc927c5,UPSTREAM_AR_MIT,c5cd5af62fc07cd4e0d24f06a16033f181c47c04,,,,INVENTORIED,
src/main/resources/assets/advancedrocketry/blockstates/fueltank.json,blockstate,669,,,,bfa9f1da6fed5c363bd3624e4c0cc0a791dfc5ad009a698554cb0ab3b084f82b,UPSTREAM_AR_MIT,c5cd5af62fc07cd4e0d24f06a16033f181c47c04,,,,INVENTORIED,
src/main/resources/assets/advancedrocketry/blockstates/geode.json,blockstate,304,,,,24d658f4f2c0419413b93d2005bc734979bce8d63f911eec4e1d006a9816a20f,UPSTREAM_AR_MIT,c5cd5af62fc07cd4e0d24f06a16033f181c47c04,,,,INVENTORIED,
src/main/resources/assets/advancedrocketry/blockstates/gravitycontroller.json,blockstate,1019,,,,c7e9d37ed515d3aca0ea989804090209a2aef4c65151a7fcb9f5b427d44fa114,UPSTREAM_AR_MIT,c5cd5af62fc07cd4e0d24f06a16033f181c47c04,,,,INVENTORIED,
src/main/resources/assets/advancedrocketry/blockstates/gravitymachine.json,blockstate,1016,,,,1aff56a8504dbb25fbea296827da1d41379387bd9de9668c2e5da94f212c93aa,UPSTREAM_AR_MIT,c5cd5af62fc07cd4e0d24f06a16033f181c47c04,,,,INVENTORIED,
src/main/resources/assets/advancedrocketry/blockstates/guidancecomputer.json,blockstate,992,,,,c6ed4c5e6daa32be38e6f8db6d3a29b5725d0d5b3f575aa0b2e1e76551abfb2e,UPSTREAM_AR_MIT,c5cd5af62fc07cd4e0d24f06a16033f181c47c04,,,,INVENTORIED,
src/main/resources/assets/advancedrocketry/blockstates/hotturf.json,blockstate,310,,,,bae2cb031d5d439e11104c847c2c1a70b7b43f5a941f3b55cde7687116a8df3e,UPSTREAM_AR_MIT,c5cd5af62fc07cd4e0d24f06a16033f181c47c04,,,,INVENTORIED,
src/main/resources/assets/advancedrocketry/blockstates/intake.json,blockstate,305,,,,8a61e99d26416febd6c7a4081fb4fdc69517716334b9dd52982ab7a6634b6672,UPSTREAM_AR_MIT,c5cd5af62fc07cd4e0d24f06a16033f181c47c04,,,,INVENTORIED,
src/main/resources/assets/advancedrocketry/blockstates/landingfloat.json,blockstate,311,,,,868881d55425e5e989c27501d31aba63ac30f04286bc83186b72816b1cd24fc5,UPSTREAM_AR_MIT,c5cd5af62fc07cd4e0d24f06a16033f181c47c04,,,,INVENTORIED,
src/main/resources/assets/advancedrocketry/blockstates/landingpad.json,blockstate,309,,,,2a50ec6040fd36b5d5aeb3b1d6077a8681ee7a69e6de85a77b85c2329b7cade6,UPSTREAM_AR_MIT,c5cd5af62fc07cd4e0d24f06a16033f181c47c04,,,,INVENTORIED,
src/main/resources/assets/advancedrocketry/blockstates/lathe.json,blockstate,988,,,,260a44707515d1d86a8c129b95ef156d0e7bf2dd60806392c7ec3945533f4351,UPSTREAM_AR_MIT,c5cd5af62fc07cd4e0d24f06a16033f181c47c04,,,,INVENTORIED,
src/main/resources/assets/advancedrocketry/blockstates/launchpad.json,blockstate,1315,,,,dd75f82f5160a4211f8a29cd20ce295d612838cb988cd303c7636024cf4bce0e,UPSTREAM_AR_MIT,c5cd5af62fc07cd4e0d24f06a16033f181c47c04,,,,INVENTORIED,
src/main/resources/assets/advancedrocketry/blockstates/lightsource.json,blockstate,304,,,,172af087340126f8f799565ab4c2722257187a1871117d40fba500129b1f74f4,UPSTREAM_AR_MIT,c5cd5af62fc07cd4e0d24f06a16033f181c47c04,,,,INVENTORIED,
src/main/resources/assets/advancedrocketry/blockstates/liquidpipe.json,blockstate,94,,,,fb091ed32f9ce06e2078920ce27605693ae43190b52acfb894a6ab9cc591e4cb,UPSTREAM_AR_MIT,c5cd5af62fc07cd4e0d24f06a16033f181c47c04,,,,INVENTORIED,
src/main/resources/assets/advancedrocketry/blockstates/liquidtank.json,blockstate,94,,,,d54bab5e4c2f49658b112a7ac54e4ca01b3b5d2269e54aebb66fa07ab5efc09f,UPSTREAM_AR_MIT,c5cd5af62fc07cd4e0d24f06a16033f181c47c04,,,,INVENTORIED,
src/main/resources/assets/advancedrocketry/blockstates/loader.json,blockstate,1087,,,,5c0a75d3a573c756a48e2ceaae972e337960a27d6eb593c7e451fc3c340ea3e9,UPSTREAM_AR_MIT,c5cd5af62fc07cd4e0d24f06a16033f181c47c04,,,,INVENTORIED,
src/main/resources/assets/advancedrocketry/blockstates/metal0.json,blockstate,1040,,,,61cafe003cc96524f0722ff8919cba493e6650eb5f97607c69de45e53f5465f5,UPSTREAM_AR_MIT,c5cd5af62fc07cd4e0d24f06a16033f181c47c04,,,,INVENTORIED,
src/main/resources/assets/advancedrocketry/blockstates/microwavereciever.json,blockstate,981,,,,6e0b85e93edcaca9b7289376f4aedcae53e373a9820d5661d6363c2b544071b7,UPSTREAM_AR_MIT,c5cd5af62fc07cd4e0d24f06a16033f181c47c04,,,,INVENTORIED,
src/main/resources/assets/advancedrocketry/blockstates/monitoringstation.json,blockstate,989,,,,7f5ff33bf2100d101e2ac0e98b675066246c704ad80594d9339807f05112eb42,UPSTREAM_AR_MIT,c5cd5af62fc07cd4e0d24f06a16033f181c47c04,,,,INVENTORIED,
src/main/resources/assets/advancedrocketry/blockstates/moonturf.json,blockstate,308,,,,540c488ac0d87ae99dea4bf747d1b8887f44767cff5bfd19713adcadfcd236c1,UPSTREAM_AR_MIT,c5cd5af62fc07cd4e0d24f06a16033f181c47c04,,,,INVENTORIED,
src/main/resources/assets/advancedrocketry/blockstates/moonturf_dark.json,blockstate,313,,,,8a9a0580b6df0e882736cb95f91cdd3ba05d652e529fc5944811f9a0fd9a38c0,UPSTREAM_AR_MIT,c5cd5af62fc07cd4e0d24f06a16033f181c47c04,,,,INVENTORIED,
src/main/resources/assets/advancedrocketry/blockstates/nuclearcore.json,blockstate,464,,,,b55fe503ceba8e80cdc5186abf987bcb70b924a06ab294eeaf3204d6079d95e0,UPSTREAM_AR_MIT,c5cd5af62fc07cd4e0d24f06a16033f181c47c04,,,,INVENTORIED,
src/main/resources/assets/advancedrocketry/blockstates/nuclearfueltank.json,blockstate,669,,,,bfa9f1da6fed5c363bd3624e4c0cc0a791dfc5ad009a698554cb0ab3b084f82b,UPSTREAM_AR_MIT,c5cd5af62fc07cd4e0d24f06a16033f181c47c04,,,,INVENTORIED,
src/main/resources/assets/advancedrocketry/blockstates/nuclearrocketmotor.json,blockstate,1556,,,,14de651a3eac4ba0304d2c3b165509c2f2719b64de8f7a9ae65d5b227a45ece2,UPSTREAM_AR_MIT,c5cd5af62fc07cd4e0d24f06a16033f181c47c04,,,,INVENTORIED,
src/main/resources/assets/advancedrocketry/blockstates/observatory.json,blockstate,991,,,,ab35ea381b4f8069052745ca40120dc947fed0355962a7e9aeb4f67a50681053,UPSTREAM_AR_MIT,c5cd5af62fc07cd4e0d24f06a16033f181c47c04,,,,INVENTORIED,
src/main/resources/assets/advancedrocketry/blockstates/orientationcontroller.json,blockstate,1019,,,,c7e9d37ed515d3aca0ea989804090209a2aef4c65151a7fcb9f5b427d44fa114,UPSTREAM_AR_MIT,c5cd5af62fc07cd4e0d24f06a16033f181c47c04,,,,INVENTORIED,
src/main/resources/assets/advancedrocketry/blockstates/oxidizerfueltank.json,blockstate,669,,,,bfa9f1da6fed5c363bd3624e4c0cc0a791dfc5ad009a698554cb0ab3b084f82b,UPSTREAM_AR_MIT,c5cd5af62fc07cd4e0d24f06a16033f181c47c04,,,,INVENTORIED,
src/main/resources/assets/advancedrocketry/blockstates/oxygencharger.json,blockstate,804,,,,97718a0df3a7b4eb010974285865bef3cb237f77ee1405af016d8d39e6c32f85,UPSTREAM_AR_MIT,c5cd5af62fc07cd4e0d24f06a16033f181c47c04,,,,INVENTORIED,
src/main/resources/assets/advancedrocketry/blockstates/oxygendetection.json,blockstate,430,,,,5edc27af5b5aaeba91b8d577def6338a951dacb302df7d58fd9ba18940e14939,UPSTREAM_AR_MIT,c5cd5af62fc07cd4e0d24f06a16033f181c47c04,,,,INVENTORIED,
src/main/resources/assets/advancedrocketry/blockstates/oxygenscrubber.json,blockstate,1572,,,,532270dcbb29492f31eb31a405e94da79bca9f7743bc9a423698af81aa036e52,UPSTREAM_AR_MIT,c5cd5af62fc07cd4e0d24f06a16033f181c47c04,,,,INVENTORIED,
src/main/resources/assets/advancedrocketry/blockstates/oxygenvent.json,blockstate,626,,,,97a3bdf2dd72dff3d2d89d95c4cfac4df855cbd39c0d57d2faef0782ba318582,UPSTREAM_AR_MIT,c5cd5af62fc07cd4e0d24f06a16033f181c47c04,,,,INVENTORIED,
src/main/resources/assets/advancedrocketry/blockstates/pipesealer.json,blockstate,303,,,,a60d3bc6fb349f21469f555cc9b20c5f8dbc7ad888babe06112faab1c1833a03,UPSTREAM_AR_MIT,c5cd5af62fc07cd4e0d24f06a16033f181c47c04,,,,INVENTORIED,
src/main/resources/assets/advancedrocketry/blockstates/planetanalyser.json,blockstate,1562,,,,f43d8a32c18ae989cf0029bc3629aeda436814ac0a1f3f66cb2e31c76148edc0,UPSTREAM_AR_MIT,c5cd5af62fc07cd4e0d24f06a16033f181c47c04,,,,INVENTORIED,
src/main/resources/assets/advancedrocketry/blockstates/planetholoselector.json,blockstate,801,,,,78a12239242ede2c62a188394f2f74834792a9e69800b0a11df67845afdc70d1,UPSTREAM_AR_MIT,c5cd5af62fc07cd4e0d24f06a16033f181c47c04,,,,INVENTORIED,
src/main/resources/assets/advancedrocketry/blockstates/planetselector.json,blockstate,992,,,,c6ed4c5e6daa32be38e6f8db6d3a29b5725d0d5b3f575aa0b2e1e76551abfb2e,UPSTREAM_AR_MIT,c5cd5af62fc07cd4e0d24f06a16033f181c47c04,,,,INVENTORIED,
src/main/resources/assets/advancedrocketry/blockstates/planks.json,blockstate,341,,,,6178f8595866c3f97b3ddc59f68d02e22d10759882fa4414f30fc1dd6d351c3f,UPSTREAM_AR_MIT,c5cd5af62fc07cd4e0d24f06a16033f181c47c04,,,,INVENTORIED,
src/main/resources/assets/advancedrocketry/blockstates/platepress.json,blockstate,1374,,,,148d31538ca1e84853df0fbaeae41fda14700ec46b57394213d34749c330af11,UPSTREAM_AR_MIT,c5cd5af62fc07cd4e0d24f06a16033f181c47c04,,,,INVENTORIED,
src/main/resources/assets/advancedrocketry/blockstates/precisionassemblingmachine.json,blockstate,1612,,,,f3adf37ae9fb5678e793bae911d661f700622c9c90fc22ca4caabdcca09018b4,UPSTREAM_AR_MIT,c5cd5af62fc07cd4e0d24f06a16033f181c47c04,,,,INVENTORIED,
src/main/resources/assets/advancedrocketry/blockstates/precisionlaseretcher.json,blockstate,1003,,,,1f7988fc8ec27a23075a594d9fe7c185cb6a7e5d49a6a0ba1b52238ead9b1693,UPSTREAM_AR_MIT,c5cd5af62fc07cd4e0d24f06a16033f181c47c04,,,,INVENTORIED,
src/main/resources/assets/advancedrocketry/blockstates/quartzcrucible.json,blockstate,374,,,,66e4d0fce8ff42c754719125844bb3106944dfbf045a2cb0c0bb59985ae79de0,UPSTREAM_AR_MIT,c5cd5af62fc07cd4e0d24f06a16033f181c47c04,,,,INVENTORIED,
src/main/resources/assets/advancedrocketry/blockstates/railgun.json,blockstate,983,,,,74db41744a89482ce8b924ea0f24ef3cc0074eecf2555552b32e5d7856987b90,UPSTREAM_AR_MIT,c5cd5af62fc07cd4e0d24f06a16033f181c47c04,,,,INVENTORIED,
src/main/resources/assets/advancedrocketry/blockstates/rocketbuilder.json,blockstate,988,,,,d46bf5e2413f51d9cc959035a742ee11793acc47cff1378ebc614ef2da3e8f91,UPSTREAM_AR_MIT,c5cd5af62fc07cd4e0d24f06a16033f181c47c04,,,,INVENTORIED,
src/main/resources/assets/advancedrocketry/blockstates/rocketfire.json,blockstate,1418,,,,384ae99a9db6412df2f5e20cadde3467e2c24269b5e7d2650a3050988934e689,UPSTREAM_AR_MIT,c5cd5af62fc07cd4e0d24f06a16033f181c47c04,,,,INVENTORIED,
src/main/resources/assets/advancedrocketry/blockstates/rocketmotor.json,blockstate,1434,,,,b89b2641c455f58465664579090a8788d8d49ef52765ffc38d1eca5fb4879756,UPSTREAM_AR_MIT,c5cd5af62fc07cd4e0d24f06a16033f181c47c04,,,,INVENTORIED,
src/main/resources/assets/advancedrocketry/blockstates/rollingmachine.json,blockstate,988,,,,260a44707515d1d86a8c129b95ef156d0e7bf2dd60806392c7ec3945533f4351,UPSTREAM_AR_MIT,c5cd5af62fc07cd4e0d24f06a16033f181c47c04,,,,INVENTORIED,
src/main/resources/assets/advancedrocketry/blockstates/satellitebuilder.json,blockstate,994,,,,0bba515c1bc197589d6333fd6c5e1574a2ee6d74255f9de83c89f439f72d55f0,UPSTREAM_AR_MIT,c5cd5af62fc07cd4e0d24f06a16033f181c47c04,,,,INVENTORIED,
src/main/resources/assets/advancedrocketry/blockstates/satellitecontrolcenter.json,blockstate,992,,,,e8d1686eeee569ea1a8d23cdd139bf3f55444dc239c891956ba73e6164082fe0,UPSTREAM_AR_MIT,c5cd5af62fc07cd4e0d24f06a16033f181c47c04,,,,INVENTORIED,
src/main/resources/assets/advancedrocketry/blockstates/sawblade.json,blockstate,873,,,,95fe2cc6140e053a4acbaf826f903cdd65e48ed9a491a2b42e1b0d83fd02c9c8,UPSTREAM_AR_MIT,c5cd5af62fc07cd4e0d24f06a16033f181c47c04,,,,INVENTORIED,
src/main/resources/assets/advancedrocketry/blockstates/seat.json,blockstate,242,,,,a99bb6f659bfbf88ed25ddd0d0bb88bbec1cf5dfe19b5832585d928632c8ca89,UPSTREAM_AR_MIT,c5cd5af62fc07cd4e0d24f06a16033f181c47c04,,,,INVENTORIED,
src/main/resources/assets/advancedrocketry/blockstates/solararray.json,blockstate,991,,,,ab35ea381b4f8069052745ca40120dc947fed0355962a7e9aeb4f67a50681053,UPSTREAM_AR_MIT,c5cd5af62fc07cd4e0d24f06a16033f181c47c04,,,,INVENTORIED,
src/main/resources/assets/advancedrocketry/blockstates/solararraypanel.json,blockstate,1745,,,,78a25128bac6dcfa52b6e3edc6ba734360802cdda9f2fd26411a1977e3aca842,UPSTREAM_AR_MIT,c5cd5af62fc07cd4e0d24f06a16033f181c47c04,,,,INVENTORIED,
src/main/resources/assets/advancedrocketry/blockstates/solargenerator.json,blockstate,1095,,,,a2b64793e6b026337c8f6b8accc0d88a9050ed8d954bd1416f379ef2bae9f400,UPSTREAM_AR_MIT,c5cd5af62fc07cd4e0d24f06a16033f181c47c04,,,,INVENTORIED,
src/main/resources/assets/advancedrocketry/blockstates/solarpanel.json,blockstate,497,,,,6593ac466de60acdab8d3fe1c3f7171166a8fc85a8616232c86c907f0ac22f34,UPSTREAM_AR_MIT,c5cd5af62fc07cd4e0d24f06a16033f181c47c04,,,,INVENTORIED,
src/main/resources/assets/advancedrocketry/blockstates/spaceelevatorcontroller.json,blockstate,988,,,,260a44707515d1d86a8c129b95ef156d0e7bf2dd60806392c7ec3945533f4351,UPSTREAM_AR_MIT,c5cd5af62fc07cd4e0d24f06a16033f181c47c04,,,,INVENTORIED,
src/main/resources/assets/advancedrocketry/blockstates/spacelaser.json,blockstate,1143,,,,5c07007970b9266d60f3733244de6df630720d7a922683a598db046ab134a364,UPSTREAM_AR_MIT,c5cd5af62fc07cd4e0d24f06a16033f181c47c04,,,,INVENTORIED,
src/main/resources/assets/advancedrocketry/blockstates/stationbuilder.json,blockstate,988,,,,d46bf5e2413f51d9cc959035a742ee11793acc47cff1378ebc614ef2da3e8f91,UPSTREAM_AR_MIT,c5cd5af62fc07cd4e0d24f06a16033f181c47c04,,,,INVENTORIED,
src/main/resources/assets/advancedrocketry/blockstates/stationmarker.json,blockstate,791,,,,1badddea0ef45dbe1a9816844918d2a81847997a65c9cdcc5e0ebc502bbc8c71,UPSTREAM_AR_MIT,c5cd5af62fc07cd4e0d24f06a16033f181c47c04,,,,INVENTORIED,
src/main/resources/assets/advancedrocketry/blockstates/structuretower.json,blockstate,313,,,,c258aa4f648de42a15a39783edb55d5403a9c230b9ac20306dd8e0c6db9cff85,UPSTREAM_AR_MIT,c5cd5af62fc07cd4e0d24f06a16033f181c47c04,,,,INVENTORIED,
src/main/resources/assets/advancedrocketry/blockstates/suitworkstation.json,blockstate,1127,,,,be55779268d41bbdff17e26b3a6e227296987b18e2ef97a26db882de4b08a63e,UPSTREAM_AR_MIT,c5cd5af62fc07cd4e0d24f06a16033f181c47c04,,,,INVENTORIED,
src/main/resources/assets/advancedrocketry/blockstates/terraformer.json,blockstate,1592,,,,3a00042854eeed34b6ccd5ce6cf69c4900cd6a78d57174124eb76431e839556d,UPSTREAM_AR_MIT,c5cd5af62fc07cd4e0d24f06a16033f181c47c04,,,,INVENTORIED,
src/main/resources/assets/advancedrocketry/blockstates/thermitetorch.json,blockstate,553,,,,d61f8120ab0e0e272522f1b5bae61747a615c4e7d311439b94f20872c311dd95,UPSTREAM_AR_MIT,c5cd5af62fc07cd4e0d24f06a16033f181c47c04,,,,INVENTORIED,
src/main/resources/assets/advancedrocketry/blockstates/unlittorch.json,blockstate,397,,,,b04ca5b2d3063d908fe3f259817bf8a3c020ae01b8da2b643d0a02e78418cacb,UPSTREAM_AR_MIT,c5cd5af62fc07cd4e0d24f06a16033f181c47c04,,,,INVENTORIED,
src/main/resources/assets/advancedrocketry/blockstates/vacuumlaser.json,blockstate,1084,,,,b356b4106cf026cda885e490258415c075de3913ada31fd75b3e222360af503f,UPSTREAM_AR_MIT,c5cd5af62fc07cd4e0d24f06a16033f181c47c04,,,,INVENTORIED,
src/main/resources/assets/advancedrocketry/blockstates/vitrifiedsand.json,blockstate,312,,,,24052940e00ea2f685c6228f0902f1e0a3591cd8fff3e81bfff808ed7d4ed5c7,UPSTREAM_AR_MIT,c5cd5af62fc07cd4e0d24f06a16033f181c47c04,,,,INVENTORIED,
src/main/resources/assets/advancedrocketry/blockstates/warpcore.json,blockstate,855,,,,9a30f9d46a24fa25ce7850668d9afad86559860e1b551966440e9c73a134536a,UPSTREAM_AR_MIT,c5cd5af62fc07cd4e0d24f06a16033f181c47c04,,,,INVENTORIED,
src/main/resources/assets/advancedrocketry/blockstates/warpmonitor.json,blockstate,996,,,,c350ab70302ab9180c65a8796575c5e3b1a63bd534a02a31a796a4c9cad394cd,UPSTREAM_AR_MIT,c5cd5af62fc07cd4e0d24f06a16033f181c47c04,,,,INVENTORIED,
src/main/resources/assets/advancedrocketry/blockstates/wirelesstransciever.json,blockstate,881,,,,5870e016a5bf0c5557141c7aafc70a5d7330fa7840904b49afbfab2441c4f6b7,UPSTREAM_AR_MIT,c5cd5af62fc07cd4e0d24f06a16033f181c47c04,,,,INVENTORIED,
src/main/resources/assets/advancedrocketry/generateFiles_active.sh,other,2316,,,,82e2b872a607f01170d0978738c83263ad55701eabf87161006396d36cf7335a,UPSTREAM_AR_MIT,c5cd5af62fc07cd4e0d24f06a16033f181c47c04,,,,INVENTORIED,
src/main/resources/assets/advancedrocketry/generateFiles_genericSided.sh,other,691,,,,07f7c4579c10e742e2a6e47585f15429d3b49bef8c8253949150d30c42f879ae,UPSTREAM_AR_MIT,c5cd5af62fc07cd4e0d24f06a16033f181c47c04,,,,INVENTORIED,
src/main/resources/assets/advancedrocketry/generateFiles_item.sh,other,305,,,,4763aa52e05d934e6d7e830073fe4ca73f374a0b9e64b6bef54b7d247c5d27a2,UPSTREAM_AR_MIT,c5cd5af62fc07cd4e0d24f06a16033f181c47c04,,,,INVENTORIED,
src/main/resources/assets/advancedrocketry/generateFiles_machine.sh,other,1667,,,,600a1b09848aea450f089f6e1e8e8e200b5f8dbb5dd004cf5b268f5efeb5d9d1,UPSTREAM_AR_MIT,c5cd5af62fc07cd4e0d24f06a16033f181c47c04,,,,INVENTORIED,
src/main/resources/assets/advancedrocketry/generateFiles_model.sh,other,1292,,,,24449f5af514ecc782ae3e8b37aa2de4679e430fc7b3efb21053bf045e127164,UPSTREAM_AR_MIT,c5cd5af62fc07cd4e0d24f06a16033f181c47c04,,,,INVENTORIED,
src/main/resources/assets/advancedrocketry/lang/de_DE.lang,lang,17785,,,,2eef232145e1d3c6d6a91ad2077c8dc63f81bfc3956bcc1c7885f75f8dd64332,UPSTREAM_AR_MIT,c5cd5af62fc07cd4e0d24f06a16033f181c47c04,,,,INVENTORIED,
src/main/resources/assets/advancedrocketry/lang/en_US.lang,lang,20857,,,,b5121ab48620f3373456d7d366798b4fa71931d7e8c39d9a36d87bee4b544ccf,UPSTREAM_AR_MIT,c5cd5af62fc07cd4e0d24f06a16033f181c47c04,,,,INVENTORIED,
src/main/resources/assets/advancedrocketry/lang/es_ES.lang,lang,5474,,,,db6532d98b66416fa8d183f0ddd61a2b3179964a2c64b76b83a581439b443334,UPSTREAM_AR_MIT,c5cd5af62fc07cd4e0d24f06a16033f181c47c04,,,,INVENTORIED,
src/main/resources/assets/advancedrocketry/lang/fi_FI.lang,lang,21844,,,,1f7e2f4c6137171d218febdf7f6e33f79302ba4da3726fc476f7557d872950be,UPSTREAM_AR_MIT,c5cd5af62fc07cd4e0d24f06a16033f181c47c04,,,,INVENTORIED,
src/main/resources/assets/advancedrocketry/lang/fr_FR.lang,lang,12128,,,,1edfd027a74888c682bac54257404498d7dc14ce7549a66f3678f611895362b4,UPSTREAM_AR_MIT,c5cd5af62fc07cd4e0d24f06a16033f181c47c04,,,,INVENTORIED,
src/main/resources/assets/advancedrocketry/lang/pt_br.lang,lang,9145,,,,302fc546ee51177896a4e30ccc175f853c5aa5239d4a4f1bfac5d056c2961938,UPSTREAM_AR_MIT,c5cd5af62fc07cd4e0d24f06a16033f181c47c04,,,,INVENTORIED,
src/main/resources/assets/advancedrocketry/lang/ru_RU.lang,lang,25584,,,,6a321a21dd13b9f60f0e36a80cb47675e364c422f308ce86426634a926332709,UPSTREAM_AR_MIT,c5cd5af62fc07cd4e0d24f06a16033f181c47c04,,,,INVENTORIED,
src/main/resources/assets/advancedrocketry/lang/ua_UA.lang,lang,8526,,,,492bcac0abac2fb95c7afd89e106f7677145cead9b7540ca41e28e000939490f,UPSTREAM_AR_MIT,c5cd5af62fc07cd4e0d24f06a16033f181c47c04,,,,INVENTORIED,
src/main/resources/assets/advancedrocketry/lang/zh_CN.lang,lang,9070,,,,9636e8a45d85fda98821c3ba40f62e3ba721c87d1864dad7beb9eb45c9fb00c5,UPSTREAM_AR_MIT,c5cd5af62fc07cd4e0d24f06a16033f181c47c04,,,,INVENTORIED,
src/main/resources/assets/advancedrocketry/models/areagravitycontroller.obj,model_obj,19857,,,,70ccdfe3ac8b946341cc78bbc54b86b5d098f49842a1eff5c286e562a86e971d,UPSTREAM_AR_MIT,c5cd5af62fc07cd4e0d24f06a16033f181c47c04,,,,INVENTORIED,
src/main/resources/assets/advancedrocketry/models/astrobodydataprocessor.obj,model_obj,27739,,,,f4e40dd35e079ecc3108f9b27bfa2dc51928b4f694b14724307c66c0d8d8572d,UPSTREAM_AR_MIT,c5cd5af62fc07cd4e0d24f06a16033f181c47c04,,,,INVENTORIED,
src/main/resources/assets/advancedrocketry/models/atmosphere.mtl,model_mtl,147,,,,3d685a924ca6451ea3584e33629912317bfae063f41f7a58eee70ad4c94fc1a1,UPSTREAM_AR_MIT,c5cd5af62fc07cd4e0d24f06a16033f181c47c04,,,,INVENTORIED,
src/main/resources/assets/advancedrocketry/models/atmosphere.obj,model_obj,15195,,,,65665d3cd5f64f7ece676da7af8980ac2505a070e50b1d416423ddd4ea3dde03,UPSTREAM_AR_MIT,c5cd5af62fc07cd4e0d24f06a16033f181c47c04,,,,INVENTORIED,
src/main/resources/assets/advancedrocketry/models/beacon.obj,model_obj,47082,,,,13be0ee5d0545fcbb055ceafe58fe833e8252472e7b241832a2340b0b718ba6b,UPSTREAM_AR_MIT,c5cd5af62fc07cd4e0d24f06a16033f181c47c04,,,,INVENTORIED,
src/main/resources/assets/advancedrocketry/models/biomescanner.obj,model_obj,27658,,,,2dc682848704b2ad21e07ab250f9b02581eb7e4dac235d9353db7fea49e180ed,UPSTREAM_AR_MIT,c5cd5af62fc07cd4e0d24f06a16033f181c47c04,,,,INVENTORIED,
src/main/resources/assets/advancedrocketry/models/blackholegenerator.obj,model_obj,35673,,,,8a1ce5e28985b8437fd3f470a0f56124a33eab5edc1a7db4fa140100b9e5e2b0,UPSTREAM_AR_MIT,c5cd5af62fc07cd4e0d24f06a16033f181c47c04,,,,INVENTORIED,
src/main/resources/assets/advancedrocketry/models/block/airlock_door_bottom.json,model_json,202,,,,44f5c0acc32aa473e394a4f85c02561dfeeae098448025d18b0b654441ac43ed,UPSTREAM_AR_MIT,c5cd5af62fc07cd4e0d24f06a16033f181c47c04,,,,INVENTORIED,
src/main/resources/assets/advancedrocketry/models/block/airlock_door_bottom_rh.json,model_json,205,,,,a3f1bd507a45c565b828e6f3001fde45855f65317b37a33cba8b610abd7700ef,UPSTREAM_AR_MIT,c5cd5af62fc07cd4e0d24f06a16033f181c47c04,,,,INVENTORIED,
src/main/resources/assets/advancedrocketry/models/block/airlock_door_top.json,model_json,199,,,,39a750288fefdde621595142d62f3ac2c87c797bff199d5085def4e0ff17ae59,UPSTREAM_AR_MIT,c5cd5af62fc07cd4e0d24f06a16033f181c47c04,,,,INVENTORIED,
src/main/resources/assets/advancedrocketry/models/block/airlock_door_top_rh.json,model_json,202,,,,8e23f1e22f1fa5fc113463ed65c539ef334e1983cca8f057c4c66ef1967fba0e,UPSTREAM_AR_MIT,c5cd5af62fc07cd4e0d24f06a16033f181c47c04,,,,INVENTORIED,
src/main/resources/assets/advancedrocketry/models/block/ar_empty.json,model_json,21,,,,ff0395ea270c78f4a0fdc8e7286d4494e5ee44dcc01a7e88eda5ead8ace3ef55,UPSTREAM_AR_MIT,c5cd5af62fc07cd4e0d24f06a16033f181c47c04,,,,INVENTORIED,
src/main/resources/assets/advancedrocketry/models/block/blocktitaniumaluminide.json,model_json,116,,,,b0b5015b3192570ea351bf82fa62a8ac78db50abbcefa9e33b4ee8bdaffab404,UPSTREAM_AR_MIT,c5cd5af62fc07cd4e0d24f06a16033f181c47c04,,,,INVENTORIED,
src/main/resources/assets/advancedrocketry/models/block/blocktitaniumiridium.json,model_json,116,,,,b0b5015b3192570ea351bf82fa62a8ac78db50abbcefa9e33b4ee8bdaffab404,UPSTREAM_AR_MIT,c5cd5af62fc07cd4e0d24f06a16033f181c47c04,,,,INVENTORIED,
src/main/resources/assets/advancedrocketry/models/block/crystal.json,model_json,130,,,,d7304bacc2b36edb074e071eac89c6a438ba7664df5305c039c8bfa4d6975ee4,UPSTREAM_AR_MIT,c5cd5af62fc07cd4e0d24f06a16033f181c47c04,,,,INVENTORIED,
src/main/resources/assets/advancedrocketry/models/block/databus.json,model_json,117,,,,8a17fdebd8728b119681738f58bb1219109d5d154bbccbfb02ad4fe144ed0a2e,UPSTREAM_AR_MIT,c5cd5af62fc07cd4e0d24f06a16033f181c47c04,,,,INVENTORIED,
src/main/resources/assets/advancedrocketry/models/block/datapipe.json,model_json,129,,,,b7321adf57afc6e51c5d83832b78fd6823daab881c0877ecc40fe23a9ca7438e,UPSTREAM_AR_MIT,c5cd5af62fc07cd4e0d24f06a16033f181c47c04,,,,INVENTORIED,
src/main/resources/assets/advancedrocketry/models/block/energypipe.json,model_json,131,,,,b20dfca5ef9e34dd6a0a8b59537fc9a62591a1f34a234f3a71c760f581dd9155,UPSTREAM_AR_MIT,c5cd5af62fc07cd4e0d24f06a16033f181c47c04,,,,INVENTORIED,
src/main/resources/assets/advancedrocketry/models/block/fire.json,model_json,1270,,,,c6aabdee5bdf63804022fe433807cc16b16b5fbbc1cd01414252469042ed22c6,UPSTREAM_AR_MIT,c5cd5af62fc07cd4e0d24f06a16033f181c47c04,,,,INVENTORIED,
src/main/resources/assets/advancedrocketry/models/block/guidancecomputeraccesshatch.json,model_json,282,,,,143bb4763ecb46d341dee1a3b9bbe8d84d60bac3f0bfe01d25f5f9a66e0d3302,UPSTREAM_AR_MIT,c5cd5af62fc07cd4e0d24f06a16033f181c47c04,,,,INVENTORIED,
src/main/resources/assets/advancedrocketry/models/block/launchpad_all.json,model_json,243,,,,eea7bc58c07c19f65350fd844130421642a35a166430d4b65d88e690ebb38f9b,UPSTREAM_AR_MIT,c5cd5af62fc07cd4e0d24f06a16033f181c47c04,,,,INVENTORIED,
src/main/resources/assets/advancedrocketry/models/block/launchpad_blcorner.json,model_json,259,,,,c0247a0bef1e96957ec2d9dc15b97c51ad85f13b9b75eb50cf52e10ccece1ff5,UPSTREAM_AR_MIT,c5cd5af62fc07cd4e0d24f06a16033f181c47c04,,,,INVENTORIED,
src/main/resources/assets/advancedrocketry/models/block/launchpad_bottomedge.json,model_json,260,,,,bb23c9127ccdbffc198bcb3564b3617934907f200693b89abe98043c703c883a,UPSTREAM_AR_MIT,c5cd5af62fc07cd4e0d24f06a16033f181c47c04,,,,INVENTORIED,
src/main/resources/assets/advancedrocketry/models/block/launchpad_brcorner.json,model_json,259,,,,4d1d17c0f7923bd4502aae2de2e08d74297f01f549e2c14da00ad88da0e00642,UPSTREAM_AR_MIT,c5cd5af62fc07cd4e0d24f06a16033f181c47c04,,,,INVENTORIED,
src/main/resources/assets/advancedrocketry/models/block/launchpad_leftedge.json,model_json,259,,,,47454517d2611f5f38401e03e211bbd7728e529f58396a42c6668d626d4c076e,UPSTREAM_AR_MIT,c5cd5af62fc07cd4e0d24f06a16033f181c47c04,,,,INVENTORIED,
src/main/resources/assets/advancedrocketry/models/block/launchpad_nbedge.json,model_json,255,,,,c49ec25750c6030834e7e707033ccb4d61947faf8ee42edcb0347fa3308d356d,UPSTREAM_AR_MIT,c5cd5af62fc07cd4e0d24f06a16033f181c47c04,,,,INVENTORIED,
src/main/resources/assets/advancedrocketry/models/block/launchpad_nledge.json,model_json,255,,,,838575943edc9ed23341224a669f5a4c722d2313e314ef348a59e4d76fc27116,UPSTREAM_AR_MIT,c5cd5af62fc07cd4e0d24f06a16033f181c47c04,,,,INVENTORIED,
src/main/resources/assets/advancedrocketry/models/block/launchpad_noedge.json,model_json,255,,,,cbb879166044b5dea3b09b1cfe057159fe588af51bc1d15346624b00c45b82b3,UPSTREAM_AR_MIT,c5cd5af62fc07cd4e0d24f06a16033f181c47c04,,,,INVENTORIED,
src/main/resources/assets/advancedrocketry/models/block/launchpad_nredge.json,model_json,255,,,,0db2411ca02720716fc479ce905d8b22ff7ccdb867ebc05ced282fe6c5aa04c3,UPSTREAM_AR_MIT,c5cd5af62fc07cd4e0d24f06a16033f181c47c04,,,,INVENTORIED,
src/main/resources/assets/advancedrocketry/models/block/launchpad_ntedge.json,model_json,255,,,,615f98ccea1c7732ed00771b0deb6208486a7c72c62a4755c2e93f9bd75fd8ed,UPSTREAM_AR_MIT,c5cd5af62fc07cd4e0d24f06a16033f181c47c04,,,,INVENTORIED,
src/main/resources/assets/advancedrocketry/models/block/launchpad_rightedge.json,model_json,261,,,,e26b6b753e1cc0d9ce8011c98ddae4221fcef22353696bb66ee605376adffbbb,UPSTREAM_AR_MIT,c5cd5af62fc07cd4e0d24f06a16033f181c47c04,,,,INVENTORIED,
src/main/resources/assets/advancedrocketry/models/block/launchpad_tlcorner.json,model_json,259,,,,5aaefa03abf9659a5936b0d87435bfdfb479b11ba81b2625132ff99973e35b18,UPSTREAM_AR_MIT,c5cd5af62fc07cd4e0d24f06a16033f181c47c04,,,,INVENTORIED,
src/main/resources/assets/advancedrocketry/models/block/launchpad_topedge.json,model_json,260,,,,1378e546c5742cc631ca9c90fba169ab2c1c9ff03c54a91e654b4b0931566c89,UPSTREAM_AR_MIT,c5cd5af62fc07cd4e0d24f06a16033f181c47c04,,,,INVENTORIED,
src/main/resources/assets/advancedrocketry/models/block/launchpad_trcorner.json,model_json,259,,,,9bfa555885757a723e9f67fc3fcc4d7ae86c84875bdb610b934fa4dc368da965,UPSTREAM_AR_MIT,c5cd5af62fc07cd4e0d24f06a16033f181c47c04,,,,INVENTORIED,
src/main/resources/assets/advancedrocketry/models/block/launchpad_xcross.json,model_json,255,,,,e611c975053eb950803f67390c967dcba8761c5f39fc2e3c22ee616103e30c8c,UPSTREAM_AR_MIT,c5cd5af62fc07cd4e0d24f06a16033f181c47c04,,,,INVENTORIED,
src/main/resources/assets/advancedrocketry/models/block/launchpad_ycross.json,model_json,255,,,,fe822ba2bbb5afa26ccd307dc8a195ee5b23a72b7d68d3235ca0ad689872268a,UPSTREAM_AR_MIT,c5cd5af62fc07cd4e0d24f06a16033f181c47c04,,,,INVENTORIED,
src/main/resources/assets/advancedrocketry/models/block/liquidpipe.json,model_json,131,,,,49a7ba044717b5b38f2b7bb4f75475d21b05b42c366250210d1bb1106c8f6583,UPSTREAM_AR_MIT,c5cd5af62fc07cd4e0d24f06a16033f181c47c04,,,,INVENTORIED,
src/main/resources/assets/advancedrocketry/models/block/liquidtank.json,model_json,790,,,,9f78fed7a96dc0e1f2f5fc04c35d0716b81ec300f73e042f4c2b2b690680bc8b,UPSTREAM_AR_MIT,c5cd5af62fc07cd4e0d24f06a16033f181c47c04,,,,INVENTORIED,
src/main/resources/assets/advancedrocketry/models/block/models/advbipropellantrocketmotor.mtl,model_mtl,126,,,,34296f24e3533a2736256c34f3957d360b0d32de19d169287ee4490ff50ff27c,UPSTREAM_AR_MIT,c5cd5af62fc07cd4e0d24f06a16033f181c47c04,,,,INVENTORIED,
src/main/resources/assets/advancedrocketry/models/block/models/advbipropellantrocketmotor.obj,model_obj,13067,,,,55ef973b53dfd86017c11bdfe9007a72841c186112a45ae296a4ad4f3624f855,UPSTREAM_AR_MIT,c5cd5af62fc07cd4e0d24f06a16033f181c47c04,,,,INVENTORIED,
src/main/resources/assets/advancedrocketry/models/block/models/advrocketmotor.mtl,model_mtl,114,,,,99482592d9769b1bc7b87d4c02f43ef6b0fd4cad3e49de38e7f8f0fba98c19a4,UPSTREAM_AR_MIT,c5cd5af62fc07cd4e0d24f06a16033f181c47c04,,,,INVENTORIED,
src/main/resources/assets/advancedrocketry/models/block/models/advrocketmotor.obj,model_obj,13055,,,,8b6aac7d4352198b5ccd0d8f5e0948ebd78b3e7f088ac65428ffd9b149d63965,UPSTREAM_AR_MIT,c5cd5af62fc07cd4e0d24f06a16033f181c47c04,,,,INVENTORIED,
src/main/resources/assets/advancedrocketry/models/block/models/bipropellantrocketmotor.mtl,model_mtl,135,,,,4cdf5a62413f9275e68daef589501989cf5afad4393f3fa1a77f6dd588997971,UPSTREAM_AR_MIT,c5cd5af62fc07cd4e0d24f06a16033f181c47c04,,,,INVENTORIED,
src/main/resources/assets/advancedrocketry/models/block/models/bipropellantrocketmotor.obj,model_obj,5626,,,,eabb57fbfd89276ebbfe8547b7b7c2eae9245e2dc9fd118f056864a2a5d88e99,UPSTREAM_AR_MIT,c5cd5af62fc07cd4e0d24f06a16033f181c47c04,,,,INVENTORIED,
src/main/resources/assets/advancedrocketry/models/block/models/bottomtank.mtl,model_mtl,163,,,,b0feedd2bb308a50eb329a0193a93bca237b309704375cb5e1e039a83e3f98fb,UPSTREAM_AR_MIT,c5cd5af62fc07cd4e0d24f06a16033f181c47c04,,,,INVENTORIED,
src/main/resources/assets/advancedrocketry/models/block/models/bottomtank.obj,model_obj,18631,,,,5745ec564b91f471ec4ed81d8f1a0f606c9c06c55c2b150017203c5b142bd744,UPSTREAM_AR_MIT,c5cd5af62fc07cd4e0d24f06a16033f181c47c04,,,,INVENTORIED,
src/main/resources/assets/advancedrocketry/models/block/models/endtank.mtl,model_mtl,169,,,,02bb2b27b531ec5431a99ed97491269bc6003ffc2e82ce4173af05c933813b1e,UPSTREAM_AR_MIT,c5cd5af62fc07cd4e0d24f06a16033f181c47c04,,,,INVENTORIED,
src/main/resources/assets/advancedrocketry/models/block/models/middletank.mtl,model_mtl,165,,,,0bc70c882fe70e7578ff9bd3ed673de394d71595a8805aeb1b80cd3fb55907e8,UPSTREAM_AR_MIT,c5cd5af62fc07cd4e0d24f06a16033f181c47c04,,,,INVENTORIED,
src/main/resources/assets/advancedrocketry/models/block/models/middletank.obj,model_obj,12021,,,,1d80f3a11be5c858f2c93761c16f70e7a8d9a0503ded58dcea2ccd4d27b7b2a2,UPSTREAM_AR_MIT,c5cd5af62fc07cd4e0d24f06a16033f181c47c04,,,,INVENTORIED,
src/main/resources/assets/advancedrocketry/models/block/models/nuclearrocketmotor.mtl,model_mtl,122,,,,aacd36e1b04b341afe0caf13f3a62f9232f75d5cbaa614f0097883045c2c9372,UPSTREAM_AR_MIT,c5cd5af62fc07cd4e0d24f06a16033f181c47c04,,,,INVENTORIED,
src/main/resources/assets/advancedrocketry/models/block/models/nuclearrocketmotor.obj,model_obj,13604,,,,6f99044f1050f1e373984bcc76297a629f320a76d674d1520abd861ad851ea45,UPSTREAM_AR_MIT,c5cd5af62fc07cd4e0d24f06a16033f181c47c04,,,,INVENTORIED,
src/main/resources/assets/advancedrocketry/models/block/models/rocketmotor.mtl,model_mtl,123,,,,474d4afc507c1782bc22ba098d2b1aa768db449ac4855fc2d73bd55ebb248b50,UPSTREAM_AR_MIT,c5cd5af62fc07cd4e0d24f06a16033f181c47c04,,,,INVENTORIED,
src/main/resources/assets/advancedrocketry/models/block/models/rocketmotor.obj,model_obj,5614,,,,be657fb36971f2da89bb4f219f92f0b46a389d51d44ecc6c45573880f890b5b0,UPSTREAM_AR_MIT,c5cd5af62fc07cd4e0d24f06a16033f181c47c04,,,,INVENTORIED,
src/main/resources/assets/advancedrocketry/models/block/models/sawblade.mtl,model_mtl,202,,,,d3cd1a8c1b4f06a991c7388142e1331b4295858ada9f49016ef58fd832da4d73,UPSTREAM_AR_MIT,c5cd5af62fc07cd4e0d24f06a16033f181c47c04,,,,INVENTORIED,
src/main/resources/assets/advancedrocketry/models/block/models/sawblade.obj,model_obj,13582,,,,53e1aca42551e654aa03c2ea94cd538c1a6f5992cd5e86e1f20da6eba6201614,UPSTREAM_AR_MIT,c5cd5af62fc07cd4e0d24f06a16033f181c47c04,,,,INVENTORIED,
src/main/resources/assets/advancedrocketry/models/block/models/toptank.mtl,model_mtl,165,,,,2d7f622d0ec279bf453e6c8b3df4769b9c146c0005828d79750203c1abb65b9a,UPSTREAM_AR_MIT,c5cd5af62fc07cd4e0d24f06a16033f181c47c04,,,,INVENTORIED,
src/main/resources/assets/advancedrocketry/models/block/models/toptank.obj,model_obj,18627,,,,cb3924dc07792ef9829633796d84d504e33f61dd279953bd9ad51a749555e859,UPSTREAM_AR_MIT,c5cd5af62fc07cd4e0d24f06a16033f181c47c04,,,,INVENTORIED,
src/main/resources/assets/advancedrocketry/models/block/normal_thermite_torch.json,model_json,120,,,,33bcd1bde713c7332903b38ced8926e44d16f2a26be2a4456144947f140115ea,UPSTREAM_AR_MIT,c5cd5af62fc07cd4e0d24f06a16033f181c47c04,,,,INVENTORIED,
src/main/resources/assets/advancedrocketry/models/block/normal_thermite_torch_wall.json,model_json,125,,,,a6561c402a5b24195fbbfa940fb1281e89813ac598612bef1acdb610bd70f5d7,UPSTREAM_AR_MIT,c5cd5af62fc07cd4e0d24f06a16033f181c47c04,,,,INVENTORIED,
src/main/resources/assets/advancedrocketry/models/block/orientablebottom.json,model_json,446,,,,c8096214335e8e5fb33ddca20a70f73c479308bd2f848928e220fdc1d996fd1b,UPSTREAM_AR_MIT,c5cd5af62fc07cd4e0d24f06a16033f181c47c04,,,,INVENTORIED,
src/main/resources/assets/advancedrocketry/models/block/pipe.json,model_json,1707,,,,3837ff8b23388eae73a03d4c2e9b7b99d03c0f9094b9ed3aa7c970cde0d47dfb,UPSTREAM_AR_MIT,c5cd5af62fc07cd4e0d24f06a16033f181c47c04,,,,INVENTORIED,
src/main/resources/assets/advancedrocketry/models/block/platepresser_extended_normal.json,model_json,264,,,,1c1af0d1b0cec0fe479d48537cda36a59233bbd1bd4702080272c21f709f3492,UPSTREAM_AR_MIT,c5cd5af62fc07cd4e0d24f06a16033f181c47c04,,,,INVENTORIED,
src/main/resources/assets/advancedrocketry/models/block/platepresser_inventory_normal.json,model_json,259,,,,a25c7445160ab80954da401b025175bc15e1d3ee35eb1666879fcf47a67271ba,UPSTREAM_AR_MIT,c5cd5af62fc07cd4e0d24f06a16033f181c47c04,,,,INVENTORIED,
src/main/resources/assets/advancedrocketry/models/block/platepresser_normal.json,model_json,255,,,,6cad83074f26db260c1e8e5f97918353d82187fac7db93a1c2f50bdf3694a55c,UPSTREAM_AR_MIT,c5cd5af62fc07cd4e0d24f06a16033f181c47c04,,,,INVENTORIED,
src/main/resources/assets/advancedrocketry/models/block/quartzcrucible.json,model_json,406,,,,764161226566c5d0fc495275d65212259c013961a9539d9b403748fd24017a75,UPSTREAM_AR_MIT,c5cd5af62fc07cd4e0d24f06a16033f181c47c04,,,,INVENTORIED,
src/main/resources/assets/advancedrocketry/models/block/satellitehatch.json,model_json,120,,,,4f979ad8f8dbf7080d99873a103fd1da33283b9c4a22e131fafed1b025fe3945,UPSTREAM_AR_MIT,c5cd5af62fc07cd4e0d24f06a16033f181c47c04,,,,INVENTORIED,
src/main/resources/assets/advancedrocketry/models/block/seat.json,model_json,4134,,,,e512520693b01bdb0a041aa6a6d3eec0412c119cae9e3d977dc7ff6b10c8e41c,UPSTREAM_AR_MIT,c5cd5af62fc07cd4e0d24f06a16033f181c47c04,,,,INVENTORIED,
src/main/resources/assets/advancedrocketry/models/block/solararraypanel.json,model_json,4150,,,,d9a189621d2cac3af31b118555bbe87f2a25901fd28c0e29c9ed245212d02360,UPSTREAM_AR_MIT,c5cd5af62fc07cd4e0d24f06a16033f181c47c04,,,,INVENTORIED,
src/main/resources/assets/advancedrocketry/models/block/wirelesstransciever.json,model_json,720,,,,4ef6e879e991d3ca0267ecc560eb99ebd21bbb732d24cbf29ceffad781573cc8,UPSTREAM_AR_MIT,c5cd5af62fc07cd4e0d24f06a16033f181c47c04,,,,INVENTORIED,
src/main/resources/assets/advancedrocketry/models/centrifuge.obj,model_obj,45821,,,,aed87587dc6dc990384c0b58dd8c37bafa1a75f67eee698fd25ec150e9de71cb,UPSTREAM_AR_MIT,c5cd5af62fc07cd4e0d24f06a16033f181c47c04,,,,INVENTORIED,
src/main/resources/assets/advancedrocketry/models/chemicalreactor.obj,model_obj,43844,,,,5449d2e11c4e0e52662522177d275621a4155c9bb56d3decb3eb43d5b1b233c6,UPSTREAM_AR_MIT,c5cd5af62fc07cd4e0d24f06a16033f181c47c04,,,,INVENTORIED,
src/main/resources/assets/advancedrocketry/models/crystalliser.obj,model_obj,32132,,,,6c862e027fa69cdf6895e40712f0f9572674d212fbf32b2c747fdc000ff78b05,UPSTREAM_AR_MIT,c5cd5af62fc07cd4e0d24f06a16033f181c47c04,,,,INVENTORIED,
src/main/resources/assets/advancedrocketry/models/cuttingmachine.obj,model_obj,41302,,,,4bed933cb7c900fa56967e86f9ae324497001a9a992b5c3f7e0b9741ea4dc48e,UPSTREAM_AR_MIT,c5cd5af62fc07cd4e0d24f06a16033f181c47c04,,,,INVENTORIED,
src/main/resources/assets/advancedrocketry/models/drill.obj,model_obj,19515,,,,39e35c99e41fd46d6abccf12eb28586ee85bfe0d360965642aa9ae17a25bc688,UPSTREAM_AR_MIT,c5cd5af62fc07cd4e0d24f06a16033f181c47c04,,,,INVENTORIED,
src/main/resources/assets/advancedrocketry/models/electrolyser.obj,model_obj,41559,,,,019c5d4f15f5ed8a0a8010fc974debebee52adae673fa4fd70e4525fad39bd5e,UPSTREAM_AR_MIT,c5cd5af62fc07cd4e0d24f06a16033f181c47c04,,,,INVENTORIED,
src/main/resources/assets/advancedrocketry/models/hovercraft.obj,model_obj,72135,,,,5aadb0df8584b90ad8d4404d4343cd1204109e1b3767f4f9567a8da2609dbf8e,UPSTREAM_AR_MIT,c5cd5af62fc07cd4e0d24f06a16033f181c47c04,,,,INVENTORIED,
src/main/resources/assets/advancedrocketry/models/item/advancedcircuit.json,model_json,125,,,,384b056e35dd915093c0ad46dd03b58aa4ccf4ecfd0bba2d522679deaf02baef,UPSTREAM_AR_MIT,c5cd5af62fc07cd4e0d24f06a16033f181c47c04,,,,INVENTORIED,
src/main/resources/assets/advancedrocketry/models/item/advancedcircuitplate.json,model_json,130,,,,69c056766979bf85bc831ad7dba6e1c1ab714eb6496645d77df936aa790a3cef,UPSTREAM_AR_MIT,c5cd5af62fc07cd4e0d24f06a16033f181c47c04,,,,INVENTORIED,
src/main/resources/assets/advancedrocketry/models/item/advancedsolarpanel.json,model_json,128,,,,df1eadcb24789ff0f3937177c13ea5210b8f797b6f625d71763e52d94fac2a9a,UPSTREAM_AR_MIT,c5cd5af62fc07cd4e0d24f06a16033f181c47c04,,,,INVENTORIED,
src/main/resources/assets/advancedrocketry/models/item/advrocketmotor.json,model_json,129,,,,eb5c709a6590b37ba75568d4a8f93441bb1728a3814dceccd9a6ccfe24a0f417,UPSTREAM_AR_MIT,c5cd5af62fc07cd4e0d24f06a16033f181c47c04,,,,INVENTORIED,
src/main/resources/assets/advancedrocketry/models/item/airlock_door.json,model_json,122,,,,9bb38622444a621144e8fee9930f6f87c1269b8c5340ccf9dde1e8cc507c7bdf,UPSTREAM_AR_MIT,c5cd5af62fc07cd4e0d24f06a16033f181c47c04,,,,INVENTORIED,
src/main/resources/assets/advancedrocketry/models/item/antifogvisor.json,model_json,122,,,,560f87cfecf545e7bd14b476e011b71d57ec14c96a77da72ac83e02954e182df,UPSTREAM_AR_MIT,c5cd5af62fc07cd4e0d24f06a16033f181c47c04,,,,INVENTORIED,
src/main/resources/assets/advancedrocketry/models/item/asteroidchip.json,model_json,124,,,,02cd770a50c255d192433b7a4d48e5bb8e1f1afda298c4afda769a26cc02e3e1,UPSTREAM_AR_MIT,c5cd5af62fc07cd4e0d24f06a16033f181c47c04,,,,INVENTORIED,
src/main/resources/assets/advancedrocketry/models/item/atmanalyser.json,model_json,121,,,,2186af4858c47f1d9c1880c62f08e92fecb7c6002eacef9a952f00818ec031c6,UPSTREAM_AR_MIT,c5cd5af62fc07cd4e0d24f06a16033f181c47c04,,,,INVENTORIED,
src/main/resources/assets/advancedrocketry/models/item/basiccircuit.json,model_json,122,,,,63eedd8138f295e06bf7a69e5f642cdc325c71ef224e219bca95738bb73834df,UPSTREAM_AR_MIT,c5cd5af62fc07cd4e0d24f06a16033f181c47c04,,,,INVENTORIED,
src/main/resources/assets/advancedrocketry/models/item/basiccircuitplate.json,model_json,127,,,,8cb88d758fa10dc4fd8f6dd4baee2c5d30e3caf745dd3ab7d59b3d1c4fd9aa9b,UPSTREAM_AR_MIT,c5cd5af62fc07cd4e0d24f06a16033f181c47c04,,,,INVENTORIED,
src/main/resources/assets/advancedrocketry/models/item/basiclasergun.json,model_json,894,,,,a88ee846880259b12bb39f1969fe11bd2954fbc4265722c8f91c01b0725c1af5,UPSTREAM_AR_MIT,c5cd5af62fc07cd4e0d24f06a16033f181c47c04,,,,INVENTORIED,
src/main/resources/assets/advancedrocketry/models/item/basiclens.json,model_json,119,,,,5b9a1ec13f7df16250ca855da4091bc0a9b2243c10e39766332abe6e399d170c,UPSTREAM_AR_MIT,c5cd5af62fc07cd4e0d24f06a16033f181c47c04,,,,INVENTORIED,
src/main/resources/assets/advancedrocketry/models/item/basicsolarpanel.json,model_json,125,,,,629c4ca2a09e22676e80cf445704c1e07d51ecc87eeb1204a12d1d65cfa1babd,UPSTREAM_AR_MIT,c5cd5af62fc07cd4e0d24f06a16033f181c47c04,,,,INVENTORIED,
src/main/resources/assets/advancedrocketry/models/item/beacon.json,model_json,53,,,,7217eb01b28c5dbc0f9262be2e03810b8775282d857b337607da573bd7ed734e,UPSTREAM_AR_MIT,c5cd5af62fc07cd4e0d24f06a16033f181c47c04,,,,INVENTORIED,
src/main/resources/assets/advancedrocketry/models/item/beaconfinder.json,model_json,122,,,,c3ba40f9f27a1efe9b0118ae23b9763a18d111720a28eeae9622f698b6c904f0,UPSTREAM_AR_MIT,c5cd5af62fc07cd4e0d24f06a16033f181c47c04,,,,INVENTORIED,
src/main/resources/assets/advancedrocketry/models/item/biomechanger.json,model_json,122,,,,95b9d1f0790d81a47f4aff1884985956455df67d49b92ed0601c422b0cac1d38,UPSTREAM_AR_MIT,c5cd5af62fc07cd4e0d24f06a16033f181c47c04,,,,INVENTORIED,
src/main/resources/assets/advancedrocketry/models/item/biomechangersat.json,model_json,125,,,,d0dc587f8928440e4e45ba3d9ebdbbd79f7d5a56bbf6d97b052d02cdfb1dc2cc,UPSTREAM_AR_MIT,c5cd5af62fc07cd4e0d24f06a16033f181c47c04,,,,INVENTORIED,
src/main/resources/assets/advancedrocketry/models/item/bioniclegs.json,model_json,120,,,,7e0b56c0e710c1e87734b160308494d4346dfcd782f33a70e5e6690332d7963b,UPSTREAM_AR_MIT,c5cd5af62fc07cd4e0d24f06a16033f181c47c04,,,,INVENTORIED,
src/main/resources/assets/advancedrocketry/models/item/blocktitaniumaluminide.json,model_json,69,,,,da04d8902215bd1cac855471b2f68ebeb184ca5d601237deee5584dabb421d08,UPSTREAM_AR_MIT,c5cd5af62fc07cd4e0d24f06a16033f181c47c04,,,,INVENTORIED,
src/main/resources/assets/advancedrocketry/models/item/blocktitaniumiridium.json,model_json,67,,,,02769dd0df7386ca43cd736b872fd00f0fa0f4f81ef1a0d9556d7a2846fccc5c,UPSTREAM_AR_MIT,c5cd5af62fc07cd4e0d24f06a16033f181c47c04,,,,INVENTORIED,
src/main/resources/assets/advancedrocketry/models/item/carbonbrick.json,model_json,121,,,,13e850ab36e779ab7911d9618e1d7a5da0da4f774032bc28ae44d9ee8f8b4337,UPSTREAM_AR_MIT,c5cd5af62fc07cd4e0d24f06a16033f181c47c04,,,,INVENTORIED,
src/main/resources/assets/advancedrocketry/models/item/carboncartridge.json,model_json,132,,,,7f120caceccaae9a8787df9e7cadec0af86ee3675b41e2ed729316a1362c4afd,UPSTREAM_AR_MIT,c5cd5af62fc07cd4e0d24f06a16033f181c47c04,,,,INVENTORIED,
src/main/resources/assets/advancedrocketry/models/item/carbonscrubbercartridge.json,model_json,132,,,,7f120caceccaae9a8787df9e7cadec0af86ee3675b41e2ed729316a1362c4afd,UPSTREAM_AR_MIT,c5cd5af62fc07cd4e0d24f06a16033f181c47c04,,,,INVENTORIED,
src/main/resources/assets/advancedrocketry/models/item/compositionsensor.json,model_json,127,,,,8150b5fac23bbce1125a57cadcfb8f807b939596fb3297065db2a398242f78c3,UPSTREAM_AR_MIT,c5cd5af62fc07cd4e0d24f06a16033f181c47c04,,,,INVENTORIED,
src/main/resources/assets/advancedrocketry/models/item/controliocircuit.json,model_json,126,,,,fa678e89a7818ed929fd3098823ee17d16bc00ed04702b2ffcacff7add4e8bbd,UPSTREAM_AR_MIT,c5cd5af62fc07cd4e0d24f06a16033f181c47c04,,,,INVENTORIED,
src/main/resources/assets/advancedrocketry/models/item/controlpanel.json,model_json,59,,,,95954cd40fa1df99be72682845c8e2f67229fa4329a6b4ed9c4ca8a49d8594ec,UPSTREAM_AR_MIT,c5cd5af62fc07cd4e0d24f06a16033f181c47c04,,,,INVENTORIED,
src/main/resources/assets/advancedrocketry/models/item/crystal.json,model_json,52,,,,d16b1c9a68086e9ace3db9f1607a80e150b8e7f798dbe9e5b0ce6b1e1013dd70,UPSTREAM_AR_MIT,c5cd5af62fc07cd4e0d24f06a16033f181c47c04,,,,INVENTORIED,
src/main/resources/assets/advancedrocketry/models/item/databus.json,model_json,54,,,,95f846661a3281eae85ed76b3d39378235049883ccbf007a0730d9f845e4cd14,UPSTREAM_AR_MIT,c5cd5af62fc07cd4e0d24f06a16033f181c47c04,,,,INVENTORIED,
src/main/resources/assets/advancedrocketry/models/item/datapipe.json,model_json,55,,,,eb1b5862006c7ba883ff0788a4817b1253e4ad6070728063c3386098a2ad154e,UPSTREAM_AR_MIT,c5cd5af62fc07cd4e0d24f06a16033f181c47c04,,,,INVENTORIED,
src/main/resources/assets/advancedrocketry/models/item/datastorageunit.json,model_json,125,,,,0d4b5f830eba42c7fced96eee9e64fab4b6a4a8f5d8053a07d6dfdf7c84885d3,UPSTREAM_AR_MIT,c5cd5af62fc07cd4e0d24f06a16033f181c47c04,,,,INVENTORIED,
src/main/resources/assets/advancedrocketry/models/item/dataunit.json,model_json,125,,,,0d4b5f830eba42c7fced96eee9e64fab4b6a4a8f5d8053a07d6dfdf7c84885d3,UPSTREAM_AR_MIT,c5cd5af62fc07cd4e0d24f06a16033f181c47c04,,,,INVENTORIED,
src/main/resources/assets/advancedrocketry/models/item/earthbrightvisor.json,model_json,126,,,,8682ebce238a1166076b27c75803846ca8c70fa4e504e3e30fbd14d4856fb738,UPSTREAM_AR_MIT,c5cd5af62fc07cd4e0d24f06a16033f181c47c04,,,,INVENTORIED,
src/main/resources/assets/advancedrocketry/models/item/elevatorchip.json,model_json,122,,,,b8dc202f28a4ce5b70640eef11c76899d91d194b129117d561c435971a4f78b6,UPSTREAM_AR_MIT,c5cd5af62fc07cd4e0d24f06a16033f181c47c04,,,,INVENTORIED,
src/main/resources/assets/advancedrocketry/models/item/energypipe.json,model_json,57,,,,d247c5d0a71de4b8d1d9fbc8541e904e92210d6bba2bc0a9133675a04f7e9447,UPSTREAM_AR_MIT,c5cd5af62fc07cd4e0d24f06a16033f181c47c04,,,,INVENTORIED,
src/main/resources/assets/advancedrocketry/models/item/flightspeedupgrade.json,model_json,128,,,,b2ef6c43727f8ddf248717ed61154e8a238d06e7bf1b4fb9822ffbba4ef61c27,UPSTREAM_AR_MIT,c5cd5af62fc07cd4e0d24f06a16033f181c47c04,,,,INVENTORIED,
src/main/resources/assets/advancedrocketry/models/item/fueltank.json,model_json,114,,,,225153243af86a24597efc23454bafe7f676d13a7536f72628b7a736575ee999,UPSTREAM_AR_MIT,c5cd5af62fc07cd4e0d24f06a16033f181c47c04,,,,INVENTORIED,
src/main/resources/assets/advancedrocketry/models/item/guidancecomputeraccesshatch.json,model_json,74,,,,918a5d59404d56b7f12548c95b3c465310da0474312294f46b4fa4b2dbfdc74f,UPSTREAM_AR_MIT,c5cd5af62fc07cd4e0d24f06a16033f181c47c04,,,,INVENTORIED,
src/main/resources/assets/advancedrocketry/models/item/hovercraft.json,model_json,120,,,,8a49398f67703318752d1368864417ff8dd444daf26758e74c094b60b01fd635,UPSTREAM_AR_MIT,c5cd5af62fc07cd4e0d24f06a16033f181c47c04,,,,INVENTORIED,
src/main/resources/assets/advancedrocketry/models/item/hoverupgrade.json,model_json,122,,,,f2a13bf60277b585545c0913266f3805183c9d77f3d21882ef398a4a6730a0d3,UPSTREAM_AR_MIT,c5cd5af62fc07cd4e0d24f06a16033f181c47c04,,,,INVENTORIED,
src/main/resources/assets/advancedrocketry/models/item/iquartzcrucible.json,model_json,119,,,,93a94752bf2bad14659ae2a5f92f9e95d7ce260f281ad3900872b8563bb3812a,UPSTREAM_AR_MIT,c5cd5af62fc07cd4e0d24f06a16033f181c47c04,,,,INVENTORIED,
src/main/resources/assets/advancedrocketry/models/item/itemcircuitplate.json,model_json,127,,,,8cb88d758fa10dc4fd8f6dd4baee2c5d30e3caf745dd3ab7d59b3d1c4fd9aa9b,UPSTREAM_AR_MIT,c5cd5af62fc07cd4e0d24f06a16033f181c47c04,,,,INVENTORIED,
src/main/resources/assets/advancedrocketry/models/item/itemiocircuit.json,model_json,123,,,,05791447abb82f497b08d2afc7cc9a14bbf6bb34cc8592b86e64f3d00e095c6f,UPSTREAM_AR_MIT,c5cd5af62fc07cd4e0d24f06a16033f181c47c04,,,,INVENTORIED,
src/main/resources/assets/advancedrocketry/models/item/jackhammer.json,model_json,120,,,,5bda9b31864a0a081add0cdb1c7f60bcb20eefd6b6f114fc4d4f93681489f77a,UPSTREAM_AR_MIT,c5cd5af62fc07cd4e0d24f06a16033f181c47c04,,,,INVENTORIED,
src/main/resources/assets/advancedrocketry/models/item/jetpack.json,model_json,117,,,,acb9035bd24d3568c3fb8f7aa5440fa341555ce487656ffaccf10e033255131f,UPSTREAM_AR_MIT,c5cd5af62fc07cd4e0d24f06a16033f181c47c04,,,,INVENTORIED,
src/main/resources/assets/advancedrocketry/models/item/landingboots.json,model_json,122,,,,50f0fffe2bfefb78bb9606fc7c8b6f685072de1b4c894ffa0eef83a1bd17a753,UPSTREAM_AR_MIT,c5cd5af62fc07cd4e0d24f06a16033f181c47c04,,,,INVENTORIED,
src/main/resources/assets/advancedrocketry/models/item/launchpad.json,model_json,123,,,,d7c92354e8a04e27807d4370f4b18c7f456b7051ce545db7e9e625ad4d9725f0,UPSTREAM_AR_MIT,c5cd5af62fc07cd4e0d24f06a16033f181c47c04,,,,INVENTORIED,
src/main/resources/assets/advancedrocketry/models/item/launchpad_all.json,model_json,60,,,,5be1774b8c8965664459a0613fde8f3bc5de8e370e6aa8b56bae7f780b0eca31,UPSTREAM_AR_MIT,c5cd5af62fc07cd4e0d24f06a16033f181c47c04,,,,INVENTORIED,
src/main/resources/assets/advancedrocketry/models/item/launchpad_blcorner.json,model_json,65,,,,d1028fc990dd4da499a106429f31cb911704dc3d68175a77f9f8a56845e9b7cc,UPSTREAM_AR_MIT,c5cd5af62fc07cd4e0d24f06a16033f181c47c04,,,,INVENTORIED,
src/main/resources/assets/advancedrocketry/models/item/launchpad_bottomedge.json,model_json,67,,,,16eb689c169d328a5c0537896b765425ea53e6f222d785269a3eb59d913eccf7,UPSTREAM_AR_MIT,c5cd5af62fc07cd4e0d24f06a16033f181c47c04,,,,INVENTORIED,
src/main/resources/assets/advancedrocketry/models/item/launchpad_brcorner.json,model_json,65,,,,1db8d875bebc5a5dcb1e4458c97657eb42dfa85d4927f72d85dc67c410a5aefa,UPSTREAM_AR_MIT,c5cd5af62fc07cd4e0d24f06a16033f181c47c04,,,,INVENTORIED,
src/main/resources/assets/advancedrocketry/models/item/launchpad_leftedge.json,model_json,65,,,,c09894393e4cdc4f7041fce7c531de0155321458feed94f0c7ecb6f82877fa20,UPSTREAM_AR_MIT,c5cd5af62fc07cd4e0d24f06a16033f181c47c04,,,,INVENTORIED,
src/main/resources/assets/advancedrocketry/models/item/launchpad_nbedge.json,model_json,63,,,,b9054f353f5e88e69c23983bab0b5f9009d8743e0182a54cdabc7f0841c15545,UPSTREAM_AR_MIT,c5cd5af62fc07cd4e0d24f06a16033f181c47c04,,,,INVENTORIED,
src/main/resources/assets/advancedrocketry/models/item/launchpad_nledge.json,model_json,63,,,,874eae2a1b923d47a2a63e7ad4d3d29321e5623a3e9a2f003037ddc4aa2e4368,UPSTREAM_AR_MIT,c5cd5af62fc07cd4e0d24f06a16033f181c47c04,,,,INVENTORIED,
src/main/resources/assets/advancedrocketry/models/item/launchpad_noedge.json,model_json,63,,,,e5d7d84418db87731fc54403d33161eefffd71ff29a28b7f7084721f9f52fde5,UPSTREAM_AR_MIT,c5cd5af62fc07cd4e0d24f06a16033f181c47c04,,,,INVENTORIED,
src/main/resources/assets/advancedrocketry/models/item/launchpad_nredge.json,model_json,63,,,,804d50a2cb7ac7035eda40185192a65c2d729ebbe9b18781e92cc183fa4fdb8e,UPSTREAM_AR_MIT,c5cd5af62fc07cd4e0d24f06a16033f181c47c04,,,,INVENTORIED,
src/main/resources/assets/advancedrocketry/models/item/launchpad_ntedge.json,model_json,63,,,,f36d653e53fc7d82a8368c718b4f7150e3798145f9ed71606d6657fa5302f48f,UPSTREAM_AR_MIT,c5cd5af62fc07cd4e0d24f06a16033f181c47c04,,,,INVENTORIED,
src/main/resources/assets/advancedrocketry/models/item/launchpad_rightedge.json,model_json,66,,,,981968ecae8651e48a73d7aba4a68119d9e99dfcf36d79ca8786d72218b687f4,UPSTREAM_AR_MIT,c5cd5af62fc07cd4e0d24f06a16033f181c47c04,,,,INVENTORIED,
src/main/resources/assets/advancedrocketry/models/item/launchpad_tlcorner.json,model_json,65,,,,ed011555760d7eaf173fb94ec2da22542a0b67f9e680c0b488dd3d42c250e0d0,UPSTREAM_AR_MIT,c5cd5af62fc07cd4e0d24f06a16033f181c47c04,,,,INVENTORIED,
src/main/resources/assets/advancedrocketry/models/item/launchpad_topedge.json,model_json,64,,,,33e6460a1b5f97ebf8f8b768b41516e3e22d8f88849b7eb0d52a6712a6edb68c,UPSTREAM_AR_MIT,c5cd5af62fc07cd4e0d24f06a16033f181c47c04,,,,INVENTORIED,
src/main/resources/assets/advancedrocketry/models/item/launchpad_trcorner.json,model_json,65,,,,c3d7ece9138d8303f81dd28d7f49dbeef0595b1264c77ec84998c94954412610,UPSTREAM_AR_MIT,c5cd5af62fc07cd4e0d24f06a16033f181c47c04,,,,INVENTORIED,
src/main/resources/assets/advancedrocketry/models/item/launchpad_xcross.json,model_json,63,,,,57be0db7f4164661101005ed339bdffc6c298fd593d60087f836fb891491d737,UPSTREAM_AR_MIT,c5cd5af62fc07cd4e0d24f06a16033f181c47c04,,,,INVENTORIED,
src/main/resources/assets/advancedrocketry/models/item/launchpad_ycross.json,model_json,63,,,,f2e637d4a735b00e7d434d6d97864b595cb041bc751006c92e56d063b6a7aa1c,UPSTREAM_AR_MIT,c5cd5af62fc07cd4e0d24f06a16033f181c47c04,,,,INVENTORIED,
src/main/resources/assets/advancedrocketry/models/item/liquidiocircuit.json,model_json,125,,,,f1a51672758e6a2c41cd8a5886a155b2d6be4ab24e2cc39114e5144aa2408412,UPSTREAM_AR_MIT,c5cd5af62fc07cd4e0d24f06a16033f181c47c04,,,,INVENTORIED,
src/main/resources/assets/advancedrocketry/models/item/liquidpipe.json,model_json,57,,,,203192b4df1426ad1d7491ea74f1e4d5fb0c529ee5ce216e8ba15b491e519094,UPSTREAM_AR_MIT,c5cd5af62fc07cd4e0d24f06a16033f181c47c04,,,,INVENTORIED,
src/main/resources/assets/advancedrocketry/models/item/liquidtank.json,model_json,57,,,,e22dc9cf38e97687613f0e626cb2a48c022db4988cfc2a2f3a7362a67325a73c,UPSTREAM_AR_MIT,c5cd5af62fc07cd4e0d24f06a16033f181c47c04,,,,INVENTORIED,
src/main/resources/assets/advancedrocketry/models/item/loader.json,model_json,61,,,,c3fafc411a509cae4a299cc5e00ddc51886f173df2c7aaa538b23ddd2adfcf3a,UPSTREAM_AR_MIT,c5cd5af62fc07cd4e0d24f06a16033f181c47c04,,,,INVENTORIED,
src/main/resources/assets/advancedrocketry/models/item/massdetector.json,model_json,122,,,,78c545438219433de3209d276ba19497ccea9b8b8ff88764bd0e4835870c136d,UPSTREAM_AR_MIT,c5cd5af62fc07cd4e0d24f06a16033f181c47c04,,,,INVENTORIED,
src/main/resources/assets/advancedrocketry/models/item/metal0.json,model_json,50,,,,012d28997b48cf691fcd997272cc1d14d7ba800593a1488e1696dba668e8b162,UPSTREAM_AR_MIT,c5cd5af62fc07cd4e0d24f06a16033f181c47c04,,,,INVENTORIED,
src/main/resources/assets/advancedrocketry/models/item/microwavetransmitter.json,model_json,130,,,,39eef6298b0df6c94abfb7c508d29972e4000481f3508c3aa2d64cc845e98286,UPSTREAM_AR_MIT,c5cd5af62fc07cd4e0d24f06a16033f181c47c04,,,,INVENTORIED,
src/main/resources/assets/advancedrocketry/models/item/miscpart1.json,model_json,121,,,,13e850ab36e779ab7911d9618e1d7a5da0da4f774032bc28ae44d9ee8f8b4337,UPSTREAM_AR_MIT,c5cd5af62fc07cd4e0d24f06a16033f181c47c04,,,,INVENTORIED,
src/main/resources/assets/advancedrocketry/models/item/models/advRocketmotor.mtl,model_mtl,295,,,,66ec3d6b4c0d36ac495ca1a312182dc885ba50b3fb150f6a86ad77e077967bd5,UPSTREAM_AR_MIT,c5cd5af62fc07cd4e0d24f06a16033f181c47c04,,,,INVENTORIED,
src/main/resources/assets/advancedrocketry/models/item/models/advRocketmotor.obj,model_obj,13195,,,,15dd0e89eba2bb3770be516ed7f73b0984ae56a7c2f1ae0b487228f63a2e0e7f,UPSTREAM_AR_MIT,c5cd5af62fc07cd4e0d24f06a16033f181c47c04,,,,INVENTORIED,
src/main/resources/assets/advancedrocketry/models/item/models/basicLaserGun.mtl,model_mtl,528,,,,5922ba81d1d25ede665a4af81712e89d33581dfa1b5ef7ea16930fced6a1e412,UPSTREAM_AR_MIT,c5cd5af62fc07cd4e0d24f06a16033f181c47c04,,,,INVENTORIED,
src/main/resources/assets/advancedrocketry/models/item/models/basicLaserGun.obj,model_obj,31662,,,,1edc2473dbe017a229f3615875d3557c32ed4a411fff4957c6d95968df50ea80,UPSTREAM_AR_MIT,c5cd5af62fc07cd4e0d24f06a16033f181c47c04,,,,INVENTORIED,
src/main/resources/assets/advancedrocketry/models/item/models/bottomTank.mtl,model_mtl,194,,,,62c290d234fc21cd7b3d28d393cfb5ab87003df98d8ccc5c7390c5530bb924d8,UPSTREAM_AR_MIT,c5cd5af62fc07cd4e0d24f06a16033f181c47c04,,,,INVENTORIED,
src/main/resources/assets/advancedrocketry/models/item/models/bottomTank.obj,model_obj,18680,,,,904b7819a4ec27e8928aab286c994c32b3db905168cf24caf4352f9651fdfdd9,UPSTREAM_AR_MIT,c5cd5af62fc07cd4e0d24f06a16033f181c47c04,,,,INVENTORIED,
src/main/resources/assets/advancedrocketry/models/item/models/endTank.mtl,model_mtl,200,,,,836b079ee3b814b221ad2ef3131bd4830288ae3b0cba1f3bbd30eb43cb94278d,UPSTREAM_AR_MIT,c5cd5af62fc07cd4e0d24f06a16033f181c47c04,,,,INVENTORIED,
src/main/resources/assets/advancedrocketry/models/item/models/middleTank.mtl,model_mtl,196,,,,398b867b0cbc26e2cb419dc1d288901e62333241baedf42013f27e894d86e5f4,UPSTREAM_AR_MIT,c5cd5af62fc07cd4e0d24f06a16033f181c47c04,,,,INVENTORIED,
src/main/resources/assets/advancedrocketry/models/item/models/middleTank.obj,model_obj,12056,,,,73f1e9b720ad7f133bbd98f4a3eeeccc6325c3c01648153613477c3710c46862,UPSTREAM_AR_MIT,c5cd5af62fc07cd4e0d24f06a16033f181c47c04,,,,INVENTORIED,
src/main/resources/assets/advancedrocketry/models/item/models/motor.mtl,model_mtl,291,,,,4c8f2efc54ea3343d3f6413fa66ce363f3d328d8984d4b37f791488f2ecf2d12,UPSTREAM_AR_MIT,c5cd5af62fc07cd4e0d24f06a16033f181c47c04,,,,INVENTORIED,
src/main/resources/assets/advancedrocketry/models/item/models/motor.obj,model_obj,20603,,,,20ce76f23d91d0a5536c096b1309a13e3213cab14a54d0f03f148a3a69c26d16,UPSTREAM_AR_MIT,c5cd5af62fc07cd4e0d24f06a16033f181c47c04,,,,INVENTORIED,
src/main/resources/assets/advancedrocketry/models/item/models/rocketmotor.mtl,model_mtl,295,,,,66ec3d6b4c0d36ac495ca1a312182dc885ba50b3fb150f6a86ad77e077967bd5,UPSTREAM_AR_MIT,c5cd5af62fc07cd4e0d24f06a16033f181c47c04,,,,INVENTORIED,
src/main/resources/assets/advancedrocketry/models/item/models/rocketmotor.obj,model_obj,5619,,,,3a668d5129cd3e3a87ea6221c1d96c8ce3e96a7283f0798a2de9bc79872783f5,UPSTREAM_AR_MIT,c5cd5af62fc07cd4e0d24f06a16033f181c47c04,,,,INVENTORIED,
src/main/resources/assets/advancedrocketry/models/item/models/sawBlade.mtl,model_mtl,300,,,,4814f4807ae7201b8b6889cd22c3e96e32dbe78598997f5c14235f180a5f41dc,UPSTREAM_AR_MIT,c5cd5af62fc07cd4e0d24f06a16033f181c47c04,,,,INVENTORIED,
src/main/resources/assets/advancedrocketry/models/item/models/sawBlade.obj,model_obj,13586,,,,467a90a3da7081d1026361b65a322003a6b6628c5b5f1651e4503b23f8a823e3,UPSTREAM_AR_MIT,c5cd5af62fc07cd4e0d24f06a16033f181c47c04,,,,INVENTORIED,
src/main/resources/assets/advancedrocketry/models/item/models/topTank.mtl,model_mtl,196,,,,b0bbffc45f30469349a8977ce6c3002fb6af8f195b2fad31c71b670fb252823d,UPSTREAM_AR_MIT,c5cd5af62fc07cd4e0d24f06a16033f181c47c04,,,,INVENTORIED,
src/main/resources/assets/advancedrocketry/models/item/models/topTank.obj,model_obj,18676,,,,cf76a5393a1ae5aa518d9df73cdbfec65423ccdbd8fc450e0654c170dfda640d,UPSTREAM_AR_MIT,c5cd5af62fc07cd4e0d24f06a16033f181c47c04,,,,INVENTORIED,
src/main/resources/assets/advancedrocketry/models/item/opticalsensor.json,model_json,123,,,,4e139e03e0cdd469379fb0a6ebc3595bb34ef088c45d5ba17fffe0828ab40ea1,UPSTREAM_AR_MIT,c5cd5af62fc07cd4e0d24f06a16033f181c47c04,,,,INVENTORIED,
src/main/resources/assets/advancedrocketry/models/item/oremapper.json,model_json,119,,,,875780f445368ae7d7cbf9fc44ad67d071f71ed0080e39636bd48f09e2b3dbba,UPSTREAM_AR_MIT,c5cd5af62fc07cd4e0d24f06a16033f181c47c04,,,,INVENTORIED,
src/main/resources/assets/advancedrocketry/models/item/orescanner.json,model_json,120,,,,9896cc615c05ba989ed25b98b4db2d4e46a98a3e6175401c9006f4e23f61c796,UPSTREAM_AR_MIT,c5cd5af62fc07cd4e0d24f06a16033f181c47c04,,,,INVENTORIED,
src/main/resources/assets/advancedrocketry/models/item/planetidchip.json,model_json,122,,,,eb44ab7b896f2536f4c74aafd9b8753d16f3d7d76fc23436aab2ef59804d22c1,UPSTREAM_AR_MIT,c5cd5af62fc07cd4e0d24f06a16033f181c47c04,,,,INVENTORIED,
src/main/resources/assets/advancedrocketry/models/item/platepress.json,model_json,35,,,,fc50ad343e68dccaea6ff000ff835e90c68a2357ea52f96bcd5033e2a58f5268,UPSTREAM_AR_MIT,c5cd5af62fc07cd4e0d24f06a16033f181c47c04,,,,INVENTORIED,
src/main/resources/assets/advancedrocketry/models/item/pressuretank0.json,model_json,123,,,,292bd7e7600d95b4c35c3284df4bfadddec31941784b9305ecfe98f043ba9dff,UPSTREAM_AR_MIT,c5cd5af62fc07cd4e0d24f06a16033f181c47c04,,,,INVENTORIED,
src/main/resources/assets/advancedrocketry/models/item/pressuretank1.json,model_json,123,,,,35d92edcd89ff7024d697ea5fcb4d0b0cd8624c28f110fd8db0a7cc89c1b1500,UPSTREAM_AR_MIT,c5cd5af62fc07cd4e0d24f06a16033f181c47c04,,,,INVENTORIED,
src/main/resources/assets/advancedrocketry/models/item/pressuretank2.json,model_json,123,,,,567b3a02992b6d6471fa9d3e2c3afabacdd6caa94564587effb2ba6fa981ac1b,UPSTREAM_AR_MIT,c5cd5af62fc07cd4e0d24f06a16033f181c47c04,,,,INVENTORIED,
src/main/resources/assets/advancedrocketry/models/item/pressuretank3.json,model_json,123,,,,839beeb8acf30a6db6b50e65ef1e2f4df1d5507574a5142e89bbd6bff38aa614,UPSTREAM_AR_MIT,c5cd5af62fc07cd4e0d24f06a16033f181c47c04,,,,INVENTORIED,
src/main/resources/assets/advancedrocketry/models/item/productboule.json,model_json,108,,,,812ad804ebdff8db6316077ae2ad8b0078d9c0c6a10dab286e691028605b064b,UPSTREAM_AR_MIT,c5cd5af62fc07cd4e0d24f06a16033f181c47c04,,,,INVENTORIED,
src/main/resources/assets/advancedrocketry/models/item/productdust.json,model_json,107,,,,8b637424784f175c66dc025c3a790488b5c93b4edb5d9d440331a48f83353437,UPSTREAM_AR_MIT,c5cd5af62fc07cd4e0d24f06a16033f181c47c04,,,,INVENTORIED,
src/main/resources/assets/advancedrocketry/models/item/productfan.json,model_json,106,,,,8b5b82e72f9e567daceeac8f8f8920b5e4e324078b66fc6b4e23998cb891d066,UPSTREAM_AR_MIT,c5cd5af62fc07cd4e0d24f06a16033f181c47c04,,,,INVENTORIED,
src/main/resources/assets/advancedrocketry/models/item/productgear.json,model_json,107,,,,0fdae978b13d03181c875db98d29b01e119ee04252d9b34bf931b4e9f2cd398d,UPSTREAM_AR_MIT,c5cd5af62fc07cd4e0d24f06a16033f181c47c04,,,,INVENTORIED,
src/main/resources/assets/advancedrocketry/models/item/productgem.json,model_json,110,,,,cad5074dc4669a81d3e56db641ecab3c77223357bfd7c9202d5d9a267721cfda,UPSTREAM_AR_MIT,c5cd5af62fc07cd4e0d24f06a16033f181c47c04,,,,INVENTORIED,
src/main/resources/assets/advancedrocketry/models/item/productingot.json,model_json,108,,,,a1c4997e2bedd9a704a0f03bb4389b4b1bc29ef8d6a24f7f806a4fb40c27aa9d,UPSTREAM_AR_MIT,c5cd5af62fc07cd4e0d24f06a16033f181c47c04,,,,INVENTORIED,
src/main/resources/assets/advancedrocketry/models/item/productnugget.json,model_json,109,,,,b8fad9ed5250fa271db4ab4c86164451ec0fd42c97f3defe5ceae390a218dbb0,UPSTREAM_AR_MIT,c5cd5af62fc07cd4e0d24f06a16033f181c47c04,,,,INVENTORIED,
src/main/resources/assets/advancedrocketry/models/item/productplate.json,model_json,108,,,,41481f331eaf5b80961748a283040e4fe4d3c5c22c2d71c7dedaced5f3c13e87,UPSTREAM_AR_MIT,c5cd5af62fc07cd4e0d24f06a16033f181c47c04,,,,INVENTORIED,
src/main/resources/assets/advancedrocketry/models/item/productrod.json,model_json,108,,,,4f7df1157f24cc524d013ad28da81f4cc939aa87c922af6602edd5590fe74411,UPSTREAM_AR_MIT,c5cd5af62fc07cd4e0d24f06a16033f181c47c04,,,,INVENTORIED,
src/main/resources/assets/advancedrocketry/models/item/productsheet.json,model_json,108,,,,d0f38180a9517296004da1e195ed0bbca51ca77aae2a1a836bc18ce505d34dad,UPSTREAM_AR_MIT,c5cd5af62fc07cd4e0d24f06a16033f181c47c04,,,,INVENTORIED,
src/main/resources/assets/advancedrocketry/models/item/quartzcrucible.json,model_json,61,,,,9d327bccbf4b5a5a1e1931cca6a7005da159be88caae33aa03da4b00ede0d285,UPSTREAM_AR_MIT,c5cd5af62fc07cd4e0d24f06a16033f181c47c04,,,,INVENTORIED,
src/main/resources/assets/advancedrocketry/models/item/rocketmotor.json,model_json,126,,,,d86176fd56986a36347606f3a641e1025caac4dafced3223cbba307787b3db25,UPSTREAM_AR_MIT,c5cd5af62fc07cd4e0d24f06a16033f181c47c04,,,,INVENTORIED,
src/main/resources/assets/advancedrocketry/models/item/satellite.json,model_json,119,,,,0c1344ae9187a964310d62c8ad3ce618db5cefb37c3176083673eb0e2f535af0,UPSTREAM_AR_MIT,c5cd5af62fc07cd4e0d24f06a16033f181c47c04,,,,INVENTORIED,
src/main/resources/assets/advancedrocketry/models/item/satellitehatch.json,model_json,61,,,,c3fafc411a509cae4a299cc5e00ddc51886f173df2c7aaa538b23ddd2adfcf3a,UPSTREAM_AR_MIT,c5cd5af62fc07cd4e0d24f06a16033f181c47c04,,,,INVENTORIED,
src/main/resources/assets/advancedrocketry/models/item/satelliteidchip.json,model_json,125,,,,fe88a5d069806527e114910ba1af3dd77e8dc22234984e9b6531322197950442,UPSTREAM_AR_MIT,c5cd5af62fc07cd4e0d24f06a16033f181c47c04,,,,INVENTORIED,
src/main/resources/assets/advancedrocketry/models/item/sawblade.json,model_json,126,,,,ada4703400132b9f0846a5f3fc16bfcbd2578a39b585bb755fb2767e9d250701,UPSTREAM_AR_MIT,c5cd5af62fc07cd4e0d24f06a16033f181c47c04,,,,INVENTORIED,
src/main/resources/assets/advancedrocketry/models/item/sawbladeiron.json,model_json,122,,,,6042eaeb078314fed3af8db5fa26e0978b40b385b2c4052691414acc64d7cb7c,UPSTREAM_AR_MIT,c5cd5af62fc07cd4e0d24f06a16033f181c47c04,,,,INVENTORIED,
src/main/resources/assets/advancedrocketry/models/item/sealdetector.json,model_json,122,,,,c18b6a29819493a71549554da368ba660426c54f3e500d199d328ef5fb1be6df,UPSTREAM_AR_MIT,c5cd5af62fc07cd4e0d24f06a16033f181c47c04,,,,INVENTORIED,
src/main/resources/assets/advancedrocketry/models/item/seat.json,model_json,51,,,,0432d403508f2e7442fbb8434cc2a36c2a51a07af133abba22efb59c39316592,UPSTREAM_AR_MIT,c5cd5af62fc07cd4e0d24f06a16033f181c47c04,,,,INVENTORIED,
src/main/resources/assets/advancedrocketry/models/item/siliconwafer.json,model_json,122,,,,dbf876b99811ebef96f9a8d6516a863bef4ca28bc881c3e1b1569d0058f40dbe,UPSTREAM_AR_MIT,c5cd5af62fc07cd4e0d24f06a16033f181c47c04,,,,INVENTORIED,
src/main/resources/assets/advancedrocketry/models/item/smallairlockdoor.json,model_json,122,,,,9bb38622444a621144e8fee9930f6f87c1269b8c5340ccf9dde1e8cc507c7bdf,UPSTREAM_AR_MIT,c5cd5af62fc07cd4e0d24f06a16033f181c47c04,,,,INVENTORIED,
src/main/resources/assets/advancedrocketry/models/item/spaceboots.json,model_json,184,,,,b9510bb82d72ba3e2700caffcf73277ed4af14642e52c7ca8d93a17982b64249,UPSTREAM_AR_MIT,c5cd5af62fc07cd4e0d24f06a16033f181c47c04,,,,INVENTORIED,
src/main/resources/assets/advancedrocketry/models/item/spacechestplate.json,model_json,194,,,,02b99b3ac1f4593787398002ffb4ca874662156cead27ac36441d099a027f0ef,UPSTREAM_AR_MIT,c5cd5af62fc07cd4e0d24f06a16033f181c47c04,,,,INVENTORIED,
src/main/resources/assets/advancedrocketry/models/item/spacehelmet.json,model_json,186,,,,f160a3d19aa74486d32a1f07e9d1fc5986558bcb9c6c1637d1a49c47fc5d5911,UPSTREAM_AR_MIT,c5cd5af62fc07cd4e0d24f06a16033f181c47c04,,,,INVENTORIED,
src/main/resources/assets/advancedrocketry/models/item/spaceleggings.json,model_json,123,,,,6a4e2cf0d6a24a7f3178285bd30b8341a78ec17a429032c91c4752df8df7ac10,UPSTREAM_AR_MIT,c5cd5af62fc07cd4e0d24f06a16033f181c47c04,,,,INVENTORIED,
src/main/resources/assets/advancedrocketry/models/item/spacestation.json,model_json,131,,,,21ca82c4ac00cfe69ab4e327d800f7bef9e54896112f46e923670b8b49fc15dd,UPSTREAM_AR_MIT,c5cd5af62fc07cd4e0d24f06a16033f181c47c04,,,,INVENTORIED,
src/main/resources/assets/advancedrocketry/models/item/stationidchip.json,model_json,123,,,,7f186b8c877c974f636eeed84317d330c68e87c7cb8b2fc7cf02681baefa4d5f,UPSTREAM_AR_MIT,c5cd5af62fc07cd4e0d24f06a16033f181c47c04,,,,INVENTORIED,
src/main/resources/assets/advancedrocketry/models/item/thermite.json,model_json,118,,,,16b208ffde5879d0a1eb339c707ad7fe22457a5760d733fd9dcb282da9a6b86c,UPSTREAM_AR_MIT,c5cd5af62fc07cd4e0d24f06a16033f181c47c04,,,,INVENTORIED,
src/main/resources/assets/advancedrocketry/models/item/thermitetorch.json,model_json,124,,,,ba447a7f5bf71e515185b2bfd48f0ff1a1c6584e0530e4af766c1132f56e5d0a,UPSTREAM_AR_MIT,c5cd5af62fc07cd4e0d24f06a16033f181c47c04,,,,INVENTORIED,
src/main/resources/assets/advancedrocketry/models/item/trackingcircuit.json,model_json,125,,,,440195d9f8f95b2bde7654eb8878179ec9b151fc3779e98f86759712acce8a4b,UPSTREAM_AR_MIT,c5cd5af62fc07cd4e0d24f06a16033f181c47c04,,,,INVENTORIED,
src/main/resources/assets/advancedrocketry/models/item/unlittorch.json,model_json,102,,,,9684677e439e912f5b2aa1b1f6d048b79113bb0185ef117d82325058252fa46c,UPSTREAM_AR_MIT,c5cd5af62fc07cd4e0d24f06a16033f181c47c04,,,,INVENTORIED,
src/main/resources/assets/advancedrocketry/models/item/userinterface.json,model_json,123,,,,10f1bbfc933fdfee2b6a267a6152c970c2b721e097c2b83133343d7e704d51af,UPSTREAM_AR_MIT,c5cd5af62fc07cd4e0d24f06a16033f181c47c04,,,,INVENTORIED,
src/main/resources/assets/advancedrocketry/models/item/wirelesstransciever.json,model_json,66,,,,c84b42abea73b764e73a3160dd0628fd460e07a35af4f4a02887bc81d4913b56,UPSTREAM_AR_MIT,c5cd5af62fc07cd4e0d24f06a16033f181c47c04,,,,INVENTORIED,
src/main/resources/assets/advancedrocketry/models/jetpack.obj,model_obj,10061,,,,bdb116bf4938101ff7f89680bb90ae21dae1809ff5879e4224c5f9ec7d376c41,UPSTREAM_AR_MIT,c5cd5af62fc07cd4e0d24f06a16033f181c47c04,,,,INVENTORIED,
src/main/resources/assets/advancedrocketry/models/lathe.obj,model_obj,31102,,,,4ffeb4433a28dc71daaee316f6d6667e67d5cf3485334215464b0d218877cac3,UPSTREAM_AR_MIT,c5cd5af62fc07cd4e0d24f06a16033f181c47c04,,,,INVENTORIED,
src/main/resources/assets/advancedrocketry/models/motor.obj,model_obj,19900,,,,fea691af578581b18f32c49e9a5d0a2a7df5f55e31eab3af475915bec3d06ddd,UPSTREAM_AR_MIT,c5cd5af62fc07cd4e0d24f06a16033f181c47c04,,,,INVENTORIED,
src/main/resources/assets/advancedrocketry/models/observatory.obj,model_obj,19867,,,,f7d4f886f2f824cfabe097fce3bf4d0258f6db2abaa2fc37be23ea45dbf89dc3,UPSTREAM_AR_MIT,c5cd5af62fc07cd4e0d24f06a16033f181c47c04,,,,INVENTORIED,
src/main/resources/assets/advancedrocketry/models/orbitallaserdrill.obj,model_obj,166011,,,,0b99afcec3e6640db4a548846ed33e70798afdb8818e792251dacea6160099ab,UPSTREAM_AR_MIT,c5cd5af62fc07cd4e0d24f06a16033f181c47c04,,,,INVENTORIED,
src/main/resources/assets/advancedrocketry/models/precisionassembler.obj,model_obj,73474,,,,0a0edb9d7a620c46c1f49f05e8aa267c52ea27c35e73d9a635c8aa6fb6a42c8e,UPSTREAM_AR_MIT,c5cd5af62fc07cd4e0d24f06a16033f181c47c04,,,,INVENTORIED,
src/main/resources/assets/advancedrocketry/models/precisionlaseretcher.obj,model_obj,24046,,,,cf9d00643874a60981e5516152757c4cc2cbfa2450b7aadd08319530ee831a03,UPSTREAM_AR_MIT,c5cd5af62fc07cd4e0d24f06a16033f181c47c04,,,,INVENTORIED,
src/main/resources/assets/advancedrocketry/models/railgun.obj,model_obj,56277,,,,4aa34baa9a9c3649403e0f97e1176650f471c7441b3a60dede6953afcba0feba,UPSTREAM_AR_MIT,c5cd5af62fc07cd4e0d24f06a16033f181c47c04,,,,INVENTORIED,
src/main/resources/assets/advancedrocketry/models/rollingmachine.obj,model_obj,29762,,,,ecb344f00b6539255d6e2b78a31ac0daa64a25b023911a8a44d19b77a0e100f4,UPSTREAM_AR_MIT,c5cd5af62fc07cd4e0d24f06a16033f181c47c04,,,,INVENTORIED,
src/main/resources/assets/advancedrocketry/models/solar_array.obj,model_obj,8288,,,,179a778bb305b427ece994241d8e8073291e679618863e46683d9752b596ee5f,UPSTREAM_AR_MIT,c5cd5af62fc07cd4e0d24f06a16033f181c47c04,,,,INVENTORIED,
src/main/resources/assets/advancedrocketry/models/spaceelevator.obj,model_obj,217039,,,,81ef2b71b95e94dcec04dbb7d1da6d0274e72f831369b9a1385c97546af2b23e,UPSTREAM_AR_MIT,c5cd5af62fc07cd4e0d24f06a16033f181c47c04,,,,INVENTORIED,
src/main/resources/assets/advancedrocketry/models/terraformeratm.obj,model_obj,299826,,,,3037faea7c84e69570140a16c7323002eee914fb630561fb51172dddf6e5862e,UPSTREAM_AR_MIT,c5cd5af62fc07cd4e0d24f06a16033f181c47c04,,,,INVENTORIED,
src/main/resources/assets/advancedrocketry/models/warpcore.obj,model_obj,86558,,,,80aeb621f3290001ce7ba11266c7ce376864738df3cac8fb1ee59b6ce853c327,UPSTREAM_AR_MIT,c5cd5af62fc07cd4e0d24f06a16033f181c47c04,,,,INVENTORIED,
src/main/resources/assets/advancedrocketry/recipes/_factories.json,recipe,740,,,,a68bf2a6f284678c0ae8e3276835412e971521cc4a1874ab73dfd84b3f59bf35,UPSTREAM_AR_MIT,c5cd5af62fc07cd4e0d24f06a16033f181c47c04,,,,INVENTORIED,
src/main/resources/assets/advancedrocketry/recipes/advbasiccircuit.json,recipe,360,,,,40ed3f3b8935cb083f88ec52a334adc73e0ab0e6b9c544563688cdded91d7a19,UPSTREAM_AR_MIT,c5cd5af62fc07cd4e0d24f06a16033f181c47c04,,,,INVENTORIED,
src/main/resources/assets/advancedrocketry/recipes/advbipropellantengine.json,recipe,477,,,,e38a6365a2c3bd4a2be6014302556a5d67bdfe5590843642db07aa8c5f21f99f,UPSTREAM_AR_MIT,c5cd5af62fc07cd4e0d24f06a16033f181c47c04,,,,INVENTORIED,
src/main/resources/assets/advancedrocketry/recipes/advcircuitplate.json,recipe,450,,,,beedb9d96eaaa90a83b011febfccfd0aaa2647ed0bc519ae5cd911bdcd4e032a,UPSTREAM_AR_MIT,c5cd5af62fc07cd4e0d24f06a16033f181c47c04,,,,INVENTORIED,
src/main/resources/assets/advancedrocketry/recipes/advcircuitplateetcher.json,recipe,626,,,,5c68057b52d987e9be29cf7c72a4745f6d513c85b0a5a45f01c7d1dff305901c,UPSTREAM_AR_MIT,c5cd5af62fc07cd4e0d24f06a16033f181c47c04,,,,INVENTORIED,
src/main/resources/assets/advancedrocketry/recipes/advengine.json,recipe,465,,,,d9dc0be7a05c401b40103fee099b04834d9f3457a507ec40d35fdfaf40179c20,UPSTREAM_AR_MIT,c5cd5af62fc07cd4e0d24f06a16033f181c47c04,,,,INVENTORIED,
src/main/resources/assets/advancedrocketry/recipes/alienplanks.json,recipe,355,,,,54aea9af5f2cc52515af3f1c87a90583c7c4e16654bf26fdce2d7c28f48339c6,UPSTREAM_AR_MIT,c5cd5af62fc07cd4e0d24f06a16033f181c47c04,,,,INVENTORIED,
src/main/resources/assets/advancedrocketry/recipes/alienwoodplanks.json,recipe,251,,,,a5bc559524767afe7614371574dbda4340fbcb6bad1fe5ea633a6f8c9e243fb7,UPSTREAM_AR_MIT,c5cd5af62fc07cd4e0d24f06a16033f181c47c04,,,,INVENTORIED,
src/main/resources/assets/advancedrocketry/recipes/altitudecontroller.json,recipe,403,,,,ef56138d5a27b36f5e84b65c7ebc70c8585a2fe20cae0163f3dc03bf92ffd901,UPSTREAM_AR_MIT,c5cd5af62fc07cd4e0d24f06a16033f181c47c04,,,,INVENTORIED,
src/main/resources/assets/advancedrocketry/recipes/antifogvisor.json,recipe,510,,,,e315975e8e88f75a90fe16941af87b603bb6c0368039a5e32993b1c2ad7c2f06,UPSTREAM_AR_MIT,c5cd5af62fc07cd4e0d24f06a16033f181c47c04,,,,INVENTORIED,
src/main/resources/assets/advancedrocketry/recipes/arcfurnace.json,recipe,788,,,,0594bfc329dec619859ca5317dd20f1d4830592386592da5ee86ccb626932b70,UPSTREAM_AR_MIT,c5cd5af62fc07cd4e0d24f06a16033f181c47c04,,,,INVENTORIED,
src/main/resources/assets/advancedrocketry/recipes/asteroidchip.json,recipe,342,,,,8b324bfa93bc6bed1433674a873c83e06e7e97ff2725172caa4a4d59b2632fcd,UPSTREAM_AR_MIT,c5cd5af62fc07cd4e0d24f06a16033f181c47c04,,,,INVENTORIED,
src/main/resources/assets/advancedrocketry/recipes/atmanalyser.json,recipe,586,,,,2069cf006781ba65a591c1a3d595b002403b783d68d2fea100da373c0fa10430,UPSTREAM_AR_MIT,c5cd5af62fc07cd4e0d24f06a16033f181c47c04,,,,INVENTORIED,
src/main/resources/assets/advancedrocketry/recipes/basiccircuit.json,recipe,360,,,,12ef7d240945e67f1d93fcc6c3fb2c31d2e71d686623663e17b10a6806570c11,UPSTREAM_AR_MIT,c5cd5af62fc07cd4e0d24f06a16033f181c47c04,,,,INVENTORIED,
src/main/resources/assets/advancedrocketry/recipes/basiccircuitplate.json,recipe,476,,,,5f9120aab08c29e9758ab43a567aa38546ffd52ec66581f5b695d0524bf86eb2,UPSTREAM_AR_MIT,c5cd5af62fc07cd4e0d24f06a16033f181c47c04,,,,INVENTORIED,
src/main/resources/assets/advancedrocketry/recipes/basiccircuitplateetcher.json,recipe,653,,,,9aa5181207f22f09ec5ee99b29dabc7808ac130b7c70d4f491c21f0b523b5cc1,UPSTREAM_AR_MIT,c5cd5af62fc07cd4e0d24f06a16033f181c47c04,,,,INVENTORIED,
src/main/resources/assets/advancedrocketry/recipes/basicsolarpanel.json,recipe,603,,,,4755f593507102621bf2109cc5b1a225a9817b06766b94506c3e07da5990d8c5,UPSTREAM_AR_MIT,c5cd5af62fc07cd4e0d24f06a16033f181c47c04,,,,INVENTORIED,
src/main/resources/assets/advancedrocketry/recipes/beacon.json,recipe,652,,,,bacfa6496d06f4b8127ca8c5b3c7911c043ab1aeab7746744fe9168f4c1cd7d0,UPSTREAM_AR_MIT,c5cd5af62fc07cd4e0d24f06a16033f181c47c04,,,,INVENTORIED,
src/main/resources/assets/advancedrocketry/recipes/beaconfinder.json,recipe,382,,,,6b5510b10b7c3916301273b13e05bb49c1d7f7e31b86fa94916e0d4b81d0ae61,UPSTREAM_AR_MIT,c5cd5af62fc07cd4e0d24f06a16033f181c47c04,,,,INVENTORIED,
src/main/resources/assets/advancedrocketry/recipes/biomechanger.json,recipe,612,,,,6f478fe6a2385ab52b3562f864d1a281dab77fa641fac19029f4cc0254e20eb2,UPSTREAM_AR_MIT,c5cd5af62fc07cd4e0d24f06a16033f181c47c04,,,,INVENTORIED,
src/main/resources/assets/advancedrocketry/recipes/biomechangerremote.json,recipe,585,,,,239d13019a95f3743646aacc0157c00993a323a82a0ee176657a3e8188ce6d78,UPSTREAM_AR_MIT,c5cd5af62fc07cd4e0d24f06a16033f181c47c04,,,,INVENTORIED,
src/main/resources/assets/advancedrocketry/recipes/biomescanner.json,recipe,611,,,,f42545c734bf14a9fa1b1a79382757d8af8c8b8155b686f64dff7e81257838a4,UPSTREAM_AR_MIT,c5cd5af62fc07cd4e0d24f06a16033f181c47c04,,,,INVENTORIED,
src/main/resources/assets/advancedrocketry/recipes/bionicleg.json,recipe,453,,,,867b7b2b0d58d9d85c14107a80d3b0ad2eb6ac63a0c38dd319e7046fa9d5374e,UPSTREAM_AR_MIT,c5cd5af62fc07cd4e0d24f06a16033f181c47c04,,,,INVENTORIED,
src/main/resources/assets/advancedrocketry/recipes/bipropellantengine.json,recipe,455,,,,21b08b05aeb9f2c9351a3183272260feb184a831d9abae3096cc3290d7393baa,UPSTREAM_AR_MIT,c5cd5af62fc07cd4e0d24f06a16033f181c47c04,,,,INVENTORIED,
src/main/resources/assets/advancedrocketry/recipes/blackholegenerator.json,recipe,758,,,,11974daf29f1fa1a131d1132e4fe3cc41bc3635a4e453a45ea8449886b7cc044,UPSTREAM_AR_MIT,c5cd5af62fc07cd4e0d24f06a16033f181c47c04,,,,INVENTORIED,
src/main/resources/assets/advancedrocketry/recipes/blastbrick.json,recipe,319,,,,42781307186c3a42ca287d146fdbb1bcd7c8c396e5802b46bbae6d9a8ca6e45e,UPSTREAM_AR_MIT,c5cd5af62fc07cd4e0d24f06a16033f181c47c04,,,,INVENTORIED,
src/main/resources/assets/advancedrocketry/recipes/blockbipropellantfueltank.json,recipe,558,,,,c0a10bda2fb16a50d2067c5b1384909af73ce696a79a3654a9f5facf35a76314,UPSTREAM_AR_MIT,c5cd5af62fc07cd4e0d24f06a16033f181c47c04,,,,INVENTORIED,
src/main/resources/assets/advancedrocketry/recipes/blockconcrete.json,recipe,381,,,,58cb0124250dd3881d30afd256086c8d8c0001f7d2fb967d73675ee591d10b8b,UPSTREAM_AR_MIT,c5cd5af62fc07cd4e0d24f06a16033f181c47c04,,,,INVENTORIED,
src/main/resources/assets/advancedrocketry/recipes/blockfueltank.json,recipe,546,,,,f483263d5531b515f2655d79e0aed2f5bc366a06178bf9abb92e45ab057b8a0b,UPSTREAM_AR_MIT,c5cd5af62fc07cd4e0d24f06a16033f181c47c04,,,,INVENTORIED,
src/main/resources/assets/advancedrocketry/recipes/blocklens.json,recipe,474,,,,ec0a4d06c0586e1dfcece40709266580134bae9beb14c073c14fdb827e030939,UPSTREAM_AR_MIT,c5cd5af62fc07cd4e0d24f06a16033f181c47c04,,,,INVENTORIED,
src/main/resources/assets/advancedrocketry/recipes/blocknuclearfueltank.json,recipe,559,,,,b086c9ea0625b49190827536bc88ba0f14fd5956edfa708023b5e9023d070437,UPSTREAM_AR_MIT,c5cd5af62fc07cd4e0d24f06a16033f181c47c04,,,,INVENTORIED,
src/main/resources/assets/advancedrocketry/recipes/blockoxidizerfueltank.json,recipe,554,,,,2f0e296a6d883d6e788ecae8d0df8bf5d03ab7276b6c8d2494b04657a5d6e953,UPSTREAM_AR_MIT,c5cd5af62fc07cd4e0d24f06a16033f181c47c04,,,,INVENTORIED,
src/main/resources/assets/advancedrocketry/recipes/blockpump.json,recipe,798,,,,49fb97596d93bc604bfcc358834f2f36088f115a439fffefd7e6a941c06998cd,UPSTREAM_AR_MIT,c5cd5af62fc07cd4e0d24f06a16033f181c47c04,,,,INVENTORIED,
src/main/resources/assets/advancedrocketry/recipes/bonemeal_chem.json,recipe,413,,,,2dd1b5373c3dd12ee6dd0d7378642c3b15e0b208fe91e571d7479507ddb008e3,UPSTREAM_AR_MIT,c5cd5af62fc07cd4e0d24f06a16033f181c47c04,,,,INVENTORIED,
src/main/resources/assets/advancedrocketry/recipes/carboncartridgerefresh.json,recipe,445,,,,54e505d8e9fe02ea5dfd0d3082928cb9825d30b36cd5a13274e6343cd2653c83,UPSTREAM_AR_MIT,c5cd5af62fc07cd4e0d24f06a16033f181c47c04,,,,INVENTORIED,
src/main/resources/assets/advancedrocketry/recipes/carbonscrubbercartidge.json,recipe,442,,,,9bfbf3cc6ca0ebd9f1f5519a3dab218cc2fca820bce4a048d92e22cfe51e986e,UPSTREAM_AR_MIT,c5cd5af62fc07cd4e0d24f06a16033f181c47c04,,,,INVENTORIED,
src/main/resources/assets/advancedrocketry/recipes/centrifuge.json,recipe,897,,,,30c2b4155bff8fc9c534f9b10c26acec2638d299766e0d9c239c68f61410b425,UPSTREAM_AR_MIT,c5cd5af62fc07cd4e0d24f06a16033f181c47c04,,,,INVENTORIED,
src/main/resources/assets/advancedrocketry/recipes/charcoalbrick.json,recipe,622,,,,d4de517371782056b15dbfbd4cc353dae139c216d979328daef8d7cd23475744,UPSTREAM_AR_MIT,c5cd5af62fc07cd4e0d24f06a16033f181c47c04,,,,INVENTORIED,
src/main/resources/assets/advancedrocketry/recipes/chemicalreactor.json,recipe,908,,,,d5e103a18159c5d4fa7d8bfc4655503684fb5be10a40fb23391f972c88aaec61,UPSTREAM_AR_MIT,c5cd5af62fc07cd4e0d24f06a16033f181c47c04,,,,INVENTORIED,
src/main/resources/assets/advancedrocketry/recipes/circlelight.json,recipe,389,,,,846a20d96d365327f614dbbd3152897f3b71bcfbf63c5e7151dc564454574763,UPSTREAM_AR_MIT,c5cd5af62fc07cd4e0d24f06a16033f181c47c04,,,,INVENTORIED,
src/main/resources/assets/advancedrocketry/recipes/compositionsensor.json,recipe,631,,,,c524604a424a07df9f8db4a81e4e733ce6ac069b0605ab586269b2228aa58b22,UPSTREAM_AR_MIT,c5cd5af62fc07cd4e0d24f06a16033f181c47c04,,,,INVENTORIED,
src/main/resources/assets/advancedrocketry/recipes/controlcircuitboard.json,recipe,776,,,,4a374d22e8fa6e6d56b1bd2fb9da1ed7bcfadbff65c07b5b262f2d9e5af57892,UPSTREAM_AR_MIT,c5cd5af62fc07cd4e0d24f06a16033f181c47c04,,,,INVENTORIED,
src/main/resources/assets/advancedrocketry/recipes/controlcircuitboard_prec.json,recipe,472,,,,d1c6151d6b7d70bea12708df3551e7f72b6dd542639ba3191c0100e7b6a95905,UPSTREAM_AR_MIT,c5cd5af62fc07cd4e0d24f06a16033f181c47c04,,,,INVENTORIED,
src/main/resources/assets/advancedrocketry/recipes/crystallizer.json,recipe,854,,,,bdcec56af31dffe7e8f19b0c8198fb6d4e990e6a56952dcbe30fe0ea2ffc0130,UPSTREAM_AR_MIT,c5cd5af62fc07cd4e0d24f06a16033f181c47c04,,,,INVENTORIED,
src/main/resources/assets/advancedrocketry/recipes/cuttingmachine.json,recipe,880,,,,2d8665f0d0492f65c2610ca18de5168f6175f4483f3233bce9c74fae6f08c0f2,UPSTREAM_AR_MIT,c5cd5af62fc07cd4e0d24f06a16033f181c47c04,,,,INVENTORIED,
src/main/resources/assets/advancedrocketry/recipes/databus.json,recipe,428,,,,a096cd1b2387b505e19d9e8fa763bbc691c8246178a030975e3cbff9eebe3f11,UPSTREAM_AR_MIT,c5cd5af62fc07cd4e0d24f06a16033f181c47c04,,,,INVENTORIED,
src/main/resources/assets/advancedrocketry/recipes/dataunit.json,recipe,465,,,,c5d6e6a839fc672c2f6b2cccebf1da71d5acb07d56602094dfd807fbf4500c7b,UPSTREAM_AR_MIT,c5cd5af62fc07cd4e0d24f06a16033f181c47c04,,,,INVENTORIED,
src/main/resources/assets/advancedrocketry/recipes/deployablerocketbuilder.json,recipe,629,,,,9bfa9908160427df581cef9fe15280aa9c5542edcded3c096c0fcb3127a5f3ed,UPSTREAM_AR_MIT,c5cd5af62fc07cd4e0d24f06a16033f181c47c04,,,,INVENTORIED,
src/main/resources/assets/advancedrocketry/recipes/drill.json,recipe,305,,,,5bdfcfbd29a3ee936d6bc9a9cd65c185bd27c8a94a0ba883d2345828030ee576,UPSTREAM_AR_MIT,c5cd5af62fc07cd4e0d24f06a16033f181c47c04,,,,INVENTORIED,
src/main/resources/assets/advancedrocketry/recipes/electrolyser.json,recipe,880,,,,08d3f18b4a9041d767616f77761bc10762ad958c92cc3c5627fee3ae2f7b268b,UPSTREAM_AR_MIT,c5cd5af62fc07cd4e0d24f06a16033f181c47c04,,,,INVENTORIED,
src/main/resources/assets/advancedrocketry/recipes/elevatorchip.json,recipe,374,,,,3ca48495feab8c01584da99e0b790906a0df6e5e9385091eefd81923ca02d430,UPSTREAM_AR_MIT,c5cd5af62fc07cd4e0d24f06a16033f181c47c04,,,,INVENTORIED,
src/main/resources/assets/advancedrocketry/recipes/engine.json,recipe,443,,,,2d297f6fe8a3d659c1443d3eff181fcbddc6d08a89ff6523e95062e96d0bdb95,UPSTREAM_AR_MIT,c5cd5af62fc07cd4e0d24f06a16033f181c47c04,,,,INVENTORIED,
src/main/resources/assets/advancedrocketry/recipes/flightspeed.json,recipe,507,,,,3134f67fd6b834f99a459c01638b4d812984149b8681dbef17525b8dead27673,UPSTREAM_AR_MIT,c5cd5af62fc07cd4e0d24f06a16033f181c47c04,,,,INVENTORIED,
src/main/resources/assets/advancedrocketry/recipes/forcefieldprojector.json,recipe,635,,,,09114fafe86978388fc917414216813995345c94a401be4140df612e400afcbb,UPSTREAM_AR_MIT,c5cd5af62fc07cd4e0d24f06a16033f181c47c04,,,,INVENTORIED,
src/main/resources/assets/advancedrocketry/recipes/fuelingstation.json,recipe,708,,,,c97b6cfa57c83b14fe052a23065b983d16a00b6bc09f033bdba39b050656f2ab,UPSTREAM_AR_MIT,c5cd5af62fc07cd4e0d24f06a16033f181c47c04,,,,INVENTORIED,
src/main/resources/assets/advancedrocketry/recipes/genericseat.json,recipe,387,,,,4650e0b7da88d76fe6fa1c4022c6b7dc41e356356a1a4e59c9463db257896286,UPSTREAM_AR_MIT,c5cd5af62fc07cd4e0d24f06a16033f181c47c04,,,,INVENTORIED,
src/main/resources/assets/advancedrocketry/recipes/gravitycontroller.json,recipe,368,,,,2b4b6770fe583a0e194831a0c8978cd592b579971f229f5f99a49966ea11c9b6,UPSTREAM_AR_MIT,c5cd5af62fc07cd4e0d24f06a16033f181c47c04,,,,INVENTORIED,
src/main/resources/assets/advancedrocketry/recipes/gravitymachine.json,recipe,526,,,,f6309b9985a8a60438a6e1df084763a952ca8dbd852d1973888db5d3cf4e0361,UPSTREAM_AR_MIT,c5cd5af62fc07cd4e0d24f06a16033f181c47c04,,,,INVENTORIED,
src/main/resources/assets/advancedrocketry/recipes/guidancecomputer.json,recipe,613,,,,2aa0d3ce71c5c798b762c503796e0444d019412aef208d640dc51505a86d9146,UPSTREAM_AR_MIT,c5cd5af62fc07cd4e0d24f06a16033f181c47c04,,,,INVENTORIED,
src/main/resources/assets/advancedrocketry/recipes/guidancecomputeraccesshatch.json,recipe,545,,,,d52b6650b26183b6d0bd1d8d406d9784f9fb1f04f751f5b593c10d2ba14c0b47,UPSTREAM_AR_MIT,c5cd5af62fc07cd4e0d24f06a16033f181c47c04,,,,INVENTORIED,
src/main/resources/assets/advancedrocketry/recipes/highpressuretank.json,recipe,446,,,,8eff684cfb5c677798968d0825cf14bf7455a7ee46084df7d9faf905ae7e4a6a,UPSTREAM_AR_MIT,c5cd5af62fc07cd4e0d24f06a16033f181c47c04,,,,INVENTORIED,
src/main/resources/assets/advancedrocketry/recipes/holoprojector.json,recipe,671,,,,de845168cf373b4c48900a6b93ce960a59339be0401c255bdafbc0220f0be894,UPSTREAM_AR_MIT,c5cd5af62fc07cd4e0d24f06a16033f181c47c04,,,,INVENTORIED,
src/main/resources/assets/advancedrocketry/recipes/hovercraft.json,recipe,644,,,,4a47290fbbf111995a20316e5c9f7860d1d269940c1b8faf0f5c6c96e1521b45,UPSTREAM_AR_MIT,c5cd5af62fc07cd4e0d24f06a16033f181c47c04,,,,INVENTORIED,
src/main/resources/assets/advancedrocketry/recipes/hoverupgrade.json,recipe,512,,,,637fbb153aace6bc37dd00148360ace2e200c016368111cb1e4d8666d617f5e3,UPSTREAM_AR_MIT,c5cd5af62fc07cd4e0d24f06a16033f181c47c04,,,,INVENTORIED,
src/main/resources/assets/advancedrocketry/recipes/hydrogenoxygen.json,recipe,324,,,,888e62e79fbcc0a31416a3b7b5e9123f14f24444aae7f25f7661d6e961f4486f,UPSTREAM_AR_MIT,c5cd5af62fc07cd4e0d24f06a16033f181c47c04,,,,INVENTORIED,
src/main/resources/assets/advancedrocketry/recipes/ingotsteel.json,recipe,404,,,,c687917a8dd35c498f6c0ad77bce1e59746c3cc773edf6a96475bcb3ee07c262,UPSTREAM_AR_MIT,c5cd5af62fc07cd4e0d24f06a16033f181c47c04,,,,INVENTORIED,
src/main/resources/assets/advancedrocketry/recipes/ingottitaniumaluminide.json,recipe,523,,,,6a5db3f90204bc5c4b56dfa0539a2827eba66dec26b3f5f1611a2c902da04daa,UPSTREAM_AR_MIT,c5cd5af62fc07cd4e0d24f06a16033f181c47c04,,,,INVENTORIED,
src/main/resources/assets/advancedrocketry/recipes/ingottitaniumiridium.json,recipe,470,,,,8d090f4f51fb212613e07b05b415ce1fa6e41ec240badec5e072114d214bfdc5,UPSTREAM_AR_MIT,c5cd5af62fc07cd4e0d24f06a16033f181c47c04,,,,INVENTORIED,
src/main/resources/assets/advancedrocketry/recipes/intake.json,recipe,458,,,,7c7c980ca52c078d95a7af4fcdccb017dfe26f47f147ff75910c85aceff25e7d,UPSTREAM_AR_MIT,c5cd5af62fc07cd4e0d24f06a16033f181c47c04,,,,INVENTORIED,
src/main/resources/assets/advancedrocketry/recipes/iocircuitboard.json,recipe,774,,,,567fcbd5f9d558dbcf459521c08580ef5f966c6cdef98469cb65eea737fa77b8,UPSTREAM_AR_MIT,c5cd5af62fc07cd4e0d24f06a16033f181c47c04,,,,INVENTORIED,
src/main/resources/assets/advancedrocketry/recipes/iocircuitboard_prec.json,recipe,470,,,,1d714a23db89c8c1939fb4d67c312583191e6123f70b65fb425a1f38c09143f7,UPSTREAM_AR_MIT,c5cd5af62fc07cd4e0d24f06a16033f181c47c04,,,,INVENTORIED,
src/main/resources/assets/advancedrocketry/recipes/jackhammer.json,recipe,708,,,,04ee5ff1253e888b86a2e7044bcbeeda17a055d5ece6346e7e171c61f600f704,UPSTREAM_AR_MIT,c5cd5af62fc07cd4e0d24f06a16033f181c47c04,,,,INVENTORIED,
src/main/resources/assets/advancedrocketry/recipes/jetpack.json,recipe,610,,,,8fcf370553d78be71ad69cf471dccfe91b72ba53b8f6a7b666d35a0524d64608,UPSTREAM_AR_MIT,c5cd5af62fc07cd4e0d24f06a16033f181c47c04,,,,INVENTORIED,
src/main/resources/assets/advancedrocketry/recipes/landingpad.json,recipe,323,,,,b004bd5f22246991a0228153fa1c16483d0660f95028d49d6c21808775722ccc,UPSTREAM_AR_MIT,c5cd5af62fc07cd4e0d24f06a16033f181c47c04,,,,INVENTORIED,
src/main/resources/assets/advancedrocketry/recipes/largesolarpanel.json,recipe,785,,,,1be8b6ed398a5c0e14622fd519d14db945a461b4577c19583b26711f9e83a4cc,UPSTREAM_AR_MIT,c5cd5af62fc07cd4e0d24f06a16033f181c47c04,,,,INVENTORIED,
src/main/resources/assets/advancedrocketry/recipes/lathe.json,recipe,893,,,,e3160e966eaff00b2ad1634249d23ba682ced2d8cbbef2e30fc354cf6ef30a1f,UPSTREAM_AR_MIT,c5cd5af62fc07cd4e0d24f06a16033f181c47c04,,,,INVENTORIED,
src/main/resources/assets/advancedrocketry/recipes/launchpad.json,recipe,426,,,,638c20477a6a0e4eeb6dc0e2dcffffa5ebf33bb7d506f1be33e1f12047f5978b,UPSTREAM_AR_MIT,c5cd5af62fc07cd4e0d24f06a16033f181c47c04,,,,INVENTORIED,
src/main/resources/assets/advancedrocketry/recipes/lens.json,recipe,350,,,,2a185d4129a18ec1b2627eda32c7bacec3e66e117c546add3b166d7d009dadf3,UPSTREAM_AR_MIT,c5cd5af62fc07cd4e0d24f06a16033f181c47c04,,,,INVENTORIED,
src/main/resources/assets/advancedrocketry/recipes/liquidiocircuitboard.json,recipe,774,,,,2ba1d45a9c4ea2c5ee05e416d131853e0098707027033bf97d10ab257541e72b,UPSTREAM_AR_MIT,c5cd5af62fc07cd4e0d24f06a16033f181c47c04,,,,INVENTORIED,
src/main/resources/assets/advancedrocketry/recipes/liquidiocircuitboard_prec.json,recipe,469,,,,8fa23bef5974f1c5759055b5586dc58e6f83e9245847bb8964619386d9386373,UPSTREAM_AR_MIT,c5cd5af62fc07cd4e0d24f06a16033f181c47c04,,,,INVENTORIED,
src/main/resources/assets/advancedrocketry/recipes/liquidtank.json,recipe,424,,,,81f7a6bf0801b10f85bbec78227c502229cf65a622ab5a3168469e71909639a7,UPSTREAM_AR_MIT,c5cd5af62fc07cd4e0d24f06a16033f181c47c04,,,,INVENTORIED,
src/main/resources/assets/advancedrocketry/recipes/lowpressuretank.json,recipe,442,,,,7cf23d48b8085a3c0baa0cabd6b41808171d2d293966a20159021714fb93d8ff,UPSTREAM_AR_MIT,c5cd5af62fc07cd4e0d24f06a16033f181c47c04,,,,INVENTORIED,
src/main/resources/assets/advancedrocketry/recipes/massdetector.json,recipe,645,,,,fefb268e0d005524ce2b3ed3b78cd347a605107877e206211baa0967032c520f,UPSTREAM_AR_MIT,c5cd5af62fc07cd4e0d24f06a16033f181c47c04,,,,INVENTORIED,
src/main/resources/assets/advancedrocketry/recipes/microwavereciever.json,recipe,861,,,,a848847508197294d141550181ffa709bde3878709346f7ab2d203eb5b600f43,UPSTREAM_AR_MIT,c5cd5af62fc07cd4e0d24f06a16033f181c47c04,,,,INVENTORIED,
src/main/resources/assets/advancedrocketry/recipes/microwavetransmitter.json,recipe,611,,,,8940020cd51d8031edef4372180fe7172c416a4980531f9abe04d9eec0b1d0c8,UPSTREAM_AR_MIT,c5cd5af62fc07cd4e0d24f06a16033f181c47c04,,,,INVENTORIED,
src/main/resources/assets/advancedrocketry/recipes/monitoringstation.json,recipe,633,,,,287d8162faae661595151adbf2b8e1ef2e42033b4a3c783f5491184482f852c1,UPSTREAM_AR_MIT,c5cd5af62fc07cd4e0d24f06a16033f181c47c04,,,,INVENTORIED,
src/main/resources/assets/advancedrocketry/recipes/nuclearcore.json,recipe,579,,,,770b943bc3a487f17b41243c75b3c6b7f9fddfb44aa34c3be84c7542f6434929,UPSTREAM_AR_MIT,c5cd5af62fc07cd4e0d24f06a16033f181c47c04,,,,INVENTORIED,
src/main/resources/assets/advancedrocketry/recipes/nuclearengine.json,recipe,549,,,,2215c7f11a73026b831fc6376ca1272bdbdf3dc979cfe4c7929bfa43b4f21b20,UPSTREAM_AR_MIT,c5cd5af62fc07cd4e0d24f06a16033f181c47c04,,,,INVENTORIED,
src/main/resources/assets/advancedrocketry/recipes/observatory.json,recipe,610,,,,e59ebbb1efb544a51b5db9837b84205614c06997d510012ce9cc54c90e749c1c,UPSTREAM_AR_MIT,c5cd5af62fc07cd4e0d24f06a16033f181c47c04,,,,INVENTORIED,
src/main/resources/assets/advancedrocketry/recipes/opticalsensor.json,recipe,576,,,,ec45f4b04cfad3982deea26245215f319c8b12513269e4fc715605cd8d8a0984,UPSTREAM_AR_MIT,c5cd5af62fc07cd4e0d24f06a16033f181c47c04,,,,INVENTORIED,
src/main/resources/assets/advancedrocketry/recipes/oremapper.json,recipe,644,,,,6923f10692524b17de59f6588a634cabbaa1d3f6cc9722ec84199487ec43074b,UPSTREAM_AR_MIT,c5cd5af62fc07cd4e0d24f06a16033f181c47c04,,,,INVENTORIED,
src/main/resources/assets/advancedrocketry/recipes/orescanner.json,recipe,721,,,,3bc82589b7ce589870b64123988f573c50fa9556a96481bce1d91fa7794db2ba,UPSTREAM_AR_MIT,c5cd5af62fc07cd4e0d24f06a16033f181c47c04,,,,INVENTORIED,
src/main/resources/assets/advancedrocketry/recipes/orientationcontroller.json,recipe,387,,,,73b8c45d795664944c7396637ad7dd53635a0e9e64653b42edd9fdc7301a3859,UPSTREAM_AR_MIT,c5cd5af62fc07cd4e0d24f06a16033f181c47c04,,,,INVENTORIED,
src/main/resources/assets/advancedrocketry/recipes/oxygencharger.json,recipe,770,,,,9777964e84dd52bbb04bfd2721aa21d7dfe8f26ce19c2be2137ab45c2148dc31,UPSTREAM_AR_MIT,c5cd5af62fc07cd4e0d24f06a16033f181c47c04,,,,INVENTORIED,
src/main/resources/assets/advancedrocketry/recipes/oxygendetection.json,recipe,756,,,,38f4975cb7f8f1fc983dc678f586068c03224a6881c2aa83892af05a600670e0,UPSTREAM_AR_MIT,c5cd5af62fc07cd4e0d24f06a16033f181c47c04,,,,INVENTORIED,
src/main/resources/assets/advancedrocketry/recipes/oxygenscrubber.json,recipe,617,,,,3efcaefa070ecdd68821f627db4123c8baef8ef924a6ab8382eef2b4413dbcff,UPSTREAM_AR_MIT,c5cd5af62fc07cd4e0d24f06a16033f181c47c04,,,,INVENTORIED,
src/main/resources/assets/advancedrocketry/recipes/oxygenvent.json,recipe,589,,,,82b40437743ddec5bd9aeb899b5659fb11d0efc537dfe8ca157d72c4cfdb5c88,UPSTREAM_AR_MIT,c5cd5af62fc07cd4e0d24f06a16033f181c47c04,,,,INVENTORIED,
src/main/resources/assets/advancedrocketry/recipes/paddedboots.json,recipe,485,,,,d16f16f74b3e84a36cb1e2975023aa34c43366d1ea45a7bd3dd07f74d6782929,UPSTREAM_AR_MIT,c5cd5af62fc07cd4e0d24f06a16033f181c47c04,,,,INVENTORIED,
src/main/resources/assets/advancedrocketry/recipes/pipesealer.json,recipe,409,,,,3872720b66c3efe6722501804492223b68dddb1ce192e5a1d8057d9b34bb37dd,UPSTREAM_AR_MIT,c5cd5af62fc07cd4e0d24f06a16033f181c47c04,,,,INVENTORIED,
src/main/resources/assets/advancedrocketry/recipes/pipesealer_alt.json,recipe,407,,,,c0b736c0b05e727708ff172526c360b0677347bb4ed5ab5a5ad48edb1083fdf5,UPSTREAM_AR_MIT,c5cd5af62fc07cd4e0d24f06a16033f181c47c04,,,,INVENTORIED,
src/main/resources/assets/advancedrocketry/recipes/planetanalyser.json,recipe,691,,,,338726a6f888fdbfbafc8613c2b426e26c6beaffa0d3d8ee9427a4bd70cc54b5,UPSTREAM_AR_MIT,c5cd5af62fc07cd4e0d24f06a16033f181c47c04,,,,INVENTORIED,
src/main/resources/assets/advancedrocketry/recipes/planetholoselector.json,recipe,684,,,,794d5bdc79dabf8ab00d4ecb7495d39fe48c4a889dd2fe4a9864527953f6cc9e,UPSTREAM_AR_MIT,c5cd5af62fc07cd4e0d24f06a16033f181c47c04,,,,INVENTORIED,
src/main/resources/assets/advancedrocketry/recipes/planetidchip.json,recipe,436,,,,c588fe0bb756a7ac5af53acca29009819bd6b27f73ec47cfbd487e5b694bd27e,UPSTREAM_AR_MIT,c5cd5af62fc07cd4e0d24f06a16033f181c47c04,,,,INVENTORIED,
src/main/resources/assets/advancedrocketry/recipes/platepress.json,recipe,406,,,,dd73f76edb37ce003d310d57ef56d463769de97a92244a43a9aca7f2bf4f7318,UPSTREAM_AR_MIT,c5cd5af62fc07cd4e0d24f06a16033f181c47c04,,,,INVENTORIED,
src/main/resources/assets/advancedrocketry/recipes/precisionassemblingmachine.json,recipe,1010,,,,1bbaa809272edde1c796b329877f2b578ebcaa7ec4cad431b6082d04aa0ac292,UPSTREAM_AR_MIT,c5cd5af62fc07cd4e0d24f06a16033f181c47c04,,,,INVENTORIED,
src/main/resources/assets/advancedrocketry/recipes/precisionlaseretcher.json,recipe,816,,,,8c19d19f83d150674e89ceaeacd27167a88fc2647d9c837c41d33838065dc40d,UPSTREAM_AR_MIT,c5cd5af62fc07cd4e0d24f06a16033f181c47c04,,,,INVENTORIED,
src/main/resources/assets/advancedrocketry/recipes/pressuretank.json,recipe,443,,,,875a3123cd019393825b3e5006f16114906c9562f4c225a4bd9de9fa17b3dab9,UPSTREAM_AR_MIT,c5cd5af62fc07cd4e0d24f06a16033f181c47c04,,,,INVENTORIED,
src/main/resources/assets/advancedrocketry/recipes/quartz_crucible.json,recipe,382,,,,74bffc3d4b1849b4aa264d54865587316a7d969376c622767b2b68a0909dc730,UPSTREAM_AR_MIT,c5cd5af62fc07cd4e0d24f06a16033f181c47c04,,,,INVENTORIED,
src/main/resources/assets/advancedrocketry/recipes/railgun.json,recipe,735,,,,d931de9179dba882fd08bd41ba3e5d5cf8334636a465da9f85b050127174ba2b,UPSTREAM_AR_MIT,c5cd5af62fc07cd4e0d24f06a16033f181c47c04,,,,INVENTORIED,
src/main/resources/assets/advancedrocketry/recipes/rocketbuilder.json,recipe,781,,,,18dfe75aab5060a90eb54cf7349acb252f94b0e8bc76117a34449f0e8f228d35,UPSTREAM_AR_MIT,c5cd5af62fc07cd4e0d24f06a16033f181c47c04,,,,INVENTORIED,
src/main/resources/assets/advancedrocketry/recipes/rocketfluidloader.json,recipe,339,,,,6b3a355666d7bd07dfa81ff02b78d1da14964014da7b1c93d973417bd9e3ea8c,UPSTREAM_AR_MIT,c5cd5af62fc07cd4e0d24f06a16033f181c47c04,,,,INVENTORIED,
src/main/resources/assets/advancedrocketry/recipes/rocketfluidloader2.json,recipe,271,,,,b07396dd7a12603dcc7f9fc074cca6c9e4fac0c82276d7f84a2d014fde7afaa6,UPSTREAM_AR_MIT,c5cd5af62fc07cd4e0d24f06a16033f181c47c04,,,,INVENTORIED,
src/main/resources/assets/advancedrocketry/recipes/rocketfluidunloader.json,recipe,339,,,,2117ce3e68fea882d4fe7bb747b02464b892b27492e1c5eef256bfd61d7a03e8,UPSTREAM_AR_MIT,c5cd5af62fc07cd4e0d24f06a16033f181c47c04,,,,INVENTORIED,
src/main/resources/assets/advancedrocketry/recipes/rocketfluidunloader2.json,recipe,271,,,,fa4c1435712665f211d4d77be7a5b5b3febd80b0c4240daf89788853a7d3c34a,UPSTREAM_AR_MIT,c5cd5af62fc07cd4e0d24f06a16033f181c47c04,,,,INVENTORIED,
src/main/resources/assets/advancedrocketry/recipes/rocketfuel.json,recipe,330,,,,7dc419333702326e38f1accd6eb929051d6b13f8f22a5763517bdb499d881a72,UPSTREAM_AR_MIT,c5cd5af62fc07cd4e0d24f06a16033f181c47c04,,,,INVENTORIED,
src/main/resources/assets/advancedrocketry/recipes/rocketloader.json,recipe,339,,,,7d56d4ec4c5ffbabfb4b65f5bca7f703bc2819c7afc2cf4ccbce80da725fff5b,UPSTREAM_AR_MIT,c5cd5af62fc07cd4e0d24f06a16033f181c47c04,,,,INVENTORIED,
src/main/resources/assets/advancedrocketry/recipes/rocketloader2.json,recipe,271,,,,8668bc2e36d03c0b3c659f6bdd1c3f2308d9801bd71be7ad58cf4883b99c649a,UPSTREAM_AR_MIT,c5cd5af62fc07cd4e0d24f06a16033f181c47c04,,,,INVENTORIED,
src/main/resources/assets/advancedrocketry/recipes/rocketunloader.json,recipe,339,,,,6fac66553ef494ab0e10eceb4e77c5214fac0ca5c5eb1a32ac0a85dbc7eb213f,UPSTREAM_AR_MIT,c5cd5af62fc07cd4e0d24f06a16033f181c47c04,,,,INVENTORIED,
src/main/resources/assets/advancedrocketry/recipes/rocketunloader2.json,recipe,271,,,,8b27827968eab33df3226fef9eeb6695802d44582a3505a35f727afac9f95310,UPSTREAM_AR_MIT,c5cd5af62fc07cd4e0d24f06a16033f181c47c04,,,,INVENTORIED,
src/main/resources/assets/advancedrocketry/recipes/rollingmachine.json,recipe,877,,,,94f1953189c9bb2aa59fba9af62b17cdade8e3d3f217208cf28f817bed867ace,UPSTREAM_AR_MIT,c5cd5af62fc07cd4e0d24f06a16033f181c47c04,,,,INVENTORIED,
src/main/resources/assets/advancedrocketry/recipes/satellite.json,recipe,548,,,,22b37228d6ffd49269e2195cc56f9b866e8f9665c16602c6552516c83b1ce39e,UPSTREAM_AR_MIT,c5cd5af62fc07cd4e0d24f06a16033f181c47c04,,,,INVENTORIED,
src/main/resources/assets/advancedrocketry/recipes/satellitebay.json,recipe,429,,,,d312b17da9d1b76e56e0d9cc37ff9fea3f563ce3d68818b9a32a30bfa107429a,UPSTREAM_AR_MIT,c5cd5af62fc07cd4e0d24f06a16033f181c47c04,,,,INVENTORIED,
src/main/resources/assets/advancedrocketry/recipes/satellitebuilder.json,recipe,994,,,,a349249b69471c02cc51d368644a93b1d7060fc18efc846f6a9d98b08b620df7,UPSTREAM_AR_MIT,c5cd5af62fc07cd4e0d24f06a16033f181c47c04,,,,INVENTORIED,
src/main/resources/assets/advancedrocketry/recipes/satellitecontrolcenter.json,recipe,809,,,,57e24476ee92a5f998c8a970059002ae96599e3bce54f42f198b2312c0d9c7b8,UPSTREAM_AR_MIT,c5cd5af62fc07cd4e0d24f06a16033f181c47c04,,,,INVENTORIED,
src/main/resources/assets/advancedrocketry/recipes/satelliteidchip.json,recipe,277,,,,27170e6ab80aa401f0407030954d0c3284e33f32128f4f90727c5779ccfbf8c1,UPSTREAM_AR_MIT,c5cd5af62fc07cd4e0d24f06a16033f181c47c04,,,,INVENTORIED,
src/main/resources/assets/advancedrocketry/recipes/sawblade.json,recipe,542,,,,09ef239f3b313913ae61ba0bb3145f630cadeeb57abb3753e2688d5d48c14b20,UPSTREAM_AR_MIT,c5cd5af62fc07cd4e0d24f06a16033f181c47c04,,,,INVENTORIED,
src/main/resources/assets/advancedrocketry/recipes/sawbladeiron.json,recipe,459,,,,9cad75f9f23ca9041e0cdb69fff5f3e24e4bb8ee0471d6745550cd666832f36c,UPSTREAM_AR_MIT,c5cd5af62fc07cd4e0d24f06a16033f181c47c04,,,,INVENTORIED,
src/main/resources/assets/advancedrocketry/recipes/sealdetector.json,recipe,590,,,,87474038174d0575786c96123e8ffe06b0cadb1225aa3121bee70f2231c3f6fd,UPSTREAM_AR_MIT,c5cd5af62fc07cd4e0d24f06a16033f181c47c04,,,,INVENTORIED,
src/main/resources/assets/advancedrocketry/recipes/siliconingot.json,recipe,313,,,,b80c5091ce809754825c107a3f140ab759505ffec494c6bd2b92a10f9f4c0c43,UPSTREAM_AR_MIT,c5cd5af62fc07cd4e0d24f06a16033f181c47c04,,,,INVENTORIED,
src/main/resources/assets/advancedrocketry/recipes/siliconwafer.json,recipe,356,,,,d032ee90eec92a8601583d42010d657f53b472fbcf8b9aa5257b3aaaf007b5ce,UPSTREAM_AR_MIT,c5cd5af62fc07cd4e0d24f06a16033f181c47c04,,,,INVENTORIED,
src/main/resources/assets/advancedrocketry/recipes/smallairlockdoor.json,recipe,326,,,,b5aa12ed6fab63cc17b379d2a2cefc28d793446357e39ce666cfbc8b53753c88,UPSTREAM_AR_MIT,c5cd5af62fc07cd4e0d24f06a16033f181c47c04,,,,INVENTORIED,
src/main/resources/assets/advancedrocketry/recipes/solararray.json,recipe,609,,,,eb90c897c73c177445313539222d67044c540bc6f167c8b6f0dddf8d819b1a08,UPSTREAM_AR_MIT,c5cd5af62fc07cd4e0d24f06a16033f181c47c04,,,,INVENTORIED,
src/main/resources/assets/advancedrocketry/recipes/solararraypanel.json,recipe,395,,,,9417e2f7f13f649249408b6ff467436c84e8141c127b1cbd113e77854ee59ff3,UPSTREAM_AR_MIT,c5cd5af62fc07cd4e0d24f06a16033f181c47c04,,,,INVENTORIED,
src/main/resources/assets/advancedrocketry/recipes/solargenerator.json,recipe,425,,,,d1a23612f3cf99a36f594f446558b6a18f99d3a9e5a4d49eca929607f3ce87d7,UPSTREAM_AR_MIT,c5cd5af62fc07cd4e0d24f06a16033f181c47c04,,,,INVENTORIED,
src/main/resources/assets/advancedrocketry/recipes/solarpanel.json,recipe,639,,,,f5e147ec319457660764cc7e9b03febc76736b0614bb5caceb3722690948c3df,UPSTREAM_AR_MIT,c5cd5af62fc07cd4e0d24f06a16033f181c47c04,,,,INVENTORIED,
src/main/resources/assets/advancedrocketry/recipes/spaceboots.json,recipe,505,,,,70c437d3fccd8bdef6c4403eb2ab0dd1f8c0a7850676396c50bc9765483151ea,UPSTREAM_AR_MIT,c5cd5af62fc07cd4e0d24f06a16033f181c47c04,,,,INVENTORIED,
src/main/resources/assets/advancedrocketry/recipes/spacechestplate.json,recipe,581,,,,4caa4c005514d0384e9279fef53ea86aab8a8bb4ee912e4b3fa2ef5d8132b4ec,UPSTREAM_AR_MIT,c5cd5af62fc07cd4e0d24f06a16033f181c47c04,,,,INVENTORIED,
src/main/resources/assets/advancedrocketry/recipes/spaceelevatorcontroller.json,recipe,577,,,,caae1126e02c47dffaa413ad22519ea46256c305fbc006056ac9a8c86aa34a96,UPSTREAM_AR_MIT,c5cd5af62fc07cd4e0d24f06a16033f181c47c04,,,,INVENTORIED,
src/main/resources/assets/advancedrocketry/recipes/spacehelmet.json,recipe,609,,,,e49a843e90b99c7ec00f05788782899960893336a37ded531b953e643528a619,UPSTREAM_AR_MIT,c5cd5af62fc07cd4e0d24f06a16033f181c47c04,,,,INVENTORIED,
src/main/resources/assets/advancedrocketry/recipes/spacelaser.json,recipe,950,,,,4499019b6aac76387506bc6aa7209b88edd6871589a4bb40ce6659cbc84203c6,UPSTREAM_AR_MIT,c5cd5af62fc07cd4e0d24f06a16033f181c47c04,,,,INVENTORIED,
src/main/resources/assets/advancedrocketry/recipes/spaceleggings.json,recipe,414,,,,ff3a2568f00d1a3651cf48f82cf4bebd2278971e9d27e4773d1cbbcd0e97c711,UPSTREAM_AR_MIT,c5cd5af62fc07cd4e0d24f06a16033f181c47c04,,,,INVENTORIED,
src/main/resources/assets/advancedrocketry/recipes/spacestationidchip.json,recipe,361,,,,2aa911b01fc2b45e7474113b81670001152e777cc86f745dcda807e89f972326,UPSTREAM_AR_MIT,c5cd5af62fc07cd4e0d24f06a16033f181c47c04,,,,INVENTORIED,
src/main/resources/assets/advancedrocketry/recipes/stationbuilder.json,recipe,742,,,,844dd746e72454cbd28fe03074c848e7b5c577c3a0df044952f3e6854efc0462,UPSTREAM_AR_MIT,c5cd5af62fc07cd4e0d24f06a16033f181c47c04,,,,INVENTORIED,
src/main/resources/assets/advancedrocketry/recipes/stationmarker.json,recipe,461,,,,1afec1ae529eb64d68886d113b79f91ad678d2f396f07abc064f92530bea8640,UPSTREAM_AR_MIT,c5cd5af62fc07cd4e0d24f06a16033f181c47c04,,,,INVENTORIED,
src/main/resources/assets/advancedrocketry/recipes/stickIron.json,recipe,328,,,,3036995ef576cfb1e649279f95a0fb7cec3c043321395d72d954d41745386a52,UPSTREAM_AR_MIT,c5cd5af62fc07cd4e0d24f06a16033f181c47c04,,,,INVENTORIED,
src/main/resources/assets/advancedrocketry/recipes/structuretower.json,recipe,341,,,,780fa6e390f6006ffe1a9585be04433600564b51a3ef8f46ee616c72d4c3f60d,UPSTREAM_AR_MIT,c5cd5af62fc07cd4e0d24f06a16033f181c47c04,,,,INVENTORIED,
src/main/resources/assets/advancedrocketry/recipes/suitworkstation.json,recipe,392,,,,b3c43a87ee354ea23aae942234a13300380d5890ea91337c7d0619a9a6be731d,UPSTREAM_AR_MIT,c5cd5af62fc07cd4e0d24f06a16033f181c47c04,,,,INVENTORIED,
src/main/resources/assets/advancedrocketry/recipes/superhighpressuretank.json,recipe,446,,,,d4c595811ef7988529d7c894e9e1d50bd7b327a1a0173300208400bd5708dc59,UPSTREAM_AR_MIT,c5cd5af62fc07cd4e0d24f06a16033f181c47c04,,,,INVENTORIED,
src/main/resources/assets/advancedrocketry/recipes/terraformer.json,recipe,861,,,,25dff8962dde81cd9f12670ffdcbea5f95abd8014c3098995c13a9c0aadbc6c9,UPSTREAM_AR_MIT,c5cd5af62fc07cd4e0d24f06a16033f181c47c04,,,,INVENTORIED,
src/main/resources/assets/advancedrocketry/recipes/thermite.json,recipe,435,,,,9c2b4690750ce7059992067452bfc87393975cf024c8bfe909e6b7839aea65cf,UPSTREAM_AR_MIT,c5cd5af62fc07cd4e0d24f06a16033f181c47c04,,,,INVENTORIED,
src/main/resources/assets/advancedrocketry/recipes/thermitetorch.json,recipe,305,,,,3f474ece5a3c7046c067174678f1519b3d65bdea00c11e891df8980676dceb9d,UPSTREAM_AR_MIT,c5cd5af62fc07cd4e0d24f06a16033f181c47c04,,,,INVENTORIED,
src/main/resources/assets/advancedrocketry/recipes/trackingcircuit.json,recipe,444,,,,0cc92151882af103e9b2f7702759910fd895e9754ce35c43249fc9c990f52553,UPSTREAM_AR_MIT,c5cd5af62fc07cd4e0d24f06a16033f181c47c04,,,,INVENTORIED,
src/main/resources/assets/advancedrocketry/recipes/userinterface.json,recipe,617,,,,64125e22b34742c9c95a934d2fe7dcdbcc8c2f162326d57f4e30b1bc6b2e7470,UPSTREAM_AR_MIT,c5cd5af62fc07cd4e0d24f06a16033f181c47c04,,,,INVENTORIED,
src/main/resources/assets/advancedrocketry/recipes/vacuumlaser.json,recipe,603,,,,729b17b789d758b09e4f92cd8ededfe693df450ddc17e8f1124a23dfa8c96e2f,UPSTREAM_AR_MIT,c5cd5af62fc07cd4e0d24f06a16033f181c47c04,,,,INVENTORIED,
src/main/resources/assets/advancedrocketry/recipes/warpcore.json,recipe,611,,,,02e12c0c0d36bf8b54a4524206c850affbd631d65ccb72dfb66d4409b03d9717,UPSTREAM_AR_MIT,c5cd5af62fc07cd4e0d24f06a16033f181c47c04,,,,INVENTORIED,
src/main/resources/assets/advancedrocketry/recipes/warpmonitor.json,recipe,676,,,,6e82503ef7ff0dd7182afeaa1d36365bcc9c158761439d14173682174b47134c,UPSTREAM_AR_MIT,c5cd5af62fc07cd4e0d24f06a16033f181c47c04,,,,INVENTORIED,
src/main/resources/assets/advancedrocketry/recipes/wirelesstransciever.json,recipe,429,,,,6471a195de7dd7ca2cf4f385838af704bf04c70425c3c9ec20abc15507c95367,UPSTREAM_AR_MIT,c5cd5af62fc07cd4e0d24f06a16033f181c47c04,,,,INVENTORIED,
src/main/resources/assets/advancedrocketry/sounds.json,sound_definition,1789,,,,d199080fc3c93982f6af3f489ca7d1f987e4a9f48d2e7c4380144d1f0529998d,UPSTREAM_AR_MIT,c5cd5af62fc07cd4e0d24f06a16033f181c47c04,,,,INVENTORIED,
src/main/resources/assets/advancedrocketry/sounds/airhissloop.ogg,sound_ogg,117459,,,,f22364b53b66314e5377aee1d85bdfdc883dea76bfa67fba0c27ba2bea912f72,UPSTREAM_AR_MIT,c5cd5af62fc07cd4e0d24f06a16033f181c47c04,,,,INVENTORIED,
src/main/resources/assets/advancedrocketry/sounds/basiclasergun.ogg,sound_ogg,10781,,,,00c97b7f80b8a6204cb999cb68516a67b286350be06a4fa901d0b6819395efc2,UPSTREAM_AR_MIT,c5cd5af62fc07cd4e0d24f06a16033f181c47c04,,,,INVENTORIED,
src/main/resources/assets/advancedrocketry/sounds/buttonblipa.ogg,sound_ogg,4943,,,,44ab8402681ee7684293f64e26fd96309e8309d07cc9af6ddcc866e4edec9fd6,UPSTREAM_AR_MIT,c5cd5af62fc07cd4e0d24f06a16033f181c47c04,,,,INVENTORIED,
src/main/resources/assets/advancedrocketry/sounds/combustionrocket.ogg,sound_ogg,135062,,,,18a34e864d1b56bd937f04498d8e21cf4f82d12147d892fbe9a6e2a0efcab01f,UPSTREAM_AR_MIT,c5cd5af62fc07cd4e0d24f06a16033f181c47c04,,,,INVENTORIED,
src/main/resources/assets/advancedrocketry/sounds/crystallizer.ogg,sound_ogg,4255,,,,f33cbdaceb70c53c2b017300dbef85e217d92b896cd8941b4172c9b3c04c3ba3,UPSTREAM_AR_MIT,c5cd5af62fc07cd4e0d24f06a16033f181c47c04,,,,INVENTORIED,
src/main/resources/assets/advancedrocketry/sounds/cuttingmachine.ogg,sound_ogg,4255,,,,f33cbdaceb70c53c2b017300dbef85e217d92b896cd8941b4172c9b3c04c3ba3,UPSTREAM_AR_MIT,c5cd5af62fc07cd4e0d24f06a16033f181c47c04,,,,INVENTORIED,
src/main/resources/assets/advancedrocketry/sounds/dummy.ogg,sound_ogg,4255,,,,f33cbdaceb70c53c2b017300dbef85e217d92b896cd8941b4172c9b3c04c3ba3,UPSTREAM_AR_MIT,c5cd5af62fc07cd4e0d24f06a16033f181c47c04,,,,INVENTORIED,
src/main/resources/assets/advancedrocketry/sounds/electricarcfurnace.ogg,sound_ogg,4255,,,,f33cbdaceb70c53c2b017300dbef85e217d92b896cd8941b4172c9b3c04c3ba3,UPSTREAM_AR_MIT,c5cd5af62fc07cd4e0d24f06a16033f181c47c04,,,,INVENTORIED,
src/main/resources/assets/advancedrocketry/sounds/electricshocksmall.ogg,sound_ogg,11837,,,,004051efb25324f970a607de71b02379131027c461625fa160847200880a384b,UPSTREAM_AR_MIT,c5cd5af62fc07cd4e0d24f06a16033f181c47c04,,,,INVENTORIED,
src/main/resources/assets/advancedrocketry/sounds/electrolyser.ogg,sound_ogg,4255,,,,f33cbdaceb70c53c2b017300dbef85e217d92b896cd8941b4172c9b3c04c3ba3,UPSTREAM_AR_MIT,c5cd5af62fc07cd4e0d24f06a16033f181c47c04,,,,INVENTORIED,
src/main/resources/assets/advancedrocketry/sounds/gravityohhh.ogg,sound_ogg,11333,,,,0d70f4fd0d43d94d9c2ec92367cb5334f7f484ba7aeb896a4ce3a79cd96dde64,UPSTREAM_AR_MIT,c5cd5af62fc07cd4e0d24f06a16033f181c47c04,,,,INVENTORIED,
src/main/resources/assets/advancedrocketry/sounds/laserdrill.ogg,sound_ogg,84739,,,,dbe75ef85cd9191a024e2bffaa0a13a691a8d9d0cc8d5ca311d063ebab4a64e5,UPSTREAM_AR_MIT,c5cd5af62fc07cd4e0d24f06a16033f181c47c04,,,,INVENTORIED,
src/main/resources/assets/advancedrocketry/sounds/lathe.ogg,sound_ogg,129547,,,,673d70feacea2d3a1031ae13d960879ef79b7eca3539e75a2322fb1190d75a32,UPSTREAM_AR_MIT,c5cd5af62fc07cd4e0d24f06a16033f181c47c04,,,,INVENTORIED,
src/main/resources/assets/advancedrocketry/sounds/machinelarge.ogg,sound_ogg,206897,,,,05308c20260a3e6fdd995f620a06d7cdb5e709a274dcf88e7598fc84c0c637e1,UPSTREAM_AR_MIT,c5cd5af62fc07cd4e0d24f06a16033f181c47c04,,,,INVENTORIED,
src/main/resources/assets/advancedrocketry/sounds/precass.ogg,sound_ogg,4255,,,,f33cbdaceb70c53c2b017300dbef85e217d92b896cd8941b4172c9b3c04c3ba3,UPSTREAM_AR_MIT,c5cd5af62fc07cd4e0d24f06a16033f181c47c04,,,,INVENTORIED,
src/main/resources/assets/advancedrocketry/sounds/railgunbang.ogg,sound_ogg,15220,,,,5b63dfc455678bd85237c64cd2d029dcd03997015be8c12b0197ae5f6004e002,UPSTREAM_AR_MIT,c5cd5af62fc07cd4e0d24f06a16033f181c47c04,,,,INVENTORIED,
src/main/resources/assets/advancedrocketry/sounds/rollingmachine.ogg,sound_ogg,129547,,,,673d70feacea2d3a1031ae13d960879ef79b7eca3539e75a2322fb1190d75a32,UPSTREAM_AR_MIT,c5cd5af62fc07cd4e0d24f06a16033f181c47c04,,,,INVENTORIED,
src/main/resources/assets/advancedrocketry/textures/armor/iron_layer_1.png,texture_other,1096,64,32,rgba_8bit,411f8f674344768250ed7a0d359c42248489f13a51921822e1234caaaa170825,UPSTREAM_AR_MIT,c5cd5af62fc07cd4e0d24f06a16033f181c47c04,,,,INVENTORIED,
src/main/resources/assets/advancedrocketry/textures/armor/iron_layer_2.png,texture_other,649,64,32,rgba_8bit,f3031fe15c412152fe1f00917da44d2b09d8792c8103faa0ca50d82f8bc6a203,UPSTREAM_AR_MIT,c5cd5af62fc07cd4e0d24f06a16033f181c47c04,,,,INVENTORIED,
src/main/resources/assets/advancedrocketry/textures/armor/spacesuit_layer1.png,texture_other,958,64,32,rgba_8bit,7ac3d475ba451ee266f19b5e701ee91e77023bb84bde75d5af97f83595fdc3a1,UPSTREAM_AR_MIT,c5cd5af62fc07cd4e0d24f06a16033f181c47c04,,,,INVENTORIED,
src/main/resources/assets/advancedrocketry/textures/armor/spacesuit_layer1_overlay.png,texture_other,1024,64,32,rgba_8bit,b08ac177e1cd4b12e6ffdbb4fe3329bf7ab1f2df394aa434b8b52342efe308d3,UPSTREAM_AR_MIT,c5cd5af62fc07cd4e0d24f06a16033f181c47c04,,,,INVENTORIED,
src/main/resources/assets/advancedrocketry/textures/armor/spacesuit_layer2.png,texture_other,1770,64,32,rgba_8bit,cd0e3e8405f2ba71d5f0ad151ed36eb4116aac3976a9567345ed8e83ade319ff,UPSTREAM_AR_MIT,c5cd5af62fc07cd4e0d24f06a16033f181c47c04,,,,INVENTORIED,
src/main/resources/assets/advancedrocketry/textures/armor/spacesuit_layer2_overlay.png,texture_other,1847,64,32,rgba_8bit,50cbee4333b2ea9992cb5cd84f6882d85aae9af176e874e7ebdaca9cb346edf8,UPSTREAM_AR_MIT,c5cd5af62fc07cd4e0d24f06a16033f181c47c04,,,,INVENTORIED,
src/main/resources/assets/advancedrocketry/textures/blocks/atmospheredetector.png,texture_block,2426,16,16,rgba_8bit,2e4d6ba0bc4fa1fb2f86ee6bc62456a200a79a4a09c99de6a32ad81f15a721cd,UPSTREAM_AR_MIT,c5cd5af62fc07cd4e0d24f06a16033f181c47c04,,,,INVENTORIED,
src/main/resources/assets/advancedrocketry/textures/blocks/atmospheredetector_active.png,texture_block,2456,16,16,rgba_8bit,fe52a855f30b124784f80d3e4a91d7e7acf4aa83d2c7cbdd3bf1cfeeba5b1e7b,UPSTREAM_AR_MIT,c5cd5af62fc07cd4e0d24f06a16033f181c47c04,,,,INVENTORIED,
src/main/resources/assets/advancedrocketry/textures/blocks/basalt.png,texture_block,1950,16,16,rgba_8bit,4e8588fb3a735f92f88dbbd4366531b18a1d64a95e98d1b4caed985271f9b4b5,UPSTREAM_AR_MIT,c5cd5af62fc07cd4e0d24f06a16033f181c47c04,,,,INVENTORIED,
src/main/resources/assets/advancedrocketry/textures/blocks/beacon.png,texture_block,1997,16,16,rgba_8bit,4925a6775061f753c3f140b2247fe718385c98f38e926eae73bcc66c0e346673,UPSTREAM_AR_MIT,c5cd5af62fc07cd4e0d24f06a16033f181c47c04,,,,INVENTORIED,
src/main/resources/assets/advancedrocketry/textures/blocks/blastbrick.png,texture_block,694,16,16,rgb_8bit,7db0ce11ea80ecd2cc6c26404615f0069027f5ee7bbf98224a6e155d7e0e7d1b,UPSTREAM_AR_MIT,c5cd5af62fc07cd4e0d24f06a16033f181c47c04,,,,INVENTORIED,
src/main/resources/assets/advancedrocketry/textures/blocks/blastbrickfront.png,texture_block,641,16,16,rgba_8bit,32ab52f356e3f5fc1eb300aaed5f7bb7a825a656ac8ee81789e9c6a84e76671b,UPSTREAM_AR_MIT,c5cd5af62fc07cd4e0d24f06a16033f181c47c04,,,,INVENTORIED,
src/main/resources/assets/advancedrocketry/textures/blocks/blastbrickfront_active.png,texture_block,821,16,16,rgba_8bit,ac55caac8a6c6916eaa061fba6fe3bf408f2885dff9a3ad6bbcaf8b9d758c24d,UPSTREAM_AR_MIT,c5cd5af62fc07cd4e0d24f06a16033f181c47c04,,,,INVENTORIED,
src/main/resources/assets/advancedrocketry/textures/blocks/clear.png,texture_block,170,16,16,rgba_8bit,2f8c8b2f601f98fe06574503573d2549369578a49c53a5ee9f380b4bbb3ba0a5,UPSTREAM_AR_MIT,c5cd5af62fc07cd4e0d24f06a16033f181c47c04,,,,INVENTORIED,
src/main/resources/assets/advancedrocketry/textures/blocks/combustion.png,texture_block,1711,32,32,rgba_8bit,9fe34da3a8e262964cbdb1ff9b87764c3b719725d9d08a387e571d6136e22826,UPSTREAM_AR_MIT,c5cd5af62fc07cd4e0d24f06a16033f181c47c04,,,,INVENTORIED,
src/main/resources/assets/advancedrocketry/textures/blocks/controlpanel.png,texture_block,2199,16,16,rgba_8bit,7eb980646afc6dea9b2110e003384a4b2e13b3245c39f338b4457f6b02c74da1,UPSTREAM_AR_MIT,c5cd5af62fc07cd4e0d24f06a16033f181c47c04,,,,INVENTORIED,
src/main/resources/assets/advancedrocketry/textures/blocks/crystal.png,texture_block,405,16,16,rgba_8bit,ec7325da271f2114c8350ab036ea5f733bd3bf71ab205576998803de9b1bd013,UPSTREAM_AR_MIT,c5cd5af62fc07cd4e0d24f06a16033f181c47c04,,,,INVENTORIED,
src/main/resources/assets/advancedrocketry/textures/blocks/crystallizer.png,texture_block,1986,16,16,rgba_8bit,ac9f9ac3df4d64846d2f38bf614a4ffd1d203d6729d436347136dafa16f0d499,UPSTREAM_AR_MIT,c5cd5af62fc07cd4e0d24f06a16033f181c47c04,,,,INVENTORIED,
src/main/resources/assets/advancedrocketry/textures/blocks/crystallizer_active.png,texture_block,2186,16,16,rgba_8bit,bbba5be3f386b0c96137098efa6b9b9efc1963ee48d665ed171c1f0d29b7a4ef,UPSTREAM_AR_MIT,c5cd5af62fc07cd4e0d24f06a16033f181c47c04,,,,INVENTORIED,
src/main/resources/assets/advancedrocketry/textures/blocks/cuttingmachine.png,texture_block,2227,16,16,rgba_8bit,d4bf7f571d5d386befeae2e571e7ff0be2314829b78b175b35d4948c34f2da32,UPSTREAM_AR_MIT,c5cd5af62fc07cd4e0d24f06a16033f181c47c04,,,,INVENTORIED,
src/main/resources/assets/advancedrocketry/textures/blocks/cuttingmachine_active.png,texture_block,2226,16,16,rgba_8bit,d15e5f55c7104b73e1200303b4d7a1b51f962157781f6cedd330471fd8632bef,UPSTREAM_AR_MIT,c5cd5af62fc07cd4e0d24f06a16033f181c47c04,,,,INVENTORIED,
src/main/resources/assets/advancedrocketry/textures/blocks/datahatch.png,texture_block,2200,16,16,rgba_8bit,afbe63e88b260e5678ebadb1f7e128c2ed36e77ebdaaa9096672391d5769ab4e,UPSTREAM_AR_MIT,c5cd5af62fc07cd4e0d24f06a16033f181c47c04,,,,INVENTORIED,
src/main/resources/assets/advancedrocketry/textures/blocks/fluid/lava_flow.png,texture_block,5805,32,1024,rgba_8bit,3f9dfe1ee363bec798fb78dffbafe72a605a75491c9cfc11dc2d21471a5f64b2,UPSTREAM_AR_MIT,c5cd5af62fc07cd4e0d24f06a16033f181c47c04,,,,INVENTORIED,
src/main/resources/assets/advancedrocketry/textures/blocks/fluid/lava_flow.png.mcmeta,other,49,,,,2054ec23771561d5c388c5aa16ec87c9690c220c85ffdb28608868ce8c27d14e,UPSTREAM_AR_MIT,c5cd5af62fc07cd4e0d24f06a16033f181c47c04,,,,INVENTORIED,
src/main/resources/assets/advancedrocketry/textures/blocks/fluid/lava_still.png,texture_block,3740,16,512,rgba_8bit,bc1d47723ef56effb0690d355db63a64efbf563f7c54229bcc85793cbc05f423,UPSTREAM_AR_MIT,c5cd5af62fc07cd4e0d24f06a16033f181c47c04,,,,INVENTORIED,
src/main/resources/assets/advancedrocketry/textures/blocks/fluid/lava_still.png.mcmeta,other,49,,,,966ddb55dae4ac5960610f1732f0ac36e4952ac95c34f5798413c9cdb60de7f3,UPSTREAM_AR_MIT,c5cd5af62fc07cd4e0d24f06a16033f181c47c04,,,,INVENTORIED,
src/main/resources/assets/advancedrocketry/textures/blocks/fluid/oxygen_flow.png,texture_block,6182,32,1024,rgba_8bit,1dbb83802a9d3846a64d23d70d35c375a8205a457fe48cb9aa8382c2ee250a16,UPSTREAM_AR_MIT,c5cd5af62fc07cd4e0d24f06a16033f181c47c04,,,,INVENTORIED,
src/main/resources/assets/advancedrocketry/textures/blocks/fluid/oxygen_flow.png.mcmeta,other,23,,,,4a5dad045d1c6172b28dca8eda5ee036ecf966137cda30c64770bf48689c92d4,UPSTREAM_AR_MIT,c5cd5af62fc07cd4e0d24f06a16033f181c47c04,,,,INVENTORIED,
src/main/resources/assets/advancedrocketry/textures/blocks/fluid/oxygen_still.png,texture_block,8833,16,512,rgba_8bit,0b0d6113352cfdf2042783bd0c008097a614768f1bfb0d6e7525fe10780e83a1,UPSTREAM_AR_MIT,c5cd5af62fc07cd4e0d24f06a16033f181c47c04,,,,INVENTORIED,
src/main/resources/assets/advancedrocketry/textures/blocks/fluid/oxygen_still.png.mcmeta,other,49,,,,90fb44a3511d279e0f59d80d82799e72ee6295ef29420184f76f218d4d3d653a,UPSTREAM_AR_MIT,c5cd5af62fc07cd4e0d24f06a16033f181c47c04,,,,INVENTORIED,
src/main/resources/assets/advancedrocketry/textures/blocks/forcefield.png,texture_block,1927,16,256,rgba_8bit,e3e8741da6ff8915903b873bd0871a016ff467170bdd25551c1020e2ba32f49c,UPSTREAM_AR_MIT,c5cd5af62fc07cd4e0d24f06a16033f181c47c04,,,,INVENTORIED,
src/main/resources/assets/advancedrocketry/textures/blocks/forcefield.png.mcmeta,other,26,,,,98c73e039ff700274ab4c4c0c1f75d3466c41b44de12a892e18304b6886e7ff8,UPSTREAM_AR_MIT,c5cd5af62fc07cd4e0d24f06a16033f181c47c04,,,,INVENTORIED,
src/main/resources/assets/advancedrocketry/textures/blocks/forcefieldprojector.png,texture_block,2259,16,16,rgba_8bit,f4198630712704b190f8dcc53608e21559d99d7116c42921cd4d19b947021179,UPSTREAM_AR_MIT,c5cd5af62fc07cd4e0d24f06a16033f181c47c04,,,,INVENTORIED,
src/main/resources/assets/advancedrocketry/textures/blocks/forcefieldprojector_off.png,texture_block,2204,16,16,rgba_8bit,f89cd2544369d59224bf0682af8d0a62e1ff6969b2cae5cf9f55a9fce9a20998,UPSTREAM_AR_MIT,c5cd5af62fc07cd4e0d24f06a16033f181c47c04,,,,INVENTORIED,
src/main/resources/assets/advancedrocketry/textures/blocks/forcefieldprojectorfront.png,texture_block,646,16,16,rgb_8bit,714ffea57623c2481b91575f2d236727c527cc13cc41ba5bf12cf4cdc494030c,UPSTREAM_AR_MIT,c5cd5af62fc07cd4e0d24f06a16033f181c47c04,,,,INVENTORIED,
src/main/resources/assets/advancedrocketry/textures/blocks/fuelingmachine.png,texture_block,424,16,16,rgba_8bit,6c01999e420211d1dcf1dd8f8a0a52560adf92c3ade9916ccd6abaf258a21b80,UPSTREAM_AR_MIT,c5cd5af62fc07cd4e0d24f06a16033f181c47c04,,,,INVENTORIED,
src/main/resources/assets/advancedrocketry/textures/blocks/gaschargertop.png,texture_block,2194,16,16,rgba_8bit,36e2001bcfd5a31770c8e156e1ce58d59027f669ea812fd56c7f4810dcd82c58,UPSTREAM_AR_MIT,c5cd5af62fc07cd4e0d24f06a16033f181c47c04,,,,INVENTORIED,
src/main/resources/assets/advancedrocketry/textures/blocks/geode.png,texture_block,818,16,16,rgba_8bit,a9af07de1128817bbcb37d6f6c52981d256407863c1476a7a1b6d97596026115,UPSTREAM_AR_MIT,c5cd5af62fc07cd4e0d24f06a16033f181c47c04,,,,INVENTORIED,
src/main/resources/assets/advancedrocketry/textures/blocks/geode32.png,texture_block,1894,32,32,rgba_8bit,4edcd57902e9453b6bf03ba434112dfeeeacd0eb664a547eacc2443305757b5c,UPSTREAM_AR_MIT,c5cd5af62fc07cd4e0d24f06a16033f181c47c04,,,,INVENTORIED,
src/main/resources/assets/advancedrocketry/textures/blocks/guidancecomputer.png,texture_block,311,16,16,rgba_8bit,479bc4d9a880d14291b487ed9b28c5920a02b475922f749a3b873b633f6753bd,UPSTREAM_AR_MIT,c5cd5af62fc07cd4e0d24f06a16033f181c47c04,,,,INVENTORIED,
src/main/resources/assets/advancedrocketry/textures/blocks/guidancecomputeraccesshatch.png,texture_block,2148,16,16,rgba_8bit,8cfe6f83c26c71ec8fe134560570145c3c3cc3b8f44f12def5ca08e5a19b2400,UPSTREAM_AR_MIT,c5cd5af62fc07cd4e0d24f06a16033f181c47c04,,,,INVENTORIED,
src/main/resources/assets/advancedrocketry/textures/blocks/hololamp.png,texture_block,566,16,16,rgb_8bit,bd18822b3347159d145a11e0bee06af9a229cc06e181f5e9f947ea87df493ded,UPSTREAM_AR_MIT,c5cd5af62fc07cd4e0d24f06a16033f181c47c04,,,,INVENTORIED,
src/main/resources/assets/advancedrocketry/textures/blocks/hotdry_turf.png,texture_block,728,16,16,rgba_8bit,5c153d39d6e05907c92a911f76bc4d5d5db2c7a6ec588292d439229caabdfaaa,UPSTREAM_AR_MIT,c5cd5af62fc07cd4e0d24f06a16033f181c47c04,,,,INVENTORIED,
src/main/resources/assets/advancedrocketry/textures/blocks/intake.png,texture_block,2154,16,16,rgba_8bit,4916eae53987e4c9a17d6ade7a79be9246abeb914f4fe68e8b79d3e75ee68e1e,UPSTREAM_AR_MIT,c5cd5af62fc07cd4e0d24f06a16033f181c47c04,,,,INVENTORIED,
src/main/resources/assets/advancedrocketry/textures/blocks/landingfloat.png,texture_block,382,16,16,rgb_8bit,1e8d72ca568c0b53c96ca35deddfc6417c345d84e216d88f75c051597d8a765c,UPSTREAM_AR_MIT,c5cd5af62fc07cd4e0d24f06a16033f181c47c04,,,,INVENTORIED,
src/main/resources/assets/advancedrocketry/textures/blocks/laserbottom.png,texture_block,2239,16,16,rgba_8bit,3fa3fb71f9de9d9ebc1949615f71111517088725648fefeca6cf713d6b12d3fa,UPSTREAM_AR_MIT,c5cd5af62fc07cd4e0d24f06a16033f181c47c04,,,,INVENTORIED,
src/main/resources/assets/advancedrocketry/textures/blocks/laserfront.png,texture_block,2656,16,16,rgba_8bit,ff12ed30f3651a5b845ad32435025b70436ba6b9c2ad54ac814b7645418f7780,UPSTREAM_AR_MIT,c5cd5af62fc07cd4e0d24f06a16033f181c47c04,,,,INVENTORIED,
src/main/resources/assets/advancedrocketry/textures/blocks/leaves_alien.png,texture_block,877,16,16,rgba_8bit,da2e8f028bbdcadbc38295530890a4e986b663d693423c72a3496c208b3db1e0,UPSTREAM_AR_MIT,c5cd5af62fc07cd4e0d24f06a16033f181c47c04,,,,INVENTORIED,
src/main/resources/assets/advancedrocketry/textures/blocks/lens1.png,texture_block,284,16,16,rgba_8bit,ab26d0f736e01a0ea1046c45510e0cf0f23c1ff5fa2c07206a59b652efd8990b,UPSTREAM_AR_MIT,c5cd5af62fc07cd4e0d24f06a16033f181c47c04,,,,INVENTORIED,
src/main/resources/assets/advancedrocketry/textures/blocks/liquidtank.png,texture_block,487,16,16,rgba_8bit,24200bdac0aec7d1664bc0650e654aa576db7f5341bef8609af20f8be3854895,UPSTREAM_AR_MIT,c5cd5af62fc07cd4e0d24f06a16033f181c47c04,,,,INVENTORIED,
src/main/resources/assets/advancedrocketry/textures/blocks/log_blue.png,texture_block,2584,16,16,rgba_8bit,46275ac0e551d2fcd6ea88f60b22935acd0fa38da6a608e9a979a2fe7b1f0634,UPSTREAM_AR_MIT,c5cd5af62fc07cd4e0d24f06a16033f181c47c04,,,,INVENTORIED,
src/main/resources/assets/advancedrocketry/textures/blocks/log_blue_top.png,texture_block,2654,16,16,rgba_8bit,7f8b219de78a39e790005d3134f7e8fe411013d71f78560fdfd267d683a1b560,UPSTREAM_AR_MIT,c5cd5af62fc07cd4e0d24f06a16033f181c47c04,,,,INVENTORIED,
src/main/resources/assets/advancedrocketry/textures/blocks/log_charcoal.png,texture_block,586,16,16,rgba_8bit,a8efcf896320664020ec510dc2ed1458200c845b29514c4c3115600bc522f601,UPSTREAM_AR_MIT,c5cd5af62fc07cd4e0d24f06a16033f181c47c04,,,,INVENTORIED,
src/main/resources/assets/advancedrocketry/textures/blocks/log_charcoal_top.png,texture_block,450,16,16,rgba_8bit,d6e0ed9192d943ce98cb7a7c1c6dfe50ae6f94942dab3c6715c421e5481b6997,UPSTREAM_AR_MIT,c5cd5af62fc07cd4e0d24f06a16033f181c47c04,,,,INVENTORIED,
src/main/resources/assets/advancedrocketry/textures/blocks/machineelectrolyzer.png,texture_block,2327,16,16,rgba_8bit,a513dcc2330bc4f17d0a7f12dffbd8a14ff319cbcbdf5c6e606a7ca0f0734e58,UPSTREAM_AR_MIT,c5cd5af62fc07cd4e0d24f06a16033f181c47c04,,,,INVENTORIED,
src/main/resources/assets/advancedrocketry/textures/blocks/machineelectrolyzer_active.png,texture_block,2448,16,16,rgba_8bit,d832efad1324e7415264a0fa1ea4ba53935b1e6274a4be542850456eb11de45f,UPSTREAM_AR_MIT,c5cd5af62fc07cd4e0d24f06a16033f181c47c04,,,,INVENTORIED,
src/main/resources/assets/advancedrocketry/textures/blocks/machinegeneric.png,texture_block,404,16,16,rgba_8bit,ebcf3d56473362fb564df1440385cb9c53b7d26bbc6e8c6c456b8e966b361fbe,UPSTREAM_AR_MIT,c5cd5af62fc07cd4e0d24f06a16033f181c47c04,,,,INVENTORIED,
src/main/resources/assets/advancedrocketry/textures/blocks/machinenuclear.png,texture_block,2209,16,16,rgba_8bit,4c3e58810060d76b297e103392a8f3a87a8a2ec53dde43917fe5f41f66ebfad2,UPSTREAM_AR_MIT,c5cd5af62fc07cd4e0d24f06a16033f181c47c04,,,,INVENTORIED,
src/main/resources/assets/advancedrocketry/textures/blocks/machineorientationcontrol.png,texture_block,2317,16,16,rgba_8bit,e0fbe894ccb04ffc5e42257b8566000986d5444446081c2f42c80eda51e02c5e,UPSTREAM_AR_MIT,c5cd5af62fc07cd4e0d24f06a16033f181c47c04,,,,INVENTORIED,
src/main/resources/assets/advancedrocketry/textures/blocks/machineprecisionlaseretcher.png,texture_block,2288,16,16,rgba_8bit,079d0773a6718a705c4d80e7ed65c100d9c98b144b060cb634d5809024c687e1,UPSTREAM_AR_MIT,c5cd5af62fc07cd4e0d24f06a16033f181c47c04,,,,INVENTORIED,
src/main/resources/assets/advancedrocketry/textures/blocks/machinescrubber.png,texture_block,2097,16,16,rgba_8bit,2e25be8a1e92df5c36ad80602d01e6368c2f846c8afc04ce6cd31ee463d02b8c,UPSTREAM_AR_MIT,c5cd5af62fc07cd4e0d24f06a16033f181c47c04,,,,INVENTORIED,
src/main/resources/assets/advancedrocketry/textures/blocks/machinescrubber_active.png,texture_block,2289,16,16,rgba_8bit,fa1df5bc75f9de59963c68f33b778d7039169a666bdcc0e4b8410dcf32642ace,UPSTREAM_AR_MIT,c5cd5af62fc07cd4e0d24f06a16033f181c47c04,,,,INVENTORIED,
src/main/resources/assets/advancedrocketry/textures/blocks/machinestorage.png,texture_block,180,16,16,rgb_8bit,5c0435081c9c0d8c11cbbeea3278b293ffa17fd43a73e91c4fe3bffab110f62b,UPSTREAM_AR_MIT,c5cd5af62fc07cd4e0d24f06a16033f181c47c04,,,,INVENTORIED,
src/main/resources/assets/advancedrocketry/textures/blocks/machinevent.png,texture_block,2161,16,16,rgba_8bit,4e0e841b02eca215643571024d784e71f75ee9b32523bb946bb49f65b2644b41,UPSTREAM_AR_MIT,c5cd5af62fc07cd4e0d24f06a16033f181c47c04,,,,INVENTORIED,
src/main/resources/assets/advancedrocketry/textures/blocks/machinewarning.png,texture_block,2155,16,16,rgba_8bit,133cd0c9f8abb5eba85f29629007933c675fe4284ba4c8c094288bd736857db8,UPSTREAM_AR_MIT,c5cd5af62fc07cd4e0d24f06a16033f181c47c04,,,,INVENTORIED,
src/main/resources/assets/advancedrocketry/textures/blocks/monitorfront.png,texture_block,323,16,16,rgb_8bit,b3d52d7d3e80d1439050b2bcab238bb93d997e14d3ac0653e980c77989be0eef,UPSTREAM_AR_MIT,c5cd5af62fc07cd4e0d24f06a16033f181c47c04,,,,INVENTORIED,
src/main/resources/assets/advancedrocketry/textures/blocks/monitorfrontleft.png,texture_block,165,16,16,rgb_8bit,19e623d2e4567af5bcfe12861dafd2f5a8be4e8d9667940f685d9b248d6469bb,UPSTREAM_AR_MIT,c5cd5af62fc07cd4e0d24f06a16033f181c47c04,,,,INVENTORIED,
src/main/resources/assets/advancedrocketry/textures/blocks/monitorfrontmid.png,texture_block,156,16,16,rgb_8bit,6bb19da207cc674e0910fd02c51d71328cc9a5d22e141e01e55c1b96c26937ea,UPSTREAM_AR_MIT,c5cd5af62fc07cd4e0d24f06a16033f181c47c04,,,,INVENTORIED,
src/main/resources/assets/advancedrocketry/textures/blocks/monitorfrontright.png,texture_block,170,16,16,rgb_8bit,a2abac551720b4ad5dddfebae07ce2842045e4a40a9ef9ca9becfc8ef101bfa4,UPSTREAM_AR_MIT,c5cd5af62fc07cd4e0d24f06a16033f181c47c04,,,,INVENTORIED,
src/main/resources/assets/advancedrocketry/textures/blocks/monitormoon.png,texture_block,267,16,16,rgb_8bit,e1a0f069df62789df89fcf3291b96fedee10636a08a9774c98de93d1d92a9230,UPSTREAM_AR_MIT,c5cd5af62fc07cd4e0d24f06a16033f181c47c04,,,,INVENTORIED,
src/main/resources/assets/advancedrocketry/textures/blocks/monitorplanet.png,texture_block,330,16,16,rgb_8bit,33c861c8ef6dc02dfc99e32959e2e1a8e88413d2fa81cc1e2d1745562187fe90,UPSTREAM_AR_MIT,c5cd5af62fc07cd4e0d24f06a16033f181c47c04,,,,INVENTORIED,
src/main/resources/assets/advancedrocketry/textures/blocks/monitorplanet_active.png,texture_block,392,16,16,rgb_8bit,08c8f8b1c80b6202b1edd0a86baf7dfd1fb3acaf79806d4db924cc319f196f82,UPSTREAM_AR_MIT,c5cd5af62fc07cd4e0d24f06a16033f181c47c04,,,,INVENTORIED,
src/main/resources/assets/advancedrocketry/textures/blocks/monitorrear.png,texture_block,259,16,16,rgb_8bit,2cdebf9f65bf5881a20af480b21a71e3cb8623b7aa8afd2dadac5bee7e0f2f65,UPSTREAM_AR_MIT,c5cd5af62fc07cd4e0d24f06a16033f181c47c04,,,,INVENTORIED,
src/main/resources/assets/advancedrocketry/textures/blocks/monitorrocket.png,texture_block,203,16,16,rgba_8bit,a962906ee9ea08e472a935669a5d8104cf0022e3ad4529d654204fd177dd9923,UPSTREAM_AR_MIT,c5cd5af62fc07cd4e0d24f06a16033f181c47c04,,,,INVENTORIED,
src/main/resources/assets/advancedrocketry/textures/blocks/monitorsatellite.png,texture_block,190,16,16,rgb_8bit,cf3ffbe147c7dcad7ea847701ef841aae8afb84442f4211636425580e8839e2b,UPSTREAM_AR_MIT,c5cd5af62fc07cd4e0d24f06a16033f181c47c04,,,,INVENTORIED,
src/main/resources/assets/advancedrocketry/textures/blocks/monitorside.png,texture_block,1691,16,16,rgb_8bit,4ed301657f3cd4912136881b8c10cc9ea83fbfa1e078331a4ca2b64ddc73aa7f,UPSTREAM_AR_MIT,c5cd5af62fc07cd4e0d24f06a16033f181c47c04,,,,INVENTORIED,
src/main/resources/assets/advancedrocketry/textures/blocks/moon_turf.png,texture_block,575,16,16,rgba_8bit,0ec194b6dce4951bf7f37facb4a7e3b99fe66360166b8a0de7480a5c71b348f9,UPSTREAM_AR_MIT,c5cd5af62fc07cd4e0d24f06a16033f181c47c04,,,,INVENTORIED,
src/main/resources/assets/advancedrocketry/textures/blocks/moon_turf_dark.png,texture_block,658,16,16,rgba_8bit,bf1b41144cb7fbe048940c815e913a76da4e10090ec2e1c7522b23daaacfc76f,UPSTREAM_AR_MIT,c5cd5af62fc07cd4e0d24f06a16033f181c47c04,,,,INVENTORIED,
src/main/resources/assets/advancedrocketry/textures/blocks/mushroom_electric.png,texture_block,382,16,16,rgba_8bit,62c78bdb0003a545a70c5a02048d6df60e81c2139f186069567264c9d1e04291,UPSTREAM_AR_MIT,c5cd5af62fc07cd4e0d24f06a16033f181c47c04,,,,INVENTORIED,
src/main/resources/assets/advancedrocketry/textures/blocks/oopsididitagain.png,texture_block,198,16,16,rgb_8bit,511f04f6103c85c43f67251174d0a532d76f3bb25e7203fa576338350982976a,UPSTREAM_AR_MIT,c5cd5af62fc07cd4e0d24f06a16033f181c47c04,,,,INVENTORIED,
src/main/resources/assets/advancedrocketry/textures/blocks/panelside.png,texture_block,612,16,16,rgba_8bit,35feccca5bbfc540f65800fa3115e814d3f5fa8329cccaa115e33555b5803613,UPSTREAM_AR_MIT,c5cd5af62fc07cd4e0d24f06a16033f181c47c04,,,,INVENTORIED,
src/main/resources/assets/advancedrocketry/textures/blocks/panelsideworkstation.png,texture_block,719,16,16,rgba_8bit,50f6566c68a33131b8f52a9e3d02c2188ed88584a777e5bb7ad902292c2cd779,UPSTREAM_AR_MIT,c5cd5af62fc07cd4e0d24f06a16033f181c47c04,,,,INVENTORIED,
src/main/resources/assets/advancedrocketry/textures/blocks/pipedata.png,texture_block,388,16,16,rgba_8bit,9b00f13935db4601318edfde016b4495e60698ff803521c217803a8d62c51324,UPSTREAM_AR_MIT,c5cd5af62fc07cd4e0d24f06a16033f181c47c04,,,,INVENTORIED,
src/main/resources/assets/advancedrocketry/textures/blocks/pipeenergy.png,texture_block,373,16,16,rgba_8bit,ed39c298f4e7c04b957e9a5edf360b55b8d4f92ee644556aa79fb5de0e34495e,UPSTREAM_AR_MIT,c5cd5af62fc07cd4e0d24f06a16033f181c47c04,,,,INVENTORIED,
src/main/resources/assets/advancedrocketry/textures/blocks/pipeliquid.png,texture_block,386,16,16,rgba_8bit,79ce19958f8df589b191809d1bdec7d985c2bf42e9763f99f7d9fbd168f437cd,UPSTREAM_AR_MIT,c5cd5af62fc07cd4e0d24f06a16033f181c47c04,,,,INVENTORIED,
src/main/resources/assets/advancedrocketry/textures/blocks/plank_blue.png,texture_block,462,16,16,rgba_8bit,11fdd04b8903831b00496fb9e8e745e01c44ff23580f731896b9abe56f94cbfe,UPSTREAM_AR_MIT,c5cd5af62fc07cd4e0d24f06a16033f181c47c04,,,,INVENTORIED,
src/main/resources/assets/advancedrocketry/textures/blocks/platepresser_bottom.png,texture_block,770,16,16,rgb_8bit,ec3b01610aa438f2f2102893154986625a3a6d11678ef4fcdcb2be40afcd4700,UPSTREAM_AR_MIT,c5cd5af62fc07cd4e0d24f06a16033f181c47c04,,,,INVENTORIED,
src/main/resources/assets/advancedrocketry/textures/blocks/platepresser_internal.png,texture_block,709,16,16,rgb_8bit,93287fd888fb9ea4e69d20d7d210a6e34da4e386e9e4067bf4b3d210d171d0f9,UPSTREAM_AR_MIT,c5cd5af62fc07cd4e0d24f06a16033f181c47c04,,,,INVENTORIED,
src/main/resources/assets/advancedrocketry/textures/blocks/platepresser_side.png,texture_block,773,16,16,rgb_8bit,a06db4d322265809dbe5f9047daa9031ce9f21ee15cdc4f98ba7d17c46429e35,UPSTREAM_AR_MIT,c5cd5af62fc07cd4e0d24f06a16033f181c47c04,,,,INVENTORIED,
src/main/resources/assets/advancedrocketry/textures/blocks/platepresser_top.png,texture_block,715,16,16,rgb_8bit,368140152e897982bfca79496d216c8f38e25421d19fe52ac7451f2c80f4b36f,UPSTREAM_AR_MIT,c5cd5af62fc07cd4e0d24f06a16033f181c47c04,,,,INVENTORIED,
src/main/resources/assets/advancedrocketry/textures/blocks/precisionassemblerfront.png,texture_block,2339,16,16,rgba_8bit,900a254d681d43bc3b8426602d6d253717fa42234d2aa3c5d7168bb5f5e825e3,UPSTREAM_AR_MIT,c5cd5af62fc07cd4e0d24f06a16033f181c47c04,,,,INVENTORIED,
src/main/resources/assets/advancedrocketry/textures/blocks/precisionassemblerfront_active.png,texture_block,2344,16,16,rgba_8bit,d076c5b187ef8f205249e2bacae72ba440197b60aae971533f55bddf0fce6d94,UPSTREAM_AR_MIT,c5cd5af62fc07cd4e0d24f06a16033f181c47c04,,,,INVENTORIED,
src/main/resources/assets/advancedrocketry/textures/blocks/pumpbottom.png,texture_block,2371,16,16,rgba_8bit,8d3024676a6ad9864be912f770316315e0822536ca89cce1ce55bb4433997198,UPSTREAM_AR_MIT,c5cd5af62fc07cd4e0d24f06a16033f181c47c04,,,,INVENTORIED,
src/main/resources/assets/advancedrocketry/textures/blocks/pumpside.png,texture_block,2168,16,16,rgba_8bit,0c474a4bdecd4d84eef2f898bf18500fecef940e41aef507636d3235a640aa77,UPSTREAM_AR_MIT,c5cd5af62fc07cd4e0d24f06a16033f181c47c04,,,,INVENTORIED,
src/main/resources/assets/advancedrocketry/textures/blocks/qcrucible_bottom.png,texture_block,197,16,16,rgba_8bit,e24329ce8a7f61ed0b5fc2e0518288142e1296f9facbac969a5aa40b2ba146a4,UPSTREAM_AR_MIT,c5cd5af62fc07cd4e0d24f06a16033f181c47c04,,,,INVENTORIED,
src/main/resources/assets/advancedrocketry/textures/blocks/qcrucible_inner.png,texture_block,471,16,16,rgba_8bit,1bffd371aa1ffdf1f3409eaf613529632c23924077f3cae33ddf0f44d2505912,UPSTREAM_AR_MIT,c5cd5af62fc07cd4e0d24f06a16033f181c47c04,,,,INVENTORIED,
src/main/resources/assets/advancedrocketry/textures/blocks/qcrucible_side.png,texture_block,605,16,16,rgba_8bit,7a868f4e03d6f14990c98b1f1fff8899404cb4513a854833e9bd62ee97fff708,UPSTREAM_AR_MIT,c5cd5af62fc07cd4e0d24f06a16033f181c47c04,,,,INVENTORIED,
src/main/resources/assets/advancedrocketry/textures/blocks/qcrucible_top.png,texture_block,415,16,16,rgba_8bit,a78ce54a602e590db4babf78f3e71585a31cf34cd8314a69ba5cb7cc87ef3c6f,UPSTREAM_AR_MIT,c5cd5af62fc07cd4e0d24f06a16033f181c47c04,,,,INVENTORIED,
src/main/resources/assets/advancedrocketry/textures/blocks/railgun.png,texture_block,2440,16,16,rgba_8bit,38e3913bc16000fae00213f07db9884a0a46e0880d394c27626effff82941751,UPSTREAM_AR_MIT,c5cd5af62fc07cd4e0d24f06a16033f181c47c04,,,,INVENTORIED,
src/main/resources/assets/advancedrocketry/textures/blocks/rocketpad_.png,texture_block,566,16,16,rgba_8bit,8293011124c1d6e61c078dcb53c49d847c24ad46709d0d500023e105efb85f3a,UPSTREAM_AR_MIT,c5cd5af62fc07cd4e0d24f06a16033f181c47c04,,,,INVENTORIED,
src/main/resources/assets/advancedrocketry/textures/blocks/rocketpad_blcorner.png,texture_block,701,16,16,rgba_8bit,4d6bfd8d3bb5543da1eb5108f49d03ce1aced9f2a7a38ebc5926d2d6d3a1ba01,UPSTREAM_AR_MIT,c5cd5af62fc07cd4e0d24f06a16033f181c47c04,,,,INVENTORIED,
src/main/resources/assets/advancedrocketry/textures/blocks/rocketpad_bottomedge.png,texture_block,743,16,16,rgba_8bit,85f992bfab93a6a79e95429eda726931639155a42d331c7cecebb7d10d9dd92e,UPSTREAM_AR_MIT,c5cd5af62fc07cd4e0d24f06a16033f181c47c04,,,,INVENTORIED,
src/main/resources/assets/advancedrocketry/textures/blocks/rocketpad_brcorner.png,texture_block,673,16,16,rgba_8bit,9dc56cf72ae6b4bd12b232a3c1221236310f25f6288b187caa56cbcefd93cca3,UPSTREAM_AR_MIT,c5cd5af62fc07cd4e0d24f06a16033f181c47c04,,,,INVENTORIED,
src/main/resources/assets/advancedrocketry/textures/blocks/rocketpad_leftedge.png,texture_block,740,16,16,rgba_8bit,fcda8ac2c0d8946e40ccb0dbba6a6d005b0451245717615a88ca83ac03881c9c,UPSTREAM_AR_MIT,c5cd5af62fc07cd4e0d24f06a16033f181c47c04,,,,INVENTORIED,
src/main/resources/assets/advancedrocketry/textures/blocks/rocketpad_nbedge.png,texture_block,618,16,16,rgba_8bit,15b3f596984f198d789b17cebfe276f832a9024f55ecd25cf59028a0fd583e34,UPSTREAM_AR_MIT,c5cd5af62fc07cd4e0d24f06a16033f181c47c04,,,,INVENTORIED,
src/main/resources/assets/advancedrocketry/textures/blocks/rocketpad_nledge.png,texture_block,644,16,16,rgba_8bit,39ad097fa5f336368ccc455a165b3ecfdb1caccfba5ad717964cc0465a3779dc,UPSTREAM_AR_MIT,c5cd5af62fc07cd4e0d24f06a16033f181c47c04,,,,INVENTORIED,
src/main/resources/assets/advancedrocketry/textures/blocks/rocketpad_noedge.png,texture_block,772,16,16,rgba_8bit,06b1ed723649858c4e21003f4fb92ecd3422ad49706e86570bc201b1f6f57320,UPSTREAM_AR_MIT,c5cd5af62fc07cd4e0d24f06a16033f181c47c04,,,,INVENTORIED,
src/main/resources/assets/advancedrocketry/textures/blocks/rocketpad_nredge.png,texture_block,618,16,16,rgba_8bit,6f6fb5479077453a7bd425247ae3a2488883ac409cb47a13a4809d31b0fd1897,UPSTREAM_AR_MIT,c5cd5af62fc07cd4e0d24f06a16033f181c47c04,,,,INVENTORIED,
src/main/resources/assets/advancedrocketry/textures/blocks/rocketpad_ntedge.png,texture_block,644,16,16,rgba_8bit,30a034b8506f37a06d3c06015db87c7527c99571142e85f3d2f8395734a8cf90,UPSTREAM_AR_MIT,c5cd5af62fc07cd4e0d24f06a16033f181c47c04,,,,INVENTORIED,
src/main/resources/assets/advancedrocketry/textures/blocks/rocketpad_rightedge.png,texture_block,770,16,16,rgba_8bit,52ab42bf49c7a4eccd330f3e89c1de829c64871af8d452e7e05c32a073131759,UPSTREAM_AR_MIT,c5cd5af62fc07cd4e0d24f06a16033f181c47c04,,,,INVENTORIED,
src/main/resources/assets/advancedrocketry/textures/blocks/rocketpad_tlcorner.png,texture_block,720,16,16,rgba_8bit,28b3eab25b39ceee76a744874f435053ec20d441735b1c209eb19f6112ec9913,UPSTREAM_AR_MIT,c5cd5af62fc07cd4e0d24f06a16033f181c47c04,,,,INVENTORIED,
src/main/resources/assets/advancedrocketry/textures/blocks/rocketpad_topedge.png,texture_block,728,16,16,rgba_8bit,8e23d6a03a131cb320a956157abaea0a260a2b179b901243a09cd9aafd8374dc,UPSTREAM_AR_MIT,c5cd5af62fc07cd4e0d24f06a16033f181c47c04,,,,INVENTORIED,
src/main/resources/assets/advancedrocketry/textures/blocks/rocketpad_trcorner.png,texture_block,693,16,16,rgba_8bit,c261ffa47d30edccfe31a20ee39ee51c1e0d94992ce9d615dd7abc93d654a5a0,UPSTREAM_AR_MIT,c5cd5af62fc07cd4e0d24f06a16033f181c47c04,,,,INVENTORIED,
src/main/resources/assets/advancedrocketry/textures/blocks/rocketpad_xcross.png,texture_block,658,16,16,rgba_8bit,26cc0ca469fad1ff20678523f626d5157d62726d2b33808f75984e5fec98c619,UPSTREAM_AR_MIT,c5cd5af62fc07cd4e0d24f06a16033f181c47c04,,,,INVENTORIED,
src/main/resources/assets/advancedrocketry/textures/blocks/rocketpad_ycross.png,texture_block,692,16,16,rgba_8bit,9845c473ec7ade79265f0c282755c871de63fcdd176243f97c4634ad946c80d8,UPSTREAM_AR_MIT,c5cd5af62fc07cd4e0d24f06a16033f181c47c04,,,,INVENTORIED,
src/main/resources/assets/advancedrocketry/textures/blocks/sapling_bluetree.png,texture_block,749,16,16,rgba_8bit,0ee1a0e720bea16833067262ed66ead882ff0dc5036b2d658121fa777a3762f7,UPSTREAM_AR_MIT,c5cd5af62fc07cd4e0d24f06a16033f181c47c04,,,,INVENTORIED,
src/main/resources/assets/advancedrocketry/textures/blocks/satelliteassembler.png,texture_block,2369,16,16,rgba_8bit,fcd313eaa561a7ede57da7ef2f468e522f98fe6bfa688eb42ef6b033920912bc,UPSTREAM_AR_MIT,c5cd5af62fc07cd4e0d24f06a16033f181c47c04,,,,INVENTORIED,
src/main/resources/assets/advancedrocketry/textures/blocks/satellitebay.png,texture_block,1759,16,16,rgb_8bit,eb014fc79c1de0e9c74cf8d4c1cf855efd75f45f97b0bec72b71801726d92105,UPSTREAM_AR_MIT,c5cd5af62fc07cd4e0d24f06a16033f181c47c04,,,,INVENTORIED,
src/main/resources/assets/advancedrocketry/textures/blocks/seal.png,texture_block,377,16,16,rgb_8bit,8fe4afc846bc66bee33a77a339f8aef04bf94c0153ebce04523998ab52e9f0c0,UPSTREAM_AR_MIT,c5cd5af62fc07cd4e0d24f06a16033f181c47c04,,,,INVENTORIED,
src/main/resources/assets/advancedrocketry/textures/blocks/smallairlockdoor_lower.png,texture_block,262,16,16,rgba_8bit,7f37a8bbedd46144f8a3e909feaafa7d2d158d752f258395a91756b570f72735,UPSTREAM_AR_MIT,c5cd5af62fc07cd4e0d24f06a16033f181c47c04,,,,INVENTORIED,
src/main/resources/assets/advancedrocketry/textures/blocks/smallairlockdoor_upper.png,texture_block,277,16,16,rgba_8bit,d4dc5d11a244d5c50e995831e888594c474addaa229cd4553f91f5fbf0566d41,UPSTREAM_AR_MIT,c5cd5af62fc07cd4e0d24f06a16033f181c47c04,,,,INVENTORIED,
src/main/resources/assets/advancedrocketry/textures/blocks/smallconnector.png,texture_block,1898,16,16,rgba_8bit,976bd0324f2b8659916b92f108da56735d05874fc4889da57d7caa0138b8c873,UPSTREAM_AR_MIT,c5cd5af62fc07cd4e0d24f06a16033f181c47c04,,,,INVENTORIED,
src/main/resources/assets/advancedrocketry/textures/blocks/solar.png,texture_block,2660,16,16,rgba_8bit,00cc30b275c27d07cc892b5067afb1d810e57208cfa52d4c2b181f0cb3dd43b3,UPSTREAM_AR_MIT,c5cd5af62fc07cd4e0d24f06a16033f181c47c04,,,,INVENTORIED,
src/main/resources/assets/advancedrocketry/textures/blocks/starshipcontrolpanel.png,texture_block,2403,16,16,rgba_8bit,c0b2ce6ff6f2c62b7083149d5f5278eace653bd980ae28d622ea8e3fd525461e,UPSTREAM_AR_MIT,c5cd5af62fc07cd4e0d24f06a16033f181c47c04,,,,INVENTORIED,
src/main/resources/assets/advancedrocketry/textures/blocks/stationlight.png,texture_block,552,16,16,rgb_8bit,ec4d709a9e42eb94dbe7db4c24c472f24bf5a5b0be633d04e8b34252a2038300,UPSTREAM_AR_MIT,c5cd5af62fc07cd4e0d24f06a16033f181c47c04,,,,INVENTORIED,
src/main/resources/assets/advancedrocketry/textures/blocks/structuretower.png,texture_block,339,16,16,rgba_8bit,6cf11ebd656fcebd2ac76809da77934b634a46b3177b038f37abc778eb39ae51,UPSTREAM_AR_MIT,c5cd5af62fc07cd4e0d24f06a16033f181c47c04,,,,INVENTORIED,
src/main/resources/assets/advancedrocketry/textures/blocks/suitworkstation.png,texture_block,358,16,16,rgb_8bit,f0f9284d2c8c529a85f1b819fd2e015c53bae60711e3908985d78cfc29e1ba1d,UPSTREAM_AR_MIT,c5cd5af62fc07cd4e0d24f06a16033f181c47c04,,,,INVENTORIED,
src/main/resources/assets/advancedrocketry/textures/blocks/test_.png,texture_block,168,16,16,rgb_8bit,e99061c3b45e147350dea2c79a349ccf27a65f98b94ab726899bfa6adfa6b591,UPSTREAM_AR_MIT,c5cd5af62fc07cd4e0d24f06a16033f181c47c04,,,,INVENTORIED,
src/main/resources/assets/advancedrocketry/textures/blocks/test_blcorner.png,texture_block,166,16,16,rgb_8bit,0d106882e66460549699d10c68a6cf0c3626c004f3e7883c4a0dbef03f605bce,UPSTREAM_AR_MIT,c5cd5af62fc07cd4e0d24f06a16033f181c47c04,,,,INVENTORIED,
src/main/resources/assets/advancedrocketry/textures/blocks/test_bottomedge.png,texture_block,159,16,16,rgb_8bit,f41c5a9d8e26e3d00c9cfc72af7b82b5977c96e0c4b8f93a928853404c3f6358,UPSTREAM_AR_MIT,c5cd5af62fc07cd4e0d24f06a16033f181c47c04,,,,INVENTORIED,
src/main/resources/assets/advancedrocketry/textures/blocks/test_brcorner.png,texture_block,164,16,16,rgb_8bit,5e1e08da2cfe95f32a70d2e750b096a65be9b3a7a98141a230760f9c15cfae40,UPSTREAM_AR_MIT,c5cd5af62fc07cd4e0d24f06a16033f181c47c04,,,,INVENTORIED,
src/main/resources/assets/advancedrocketry/textures/blocks/test_leftedge.png,texture_block,162,16,16,rgb_8bit,a0090ef72712e30354f5c857717b98efe81f8abc192c0a4b21a8b802d758965d,UPSTREAM_AR_MIT,c5cd5af62fc07cd4e0d24f06a16033f181c47c04,,,,INVENTORIED,
src/main/resources/assets/advancedrocketry/textures/blocks/test_nbedge.png,texture_block,167,16,16,rgb_8bit,77d64abfdb3c05b9cfc087427c27eb1d9851a51d2b10ef72d41bd091ddb1008c,UPSTREAM_AR_MIT,c5cd5af62fc07cd4e0d24f06a16033f181c47c04,,,,INVENTORIED,
src/main/resources/assets/advancedrocketry/textures/blocks/test_nledge.png,texture_block,167,16,16,rgb_8bit,810871983f51a2d239f228b9f2c87b863c37446b1d2265f2ec37f7280cd38099,UPSTREAM_AR_MIT,c5cd5af62fc07cd4e0d24f06a16033f181c47c04,,,,INVENTORIED,
src/main/resources/assets/advancedrocketry/textures/blocks/test_noedge.png,texture_block,160,16,16,rgb_8bit,23a89814a9224e4af0cb6ef3f9fc32b3c798b0292a254a50a2d303294363c7cf,UPSTREAM_AR_MIT,c5cd5af62fc07cd4e0d24f06a16033f181c47c04,,,,INVENTORIED,
src/main/resources/assets/advancedrocketry/textures/blocks/test_nredge.png,texture_block,165,16,16,rgb_8bit,e8e388214f2896d6cbdd0a08fe14c586ed25803d43a8680c240c84bc9d400a4f,UPSTREAM_AR_MIT,c5cd5af62fc07cd4e0d24f06a16033f181c47c04,,,,INVENTORIED,
src/main/resources/assets/advancedrocketry/textures/blocks/test_ntedge.png,texture_block,166,16,16,rgb_8bit,26173d76215a5882455ca22ef29cc26496875e5f57e18b4a06b0f27ce172ee64,UPSTREAM_AR_MIT,c5cd5af62fc07cd4e0d24f06a16033f181c47c04,,,,INVENTORIED,
src/main/resources/assets/advancedrocketry/textures/blocks/test_rightedge.png,texture_block,165,16,16,rgb_8bit,643b608b1b501933d117a0c14b907f5639719a3f6ece5cfdc30b145dcae1159e,UPSTREAM_AR_MIT,c5cd5af62fc07cd4e0d24f06a16033f181c47c04,,,,INVENTORIED,
src/main/resources/assets/advancedrocketry/textures/blocks/test_tlcorner.png,texture_block,164,16,16,rgb_8bit,278233a630d597300cf1270fd10f40ba0fb9c2fec9085ca7ba60a1c0eb5f730b,UPSTREAM_AR_MIT,c5cd5af62fc07cd4e0d24f06a16033f181c47c04,,,,INVENTORIED,
src/main/resources/assets/advancedrocketry/textures/blocks/test_topedge.png,texture_block,162,16,16,rgb_8bit,4c04abb2a36222f8e73d33ee9676963817ef1447f5f24c74bf3a567867601561,UPSTREAM_AR_MIT,c5cd5af62fc07cd4e0d24f06a16033f181c47c04,,,,INVENTORIED,
src/main/resources/assets/advancedrocketry/textures/blocks/test_trcorner.png,texture_block,162,16,16,rgb_8bit,b21121e23fa8723160a5de639db4bfd229ebf93bc0778c776ae53714d940b393,UPSTREAM_AR_MIT,c5cd5af62fc07cd4e0d24f06a16033f181c47c04,,,,INVENTORIED,
src/main/resources/assets/advancedrocketry/textures/blocks/test_xcross.png,texture_block,163,16,16,rgb_8bit,affdc4018a638a913e249c8b81a64f2809cc5c049960e33f08bc2d038580a1f3,UPSTREAM_AR_MIT,c5cd5af62fc07cd4e0d24f06a16033f181c47c04,,,,INVENTORIED,
src/main/resources/assets/advancedrocketry/textures/blocks/test_ycross.png,texture_block,167,16,16,rgb_8bit,a1f1d4d3e3c6e513c61ba07501fe7491efacf4d902f5ef6df32f9d8386ecd33f,UPSTREAM_AR_MIT,c5cd5af62fc07cd4e0d24f06a16033f181c47c04,,,,INVENTORIED,
src/main/resources/assets/advancedrocketry/textures/blocks/thermitetorch.png,texture_block,327,16,16,rgba_8bit,dcc370095de4fbaaab6b470742e53f17f416417a8ff76e8b2b4b44bc7f964366,UPSTREAM_AR_MIT,c5cd5af62fc07cd4e0d24f06a16033f181c47c04,,,,INVENTORIED,
src/main/resources/assets/advancedrocketry/textures/blocks/vacuumlaserfront.png,texture_block,2731,16,16,rgba_8bit,d70e2bd632fbcdd68412314501b01ab17dc3e14122c04a006949acb1033e40c7,UPSTREAM_AR_MIT,c5cd5af62fc07cd4e0d24f06a16033f181c47c04,,,,INVENTORIED,
src/main/resources/assets/advancedrocketry/textures/blocks/vitrifiedsand.png,texture_block,827,16,16,rgba_8bit,fd560ba094bd423546c4eb612070079c070a27315cf9e0ecadc37b0a2f0e2e0e,UPSTREAM_AR_MIT,c5cd5af62fc07cd4e0d24f06a16033f181c47c04,,,,INVENTORIED,
src/main/resources/assets/advancedrocketry/textures/blocks/warpcore.png,texture_block,2790,16,16,rgba_8bit,86047e72b36a23c141c3ad1a0f92f9038cc78e837c332cc5b86abd99182d5782,UPSTREAM_AR_MIT,c5cd5af62fc07cd4e0d24f06a16033f181c47c04,,,,INVENTORIED,
src/main/resources/assets/advancedrocketry/textures/blocks/wirelesstransciever_front.png,texture_block,2277,16,16,rgba_8bit,f5f2ca617cddf4ad9fc478562aa43689e69ed5ebf6f98563d37ce473c10e8418,UPSTREAM_AR_MIT,c5cd5af62fc07cd4e0d24f06a16033f181c47c04,,,,INVENTORIED,
src/main/resources/assets/advancedrocketry/textures/blocks/wirelesstransciever_rear.png,texture_block,1787,16,16,rgb_8bit,3a850118bd98252fbe9345cb7699f3df6f318ad5f7bd0151fef2834c5b215147,UPSTREAM_AR_MIT,c5cd5af62fc07cd4e0d24f06a16033f181c47c04,,,,INVENTORIED,
src/main/resources/assets/advancedrocketry/textures/entity/flare.png,texture_entity,16922,128,128,rgba_8bit,de9844e4f30969bfe623c4966d622d1cc47c887c3d4f63e9868611a7746b5968,UPSTREAM_AR_MIT,c5cd5af62fc07cd4e0d24f06a16033f181c47c04,,,,INVENTORIED,
src/main/resources/assets/advancedrocketry/textures/env/accretiondisk.png,texture_other,138362,512,512,rgba_8bit,0e2a22282483b13c974d7f739979b0df3bece4bd3562a3102dab3bfb90e6dc26,UPSTREAM_AR_MIT,c5cd5af62fc07cd4e0d24f06a16033f181c47c04,,,,INVENTORIED,
src/main/resources/assets/advancedrocketry/textures/env/blackhole.png,texture_other,5977,64,64,rgba_8bit,a69c7d103499655d25ec9c5a1ec4ae94d2a896ff1bea6260e733a1955c177a12,UPSTREAM_AR_MIT,c5cd5af62fc07cd4e0d24f06a16033f181c47c04,,,,INVENTORIED,
src/main/resources/assets/advancedrocketry/textures/env/blackhole_icon.png,texture_other,28303,128,128,rgba_8bit,6533557a990d3d00f67a8e9ac6a2d8289f57dc1cae65ab71ac8fcfb01ec03824,UPSTREAM_AR_MIT,c5cd5af62fc07cd4e0d24f06a16033f181c47c04,,,,INVENTORIED,
src/main/resources/assets/advancedrocketry/textures/env/earth_phases.png,texture_other,1944,128,64,rgb_8bit,9846cf2011e26a103817dc14741f4c071f98ce011413cec070962eefae0e6468,UPSTREAM_AR_MIT,c5cd5af62fc07cd4e0d24f06a16033f181c47c04,,,,INVENTORIED,
src/main/resources/assets/advancedrocketry/textures/env/sun.png,texture_other,5428,128,128,grayscale_alpha_8bit,fadafd7eed05dfc3b403c4aca22020ca5f896b314c43ad7daa7595ea21cc27c3,UPSTREAM_AR_MIT,c5cd5af62fc07cd4e0d24f06a16033f181c47c04,,,,INVENTORIED,
src/main/resources/assets/advancedrocketry/textures/env/sun2.png,texture_other,8873,128,128,grayscale_alpha_8bit,e9f7c66c6e6103d6d9895fbe0ce78da8c272b1a9c25ef9283751c765306a0589,UPSTREAM_AR_MIT,c5cd5af62fc07cd4e0d24f06a16033f181c47c04,,,,INVENTORIED,
src/main/resources/assets/advancedrocketry/textures/env/sun3.png,texture_other,471,32,32,grayscale_alpha_8bit,2bfcad73fbbe7a4f501ac2923fd0e29dcea93e1410bd93fdb258e27665ec5c39,UPSTREAM_AR_MIT,c5cd5af62fc07cd4e0d24f06a16033f181c47c04,,,,INVENTORIED,
src/main/resources/assets/advancedrocketry/textures/font.png,texture_other,6524,145,145,rgba_8bit,0a4886cb5165c1f6f12d7efddcf98014db2efc3fdb7e85008d94e037712c1306,UPSTREAM_AR_MIT,c5cd5af62fc07cd4e0d24f06a16033f181c47c04,,,,INVENTORIED,
src/main/resources/assets/advancedrocketry/textures/gui/blastfurnace.png,texture_gui,3094,256,256,rgba_8bit,48012ac4cceea398101e59f8a0017c96553609fb38258c17650a3bb191949629,UPSTREAM_AR_MIT,c5cd5af62fc07cd4e0d24f06a16033f181c47c04,,,,INVENTORIED,
src/main/resources/assets/advancedrocketry/textures/gui/borderhorizontal.png,texture_gui,72,1,3,rgb_8bit,28df9bc711b5c50f8e14f9a89c3f0ff253292d5c4e9f4ea6849a11fee4fb2403,UPSTREAM_AR_MIT,c5cd5af62fc07cd4e0d24f06a16033f181c47c04,,,,INVENTORIED,
src/main/resources/assets/advancedrocketry/textures/gui/bordervertical.png,texture_gui,75,3,1,rgb_8bit,92955b73ef0a6d77ad0561ee53671b2074c5bc821dd30c7353fe79a8feb182ae,UPSTREAM_AR_MIT,c5cd5af62fc07cd4e0d24f06a16033f181c47c04,,,,INVENTORIED,
src/main/resources/assets/advancedrocketry/textures/gui/buttons/buttonasteroid.png,texture_gui,1891,144,32,rgba_8bit,6b723cb4476e060411aa6b828eb8436fdac01c97ac2045c90d5d4215fd3d41d4,UPSTREAM_AR_MIT,c5cd5af62fc07cd4e0d24f06a16033f181c47c04,,,,INVENTORIED,
src/main/resources/assets/advancedrocketry/textures/gui/buttons/buttonasteroid_hover.png,texture_gui,1915,144,32,rgba_8bit,d02fe94a3a184cc3cecf0f68dcc9a7adbf9c304ef6468091f445dc13ef551c1b,UPSTREAM_AR_MIT,c5cd5af62fc07cd4e0d24f06a16033f181c47c04,,,,INVENTORIED,
src/main/resources/assets/advancedrocketry/textures/gui/buttons/buttonautoeject.png,texture_gui,348,24,24,rgba_8bit,ef0f9a649feb473f255910328edc33b42a468683942511584249904a6d725dc3,UPSTREAM_AR_MIT,c5cd5af62fc07cd4e0d24f06a16033f181c47c04,,,,INVENTORIED,
src/main/resources/assets/advancedrocketry/textures/gui/buttons/buttonautoeject_hover.png,texture_gui,345,24,24,rgba_8bit,623c4f4be6533a4922c10656a835a7d65ef320db803408768534d98b96fb3ef4,UPSTREAM_AR_MIT,c5cd5af62fc07cd4e0d24f06a16033f181c47c04,,,,INVENTORIED,
src/main/resources/assets/advancedrocketry/textures/gui/buttons/buttonautoeject_pressed.png,texture_gui,347,24,24,rgba_8bit,d580e60740446f114397b1a2f5a041cac75114d0fe37b8247918228e1b3ede31,UPSTREAM_AR_MIT,c5cd5af62fc07cd4e0d24f06a16033f181c47c04,,,,INVENTORIED,
src/main/resources/assets/advancedrocketry/textures/gui/buttons/buttongeneric.png,texture_gui,500,144,32,rgba_8bit,a7f8e0ef5311db2cd8a34f900b94793dbcdeb9b658ed2c8b51b1ba94980759d0,UPSTREAM_AR_MIT,c5cd5af62fc07cd4e0d24f06a16033f181c47c04,,,,INVENTORIED,
src/main/resources/assets/advancedrocketry/textures/gui/buttons/buttongeneric_hover.png,texture_gui,495,144,32,rgba_8bit,d1572dd924cd4bcacfb363f35be4a1a58e4a1d5e41d6f4f42d4beea6e2d837b4,UPSTREAM_AR_MIT,c5cd5af62fc07cd4e0d24f06a16033f181c47c04,,,,INVENTORIED,
src/main/resources/assets/advancedrocketry/textures/gui/buttons/buttonredstoneinverted.png,texture_gui,442,24,24,rgba_8bit,539bf7906d7771ef3026372dada4b24fbc4e67ad5c07c0929c41617fb9b5bc2f,UPSTREAM_AR_MIT,c5cd5af62fc07cd4e0d24f06a16033f181c47c04,,,,INVENTORIED,
src/main/resources/assets/advancedrocketry/textures/gui/buttons/copy.png,texture_gui,269,24,24,rgba_8bit,8c81936c66bc7189c03da6b16887c3b4dffad3a445035a3464f51ca9de3637e1,UPSTREAM_AR_MIT,c5cd5af62fc07cd4e0d24f06a16033f181c47c04,,,,INVENTORIED,
src/main/resources/assets/advancedrocketry/textures/gui/buttons/copy_hover.png,texture_gui,282,24,24,rgba_8bit,c1ae695286d01271e19b291e57f827cce6e39ab6f84b217578350f0ad6dd6e7b,UPSTREAM_AR_MIT,c5cd5af62fc07cd4e0d24f06a16033f181c47c04,,,,INVENTORIED,
src/main/resources/assets/advancedrocketry/textures/gui/buttons/kill.png,texture_gui,341,24,24,rgba_8bit,b1c5ffcb77a9fcefa9133be62e311c5cbb835340523e9f30394fa0ce2a4dac70,UPSTREAM_AR_MIT,c5cd5af62fc07cd4e0d24f06a16033f181c47c04,,,,INVENTORIED,
src/main/resources/assets/advancedrocketry/textures/gui/buttons/kill_hover.png,texture_gui,370,24,24,rgba_8bit,b3ca8f09ae2a56f4c28955567281021a5666131e158899b5d4e648067826d07f,UPSTREAM_AR_MIT,c5cd5af62fc07cd4e0d24f06a16033f181c47c04,,,,INVENTORIED,
src/main/resources/assets/advancedrocketry/textures/gui/buttons/tabasteroid.png,texture_gui,367,24,24,rgba_8bit,eb73b0d1651f7381779da48ef95984e40d98ad4b081c20d3c7330233498e4f52,UPSTREAM_AR_MIT,c5cd5af62fc07cd4e0d24f06a16033f181c47c04,,,,INVENTORIED,
src/main/resources/assets/advancedrocketry/textures/gui/buttons/tabasteroid_hover.png,texture_gui,371,24,24,rgba_8bit,a4fa3730555fbf77718c3fd64d211d2f0f1cfa94dfa438867e8fd5e397359d00,UPSTREAM_AR_MIT,c5cd5af62fc07cd4e0d24f06a16033f181c47c04,,,,INVENTORIED,
src/main/resources/assets/advancedrocketry/textures/gui/buttons/tabdata.png,texture_gui,275,24,24,rgba_8bit,fa4dbafc139c1bb29e09460e82485614042c88b4a080ea6ae10566603d4b8431,UPSTREAM_AR_MIT,c5cd5af62fc07cd4e0d24f06a16033f181c47c04,,,,INVENTORIED,
src/main/resources/assets/advancedrocketry/textures/gui/buttons/tabdata_hover.png,texture_gui,285,24,24,rgba_8bit,ca38c3377f3355c543e2f06d1ac892168ab0a6f6361c5d7c310ed65b022f909c,UPSTREAM_AR_MIT,c5cd5af62fc07cd4e0d24f06a16033f181c47c04,,,,INVENTORIED,
src/main/resources/assets/advancedrocketry/textures/gui/buttons/tabguidance.png,texture_gui,1330,24,24,rgba_8bit,7d80ef35a7f6115e7662172548b568ee1f0a8780a11a05c73f3dc88078dd4e3c,UPSTREAM_AR_MIT,c5cd5af62fc07cd4e0d24f06a16033f181c47c04,,,,INVENTORIED,
src/main/resources/assets/advancedrocketry/textures/gui/buttons/tabguidance_hover.png,texture_gui,1404,24,24,rgba_8bit,6d4b9503f33afd391f40e7b5f4c22a25ba9f7e22a8b6b794cf542996033047c1,UPSTREAM_AR_MIT,c5cd5af62fc07cd4e0d24f06a16033f181c47c04,,,,INVENTORIED,
src/main/resources/assets/advancedrocketry/textures/gui/buttons/tabplanet.png,texture_gui,460,24,24,rgba_8bit,0aff01d6c190e70c2ac712c04a9f89c011519cab9c260389d9fac0b0f50523d6,UPSTREAM_AR_MIT,c5cd5af62fc07cd4e0d24f06a16033f181c47c04,,,,INVENTORIED,
src/main/resources/assets/advancedrocketry/textures/gui/buttons/tabplanet_hover.png,texture_gui,474,24,24,rgba_8bit,991d7b0212fc3dccc40776aebf7ea79550edb9e2b925d0c25f5adc0c63cdb23b,UPSTREAM_AR_MIT,c5cd5af62fc07cd4e0d24f06a16033f181c47c04,,,,INVENTORIED,
src/main/resources/assets/advancedrocketry/textures/gui/buttons/tabtemplate.png,texture_gui,211,24,24,rgba_8bit,a224424b67d3be93bf40c5431a13ff58137f2dc29a0835e31432f515b467e29e,UPSTREAM_AR_MIT,c5cd5af62fc07cd4e0d24f06a16033f181c47c04,,,,INVENTORIED,
src/main/resources/assets/advancedrocketry/textures/gui/buttons/tabwarp.png,texture_gui,593,24,24,rgba_8bit,80523778f556ea8971b1e339690bb00fc9c86554e501d4baec5d4c187604b4d0,UPSTREAM_AR_MIT,c5cd5af62fc07cd4e0d24f06a16033f181c47c04,,,,INVENTORIED,
src/main/resources/assets/advancedrocketry/textures/gui/buttons/tabwarp_hover.png,texture_gui,637,24,24,rgba_8bit,8c2f7575e84c4fcadd763a9679063e31edf80ea17c36f99e279d14f3ba6c89cd,UPSTREAM_AR_MIT,c5cd5af62fc07cd4e0d24f06a16033f181c47c04,,,,INVENTORIED,
src/main/resources/assets/advancedrocketry/textures/gui/containerprogrammer.png,texture_gui,2446,256,256,rgba_8bit,513f08c55ac9d610be8eeda70c6b62ac02d4ed12fc47d0026e4b45b2200477de,UPSTREAM_AR_MIT,c5cd5af62fc07cd4e0d24f06a16033f181c47c04,,,,INVENTORIED,
src/main/resources/assets/advancedrocketry/textures/gui/crystallizer.png,texture_gui,4711,256,256,rgba_8bit,5ee2e4f31c6518080d03f8c587c7bc12bd5b990d48116b1b15622cbd1483f738,UPSTREAM_AR_MIT,c5cd5af62fc07cd4e0d24f06a16033f181c47c04,,,,INVENTORIED,
src/main/resources/assets/advancedrocketry/textures/gui/cuttingmachine.png,texture_gui,6278,256,256,rgba_8bit,da5882feaf7535e0323f130b770cb23320d58bcfd471072b6214d2b48587cbdf,UPSTREAM_AR_MIT,c5cd5af62fc07cd4e0d24f06a16033f181c47c04,,,,INVENTORIED,
src/main/resources/assets/advancedrocketry/textures/gui/eyecandy/earth.png,texture_gui,18281,256,256,rgba_8bit,2ffdd78c2fd5c0529039effb08c0c0ec2f6911b0988d4ba21f6f7050acd3466d,UPSTREAM_AR_MIT,c5cd5af62fc07cd4e0d24f06a16033f181c47c04,,,,INVENTORIED,
src/main/resources/assets/advancedrocketry/textures/gui/eyecandy/spinnything.png,texture_gui,2326,64,64,rgba_8bit,f421b458291609a55336b8331b9634fb95b9ee303235c2c129338eb54135e6e8,UPSTREAM_AR_MIT,c5cd5af62fc07cd4e0d24f06a16033f181c47c04,,,,INVENTORIED,
src/main/resources/assets/advancedrocketry/textures/gui/framebg.png,texture_gui,296,32,20,rgba_8bit,ee343c1e64025c0aa5a6388e2306be9155e54d191eb4ab1c1aa295b3da4a6acf,UPSTREAM_AR_MIT,c5cd5af62fc07cd4e0d24f06a16033f181c47c04,,,,INVENTORIED,
src/main/resources/assets/advancedrocketry/textures/gui/genericneibackground.png,texture_gui,5371,256,256,rgba_8bit,dc564c8509f53015fff2d9c85b3505b549337cb1b67a27060e82ebaa5733d83f,UPSTREAM_AR_MIT,c5cd5af62fc07cd4e0d24f06a16033f181c47c04,,,,INVENTORIED,
src/main/resources/assets/advancedrocketry/textures/gui/genericstation.png,texture_gui,239806,466,466,rgba_8bit,868a557574b14422c7a2fe68983b2649c0b0cd8c735c961c64084e268f23a75c,UPSTREAM_AR_MIT,c5cd5af62fc07cd4e0d24f06a16033f181c47c04,,,,INVENTORIED,
src/main/resources/assets/advancedrocketry/textures/gui/guibuttonbluefuture.png,texture_gui,293,64,20,rgba_8bit,a358a037b68f9158fec4377e05c21c46f7533474ca88151fc66f65767834f391,UPSTREAM_AR_MIT,c5cd5af62fc07cd4e0d24f06a16033f181c47c04,,,,INVENTORIED,
src/main/resources/assets/advancedrocketry/textures/gui/guibuttonbluefuture_hover.png,texture_gui,285,64,20,rgba_8bit,06753122a7128f01641b9ac1bd57aca475485462b3abfe947cf946a195f3f408,UPSTREAM_AR_MIT,c5cd5af62fc07cd4e0d24f06a16033f181c47c04,,,,INVENTORIED,
src/main/resources/assets/advancedrocketry/textures/gui/jetpack.png,texture_gui,312,16,16,rgba_8bit,85c191aeb0dd8e56fc78b128b97268dd0ab691a5586d0ce593483114df58b42a,UPSTREAM_AR_MIT,c5cd5af62fc07cd4e0d24f06a16033f181c47c04,,,,INVENTORIED,
src/main/resources/assets/advancedrocketry/textures/gui/jetpackdisabled.png,texture_gui,311,16,16,rgba_8bit,6696420ec9058e8a45c3dde7e7364f4fb78f9c37bb7ed6a0e12e72b2e7c54d73,UPSTREAM_AR_MIT,c5cd5af62fc07cd4e0d24f06a16033f181c47c04,,,,INVENTORIED,
src/main/resources/assets/advancedrocketry/textures/gui/jetpackhover.png,texture_gui,340,16,16,rgba_8bit,ada99451a43432e09b47ed0fb37afdcb5f4932ab59c7d97089575251a6b64860,UPSTREAM_AR_MIT,c5cd5af62fc07cd4e0d24f06a16033f181c47c04,,,,INVENTORIED,
src/main/resources/assets/advancedrocketry/textures/gui/lasertile.png,texture_gui,4051,256,256,rgba_8bit,f8bf096ca9bbb76a8f96b0f6c7cb66b8bbe984ec4ce73f611a984a2759fade02,UPSTREAM_AR_MIT,c5cd5af62fc07cd4e0d24f06a16033f181c47c04,,,,INVENTORIED,
src/main/resources/assets/advancedrocketry/textures/gui/planetuioverlay.png,texture_gui,8641,64,64,rgba_8bit,b7ca9d90c800070125858ef5a33045b8cbe4af7682d6c23c72263660a6e092c0,UPSTREAM_AR_MIT,c5cd5af62fc07cd4e0d24f06a16033f181c47c04,,,,INVENTORIED,
src/main/resources/assets/advancedrocketry/textures/gui/planetuioverlayfg.png,texture_gui,3394,64,64,rgba_8bit,b9d850de2fbfd49ff8cdd0267f3aac60e6cc19e88cdc5de84131b24570e17579,UPSTREAM_AR_MIT,c5cd5af62fc07cd4e0d24f06a16033f181c47c04,,,,INVENTORIED,
src/main/resources/assets/advancedrocketry/textures/gui/precisionassembler.png,texture_gui,5212,256,256,rgba_8bit,a390f8ca506671d4acd3a93899bbe8627684f53bbdde255bdbfcf8a8240779ed,UPSTREAM_AR_MIT,c5cd5af62fc07cd4e0d24f06a16033f181c47c04,,,,INVENTORIED,
src/main/resources/assets/advancedrocketry/textures/gui/progressbars/planetselectorbars.png,texture_gui,5808,256,256,rgba_8bit,a1198962d674e4a99090e86ad720eb57aca058bc23e2e9ad61d63804fc9efae8,UPSTREAM_AR_MIT,c5cd5af62fc07cd4e0d24f06a16033f181c47c04,,,,INVENTORIED,
src/main/resources/assets/advancedrocketry/textures/gui/progressbars/progressbars.png,texture_gui,16839,256,256,rgba_8bit,fa6be7aa4def543ded6b399318d872418da4f3c4be92f1e55e99015c06453fa6,UPSTREAM_AR_MIT,c5cd5af62fc07cd4e0d24f06a16033f181c47c04,,,,INVENTORIED,
src/main/resources/assets/advancedrocketry/textures/gui/recticle.png,texture_gui,241,16,16,rgba_8bit,533cc0f1cfaef1001ce238c7e506ce84b4c41b668815ef3a3afd320b8c5d818f,UPSTREAM_AR_MIT,c5cd5af62fc07cd4e0d24f06a16033f181c47c04,,,,INVENTORIED,
src/main/resources/assets/advancedrocketry/textures/gui/rocketbuilder.png,texture_gui,4321,256,256,rgba_8bit,31f6dbc4e610a5ab069e4bfd124d635e8c34c3c6d1a20f04744e7fb46c3e2c81,UPSTREAM_AR_MIT,c5cd5af62fc07cd4e0d24f06a16033f181c47c04,,,,INVENTORIED,
src/main/resources/assets/advancedrocketry/textures/gui/rockethud.png,texture_gui,8078,256,256,rgba_8bit,c547a7eb6bddb4ddf8e562d15d854ce602c0ee070ebf2f19b2d3e6c10cd3a745,UPSTREAM_AR_MIT,c5cd5af62fc07cd4e0d24f06a16033f181c47c04,,,,INVENTORIED,
src/main/resources/assets/advancedrocketry/textures/gui/selection.png,texture_gui,6991,128,128,rgba_8bit,d700e35307afee0e10a398bd0aa47ee0e7b22237e255d21c06315d2cf91c47af,UPSTREAM_AR_MIT,c5cd5af62fc07cd4e0d24f06a16033f181c47c04,,,,INVENTORIED,
src/main/resources/assets/advancedrocketry/textures/gui/space_boots.png,texture_gui,267,16,16,rgba_8bit,cbff8bdb4603171226ce9221e46b9676fcae32ecf668d42e6a328efabc74efd3,UPSTREAM_AR_MIT,c5cd5af62fc07cd4e0d24f06a16033f181c47c04,,,,INVENTORIED,
src/main/resources/assets/advancedrocketry/textures/gui/space_chestplate.png,texture_gui,284,16,16,rgba_8bit,47a10dda549d85c1c1b4dadcf3d6d7d044e4b70cde005817b43fa9adc2765b73,UPSTREAM_AR_MIT,c5cd5af62fc07cd4e0d24f06a16033f181c47c04,,,,INVENTORIED,
src/main/resources/assets/advancedrocketry/textures/gui/space_helmet.png,texture_gui,287,16,16,rgba_8bit,9bf5f5de669c1fd1dbc30ad5e7dfb93a8bee58f63a7450c5dad0e5cbe7b82273,UPSTREAM_AR_MIT,c5cd5af62fc07cd4e0d24f06a16033f181c47c04,,,,INVENTORIED,
src/main/resources/assets/advancedrocketry/textures/gui/space_leggings.png,texture_gui,236,16,16,rgba_8bit,ce464cb221b36d7d82cf8734df5ece1cd77abebf523abed2ccb78fa267ddfb7a,UPSTREAM_AR_MIT,c5cd5af62fc07cd4e0d24f06a16033f181c47c04,,,,INVENTORIED,
src/main/resources/assets/advancedrocketry/textures/gui/starrybg.png,texture_gui,18689,320,280,rgba_8bit,7c3b7d1d976895487b9e0b2bb05c74ec9f540f584ace412639fe68701367d4bf,UPSTREAM_AR_MIT,c5cd5af62fc07cd4e0d24f06a16033f181c47c04,,,,INVENTORIED,
src/main/resources/assets/advancedrocketry/textures/gui/videosatallite.png,texture_gui,8274,256,256,rgba_8bit,993660c07cde4e7139a21a9f97b6c1f4f96ac3fb1143448ac8d4503f6618e711,UPSTREAM_AR_MIT,c5cd5af62fc07cd4e0d24f06a16033f181c47c04,,,,INVENTORIED,
src/main/resources/assets/advancedrocketry/textures/gui/warning.png,texture_gui,346,16,16,rgba_8bit,88c971a06bf2c4712e5640b834be1a82633e87e6372859d2c68a52882cc742f4,UPSTREAM_AR_MIT,c5cd5af62fc07cd4e0d24f06a16033f181c47c04,,,,INVENTORIED,
src/main/resources/assets/advancedrocketry/textures/items/advancedcircuit.png,texture_item,344,16,16,rgba_8bit,3b0a52abc227438a0e16b5ad999883829e453d63b3e00962d98e199244c9cb7a,UPSTREAM_AR_MIT,c5cd5af62fc07cd4e0d24f06a16033f181c47c04,,,,INVENTORIED,
src/main/resources/assets/advancedrocketry/textures/items/advancedcircuitplate.png,texture_item,719,16,16,rgba_8bit,5e9d8f533e5af035342985a767f491c81c31cc3daa0fc40c2062f0b62a7f6fd7,UPSTREAM_AR_MIT,c5cd5af62fc07cd4e0d24f06a16033f181c47c04,,,,INVENTORIED,
src/main/resources/assets/advancedrocketry/textures/items/advancedsolarpanel.png,texture_item,2257,16,16,rgba_8bit,0dde8b0f88304f6e96fb73ae56437ab74537130ce2ec7393ed40147ca72bfd48,UPSTREAM_AR_MIT,c5cd5af62fc07cd4e0d24f06a16033f181c47c04,,,,INVENTORIED,
src/main/resources/assets/advancedrocketry/textures/items/anthracene.png,texture_item,594,16,16,rgba_8bit,42c70cc70eead4cfafe0db8615d3b290e88fdb2d571e8983027069569d8ec0b2,UPSTREAM_AR_MIT,c5cd5af62fc07cd4e0d24f06a16033f181c47c04,,,,INVENTORIED,
src/main/resources/assets/advancedrocketry/textures/items/antifogvisor.png,texture_item,425,16,16,rgba_8bit,2eaaea45656663d6c2a1f7124d60d88b80f82664b922fb29670adbde442c06e2,UPSTREAM_AR_MIT,c5cd5af62fc07cd4e0d24f06a16033f181c47c04,,,,INVENTORIED,
src/main/resources/assets/advancedrocketry/textures/items/asteroididchip.png,texture_item,2152,16,16,rgba_8bit,0421069ca5883d0abae12bcdd15d7c97a5409a0d74cb78016ff01b5ef1a4ce9b,UPSTREAM_AR_MIT,c5cd5af62fc07cd4e0d24f06a16033f181c47c04,,,,INVENTORIED,
src/main/resources/assets/advancedrocketry/textures/items/atmanalyzer.png,texture_item,1710,16,16,rgba_8bit,d5f04ceff835ad42a8af8fb4581eb1bf0e46c3750c470dd04d292d7370270be4,UPSTREAM_AR_MIT,c5cd5af62fc07cd4e0d24f06a16033f181c47c04,,,,INVENTORIED,
src/main/resources/assets/advancedrocketry/textures/items/basiccircuit.png,texture_item,283,16,16,rgba_8bit,68ccf0a13ff55141a8c95ea81afbb6956f5f60db4348a012dd2544eefecfc10e,UPSTREAM_AR_MIT,c5cd5af62fc07cd4e0d24f06a16033f181c47c04,,,,INVENTORIED,
src/main/resources/assets/advancedrocketry/textures/items/basiccircuitplate.png,texture_item,707,16,16,rgba_8bit,36dfbe44ef4848e8692002dac4786d37570fc5515dbd12b4d1a76e76f9c97c95,UPSTREAM_AR_MIT,c5cd5af62fc07cd4e0d24f06a16033f181c47c04,,,,INVENTORIED,
src/main/resources/assets/advancedrocketry/textures/items/basiclasergun.png,texture_item,2431,64,64,rgba_8bit,bf4f99b9b44f4028c48f08e8a39eb424457c26b0ef174b936e4dde6e9de1d888,UPSTREAM_AR_MIT,c5cd5af62fc07cd4e0d24f06a16033f181c47c04,,,,INVENTORIED,
src/main/resources/assets/advancedrocketry/textures/items/basiclens.png,texture_item,417,16,16,rgba_8bit,863dbbc076b4daa770dc6b862db599908f9103f6838e4013a799f2d33e5cf3f1,UPSTREAM_AR_MIT,c5cd5af62fc07cd4e0d24f06a16033f181c47c04,,,,INVENTORIED,
src/main/resources/assets/advancedrocketry/textures/items/basicsolarpanel.png,texture_item,2210,16,16,rgba_8bit,2d44a65d2e0f81fbe8c2b4ae5401848f0448c6d59c6f44e364c3d39e128d3ec6,UPSTREAM_AR_MIT,c5cd5af62fc07cd4e0d24f06a16033f181c47c04,,,,INVENTORIED,
src/main/resources/assets/advancedrocketry/textures/items/beaconfinder.png,texture_item,430,16,16,rgba_8bit,a19f794dd32c3904c00f346bd248f8efb65de7d76b39da43e71c90c2edd628e7,UPSTREAM_AR_MIT,c5cd5af62fc07cd4e0d24f06a16033f181c47c04,,,,INVENTORIED,
src/main/resources/assets/advancedrocketry/textures/items/biomechanger.png,texture_item,1817,16,16,rgba_8bit,6789461fdd131880614b7a6d063f640b35ba2d13828d299a2f5383a7939efa10,UPSTREAM_AR_MIT,c5cd5af62fc07cd4e0d24f06a16033f181c47c04,,,,INVENTORIED,
src/main/resources/assets/advancedrocketry/textures/items/biomechangersat.png,texture_item,589,16,16,rgba_8bit,17078c0d4ebffa1d9098d4f2ded82a1765911db19894d885693955677a1c5cfb,UPSTREAM_AR_MIT,c5cd5af62fc07cd4e0d24f06a16033f181c47c04,,,,INVENTORIED,
src/main/resources/assets/advancedrocketry/textures/items/bioniclegs.png,texture_item,2017,16,16,rgba_8bit,90df3b82a637fc50b824219fd9e27fb1d18f510d4c8fbd61ab2212219602fb7b,UPSTREAM_AR_MIT,c5cd5af62fc07cd4e0d24f06a16033f181c47c04,,,,INVENTORIED,
src/main/resources/assets/advancedrocketry/textures/items/carbonbrick.png,texture_item,254,16,16,rgba_8bit,3f8756f460b1bda2d38c3077b68d7afc7ace6d352d0fd7d23f28911c4dfb9374,UPSTREAM_AR_MIT,c5cd5af62fc07cd4e0d24f06a16033f181c47c04,,,,INVENTORIED,
src/main/resources/assets/advancedrocketry/textures/items/carbonscrubbercartrige.png,texture_item,229,16,16,rgba_8bit,9ac8d77c9598c33378f8f8d0fedf145b4e7bcd3a8b9d6a4fdaa745f303e59405,UPSTREAM_AR_MIT,c5cd5af62fc07cd4e0d24f06a16033f181c47c04,,,,INVENTORIED,
src/main/resources/assets/advancedrocketry/textures/items/compositionsensor.png,texture_item,595,16,16,rgba_8bit,485f2d326ddca902fdcb7032d586d2f78bba5de060dd66a49b2de20764a1ec65,UPSTREAM_AR_MIT,c5cd5af62fc07cd4e0d24f06a16033f181c47c04,,,,INVENTORIED,
src/main/resources/assets/advancedrocketry/textures/items/controliocircuit.png,texture_item,575,16,16,rgba_8bit,18c8186acefdc8ee8c30e83db66071be725c38bacbe0b73865eae4c12fa2f72f,UPSTREAM_AR_MIT,c5cd5af62fc07cd4e0d24f06a16033f181c47c04,,,,INVENTORIED,
src/main/resources/assets/advancedrocketry/textures/items/datastorageunit.png,texture_item,2418,16,16,rgba_8bit,4a341ea614d7adb8b7cf1ac056575d83be0311be317516f04f97e80fd9651e22,UPSTREAM_AR_MIT,c5cd5af62fc07cd4e0d24f06a16033f181c47c04,,,,INVENTORIED,
src/main/resources/assets/advancedrocketry/textures/items/earthbrightvisor.png,texture_item,2391,16,16,rgba_8bit,b5d40920ce9226c91e6bb674039cc00132b0574a3a72d0a4b81d1c1ebbd0290d,UPSTREAM_AR_MIT,c5cd5af62fc07cd4e0d24f06a16033f181c47c04,,,,INVENTORIED,
src/main/resources/assets/advancedrocketry/textures/items/elevatorchip.png,texture_item,354,16,16,rgba_8bit,17c39c1ae305263b78ec22d4b6d1a6710d1e4bfa04e344acf8b7f0931eff4eb0,UPSTREAM_AR_MIT,c5cd5af62fc07cd4e0d24f06a16033f181c47c04,,,,INVENTORIED,
src/main/resources/assets/advancedrocketry/textures/items/flightspeedupgrade.png,texture_item,391,16,16,rgba_8bit,c27b90782251277302441eafa0e5c366896de9e7f0598fa8824c1e6d4dc6039f,UPSTREAM_AR_MIT,c5cd5af62fc07cd4e0d24f06a16033f181c47c04,,,,INVENTORIED,
src/main/resources/assets/advancedrocketry/textures/items/holoprojector.png,texture_item,391,16,16,rgba_8bit,23ac3b783d512c67e4c959826cd7853bfa41484095f78f250bb2699415545346,UPSTREAM_AR_MIT,c5cd5af62fc07cd4e0d24f06a16033f181c47c04,,,,INVENTORIED,
src/main/resources/assets/advancedrocketry/textures/items/hovercraft.png,texture_item,772,16,16,rgba_8bit,c81739c0f4cac92adb76a1fd0391451d63c782d1e0822cff6caaa4271e36ccf9,UPSTREAM_AR_MIT,c5cd5af62fc07cd4e0d24f06a16033f181c47c04,,,,INVENTORIED,
src/main/resources/assets/advancedrocketry/textures/items/hoverupgrade.png,texture_item,409,16,16,rgba_8bit,38bef72328c6c48b276c067abece4892e442a29be212bfb5d3ef66ac00f459b3,UPSTREAM_AR_MIT,c5cd5af62fc07cd4e0d24f06a16033f181c47c04,,,,INVENTORIED,
src/main/resources/assets/advancedrocketry/textures/items/itemiocircuit.png,texture_item,567,16,16,rgba_8bit,1a7145fd5609b4a7c7777a9800e522fcb7ba0933437bb77e5b8d83ff91b12a69,UPSTREAM_AR_MIT,c5cd5af62fc07cd4e0d24f06a16033f181c47c04,,,,INVENTORIED,
src/main/resources/assets/advancedrocketry/textures/items/jackhammer.png,texture_item,453,16,16,rgba_8bit,7ad17ef2b2bd7d17a6e4af0f6e52caf326cb28403d492d2abcb2a519846dc4bd,UPSTREAM_AR_MIT,c5cd5af62fc07cd4e0d24f06a16033f181c47c04,,,,INVENTORIED,
src/main/resources/assets/advancedrocketry/textures/items/jetpack.png,texture_item,435,16,16,rgba_8bit,7538742837d3ccdd784d9928bc502c1ee6eaa35339ee3d667d0c43aaf7fe4681,UPSTREAM_AR_MIT,c5cd5af62fc07cd4e0d24f06a16033f181c47c04,,,,INVENTORIED,
src/main/resources/assets/advancedrocketry/textures/items/landingboots.png,texture_item,1760,16,16,rgba_8bit,2f1806a72adf80f6b1032dfa56ada9d4aa25e74c68423bc17cffae4510f18223,UPSTREAM_AR_MIT,c5cd5af62fc07cd4e0d24f06a16033f181c47c04,,,,INVENTORIED,
src/main/resources/assets/advancedrocketry/textures/items/liquidiocircuit.png,texture_item,576,16,16,rgba_8bit,34900326422ae33bcf767c4205e2eb9aebac5e0810b9beb695299a551adf35dc,UPSTREAM_AR_MIT,c5cd5af62fc07cd4e0d24f06a16033f181c47c04,,,,INVENTORIED,
src/main/resources/assets/advancedrocketry/textures/items/massdetector.png,texture_item,427,16,16,rgba_8bit,187abd60ab99c6b066d8032c043f69e919de65ae414cc966307c4b0b6fd376af,UPSTREAM_AR_MIT,c5cd5af62fc07cd4e0d24f06a16033f181c47c04,,,,INVENTORIED,
src/main/resources/assets/advancedrocketry/textures/items/microwavetransmitter.png,texture_item,706,16,16,rgba_8bit,935869eebe9c61e4c5f6b635d24844b5df444f0c8a8994aeca6b4a8821a05b87,UPSTREAM_AR_MIT,c5cd5af62fc07cd4e0d24f06a16033f181c47c04,,,,INVENTORIED,
src/main/resources/assets/advancedrocketry/textures/items/opticalsensor.png,texture_item,442,16,16,rgba_8bit,8c5146f5694f28bc99e1e0acbc2993d694ddc0efc12737845373f3ecfafbda50,UPSTREAM_AR_MIT,c5cd5af62fc07cd4e0d24f06a16033f181c47c04,,,,INVENTORIED,
src/main/resources/assets/advancedrocketry/textures/items/oremapper.png,texture_item,531,16,16,rgba_8bit,23b9b5ddb27e95045162676e87ace3201bf140de62efff780a40ff395ff8aca4,UPSTREAM_AR_MIT,c5cd5af62fc07cd4e0d24f06a16033f181c47c04,,,,INVENTORIED,
src/main/resources/assets/advancedrocketry/textures/items/orescanner.png,texture_item,269,16,16,rgba_8bit,9b16e4b5070fda9d5c55cfb406695c65018f968c066846c6842bb42d2aec71f0,UPSTREAM_AR_MIT,c5cd5af62fc07cd4e0d24f06a16033f181c47c04,,,,INVENTORIED,
src/main/resources/assets/advancedrocketry/textures/items/planetidchip.png,texture_item,372,16,16,rgba_8bit,9ba7af1679febf95f13775fd27ff4b9e478babd992433e3893b064e5b0b1a29e,UPSTREAM_AR_MIT,c5cd5af62fc07cd4e0d24f06a16033f181c47c04,,,,INVENTORIED,
src/main/resources/assets/advancedrocketry/textures/items/pressuretank0.png,texture_item,2316,16,16,rgba_8bit,e96889fbdc01a33bf5a66cbe7f8d6827e4ab4f78b8f0f2e3485ef2de16a4f22b,UPSTREAM_AR_MIT,c5cd5af62fc07cd4e0d24f06a16033f181c47c04,,,,INVENTORIED,
src/main/resources/assets/advancedrocketry/textures/items/pressuretank1.png,texture_item,2299,16,16,rgba_8bit,41aba3582ad64108ef1ce8537c48d8bb5bb8309eb448085bf30cf11102e81a96,UPSTREAM_AR_MIT,c5cd5af62fc07cd4e0d24f06a16033f181c47c04,,,,INVENTORIED,
src/main/resources/assets/advancedrocketry/textures/items/pressuretank2.png,texture_item,2467,16,16,rgba_8bit,94bd41a30b07f67166b3c637539ff77ec47c7bf2635b6fe07e675c64c5f9e585,UPSTREAM_AR_MIT,c5cd5af62fc07cd4e0d24f06a16033f181c47c04,,,,INVENTORIED,
src/main/resources/assets/advancedrocketry/textures/items/pressuretank3.png,texture_item,2453,16,16,rgba_8bit,e799e994113f943677ff8165c8572f27d7cfedd06e6c845c9776cd23a534d02e,UPSTREAM_AR_MIT,c5cd5af62fc07cd4e0d24f06a16033f181c47c04,,,,INVENTORIED,
src/main/resources/assets/advancedrocketry/textures/items/qcrucible.png,texture_item,575,16,16,rgba_8bit,a67403ce6d5dffc5231a300b797eaf7dd4a237243c190723b12da4ebcee28d50,UPSTREAM_AR_MIT,c5cd5af62fc07cd4e0d24f06a16033f181c47c04,,,,INVENTORIED,
src/main/resources/assets/advancedrocketry/textures/items/satellite.png,texture_item,643,16,16,rgba_8bit,8506ef216d7f62b7f949462ba0f85011b998cfbf89e27986fbccccea25692e47,UPSTREAM_AR_MIT,c5cd5af62fc07cd4e0d24f06a16033f181c47c04,,,,INVENTORIED,
src/main/resources/assets/advancedrocketry/textures/items/satelliteidchip.png,texture_item,358,16,16,rgba_8bit,db8baf7f5c71b90168f5e2e638368b90951e19821f8a4d11046fd95e3038c930,UPSTREAM_AR_MIT,c5cd5af62fc07cd4e0d24f06a16033f181c47c04,,,,INVENTORIED,
src/main/resources/assets/advancedrocketry/textures/items/satellitepowersource0.png,texture_item,2210,16,16,rgba_8bit,2d44a65d2e0f81fbe8c2b4ae5401848f0448c6d59c6f44e364c3d39e128d3ec6,UPSTREAM_AR_MIT,c5cd5af62fc07cd4e0d24f06a16033f181c47c04,,,,INVENTORIED,
src/main/resources/assets/advancedrocketry/textures/items/satellitepowersource1.png,texture_item,2257,16,16,rgba_8bit,0dde8b0f88304f6e96fb73ae56437ab74537130ce2ec7393ed40147ca72bfd48,UPSTREAM_AR_MIT,c5cd5af62fc07cd4e0d24f06a16033f181c47c04,,,,INVENTORIED,
src/main/resources/assets/advancedrocketry/textures/items/satelliteprimaryfunction0.png,texture_item,442,16,16,rgba_8bit,8c5146f5694f28bc99e1e0acbc2993d694ddc0efc12737845373f3ecfafbda50,UPSTREAM_AR_MIT,c5cd5af62fc07cd4e0d24f06a16033f181c47c04,,,,INVENTORIED,
src/main/resources/assets/advancedrocketry/textures/items/satelliteprimaryfunction1.png,texture_item,595,16,16,rgba_8bit,485f2d326ddca902fdcb7032d586d2f78bba5de060dd66a49b2de20764a1ec65,UPSTREAM_AR_MIT,c5cd5af62fc07cd4e0d24f06a16033f181c47c04,,,,INVENTORIED,
src/main/resources/assets/advancedrocketry/textures/items/satelliteprimaryfunction2.png,texture_item,427,16,16,rgba_8bit,187abd60ab99c6b066d8032c043f69e919de65ae414cc966307c4b0b6fd376af,UPSTREAM_AR_MIT,c5cd5af62fc07cd4e0d24f06a16033f181c47c04,,,,INVENTORIED,
src/main/resources/assets/advancedrocketry/textures/items/satelliteprimaryfunction3.png,texture_item,706,16,16,rgba_8bit,935869eebe9c61e4c5f6b635d24844b5df444f0c8a8994aeca6b4a8821a05b87,UPSTREAM_AR_MIT,c5cd5af62fc07cd4e0d24f06a16033f181c47c04,,,,INVENTORIED,
src/main/resources/assets/advancedrocketry/textures/items/satelliteprimaryfunction4.png,texture_item,531,16,16,rgba_8bit,23b9b5ddb27e95045162676e87ace3201bf140de62efff780a40ff395ff8aca4,UPSTREAM_AR_MIT,c5cd5af62fc07cd4e0d24f06a16033f181c47c04,,,,INVENTORIED,
src/main/resources/assets/advancedrocketry/textures/items/satelliteprimaryfunction5.png,texture_item,589,16,16,rgba_8bit,17078c0d4ebffa1d9098d4f2ded82a1765911db19894d885693955677a1c5cfb,UPSTREAM_AR_MIT,c5cd5af62fc07cd4e0d24f06a16033f181c47c04,,,,INVENTORIED,
src/main/resources/assets/advancedrocketry/textures/items/sawbladeassembly.png,texture_item,1809,32,32,rgba_8bit,ae2dc9225d8704f946d3a6900269fb9750e8a92c8bed86d51240880c3041e9f0,UPSTREAM_AR_MIT,c5cd5af62fc07cd4e0d24f06a16033f181c47c04,,,,INVENTORIED,
src/main/resources/assets/advancedrocketry/textures/items/sawbladeiron.png,texture_item,2214,16,16,rgba_8bit,7d905b07ed70b77f319b633c45194af7840bf778c610b88024f3192eb32594a7,UPSTREAM_AR_MIT,c5cd5af62fc07cd4e0d24f06a16033f181c47c04,,,,INVENTORIED,
src/main/resources/assets/advancedrocketry/textures/items/sealdetector.png,texture_item,269,16,16,rgba_8bit,9b16e4b5070fda9d5c55cfb406695c65018f968c066846c6842bb42d2aec71f0,UPSTREAM_AR_MIT,c5cd5af62fc07cd4e0d24f06a16033f181c47c04,,,,INVENTORIED,
src/main/resources/assets/advancedrocketry/textures/items/siliconwafer.png,texture_item,725,16,16,rgba_8bit,cb2a7cb7292cb399af37138918b8104baf62049d985dcd21448ab580c8034b8d,UPSTREAM_AR_MIT,c5cd5af62fc07cd4e0d24f06a16033f181c47c04,,,,INVENTORIED,
src/main/resources/assets/advancedrocketry/textures/items/smallairlock.png,texture_item,266,16,16,rgba_8bit,f6140eccecfaac2f1e74e994353b0acc0c07a387723d677bc495e854647e6a3c,UPSTREAM_AR_MIT,c5cd5af62fc07cd4e0d24f06a16033f181c47c04,,,,INVENTORIED,
src/main/resources/assets/advancedrocketry/textures/items/space_boots.png,texture_item,294,16,16,rgba_8bit,79ce28db42f00c86f90f99140ac3be60168ed0fcaf69452445e1dad6bb1bb5f6,UPSTREAM_AR_MIT,c5cd5af62fc07cd4e0d24f06a16033f181c47c04,,,,INVENTORIED,
src/main/resources/assets/advancedrocketry/textures/items/space_chestplate.png,texture_item,370,16,16,rgba_8bit,a84114f2315e4bc70cc04092f0834f113ce8016bea3b1c30b23068c76d46572c,UPSTREAM_AR_MIT,c5cd5af62fc07cd4e0d24f06a16033f181c47c04,,,,INVENTORIED,
src/main/resources/assets/advancedrocketry/textures/items/space_helmet.png,texture_item,241,16,16,rgba_8bit,f8ce529cabdb51633b4d296e0fb7eb4fa9ae456bc3a1187f749ed2878a2e3120,UPSTREAM_AR_MIT,c5cd5af62fc07cd4e0d24f06a16033f181c47c04,,,,INVENTORIED,
src/main/resources/assets/advancedrocketry/textures/items/space_leggings.png,texture_item,179,16,16,rgba_8bit,b19fff9388c6e127d72a3b8a95d91bfb805d20a60503ef1ee046f126800cffb5,UPSTREAM_AR_MIT,c5cd5af62fc07cd4e0d24f06a16033f181c47c04,,,,INVENTORIED,
src/main/resources/assets/advancedrocketry/textures/items/spaceboots.png,texture_item,294,16,16,rgba_8bit,79ce28db42f00c86f90f99140ac3be60168ed0fcaf69452445e1dad6bb1bb5f6,UPSTREAM_AR_MIT,c5cd5af62fc07cd4e0d24f06a16033f181c47c04,,,,INVENTORIED,
src/main/resources/assets/advancedrocketry/textures/items/spaceboots_overlay.png,texture_item,327,16,16,rgba_8bit,8a4c62941843cd40a57cbded184ccc1e6eeafb0e6c3cca73abe61cd513a189a5,UPSTREAM_AR_MIT,c5cd5af62fc07cd4e0d24f06a16033f181c47c04,,,,INVENTORIED,
src/main/resources/assets/advancedrocketry/textures/items/spacechestplate.png,texture_item,370,16,16,rgba_8bit,a84114f2315e4bc70cc04092f0834f113ce8016bea3b1c30b23068c76d46572c,UPSTREAM_AR_MIT,c5cd5af62fc07cd4e0d24f06a16033f181c47c04,,,,INVENTORIED,
src/main/resources/assets/advancedrocketry/textures/items/spacechestplate_overlay.png,texture_item,374,16,16,rgba_8bit,2c56f35586d4f8e87d2d8768b6985466e7c7df6a1f487ceb7840170b8e08e800,UPSTREAM_AR_MIT,c5cd5af62fc07cd4e0d24f06a16033f181c47c04,,,,INVENTORIED,
src/main/resources/assets/advancedrocketry/textures/items/spacehelmet.png,texture_item,241,16,16,rgba_8bit,f8ce529cabdb51633b4d296e0fb7eb4fa9ae456bc3a1187f749ed2878a2e3120,UPSTREAM_AR_MIT,c5cd5af62fc07cd4e0d24f06a16033f181c47c04,,,,INVENTORIED,
src/main/resources/assets/advancedrocketry/textures/items/spacehelmet_overlay.png,texture_item,305,16,16,rgba_8bit,51ae33ded2c3cc1d5ca117b1f6940b42d7bfb5bebc9f415c8f310ccf948d669e,UPSTREAM_AR_MIT,c5cd5af62fc07cd4e0d24f06a16033f181c47c04,,,,INVENTORIED,
src/main/resources/assets/advancedrocketry/textures/items/spaceleggings.png,texture_item,179,16,16,rgba_8bit,b19fff9388c6e127d72a3b8a95d91bfb805d20a60503ef1ee046f126800cffb5,UPSTREAM_AR_MIT,c5cd5af62fc07cd4e0d24f06a16033f181c47c04,,,,INVENTORIED,
src/main/resources/assets/advancedrocketry/textures/items/spacestationcontainer.png,texture_item,216,16,16,rgba_8bit,a3127928a32d5bdb90f548f831ed509cb640a9134d62c3342559f8597ab96382,UPSTREAM_AR_MIT,c5cd5af62fc07cd4e0d24f06a16033f181c47c04,,,,INVENTORIED,
src/main/resources/assets/advancedrocketry/textures/items/stationidchip.png,texture_item,229,16,16,rgba_8bit,536abef70d148e7ac3e6d951702d03b6b91059d3e8a8fd5deca96f9431b0a0a6,UPSTREAM_AR_MIT,c5cd5af62fc07cd4e0d24f06a16033f181c47c04,,,,INVENTORIED,
src/main/resources/assets/advancedrocketry/textures/items/thermite.png,texture_item,773,16,16,rgba_8bit,a2c797788a41f1ccd6640e8757f43de7334a5b81faec6c3213634ccf3cabe8f0,UPSTREAM_AR_MIT,c5cd5af62fc07cd4e0d24f06a16033f181c47c04,,,,INVENTORIED,
src/main/resources/assets/advancedrocketry/textures/items/trackingcircuit.png,texture_item,332,16,16,rgba_8bit,6eda370b2efb8eca718348b54ce5b3e035ffdf69a91d76e95ac7674fc773b0fd,UPSTREAM_AR_MIT,c5cd5af62fc07cd4e0d24f06a16033f181c47c04,,,,INVENTORIED,
src/main/resources/assets/advancedrocketry/textures/items/userinterface.png,texture_item,168,16,16,rgba_8bit,da935e04cf7f31a3df871b12a51e03ec73cf46a7536244e54a48c326621bf546,UPSTREAM_AR_MIT,c5cd5af62fc07cd4e0d24f06a16033f181c47c04,,,,INVENTORIED,
src/main/resources/assets/advancedrocketry/textures/models/advbipropellantcombustion.png,texture_other,4537,32,32,rgba_8bit,ad38041b747f79783ef5e2a881d9f3f5cd50be2322b701ff3e43b5155a2b5c63,UPSTREAM_AR_MIT,c5cd5af62fc07cd4e0d24f06a16033f181c47c04,,,,INVENTORIED,
src/main/resources/assets/advancedrocketry/textures/models/advcombustion.png,texture_other,4745,32,32,rgba_8bit,a676b3a77ca3bafe08437d188af49f4a5e6813a67f34e637b4dacddfd012167f,UPSTREAM_AR_MIT,c5cd5af62fc07cd4e0d24f06a16033f181c47c04,,,,INVENTORIED,
src/main/resources/assets/advancedrocketry/textures/models/areagravitycontroller.png,texture_other,18721,128,64,rgba_8bit,389e7e70ef5f454bb9bc1855f4304d31e0a2fde3da32e292af7dfbb066c8221e,UPSTREAM_AR_MIT,c5cd5af62fc07cd4e0d24f06a16033f181c47c04,,,,INVENTORIED,
src/main/resources/assets/advancedrocketry/textures/models/astrobodydataprocessor.png,texture_other,19892,128,64,rgba_8bit,2d4a1c3da6902f2053ebde142393fc9a4196d6d5fe258d1f61f44c11427e13e8,UPSTREAM_AR_MIT,c5cd5af62fc07cd4e0d24f06a16033f181c47c04,,,,INVENTORIED,
src/main/resources/assets/advancedrocketry/textures/models/basiclasergun.png,texture_other,247651,256,256,rgba_16bit,4395dea9f7cfe09d466cb957aca7d6787ae97e8174d9c5bd4455b24313b709ad,UPSTREAM_AR_MIT,c5cd5af62fc07cd4e0d24f06a16033f181c47c04,,,,INVENTORIED,
src/main/resources/assets/advancedrocketry/textures/models/beacon.png,texture_other,16939,128,64,rgba_8bit,70ba37771e7f0c5ff2a009b6f2ea875a52c3f71de7abb63268aded87b11c4ed1,UPSTREAM_AR_MIT,c5cd5af62fc07cd4e0d24f06a16033f181c47c04,,,,INVENTORIED,
src/main/resources/assets/advancedrocketry/textures/models/biomescanner.png,texture_other,58387,256,256,rgba_8bit,716007c723ccdd691b38e177aab1f63a35a4b28f19bbc42cf46e2c266a89aae7,UPSTREAM_AR_MIT,c5cd5af62fc07cd4e0d24f06a16033f181c47c04,,,,INVENTORIED,
src/main/resources/assets/advancedrocketry/textures/models/bipropellantcombustion.png,texture_other,4537,32,32,rgba_8bit,ad38041b747f79783ef5e2a881d9f3f5cd50be2322b701ff3e43b5155a2b5c63,UPSTREAM_AR_MIT,c5cd5af62fc07cd4e0d24f06a16033f181c47c04,,,,INVENTORIED,
src/main/resources/assets/advancedrocketry/textures/models/blackholegenerator.png,texture_other,21163,128,64,rgba_8bit,e414c53688d68ef724b117db2014d9839e27ca4241b7e1ef4f3c1c6224a2d448,UPSTREAM_AR_MIT,c5cd5af62fc07cd4e0d24f06a16033f181c47c04,,,,INVENTORIED,
src/main/resources/assets/advancedrocketry/textures/models/centrifuge.png,texture_other,19678,128,128,rgba_8bit,a817f3b557a0d0816b73a6465d538d0773f4ebff3825f597f90a1a59fc5c117f,UPSTREAM_AR_MIT,c5cd5af62fc07cd4e0d24f06a16033f181c47c04,,,,INVENTORIED,
src/main/resources/assets/advancedrocketry/textures/models/chemicalreactor.png,texture_other,20660,128,64,rgba_8bit,57dfbad3664234fecba33014bc7f487d088072c0699a4a985f4eaef0a2ab333c,UPSTREAM_AR_MIT,c5cd5af62fc07cd4e0d24f06a16033f181c47c04,,,,INVENTORIED,
src/main/resources/assets/advancedrocketry/textures/models/combustion.png,texture_other,4745,32,32,rgba_8bit,a676b3a77ca3bafe08437d188af49f4a5e6813a67f34e637b4dacddfd012167f,UPSTREAM_AR_MIT,c5cd5af62fc07cd4e0d24f06a16033f181c47c04,,,,INVENTORIED,
src/main/resources/assets/advancedrocketry/textures/models/crystalliser.png,texture_other,20352,128,64,rgba_8bit,6a467f4d54b1b4a533349d52f380a0069ee1505cb00c22ece3f7b82a910a7b8d,UPSTREAM_AR_MIT,c5cd5af62fc07cd4e0d24f06a16033f181c47c04,,,,INVENTORIED,
src/main/resources/assets/advancedrocketry/textures/models/cuttingmachine.png,texture_other,19784,128,64,rgba_8bit,87ad3a50397ce233138eb8f023ee54edd1b32f005431668b32465e663513eb31,UPSTREAM_AR_MIT,c5cd5af62fc07cd4e0d24f06a16033f181c47c04,,,,INVENTORIED,
src/main/resources/assets/advancedrocketry/textures/models/cuttingmachine2.png,texture_other,2736,64,64,rgba_8bit,6d1ae75adb72e808ee83d04e253827f3110c73b950e5d6f8ee92e1156a5ddcb7,UPSTREAM_AR_MIT,c5cd5af62fc07cd4e0d24f06a16033f181c47c04,,,,INVENTORIED,
src/main/resources/assets/advancedrocketry/textures/models/diamondmetal.png,texture_other,2301,32,32,rgba_8bit,cc5c6abf0831a4f1b55a030e263a111fa6c0c1a29e58862255592e3f588af98b,UPSTREAM_AR_MIT,c5cd5af62fc07cd4e0d24f06a16033f181c47c04,,,,INVENTORIED,
src/main/resources/assets/advancedrocketry/textures/models/distillationtower.png,texture_other,466,128,120,rgb_8bit,49816e78e66fc276abead7dca15e02b2b2f52551a25c6107ebd421ade9a21a04,UPSTREAM_AR_MIT,c5cd5af62fc07cd4e0d24f06a16033f181c47c04,,,,INVENTORIED,
src/main/resources/assets/advancedrocketry/textures/models/drill.png,texture_other,43634,256,256,rgb_8bit,27a21c9a129d969129e6421344bd724dfe74c3681aa2e86b447030227bb033d3,UPSTREAM_AR_MIT,c5cd5af62fc07cd4e0d24f06a16033f181c47c04,,,,INVENTORIED,
src/main/resources/assets/advancedrocketry/textures/models/electrolyser.png,texture_other,20437,128,64,rgba_8bit,2c2a8aed2408fe851d7d154edf35262714b5a68f30a9e0ad5b4c2db4146ec979,UPSTREAM_AR_MIT,c5cd5af62fc07cd4e0d24f06a16033f181c47c04,,,,INVENTORIED,
src/main/resources/assets/advancedrocketry/textures/models/fan.png,texture_other,17613,128,128,rgba_8bit,c0a214686792a26d11b96686af4741589839ca148e1bfeba6813addaa1d0a01d,UPSTREAM_AR_MIT,c5cd5af62fc07cd4e0d24f06a16033f181c47c04,,,,INVENTORIED,
src/main/resources/assets/advancedrocketry/textures/models/girder.png,texture_other,278,16,16,rgb_8bit,717e78f731f2a28bda4e73fa912f1dcef27d6738e8f9f2cd355dae970da0013d,UPSTREAM_AR_MIT,c5cd5af62fc07cd4e0d24f06a16033f181c47c04,,,,INVENTORIED,
src/main/resources/assets/advancedrocketry/textures/models/grid.png,texture_other,209,32,32,rgba_8bit,e672ce5979a4b1bc3332d7455ea9dc263f0cf766318ccbc409786f4c1ca15c8e,UPSTREAM_AR_MIT,c5cd5af62fc07cd4e0d24f06a16033f181c47c04,,,,INVENTORIED,
src/main/resources/assets/advancedrocketry/textures/models/hovercraft.png,texture_other,41667,512,512,rgba_8bit,19cf5c670fda66b5925e62fa1769b054c9c2ada001ac8051c9fba571d5e332ad,UPSTREAM_AR_MIT,c5cd5af62fc07cd4e0d24f06a16033f181c47c04,,,,INVENTORIED,
src/main/resources/assets/advancedrocketry/textures/models/jetpack.png,texture_other,1828,128,128,rgba_8bit,c7ac6c1680bcbc417e998ec44058cd60c27ff4a8c5556b2bd1f8706521e08976,UPSTREAM_AR_MIT,c5cd5af62fc07cd4e0d24f06a16033f181c47c04,,,,INVENTORIED,
src/main/resources/assets/advancedrocketry/textures/models/lathe.png,texture_other,12822,128,64,rgba_8bit,4fce4658d898134acec54f1e9dc6a925669e2524ade8ec8540a5c71e2a18faaf,UPSTREAM_AR_MIT,c5cd5af62fc07cd4e0d24f06a16033f181c47c04,,,,INVENTORIED,
src/main/resources/assets/advancedrocketry/textures/models/metalplate.png,texture_other,54301,256,256,rgba_8bit,7cce02e544d9ea569f44224d572d63f1f6ddbc4bbe56b058af3d672d3109c84b,UPSTREAM_AR_MIT,c5cd5af62fc07cd4e0d24f06a16033f181c47c04,,,,INVENTORIED,
src/main/resources/assets/advancedrocketry/textures/models/nuclearengine.png,texture_other,4474,32,32,rgba_8bit,545c6a2fe812af3410c67d5d8c345c6a63ee0414c53350eaa4d3b5050762e8e9,UPSTREAM_AR_MIT,c5cd5af62fc07cd4e0d24f06a16033f181c47c04,,,,INVENTORIED,
src/main/resources/assets/advancedrocketry/textures/models/observatory.png,texture_other,16620,128,256,rgba_8bit,bf569d80044094161e6cb7caab853a33e34cb7b4876370acc125467fcd8f0c0d,UPSTREAM_AR_MIT,c5cd5af62fc07cd4e0d24f06a16033f181c47c04,,,,INVENTORIED,
src/main/resources/assets/advancedrocketry/textures/models/orbitallaserdrill.png,texture_other,28074,128,128,rgba_8bit,bd9ffa2ec3dc4c1df28edcb02ab8764620ff02241a2cab2f8b14e780b1e56c67,UPSTREAM_AR_MIT,c5cd5af62fc07cd4e0d24f06a16033f181c47c04,,,,INVENTORIED,
src/main/resources/assets/advancedrocketry/textures/models/precisionassembler.png,texture_other,28622,256,256,rgba_8bit,fe217ca349dee59981f4b1576b91c1c83aca13a35b2ec11f7ebd77abd14a93fa,UPSTREAM_AR_MIT,c5cd5af62fc07cd4e0d24f06a16033f181c47c04,,,,INVENTORIED,
src/main/resources/assets/advancedrocketry/textures/models/precisionlaseretcher.png,texture_other,18765,128,64,rgba_8bit,9a482e80ea7be628895ff36a00ea63e9d0150e09f49304495304d3e3d3eb18e0,UPSTREAM_AR_MIT,c5cd5af62fc07cd4e0d24f06a16033f181c47c04,,,,INVENTORIED,
src/main/resources/assets/advancedrocketry/textures/models/railgun.png,texture_other,40113,256,256,rgba_8bit,de608002d204110de0fb342f669654cd40ccfc7eb07aca25ea9ab9dd31359fb1,UPSTREAM_AR_MIT,c5cd5af62fc07cd4e0d24f06a16033f181c47c04,,,,INVENTORIED,
src/main/resources/assets/advancedrocketry/textures/models/rollingmachine.png,texture_other,18525,128,128,rgba_8bit,3d6e85c620156c40956dac5783c32dfeeabe59cb1553d6ecd42c143b994de9ac,UPSTREAM_AR_MIT,c5cd5af62fc07cd4e0d24f06a16033f181c47c04,,,,INVENTORIED,
src/main/resources/assets/advancedrocketry/textures/models/round_h.png,texture_other,356,16,16,rgb_8bit,6c9f3368e677ab5ac0a322865ba3acb40e7dd75a459e8e2c65db7672031f9505,UPSTREAM_AR_MIT,c5cd5af62fc07cd4e0d24f06a16033f181c47c04,,,,INVENTORIED,
src/main/resources/assets/advancedrocketry/textures/models/solararray.png,texture_other,3803,128,32,rgba_8bit,fa3fd692c12c730113b9a71cfaa5a6a080dc3dcb410d0d38a5de5979681b4356,UPSTREAM_AR_MIT,c5cd5af62fc07cd4e0d24f06a16033f181c47c04,,,,INVENTORIED,
src/main/resources/assets/advancedrocketry/textures/models/spaceelevator.png,texture_other,27194,256,256,rgba_8bit,4f7432267f11e5f17e642c7d1c3950752952691773d85f7e1da25e70ea6cf68d,UPSTREAM_AR_MIT,c5cd5af62fc07cd4e0d24f06a16033f181c47c04,,,,INVENTORIED,
src/main/resources/assets/advancedrocketry/textures/models/spaceelevatorcapsule.png,texture_other,27433,128,128,rgba_8bit,12c6ccc1aaed6d7135321d6299cb292d9da4ecd09cde462f33797b931b5dfcaa,UPSTREAM_AR_MIT,c5cd5af62fc07cd4e0d24f06a16033f181c47c04,,,,INVENTORIED,
src/main/resources/assets/advancedrocketry/textures/models/tank.png,texture_other,1309,32,32,rgba_8bit,32382f871b7b972d8edb1fec3646457d39fe7d6d928e6e98a4412846cf01c89b,UPSTREAM_AR_MIT,c5cd5af62fc07cd4e0d24f06a16033f181c47c04,,,,INVENTORIED,
src/main/resources/assets/advancedrocketry/textures/models/tubes.png,texture_other,4468,256,128,rgba_8bit,9bb700f867f4964a197dd0ddc2f1e29893443e63501426c208ce347d8501c677,UPSTREAM_AR_MIT,c5cd5af62fc07cd4e0d24f06a16033f181c47c04,,,,INVENTORIED,
src/main/resources/assets/advancedrocketry/textures/models/warpcore.png,texture_other,188426,512,512,rgba_8bit,9d0456c2b14e11c95cefa099677ab40b1a006fba32c94b1e080426a6d4487fa5,UPSTREAM_AR_MIT,c5cd5af62fc07cd4e0d24f06a16033f181c47c04,,,,INVENTORIED,
src/main/resources/assets/advancedrocketry/textures/particle/donut.png,texture_other,1604,64,64,rgba_8bit,a2ba1b3d21d0f882d5893f3de50530ef657ceeff6d7d7fedd414d85c20c65570,UPSTREAM_AR_MIT,c5cd5af62fc07cd4e0d24f06a16033f181c47c04,,,,INVENTORIED,
src/main/resources/assets/advancedrocketry/textures/particle/hardsquare.png,texture_other,141,16,16,rgba_8bit,500d36890817ce429dc3e9cda01ce949f72073691816aac2b50e33d495f8bfdd,UPSTREAM_AR_MIT,c5cd5af62fc07cd4e0d24f06a16033f181c47c04,,,,INVENTORIED,
src/main/resources/assets/advancedrocketry/textures/particle/lightning.png,texture_other,285,16,64,rgba_8bit,5b42cc3a6940abc59fa05247f36e2de1c76ad28c48b2a59a55d3a3051163c633,UPSTREAM_AR_MIT,c5cd5af62fc07cd4e0d24f06a16033f181c47c04,,,,INVENTORIED,
src/main/resources/assets/advancedrocketry/textures/particle/soft.png,texture_other,848,32,32,rgba_8bit,fb921ca23691795bbcaa536ac70d6dd8986f6db6bd0176ffed70821a8898c987,UPSTREAM_AR_MIT,c5cd5af62fc07cd4e0d24f06a16033f181c47c04,,,,INVENTORIED,
src/main/resources/assets/advancedrocketry/textures/particle/softround.png,texture_other,1002,32,32,rgba_8bit,38726cccd10690043609ef539a70fb23e29a14b91c3e2ff0b3367945ac3f7422,UPSTREAM_AR_MIT,c5cd5af62fc07cd4e0d24f06a16033f181c47c04,,,,INVENTORIED,
src/main/resources/assets/advancedrocketry/textures/particle/softrounddistorted.png,texture_other,5677,32,32,rgba_8bit,a5ecf0c99d6e4fd9b60f8d0e7610a5bdd5c133a44f9179093da404d41eee869d,UPSTREAM_AR_MIT,c5cd5af62fc07cd4e0d24f06a16033f181c47c04,,,,INVENTORIED,
src/main/resources/assets/advancedrocketry/textures/planets/asteroid.png,texture_other,12764,72,72,rgba_8bit,7d0f63744b03c6bf5e9ac531ede4c64efbf98adfcfa1a3f76af8ff4bb393cb35,UPSTREAM_AR_MIT,c5cd5af62fc07cd4e0d24f06a16033f181c47c04,,,,INVENTORIED,
src/main/resources/assets/advancedrocketry/textures/planets/asteroid_a.png,texture_other,15023,64,64,rgba_8bit,1c9005b415633b7f2376c354a6f942ffc41e7e4d252f473424b3ae6fa4a3c2d6,UPSTREAM_AR_MIT,c5cd5af62fc07cd4e0d24f06a16033f181c47c04,,,,INVENTORIED,
src/main/resources/assets/advancedrocketry/textures/planets/asteroid_b.png,texture_other,4772,64,64,rgba_8bit,69b49dc3a7a69a131f225d742de0b6b9fa60a756694d943c0fc1dd6a2d69650d,UPSTREAM_AR_MIT,c5cd5af62fc07cd4e0d24f06a16033f181c47c04,,,,INVENTORIED,
src/main/resources/assets/advancedrocketry/textures/planets/asteroid_c.png,texture_other,3538,64,64,rgba_8bit,4ea0dcb526a8f1afb199fc4ba35f22be415a3a439190f4f546cefc28ca95abfd,UPSTREAM_AR_MIT,c5cd5af62fc07cd4e0d24f06a16033f181c47c04,,,,INVENTORIED,
src/main/resources/assets/advancedrocketry/textures/planets/asteroidleo.png,texture_other,871,4,4,rgba_8bit,57ee74f405b57c13d39f55d322493a85881a6b50af0421a815dd18167d88e243,UPSTREAM_AR_MIT,c5cd5af62fc07cd4e0d24f06a16033f181c47c04,,,,INVENTORIED,
src/main/resources/assets/advancedrocketry/textures/planets/atmglow.png,texture_other,8573,72,72,rgba_8bit,c2d567f266e27beebeb4d7f258fb66d221bdf2f3ac0c3548dfa0604db56aa14f,UPSTREAM_AR_MIT,c5cd5af62fc07cd4e0d24f06a16033f181c47c04,,,,INVENTORIED,
src/main/resources/assets/advancedrocketry/textures/planets/atmosphere.png,texture_other,6596,86,86,rgba_8bit,5ebe141288d2f599a246f070df3a80c07c244d49189f8116e2d01f499d1ae68a,UPSTREAM_AR_MIT,c5cd5af62fc07cd4e0d24f06a16033f181c47c04,,,,INVENTORIED,
src/main/resources/assets/advancedrocketry/textures/planets/atmosphere2.png,texture_other,9802,72,72,rgba_8bit,0820f015ea5437419bc2bcdb184f931f28fc9b08d71f12b7268edc3151fd6704,UPSTREAM_AR_MIT,c5cd5af62fc07cd4e0d24f06a16033f181c47c04,,,,INVENTORIED,
src/main/resources/assets/advancedrocketry/textures/planets/atmosphereleo.png,texture_other,255917,512,512,rgba_8bit,112d356441a94f8450ab2cd4ef6c23e1d89935eac1bd6c6f2883f92e9f1c05b1,UPSTREAM_AR_MIT,c5cd5af62fc07cd4e0d24f06a16033f181c47c04,,,,INVENTORIED,
src/main/resources/assets/advancedrocketry/textures/planets/carbonworld.png,texture_other,7558,72,72,rgba_8bit,f7adac5033f2bbd6584338e399fd43d7151c8029b3e88d6985b240030239213a,UPSTREAM_AR_MIT,c5cd5af62fc07cd4e0d24f06a16033f181c47c04,,,,INVENTORIED,
src/main/resources/assets/advancedrocketry/textures/planets/carbonworldleo.jpg,other,36766,,,,a79ca4e4dcb306caeb502f7b7ff87a6264471ac6ddaa3e06ef471d02ce30f9ea,UPSTREAM_AR_MIT,c5cd5af62fc07cd4e0d24f06a16033f181c47c04,,,,INVENTORIED,
src/main/resources/assets/advancedrocketry/textures/planets/desertworld.png,texture_other,15775,72,72,rgba_8bit,c5ccfbaddad8f27c99139ac9f45809778f2e93ea6ae0a0f23748033d1e12a7df,UPSTREAM_AR_MIT,c5cd5af62fc07cd4e0d24f06a16033f181c47c04,,,,INVENTORIED,
src/main/resources/assets/advancedrocketry/textures/planets/desertworldleo.jpg,other,90492,,,,e80bc8e3a0c8fbde3430944c125bb181b7a5499c0b648ba49f69352340ac07ba,UPSTREAM_AR_MIT,c5cd5af62fc07cd4e0d24f06a16033f181c47c04,,,,INVENTORIED,
src/main/resources/assets/advancedrocketry/textures/planets/earthlike.png,texture_other,17804,72,72,rgba_8bit,b2863a27372fee5f51261af5d3fba693a423070def3bfb12e98fce657e2523a7,UPSTREAM_AR_MIT,c5cd5af62fc07cd4e0d24f06a16033f181c47c04,,,,INVENTORIED,
src/main/resources/assets/advancedrocketry/textures/planets/earthlikeleo.jpg,other,55138,,,,9b4057447a76500a3e05d06ace36b90b9dc31dab875f28b533563c2b2a7718f8,UPSTREAM_AR_MIT,c5cd5af62fc07cd4e0d24f06a16033f181c47c04,,,,INVENTORIED,
src/main/resources/assets/advancedrocketry/textures/planets/gasgiantblue.png,texture_other,16321,72,72,rgba_8bit,532db78ca52ceeb8b44036cd952e134b9b222987a7ec33837a5561295d82b957,UPSTREAM_AR_MIT,c5cd5af62fc07cd4e0d24f06a16033f181c47c04,,,,INVENTORIED,
src/main/resources/assets/advancedrocketry/textures/planets/gasgiantblueleo.jpg,other,43707,,,,114b364312b0126ff58e4ae4ccf999503546c4b76b5561b3cedc8432d9f99013,UPSTREAM_AR_MIT,c5cd5af62fc07cd4e0d24f06a16033f181c47c04,,,,INVENTORIED,
src/main/resources/assets/advancedrocketry/textures/planets/gasgiantbrown.png,texture_other,11916,72,72,rgba_8bit,5646abdf7e6417d3e4a42a78894413579d68fe76f466fea2ce421881d956e521,UPSTREAM_AR_MIT,c5cd5af62fc07cd4e0d24f06a16033f181c47c04,,,,INVENTORIED,
src/main/resources/assets/advancedrocketry/textures/planets/gasgiantbrownleo.jpg,other,27225,,,,ce33c3053d51ce935ab9f9a211e0f7bca58022e9f44db8a687bbdf0b637afbf3,UPSTREAM_AR_MIT,c5cd5af62fc07cd4e0d24f06a16033f181c47c04,,,,INVENTORIED,
src/main/resources/assets/advancedrocketry/textures/planets/gasgiantred.png,texture_other,16656,72,72,rgba_8bit,c9e95164b753f4efb27aa1e8c01446682e644eb711503317e67b38bd7aaabb03,UPSTREAM_AR_MIT,c5cd5af62fc07cd4e0d24f06a16033f181c47c04,,,,INVENTORIED,
src/main/resources/assets/advancedrocketry/textures/planets/gasgiantredleo.jpg,other,48844,,,,981e0913e44fef1cc4bba4f84b47eb15be25a3abeb5e429e15fb49f7161fc591,UPSTREAM_AR_MIT,c5cd5af62fc07cd4e0d24f06a16033f181c47c04,,,,INVENTORIED,
src/main/resources/assets/advancedrocketry/textures/planets/iceworld.png,texture_other,11742,72,72,rgba_8bit,7c026481e53fe8eb10b5d55fed6df3aa4451761f52a8f7ebf6cd4a606a406c88,UPSTREAM_AR_MIT,c5cd5af62fc07cd4e0d24f06a16033f181c47c04,,,,INVENTORIED,
src/main/resources/assets/advancedrocketry/textures/planets/iceworldleo.jpg,other,90030,,,,6d22457fe1eb475b187cfecb60469188380131c5d600ee21b21e24d791798a42,UPSTREAM_AR_MIT,c5cd5af62fc07cd4e0d24f06a16033f181c47c04,,,,INVENTORIED,
src/main/resources/assets/advancedrocketry/textures/planets/lava.png,texture_other,8035,72,72,rgba_8bit,4841e774d3f5ed03cc99e05ae788dea4cae211424293f2fb80fe4eccf8bc4e45,UPSTREAM_AR_MIT,c5cd5af62fc07cd4e0d24f06a16033f181c47c04,,,,INVENTORIED,
src/main/resources/assets/advancedrocketry/textures/planets/lavaleo.jpg,other,46571,,,,4a63684cd5efeee528fc51b946afa370c70dafbce0097034aef7a4851633e0a1,UPSTREAM_AR_MIT,c5cd5af62fc07cd4e0d24f06a16033f181c47c04,,,,INVENTORIED,
src/main/resources/assets/advancedrocketry/textures/planets/marslike.png,texture_other,14605,72,72,rgba_8bit,015743a23036bdf879ed49a33fef387757ed05061f7f7ea626c0d6539443832a,UPSTREAM_AR_MIT,c5cd5af62fc07cd4e0d24f06a16033f181c47c04,,,,INVENTORIED,
src/main/resources/assets/advancedrocketry/textures/planets/marslikeleo.jpg,other,74834,,,,a5038f4cfde09dbe3f0ec9595e524897023e2860a0face25810034e6ec9f09b3,UPSTREAM_AR_MIT,c5cd5af62fc07cd4e0d24f06a16033f181c47c04,,,,INVENTORIED,
src/main/resources/assets/advancedrocketry/textures/planets/moon.png,texture_other,22679,120,120,rgba_8bit,5e2e34035bc583ed5ec1d969d5cabb349e34ab37365dda94ca4ce7e09c7eda1b,UPSTREAM_AR_MIT,c5cd5af62fc07cd4e0d24f06a16033f181c47c04,,,,INVENTORIED,
src/main/resources/assets/advancedrocketry/textures/planets/moonleo.jpg,other,68237,,,,d197050ab0cb63a8ae71cb283713b6802578a9c79833a1a6fdf2cb3cab1777f2,UPSTREAM_AR_MIT,c5cd5af62fc07cd4e0d24f06a16033f181c47c04,,,,INVENTORIED,
src/main/resources/assets/advancedrocketry/textures/planets/rings.png,texture_other,21080,77,77,rgba_8bit,b54079aee062f4cced30aa1e0e89deadc0f6b35c19aa282fac2b7f732b8a8dad,UPSTREAM_AR_MIT,c5cd5af62fc07cd4e0d24f06a16033f181c47c04,,,,INVENTORIED,
src/main/resources/assets/advancedrocketry/textures/planets/ringshadow.png,texture_other,11980,77,77,rgba_8bit,ec27a1738d2b382ffcbdc3095c5005d5c6be3af929c8d157c15e97be363ca105,UPSTREAM_AR_MIT,c5cd5af62fc07cd4e0d24f06a16033f181c47c04,,,,INVENTORIED,
src/main/resources/assets/advancedrocketry/textures/planets/shadow.png,texture_other,5361,72,72,rgba_8bit,b7dbf64e5d9f77b569a843e0aadf5718e3cfd93f794e40bdcc70064d6acddb7a,UPSTREAM_AR_MIT,c5cd5af62fc07cd4e0d24f06a16033f181c47c04,,,,INVENTORIED,
src/main/resources/assets/advancedrocketry/textures/planets/shadow3.png,texture_other,1704,72,72,rgba_8bit,6714f39defed18a5bed5336b9d8e27f952ff17b0804b105078174cf76aceee4b,UPSTREAM_AR_MIT,c5cd5af62fc07cd4e0d24f06a16033f181c47c04,,,,INVENTORIED,
src/main/resources/assets/advancedrocketry/textures/planets/spoopy.png,texture_other,156264,480,480,rgba_8bit,551ea9288cd3a7161977099b2c613b70a4aa36619964aac07aa075656680309f,UPSTREAM_AR_MIT,c5cd5af62fc07cd4e0d24f06a16033f181c47c04,,,,INVENTORIED,
src/main/resources/assets/advancedrocketry/textures/planets/venusian.png,texture_other,8970,72,72,rgba_8bit,145d5c0fd48aa29aebd947d52c39f51dabf407eba79e96a1093ca86489d57aab,UPSTREAM_AR_MIT,c5cd5af62fc07cd4e0d24f06a16033f181c47c04,,,,INVENTORIED,
src/main/resources/assets/advancedrocketry/textures/planets/venusianleo.jpg,other,13654,,,,f8fe1ed6240aba7a473f7c03a216d761206f131095602e6f60bff79134055fa7,UPSTREAM_AR_MIT,c5cd5af62fc07cd4e0d24f06a16033f181c47c04,,,,INVENTORIED,
src/main/resources/assets/advancedrocketry/textures/planets/waterworld.png,texture_other,15236,72,72,rgba_8bit,9826c8d0573ceacb2a1bda39cf5205e1d1243ce23981fb6ed7015b3339147c6c,UPSTREAM_AR_MIT,c5cd5af62fc07cd4e0d24f06a16033f181c47c04,,,,INVENTORIED,
src/main/resources/assets/advancedrocketry/textures/planets/waterworldleo.jpg,other,37195,,,,80eb16178e76030109c1201ada339963a2a0aef328cbd3fda8307fe9da5694e2,UPSTREAM_AR_MIT,c5cd5af62fc07cd4e0d24f06a16033f181c47c04,,,,INVENTORIED,
src/main/resources/assets/advancedrocketry/textures/tile/RemoteConnector.png,texture_other,1890,32,32,rgba_8bit,3840ab16fba44d1228729c62c456a9fd9443cc5343ce5f4172d33e1db8b37238,UPSTREAM_AR_MIT,c5cd5af62fc07cd4e0d24f06a16033f181c47c04,,,,INVENTORIED,
