source_path,line,reference,reference_kind,target_path,status
src/main/resources/assets/advancedrocketry/advancements/normal/beer.json,0,advancedrocketry:normal/root,parent,src/main/resources/assets/advancedrocketry/models/normal/root.json,MISSING
src/main/resources/assets/advancedrocketry/advancements/normal/blockpresser.json,0,advancedrocketry:normal/root,parent,src/main/resources/assets/advancedrocketry/models/normal/root.json,MISSING
src/main/resources/assets/advancedrocketry/advancements/normal/crystalline.json,0,advancedrocketry:normal/holographic,parent,src/main/resources/assets/advancedrocketry/models/normal/holographic.json,MISSING
src/main/resources/assets/advancedrocketry/advancements/normal/dilithium.json,0,advancedrocketry:normal/root,parent,src/main/resources/assets/advancedrocketry/models/normal/root.json,MISSING
src/main/resources/assets/advancedrocketry/advancements/normal/electrifying.json,0,advancedrocketry:normal/holographic,parent,src/main/resources/assets/advancedrocketry/models/normal/holographic.json,MISSING
src/main/resources/assets/advancedrocketry/advancements/normal/feeltheheat.json,0,advancedrocketry:normal/holographic,parent,src/main/resources/assets/advancedrocketry/models/normal/holographic.json,MISSING
src/main/resources/assets/advancedrocketry/advancements/normal/flightofpheonix.json,0,advancedrocketry:normal/warp,parent,src/main/resources/assets/advancedrocketry/models/normal/warp.json,MISSING
src/main/resources/assets/advancedrocketry/advancements/normal/givingitallshesgot.json,0,advancedrocketry:normal/warp,parent,src/main/resources/assets/advancedrocketry/models/normal/warp.json,MISSING
src/main/resources/assets/advancedrocketry/advancements/normal/holographic.json,0,advancedrocketry:normal/blockpresser,parent,src/main/resources/assets/advancedrocketry/models/normal/blockpresser.json,MISSING
src/main/resources/assets/advancedrocketry/advancements/normal/moonlanding.json,0,advancedrocketry:normal/root,parent,src/main/resources/assets/advancedrocketry/models/normal/root.json,MISSING
src/main/resources/assets/advancedrocketry/advancements/normal/onesmallstep.json,0,advancedrocketry:normal/moonlanding,parent,src/main/resources/assets/advancedrocketry/models/normal/moonlanding.json,MISSING
src/main/resources/assets/advancedrocketry/advancements/normal/rollin.json,0,advancedrocketry:normal/holographic,parent,src/main/resources/assets/advancedrocketry/models/normal/holographic.json,MISSING
src/main/resources/assets/advancedrocketry/advancements/normal/spindoctor.json,0,advancedrocketry:normal/holographic,parent,src/main/resources/assets/advancedrocketry/models/normal/holographic.json,MISSING
src/main/resources/assets/advancedrocketry/advancements/normal/suitedup.json,0,advancedrocketry:normal/root,parent,src/main/resources/assets/advancedrocketry/models/normal/root.json,MISSING
src/main/resources/assets/advancedrocketry/advancements/normal/warp.json,0,advancedrocketry:normal/dilithium,parent,src/main/resources/assets/advancedrocketry/models/normal/dilithium.json,MISSING
src/main/resources/assets/advancedrocketry/advancements/normal/wenttothemoon.json,0,advancedrocketry:normal/moonlanding,parent,src/main/resources/assets/advancedrocketry/models/normal/moonlanding.json,MISSING
src/main/resources/assets/advancedrocketry/blockstates/advbipropellantrocketmotor.json,0,advancedrocketry:/models/advbipropellantcombustion,texture,src/main/resources/assets/advancedrocketry/textures//models/advbipropellantcombustion.png,MISSING
src/main/resources/assets/advancedrocketry/blockstates/advbipropellantrocketmotor.json,0,advancedrocketry:models/advbipropellantrocketmotor.obj,model,src/main/resources/assets/advancedrocketry/models/models/advbipropellantrocketmotor.obj.json,MISSING
src/main/resources/assets/advancedrocketry/blockstates/advbipropellantrocketmotor.json,0,advancedrocketry:models/advbipropellantrocketmotor.obj,model,src/main/resources/assets/advancedrocketry/models/models/advbipropellantrocketmotor.obj.json,MISSING
src/main/resources/assets/advancedrocketry/blockstates/advbipropellantrocketmotor.json,0,advancedrocketry:models/advbipropellantrocketmotor.obj,model,src/main/resources/assets/advancedrocketry/models/models/advbipropellantrocketmotor.obj.json,MISSING
src/main/resources/assets/advancedrocketry/blockstates/advbipropellantrocketmotor.json,0,advancedrocketry:models/advbipropellantrocketmotor.obj,model,src/main/resources/assets/advancedrocketry/models/models/advbipropellantrocketmotor.obj.json,MISSING
src/main/resources/assets/advancedrocketry/blockstates/advbipropellantrocketmotor.json,0,advancedrocketry:models/advbipropellantrocketmotor.obj,model,src/main/resources/assets/advancedrocketry/models/models/advbipropellantrocketmotor.obj.json,MISSING
src/main/resources/assets/advancedrocketry/blockstates/advbipropellantrocketmotor.json,0,advancedrocketry:models/advbipropellantrocketmotor.obj,model,src/main/resources/assets/advancedrocketry/models/models/advbipropellantrocketmotor.obj.json,MISSING
src/main/resources/assets/advancedrocketry/blockstates/advbipropellantrocketmotor.json,0,advancedrocketry:models/advbipropellantrocketmotor.obj,model,src/main/resources/assets/advancedrocketry/models/models/advbipropellantrocketmotor.obj.json,MISSING
src/main/resources/assets/advancedrocketry/blockstates/advbipropellantrocketmotor.json,0,advancedrocketry:models/advbipropellantrocketmotor.obj,model,src/main/resources/assets/advancedrocketry/models/models/advbipropellantrocketmotor.obj.json,MISSING
src/main/resources/assets/advancedrocketry/blockstates/advbipropellantrocketmotor.json,0,advancedrocketry:textures/models/advbipropellantcombustion,model,src/main/resources/assets/advancedrocketry/models/textures/models/advbipropellantcombustion.json,MISSING
src/main/resources/assets/advancedrocketry/blockstates/advbipropellantrocketmotor.json,0,advancedrocketry:textures/models/advbipropellantcombustion,model,src/main/resources/assets/advancedrocketry/models/textures/models/advbipropellantcombustion.json,MISSING
src/main/resources/assets/advancedrocketry/blockstates/advbipropellantrocketmotor.json,0,advancedrocketry:textures/models/advbipropellantcombustion,model,src/main/resources/assets/advancedrocketry/models/textures/models/advbipropellantcombustion.json,MISSING
src/main/resources/assets/advancedrocketry/blockstates/advbipropellantrocketmotor.json,0,advancedrocketry:textures/models/advbipropellantcombustion,model,src/main/resources/assets/advancedrocketry/models/textures/models/advbipropellantcombustion.json,MISSING
src/main/resources/assets/advancedrocketry/blockstates/advbipropellantrocketmotor.json,0,advancedrocketry:textures/models/advbipropellantcombustion,model,src/main/resources/assets/advancedrocketry/models/textures/models/advbipropellantcombustion.json,MISSING
src/main/resources/assets/advancedrocketry/blockstates/advbipropellantrocketmotor.json,0,advancedrocketry:textures/models/advbipropellantcombustion,model,src/main/resources/assets/advancedrocketry/models/textures/models/advbipropellantcombustion.json,MISSING
src/main/resources/assets/advancedrocketry/blockstates/advbipropellantrocketmotor.json,0,advancedrocketry:textures/models/advbipropellantcombustion,model,src/main/resources/assets/advancedrocketry/models/textures/models/advbipropellantcombustion.json,MISSING
src/main/resources/assets/advancedrocketry/blockstates/advbipropellantrocketmotor.json,0,forge:default-block,model,,EXTERNAL_NAMESPACE
src/main/resources/assets/advancedrocketry/blockstates/advrocketmotor.json,0,advancedrocketry:/models/advcombustion,texture,src/main/resources/assets/advancedrocketry/textures//models/advcombustion.png,MISSING
src/main/resources/assets/advancedrocketry/blockstates/advrocketmotor.json,0,advancedrocketry:models/advrocketmotor.obj,model,src/main/resources/assets/advancedrocketry/models/models/advrocketmotor.obj.json,MISSING
src/main/resources/assets/advancedrocketry/blockstates/advrocketmotor.json,0,advancedrocketry:models/advrocketmotor.obj,model,src/main/resources/assets/advancedrocketry/models/models/advrocketmotor.obj.json,MISSING
src/main/resources/assets/advancedrocketry/blockstates/advrocketmotor.json,0,advancedrocketry:models/advrocketmotor.obj,model,src/main/resources/assets/advancedrocketry/models/models/advrocketmotor.obj.json,MISSING
src/main/resources/assets/advancedrocketry/blockstates/advrocketmotor.json,0,advancedrocketry:models/advrocketmotor.obj,model,src/main/resources/assets/advancedrocketry/models/models/advrocketmotor.obj.json,MISSING
src/main/resources/assets/advancedrocketry/blockstates/advrocketmotor.json,0,advancedrocketry:models/advrocketmotor.obj,model,src/main/resources/assets/advancedrocketry/models/models/advrocketmotor.obj.json,MISSING
src/main/resources/assets/advancedrocketry/blockstates/advrocketmotor.json,0,advancedrocketry:models/advrocketmotor.obj,model,src/main/resources/assets/advancedrocketry/models/models/advrocketmotor.obj.json,MISSING
src/main/resources/assets/advancedrocketry/blockstates/advrocketmotor.json,0,advancedrocketry:models/advrocketmotor.obj,model,src/main/resources/assets/advancedrocketry/models/models/advrocketmotor.obj.json,MISSING
src/main/resources/assets/advancedrocketry/blockstates/advrocketmotor.json,0,advancedrocketry:models/advrocketmotor.obj,model,src/main/resources/assets/advancedrocketry/models/models/advrocketmotor.obj.json,MISSING
src/main/resources/assets/advancedrocketry/blockstates/advrocketmotor.json,0,advancedrocketry:textures/models/advcombustion,model,src/main/resources/assets/advancedrocketry/models/textures/models/advcombustion.json,MISSING
src/main/resources/assets/advancedrocketry/blockstates/advrocketmotor.json,0,advancedrocketry:textures/models/advcombustion,model,src/main/resources/assets/advancedrocketry/models/textures/models/advcombustion.json,MISSING
src/main/resources/assets/advancedrocketry/blockstates/advrocketmotor.json,0,advancedrocketry:textures/models/advcombustion,model,src/main/resources/assets/advancedrocketry/models/textures/models/advcombustion.json,MISSING
src/main/resources/assets/advancedrocketry/blockstates/advrocketmotor.json,0,advancedrocketry:textures/models/advcombustion,model,src/main/resources/assets/advancedrocketry/models/textures/models/advcombustion.json,MISSING
src/main/resources/assets/advancedrocketry/blockstates/advrocketmotor.json,0,advancedrocketry:textures/models/advcombustion,model,src/main/resources/assets/advancedrocketry/models/textures/models/advcombustion.json,MISSING
src/main/resources/assets/advancedrocketry/blockstates/advrocketmotor.json,0,advancedrocketry:textures/models/advcombustion,model,src/main/resources/assets/advancedrocketry/models/textures/models/advcombustion.json,MISSING
src/main/resources/assets/advancedrocketry/blockstates/advrocketmotor.json,0,advancedrocketry:textures/models/advcombustion,model,src/main/resources/assets/advancedrocketry/models/textures/models/advcombustion.json,MISSING
src/main/resources/assets/advancedrocketry/blockstates/advrocketmotor.json,0,forge:default-block,model,,EXTERNAL_NAMESPACE
src/main/resources/assets/advancedrocketry/blockstates/airlock_door.json,0,advancedrocketry:airlock_door_bottom,model,src/main/resources/assets/advancedrocketry/models/airlock_door_bottom.json,MISSING
src/main/resources/assets/advancedrocketry/blockstates/airlock_door.json,0,advancedrocketry:airlock_door_bottom,model,src/main/resources/assets/advancedrocketry/models/airlock_door_bottom.json,MISSING
src/main/resources/assets/advancedrocketry/blockstates/airlock_door.json,0,advancedrocketry:airlock_door_bottom,model,src/main/resources/assets/advancedrocketry/models/airlock_door_bottom.json,MISSING
src/main/resources/assets/advancedrocketry/blockstates/airlock_door.json,0,advancedrocketry:airlock_door_bottom,model,src/main/resources/assets/advancedrocketry/models/airlock_door_bottom.json,MISSING
src/main/resources/assets/advancedrocketry/blockstates/airlock_door.json,0,advancedrocketry:airlock_door_bottom,model,src/main/resources/assets/advancedrocketry/models/airlock_door_bottom.json,MISSING
src/main/resources/assets/advancedrocketry/blockstates/airlock_door.json,0,advancedrocketry:airlock_door_bottom,model,src/main/resources/assets/advancedrocketry/models/airlock_door_bottom.json,MISSING
src/main/resources/assets/advancedrocketry/blockstates/airlock_door.json,0,advancedrocketry:airlock_door_bottom,model,src/main/resources/assets/advancedrocketry/models/airlock_door_bottom.json,MISSING
src/main/resources/assets/advancedrocketry/blockstates/airlock_door.json,0,advancedrocketry:airlock_door_bottom,model,src/main/resources/assets/advancedrocketry/models/airlock_door_bottom.json,MISSING
src/main/resources/assets/advancedrocketry/blockstates/airlock_door.json,0,advancedrocketry:airlock_door_bottom,model,src/main/resources/assets/advancedrocketry/models/airlock_door_bottom.json,MISSING
src/main/resources/assets/advancedrocketry/blockstates/airlock_door.json,0,advancedrocketry:airlock_door_bottom,model,src/main/resources/assets/advancedrocketry/models/airlock_door_bottom.json,MISSING
src/main/resources/assets/advancedrocketry/blockstates/airlock_door.json,0,advancedrocketry:airlock_door_bottom,model,src/main/resources/assets/advancedrocketry/models/airlock_door_bottom.json,MISSING
src/main/resources/assets/advancedrocketry/blockstates/airlock_door.json,0,advancedrocketry:airlock_door_bottom,model,src/main/resources/assets/advancedrocketry/models/airlock_door_bottom.json,MISSING
src/main/resources/assets/advancedrocketry/blockstates/airlock_door.json,0,advancedrocketry:airlock_door_bottom,model,src/main/resources/assets/advancedrocketry/models/airlock_door_bottom.json,MISSING
src/main/resources/assets/advancedrocketry/blockstates/airlock_door.json,0,advancedrocketry:airlock_door_bottom,model,src/main/resources/assets/advancedrocketry/models/airlock_door_bottom.json,MISSING
src/main/resources/assets/advancedrocketry/blockstates/airlock_door.json,0,advancedrocketry:airlock_door_bottom,model,src/main/resources/assets/advancedrocketry/models/airlock_door_bottom.json,MISSING
src/main/resources/assets/advancedrocketry/blockstates/airlock_door.json,0,advancedrocketry:airlock_door_bottom,model,src/main/resources/assets/advancedrocketry/models/airlock_door_bottom.json,MISSING
src/main/resources/assets/advancedrocketry/blockstates/airlock_door.json,0,advancedrocketry:airlock_door_bottom_rh,model,src/main/resources/assets/advancedrocketry/models/airlock_door_bottom_rh.json,MISSING
src/main/resources/assets/advancedrocketry/blockstates/airlock_door.json,0,advancedrocketry:airlock_door_bottom_rh,model,src/main/resources/assets/advancedrocketry/models/airlock_door_bottom_rh.json,MISSING
src/main/resources/assets/advancedrocketry/blockstates/airlock_door.json,0,advancedrocketry:airlock_door_bottom_rh,model,src/main/resources/assets/advancedrocketry/models/airlock_door_bottom_rh.json,MISSING
src/main/resources/assets/advancedrocketry/blockstates/airlock_door.json,0,advancedrocketry:airlock_door_bottom_rh,model,src/main/resources/assets/advancedrocketry/models/airlock_door_bottom_rh.json,MISSING
src/main/resources/assets/advancedrocketry/blockstates/airlock_door.json,0,advancedrocketry:airlock_door_bottom_rh,model,src/main/resources/assets/advancedrocketry/models/airlock_door_bottom_rh.json,MISSING
src/main/resources/assets/advancedrocketry/blockstates/airlock_door.json,0,advancedrocketry:airlock_door_bottom_rh,model,src/main/resources/assets/advancedrocketry/models/airlock_door_bottom_rh.json,MISSING
src/main/resources/assets/advancedrocketry/blockstates/airlock_door.json,0,advancedrocketry:airlock_door_bottom_rh,model,src/main/resources/assets/advancedrocketry/models/airlock_door_bottom_rh.json,MISSING
src/main/resources/assets/advancedrocketry/blockstates/airlock_door.json,0,advancedrocketry:airlock_door_bottom_rh,model,src/main/resources/assets/advancedrocketry/models/airlock_door_bottom_rh.json,MISSING
src/main/resources/assets/advancedrocketry/blockstates/airlock_door.json,0,advancedrocketry:airlock_door_bottom_rh,model,src/main/resources/assets/advancedrocketry/models/airlock_door_bottom_rh.json,MISSING
src/main/resources/assets/advancedrocketry/blockstates/airlock_door.json,0,advancedrocketry:airlock_door_bottom_rh,model,src/main/resources/assets/advancedrocketry/models/airlock_door_bottom_rh.json,MISSING
src/main/resources/assets/advancedrocketry/blockstates/airlock_door.json,0,advancedrocketry:airlock_door_bottom_rh,model,src/main/resources/assets/advancedrocketry/models/airlock_door_bottom_rh.json,MISSING
src/main/resources/assets/advancedrocketry/blockstates/airlock_door.json,0,advancedrocketry:airlock_door_bottom_rh,model,src/main/resources/assets/advancedrocketry/models/airlock_door_bottom_rh.json,MISSING
src/main/resources/assets/advancedrocketry/blockstates/airlock_door.json,0,advancedrocketry:airlock_door_bottom_rh,model,src/main/resources/assets/advancedrocketry/models/airlock_door_bottom_rh.json,MISSING
src/main/resources/assets/advancedrocketry/blockstates/airlock_door.json,0,advancedrocketry:airlock_door_bottom_rh,model,src/main/resources/assets/advancedrocketry/models/airlock_door_bottom_rh.json,MISSING
src/main/resources/assets/advancedrocketry/blockstates/airlock_door.json,0,advancedrocketry:airlock_door_bottom_rh,model,src/main/resources/assets/advancedrocketry/models/airlock_door_bottom_rh.json,MISSING
src/main/resources/assets/advancedrocketry/blockstates/airlock_door.json,0,advancedrocketry:airlock_door_bottom_rh,model,src/main/resources/assets/advancedrocketry/models/airlock_door_bottom_rh.json,MISSING
src/main/resources/assets/advancedrocketry/blockstates/airlock_door.json,0,advancedrocketry:airlock_door_top,model,src/main/resources/assets/advancedrocketry/models/airlock_door_top.json,MISSING
src/main/resources/assets/advancedrocketry/blockstates/airlock_door.json,0,advancedrocketry:airlock_door_top,model,src/main/resources/assets/advancedrocketry/models/airlock_door_top.json,MISSING
src/main/resources/assets/advancedrocketry/blockstates/airlock_door.json,0,advancedrocketry:airlock_door_top,model,src/main/resources/assets/advancedrocketry/models/airlock_door_top.json,MISSING
src/main/resources/assets/advancedrocketry/blockstates/airlock_door.json,0,advancedrocketry:airlock_door_top,model,src/main/resources/assets/advancedrocketry/models/airlock_door_top.json,MISSING
src/main/resources/assets/advancedrocketry/blockstates/airlock_door.json,0,advancedrocketry:airlock_door_top,model,src/main/resources/assets/advancedrocketry/models/airlock_door_top.json,MISSING
src/main/resources/assets/advancedrocketry/blockstates/airlock_door.json,0,advancedrocketry:airlock_door_top,model,src/main/resources/assets/advancedrocketry/models/airlock_door_top.json,MISSING
src/main/resources/assets/advancedrocketry/blockstates/airlock_door.json,0,advancedrocketry:airlock_door_top,model,src/main/resources/assets/advancedrocketry/models/airlock_door_top.json,MISSING
src/main/resources/assets/advancedrocketry/blockstates/airlock_door.json,0,advancedrocketry:airlock_door_top,model,src/main/resources/assets/advancedrocketry/models/airlock_door_top.json,MISSING
src/main/resources/assets/advancedrocketry/blockstates/airlock_door.json,0,advancedrocketry:airlock_door_top,model,src/main/resources/assets/advancedrocketry/models/airlock_door_top.json,MISSING
src/main/resources/assets/advancedrocketry/blockstates/airlock_door.json,0,advancedrocketry:airlock_door_top,model,src/main/resources/assets/advancedrocketry/models/airlock_door_top.json,MISSING
src/main/resources/assets/advancedrocketry/blockstates/airlock_door.json,0,advancedrocketry:airlock_door_top,model,src/main/resources/assets/advancedrocketry/models/airlock_door_top.json,MISSING
src/main/resources/assets/advancedrocketry/blockstates/airlock_door.json,0,advancedrocketry:airlock_door_top,model,src/main/resources/assets/advancedrocketry/models/airlock_door_top.json,MISSING
src/main/resources/assets/advancedrocketry/blockstates/airlock_door.json,0,advancedrocketry:airlock_door_top,model,src/main/resources/assets/advancedrocketry/models/airlock_door_top.json,MISSING
src/main/resources/assets/advancedrocketry/blockstates/airlock_door.json,0,advancedrocketry:airlock_door_top,model,src/main/resources/assets/advancedrocketry/models/airlock_door_top.json,MISSING
src/main/resources/assets/advancedrocketry/blockstates/airlock_door.json,0,advancedrocketry:airlock_door_top,model,src/main/resources/assets/advancedrocketry/models/airlock_door_top.json,MISSING
src/main/resources/assets/advancedrocketry/blockstates/airlock_door.json,0,advancedrocketry:airlock_door_top,model,src/main/resources/assets/advancedrocketry/models/airlock_door_top.json,MISSING
src/main/resources/assets/advancedrocketry/blockstates/airlock_door.json,0,advancedrocketry:airlock_door_top_rh,model,src/main/resources/assets/advancedrocketry/models/airlock_door_top_rh.json,MISSING
src/main/resources/assets/advancedrocketry/blockstates/airlock_door.json,0,advancedrocketry:airlock_door_top_rh,model,src/main/resources/assets/advancedrocketry/models/airlock_door_top_rh.json,MISSING
src/main/resources/assets/advancedrocketry/blockstates/airlock_door.json,0,advancedrocketry:airlock_door_top_rh,model,src/main/resources/assets/advancedrocketry/models/airlock_door_top_rh.json,MISSING
src/main/resources/assets/advancedrocketry/blockstates/airlock_door.json,0,advancedrocketry:airlock_door_top_rh,model,src/main/resources/assets/advancedrocketry/models/airlock_door_top_rh.json,MISSING
src/main/resources/assets/advancedrocketry/blockstates/airlock_door.json,0,advancedrocketry:airlock_door_top_rh,model,src/main/resources/assets/advancedrocketry/models/airlock_door_top_rh.json,MISSING
src/main/resources/assets/advancedrocketry/blockstates/airlock_door.json,0,advancedrocketry:airlock_door_top_rh,model,src/main/resources/assets/advancedrocketry/models/airlock_door_top_rh.json,MISSING
src/main/resources/assets/advancedrocketry/blockstates/airlock_door.json,0,advancedrocketry:airlock_door_top_rh,model,src/main/resources/assets/advancedrocketry/models/airlock_door_top_rh.json,MISSING
src/main/resources/assets/advancedrocketry/blockstates/airlock_door.json,0,advancedrocketry:airlock_door_top_rh,model,src/main/resources/assets/advancedrocketry/models/airlock_door_top_rh.json,MISSING
src/main/resources/assets/advancedrocketry/blockstates/airlock_door.json,0,advancedrocketry:airlock_door_top_rh,model,src/main/resources/assets/advancedrocketry/models/airlock_door_top_rh.json,MISSING
src/main/resources/assets/advancedrocketry/blockstates/airlock_door.json,0,advancedrocketry:airlock_door_top_rh,model,src/main/resources/assets/advancedrocketry/models/airlock_door_top_rh.json,MISSING
src/main/resources/assets/advancedrocketry/blockstates/airlock_door.json,0,advancedrocketry:airlock_door_top_rh,model,src/main/resources/assets/advancedrocketry/models/airlock_door_top_rh.json,MISSING
src/main/resources/assets/advancedrocketry/blockstates/airlock_door.json,0,advancedrocketry:airlock_door_top_rh,model,src/main/resources/assets/advancedrocketry/models/airlock_door_top_rh.json,MISSING
src/main/resources/assets/advancedrocketry/blockstates/airlock_door.json,0,advancedrocketry:airlock_door_top_rh,model,src/main/resources/assets/advancedrocketry/models/airlock_door_top_rh.json,MISSING
src/main/resources/assets/advancedrocketry/blockstates/airlock_door.json,0,advancedrocketry:airlock_door_top_rh,model,src/main/resources/assets/advancedrocketry/models/airlock_door_top_rh.json,MISSING
src/main/resources/assets/advancedrocketry/blockstates/airlock_door.json,0,advancedrocketry:airlock_door_top_rh,model,src/main/resources/assets/advancedrocketry/models/airlock_door_top_rh.json,MISSING
src/main/resources/assets/advancedrocketry/blockstates/airlock_door.json,0,advancedrocketry:airlock_door_top_rh,model,src/main/resources/assets/advancedrocketry/models/airlock_door_top_rh.json,MISSING
src/main/resources/assets/advancedrocketry/blockstates/alienleaves.json,0,advancedrocketry:blocks/leaves_alien,texture,src/main/resources/assets/advancedrocketry/textures/blocks/leaves_alien.png,PRESENT
src/main/resources/assets/advancedrocketry/blockstates/alienleaves.json,0,forge:default-block,model,,EXTERNAL_NAMESPACE
src/main/resources/assets/advancedrocketry/blockstates/alienleaves.json,0,minecraft:leaves,model,,EXTERNAL_NAMESPACE
src/main/resources/assets/advancedrocketry/blockstates/aliensapling.json,0,advancedrocketry:blocks/sapling_blueTree,texture,src/main/resources/assets/advancedrocketry/textures/blocks/sapling_blueTree.png,MISSING
src/main/resources/assets/advancedrocketry/blockstates/aliensapling.json,0,forge:default-block,model,,EXTERNAL_NAMESPACE
src/main/resources/assets/advancedrocketry/blockstates/aliensapling.json,0,minecraft:cross,model,,EXTERNAL_NAMESPACE
src/main/resources/assets/advancedrocketry/blockstates/alienwood.json,0,advancedrocketry:blocks/log_blue,texture,src/main/resources/assets/advancedrocketry/textures/blocks/log_blue.png,PRESENT
src/main/resources/assets/advancedrocketry/blockstates/alienwood.json,0,advancedrocketry:blocks/log_blue,texture,src/main/resources/assets/advancedrocketry/textures/blocks/log_blue.png,PRESENT
src/main/resources/assets/advancedrocketry/blockstates/alienwood.json,0,advancedrocketry:blocks/log_blue_top,texture,src/main/resources/assets/advancedrocketry/textures/blocks/log_blue_top.png,PRESENT
src/main/resources/assets/advancedrocketry/blockstates/alienwood.json,0,forge:default-block,model,,EXTERNAL_NAMESPACE
src/main/resources/assets/advancedrocketry/blockstates/alienwood.json,0,minecraft:cube_all,model,,EXTERNAL_NAMESPACE
src/main/resources/assets/advancedrocketry/blockstates/alienwood.json,0,minecraft:cube_column,model,,EXTERNAL_NAMESPACE
src/main/resources/assets/advancedrocketry/blockstates/alienwood.json,0,minecraft:cube_column,model,,EXTERNAL_NAMESPACE
src/main/resources/assets/advancedrocketry/blockstates/alienwood.json,0,minecraft:cube_column,model,,EXTERNAL_NAMESPACE
src/main/resources/assets/advancedrocketry/blockstates/altitudecontroller.json,0,advancedrocketry:blocks/machineOrientationControl,texture,src/main/resources/assets/advancedrocketry/textures/blocks/machineOrientationControl.png,MISSING
src/main/resources/assets/advancedrocketry/blockstates/altitudecontroller.json,0,advancedrocketry:blocks/machineOrientationControl,texture,src/main/resources/assets/advancedrocketry/textures/blocks/machineOrientationControl.png,MISSING
src/main/resources/assets/advancedrocketry/blockstates/altitudecontroller.json,0,forge:default-block,model,,EXTERNAL_NAMESPACE
src/main/resources/assets/advancedrocketry/blockstates/altitudecontroller.json,0,libvulpes:blocks/machineGeneric,texture,,EXTERNAL_NAMESPACE
src/main/resources/assets/advancedrocketry/blockstates/altitudecontroller.json,0,minecraft:orientable,model,,EXTERNAL_NAMESPACE
src/main/resources/assets/advancedrocketry/blockstates/altitudecontroller.json,0,minecraft:orientable,model,,EXTERNAL_NAMESPACE
src/main/resources/assets/advancedrocketry/blockstates/altitudecontroller.json,0,minecraft:orientable,model,,EXTERNAL_NAMESPACE
src/main/resources/assets/advancedrocketry/blockstates/altitudecontroller.json,0,minecraft:orientable,model,,EXTERNAL_NAMESPACE
src/main/resources/assets/advancedrocketry/blockstates/altitudecontroller.json,0,minecraft:orientable,model,,EXTERNAL_NAMESPACE
src/main/resources/assets/advancedrocketry/blockstates/altitudecontroller.json,0,minecraft:orientable,model,,EXTERNAL_NAMESPACE
src/main/resources/assets/advancedrocketry/blockstates/altitudecontroller.json,0,minecraft:orientable,model,,EXTERNAL_NAMESPACE
src/main/resources/assets/advancedrocketry/blockstates/altitudecontroller.json,0,minecraft:orientable,model,,EXTERNAL_NAMESPACE
src/main/resources/assets/advancedrocketry/blockstates/arcfurnace.json,0,advancedrocketry:blocks/blastbrick,texture,src/main/resources/assets/advancedrocketry/textures/blocks/blastbrick.png,PRESENT
src/main/resources/assets/advancedrocketry/blockstates/arcfurnace.json,0,advancedrocketry:blocks/blastbrick,texture,src/main/resources/assets/advancedrocketry/textures/blocks/blastbrick.png,PRESENT
src/main/resources/assets/advancedrocketry/blockstates/arcfurnace.json,0,advancedrocketry:blocks/blastbrickfront,texture,src/main/resources/assets/advancedrocketry/textures/blocks/blastbrickfront.png,PRESENT
src/main/resources/assets/advancedrocketry/blockstates/arcfurnace.json,0,advancedrocketry:blocks/blastbrickfront_active,texture,src/main/resources/assets/advancedrocketry/textures/blocks/blastbrickfront_active.png,PRESENT
src/main/resources/assets/advancedrocketry/blockstates/arcfurnace.json,0,advancedrocketry:blocks/blastbrickfront_active,texture,src/main/resources/assets/advancedrocketry/textures/blocks/blastbrickfront_active.png,PRESENT
src/main/resources/assets/advancedrocketry/blockstates/arcfurnace.json,0,advancedrocketry:blocks/blastbrickfront_active,texture,src/main/resources/assets/advancedrocketry/textures/blocks/blastbrickfront_active.png,PRESENT
src/main/resources/assets/advancedrocketry/blockstates/arcfurnace.json,0,advancedrocketry:blocks/blastbrickfront_active,texture,src/main/resources/assets/advancedrocketry/textures/blocks/blastbrickfront_active.png,PRESENT
src/main/resources/assets/advancedrocketry/blockstates/arcfurnace.json,0,forge:default-block,model,,EXTERNAL_NAMESPACE
src/main/resources/assets/advancedrocketry/blockstates/arcfurnace.json,0,minecraft:orientable,model,,EXTERNAL_NAMESPACE
src/main/resources/assets/advancedrocketry/blockstates/arcfurnace.json,0,minecraft:orientable,model,,EXTERNAL_NAMESPACE
src/main/resources/assets/advancedrocketry/blockstates/arcfurnace.json,0,minecraft:orientable,model,,EXTERNAL_NAMESPACE
src/main/resources/assets/advancedrocketry/blockstates/arcfurnace.json,0,minecraft:orientable,model,,EXTERNAL_NAMESPACE
src/main/resources/assets/advancedrocketry/blockstates/arcfurnace.json,0,minecraft:orientable,model,,EXTERNAL_NAMESPACE
src/main/resources/assets/advancedrocketry/blockstates/arcfurnace.json,0,minecraft:orientable,model,,EXTERNAL_NAMESPACE
src/main/resources/assets/advancedrocketry/blockstates/arcfurnace.json,0,minecraft:orientable,model,,EXTERNAL_NAMESPACE
src/main/resources/assets/advancedrocketry/blockstates/arcfurnace.json,0,minecraft:orientable,model,,EXTERNAL_NAMESPACE
src/main/resources/assets/advancedrocketry/blockstates/basalt.json,0,advancedrocketry:blocks/basalt,texture,src/main/resources/assets/advancedrocketry/textures/blocks/basalt.png,PRESENT
src/main/resources/assets/advancedrocketry/blockstates/basalt.json,0,forge:default-block,model,,EXTERNAL_NAMESPACE
src/main/resources/assets/advancedrocketry/blockstates/basalt.json,0,minecraft:cube_all,model,,EXTERNAL_NAMESPACE
src/main/resources/assets/advancedrocketry/blockstates/beacon.json,0,advancedrocketry:blocks/beacon,texture,src/main/resources/assets/advancedrocketry/textures/blocks/beacon.png,PRESENT
src/main/resources/assets/advancedrocketry/blockstates/beacon.json,0,forge:default-block,model,,EXTERNAL_NAMESPACE
src/main/resources/assets/advancedrocketry/blockstates/beacon.json,0,libvulpes:blocks/machinegeneric,texture,,EXTERNAL_NAMESPACE
src/main/resources/assets/advancedrocketry/blockstates/beacon.json,0,libvulpes:blocks/machinegeneric,texture,,EXTERNAL_NAMESPACE
src/main/resources/assets/advancedrocketry/blockstates/beacon.json,0,minecraft:orientable,model,,EXTERNAL_NAMESPACE
src/main/resources/assets/advancedrocketry/blockstates/beacon.json,0,minecraft:orientable,model,,EXTERNAL_NAMESPACE
src/main/resources/assets/advancedrocketry/blockstates/beacon.json,0,minecraft:orientable,model,,EXTERNAL_NAMESPACE
src/main/resources/assets/advancedrocketry/blockstates/beacon.json,0,minecraft:orientable,model,,EXTERNAL_NAMESPACE
src/main/resources/assets/advancedrocketry/blockstates/beacon.json,0,minecraft:orientable,model,,EXTERNAL_NAMESPACE
src/main/resources/assets/advancedrocketry/blockstates/beacon.json,0,minecraft:orientable,model,,EXTERNAL_NAMESPACE
src/main/resources/assets/advancedrocketry/blockstates/beacon.json,0,minecraft:orientable,model,,EXTERNAL_NAMESPACE
src/main/resources/assets/advancedrocketry/blockstates/biomescanner.json,0,advancedrocketry:blocks/guidancecomputer,texture,src/main/resources/assets/advancedrocketry/textures/blocks/guidancecomputer.png,PRESENT
src/main/resources/assets/advancedrocketry/blockstates/biomescanner.json,0,advancedrocketry:blocks/guidancecomputer,texture,src/main/resources/assets/advancedrocketry/textures/blocks/guidancecomputer.png,PRESENT
src/main/resources/assets/advancedrocketry/blockstates/biomescanner.json,0,advancedrocketry:blocks/laserbottom,texture,src/main/resources/assets/advancedrocketry/textures/blocks/laserbottom.png,PRESENT
src/main/resources/assets/advancedrocketry/blockstates/biomescanner.json,0,advancedrocketry:orientablebottom,model,src/main/resources/assets/advancedrocketry/models/orientablebottom.json,MISSING
src/main/resources/assets/advancedrocketry/blockstates/biomescanner.json,0,advancedrocketry:orientablebottom,model,src/main/resources/assets/advancedrocketry/models/orientablebottom.json,MISSING
src/main/resources/assets/advancedrocketry/blockstates/biomescanner.json,0,advancedrocketry:orientablebottom,model,src/main/resources/assets/advancedrocketry/models/orientablebottom.json,MISSING
src/main/resources/assets/advancedrocketry/blockstates/biomescanner.json,0,advancedrocketry:orientablebottom,model,src/main/resources/assets/advancedrocketry/models/orientablebottom.json,MISSING
src/main/resources/assets/advancedrocketry/blockstates/biomescanner.json,0,advancedrocketry:orientablebottom,model,src/main/resources/assets/advancedrocketry/models/orientablebottom.json,MISSING
src/main/resources/assets/advancedrocketry/blockstates/biomescanner.json,0,advancedrocketry:orientablebottom,model,src/main/resources/assets/advancedrocketry/models/orientablebottom.json,MISSING
src/main/resources/assets/advancedrocketry/blockstates/biomescanner.json,0,advancedrocketry:orientablebottom,model,src/main/resources/assets/advancedrocketry/models/orientablebottom.json,MISSING
src/main/resources/assets/advancedrocketry/blockstates/biomescanner.json,0,forge:default-block,model,,EXTERNAL_NAMESPACE
src/main/resources/assets/advancedrocketry/blockstates/biomescanner.json,0,libvulpes:blocks/machinegeneric,texture,,EXTERNAL_NAMESPACE
src/main/resources/assets/advancedrocketry/blockstates/bipropellantfueltank.json,0,advancedrocketry:models/bottomtank.obj,model,src/main/resources/assets/advancedrocketry/models/models/bottomtank.obj.json,MISSING
src/main/resources/assets/advancedrocketry/blockstates/bipropellantfueltank.json,0,advancedrocketry:models/middletank.obj,model,src/main/resources/assets/advancedrocketry/models/models/middletank.obj.json,MISSING
src/main/resources/assets/advancedrocketry/blockstates/bipropellantfueltank.json,0,advancedrocketry:models/middletank.obj,model,src/main/resources/assets/advancedrocketry/models/models/middletank.obj.json,MISSING
src/main/resources/assets/advancedrocketry/blockstates/bipropellantfueltank.json,0,advancedrocketry:models/middletank.obj,model,src/main/resources/assets/advancedrocketry/models/models/middletank.obj.json,MISSING
src/main/resources/assets/advancedrocketry/blockstates/bipropellantfueltank.json,0,advancedrocketry:models/toptank.obj,model,src/main/resources/assets/advancedrocketry/models/models/toptank.obj.json,MISSING
src/main/resources/assets/advancedrocketry/blockstates/bipropellantfueltank.json,0,advancedrocketry:textures/models/tank,texture,src/main/resources/assets/advancedrocketry/textures/textures/models/tank.png,MISSING
src/main/resources/assets/advancedrocketry/blockstates/bipropellantfueltank.json,0,forge:default-block,model,,EXTERNAL_NAMESPACE
src/main/resources/assets/advancedrocketry/blockstates/bipropellantrocketmotor.json,0,advancedrocketry:/models/bipropellantcombustion,texture,src/main/resources/assets/advancedrocketry/textures//models/bipropellantcombustion.png,MISSING
src/main/resources/assets/advancedrocketry/blockstates/bipropellantrocketmotor.json,0,advancedrocketry:models/bipropellantrocketmotor.obj,model,src/main/resources/assets/advancedrocketry/models/models/bipropellantrocketmotor.obj.json,MISSING
src/main/resources/assets/advancedrocketry/blockstates/bipropellantrocketmotor.json,0,advancedrocketry:models/bipropellantrocketmotor.obj,model,src/main/resources/assets/advancedrocketry/models/models/bipropellantrocketmotor.obj.json,MISSING
src/main/resources/assets/advancedrocketry/blockstates/bipropellantrocketmotor.json,0,advancedrocketry:models/bipropellantrocketmotor.obj,model,src/main/resources/assets/advancedrocketry/models/models/bipropellantrocketmotor.obj.json,MISSING
src/main/resources/assets/advancedrocketry/blockstates/bipropellantrocketmotor.json,0,advancedrocketry:models/bipropellantrocketmotor.obj,model,src/main/resources/assets/advancedrocketry/models/models/bipropellantrocketmotor.obj.json,MISSING
src/main/resources/assets/advancedrocketry/blockstates/bipropellantrocketmotor.json,0,advancedrocketry:models/bipropellantrocketmotor.obj,model,src/main/resources/assets/advancedrocketry/models/models/bipropellantrocketmotor.obj.json,MISSING
src/main/resources/assets/advancedrocketry/blockstates/bipropellantrocketmotor.json,0,advancedrocketry:models/bipropellantrocketmotor.obj,model,src/main/resources/assets/advancedrocketry/models/models/bipropellantrocketmotor.obj.json,MISSING
src/main/resources/assets/advancedrocketry/blockstates/bipropellantrocketmotor.json,0,advancedrocketry:models/bipropellantrocketmotor.obj,model,src/main/resources/assets/advancedrocketry/models/models/bipropellantrocketmotor.obj.json,MISSING
src/main/resources/assets/advancedrocketry/blockstates/bipropellantrocketmotor.json,0,advancedrocketry:models/bipropellantrocketmotor.obj,model,src/main/resources/assets/advancedrocketry/models/models/bipropellantrocketmotor.obj.json,MISSING
src/main/resources/assets/advancedrocketry/blockstates/bipropellantrocketmotor.json,0,advancedrocketry:textures/models/bipropellantcombustion.png,model,src/main/resources/assets/advancedrocketry/models/textures/models/bipropellantcombustion.png.json,MISSING
src/main/resources/assets/advancedrocketry/blockstates/bipropellantrocketmotor.json,0,advancedrocketry:textures/models/bipropellantcombustion.png,model,src/main/resources/assets/advancedrocketry/models/textures/models/bipropellantcombustion.png.json,MISSING
src/main/resources/assets/advancedrocketry/blockstates/bipropellantrocketmotor.json,0,advancedrocketry:textures/models/bipropellantcombustion.png,model,src/main/resources/assets/advancedrocketry/models/textures/models/bipropellantcombustion.png.json,MISSING
src/main/resources/assets/advancedrocketry/blockstates/bipropellantrocketmotor.json,0,advancedrocketry:textures/models/bipropellantcombustion.png,model,src/main/resources/assets/advancedrocketry/models/textures/models/bipropellantcombustion.png.json,MISSING
src/main/resources/assets/advancedrocketry/blockstates/bipropellantrocketmotor.json,0,advancedrocketry:textures/models/bipropellantcombustion.png,model,src/main/resources/assets/advancedrocketry/models/textures/models/bipropellantcombustion.png.json,MISSING
src/main/resources/assets/advancedrocketry/blockstates/bipropellantrocketmotor.json,0,advancedrocketry:textures/models/bipropellantcombustion.png,model,src/main/resources/assets/advancedrocketry/models/textures/models/bipropellantcombustion.png.json,MISSING
src/main/resources/assets/advancedrocketry/blockstates/bipropellantrocketmotor.json,0,advancedrocketry:textures/models/bipropellantcombustion.png,texture,src/main/resources/assets/advancedrocketry/textures/textures/models/bipropellantcombustion.png.png,MISSING
src/main/resources/assets/advancedrocketry/blockstates/bipropellantrocketmotor.json,0,forge:default-block,model,,EXTERNAL_NAMESPACE
src/main/resources/assets/advancedrocketry/blockstates/blackholegenerator.json,0,advancedrocketry:blocks/monitorfrontmid,texture,src/main/resources/assets/advancedrocketry/textures/blocks/monitorfrontmid.png,PRESENT
src/main/resources/assets/advancedrocketry/blockstates/blackholegenerator.json,0,forge:default-block,model,,EXTERNAL_NAMESPACE
src/main/resources/assets/advancedrocketry/blockstates/blackholegenerator.json,0,libvulpes:blocks/machinegeneric,texture,,EXTERNAL_NAMESPACE
src/main/resources/assets/advancedrocketry/blockstates/blackholegenerator.json,0,libvulpes:blocks/machinegeneric,texture,,EXTERNAL_NAMESPACE
src/main/resources/assets/advancedrocketry/blockstates/blackholegenerator.json,0,minecraft:orientable,model,,EXTERNAL_NAMESPACE
src/main/resources/assets/advancedrocketry/blockstates/blackholegenerator.json,0,minecraft:orientable,model,,EXTERNAL_NAMESPACE
src/main/resources/assets/advancedrocketry/blockstates/blackholegenerator.json,0,minecraft:orientable,model,,EXTERNAL_NAMESPACE
src/main/resources/assets/advancedrocketry/blockstates/blackholegenerator.json,0,minecraft:orientable,model,,EXTERNAL_NAMESPACE
src/main/resources/assets/advancedrocketry/blockstates/blackholegenerator.json,0,minecraft:orientable,model,,EXTERNAL_NAMESPACE
src/main/resources/assets/advancedrocketry/blockstates/blackholegenerator.json,0,minecraft:orientable,model,,EXTERNAL_NAMESPACE
src/main/resources/assets/advancedrocketry/blockstates/blackholegenerator.json,0,minecraft:orientable,model,,EXTERNAL_NAMESPACE
src/main/resources/assets/advancedrocketry/blockstates/blastbrick.json,0,advancedrocketry:blocks/blastbrick,texture,src/main/resources/assets/advancedrocketry/textures/blocks/blastbrick.png,PRESENT
src/main/resources/assets/advancedrocketry/blockstates/blastbrick.json,0,forge:default-block,model,,EXTERNAL_NAMESPACE
src/main/resources/assets/advancedrocketry/blockstates/blastbrick.json,0,minecraft:cube_all,model,,EXTERNAL_NAMESPACE
src/main/resources/assets/advancedrocketry/blockstates/blocklens.json,0,advancedrocketry:blocks/lens1,texture,src/main/resources/assets/advancedrocketry/textures/blocks/lens1.png,PRESENT
src/main/resources/assets/advancedrocketry/blockstates/blocklens.json,0,forge:default-block,model,,EXTERNAL_NAMESPACE
src/main/resources/assets/advancedrocketry/blockstates/blocklens.json,0,minecraft:cube_all,model,,EXTERNAL_NAMESPACE
src/main/resources/assets/advancedrocketry/blockstates/blockpump.json,0,advancedrocketry:blocks/pumpbottom,texture,src/main/resources/assets/advancedrocketry/textures/blocks/pumpbottom.png,PRESENT
src/main/resources/assets/advancedrocketry/blockstates/blockpump.json,0,advancedrocketry:blocks/pumpside,texture,src/main/resources/assets/advancedrocketry/textures/blocks/pumpside.png,PRESENT
src/main/resources/assets/advancedrocketry/blockstates/blockpump.json,0,advancedrocketry:blocks/pumpside,texture,src/main/resources/assets/advancedrocketry/textures/blocks/pumpside.png,PRESENT
src/main/resources/assets/advancedrocketry/blockstates/blockpump.json,0,advancedrocketry:orientablebottom,model,src/main/resources/assets/advancedrocketry/models/orientablebottom.json,MISSING
src/main/resources/assets/advancedrocketry/blockstates/blockpump.json,0,advancedrocketry:orientablebottom,model,src/main/resources/assets/advancedrocketry/models/orientablebottom.json,MISSING
src/main/resources/assets/advancedrocketry/blockstates/blockpump.json,0,advancedrocketry:orientablebottom,model,src/main/resources/assets/advancedrocketry/models/orientablebottom.json,MISSING
src/main/resources/assets/advancedrocketry/blockstates/blockpump.json,0,advancedrocketry:orientablebottom,model,src/main/resources/assets/advancedrocketry/models/orientablebottom.json,MISSING
src/main/resources/assets/advancedrocketry/blockstates/blockpump.json,0,advancedrocketry:orientablebottom,model,src/main/resources/assets/advancedrocketry/models/orientablebottom.json,MISSING
src/main/resources/assets/advancedrocketry/blockstates/blockpump.json,0,advancedrocketry:orientablebottom,model,src/main/resources/assets/advancedrocketry/models/orientablebottom.json,MISSING
src/main/resources/assets/advancedrocketry/blockstates/blockpump.json,0,advancedrocketry:orientablebottom,model,src/main/resources/assets/advancedrocketry/models/orientablebottom.json,MISSING
src/main/resources/assets/advancedrocketry/blockstates/blockpump.json,0,forge:default-block,model,,EXTERNAL_NAMESPACE
src/main/resources/assets/advancedrocketry/blockstates/blockpump.json,0,libvulpes:blocks/machinegeneric,texture,,EXTERNAL_NAMESPACE
src/main/resources/assets/advancedrocketry/blockstates/centrifuge.json,0,advancedrocketry:blocks/machineelectrolyzer,texture,src/main/resources/assets/advancedrocketry/textures/blocks/machineelectrolyzer.png,PRESENT
src/main/resources/assets/advancedrocketry/blockstates/centrifuge.json,0,forge:default-block,model,,EXTERNAL_NAMESPACE
src/main/resources/assets/advancedrocketry/blockstates/centrifuge.json,0,libvulpes:blocks/machinegeneric,texture,,EXTERNAL_NAMESPACE
src/main/resources/assets/advancedrocketry/blockstates/centrifuge.json,0,libvulpes:blocks/machinegeneric,texture,,EXTERNAL_NAMESPACE
src/main/resources/assets/advancedrocketry/blockstates/centrifuge.json,0,minecraft:orientable,model,,EXTERNAL_NAMESPACE
src/main/resources/assets/advancedrocketry/blockstates/centrifuge.json,0,minecraft:orientable,model,,EXTERNAL_NAMESPACE
src/main/resources/assets/advancedrocketry/blockstates/centrifuge.json,0,minecraft:orientable,model,,EXTERNAL_NAMESPACE
src/main/resources/assets/advancedrocketry/blockstates/centrifuge.json,0,minecraft:orientable,model,,EXTERNAL_NAMESPACE
src/main/resources/assets/advancedrocketry/blockstates/centrifuge.json,0,minecraft:orientable,model,,EXTERNAL_NAMESPACE
src/main/resources/assets/advancedrocketry/blockstates/centrifuge.json,0,minecraft:orientable,model,,EXTERNAL_NAMESPACE
src/main/resources/assets/advancedrocketry/blockstates/centrifuge.json,0,minecraft:orientable,model,,EXTERNAL_NAMESPACE
src/main/resources/assets/advancedrocketry/blockstates/charcoallog.json,0,advancedrocketry:blocks/log_charcoal,texture,src/main/resources/assets/advancedrocketry/textures/blocks/log_charcoal.png,PRESENT
src/main/resources/assets/advancedrocketry/blockstates/charcoallog.json,0,advancedrocketry:blocks/log_charcoal,texture,src/main/resources/assets/advancedrocketry/textures/blocks/log_charcoal.png,PRESENT
src/main/resources/assets/advancedrocketry/blockstates/charcoallog.json,0,advancedrocketry:blocks/log_charcoal_top,texture,src/main/resources/assets/advancedrocketry/textures/blocks/log_charcoal_top.png,PRESENT
src/main/resources/assets/advancedrocketry/blockstates/charcoallog.json,0,forge:default-block,model,,EXTERNAL_NAMESPACE
src/main/resources/assets/advancedrocketry/blockstates/charcoallog.json,0,minecraft:cube_all,model,,EXTERNAL_NAMESPACE
src/main/resources/assets/advancedrocketry/blockstates/charcoallog.json,0,minecraft:cube_column,model,,EXTERNAL_NAMESPACE
src/main/resources/assets/advancedrocketry/blockstates/charcoallog.json,0,minecraft:cube_column,model,,EXTERNAL_NAMESPACE
src/main/resources/assets/advancedrocketry/blockstates/charcoallog.json,0,minecraft:cube_column,model,,EXTERNAL_NAMESPACE
src/main/resources/assets/advancedrocketry/blockstates/chemicalreactor.json,0,advancedrocketry:blocks/crystallizer,texture,src/main/resources/assets/advancedrocketry/textures/blocks/crystallizer.png,PRESENT
src/main/resources/assets/advancedrocketry/blockstates/chemicalreactor.json,0,advancedrocketry:blocks/crystallizer_active,texture,src/main/resources/assets/advancedrocketry/textures/blocks/crystallizer_active.png,PRESENT
src/main/resources/assets/advancedrocketry/blockstates/chemicalreactor.json,0,advancedrocketry:blocks/crystallizer_active,texture,src/main/resources/assets/advancedrocketry/textures/blocks/crystallizer_active.png,PRESENT
src/main/resources/assets/advancedrocketry/blockstates/chemicalreactor.json,0,advancedrocketry:blocks/crystallizer_active,texture,src/main/resources/assets/advancedrocketry/textures/blocks/crystallizer_active.png,PRESENT
src/main/resources/assets/advancedrocketry/blockstates/chemicalreactor.json,0,advancedrocketry:blocks/crystallizer_active,texture,src/main/resources/assets/advancedrocketry/textures/blocks/crystallizer_active.png,PRESENT
src/main/resources/assets/advancedrocketry/blockstates/chemicalreactor.json,0,forge:default-block,model,,EXTERNAL_NAMESPACE
src/main/resources/assets/advancedrocketry/blockstates/chemicalreactor.json,0,libvulpes:blocks/machinegeneric,texture,,EXTERNAL_NAMESPACE
src/main/resources/assets/advancedrocketry/blockstates/chemicalreactor.json,0,libvulpes:blocks/machinegeneric,texture,,EXTERNAL_NAMESPACE
src/main/resources/assets/advancedrocketry/blockstates/chemicalreactor.json,0,minecraft:orientable,model,,EXTERNAL_NAMESPACE
src/main/resources/assets/advancedrocketry/blockstates/chemicalreactor.json,0,minecraft:orientable,model,,EXTERNAL_NAMESPACE
src/main/resources/assets/advancedrocketry/blockstates/chemicalreactor.json,0,minecraft:orientable,model,,EXTERNAL_NAMESPACE
src/main/resources/assets/advancedrocketry/blockstates/chemicalreactor.json,0,minecraft:orientable,model,,EXTERNAL_NAMESPACE
src/main/resources/assets/advancedrocketry/blockstates/chemicalreactor.json,0,minecraft:orientable,model,,EXTERNAL_NAMESPACE
src/main/resources/assets/advancedrocketry/blockstates/chemicalreactor.json,0,minecraft:orientable,model,,EXTERNAL_NAMESPACE
src/main/resources/assets/advancedrocketry/blockstates/chemicalreactor.json,0,minecraft:orientable,model,,EXTERNAL_NAMESPACE
src/main/resources/assets/advancedrocketry/blockstates/chemicalreactor.json,0,minecraft:orientable,model,,EXTERNAL_NAMESPACE
src/main/resources/assets/advancedrocketry/blockstates/circlelight.json,0,advancedrocketry:blocks/stationlight,texture,src/main/resources/assets/advancedrocketry/textures/blocks/stationlight.png,PRESENT
src/main/resources/assets/advancedrocketry/blockstates/circlelight.json,0,forge:default-block,model,,EXTERNAL_NAMESPACE
src/main/resources/assets/advancedrocketry/blockstates/circlelight.json,0,minecraft:cube_all,model,,EXTERNAL_NAMESPACE
src/main/resources/assets/advancedrocketry/blockstates/concrete.json,0,advancedrocketry:blocks/rocketpad_noedge,texture,src/main/resources/assets/advancedrocketry/textures/blocks/rocketpad_noedge.png,PRESENT
src/main/resources/assets/advancedrocketry/blockstates/concrete.json,0,forge:default-block,model,,EXTERNAL_NAMESPACE
src/main/resources/assets/advancedrocketry/blockstates/concrete.json,0,minecraft:cube_all,model,,EXTERNAL_NAMESPACE
src/main/resources/assets/advancedrocketry/blockstates/crystal.json,0,advancedrocketry:blocks/crystal,texture,src/main/resources/assets/advancedrocketry/textures/blocks/crystal.png,PRESENT
src/main/resources/assets/advancedrocketry/blockstates/crystal.json,0,forge:default-block,model,,EXTERNAL_NAMESPACE
src/main/resources/assets/advancedrocketry/blockstates/crystal.json,0,libvulpes:tintedcubeall,model,,EXTERNAL_NAMESPACE
src/main/resources/assets/advancedrocketry/blockstates/crystallizer.json,0,advancedrocketry:blocks/crystallizer,texture,src/main/resources/assets/advancedrocketry/textures/blocks/crystallizer.png,PRESENT
src/main/resources/assets/advancedrocketry/blockstates/crystallizer.json,0,advancedrocketry:blocks/crystallizer_active,texture,src/main/resources/assets/advancedrocketry/textures/blocks/crystallizer_active.png,PRESENT
src/main/resources/assets/advancedrocketry/blockstates/crystallizer.json,0,advancedrocketry:blocks/crystallizer_active,texture,src/main/resources/assets/advancedrocketry/textures/blocks/crystallizer_active.png,PRESENT
src/main/resources/assets/advancedrocketry/blockstates/crystallizer.json,0,advancedrocketry:blocks/crystallizer_active,texture,src/main/resources/assets/advancedrocketry/textures/blocks/crystallizer_active.png,PRESENT
src/main/resources/assets/advancedrocketry/blockstates/crystallizer.json,0,advancedrocketry:blocks/crystallizer_active,texture,src/main/resources/assets/advancedrocketry/textures/blocks/crystallizer_active.png,PRESENT
src/main/resources/assets/advancedrocketry/blockstates/crystallizer.json,0,forge:default-block,model,,EXTERNAL_NAMESPACE
src/main/resources/assets/advancedrocketry/blockstates/crystallizer.json,0,libvulpes:blocks/machinegeneric,texture,,EXTERNAL_NAMESPACE
src/main/resources/assets/advancedrocketry/blockstates/crystallizer.json,0,libvulpes:blocks/machinegeneric,texture,,EXTERNAL_NAMESPACE
src/main/resources/assets/advancedrocketry/blockstates/crystallizer.json,0,minecraft:orientable,model,,EXTERNAL_NAMESPACE
src/main/resources/assets/advancedrocketry/blockstates/crystallizer.json,0,minecraft:orientable,model,,EXTERNAL_NAMESPACE
src/main/resources/assets/advancedrocketry/blockstates/crystallizer.json,0,minecraft:orientable,model,,EXTERNAL_NAMESPACE
src/main/resources/assets/advancedrocketry/blockstates/crystallizer.json,0,minecraft:orientable,model,,EXTERNAL_NAMESPACE
src/main/resources/assets/advancedrocketry/blockstates/crystallizer.json,0,minecraft:orientable,model,,EXTERNAL_NAMESPACE
src/main/resources/assets/advancedrocketry/blockstates/crystallizer.json,0,minecraft:orientable,model,,EXTERNAL_NAMESPACE
src/main/resources/assets/advancedrocketry/blockstates/crystallizer.json,0,minecraft:orientable,model,,EXTERNAL_NAMESPACE
src/main/resources/assets/advancedrocketry/blockstates/crystallizer.json,0,minecraft:orientable,model,,EXTERNAL_NAMESPACE
src/main/resources/assets/advancedrocketry/blockstates/cuttingmachine.json,0,advancedrocketry:blocks/cuttingmachine,texture,src/main/resources/assets/advancedrocketry/textures/blocks/cuttingmachine.png,PRESENT
src/main/resources/assets/advancedrocketry/blockstates/cuttingmachine.json,0,advancedrocketry:blocks/cuttingmachine_active,texture,src/main/resources/assets/advancedrocketry/textures/blocks/cuttingmachine_active.png,PRESENT
src/main/resources/assets/advancedrocketry/blockstates/cuttingmachine.json,0,advancedrocketry:blocks/cuttingmachine_active,texture,src/main/resources/assets/advancedrocketry/textures/blocks/cuttingmachine_active.png,PRESENT
src/main/resources/assets/advancedrocketry/blockstates/cuttingmachine.json,0,advancedrocketry:blocks/cuttingmachine_active,texture,src/main/resources/assets/advancedrocketry/textures/blocks/cuttingmachine_active.png,PRESENT
src/main/resources/assets/advancedrocketry/blockstates/cuttingmachine.json,0,advancedrocketry:blocks/cuttingmachine_active,texture,src/main/resources/assets/advancedrocketry/textures/blocks/cuttingmachine_active.png,PRESENT
src/main/resources/assets/advancedrocketry/blockstates/cuttingmachine.json,0,forge:default-block,model,,EXTERNAL_NAMESPACE
src/main/resources/assets/advancedrocketry/blockstates/cuttingmachine.json,0,libvulpes:blocks/machinegeneric,texture,,EXTERNAL_NAMESPACE
src/main/resources/assets/advancedrocketry/blockstates/cuttingmachine.json,0,libvulpes:blocks/machinegeneric,texture,,EXTERNAL_NAMESPACE
src/main/resources/assets/advancedrocketry/blockstates/cuttingmachine.json,0,minecraft:orientable,model,,EXTERNAL_NAMESPACE
src/main/resources/assets/advancedrocketry/blockstates/cuttingmachine.json,0,minecraft:orientable,model,,EXTERNAL_NAMESPACE
src/main/resources/assets/advancedrocketry/blockstates/cuttingmachine.json,0,minecraft:orientable,model,,EXTERNAL_NAMESPACE
src/main/resources/assets/advancedrocketry/blockstates/cuttingmachine.json,0,minecraft:orientable,model,,EXTERNAL_NAMESPACE
src/main/resources/assets/advancedrocketry/blockstates/cuttingmachine.json,0,minecraft:orientable,model,,EXTERNAL_NAMESPACE
src/main/resources/assets/advancedrocketry/blockstates/cuttingmachine.json,0,minecraft:orientable,model,,EXTERNAL_NAMESPACE
src/main/resources/assets/advancedrocketry/blockstates/cuttingmachine.json,0,minecraft:orientable,model,,EXTERNAL_NAMESPACE
src/main/resources/assets/advancedrocketry/blockstates/cuttingmachine.json,0,minecraft:orientable,model,,EXTERNAL_NAMESPACE
src/main/resources/assets/advancedrocketry/blockstates/datapipe.json,0,advancedrocketry:dataPipe,model,src/main/resources/assets/advancedrocketry/models/dataPipe.json,MISSING
src/main/resources/assets/advancedrocketry/blockstates/deployablerocketbuilder.json,0,advancedrocketry:blocks/monitorfront,texture,src/main/resources/assets/advancedrocketry/textures/blocks/monitorfront.png,PRESENT
src/main/resources/assets/advancedrocketry/blockstates/deployablerocketbuilder.json,0,forge:default-block,model,,EXTERNAL_NAMESPACE
src/main/resources/assets/advancedrocketry/blockstates/deployablerocketbuilder.json,0,libvulpes:blocks/machinegeneric,texture,,EXTERNAL_NAMESPACE
src/main/resources/assets/advancedrocketry/blockstates/deployablerocketbuilder.json,0,libvulpes:blocks/machinegeneric,texture,,EXTERNAL_NAMESPACE
src/main/resources/assets/advancedrocketry/blockstates/deployablerocketbuilder.json,0,minecraft:orientable,model,,EXTERNAL_NAMESPACE
src/main/resources/assets/advancedrocketry/blockstates/deployablerocketbuilder.json,0,minecraft:orientable,model,,EXTERNAL_NAMESPACE
src/main/resources/assets/advancedrocketry/blockstates/deployablerocketbuilder.json,0,minecraft:orientable,model,,EXTERNAL_NAMESPACE
src/main/resources/assets/advancedrocketry/blockstates/deployablerocketbuilder.json,0,minecraft:orientable,model,,EXTERNAL_NAMESPACE
src/main/resources/assets/advancedrocketry/blockstates/deployablerocketbuilder.json,0,minecraft:orientable,model,,EXTERNAL_NAMESPACE
src/main/resources/assets/advancedrocketry/blockstates/deployablerocketbuilder.json,0,minecraft:orientable,model,,EXTERNAL_NAMESPACE
src/main/resources/assets/advancedrocketry/blockstates/deployablerocketbuilder.json,0,minecraft:orientable,model,,EXTERNAL_NAMESPACE
src/main/resources/assets/advancedrocketry/blockstates/drill.json,0,advancedrocketry:blocks/laserbottom,texture,src/main/resources/assets/advancedrocketry/textures/blocks/laserbottom.png,PRESENT
src/main/resources/assets/advancedrocketry/blockstates/drill.json,0,advancedrocketry:blocks/machinewarning,texture,src/main/resources/assets/advancedrocketry/textures/blocks/machinewarning.png,PRESENT
src/main/resources/assets/advancedrocketry/blockstates/drill.json,0,advancedrocketry:blocks/machinewarning,texture,src/main/resources/assets/advancedrocketry/textures/blocks/machinewarning.png,PRESENT
src/main/resources/assets/advancedrocketry/blockstates/drill.json,0,forge:default-block,model,,EXTERNAL_NAMESPACE
src/main/resources/assets/advancedrocketry/blockstates/drill.json,0,minecraft:orientable,model,,EXTERNAL_NAMESPACE
src/main/resources/assets/advancedrocketry/blockstates/drill.json,0,minecraft:orientable,model,,EXTERNAL_NAMESPACE
src/main/resources/assets/advancedrocketry/blockstates/drill.json,0,minecraft:orientable,model,,EXTERNAL_NAMESPACE
src/main/resources/assets/advancedrocketry/blockstates/drill.json,0,minecraft:orientable,model,,EXTERNAL_NAMESPACE
src/main/resources/assets/advancedrocketry/blockstates/electricmushroom.json,0,advancedrocketry:blocks/mushroom_electric,texture,src/main/resources/assets/advancedrocketry/textures/blocks/mushroom_electric.png,PRESENT
src/main/resources/assets/advancedrocketry/blockstates/electricmushroom.json,0,forge:default-block,model,,EXTERNAL_NAMESPACE
src/main/resources/assets/advancedrocketry/blockstates/electricmushroom.json,0,minecraft:cross,model,,EXTERNAL_NAMESPACE
src/main/resources/assets/advancedrocketry/blockstates/electrolyser.json,0,advancedrocketry:blocks/machineelectrolyzer,texture,src/main/resources/assets/advancedrocketry/textures/blocks/machineelectrolyzer.png,PRESENT
src/main/resources/assets/advancedrocketry/blockstates/electrolyser.json,0,advancedrocketry:blocks/machineelectrolyzer_active,texture,src/main/resources/assets/advancedrocketry/textures/blocks/machineelectrolyzer_active.png,PRESENT
src/main/resources/assets/advancedrocketry/blockstates/electrolyser.json,0,advancedrocketry:blocks/machineelectrolyzer_active,texture,src/main/resources/assets/advancedrocketry/textures/blocks/machineelectrolyzer_active.png,PRESENT
src/main/resources/assets/advancedrocketry/blockstates/electrolyser.json,0,advancedrocketry:blocks/machineelectrolyzer_active,texture,src/main/resources/assets/advancedrocketry/textures/blocks/machineelectrolyzer_active.png,PRESENT
src/main/resources/assets/advancedrocketry/blockstates/electrolyser.json,0,advancedrocketry:blocks/machineelectrolyzer_active,texture,src/main/resources/assets/advancedrocketry/textures/blocks/machineelectrolyzer_active.png,PRESENT
src/main/resources/assets/advancedrocketry/blockstates/electrolyser.json,0,forge:default-block,model,,EXTERNAL_NAMESPACE
src/main/resources/assets/advancedrocketry/blockstates/electrolyser.json,0,libvulpes:blocks/machinegeneric,texture,,EXTERNAL_NAMESPACE
src/main/resources/assets/advancedrocketry/blockstates/electrolyser.json,0,libvulpes:blocks/machinegeneric,texture,,EXTERNAL_NAMESPACE
src/main/resources/assets/advancedrocketry/blockstates/electrolyser.json,0,minecraft:orientable,model,,EXTERNAL_NAMESPACE
src/main/resources/assets/advancedrocketry/blockstates/electrolyser.json,0,minecraft:orientable,model,,EXTERNAL_NAMESPACE
src/main/resources/assets/advancedrocketry/blockstates/electrolyser.json,0,minecraft:orientable,model,,EXTERNAL_NAMESPACE
src/main/resources/assets/advancedrocketry/blockstates/electrolyser.json,0,minecraft:orientable,model,,EXTERNAL_NAMESPACE
src/main/resources/assets/advancedrocketry/blockstates/electrolyser.json,0,minecraft:orientable,model,,EXTERNAL_NAMESPACE
src/main/resources/assets/advancedrocketry/blockstates/electrolyser.json,0,minecraft:orientable,model,,EXTERNAL_NAMESPACE
src/main/resources/assets/advancedrocketry/blockstates/electrolyser.json,0,minecraft:orientable,model,,EXTERNAL_NAMESPACE
src/main/resources/assets/advancedrocketry/blockstates/electrolyser.json,0,minecraft:orientable,model,,EXTERNAL_NAMESPACE
src/main/resources/assets/advancedrocketry/blockstates/energypipe.json,0,advancedrocketry:energyPipe,model,src/main/resources/assets/advancedrocketry/models/energyPipe.json,MISSING
src/main/resources/assets/advancedrocketry/blockstates/fluid.json,0,forge:default-item,model,,EXTERNAL_NAMESPACE
src/main/resources/assets/advancedrocketry/blockstates/fluid.json,0,forge:fluid,model,,EXTERNAL_NAMESPACE
src/main/resources/assets/advancedrocketry/blockstates/forcefield.json,0,advancedrocketry:blocks/forcefield,texture,src/main/resources/assets/advancedrocketry/textures/blocks/forcefield.png,PRESENT
src/main/resources/assets/advancedrocketry/blockstates/forcefield.json,0,forge:default-block,model,,EXTERNAL_NAMESPACE
src/main/resources/assets/advancedrocketry/blockstates/forcefield.json,0,minecraft:cube_all,model,,EXTERNAL_NAMESPACE
src/main/resources/assets/advancedrocketry/blockstates/forcefieldprojector.json,0,advancedrocketry:blocks/forceFieldProjectorFront,texture,src/main/resources/assets/advancedrocketry/textures/blocks/forceFieldProjectorFront.png,MISSING
src/main/resources/assets/advancedrocketry/blockstates/forcefieldprojector.json,0,advancedrocketry:blocks/forcefieldProjector,texture,src/main/resources/assets/advancedrocketry/textures/blocks/forcefieldProjector.png,MISSING
src/main/resources/assets/advancedrocketry/blockstates/forcefieldprojector.json,0,advancedrocketry:blocks/forcefieldProjector,texture,src/main/resources/assets/advancedrocketry/textures/blocks/forcefieldProjector.png,MISSING
src/main/resources/assets/advancedrocketry/blockstates/forcefieldprojector.json,0,advancedrocketry:blocks/forcefieldProjector,texture,src/main/resources/assets/advancedrocketry/textures/blocks/forcefieldProjector.png,MISSING
src/main/resources/assets/advancedrocketry/blockstates/forcefieldprojector.json,0,advancedrocketry:blocks/forcefieldProjector,texture,src/main/resources/assets/advancedrocketry/textures/blocks/forcefieldProjector.png,MISSING
src/main/resources/assets/advancedrocketry/blockstates/forcefieldprojector.json,0,advancedrocketry:blocks/machineGeneric,texture,src/main/resources/assets/advancedrocketry/textures/blocks/machineGeneric.png,MISSING
src/main/resources/assets/advancedrocketry/blockstates/forcefieldprojector.json,0,advancedrocketry:blocks/machineGeneric,texture,src/main/resources/assets/advancedrocketry/textures/blocks/machineGeneric.png,MISSING
src/main/resources/assets/advancedrocketry/blockstates/forcefieldprojector.json,0,forge:default-block,model,,EXTERNAL_NAMESPACE
src/main/resources/assets/advancedrocketry/blockstates/forcefieldprojector.json,0,minecraft:cube,model,,EXTERNAL_NAMESPACE
src/main/resources/assets/advancedrocketry/blockstates/forcefieldprojector.json,0,minecraft:cube,model,,EXTERNAL_NAMESPACE
src/main/resources/assets/advancedrocketry/blockstates/forcefieldprojector.json,0,minecraft:cube,model,,EXTERNAL_NAMESPACE
src/main/resources/assets/advancedrocketry/blockstates/forcefieldprojector.json,0,minecraft:cube,model,,EXTERNAL_NAMESPACE
src/main/resources/assets/advancedrocketry/blockstates/forcefieldprojector.json,0,minecraft:cube,model,,EXTERNAL_NAMESPACE
src/main/resources/assets/advancedrocketry/blockstates/forcefieldprojector.json,0,minecraft:cube,model,,EXTERNAL_NAMESPACE
src/main/resources/assets/advancedrocketry/blockstates/fuelingstation.json,0,advancedrocketry:blocks/fuelingmachine,texture,src/main/resources/assets/advancedrocketry/textures/blocks/fuelingmachine.png,PRESENT
src/main/resources/assets/advancedrocketry/blockstates/fuelingstation.json,0,advancedrocketry:blocks/fuelingmachine,texture,src/main/resources/assets/advancedrocketry/textures/blocks/fuelingmachine.png,PRESENT
src/main/resources/assets/advancedrocketry/blockstates/fuelingstation.json,0,forge:default-block,model,,EXTERNAL_NAMESPACE
src/main/resources/assets/advancedrocketry/blockstates/fuelingstation.json,0,libvulpes:blocks/machinegeneric,texture,,EXTERNAL_NAMESPACE
src/main/resources/assets/advancedrocketry/blockstates/fuelingstation.json,0,minecraft:orientable,model,,EXTERNAL_NAMESPACE
src/main/resources/assets/advancedrocketry/blockstates/fuelingstation.json,0,minecraft:orientable,model,,EXTERNAL_NAMESPACE
src/main/resources/assets/advancedrocketry/blockstates/fuelingstation.json,0,minecraft:orientable,model,,EXTERNAL_NAMESPACE
src/main/resources/assets/advancedrocketry/blockstates/fuelingstation.json,0,minecraft:orientable,model,,EXTERNAL_NAMESPACE
src/main/resources/assets/advancedrocketry/blockstates/fuelingstation.json,0,minecraft:orientable,model,,EXTERNAL_NAMESPACE
src/main/resources/assets/advancedrocketry/blockstates/fuelingstation.json,0,minecraft:orientable,model,,EXTERNAL_NAMESPACE
src/main/resources/assets/advancedrocketry/blockstates/fuelingstation.json,0,minecraft:orientable,model,,EXTERNAL_NAMESPACE
src/main/resources/assets/advancedrocketry/blockstates/fueltank.json,0,advancedrocketry:models/bottomtank.obj,model,src/main/resources/assets/advancedrocketry/models/models/bottomtank.obj.json,MISSING
src/main/resources/assets/advancedrocketry/blockstates/fueltank.json,0,advancedrocketry:models/middletank.obj,model,src/main/resources/assets/advancedrocketry/models/models/middletank.obj.json,MISSING
src/main/resources/assets/advancedrocketry/blockstates/fueltank.json,0,advancedrocketry:models/middletank.obj,model,src/main/resources/assets/advancedrocketry/models/models/middletank.obj.json,MISSING
src/main/resources/assets/advancedrocketry/blockstates/fueltank.json,0,advancedrocketry:models/middletank.obj,model,src/main/resources/assets/advancedrocketry/models/models/middletank.obj.json,MISSING
src/main/resources/assets/advancedrocketry/blockstates/fueltank.json,0,advancedrocketry:models/toptank.obj,model,src/main/resources/assets/advancedrocketry/models/models/toptank.obj.json,MISSING
src/main/resources/assets/advancedrocketry/blockstates/fueltank.json,0,advancedrocketry:textures/models/tank,texture,src/main/resources/assets/advancedrocketry/textures/textures/models/tank.png,MISSING
src/main/resources/assets/advancedrocketry/blockstates/fueltank.json,0,forge:default-block,model,,EXTERNAL_NAMESPACE
src/main/resources/assets/advancedrocketry/blockstates/geode.json,0,advancedrocketry:blocks/geode,texture,src/main/resources/assets/advancedrocketry/textures/blocks/geode.png,PRESENT
src/main/resources/assets/advancedrocketry/blockstates/geode.json,0,forge:default-block,model,,EXTERNAL_NAMESPACE
src/main/resources/assets/advancedrocketry/blockstates/geode.json,0,minecraft:cube_all,model,,EXTERNAL_NAMESPACE
src/main/resources/assets/advancedrocketry/blockstates/gravitycontroller.json,0,advancedrocketry:blocks/machineorientationcontrol,texture,src/main/resources/assets/advancedrocketry/textures/blocks/machineorientationcontrol.png,PRESENT
src/main/resources/assets/advancedrocketry/blockstates/gravitycontroller.json,0,advancedrocketry:blocks/machineorientationcontrol,texture,src/main/resources/assets/advancedrocketry/textures/blocks/machineorientationcontrol.png,PRESENT
src/main/resources/assets/advancedrocketry/blockstates/gravitycontroller.json,0,forge:default-block,model,,EXTERNAL_NAMESPACE
src/main/resources/assets/advancedrocketry/blockstates/gravitycontroller.json,0,libvulpes:blocks/machinegeneric,texture,,EXTERNAL_NAMESPACE
src/main/resources/assets/advancedrocketry/blockstates/gravitycontroller.json,0,minecraft:orientable,model,,EXTERNAL_NAMESPACE
src/main/resources/assets/advancedrocketry/blockstates/gravitycontroller.json,0,minecraft:orientable,model,,EXTERNAL_NAMESPACE
src/main/resources/assets/advancedrocketry/blockstates/gravitycontroller.json,0,minecraft:orientable,model,,EXTERNAL_NAMESPACE
src/main/resources/assets/advancedrocketry/blockstates/gravitycontroller.json,0,minecraft:orientable,model,,EXTERNAL_NAMESPACE
src/main/resources/assets/advancedrocketry/blockstates/gravitycontroller.json,0,minecraft:orientable,model,,EXTERNAL_NAMESPACE
src/main/resources/assets/advancedrocketry/blockstates/gravitycontroller.json,0,minecraft:orientable,model,,EXTERNAL_NAMESPACE
src/main/resources/assets/advancedrocketry/blockstates/gravitycontroller.json,0,minecraft:orientable,model,,EXTERNAL_NAMESPACE
src/main/resources/assets/advancedrocketry/blockstates/gravitymachine.json,0,advancedrocketry:blocks/forcefieldprojector_off,texture,src/main/resources/assets/advancedrocketry/textures/blocks/forcefieldprojector_off.png,PRESENT
src/main/resources/assets/advancedrocketry/blockstates/gravitymachine.json,0,advancedrocketry:blocks/forcefieldprojector_off,texture,src/main/resources/assets/advancedrocketry/textures/blocks/forcefieldprojector_off.png,PRESENT
src/main/resources/assets/advancedrocketry/blockstates/gravitymachine.json,0,advancedrocketry:blocks/warpcore,texture,src/main/resources/assets/advancedrocketry/textures/blocks/warpcore.png,PRESENT
src/main/resources/assets/advancedrocketry/blockstates/gravitymachine.json,0,forge:default-block,model,,EXTERNAL_NAMESPACE
src/main/resources/assets/advancedrocketry/blockstates/gravitymachine.json,0,minecraft:orientable,model,,EXTERNAL_NAMESPACE
src/main/resources/assets/advancedrocketry/blockstates/gravitymachine.json,0,minecraft:orientable,model,,EXTERNAL_NAMESPACE
src/main/resources/assets/advancedrocketry/blockstates/gravitymachine.json,0,minecraft:orientable,model,,EXTERNAL_NAMESPACE
src/main/resources/assets/advancedrocketry/blockstates/gravitymachine.json,0,minecraft:orientable,model,,EXTERNAL_NAMESPACE
src/main/resources/assets/advancedrocketry/blockstates/gravitymachine.json,0,minecraft:orientable,model,,EXTERNAL_NAMESPACE
src/main/resources/assets/advancedrocketry/blockstates/gravitymachine.json,0,minecraft:orientable,model,,EXTERNAL_NAMESPACE
src/main/resources/assets/advancedrocketry/blockstates/gravitymachine.json,0,minecraft:orientable,model,,EXTERNAL_NAMESPACE
src/main/resources/assets/advancedrocketry/blockstates/guidancecomputer.json,0,advancedrocketry:blocks/guidancecomputer,texture,src/main/resources/assets/advancedrocketry/textures/blocks/guidancecomputer.png,PRESENT
src/main/resources/assets/advancedrocketry/blockstates/guidancecomputer.json,0,forge:default-block,model,,EXTERNAL_NAMESPACE
src/main/resources/assets/advancedrocketry/blockstates/guidancecomputer.json,0,libvulpes:blocks/machinegeneric,texture,,EXTERNAL_NAMESPACE
src/main/resources/assets/advancedrocketry/blockstates/guidancecomputer.json,0,libvulpes:blocks/machinegeneric,texture,,EXTERNAL_NAMESPACE
src/main/resources/assets/advancedrocketry/blockstates/guidancecomputer.json,0,minecraft:orientable,model,,EXTERNAL_NAMESPACE
src/main/resources/assets/advancedrocketry/blockstates/guidancecomputer.json,0,minecraft:orientable,model,,EXTERNAL_NAMESPACE
src/main/resources/assets/advancedrocketry/blockstates/guidancecomputer.json,0,minecraft:orientable,model,,EXTERNAL_NAMESPACE
src/main/resources/assets/advancedrocketry/blockstates/guidancecomputer.json,0,minecraft:orientable,model,,EXTERNAL_NAMESPACE
src/main/resources/assets/advancedrocketry/blockstates/guidancecomputer.json,0,minecraft:orientable,model,,EXTERNAL_NAMESPACE
src/main/resources/assets/advancedrocketry/blockstates/guidancecomputer.json,0,minecraft:orientable,model,,EXTERNAL_NAMESPACE
src/main/resources/assets/advancedrocketry/blockstates/guidancecomputer.json,0,minecraft:orientable,model,,EXTERNAL_NAMESPACE
src/main/resources/assets/advancedrocketry/blockstates/hotturf.json,0,advancedrocketry:blocks/hotdry_turf,texture,src/main/resources/assets/advancedrocketry/textures/blocks/hotdry_turf.png,PRESENT
src/main/resources/assets/advancedrocketry/blockstates/hotturf.json,0,forge:default-block,model,,EXTERNAL_NAMESPACE
src/main/resources/assets/advancedrocketry/blockstates/hotturf.json,0,minecraft:cube_all,model,,EXTERNAL_NAMESPACE
src/main/resources/assets/advancedrocketry/blockstates/intake.json,0,advancedrocketry:blocks/intake,texture,src/main/resources/assets/advancedrocketry/textures/blocks/intake.png,PRESENT
src/main/resources/assets/advancedrocketry/blockstates/intake.json,0,forge:default-block,model,,EXTERNAL_NAMESPACE
src/main/resources/assets/advancedrocketry/blockstates/intake.json,0,minecraft:cube_all,model,,EXTERNAL_NAMESPACE
src/main/resources/assets/advancedrocketry/blockstates/landingfloat.json,0,advancedrocketry:blocks/landingfloat,texture,src/main/resources/assets/advancedrocketry/textures/blocks/landingfloat.png,PRESENT
src/main/resources/assets/advancedrocketry/blockstates/landingfloat.json,0,forge:default-block,model,,EXTERNAL_NAMESPACE
src/main/resources/assets/advancedrocketry/blockstates/landingfloat.json,0,minecraft:cube_all,model,,EXTERNAL_NAMESPACE
src/main/resources/assets/advancedrocketry/blockstates/landingpad.json,0,advancedrocketry:blocks/rocketpad_,texture,src/main/resources/assets/advancedrocketry/textures/blocks/rocketpad_.png,PRESENT
src/main/resources/assets/advancedrocketry/blockstates/landingpad.json,0,forge:default-block,model,,EXTERNAL_NAMESPACE
src/main/resources/assets/advancedrocketry/blockstates/landingpad.json,0,minecraft:cube_all,model,,EXTERNAL_NAMESPACE
src/main/resources/assets/advancedrocketry/blockstates/lathe.json,0,advancedrocketry:blocks/controlpanel,texture,src/main/resources/assets/advancedrocketry/textures/blocks/controlpanel.png,PRESENT
src/main/resources/assets/advancedrocketry/blockstates/lathe.json,0,forge:default-block,model,,EXTERNAL_NAMESPACE
src/main/resources/assets/advancedrocketry/blockstates/lathe.json,0,libvulpes:blocks/machinegeneric,texture,,EXTERNAL_NAMESPACE
src/main/resources/assets/advancedrocketry/blockstates/lathe.json,0,libvulpes:blocks/machinegeneric,texture,,EXTERNAL_NAMESPACE
src/main/resources/assets/advancedrocketry/blockstates/lathe.json,0,minecraft:orientable,model,,EXTERNAL_NAMESPACE
src/main/resources/assets/advancedrocketry/blockstates/lathe.json,0,minecraft:orientable,model,,EXTERNAL_NAMESPACE
src/main/resources/assets/advancedrocketry/blockstates/lathe.json,0,minecraft:orientable,model,,EXTERNAL_NAMESPACE
src/main/resources/assets/advancedrocketry/blockstates/lathe.json,0,minecraft:orientable,model,,EXTERNAL_NAMESPACE
src/main/resources/assets/advancedrocketry/blockstates/lathe.json,0,minecraft:orientable,model,,EXTERNAL_NAMESPACE
src/main/resources/assets/advancedrocketry/blockstates/lathe.json,0,minecraft:orientable,model,,EXTERNAL_NAMESPACE
src/main/resources/assets/advancedrocketry/blockstates/lathe.json,0,minecraft:orientable,model,,EXTERNAL_NAMESPACE
src/main/resources/assets/advancedrocketry/blockstates/launchpad.json,0,advancedrocketry:launchpad_all,model,src/main/resources/assets/advancedrocketry/models/launchpad_all.json,MISSING
src/main/resources/assets/advancedrocketry/blockstates/launchpad.json,0,advancedrocketry:launchpad_all,model,src/main/resources/assets/advancedrocketry/models/launchpad_all.json,MISSING
src/main/resources/assets/advancedrocketry/blockstates/launchpad.json,0,advancedrocketry:launchpad_blCorner,model,src/main/resources/assets/advancedrocketry/models/launchpad_blCorner.json,MISSING
src/main/resources/assets/advancedrocketry/blockstates/launchpad.json,0,advancedrocketry:launchpad_bottomEdge,model,src/main/resources/assets/advancedrocketry/models/launchpad_bottomEdge.json,MISSING
src/main/resources/assets/advancedrocketry/blockstates/launchpad.json,0,advancedrocketry:launchpad_brCorner,model,src/main/resources/assets/advancedrocketry/models/launchpad_brCorner.json,MISSING
src/main/resources/assets/advancedrocketry/blockstates/launchpad.json,0,advancedrocketry:launchpad_leftEdge,model,src/main/resources/assets/advancedrocketry/models/launchpad_leftEdge.json,MISSING
src/main/resources/assets/advancedrocketry/blockstates/launchpad.json,0,advancedrocketry:launchpad_nbEdge,model,src/main/resources/assets/advancedrocketry/models/launchpad_nbEdge.json,MISSING
src/main/resources/assets/advancedrocketry/blockstates/launchpad.json,0,advancedrocketry:launchpad_nlEdge,model,src/main/resources/assets/advancedrocketry/models/launchpad_nlEdge.json,MISSING
src/main/resources/assets/advancedrocketry/blockstates/launchpad.json,0,advancedrocketry:launchpad_noEdge,model,src/main/resources/assets/advancedrocketry/models/launchpad_noEdge.json,MISSING
src/main/resources/assets/advancedrocketry/blockstates/launchpad.json,0,advancedrocketry:launchpad_nrEdge,model,src/main/resources/assets/advancedrocketry/models/launchpad_nrEdge.json,MISSING
src/main/resources/assets/advancedrocketry/blockstates/launchpad.json,0,advancedrocketry:launchpad_ntEdge,model,src/main/resources/assets/advancedrocketry/models/launchpad_ntEdge.json,MISSING
src/main/resources/assets/advancedrocketry/blockstates/launchpad.json,0,advancedrocketry:launchpad_rightEdge,model,src/main/resources/assets/advancedrocketry/models/launchpad_rightEdge.json,MISSING
src/main/resources/assets/advancedrocketry/blockstates/launchpad.json,0,advancedrocketry:launchpad_tlCorner,model,src/main/resources/assets/advancedrocketry/models/launchpad_tlCorner.json,MISSING
src/main/resources/assets/advancedrocketry/blockstates/launchpad.json,0,advancedrocketry:launchpad_topEdge,model,src/main/resources/assets/advancedrocketry/models/launchpad_topEdge.json,MISSING
src/main/resources/assets/advancedrocketry/blockstates/launchpad.json,0,advancedrocketry:launchpad_trCorner,model,src/main/resources/assets/advancedrocketry/models/launchpad_trCorner.json,MISSING
src/main/resources/assets/advancedrocketry/blockstates/launchpad.json,0,advancedrocketry:launchpad_xCross,model,src/main/resources/assets/advancedrocketry/models/launchpad_xCross.json,MISSING
src/main/resources/assets/advancedrocketry/blockstates/launchpad.json,0,advancedrocketry:launchpad_yCross,model,src/main/resources/assets/advancedrocketry/models/launchpad_yCross.json,MISSING
src/main/resources/assets/advancedrocketry/blockstates/lightsource.json,0,advancedrocketry:blocks/clear,texture,src/main/resources/assets/advancedrocketry/textures/blocks/clear.png,PRESENT
src/main/resources/assets/advancedrocketry/blockstates/lightsource.json,0,forge:default-block,model,,EXTERNAL_NAMESPACE
src/main/resources/assets/advancedrocketry/blockstates/lightsource.json,0,minecraft:cube_all,model,,EXTERNAL_NAMESPACE
src/main/resources/assets/advancedrocketry/blockstates/liquidpipe.json,0,advancedrocketry:liquidPipe,model,src/main/resources/assets/advancedrocketry/models/liquidPipe.json,MISSING
src/main/resources/assets/advancedrocketry/blockstates/liquidtank.json,0,advancedrocketry:liquidTank,model,src/main/resources/assets/advancedrocketry/models/liquidTank.json,MISSING
src/main/resources/assets/advancedrocketry/blockstates/loader.json,0,advancedrocketry:databus,model,src/main/resources/assets/advancedrocketry/models/databus.json,MISSING
src/main/resources/assets/advancedrocketry/blockstates/loader.json,0,advancedrocketry:databus,model,src/main/resources/assets/advancedrocketry/models/databus.json,MISSING
src/main/resources/assets/advancedrocketry/blockstates/loader.json,0,advancedrocketry:guidancecomputeraccesshatch,model,src/main/resources/assets/advancedrocketry/models/guidancecomputeraccesshatch.json,MISSING
src/main/resources/assets/advancedrocketry/blockstates/loader.json,0,advancedrocketry:guidancecomputeraccesshatch,model,src/main/resources/assets/advancedrocketry/models/guidancecomputeraccesshatch.json,MISSING
src/main/resources/assets/advancedrocketry/blockstates/loader.json,0,advancedrocketry:satelliteHatch,model,src/main/resources/assets/advancedrocketry/models/satelliteHatch.json,MISSING
src/main/resources/assets/advancedrocketry/blockstates/loader.json,0,advancedrocketry:satelliteHatch,model,src/main/resources/assets/advancedrocketry/models/satelliteHatch.json,MISSING
src/main/resources/assets/advancedrocketry/blockstates/loader.json,0,libvulpes:fluidInputHatch,model,,EXTERNAL_NAMESPACE
src/main/resources/assets/advancedrocketry/blockstates/loader.json,0,libvulpes:fluidInputHatch,model,,EXTERNAL_NAMESPACE
src/main/resources/assets/advancedrocketry/blockstates/loader.json,0,libvulpes:fluidOutputHatch,model,,EXTERNAL_NAMESPACE
src/main/resources/assets/advancedrocketry/blockstates/loader.json,0,libvulpes:fluidOutputHatch,model,,EXTERNAL_NAMESPACE
src/main/resources/assets/advancedrocketry/blockstates/loader.json,0,libvulpes:inputHatch,model,,EXTERNAL_NAMESPACE
src/main/resources/assets/advancedrocketry/blockstates/loader.json,0,libvulpes:inputHatch,model,,EXTERNAL_NAMESPACE
src/main/resources/assets/advancedrocketry/blockstates/loader.json,0,libvulpes:oreDilithium,model,,EXTERNAL_NAMESPACE
src/main/resources/assets/advancedrocketry/blockstates/loader.json,0,libvulpes:oreDilithium,model,,EXTERNAL_NAMESPACE
src/main/resources/assets/advancedrocketry/blockstates/loader.json,0,libvulpes:outputHatch,model,,EXTERNAL_NAMESPACE
src/main/resources/assets/advancedrocketry/blockstates/loader.json,0,libvulpes:outputHatch,model,,EXTERNAL_NAMESPACE
src/main/resources/assets/advancedrocketry/blockstates/metal0.json,0,advancedrocketry:blockTitaniumAluminide,model,src/main/resources/assets/advancedrocketry/models/blockTitaniumAluminide.json,MISSING
src/main/resources/assets/advancedrocketry/blockstates/metal0.json,0,advancedrocketry:blockTitaniumIridium,model,src/main/resources/assets/advancedrocketry/models/blockTitaniumIridium.json,MISSING
src/main/resources/assets/advancedrocketry/blockstates/metal0.json,0,libvulpes:blockAluminum,model,,EXTERNAL_NAMESPACE
src/main/resources/assets/advancedrocketry/blockstates/metal0.json,0,libvulpes:blockCopper,model,,EXTERNAL_NAMESPACE
src/main/resources/assets/advancedrocketry/blockstates/metal0.json,0,libvulpes:blockSteel,model,,EXTERNAL_NAMESPACE
src/main/resources/assets/advancedrocketry/blockstates/metal0.json,0,libvulpes:blockTin,model,,EXTERNAL_NAMESPACE
src/main/resources/assets/advancedrocketry/blockstates/metal0.json,0,libvulpes:blockTitanium,model,,EXTERNAL_NAMESPACE
src/main/resources/assets/advancedrocketry/blockstates/metal0.json,0,libvulpes:oreDilithium,model,,EXTERNAL_NAMESPACE
src/main/resources/assets/advancedrocketry/blockstates/metal0.json,0,libvulpes:oreDilithium,model,,EXTERNAL_NAMESPACE
src/main/resources/assets/advancedrocketry/blockstates/metal0.json,0,libvulpes:oreDilithium,model,,EXTERNAL_NAMESPACE
src/main/resources/assets/advancedrocketry/blockstates/metal0.json,0,libvulpes:oreDilithium,model,,EXTERNAL_NAMESPACE
src/main/resources/assets/advancedrocketry/blockstates/metal0.json,0,libvulpes:oreDilithium,model,,EXTERNAL_NAMESPACE
src/main/resources/assets/advancedrocketry/blockstates/metal0.json,0,libvulpes:oreDilithium,model,,EXTERNAL_NAMESPACE
src/main/resources/assets/advancedrocketry/blockstates/metal0.json,0,libvulpes:oreDilithium,model,,EXTERNAL_NAMESPACE
src/main/resources/assets/advancedrocketry/blockstates/metal0.json,0,libvulpes:oreDilithium,model,,EXTERNAL_NAMESPACE
src/main/resources/assets/advancedrocketry/blockstates/metal0.json,0,libvulpes:oreDilithium,model,,EXTERNAL_NAMESPACE
src/main/resources/assets/advancedrocketry/blockstates/microwavereciever.json,0,advancedrocketry:blocks/solar,texture,src/main/resources/assets/advancedrocketry/textures/blocks/solar.png,PRESENT
src/main/resources/assets/advancedrocketry/blockstates/microwavereciever.json,0,forge:default-block,model,,EXTERNAL_NAMESPACE
src/main/resources/assets/advancedrocketry/blockstates/microwavereciever.json,0,libvulpes:blocks/machinegeneric,texture,,EXTERNAL_NAMESPACE
src/main/resources/assets/advancedrocketry/blockstates/microwavereciever.json,0,libvulpes:blocks/machinegeneric,texture,,EXTERNAL_NAMESPACE
src/main/resources/assets/advancedrocketry/blockstates/microwavereciever.json,0,minecraft:orientable,model,,EXTERNAL_NAMESPACE
src/main/resources/assets/advancedrocketry/blockstates/microwavereciever.json,0,minecraft:orientable,model,,EXTERNAL_NAMESPACE
src/main/resources/assets/advancedrocketry/blockstates/microwavereciever.json,0,minecraft:orientable,model,,EXTERNAL_NAMESPACE
src/main/resources/assets/advancedrocketry/blockstates/microwavereciever.json,0,minecraft:orientable,model,,EXTERNAL_NAMESPACE
src/main/resources/assets/advancedrocketry/blockstates/microwavereciever.json,0,minecraft:orientable,model,,EXTERNAL_NAMESPACE
src/main/resources/assets/advancedrocketry/blockstates/microwavereciever.json,0,minecraft:orientable,model,,EXTERNAL_NAMESPACE
src/main/resources/assets/advancedrocketry/blockstates/microwavereciever.json,0,minecraft:orientable,model,,EXTERNAL_NAMESPACE
src/main/resources/assets/advancedrocketry/blockstates/monitoringstation.json,0,advancedrocketry:blocks/monitorrocket,texture,src/main/resources/assets/advancedrocketry/textures/blocks/monitorrocket.png,PRESENT
src/main/resources/assets/advancedrocketry/blockstates/monitoringstation.json,0,forge:default-block,model,,EXTERNAL_NAMESPACE
src/main/resources/assets/advancedrocketry/blockstates/monitoringstation.json,0,libvulpes:blocks/machinegeneric,texture,,EXTERNAL_NAMESPACE
src/main/resources/assets/advancedrocketry/blockstates/monitoringstation.json,0,libvulpes:blocks/machinegeneric,texture,,EXTERNAL_NAMESPACE
src/main/resources/assets/advancedrocketry/blockstates/monitoringstation.json,0,minecraft:orientable,model,,EXTERNAL_NAMESPACE
src/main/resources/assets/advancedrocketry/blockstates/monitoringstation.json,0,minecraft:orientable,model,,EXTERNAL_NAMESPACE
src/main/resources/assets/advancedrocketry/blockstates/monitoringstation.json,0,minecraft:orientable,model,,EXTERNAL_NAMESPACE
src/main/resources/assets/advancedrocketry/blockstates/monitoringstation.json,0,minecraft:orientable,model,,EXTERNAL_NAMESPACE
src/main/resources/assets/advancedrocketry/blockstates/monitoringstation.json,0,minecraft:orientable,model,,EXTERNAL_NAMESPACE
src/main/resources/assets/advancedrocketry/blockstates/monitoringstation.json,0,minecraft:orientable,model,,EXTERNAL_NAMESPACE
src/main/resources/assets/advancedrocketry/blockstates/monitoringstation.json,0,minecraft:orientable,model,,EXTERNAL_NAMESPACE
src/main/resources/assets/advancedrocketry/blockstates/moonturf.json,0,advancedrocketry:blocks/moon_turf,texture,src/main/resources/assets/advancedrocketry/textures/blocks/moon_turf.png,PRESENT
src/main/resources/assets/advancedrocketry/blockstates/moonturf.json,0,forge:default-block,model,,EXTERNAL_NAMESPACE
src/main/resources/assets/advancedrocketry/blockstates/moonturf.json,0,minecraft:cube_all,model,,EXTERNAL_NAMESPACE
src/main/resources/assets/advancedrocketry/blockstates/moonturf_dark.json,0,advancedrocketry:blocks/moon_turf_dark,texture,src/main/resources/assets/advancedrocketry/textures/blocks/moon_turf_dark.png,PRESENT
src/main/resources/assets/advancedrocketry/blockstates/moonturf_dark.json,0,forge:default-block,model,,EXTERNAL_NAMESPACE
src/main/resources/assets/advancedrocketry/blockstates/moonturf_dark.json,0,minecraft:cube_all,model,,EXTERNAL_NAMESPACE
src/main/resources/assets/advancedrocketry/blockstates/nuclearcore.json,0,advancedrocketry:blocks/machinenuclear,texture,src/main/resources/assets/advancedrocketry/textures/blocks/machinenuclear.png,PRESENT
src/main/resources/assets/advancedrocketry/blockstates/nuclearcore.json,0,advancedrocketry:blocks/machinenuclear,texture,src/main/resources/assets/advancedrocketry/textures/blocks/machinenuclear.png,PRESENT
src/main/resources/assets/advancedrocketry/blockstates/nuclearcore.json,0,forge:default-block,model,,EXTERNAL_NAMESPACE
src/main/resources/assets/advancedrocketry/blockstates/nuclearcore.json,0,libvulpes:blocks/machinegeneric,texture,,EXTERNAL_NAMESPACE
src/main/resources/assets/advancedrocketry/blockstates/nuclearcore.json,0,minecraft:orientable,model,,EXTERNAL_NAMESPACE
src/main/resources/assets/advancedrocketry/blockstates/nuclearfueltank.json,0,advancedrocketry:models/bottomtank.obj,model,src/main/resources/assets/advancedrocketry/models/models/bottomtank.obj.json,MISSING
src/main/resources/assets/advancedrocketry/blockstates/nuclearfueltank.json,0,advancedrocketry:models/middletank.obj,model,src/main/resources/assets/advancedrocketry/models/models/middletank.obj.json,MISSING
src/main/resources/assets/advancedrocketry/blockstates/nuclearfueltank.json,0,advancedrocketry:models/middletank.obj,model,src/main/resources/assets/advancedrocketry/models/models/middletank.obj.json,MISSING
src/main/resources/assets/advancedrocketry/blockstates/nuclearfueltank.json,0,advancedrocketry:models/middletank.obj,model,src/main/resources/assets/advancedrocketry/models/models/middletank.obj.json,MISSING
src/main/resources/assets/advancedrocketry/blockstates/nuclearfueltank.json,0,advancedrocketry:models/toptank.obj,model,src/main/resources/assets/advancedrocketry/models/models/toptank.obj.json,MISSING
src/main/resources/assets/advancedrocketry/blockstates/nuclearfueltank.json,0,advancedrocketry:textures/models/tank,texture,src/main/resources/assets/advancedrocketry/textures/textures/models/tank.png,MISSING
src/main/resources/assets/advancedrocketry/blockstates/nuclearfueltank.json,0,forge:default-block,model,,EXTERNAL_NAMESPACE
src/main/resources/assets/advancedrocketry/blockstates/nuclearrocketmotor.json,0,advancedrocketry:/models/nuclearcombustion,texture,src/main/resources/assets/advancedrocketry/textures//models/nuclearcombustion.png,MISSING
src/main/resources/assets/advancedrocketry/blockstates/nuclearrocketmotor.json,0,advancedrocketry:models/bipropellantrocketmotor.obj,model,src/main/resources/assets/advancedrocketry/models/models/bipropellantrocketmotor.obj.json,MISSING
src/main/resources/assets/advancedrocketry/blockstates/nuclearrocketmotor.json,0,advancedrocketry:models/bipropellantrocketmotor.obj,model,src/main/resources/assets/advancedrocketry/models/models/bipropellantrocketmotor.obj.json,MISSING
src/main/resources/assets/advancedrocketry/blockstates/nuclearrocketmotor.json,0,advancedrocketry:models/nuclearrocketmotor.obj,model,src/main/resources/assets/advancedrocketry/models/models/nuclearrocketmotor.obj.json,MISSING
src/main/resources/assets/advancedrocketry/blockstates/nuclearrocketmotor.json,0,advancedrocketry:models/nuclearrocketmotor.obj,model,src/main/resources/assets/advancedrocketry/models/models/nuclearrocketmotor.obj.json,MISSING
src/main/resources/assets/advancedrocketry/blockstates/nuclearrocketmotor.json,0,advancedrocketry:models/nuclearrocketmotor.obj,model,src/main/resources/assets/advancedrocketry/models/models/nuclearrocketmotor.obj.json,MISSING
src/main/resources/assets/advancedrocketry/blockstates/nuclearrocketmotor.json,0,advancedrocketry:models/nuclearrocketmotor.obj,model,src/main/resources/assets/advancedrocketry/models/models/nuclearrocketmotor.obj.json,MISSING
src/main/resources/assets/advancedrocketry/blockstates/nuclearrocketmotor.json,0,advancedrocketry:models/nuclearrocketmotor.obj,model,src/main/resources/assets/advancedrocketry/models/models/nuclearrocketmotor.obj.json,MISSING
src/main/resources/assets/advancedrocketry/blockstates/nuclearrocketmotor.json,0,advancedrocketry:models/nuclearrocketmotor.obj,model,src/main/resources/assets/advancedrocketry/models/models/nuclearrocketmotor.obj.json,MISSING
src/main/resources/assets/advancedrocketry/blockstates/nuclearrocketmotor.json,0,advancedrocketry:textures/models/nuclearcombustion.png,model,src/main/resources/assets/advancedrocketry/models/textures/models/nuclearcombustion.png.json,MISSING
src/main/resources/assets/advancedrocketry/blockstates/nuclearrocketmotor.json,0,advancedrocketry:textures/models/nuclearcombustion.png,model,src/main/resources/assets/advancedrocketry/models/textures/models/nuclearcombustion.png.json,MISSING
src/main/resources/assets/advancedrocketry/blockstates/nuclearrocketmotor.json,0,advancedrocketry:textures/models/nuclearcombustion.png,model,src/main/resources/assets/advancedrocketry/models/textures/models/nuclearcombustion.png.json,MISSING
src/main/resources/assets/advancedrocketry/blockstates/nuclearrocketmotor.json,0,advancedrocketry:textures/models/nuclearcombustion.png,model,src/main/resources/assets/advancedrocketry/models/textures/models/nuclearcombustion.png.json,MISSING
src/main/resources/assets/advancedrocketry/blockstates/nuclearrocketmotor.json,0,advancedrocketry:textures/models/nuclearcombustion.png,model,src/main/resources/assets/advancedrocketry/models/textures/models/nuclearcombustion.png.json,MISSING
src/main/resources/assets/advancedrocketry/blockstates/nuclearrocketmotor.json,0,advancedrocketry:textures/models/nuclearcombustion.png,model,src/main/resources/assets/advancedrocketry/models/textures/models/nuclearcombustion.png.json,MISSING
src/main/resources/assets/advancedrocketry/blockstates/nuclearrocketmotor.json,0,advancedrocketry:textures/models/nuclearcombustion.png,texture,src/main/resources/assets/advancedrocketry/textures/textures/models/nuclearcombustion.png.png,MISSING
src/main/resources/assets/advancedrocketry/blockstates/nuclearrocketmotor.json,0,forge:default-block,model,,EXTERNAL_NAMESPACE
src/main/resources/assets/advancedrocketry/blockstates/observatory.json,0,advancedrocketry:blocks/monitorfrontmid,texture,src/main/resources/assets/advancedrocketry/textures/blocks/monitorfrontmid.png,PRESENT
src/main/resources/assets/advancedrocketry/blockstates/observatory.json,0,forge:default-block,model,,EXTERNAL_NAMESPACE
src/main/resources/assets/advancedrocketry/blockstates/observatory.json,0,libvulpes:blocks/machinegeneric,texture,,EXTERNAL_NAMESPACE
src/main/resources/assets/advancedrocketry/blockstates/observatory.json,0,libvulpes:blocks/machinegeneric,texture,,EXTERNAL_NAMESPACE
src/main/resources/assets/advancedrocketry/blockstates/observatory.json,0,minecraft:orientable,model,,EXTERNAL_NAMESPACE
src/main/resources/assets/advancedrocketry/blockstates/observatory.json,0,minecraft:orientable,model,,EXTERNAL_NAMESPACE
src/main/resources/assets/advancedrocketry/blockstates/observatory.json,0,minecraft:orientable,model,,EXTERNAL_NAMESPACE
src/main/resources/assets/advancedrocketry/blockstates/observatory.json,0,minecraft:orientable,model,,EXTERNAL_NAMESPACE
src/main/resources/assets/advancedrocketry/blockstates/observatory.json,0,minecraft:orientable,model,,EXTERNAL_NAMESPACE
src/main/resources/assets/advancedrocketry/blockstates/observatory.json,0,minecraft:orientable,model,,EXTERNAL_NAMESPACE
src/main/resources/assets/advancedrocketry/blockstates/observatory.json,0,minecraft:orientable,model,,EXTERNAL_NAMESPACE
src/main/resources/assets/advancedrocketry/blockstates/orientationcontroller.json,0,advancedrocketry:blocks/machineorientationcontrol,texture,src/main/resources/assets/advancedrocketry/textures/blocks/machineorientationcontrol.png,PRESENT
src/main/resources/assets/advancedrocketry/blockstates/orientationcontroller.json,0,advancedrocketry:blocks/machineorientationcontrol,texture,src/main/resources/assets/advancedrocketry/textures/blocks/machineorientationcontrol.png,PRESENT
src/main/resources/assets/advancedrocketry/blockstates/orientationcontroller.json,0,forge:default-block,model,,EXTERNAL_NAMESPACE
src/main/resources/assets/advancedrocketry/blockstates/orientationcontroller.json,0,libvulpes:blocks/machinegeneric,texture,,EXTERNAL_NAMESPACE
src/main/resources/assets/advancedrocketry/blockstates/orientationcontroller.json,0,minecraft:orientable,model,,EXTERNAL_NAMESPACE
src/main/resources/assets/advancedrocketry/blockstates/orientationcontroller.json,0,minecraft:orientable,model,,EXTERNAL_NAMESPACE
src/main/resources/assets/advancedrocketry/blockstates/orientationcontroller.json,0,minecraft:orientable,model,,EXTERNAL_NAMESPACE
src/main/resources/assets/advancedrocketry/blockstates/orientationcontroller.json,0,minecraft:orientable,model,,EXTERNAL_NAMESPACE
src/main/resources/assets/advancedrocketry/blockstates/orientationcontroller.json,0,minecraft:orientable,model,,EXTERNAL_NAMESPACE
src/main/resources/assets/advancedrocketry/blockstates/orientationcontroller.json,0,minecraft:orientable,model,,EXTERNAL_NAMESPACE
src/main/resources/assets/advancedrocketry/blockstates/orientationcontroller.json,0,minecraft:orientable,model,,EXTERNAL_NAMESPACE
src/main/resources/assets/advancedrocketry/blockstates/oxidizerfueltank.json,0,advancedrocketry:models/bottomtank.obj,model,src/main/resources/assets/advancedrocketry/models/models/bottomtank.obj.json,MISSING
src/main/resources/assets/advancedrocketry/blockstates/oxidizerfueltank.json,0,advancedrocketry:models/middletank.obj,model,src/main/resources/assets/advancedrocketry/models/models/middletank.obj.json,MISSING
src/main/resources/assets/advancedrocketry/blockstates/oxidizerfueltank.json,0,advancedrocketry:models/middletank.obj,model,src/main/resources/assets/advancedrocketry/models/models/middletank.obj.json,MISSING
src/main/resources/assets/advancedrocketry/blockstates/oxidizerfueltank.json,0,advancedrocketry:models/middletank.obj,model,src/main/resources/assets/advancedrocketry/models/models/middletank.obj.json,MISSING
src/main/resources/assets/advancedrocketry/blockstates/oxidizerfueltank.json,0,advancedrocketry:models/toptank.obj,model,src/main/resources/assets/advancedrocketry/models/models/toptank.obj.json,MISSING
src/main/resources/assets/advancedrocketry/blockstates/oxidizerfueltank.json,0,advancedrocketry:textures/models/tank,texture,src/main/resources/assets/advancedrocketry/textures/textures/models/tank.png,MISSING
src/main/resources/assets/advancedrocketry/blockstates/oxidizerfueltank.json,0,forge:default-block,model,,EXTERNAL_NAMESPACE
src/main/resources/assets/advancedrocketry/blockstates/oxygencharger.json,0,advancedrocketry:blocks/gaschargertop,texture,src/main/resources/assets/advancedrocketry/textures/blocks/gaschargertop.png,PRESENT
src/main/resources/assets/advancedrocketry/blockstates/oxygencharger.json,0,advancedrocketry:blocks/panelside,texture,src/main/resources/assets/advancedrocketry/textures/blocks/panelside.png,PRESENT
src/main/resources/assets/advancedrocketry/blockstates/oxygencharger.json,0,advancedrocketry:blocks/panelside,texture,src/main/resources/assets/advancedrocketry/textures/blocks/panelside.png,PRESENT
src/main/resources/assets/advancedrocketry/blockstates/oxygencharger.json,0,forge:default-block,model,,EXTERNAL_NAMESPACE
src/main/resources/assets/advancedrocketry/blockstates/oxygencharger.json,0,libvulpes:blocks/machinegeneric,texture,,EXTERNAL_NAMESPACE
src/main/resources/assets/advancedrocketry/blockstates/oxygencharger.json,0,minecraft:half_slab,model,,EXTERNAL_NAMESPACE
src/main/resources/assets/advancedrocketry/blockstates/oxygendetection.json,0,advancedrocketry:blocks/atmospheredetector,texture,src/main/resources/assets/advancedrocketry/textures/blocks/atmospheredetector.png,PRESENT
src/main/resources/assets/advancedrocketry/blockstates/oxygendetection.json,0,advancedrocketry:blocks/atmospheredetector_active,texture,src/main/resources/assets/advancedrocketry/textures/blocks/atmospheredetector_active.png,PRESENT
src/main/resources/assets/advancedrocketry/blockstates/oxygendetection.json,0,forge:default-block,model,,EXTERNAL_NAMESPACE
src/main/resources/assets/advancedrocketry/blockstates/oxygendetection.json,0,minecraft:cube_all,model,,EXTERNAL_NAMESPACE
src/main/resources/assets/advancedrocketry/blockstates/oxygenscrubber.json,0,advancedrocketry:blocks/machinescrubber,texture,src/main/resources/assets/advancedrocketry/textures/blocks/machinescrubber.png,PRESENT
src/main/resources/assets/advancedrocketry/blockstates/oxygenscrubber.json,0,advancedrocketry:blocks/machinescrubber_active,texture,src/main/resources/assets/advancedrocketry/textures/blocks/machinescrubber_active.png,PRESENT
src/main/resources/assets/advancedrocketry/blockstates/oxygenscrubber.json,0,advancedrocketry:blocks/machinescrubber_active,texture,src/main/resources/assets/advancedrocketry/textures/blocks/machinescrubber_active.png,PRESENT
src/main/resources/assets/advancedrocketry/blockstates/oxygenscrubber.json,0,advancedrocketry:blocks/machinescrubber_active,texture,src/main/resources/assets/advancedrocketry/textures/blocks/machinescrubber_active.png,PRESENT
src/main/resources/assets/advancedrocketry/blockstates/oxygenscrubber.json,0,advancedrocketry:blocks/machinescrubber_active,texture,src/main/resources/assets/advancedrocketry/textures/blocks/machinescrubber_active.png,PRESENT
src/main/resources/assets/advancedrocketry/blockstates/oxygenscrubber.json,0,forge:default-block,model,,EXTERNAL_NAMESPACE
src/main/resources/assets/advancedrocketry/blockstates/oxygenscrubber.json,0,libvulpes:blocks/machinegeneric,texture,,EXTERNAL_NAMESPACE
src/main/resources/assets/advancedrocketry/blockstates/oxygenscrubber.json,0,libvulpes:blocks/machinegeneric,texture,,EXTERNAL_NAMESPACE
src/main/resources/assets/advancedrocketry/blockstates/oxygenscrubber.json,0,minecraft:orientable,model,,EXTERNAL_NAMESPACE
src/main/resources/assets/advancedrocketry/blockstates/oxygenscrubber.json,0,minecraft:orientable,model,,EXTERNAL_NAMESPACE
src/main/resources/assets/advancedrocketry/blockstates/oxygenscrubber.json,0,minecraft:orientable,model,,EXTERNAL_NAMESPACE
src/main/resources/assets/advancedrocketry/blockstates/oxygenscrubber.json,0,minecraft:orientable,model,,EXTERNAL_NAMESPACE
src/main/resources/assets/advancedrocketry/blockstates/oxygenscrubber.json,0,minecraft:orientable,model,,EXTERNAL_NAMESPACE
src/main/resources/assets/advancedrocketry/blockstates/oxygenscrubber.json,0,minecraft:orientable,model,,EXTERNAL_NAMESPACE
src/main/resources/assets/advancedrocketry/blockstates/oxygenscrubber.json,0,minecraft:orientable,model,,EXTERNAL_NAMESPACE
src/main/resources/assets/advancedrocketry/blockstates/oxygenscrubber.json,0,minecraft:orientable,model,,EXTERNAL_NAMESPACE
src/main/resources/assets/advancedrocketry/blockstates/oxygenvent.json,0,advancedrocketry:blocks/machinevent,texture,src/main/resources/assets/advancedrocketry/textures/blocks/machinevent.png,PRESENT
src/main/resources/assets/advancedrocketry/blockstates/oxygenvent.json,0,forge:default-block,model,,EXTERNAL_NAMESPACE
src/main/resources/assets/advancedrocketry/blockstates/oxygenvent.json,0,minecraft:cube_all,model,,EXTERNAL_NAMESPACE
src/main/resources/assets/advancedrocketry/blockstates/pipesealer.json,0,advancedrocketry:blocks/seal,texture,src/main/resources/assets/advancedrocketry/textures/blocks/seal.png,PRESENT
src/main/resources/assets/advancedrocketry/blockstates/pipesealer.json,0,forge:default-block,model,,EXTERNAL_NAMESPACE
src/main/resources/assets/advancedrocketry/blockstates/pipesealer.json,0,minecraft:cube_all,model,,EXTERNAL_NAMESPACE
src/main/resources/assets/advancedrocketry/blockstates/planetanalyser.json,0,advancedrocketry:blocks/monitorplanet,texture,src/main/resources/assets/advancedrocketry/textures/blocks/monitorplanet.png,PRESENT
src/main/resources/assets/advancedrocketry/blockstates/planetanalyser.json,0,advancedrocketry:blocks/monitorplanet_active,texture,src/main/resources/assets/advancedrocketry/textures/blocks/monitorplanet_active.png,PRESENT
src/main/resources/assets/advancedrocketry/blockstates/planetanalyser.json,0,advancedrocketry:blocks/monitorplanet_active,texture,src/main/resources/assets/advancedrocketry/textures/blocks/monitorplanet_active.png,PRESENT
src/main/resources/assets/advancedrocketry/blockstates/planetanalyser.json,0,advancedrocketry:blocks/monitorplanet_active,texture,src/main/resources/assets/advancedrocketry/textures/blocks/monitorplanet_active.png,PRESENT
src/main/resources/assets/advancedrocketry/blockstates/planetanalyser.json,0,advancedrocketry:blocks/monitorplanet_active,texture,src/main/resources/assets/advancedrocketry/textures/blocks/monitorplanet_active.png,PRESENT
src/main/resources/assets/advancedrocketry/blockstates/planetanalyser.json,0,forge:default-block,model,,EXTERNAL_NAMESPACE
src/main/resources/assets/advancedrocketry/blockstates/planetanalyser.json,0,libvulpes:blocks/machinegeneric,texture,,EXTERNAL_NAMESPACE
src/main/resources/assets/advancedrocketry/blockstates/planetanalyser.json,0,libvulpes:blocks/machinegeneric,texture,,EXTERNAL_NAMESPACE
src/main/resources/assets/advancedrocketry/blockstates/planetanalyser.json,0,minecraft:orientable,model,,EXTERNAL_NAMESPACE
src/main/resources/assets/advancedrocketry/blockstates/planetanalyser.json,0,minecraft:orientable,model,,EXTERNAL_NAMESPACE
src/main/resources/assets/advancedrocketry/blockstates/planetanalyser.json,0,minecraft:orientable,model,,EXTERNAL_NAMESPACE
src/main/resources/assets/advancedrocketry/blockstates/planetanalyser.json,0,minecraft:orientable,model,,EXTERNAL_NAMESPACE
src/main/resources/assets/advancedrocketry/blockstates/planetanalyser.json,0,minecraft:orientable,model,,EXTERNAL_NAMESPACE
src/main/resources/assets/advancedrocketry/blockstates/planetanalyser.json,0,minecraft:orientable,model,,EXTERNAL_NAMESPACE
src/main/resources/assets/advancedrocketry/blockstates/planetanalyser.json,0,minecraft:orientable,model,,EXTERNAL_NAMESPACE
src/main/resources/assets/advancedrocketry/blockstates/planetanalyser.json,0,minecraft:orientable,model,,EXTERNAL_NAMESPACE
src/main/resources/assets/advancedrocketry/blockstates/planetholoselector.json,0,advancedrocketry:blocks/hololamp,texture,src/main/resources/assets/advancedrocketry/textures/blocks/hololamp.png,PRESENT
src/main/resources/assets/advancedrocketry/blockstates/planetholoselector.json,0,advancedrocketry:blocks/panelside,texture,src/main/resources/assets/advancedrocketry/textures/blocks/panelside.png,PRESENT
src/main/resources/assets/advancedrocketry/blockstates/planetholoselector.json,0,advancedrocketry:blocks/panelside,texture,src/main/resources/assets/advancedrocketry/textures/blocks/panelside.png,PRESENT
src/main/resources/assets/advancedrocketry/blockstates/planetholoselector.json,0,forge:default-block,model,,EXTERNAL_NAMESPACE
src/main/resources/assets/advancedrocketry/blockstates/planetholoselector.json,0,libvulpes:blocks/machinegeneric,texture,,EXTERNAL_NAMESPACE
src/main/resources/assets/advancedrocketry/blockstates/planetholoselector.json,0,minecraft:half_slab,model,,EXTERNAL_NAMESPACE
src/main/resources/assets/advancedrocketry/blockstates/planetselector.json,0,advancedrocketry:blocks/guidancecomputer,texture,src/main/resources/assets/advancedrocketry/textures/blocks/guidancecomputer.png,PRESENT
src/main/resources/assets/advancedrocketry/blockstates/planetselector.json,0,forge:default-block,model,,EXTERNAL_NAMESPACE
src/main/resources/assets/advancedrocketry/blockstates/planetselector.json,0,libvulpes:blocks/machinegeneric,texture,,EXTERNAL_NAMESPACE
src/main/resources/assets/advancedrocketry/blockstates/planetselector.json,0,libvulpes:blocks/machinegeneric,texture,,EXTERNAL_NAMESPACE
src/main/resources/assets/advancedrocketry/blockstates/planetselector.json,0,minecraft:orientable,model,,EXTERNAL_NAMESPACE
src/main/resources/assets/advancedrocketry/blockstates/planetselector.json,0,minecraft:orientable,model,,EXTERNAL_NAMESPACE
src/main/resources/assets/advancedrocketry/blockstates/planetselector.json,0,minecraft:orientable,model,,EXTERNAL_NAMESPACE
src/main/resources/assets/advancedrocketry/blockstates/planetselector.json,0,minecraft:orientable,model,,EXTERNAL_NAMESPACE
src/main/resources/assets/advancedrocketry/blockstates/planetselector.json,0,minecraft:orientable,model,,EXTERNAL_NAMESPACE
src/main/resources/assets/advancedrocketry/blockstates/planetselector.json,0,minecraft:orientable,model,,EXTERNAL_NAMESPACE
src/main/resources/assets/advancedrocketry/blockstates/planetselector.json,0,minecraft:orientable,model,,EXTERNAL_NAMESPACE
src/main/resources/assets/advancedrocketry/blockstates/planks.json,0,advancedrocketry:blocks/plank_blue,texture,src/main/resources/assets/advancedrocketry/textures/blocks/plank_blue.png,PRESENT
src/main/resources/assets/advancedrocketry/blockstates/planks.json,0,forge:default-block,model,,EXTERNAL_NAMESPACE
src/main/resources/assets/advancedrocketry/blockstates/planks.json,0,minecraft:cube_all,model,,EXTERNAL_NAMESPACE
src/main/resources/assets/advancedrocketry/blockstates/platepress.json,0,advancedrocketry:platepresser_extended_normal,model,src/main/resources/assets/advancedrocketry/models/platepresser_extended_normal.json,MISSING
src/main/resources/assets/advancedrocketry/blockstates/platepress.json,0,advancedrocketry:platepresser_extended_normal,model,src/main/resources/assets/advancedrocketry/models/platepresser_extended_normal.json,MISSING
src/main/resources/assets/advancedrocketry/blockstates/platepress.json,0,advancedrocketry:platepresser_extended_normal,model,src/main/resources/assets/advancedrocketry/models/platepresser_extended_normal.json,MISSING
src/main/resources/assets/advancedrocketry/blockstates/platepress.json,0,advancedrocketry:platepresser_extended_normal,model,src/main/resources/assets/advancedrocketry/models/platepresser_extended_normal.json,MISSING
src/main/resources/assets/advancedrocketry/blockstates/platepress.json,0,advancedrocketry:platepresser_extended_normal,model,src/main/resources/assets/advancedrocketry/models/platepresser_extended_normal.json,MISSING
src/main/resources/assets/advancedrocketry/blockstates/platepress.json,0,advancedrocketry:platepresser_extended_normal,model,src/main/resources/assets/advancedrocketry/models/platepresser_extended_normal.json,MISSING
src/main/resources/assets/advancedrocketry/blockstates/platepress.json,0,advancedrocketry:platepresser_inventory_normal,model,src/main/resources/assets/advancedrocketry/models/platepresser_inventory_normal.json,MISSING
src/main/resources/assets/advancedrocketry/blockstates/platepress.json,0,advancedrocketry:platepresser_normal,model,src/main/resources/assets/advancedrocketry/models/platepresser_normal.json,MISSING
src/main/resources/assets/advancedrocketry/blockstates/platepress.json,0,advancedrocketry:platepresser_normal,model,src/main/resources/assets/advancedrocketry/models/platepresser_normal.json,MISSING
src/main/resources/assets/advancedrocketry/blockstates/platepress.json,0,advancedrocketry:platepresser_normal,model,src/main/resources/assets/advancedrocketry/models/platepresser_normal.json,MISSING
src/main/resources/assets/advancedrocketry/blockstates/platepress.json,0,advancedrocketry:platepresser_normal,model,src/main/resources/assets/advancedrocketry/models/platepresser_normal.json,MISSING
src/main/resources/assets/advancedrocketry/blockstates/platepress.json,0,advancedrocketry:platepresser_normal,model,src/main/resources/assets/advancedrocketry/models/platepresser_normal.json,MISSING
src/main/resources/assets/advancedrocketry/blockstates/platepress.json,0,advancedrocketry:platepresser_normal,model,src/main/resources/assets/advancedrocketry/models/platepresser_normal.json,MISSING
src/main/resources/assets/advancedrocketry/blockstates/precisionassemblingmachine.json,0,advancedrocketry:blocks/precisionassemblerfront,texture,src/main/resources/assets/advancedrocketry/textures/blocks/precisionassemblerfront.png,PRESENT
src/main/resources/assets/advancedrocketry/blockstates/precisionassemblingmachine.json,0,advancedrocketry:blocks/precisionassemblerfront_active,texture,src/main/resources/assets/advancedrocketry/textures/blocks/precisionassemblerfront_active.png,PRESENT
src/main/resources/assets/advancedrocketry/blockstates/precisionassemblingmachine.json,0,advancedrocketry:blocks/precisionassemblerfront_active,texture,src/main/resources/assets/advancedrocketry/textures/blocks/precisionassemblerfront_active.png,PRESENT
src/main/resources/assets/advancedrocketry/blockstates/precisionassemblingmachine.json,0,advancedrocketry:blocks/precisionassemblerfront_active,texture,src/main/resources/assets/advancedrocketry/textures/blocks/precisionassemblerfront_active.png,PRESENT
src/main/resources/assets/advancedrocketry/blockstates/precisionassemblingmachine.json,0,advancedrocketry:blocks/precisionassemblerfront_active,texture,src/main/resources/assets/advancedrocketry/textures/blocks/precisionassemblerfront_active.png,PRESENT
src/main/resources/assets/advancedrocketry/blockstates/precisionassemblingmachine.json,0,forge:default-block,model,,EXTERNAL_NAMESPACE
src/main/resources/assets/advancedrocketry/blockstates/precisionassemblingmachine.json,0,libvulpes:blocks/machinegeneric,texture,,EXTERNAL_NAMESPACE
src/main/resources/assets/advancedrocketry/blockstates/precisionassemblingmachine.json,0,libvulpes:blocks/machinegeneric,texture,,EXTERNAL_NAMESPACE
src/main/resources/assets/advancedrocketry/blockstates/precisionassemblingmachine.json,0,minecraft:orientable,model,,EXTERNAL_NAMESPACE
src/main/resources/assets/advancedrocketry/blockstates/precisionassemblingmachine.json,0,minecraft:orientable,model,,EXTERNAL_NAMESPACE
src/main/resources/assets/advancedrocketry/blockstates/precisionassemblingmachine.json,0,minecraft:orientable,model,,EXTERNAL_NAMESPACE
src/main/resources/assets/advancedrocketry/blockstates/precisionassemblingmachine.json,0,minecraft:orientable,model,,EXTERNAL_NAMESPACE
src/main/resources/assets/advancedrocketry/blockstates/precisionassemblingmachine.json,0,minecraft:orientable,model,,EXTERNAL_NAMESPACE
src/main/resources/assets/advancedrocketry/blockstates/precisionassemblingmachine.json,0,minecraft:orientable,model,,EXTERNAL_NAMESPACE
src/main/resources/assets/advancedrocketry/blockstates/precisionassemblingmachine.json,0,minecraft:orientable,model,,EXTERNAL_NAMESPACE
src/main/resources/assets/advancedrocketry/blockstates/precisionassemblingmachine.json,0,minecraft:orientable,model,,EXTERNAL_NAMESPACE
src/main/resources/assets/advancedrocketry/blockstates/precisionlaseretcher.json,0,advancedrocketry:blocks/machineprecisionlaseretcher,texture,src/main/resources/assets/advancedrocketry/textures/blocks/machineprecisionlaseretcher.png,PRESENT
src/main/resources/assets/advancedrocketry/blockstates/precisionlaseretcher.json,0,forge:default-block,model,,EXTERNAL_NAMESPACE
src/main/resources/assets/advancedrocketry/blockstates/precisionlaseretcher.json,0,libvulpes:blocks/machinegeneric,texture,,EXTERNAL_NAMESPACE
src/main/resources/assets/advancedrocketry/blockstates/precisionlaseretcher.json,0,libvulpes:blocks/machinegeneric,texture,,EXTERNAL_NAMESPACE
src/main/resources/assets/advancedrocketry/blockstates/precisionlaseretcher.json,0,minecraft:orientable,model,,EXTERNAL_NAMESPACE
src/main/resources/assets/advancedrocketry/blockstates/precisionlaseretcher.json,0,minecraft:orientable,model,,EXTERNAL_NAMESPACE
src/main/resources/assets/advancedrocketry/blockstates/precisionlaseretcher.json,0,minecraft:orientable,model,,EXTERNAL_NAMESPACE
src/main/resources/assets/advancedrocketry/blockstates/precisionlaseretcher.json,0,minecraft:orientable,model,,EXTERNAL_NAMESPACE
src/main/resources/assets/advancedrocketry/blockstates/precisionlaseretcher.json,0,minecraft:orientable,model,,EXTERNAL_NAMESPACE
src/main/resources/assets/advancedrocketry/blockstates/precisionlaseretcher.json,0,minecraft:orientable,model,,EXTERNAL_NAMESPACE
src/main/resources/assets/advancedrocketry/blockstates/precisionlaseretcher.json,0,minecraft:orientable,model,,EXTERNAL_NAMESPACE
src/main/resources/assets/advancedrocketry/blockstates/quartzcrucible.json,0,advancedrocketry:quartzcrucible,model,src/main/resources/assets/advancedrocketry/models/quartzcrucible.json,MISSING
src/main/resources/assets/advancedrocketry/blockstates/quartzcrucible.json,0,advancedrocketry:quartzcrucible,model,src/main/resources/assets/advancedrocketry/models/quartzcrucible.json,MISSING
src/main/resources/assets/advancedrocketry/blockstates/quartzcrucible.json,0,advancedrocketry:quartzcrucible,model,src/main/resources/assets/advancedrocketry/models/quartzcrucible.json,MISSING
src/main/resources/assets/advancedrocketry/blockstates/quartzcrucible.json,0,advancedrocketry:quartzcrucible,model,src/main/resources/assets/advancedrocketry/models/quartzcrucible.json,MISSING
src/main/resources/assets/advancedrocketry/blockstates/quartzcrucible.json,0,advancedrocketry:quartzcrucible,model,src/main/resources/assets/advancedrocketry/models/quartzcrucible.json,MISSING
src/main/resources/assets/advancedrocketry/blockstates/railgun.json,0,advancedrocketry:blocks/railgun,texture,src/main/resources/assets/advancedrocketry/textures/blocks/railgun.png,PRESENT
src/main/resources/assets/advancedrocketry/blockstates/railgun.json,0,forge:default-block,model,,EXTERNAL_NAMESPACE
src/main/resources/assets/advancedrocketry/blockstates/railgun.json,0,libvulpes:blocks/machinegeneric,texture,,EXTERNAL_NAMESPACE
src/main/resources/assets/advancedrocketry/blockstates/railgun.json,0,libvulpes:blocks/machinegeneric,texture,,EXTERNAL_NAMESPACE
src/main/resources/assets/advancedrocketry/blockstates/railgun.json,0,minecraft:orientable,model,,EXTERNAL_NAMESPACE
src/main/resources/assets/advancedrocketry/blockstates/railgun.json,0,minecraft:orientable,model,,EXTERNAL_NAMESPACE
src/main/resources/assets/advancedrocketry/blockstates/railgun.json,0,minecraft:orientable,model,,EXTERNAL_NAMESPACE
src/main/resources/assets/advancedrocketry/blockstates/railgun.json,0,minecraft:orientable,model,,EXTERNAL_NAMESPACE
src/main/resources/assets/advancedrocketry/blockstates/railgun.json,0,minecraft:orientable,model,,EXTERNAL_NAMESPACE
src/main/resources/assets/advancedrocketry/blockstates/railgun.json,0,minecraft:orientable,model,,EXTERNAL_NAMESPACE
src/main/resources/assets/advancedrocketry/blockstates/railgun.json,0,minecraft:orientable,model,,EXTERNAL_NAMESPACE
src/main/resources/assets/advancedrocketry/blockstates/rocketbuilder.json,0,advancedrocketry:blocks/monitorfront,texture,src/main/resources/assets/advancedrocketry/textures/blocks/monitorfront.png,PRESENT
src/main/resources/assets/advancedrocketry/blockstates/rocketbuilder.json,0,forge:default-block,model,,EXTERNAL_NAMESPACE
src/main/resources/assets/advancedrocketry/blockstates/rocketbuilder.json,0,libvulpes:blocks/machinegeneric,texture,,EXTERNAL_NAMESPACE
src/main/resources/assets/advancedrocketry/blockstates/rocketbuilder.json,0,libvulpes:blocks/machinegeneric,texture,,EXTERNAL_NAMESPACE
src/main/resources/assets/advancedrocketry/blockstates/rocketbuilder.json,0,minecraft:orientable,model,,EXTERNAL_NAMESPACE
src/main/resources/assets/advancedrocketry/blockstates/rocketbuilder.json,0,minecraft:orientable,model,,EXTERNAL_NAMESPACE
src/main/resources/assets/advancedrocketry/blockstates/rocketbuilder.json,0,minecraft:orientable,model,,EXTERNAL_NAMESPACE
src/main/resources/assets/advancedrocketry/blockstates/rocketbuilder.json,0,minecraft:orientable,model,,EXTERNAL_NAMESPACE
src/main/resources/assets/advancedrocketry/blockstates/rocketbuilder.json,0,minecraft:orientable,model,,EXTERNAL_NAMESPACE
src/main/resources/assets/advancedrocketry/blockstates/rocketbuilder.json,0,minecraft:orientable,model,,EXTERNAL_NAMESPACE
src/main/resources/assets/advancedrocketry/blockstates/rocketbuilder.json,0,minecraft:orientable,model,,EXTERNAL_NAMESPACE
src/main/resources/assets/advancedrocketry/blockstates/rocketfire.json,0,advancedrocketry:ar_empty,model,src/main/resources/assets/advancedrocketry/models/ar_empty.json,MISSING
src/main/resources/assets/advancedrocketry/blockstates/rocketfire.json,0,advancedrocketry:ar_empty,model,src/main/resources/assets/advancedrocketry/models/ar_empty.json,MISSING
src/main/resources/assets/advancedrocketry/blockstates/rocketfire.json,0,advancedrocketry:ar_empty,model,src/main/resources/assets/advancedrocketry/models/ar_empty.json,MISSING
src/main/resources/assets/advancedrocketry/blockstates/rocketfire.json,0,advancedrocketry:ar_empty,model,src/main/resources/assets/advancedrocketry/models/ar_empty.json,MISSING
src/main/resources/assets/advancedrocketry/blockstates/rocketfire.json,0,advancedrocketry:ar_empty,model,src/main/resources/assets/advancedrocketry/models/ar_empty.json,MISSING
src/main/resources/assets/advancedrocketry/blockstates/rocketfire.json,0,advancedrocketry:ar_empty,model,src/main/resources/assets/advancedrocketry/models/ar_empty.json,MISSING
src/main/resources/assets/advancedrocketry/blockstates/rocketfire.json,0,advancedrocketry:ar_empty,model,src/main/resources/assets/advancedrocketry/models/ar_empty.json,MISSING
src/main/resources/assets/advancedrocketry/blockstates/rocketfire.json,0,advancedrocketry:ar_empty,model,src/main/resources/assets/advancedrocketry/models/ar_empty.json,MISSING
src/main/resources/assets/advancedrocketry/blockstates/rocketfire.json,0,advancedrocketry:ar_empty,model,src/main/resources/assets/advancedrocketry/models/ar_empty.json,MISSING
src/main/resources/assets/advancedrocketry/blockstates/rocketfire.json,0,advancedrocketry:ar_empty,model,src/main/resources/assets/advancedrocketry/models/ar_empty.json,MISSING
src/main/resources/assets/advancedrocketry/blockstates/rocketfire.json,0,advancedrocketry:fire,model,src/main/resources/assets/advancedrocketry/models/fire.json,MISSING
src/main/resources/assets/advancedrocketry/blockstates/rocketfire.json,0,advancedrocketry:fire,model,src/main/resources/assets/advancedrocketry/models/fire.json,MISSING
src/main/resources/assets/advancedrocketry/blockstates/rocketfire.json,0,advancedrocketry:fire,model,src/main/resources/assets/advancedrocketry/models/fire.json,MISSING
src/main/resources/assets/advancedrocketry/blockstates/rocketfire.json,0,advancedrocketry:fire,model,src/main/resources/assets/advancedrocketry/models/fire.json,MISSING
src/main/resources/assets/advancedrocketry/blockstates/rocketfire.json,0,advancedrocketry:fire,model,src/main/resources/assets/advancedrocketry/models/fire.json,MISSING
src/main/resources/assets/advancedrocketry/blockstates/rocketfire.json,0,advancedrocketry:fire,model,src/main/resources/assets/advancedrocketry/models/fire.json,MISSING
src/main/resources/assets/advancedrocketry/blockstates/rocketfire.json,0,forge:default-block,model,,EXTERNAL_NAMESPACE
src/main/resources/assets/advancedrocketry/blockstates/rocketfire.json,0,minecraft:blocks/fire_layer_0,texture,,EXTERNAL_NAMESPACE
src/main/resources/assets/advancedrocketry/blockstates/rocketfire.json,0,minecraft:blocks/fire_layer_1,texture,,EXTERNAL_NAMESPACE
src/main/resources/assets/advancedrocketry/blockstates/rocketmotor.json,0,advancedrocketry:/models/combustion,texture,src/main/resources/assets/advancedrocketry/textures//models/combustion.png,MISSING
src/main/resources/assets/advancedrocketry/blockstates/rocketmotor.json,0,advancedrocketry:models/rocketmotor.obj,model,src/main/resources/assets/advancedrocketry/models/models/rocketmotor.obj.json,MISSING
src/main/resources/assets/advancedrocketry/blockstates/rocketmotor.json,0,advancedrocketry:models/rocketmotor.obj,model,src/main/resources/assets/advancedrocketry/models/models/rocketmotor.obj.json,MISSING
src/main/resources/assets/advancedrocketry/blockstates/rocketmotor.json,0,advancedrocketry:models/rocketmotor.obj,model,src/main/resources/assets/advancedrocketry/models/models/rocketmotor.obj.json,MISSING
src/main/resources/assets/advancedrocketry/blockstates/rocketmotor.json,0,advancedrocketry:models/rocketmotor.obj,model,src/main/resources/assets/advancedrocketry/models/models/rocketmotor.obj.json,MISSING
src/main/resources/assets/advancedrocketry/blockstates/rocketmotor.json,0,advancedrocketry:models/rocketmotor.obj,model,src/main/resources/assets/advancedrocketry/models/models/rocketmotor.obj.json,MISSING
src/main/resources/assets/advancedrocketry/blockstates/rocketmotor.json,0,advancedrocketry:models/rocketmotor.obj,model,src/main/resources/assets/advancedrocketry/models/models/rocketmotor.obj.json,MISSING
src/main/resources/assets/advancedrocketry/blockstates/rocketmotor.json,0,advancedrocketry:models/rocketmotor.obj,model,src/main/resources/assets/advancedrocketry/models/models/rocketmotor.obj.json,MISSING
src/main/resources/assets/advancedrocketry/blockstates/rocketmotor.json,0,advancedrocketry:models/rocketmotor.obj,model,src/main/resources/assets/advancedrocketry/models/models/rocketmotor.obj.json,MISSING
src/main/resources/assets/advancedrocketry/blockstates/rocketmotor.json,0,advancedrocketry:textures/models/combustion.png,model,src/main/resources/assets/advancedrocketry/models/textures/models/combustion.png.json,MISSING
src/main/resources/assets/advancedrocketry/blockstates/rocketmotor.json,0,advancedrocketry:textures/models/combustion.png,model,src/main/resources/assets/advancedrocketry/models/textures/models/combustion.png.json,MISSING
src/main/resources/assets/advancedrocketry/blockstates/rocketmotor.json,0,advancedrocketry:textures/models/combustion.png,model,src/main/resources/assets/advancedrocketry/models/textures/models/combustion.png.json,MISSING
src/main/resources/assets/advancedrocketry/blockstates/rocketmotor.json,0,advancedrocketry:textures/models/combustion.png,model,src/main/resources/assets/advancedrocketry/models/textures/models/combustion.png.json,MISSING
src/main/resources/assets/advancedrocketry/blockstates/rocketmotor.json,0,advancedrocketry:textures/models/combustion.png,model,src/main/resources/assets/advancedrocketry/models/textures/models/combustion.png.json,MISSING
src/main/resources/assets/advancedrocketry/blockstates/rocketmotor.json,0,advancedrocketry:textures/models/combustion.png,model,src/main/resources/assets/advancedrocketry/models/textures/models/combustion.png.json,MISSING
src/main/resources/assets/advancedrocketry/blockstates/rocketmotor.json,0,advancedrocketry:textures/models/combustion.png,texture,src/main/resources/assets/advancedrocketry/textures/textures/models/combustion.png.png,MISSING
src/main/resources/assets/advancedrocketry/blockstates/rocketmotor.json,0,forge:default-block,model,,EXTERNAL_NAMESPACE
src/main/resources/assets/advancedrocketry/blockstates/rollingmachine.json,0,advancedrocketry:blocks/controlpanel,texture,src/main/resources/assets/advancedrocketry/textures/blocks/controlpanel.png,PRESENT
src/main/resources/assets/advancedrocketry/blockstates/rollingmachine.json,0,forge:default-block,model,,EXTERNAL_NAMESPACE
src/main/resources/assets/advancedrocketry/blockstates/rollingmachine.json,0,libvulpes:blocks/machinegeneric,texture,,EXTERNAL_NAMESPACE
src/main/resources/assets/advancedrocketry/blockstates/rollingmachine.json,0,libvulpes:blocks/machinegeneric,texture,,EXTERNAL_NAMESPACE
src/main/resources/assets/advancedrocketry/blockstates/rollingmachine.json,0,minecraft:orientable,model,,EXTERNAL_NAMESPACE
src/main/resources/assets/advancedrocketry/blockstates/rollingmachine.json,0,minecraft:orientable,model,,EXTERNAL_NAMESPACE
src/main/resources/assets/advancedrocketry/blockstates/rollingmachine.json,0,minecraft:orientable,model,,EXTERNAL_NAMESPACE
src/main/resources/assets/advancedrocketry/blockstates/rollingmachine.json,0,minecraft:orientable,model,,EXTERNAL_NAMESPACE
src/main/resources/assets/advancedrocketry/blockstates/rollingmachine.json,0,minecraft:orientable,model,,EXTERNAL_NAMESPACE
src/main/resources/assets/advancedrocketry/blockstates/rollingmachine.json,0,minecraft:orientable,model,,EXTERNAL_NAMESPACE
src/main/resources/assets/advancedrocketry/blockstates/rollingmachine.json,0,minecraft:orientable,model,,EXTERNAL_NAMESPACE
src/main/resources/assets/advancedrocketry/blockstates/satellitebuilder.json,0,advancedrocketry:blocks/satelliteassembler,texture,src/main/resources/assets/advancedrocketry/textures/blocks/satelliteassembler.png,PRESENT
src/main/resources/assets/advancedrocketry/blockstates/satellitebuilder.json,0,forge:default-block,model,,EXTERNAL_NAMESPACE
src/main/resources/assets/advancedrocketry/blockstates/satellitebuilder.json,0,libvulpes:blocks/machinegeneric,texture,,EXTERNAL_NAMESPACE
src/main/resources/assets/advancedrocketry/blockstates/satellitebuilder.json,0,libvulpes:blocks/machinegeneric,texture,,EXTERNAL_NAMESPACE
src/main/resources/assets/advancedrocketry/blockstates/satellitebuilder.json,0,minecraft:orientable,model,,EXTERNAL_NAMESPACE
src/main/resources/assets/advancedrocketry/blockstates/satellitebuilder.json,0,minecraft:orientable,model,,EXTERNAL_NAMESPACE
src/main/resources/assets/advancedrocketry/blockstates/satellitebuilder.json,0,minecraft:orientable,model,,EXTERNAL_NAMESPACE
src/main/resources/assets/advancedrocketry/blockstates/satellitebuilder.json,0,minecraft:orientable,model,,EXTERNAL_NAMESPACE
src/main/resources/assets/advancedrocketry/blockstates/satellitebuilder.json,0,minecraft:orientable,model,,EXTERNAL_NAMESPACE
src/main/resources/assets/advancedrocketry/blockstates/satellitebuilder.json,0,minecraft:orientable,model,,EXTERNAL_NAMESPACE
src/main/resources/assets/advancedrocketry/blockstates/satellitebuilder.json,0,minecraft:orientable,model,,EXTERNAL_NAMESPACE
src/main/resources/assets/advancedrocketry/blockstates/satellitecontrolcenter.json,0,advancedrocketry:blocks/monitorsatellite,texture,src/main/resources/assets/advancedrocketry/textures/blocks/monitorsatellite.png,PRESENT
src/main/resources/assets/advancedrocketry/blockstates/satellitecontrolcenter.json,0,forge:default-block,model,,EXTERNAL_NAMESPACE
src/main/resources/assets/advancedrocketry/blockstates/satellitecontrolcenter.json,0,libvulpes:blocks/machinegeneric,texture,,EXTERNAL_NAMESPACE
src/main/resources/assets/advancedrocketry/blockstates/satellitecontrolcenter.json,0,libvulpes:blocks/machinegeneric,texture,,EXTERNAL_NAMESPACE
src/main/resources/assets/advancedrocketry/blockstates/satellitecontrolcenter.json,0,minecraft:orientable,model,,EXTERNAL_NAMESPACE
src/main/resources/assets/advancedrocketry/blockstates/satellitecontrolcenter.json,0,minecraft:orientable,model,,EXTERNAL_NAMESPACE
src/main/resources/assets/advancedrocketry/blockstates/satellitecontrolcenter.json,0,minecraft:orientable,model,,EXTERNAL_NAMESPACE
src/main/resources/assets/advancedrocketry/blockstates/satellitecontrolcenter.json,0,minecraft:orientable,model,,EXTERNAL_NAMESPACE
src/main/resources/assets/advancedrocketry/blockstates/satellitecontrolcenter.json,0,minecraft:orientable,model,,EXTERNAL_NAMESPACE
src/main/resources/assets/advancedrocketry/blockstates/satellitecontrolcenter.json,0,minecraft:orientable,model,,EXTERNAL_NAMESPACE
src/main/resources/assets/advancedrocketry/blockstates/satellitecontrolcenter.json,0,minecraft:orientable,model,,EXTERNAL_NAMESPACE
src/main/resources/assets/advancedrocketry/blockstates/sawblade.json,0,advancedrocketry:/models/cuttingmachine2,texture,src/main/resources/assets/advancedrocketry/textures//models/cuttingmachine2.png,MISSING
src/main/resources/assets/advancedrocketry/blockstates/sawblade.json,0,advancedrocketry:models/sawblade.obj,model,src/main/resources/assets/advancedrocketry/models/models/sawblade.obj.json,MISSING
src/main/resources/assets/advancedrocketry/blockstates/sawblade.json,0,advancedrocketry:models/sawblade.obj,model,src/main/resources/assets/advancedrocketry/models/models/sawblade.obj.json,MISSING
src/main/resources/assets/advancedrocketry/blockstates/sawblade.json,0,advancedrocketry:models/sawblade.obj,model,src/main/resources/assets/advancedrocketry/models/models/sawblade.obj.json,MISSING
src/main/resources/assets/advancedrocketry/blockstates/sawblade.json,0,advancedrocketry:models/sawblade.obj,model,src/main/resources/assets/advancedrocketry/models/models/sawblade.obj.json,MISSING
src/main/resources/assets/advancedrocketry/blockstates/sawblade.json,0,advancedrocketry:models/sawblade.obj,model,src/main/resources/assets/advancedrocketry/models/models/sawblade.obj.json,MISSING
src/main/resources/assets/advancedrocketry/blockstates/sawblade.json,0,advancedrocketry:models/sawblade.obj,model,src/main/resources/assets/advancedrocketry/models/models/sawblade.obj.json,MISSING
src/main/resources/assets/advancedrocketry/blockstates/sawblade.json,0,advancedrocketry:models/sawblade.obj,model,src/main/resources/assets/advancedrocketry/models/models/sawblade.obj.json,MISSING
src/main/resources/assets/advancedrocketry/blockstates/sawblade.json,0,advancedrocketry:models/sawblade.obj,model,src/main/resources/assets/advancedrocketry/models/models/sawblade.obj.json,MISSING
src/main/resources/assets/advancedrocketry/blockstates/sawblade.json,0,forge:default-block,model,,EXTERNAL_NAMESPACE
src/main/resources/assets/advancedrocketry/blockstates/seat.json,0,advancedrocketry:seat,model,src/main/resources/assets/advancedrocketry/models/seat.json,MISSING
src/main/resources/assets/advancedrocketry/blockstates/seat.json,0,advancedrocketry:seat,model,src/main/resources/assets/advancedrocketry/models/seat.json,MISSING
src/main/resources/assets/advancedrocketry/blockstates/seat.json,0,forge:default-block,model,,EXTERNAL_NAMESPACE
src/main/resources/assets/advancedrocketry/blockstates/solararray.json,0,advancedrocketry:blocks/monitorfrontmid,texture,src/main/resources/assets/advancedrocketry/textures/blocks/monitorfrontmid.png,PRESENT
src/main/resources/assets/advancedrocketry/blockstates/solararray.json,0,forge:default-block,model,,EXTERNAL_NAMESPACE
src/main/resources/assets/advancedrocketry/blockstates/solararray.json,0,libvulpes:blocks/machinegeneric,texture,,EXTERNAL_NAMESPACE
src/main/resources/assets/advancedrocketry/blockstates/solararray.json,0,libvulpes:blocks/machinegeneric,texture,,EXTERNAL_NAMESPACE
src/main/resources/assets/advancedrocketry/blockstates/solararray.json,0,minecraft:orientable,model,,EXTERNAL_NAMESPACE
src/main/resources/assets/advancedrocketry/blockstates/solararray.json,0,minecraft:orientable,model,,EXTERNAL_NAMESPACE
src/main/resources/assets/advancedrocketry/blockstates/solararray.json,0,minecraft:orientable,model,,EXTERNAL_NAMESPACE
src/main/resources/assets/advancedrocketry/blockstates/solararray.json,0,minecraft:orientable,model,,EXTERNAL_NAMESPACE
src/main/resources/assets/advancedrocketry/blockstates/solararray.json,0,minecraft:orientable,model,,EXTERNAL_NAMESPACE
src/main/resources/assets/advancedrocketry/blockstates/solararray.json,0,minecraft:orientable,model,,EXTERNAL_NAMESPACE
src/main/resources/assets/advancedrocketry/blockstates/solararray.json,0,minecraft:orientable,model,,EXTERNAL_NAMESPACE
src/main/resources/assets/advancedrocketry/blockstates/solararraypanel.json,0,advancedrocketry:solararraypanel,model,src/main/resources/assets/advancedrocketry/models/solararraypanel.json,MISSING
src/main/resources/assets/advancedrocketry/blockstates/solararraypanel.json,0,advancedrocketry:solararraypanel,model,src/main/resources/assets/advancedrocketry/models/solararraypanel.json,MISSING
src/main/resources/assets/advancedrocketry/blockstates/solararraypanel.json,0,advancedrocketry:solararraypanel,model,src/main/resources/assets/advancedrocketry/models/solararraypanel.json,MISSING
src/main/resources/assets/advancedrocketry/blockstates/solararraypanel.json,0,advancedrocketry:solararraypanel,model,src/main/resources/assets/advancedrocketry/models/solararraypanel.json,MISSING
src/main/resources/assets/advancedrocketry/blockstates/solararraypanel.json,0,advancedrocketry:solararraypanel,model,src/main/resources/assets/advancedrocketry/models/solararraypanel.json,MISSING
src/main/resources/assets/advancedrocketry/blockstates/solararraypanel.json,0,advancedrocketry:solararraypanel,model,src/main/resources/assets/advancedrocketry/models/solararraypanel.json,MISSING
src/main/resources/assets/advancedrocketry/blockstates/solararraypanel.json,0,advancedrocketry:solararraypanel,model,src/main/resources/assets/advancedrocketry/models/solararraypanel.json,MISSING
src/main/resources/assets/advancedrocketry/blockstates/solararraypanel.json,0,advancedrocketry:solararraypanel,model,src/main/resources/assets/advancedrocketry/models/solararraypanel.json,MISSING
src/main/resources/assets/advancedrocketry/blockstates/solararraypanel.json,0,advancedrocketry:solararraypanel,model,src/main/resources/assets/advancedrocketry/models/solararraypanel.json,MISSING
src/main/resources/assets/advancedrocketry/blockstates/solararraypanel.json,0,advancedrocketry:solararraypanel,model,src/main/resources/assets/advancedrocketry/models/solararraypanel.json,MISSING
src/main/resources/assets/advancedrocketry/blockstates/solararraypanel.json,0,advancedrocketry:solararraypanel,model,src/main/resources/assets/advancedrocketry/models/solararraypanel.json,MISSING
src/main/resources/assets/advancedrocketry/blockstates/solararraypanel.json,0,advancedrocketry:solararraypanel,model,src/main/resources/assets/advancedrocketry/models/solararraypanel.json,MISSING
src/main/resources/assets/advancedrocketry/blockstates/solararraypanel.json,0,advancedrocketry:solararraypanel,model,src/main/resources/assets/advancedrocketry/models/solararraypanel.json,MISSING
src/main/resources/assets/advancedrocketry/blockstates/solararraypanel.json,0,advancedrocketry:solararraypanel,model,src/main/resources/assets/advancedrocketry/models/solararraypanel.json,MISSING
src/main/resources/assets/advancedrocketry/blockstates/solararraypanel.json,0,advancedrocketry:solararraypanel,model,src/main/resources/assets/advancedrocketry/models/solararraypanel.json,MISSING
src/main/resources/assets/advancedrocketry/blockstates/solararraypanel.json,0,advancedrocketry:solararraypanel,model,src/main/resources/assets/advancedrocketry/models/solararraypanel.json,MISSING
src/main/resources/assets/advancedrocketry/blockstates/solararraypanel.json,0,advancedrocketry:solararraypanel,model,src/main/resources/assets/advancedrocketry/models/solararraypanel.json,MISSING
src/main/resources/assets/advancedrocketry/blockstates/solararraypanel.json,0,forge:default-block,model,,EXTERNAL_NAMESPACE
src/main/resources/assets/advancedrocketry/blockstates/solargenerator.json,0,advancedrocketry:blocks/panelside,texture,src/main/resources/assets/advancedrocketry/textures/blocks/panelside.png,PRESENT
src/main/resources/assets/advancedrocketry/blockstates/solargenerator.json,0,advancedrocketry:blocks/panelside,texture,src/main/resources/assets/advancedrocketry/textures/blocks/panelside.png,PRESENT
src/main/resources/assets/advancedrocketry/blockstates/solargenerator.json,0,advancedrocketry:blocks/solar,texture,src/main/resources/assets/advancedrocketry/textures/blocks/solar.png,PRESENT
src/main/resources/assets/advancedrocketry/blockstates/solargenerator.json,0,advancedrocketry:orientablebottom,model,src/main/resources/assets/advancedrocketry/models/orientablebottom.json,MISSING
src/main/resources/assets/advancedrocketry/blockstates/solargenerator.json,0,advancedrocketry:orientablebottom,model,src/main/resources/assets/advancedrocketry/models/orientablebottom.json,MISSING
src/main/resources/assets/advancedrocketry/blockstates/solargenerator.json,0,advancedrocketry:orientablebottom,model,src/main/resources/assets/advancedrocketry/models/orientablebottom.json,MISSING
src/main/resources/assets/advancedrocketry/blockstates/solargenerator.json,0,advancedrocketry:orientablebottom,model,src/main/resources/assets/advancedrocketry/models/orientablebottom.json,MISSING
src/main/resources/assets/advancedrocketry/blockstates/solargenerator.json,0,forge:default-block,model,,EXTERNAL_NAMESPACE
src/main/resources/assets/advancedrocketry/blockstates/solargenerator.json,0,libvulpes:blocks/machinegeneric,texture,,EXTERNAL_NAMESPACE
src/main/resources/assets/advancedrocketry/blockstates/solargenerator.json,0,minecraft:orientable,model,,EXTERNAL_NAMESPACE
src/main/resources/assets/advancedrocketry/blockstates/solargenerator.json,0,minecraft:orientable,model,,EXTERNAL_NAMESPACE
src/main/resources/assets/advancedrocketry/blockstates/solargenerator.json,0,minecraft:orientable,model,,EXTERNAL_NAMESPACE
src/main/resources/assets/advancedrocketry/blockstates/solarpanel.json,0,advancedrocketry:blocks/panelside,texture,src/main/resources/assets/advancedrocketry/textures/blocks/panelside.png,PRESENT
src/main/resources/assets/advancedrocketry/blockstates/solarpanel.json,0,advancedrocketry:blocks/panelside,texture,src/main/resources/assets/advancedrocketry/textures/blocks/panelside.png,PRESENT
src/main/resources/assets/advancedrocketry/blockstates/solarpanel.json,0,advancedrocketry:blocks/solar,texture,src/main/resources/assets/advancedrocketry/textures/blocks/solar.png,PRESENT
src/main/resources/assets/advancedrocketry/blockstates/solarpanel.json,0,advancedrocketry:orientablebottom,model,src/main/resources/assets/advancedrocketry/models/orientablebottom.json,MISSING
src/main/resources/assets/advancedrocketry/blockstates/solarpanel.json,0,forge:default-block,model,,EXTERNAL_NAMESPACE
src/main/resources/assets/advancedrocketry/blockstates/solarpanel.json,0,libvulpes:blocks/machinegeneric,texture,,EXTERNAL_NAMESPACE
src/main/resources/assets/advancedrocketry/blockstates/spaceelevatorcontroller.json,0,advancedrocketry:blocks/controlpanel,texture,src/main/resources/assets/advancedrocketry/textures/blocks/controlpanel.png,PRESENT
src/main/resources/assets/advancedrocketry/blockstates/spaceelevatorcontroller.json,0,forge:default-block,model,,EXTERNAL_NAMESPACE
src/main/resources/assets/advancedrocketry/blockstates/spaceelevatorcontroller.json,0,libvulpes:blocks/machinegeneric,texture,,EXTERNAL_NAMESPACE
src/main/resources/assets/advancedrocketry/blockstates/spaceelevatorcontroller.json,0,libvulpes:blocks/machinegeneric,texture,,EXTERNAL_NAMESPACE
src/main/resources/assets/advancedrocketry/blockstates/spaceelevatorcontroller.json,0,minecraft:orientable,model,,EXTERNAL_NAMESPACE
src/main/resources/assets/advancedrocketry/blockstates/spaceelevatorcontroller.json,0,minecraft:orientable,model,,EXTERNAL_NAMESPACE
src/main/resources/assets/advancedrocketry/blockstates/spaceelevatorcontroller.json,0,minecraft:orientable,model,,EXTERNAL_NAMESPACE
src/main/resources/assets/advancedrocketry/blockstates/spaceelevatorcontroller.json,0,minecraft:orientable,model,,EXTERNAL_NAMESPACE
src/main/resources/assets/advancedrocketry/blockstates/spaceelevatorcontroller.json,0,minecraft:orientable,model,,EXTERNAL_NAMESPACE
src/main/resources/assets/advancedrocketry/blockstates/spaceelevatorcontroller.json,0,minecraft:orientable,model,,EXTERNAL_NAMESPACE
src/main/resources/assets/advancedrocketry/blockstates/spaceelevatorcontroller.json,0,minecraft:orientable,model,,EXTERNAL_NAMESPACE
src/main/resources/assets/advancedrocketry/blockstates/spacelaser.json,0,advancedrocketry:blocks/laserbottom,texture,src/main/resources/assets/advancedrocketry/textures/blocks/laserbottom.png,PRESENT
src/main/resources/assets/advancedrocketry/blockstates/spacelaser.json,0,advancedrocketry:blocks/laserfront,texture,src/main/resources/assets/advancedrocketry/textures/blocks/laserfront.png,PRESENT
src/main/resources/assets/advancedrocketry/blockstates/spacelaser.json,0,advancedrocketry:blocks/monitorside,texture,src/main/resources/assets/advancedrocketry/textures/blocks/monitorside.png,PRESENT
src/main/resources/assets/advancedrocketry/blockstates/spacelaser.json,0,advancedrocketry:orientablebottom,model,src/main/resources/assets/advancedrocketry/models/orientablebottom.json,MISSING
src/main/resources/assets/advancedrocketry/blockstates/spacelaser.json,0,advancedrocketry:orientablebottom,model,src/main/resources/assets/advancedrocketry/models/orientablebottom.json,MISSING
src/main/resources/assets/advancedrocketry/blockstates/spacelaser.json,0,advancedrocketry:orientablebottom,model,src/main/resources/assets/advancedrocketry/models/orientablebottom.json,MISSING
src/main/resources/assets/advancedrocketry/blockstates/spacelaser.json,0,advancedrocketry:orientablebottom,model,src/main/resources/assets/advancedrocketry/models/orientablebottom.json,MISSING
src/main/resources/assets/advancedrocketry/blockstates/spacelaser.json,0,advancedrocketry:orientablebottom,model,src/main/resources/assets/advancedrocketry/models/orientablebottom.json,MISSING
src/main/resources/assets/advancedrocketry/blockstates/spacelaser.json,0,advancedrocketry:orientablebottom,model,src/main/resources/assets/advancedrocketry/models/orientablebottom.json,MISSING
src/main/resources/assets/advancedrocketry/blockstates/spacelaser.json,0,advancedrocketry:orientablebottom,model,src/main/resources/assets/advancedrocketry/models/orientablebottom.json,MISSING
src/main/resources/assets/advancedrocketry/blockstates/spacelaser.json,0,forge:default-block,model,,EXTERNAL_NAMESPACE
src/main/resources/assets/advancedrocketry/blockstates/spacelaser.json,0,libvulpes:blocks/machinegeneric,texture,,EXTERNAL_NAMESPACE
src/main/resources/assets/advancedrocketry/blockstates/stationbuilder.json,0,advancedrocketry:blocks/monitorfront,texture,src/main/resources/assets/advancedrocketry/textures/blocks/monitorfront.png,PRESENT
src/main/resources/assets/advancedrocketry/blockstates/stationbuilder.json,0,forge:default-block,model,,EXTERNAL_NAMESPACE
src/main/resources/assets/advancedrocketry/blockstates/stationbuilder.json,0,libvulpes:blocks/machinegeneric,texture,,EXTERNAL_NAMESPACE
src/main/resources/assets/advancedrocketry/blockstates/stationbuilder.json,0,libvulpes:blocks/machinegeneric,texture,,EXTERNAL_NAMESPACE
src/main/resources/assets/advancedrocketry/blockstates/stationbuilder.json,0,minecraft:orientable,model,,EXTERNAL_NAMESPACE
src/main/resources/assets/advancedrocketry/blockstates/stationbuilder.json,0,minecraft:orientable,model,,EXTERNAL_NAMESPACE
src/main/resources/assets/advancedrocketry/blockstates/stationbuilder.json,0,minecraft:orientable,model,,EXTERNAL_NAMESPACE
src/main/resources/assets/advancedrocketry/blockstates/stationbuilder.json,0,minecraft:orientable,model,,EXTERNAL_NAMESPACE
src/main/resources/assets/advancedrocketry/blockstates/stationbuilder.json,0,minecraft:orientable,model,,EXTERNAL_NAMESPACE
src/main/resources/assets/advancedrocketry/blockstates/stationbuilder.json,0,minecraft:orientable,model,,EXTERNAL_NAMESPACE
src/main/resources/assets/advancedrocketry/blockstates/stationbuilder.json,0,minecraft:orientable,model,,EXTERNAL_NAMESPACE
src/main/resources/assets/advancedrocketry/blockstates/stationmarker.json,0,advancedrocketry:blocks/satellitebay,texture,src/main/resources/assets/advancedrocketry/textures/blocks/satellitebay.png,PRESENT
src/main/resources/assets/advancedrocketry/blockstates/stationmarker.json,0,forge:default-block,model,,EXTERNAL_NAMESPACE
src/main/resources/assets/advancedrocketry/blockstates/stationmarker.json,0,libvulpes:blocks/machinegeneric,texture,,EXTERNAL_NAMESPACE
src/main/resources/assets/advancedrocketry/blockstates/stationmarker.json,0,libvulpes:blocks/machinegeneric,texture,,EXTERNAL_NAMESPACE
src/main/resources/assets/advancedrocketry/blockstates/stationmarker.json,0,minecraft:orientable,model,,EXTERNAL_NAMESPACE
src/main/resources/assets/advancedrocketry/blockstates/stationmarker.json,0,minecraft:orientable,model,,EXTERNAL_NAMESPACE
src/main/resources/assets/advancedrocketry/blockstates/stationmarker.json,0,minecraft:orientable,model,,EXTERNAL_NAMESPACE
src/main/resources/assets/advancedrocketry/blockstates/stationmarker.json,0,minecraft:orientable,model,,EXTERNAL_NAMESPACE
src/main/resources/assets/advancedrocketry/blockstates/stationmarker.json,0,minecraft:orientable,model,,EXTERNAL_NAMESPACE
src/main/resources/assets/advancedrocketry/blockstates/stationmarker.json,0,minecraft:orientable,model,,EXTERNAL_NAMESPACE
src/main/resources/assets/advancedrocketry/blockstates/structuretower.json,0,advancedrocketry:blocks/structuretower,texture,src/main/resources/assets/advancedrocketry/textures/blocks/structuretower.png,PRESENT
src/main/resources/assets/advancedrocketry/blockstates/structuretower.json,0,forge:default-block,model,,EXTERNAL_NAMESPACE
src/main/resources/assets/advancedrocketry/blockstates/structuretower.json,0,minecraft:cube_all,model,,EXTERNAL_NAMESPACE
src/main/resources/assets/advancedrocketry/blockstates/suitworkstation.json,0,advancedrocketry:blocks/panelsideworkstation,texture,src/main/resources/assets/advancedrocketry/textures/blocks/panelsideworkstation.png,PRESENT
src/main/resources/assets/advancedrocketry/blockstates/suitworkstation.json,0,advancedrocketry:blocks/panelsideworkstation,texture,src/main/resources/assets/advancedrocketry/textures/blocks/panelsideworkstation.png,PRESENT
src/main/resources/assets/advancedrocketry/blockstates/suitworkstation.json,0,advancedrocketry:blocks/suitworkstation,texture,src/main/resources/assets/advancedrocketry/textures/blocks/suitworkstation.png,PRESENT
src/main/resources/assets/advancedrocketry/blockstates/suitworkstation.json,0,advancedrocketry:orientablebottom,model,src/main/resources/assets/advancedrocketry/models/orientablebottom.json,MISSING
src/main/resources/assets/advancedrocketry/blockstates/suitworkstation.json,0,advancedrocketry:orientablebottom,model,src/main/resources/assets/advancedrocketry/models/orientablebottom.json,MISSING
src/main/resources/assets/advancedrocketry/blockstates/suitworkstation.json,0,advancedrocketry:orientablebottom,model,src/main/resources/assets/advancedrocketry/models/orientablebottom.json,MISSING
src/main/resources/assets/advancedrocketry/blockstates/suitworkstation.json,0,advancedrocketry:orientablebottom,model,src/main/resources/assets/advancedrocketry/models/orientablebottom.json,MISSING
src/main/resources/assets/advancedrocketry/blockstates/suitworkstation.json,0,forge:default-block,model,,EXTERNAL_NAMESPACE
src/main/resources/assets/advancedrocketry/blockstates/suitworkstation.json,0,libvulpes:blocks/machinegeneric,texture,,EXTERNAL_NAMESPACE
src/main/resources/assets/advancedrocketry/blockstates/suitworkstation.json,0,minecraft:orientable,model,,EXTERNAL_NAMESPACE
src/main/resources/assets/advancedrocketry/blockstates/suitworkstation.json,0,minecraft:orientable,model,,EXTERNAL_NAMESPACE
src/main/resources/assets/advancedrocketry/blockstates/suitworkstation.json,0,minecraft:orientable,model,,EXTERNAL_NAMESPACE
src/main/resources/assets/advancedrocketry/blockstates/terraformer.json,0,advancedrocketry:blocks/machineelectrolyzer,texture,src/main/resources/assets/advancedrocketry/textures/blocks/machineelectrolyzer.png,PRESENT
src/main/resources/assets/advancedrocketry/blockstates/terraformer.json,0,advancedrocketry:blocks/machineelectrolyzer_active,texture,src/main/resources/assets/advancedrocketry/textures/blocks/machineelectrolyzer_active.png,PRESENT
src/main/resources/assets/advancedrocketry/blockstates/terraformer.json,0,advancedrocketry:blocks/machineelectrolyzer_active,texture,src/main/resources/assets/advancedrocketry/textures/blocks/machineelectrolyzer_active.png,PRESENT
src/main/resources/assets/advancedrocketry/blockstates/terraformer.json,0,advancedrocketry:blocks/machineelectrolyzer_active,texture,src/main/resources/assets/advancedrocketry/textures/blocks/machineelectrolyzer_active.png,PRESENT
src/main/resources/assets/advancedrocketry/blockstates/terraformer.json,0,advancedrocketry:blocks/machineelectrolyzer_active,texture,src/main/resources/assets/advancedrocketry/textures/blocks/machineelectrolyzer_active.png,PRESENT
src/main/resources/assets/advancedrocketry/blockstates/terraformer.json,0,forge:default-block,model,,EXTERNAL_NAMESPACE
src/main/resources/assets/advancedrocketry/blockstates/terraformer.json,0,libvulpes:blocks/machinegeneric,texture,,EXTERNAL_NAMESPACE
src/main/resources/assets/advancedrocketry/blockstates/terraformer.json,0,libvulpes:blocks/machinegeneric,texture,,EXTERNAL_NAMESPACE
src/main/resources/assets/advancedrocketry/blockstates/terraformer.json,0,minecraft:orientable,model,,EXTERNAL_NAMESPACE
src/main/resources/assets/advancedrocketry/blockstates/terraformer.json,0,minecraft:orientable,model,,EXTERNAL_NAMESPACE
src/main/resources/assets/advancedrocketry/blockstates/terraformer.json,0,minecraft:orientable,model,,EXTERNAL_NAMESPACE
src/main/resources/assets/advancedrocketry/blockstates/terraformer.json,0,minecraft:orientable,model,,EXTERNAL_NAMESPACE
src/main/resources/assets/advancedrocketry/blockstates/terraformer.json,0,minecraft:orientable,model,,EXTERNAL_NAMESPACE
src/main/resources/assets/advancedrocketry/blockstates/terraformer.json,0,minecraft:orientable,model,,EXTERNAL_NAMESPACE
src/main/resources/assets/advancedrocketry/blockstates/terraformer.json,0,minecraft:orientable,model,,EXTERNAL_NAMESPACE
src/main/resources/assets/advancedrocketry/blockstates/terraformer.json,0,minecraft:orientable,model,,EXTERNAL_NAMESPACE
src/main/resources/assets/advancedrocketry/blockstates/thermitetorch.json,0,advancedrocketry:normal_thermite_torch,model,src/main/resources/assets/advancedrocketry/models/normal_thermite_torch.json,MISSING
src/main/resources/assets/advancedrocketry/blockstates/thermitetorch.json,0,advancedrocketry:normal_thermite_torch,model,src/main/resources/assets/advancedrocketry/models/normal_thermite_torch.json,MISSING
src/main/resources/assets/advancedrocketry/blockstates/thermitetorch.json,0,advancedrocketry:normal_thermite_torch_wall,model,src/main/resources/assets/advancedrocketry/models/normal_thermite_torch_wall.json,MISSING
src/main/resources/assets/advancedrocketry/blockstates/thermitetorch.json,0,advancedrocketry:normal_thermite_torch_wall,model,src/main/resources/assets/advancedrocketry/models/normal_thermite_torch_wall.json,MISSING
src/main/resources/assets/advancedrocketry/blockstates/thermitetorch.json,0,advancedrocketry:normal_thermite_torch_wall,model,src/main/resources/assets/advancedrocketry/models/normal_thermite_torch_wall.json,MISSING
src/main/resources/assets/advancedrocketry/blockstates/thermitetorch.json,0,advancedrocketry:normal_thermite_torch_wall,model,src/main/resources/assets/advancedrocketry/models/normal_thermite_torch_wall.json,MISSING
src/main/resources/assets/advancedrocketry/blockstates/unlittorch.json,0,normal_torch,model,,EXTERNAL_NAMESPACE
src/main/resources/assets/advancedrocketry/blockstates/unlittorch.json,0,normal_torch,model,,EXTERNAL_NAMESPACE
src/main/resources/assets/advancedrocketry/blockstates/unlittorch.json,0,normal_torch_wall,model,,EXTERNAL_NAMESPACE
src/main/resources/assets/advancedrocketry/blockstates/unlittorch.json,0,normal_torch_wall,model,,EXTERNAL_NAMESPACE
src/main/resources/assets/advancedrocketry/blockstates/unlittorch.json,0,normal_torch_wall,model,,EXTERNAL_NAMESPACE
src/main/resources/assets/advancedrocketry/blockstates/unlittorch.json,0,normal_torch_wall,model,,EXTERNAL_NAMESPACE
src/main/resources/assets/advancedrocketry/blockstates/vacuumlaser.json,0,advancedrocketry:blocks/forcefieldprojector_off,texture,src/main/resources/assets/advancedrocketry/textures/blocks/forcefieldprojector_off.png,PRESENT
src/main/resources/assets/advancedrocketry/blockstates/vacuumlaser.json,0,advancedrocketry:blocks/forcefieldprojector_off,texture,src/main/resources/assets/advancedrocketry/textures/blocks/forcefieldprojector_off.png,PRESENT
src/main/resources/assets/advancedrocketry/blockstates/vacuumlaser.json,0,advancedrocketry:blocks/forcefieldprojector_off,texture,src/main/resources/assets/advancedrocketry/textures/blocks/forcefieldprojector_off.png,PRESENT
src/main/resources/assets/advancedrocketry/blockstates/vacuumlaser.json,0,advancedrocketry:blocks/forcefieldprojector_off,texture,src/main/resources/assets/advancedrocketry/textures/blocks/forcefieldprojector_off.png,PRESENT
src/main/resources/assets/advancedrocketry/blockstates/vacuumlaser.json,0,advancedrocketry:blocks/hololamp,texture,src/main/resources/assets/advancedrocketry/textures/blocks/hololamp.png,PRESENT
src/main/resources/assets/advancedrocketry/blockstates/vacuumlaser.json,0,advancedrocketry:blocks/machineGeneric,texture,src/main/resources/assets/advancedrocketry/textures/blocks/machineGeneric.png,MISSING
src/main/resources/assets/advancedrocketry/blockstates/vacuumlaser.json,0,advancedrocketry:blocks/vacuumlaserfront,texture,src/main/resources/assets/advancedrocketry/textures/blocks/vacuumlaserfront.png,PRESENT
src/main/resources/assets/advancedrocketry/blockstates/vacuumlaser.json,0,forge:default-block,model,,EXTERNAL_NAMESPACE
src/main/resources/assets/advancedrocketry/blockstates/vacuumlaser.json,0,minecraft:cube,model,,EXTERNAL_NAMESPACE
src/main/resources/assets/advancedrocketry/blockstates/vacuumlaser.json,0,minecraft:cube,model,,EXTERNAL_NAMESPACE
src/main/resources/assets/advancedrocketry/blockstates/vacuumlaser.json,0,minecraft:cube,model,,EXTERNAL_NAMESPACE
src/main/resources/assets/advancedrocketry/blockstates/vacuumlaser.json,0,minecraft:cube,model,,EXTERNAL_NAMESPACE
src/main/resources/assets/advancedrocketry/blockstates/vacuumlaser.json,0,minecraft:cube,model,,EXTERNAL_NAMESPACE
src/main/resources/assets/advancedrocketry/blockstates/vacuumlaser.json,0,minecraft:cube,model,,EXTERNAL_NAMESPACE
src/main/resources/assets/advancedrocketry/blockstates/vitrifiedsand.json,0,advancedrocketry:blocks/vitrifiedsand,texture,src/main/resources/assets/advancedrocketry/textures/blocks/vitrifiedsand.png,PRESENT
src/main/resources/assets/advancedrocketry/blockstates/vitrifiedsand.json,0,forge:default-block,model,,EXTERNAL_NAMESPACE
src/main/resources/assets/advancedrocketry/blockstates/vitrifiedsand.json,0,minecraft:cube_all,model,,EXTERNAL_NAMESPACE
src/main/resources/assets/advancedrocketry/blockstates/warpcore.json,0,advancedrocketry:blocks/warpcore,texture,src/main/resources/assets/advancedrocketry/textures/blocks/warpcore.png,PRESENT
src/main/resources/assets/advancedrocketry/blockstates/warpcore.json,0,forge:default-block,model,,EXTERNAL_NAMESPACE
src/main/resources/assets/advancedrocketry/blockstates/warpcore.json,0,minecraft:cube_all,model,,EXTERNAL_NAMESPACE
src/main/resources/assets/advancedrocketry/blockstates/warpcore.json,0,minecraft:cube_all,model,,EXTERNAL_NAMESPACE
src/main/resources/assets/advancedrocketry/blockstates/warpcore.json,0,minecraft:cube_all,model,,EXTERNAL_NAMESPACE
src/main/resources/assets/advancedrocketry/blockstates/warpcore.json,0,minecraft:cube_all,model,,EXTERNAL_NAMESPACE
src/main/resources/assets/advancedrocketry/blockstates/warpcore.json,0,minecraft:cube_all,model,,EXTERNAL_NAMESPACE
src/main/resources/assets/advancedrocketry/blockstates/warpcore.json,0,minecraft:cube_all,model,,EXTERNAL_NAMESPACE
src/main/resources/assets/advancedrocketry/blockstates/warpcore.json,0,minecraft:cube_all,model,,EXTERNAL_NAMESPACE
src/main/resources/assets/advancedrocketry/blockstates/warpmonitor.json,0,advancedrocketry:blocks/starshipcontrolpanel,texture,src/main/resources/assets/advancedrocketry/textures/blocks/starshipcontrolpanel.png,PRESENT
src/main/resources/assets/advancedrocketry/blockstates/warpmonitor.json,0,forge:default-block,model,,EXTERNAL_NAMESPACE
src/main/resources/assets/advancedrocketry/blockstates/warpmonitor.json,0,libvulpes:blocks/machinegeneric,texture,,EXTERNAL_NAMESPACE
src/main/resources/assets/advancedrocketry/blockstates/warpmonitor.json,0,libvulpes:blocks/machinegeneric,texture,,EXTERNAL_NAMESPACE
src/main/resources/assets/advancedrocketry/blockstates/warpmonitor.json,0,minecraft:orientable,model,,EXTERNAL_NAMESPACE
src/main/resources/assets/advancedrocketry/blockstates/warpmonitor.json,0,minecraft:orientable,model,,EXTERNAL_NAMESPACE
src/main/resources/assets/advancedrocketry/blockstates/warpmonitor.json,0,minecraft:orientable,model,,EXTERNAL_NAMESPACE
src/main/resources/assets/advancedrocketry/blockstates/warpmonitor.json,0,minecraft:orientable,model,,EXTERNAL_NAMESPACE
src/main/resources/assets/advancedrocketry/blockstates/warpmonitor.json,0,minecraft:orientable,model,,EXTERNAL_NAMESPACE
src/main/resources/assets/advancedrocketry/blockstates/warpmonitor.json,0,minecraft:orientable,model,,EXTERNAL_NAMESPACE
src/main/resources/assets/advancedrocketry/blockstates/warpmonitor.json,0,minecraft:orientable,model,,EXTERNAL_NAMESPACE
src/main/resources/assets/advancedrocketry/blockstates/wirelesstransciever.json,0,advancedrocketry:wirelesstransciever,model,src/main/resources/assets/advancedrocketry/models/wirelesstransciever.json,MISSING
src/main/resources/assets/advancedrocketry/blockstates/wirelesstransciever.json,0,advancedrocketry:wirelesstransciever,model,src/main/resources/assets/advancedrocketry/models/wirelesstransciever.json,MISSING
src/main/resources/assets/advancedrocketry/blockstates/wirelesstransciever.json,0,advancedrocketry:wirelesstransciever,model,src/main/resources/assets/advancedrocketry/models/wirelesstransciever.json,MISSING
src/main/resources/assets/advancedrocketry/blockstates/wirelesstransciever.json,0,advancedrocketry:wirelesstransciever,model,src/main/resources/assets/advancedrocketry/models/wirelesstransciever.json,MISSING
src/main/resources/assets/advancedrocketry/blockstates/wirelesstransciever.json,0,advancedrocketry:wirelesstransciever,model,src/main/resources/assets/advancedrocketry/models/wirelesstransciever.json,MISSING
src/main/resources/assets/advancedrocketry/blockstates/wirelesstransciever.json,0,advancedrocketry:wirelesstransciever,model,src/main/resources/assets/advancedrocketry/models/wirelesstransciever.json,MISSING
src/main/resources/assets/advancedrocketry/blockstates/wirelesstransciever.json,0,advancedrocketry:wirelesstransciever,model,src/main/resources/assets/advancedrocketry/models/wirelesstransciever.json,MISSING
src/main/resources/assets/advancedrocketry/blockstates/wirelesstransciever.json,0,advancedrocketry:wirelesstransciever,model,src/main/resources/assets/advancedrocketry/models/wirelesstransciever.json,MISSING
src/main/resources/assets/advancedrocketry/blockstates/wirelesstransciever.json,0,advancedrocketry:wirelesstransciever,model,src/main/resources/assets/advancedrocketry/models/wirelesstransciever.json,MISSING
src/main/resources/assets/advancedrocketry/models/areagravitycontroller.obj,3,area_gravity_controller.mtl,mtl,src/main/resources/assets/advancedrocketry/models/area_gravity_controller.mtl,MISSING
src/main/resources/assets/advancedrocketry/models/astrobodydataprocessor.obj,3,astrobody_data_processor.mtl,mtl,src/main/resources/assets/advancedrocketry/models/astrobody_data_processor.mtl,MISSING
src/main/resources/assets/advancedrocketry/models/atmosphere.obj,3,atmosphere.mtl,mtl,src/main/resources/assets/advancedrocketry/models/atmosphere.mtl,PRESENT
src/main/resources/assets/advancedrocketry/models/beacon.obj,3,beacon.mtl,mtl,src/main/resources/assets/advancedrocketry/models/beacon.mtl,MISSING
src/main/resources/assets/advancedrocketry/models/biomescanner.obj,3,biomescanner.mtl,mtl,src/main/resources/assets/advancedrocketry/models/biomescanner.mtl,MISSING
src/main/resources/assets/advancedrocketry/models/blackholegenerator.obj,3,black_hole_generator.mtl,mtl,src/main/resources/assets/advancedrocketry/models/black_hole_generator.mtl,MISSING
src/main/resources/assets/advancedrocketry/models/block/airlock_door_bottom.json,0,advancedrocketry:blocks/smallAirlockDoor_lower,texture,src/main/resources/assets/advancedrocketry/textures/blocks/smallAirlockDoor_lower.png,MISSING
src/main/resources/assets/advancedrocketry/models/block/airlock_door_bottom.json,0,advancedrocketry:blocks/smallAirlockDoor_upper,texture,src/main/resources/assets/advancedrocketry/textures/blocks/smallAirlockDoor_upper.png,MISSING
src/main/resources/assets/advancedrocketry/models/block/airlock_door_bottom.json,0,block/door_bottom,parent,,EXTERNAL_NAMESPACE
src/main/resources/assets/advancedrocketry/models/block/airlock_door_bottom_rh.json,0,advancedrocketry:blocks/smallAirlockDoor_lower,texture,src/main/resources/assets/advancedrocketry/textures/blocks/smallAirlockDoor_lower.png,MISSING
src/main/resources/assets/advancedrocketry/models/block/airlock_door_bottom_rh.json,0,advancedrocketry:blocks/smallAirlockDoor_upper,texture,src/main/resources/assets/advancedrocketry/textures/blocks/smallAirlockDoor_upper.png,MISSING
src/main/resources/assets/advancedrocketry/models/block/airlock_door_bottom_rh.json,0,block/door_bottom_rh,parent,,EXTERNAL_NAMESPACE
src/main/resources/assets/advancedrocketry/models/block/airlock_door_top.json,0,advancedrocketry:blocks/smallAirlockDoor_lower,texture,src/main/resources/assets/advancedrocketry/textures/blocks/smallAirlockDoor_lower.png,MISSING
src/main/resources/assets/advancedrocketry/models/block/airlock_door_top.json,0,advancedrocketry:blocks/smallAirlockDoor_upper,texture,src/main/resources/assets/advancedrocketry/textures/blocks/smallAirlockDoor_upper.png,MISSING
src/main/resources/assets/advancedrocketry/models/block/airlock_door_top.json,0,block/door_top,parent,,EXTERNAL_NAMESPACE
src/main/resources/assets/advancedrocketry/models/block/airlock_door_top_rh.json,0,advancedrocketry:blocks/smallAirlockDoor_lower,texture,src/main/resources/assets/advancedrocketry/textures/blocks/smallAirlockDoor_lower.png,MISSING
src/main/resources/assets/advancedrocketry/models/block/airlock_door_top_rh.json,0,advancedrocketry:blocks/smallAirlockDoor_upper,texture,src/main/resources/assets/advancedrocketry/textures/blocks/smallAirlockDoor_upper.png,MISSING
src/main/resources/assets/advancedrocketry/models/block/airlock_door_top_rh.json,0,block/door_top_rh,parent,,EXTERNAL_NAMESPACE
src/main/resources/assets/advancedrocketry/models/block/blocktitaniumaluminide.json,0,blocks/iron_block,texture,,EXTERNAL_NAMESPACE
src/main/resources/assets/advancedrocketry/models/block/blocktitaniumaluminide.json,0,libvulpes:block/tintedCubeAll,parent,,EXTERNAL_NAMESPACE
src/main/resources/assets/advancedrocketry/models/block/blocktitaniumiridium.json,0,blocks/iron_block,texture,,EXTERNAL_NAMESPACE
src/main/resources/assets/advancedrocketry/models/block/blocktitaniumiridium.json,0,libvulpes:block/tintedCubeAll,parent,,EXTERNAL_NAMESPACE
src/main/resources/assets/advancedrocketry/models/block/crystal.json,0,advancedrocketry:blocks/crystal,texture,src/main/resources/assets/advancedrocketry/textures/blocks/crystal.png,PRESENT
src/main/resources/assets/advancedrocketry/models/block/crystal.json,0,libvulpes:block/tintedcubeall,parent,,EXTERNAL_NAMESPACE
src/main/resources/assets/advancedrocketry/models/block/databus.json,0,advancedrocketry:blocks/dataHatch,texture,src/main/resources/assets/advancedrocketry/textures/blocks/dataHatch.png,MISSING
src/main/resources/assets/advancedrocketry/models/block/databus.json,0,block/cube_all,parent,,EXTERNAL_NAMESPACE
src/main/resources/assets/advancedrocketry/models/block/datapipe.json,0,advancedrocketry:block/pipe,parent,src/main/resources/assets/advancedrocketry/models/block/pipe.json,PRESENT
src/main/resources/assets/advancedrocketry/models/block/datapipe.json,0,advancedrocketry:blocks/pipeData,texture,src/main/resources/assets/advancedrocketry/textures/blocks/pipeData.png,MISSING
src/main/resources/assets/advancedrocketry/models/block/energypipe.json,0,advancedrocketry:block/pipe,parent,src/main/resources/assets/advancedrocketry/models/block/pipe.json,PRESENT
src/main/resources/assets/advancedrocketry/models/block/energypipe.json,0,advancedrocketry:blocks/pipeEnergy,texture,src/main/resources/assets/advancedrocketry/textures/blocks/pipeEnergy.png,MISSING
src/main/resources/assets/advancedrocketry/models/block/guidancecomputeraccesshatch.json,0,advancedrocketry:blocks/guidancecomputeraccesshatch,texture,src/main/resources/assets/advancedrocketry/textures/blocks/guidancecomputeraccesshatch.png,PRESENT
src/main/resources/assets/advancedrocketry/models/block/guidancecomputeraccesshatch.json,0,advancedrocketry:blocks/guidancecomputeraccesshatch,texture,src/main/resources/assets/advancedrocketry/textures/blocks/guidancecomputeraccesshatch.png,PRESENT
src/main/resources/assets/advancedrocketry/models/block/guidancecomputeraccesshatch.json,0,advancedrocketry:blocks/guidancecomputeraccesshatch,texture,src/main/resources/assets/advancedrocketry/textures/blocks/guidancecomputeraccesshatch.png,PRESENT
src/main/resources/assets/advancedrocketry/models/block/guidancecomputeraccesshatch.json,0,block/orientable,parent,,EXTERNAL_NAMESPACE
src/main/resources/assets/advancedrocketry/models/block/launchpad_all.json,0,advancedrocketry:blocks/rocketPad_,texture,src/main/resources/assets/advancedrocketry/textures/blocks/rocketPad_.png,MISSING
src/main/resources/assets/advancedrocketry/models/block/launchpad_all.json,0,advancedrocketry:blocks/rocketPad_,texture,src/main/resources/assets/advancedrocketry/textures/blocks/rocketPad_.png,MISSING
src/main/resources/assets/advancedrocketry/models/block/launchpad_all.json,0,advancedrocketry:blocks/rocketPad_xCross,texture,src/main/resources/assets/advancedrocketry/textures/blocks/rocketPad_xCross.png,MISSING
src/main/resources/assets/advancedrocketry/models/block/launchpad_all.json,0,block/cube_bottom_top,parent,,EXTERNAL_NAMESPACE
src/main/resources/assets/advancedrocketry/models/block/launchpad_blcorner.json,0,advancedrocketry:blocks/rocketPad_blCorner,texture,src/main/resources/assets/advancedrocketry/textures/blocks/rocketPad_blCorner.png,MISSING
src/main/resources/assets/advancedrocketry/models/block/launchpad_blcorner.json,0,advancedrocketry:blocks/rocketPad_tlCorner,texture,src/main/resources/assets/advancedrocketry/textures/blocks/rocketPad_tlCorner.png,MISSING
src/main/resources/assets/advancedrocketry/models/block/launchpad_blcorner.json,0,advancedrocketry:blocks/rocketPad_xCross,texture,src/main/resources/assets/advancedrocketry/textures/blocks/rocketPad_xCross.png,MISSING
src/main/resources/assets/advancedrocketry/models/block/launchpad_blcorner.json,0,block/cube_bottom_top,parent,,EXTERNAL_NAMESPACE
src/main/resources/assets/advancedrocketry/models/block/launchpad_bottomedge.json,0,advancedrocketry:blocks/rocketPad_bottomEdge,texture,src/main/resources/assets/advancedrocketry/textures/blocks/rocketPad_bottomEdge.png,MISSING
src/main/resources/assets/advancedrocketry/models/block/launchpad_bottomedge.json,0,advancedrocketry:blocks/rocketPad_topEdge,texture,src/main/resources/assets/advancedrocketry/textures/blocks/rocketPad_topEdge.png,MISSING
src/main/resources/assets/advancedrocketry/models/block/launchpad_bottomedge.json,0,advancedrocketry:blocks/rocketPad_xCross,texture,src/main/resources/assets/advancedrocketry/textures/blocks/rocketPad_xCross.png,MISSING
src/main/resources/assets/advancedrocketry/models/block/launchpad_bottomedge.json,0,block/cube_bottom_top,parent,,EXTERNAL_NAMESPACE
src/main/resources/assets/advancedrocketry/models/block/launchpad_brcorner.json,0,advancedrocketry:blocks/rocketPad_brCorner,texture,src/main/resources/assets/advancedrocketry/textures/blocks/rocketPad_brCorner.png,MISSING
src/main/resources/assets/advancedrocketry/models/block/launchpad_brcorner.json,0,advancedrocketry:blocks/rocketPad_trCorner,texture,src/main/resources/assets/advancedrocketry/textures/blocks/rocketPad_trCorner.png,MISSING
src/main/resources/assets/advancedrocketry/models/block/launchpad_brcorner.json,0,advancedrocketry:blocks/rocketPad_xCross,texture,src/main/resources/assets/advancedrocketry/textures/blocks/rocketPad_xCross.png,MISSING
src/main/resources/assets/advancedrocketry/models/block/launchpad_brcorner.json,0,block/cube_bottom_top,parent,,EXTERNAL_NAMESPACE
src/main/resources/assets/advancedrocketry/models/block/launchpad_leftedge.json,0,advancedrocketry:blocks/rocketPad_leftEdge,texture,src/main/resources/assets/advancedrocketry/textures/blocks/rocketPad_leftEdge.png,MISSING
src/main/resources/assets/advancedrocketry/models/block/launchpad_leftedge.json,0,advancedrocketry:blocks/rocketPad_leftEdge,texture,src/main/resources/assets/advancedrocketry/textures/blocks/rocketPad_leftEdge.png,MISSING
src/main/resources/assets/advancedrocketry/models/block/launchpad_leftedge.json,0,advancedrocketry:blocks/rocketPad_xCross,texture,src/main/resources/assets/advancedrocketry/textures/blocks/rocketPad_xCross.png,MISSING
src/main/resources/assets/advancedrocketry/models/block/launchpad_leftedge.json,0,block/cube_bottom_top,parent,,EXTERNAL_NAMESPACE
src/main/resources/assets/advancedrocketry/models/block/launchpad_nbedge.json,0,advancedrocketry:blocks/rocketPad_nbEdge,texture,src/main/resources/assets/advancedrocketry/textures/blocks/rocketPad_nbEdge.png,MISSING
src/main/resources/assets/advancedrocketry/models/block/launchpad_nbedge.json,0,advancedrocketry:blocks/rocketPad_ntEdge,texture,src/main/resources/assets/advancedrocketry/textures/blocks/rocketPad_ntEdge.png,MISSING
src/main/resources/assets/advancedrocketry/models/block/launchpad_nbedge.json,0,advancedrocketry:blocks/rocketPad_xCross,texture,src/main/resources/assets/advancedrocketry/textures/blocks/rocketPad_xCross.png,MISSING
src/main/resources/assets/advancedrocketry/models/block/launchpad_nbedge.json,0,block/cube_bottom_top,parent,,EXTERNAL_NAMESPACE
src/main/resources/assets/advancedrocketry/models/block/launchpad_nledge.json,0,advancedrocketry:blocks/rocketPad_nlEdge,texture,src/main/resources/assets/advancedrocketry/textures/blocks/rocketPad_nlEdge.png,MISSING
src/main/resources/assets/advancedrocketry/models/block/launchpad_nledge.json,0,advancedrocketry:blocks/rocketPad_nlEdge,texture,src/main/resources/assets/advancedrocketry/textures/blocks/rocketPad_nlEdge.png,MISSING
src/main/resources/assets/advancedrocketry/models/block/launchpad_nledge.json,0,advancedrocketry:blocks/rocketPad_xCross,texture,src/main/resources/assets/advancedrocketry/textures/blocks/rocketPad_xCross.png,MISSING
src/main/resources/assets/advancedrocketry/models/block/launchpad_nledge.json,0,block/cube_bottom_top,parent,,EXTERNAL_NAMESPACE
src/main/resources/assets/advancedrocketry/models/block/launchpad_noedge.json,0,advancedrocketry:blocks/rocketPad_noEdge,texture,src/main/resources/assets/advancedrocketry/textures/blocks/rocketPad_noEdge.png,MISSING
src/main/resources/assets/advancedrocketry/models/block/launchpad_noedge.json,0,advancedrocketry:blocks/rocketPad_noEdge,texture,src/main/resources/assets/advancedrocketry/textures/blocks/rocketPad_noEdge.png,MISSING
src/main/resources/assets/advancedrocketry/models/block/launchpad_noedge.json,0,advancedrocketry:blocks/rocketPad_xCross,texture,src/main/resources/assets/advancedrocketry/textures/blocks/rocketPad_xCross.png,MISSING
src/main/resources/assets/advancedrocketry/models/block/launchpad_noedge.json,0,block/cube_bottom_top,parent,,EXTERNAL_NAMESPACE
src/main/resources/assets/advancedrocketry/models/block/launchpad_nredge.json,0,advancedrocketry:blocks/rocketPad_nrEdge,texture,src/main/resources/assets/advancedrocketry/textures/blocks/rocketPad_nrEdge.png,MISSING
src/main/resources/assets/advancedrocketry/models/block/launchpad_nredge.json,0,advancedrocketry:blocks/rocketPad_nrEdge,texture,src/main/resources/assets/advancedrocketry/textures/blocks/rocketPad_nrEdge.png,MISSING
src/main/resources/assets/advancedrocketry/models/block/launchpad_nredge.json,0,advancedrocketry:blocks/rocketPad_xCross,texture,src/main/resources/assets/advancedrocketry/textures/blocks/rocketPad_xCross.png,MISSING
src/main/resources/assets/advancedrocketry/models/block/launchpad_nredge.json,0,block/cube_bottom_top,parent,,EXTERNAL_NAMESPACE
src/main/resources/assets/advancedrocketry/models/block/launchpad_ntedge.json,0,advancedrocketry:blocks/rocketPad_nbEdge,texture,src/main/resources/assets/advancedrocketry/textures/blocks/rocketPad_nbEdge.png,MISSING
src/main/resources/assets/advancedrocketry/models/block/launchpad_ntedge.json,0,advancedrocketry:blocks/rocketPad_ntEdge,texture,src/main/resources/assets/advancedrocketry/textures/blocks/rocketPad_ntEdge.png,MISSING
src/main/resources/assets/advancedrocketry/models/block/launchpad_ntedge.json,0,advancedrocketry:blocks/rocketPad_xCross,texture,src/main/resources/assets/advancedrocketry/textures/blocks/rocketPad_xCross.png,MISSING
src/main/resources/assets/advancedrocketry/models/block/launchpad_ntedge.json,0,block/cube_bottom_top,parent,,EXTERNAL_NAMESPACE
src/main/resources/assets/advancedrocketry/models/block/launchpad_rightedge.json,0,advancedrocketry:blocks/rocketPad_rightEdge,texture,src/main/resources/assets/advancedrocketry/textures/blocks/rocketPad_rightEdge.png,MISSING
src/main/resources/assets/advancedrocketry/models/block/launchpad_rightedge.json,0,advancedrocketry:blocks/rocketPad_rightEdge,texture,src/main/resources/assets/advancedrocketry/textures/blocks/rocketPad_rightEdge.png,MISSING
src/main/resources/assets/advancedrocketry/models/block/launchpad_rightedge.json,0,advancedrocketry:blocks/rocketPad_xCross,texture,src/main/resources/assets/advancedrocketry/textures/blocks/rocketPad_xCross.png,MISSING
src/main/resources/assets/advancedrocketry/models/block/launchpad_rightedge.json,0,block/cube_bottom_top,parent,,EXTERNAL_NAMESPACE
src/main/resources/assets/advancedrocketry/models/block/launchpad_tlcorner.json,0,advancedrocketry:blocks/rocketPad_blCorner,texture,src/main/resources/assets/advancedrocketry/textures/blocks/rocketPad_blCorner.png,MISSING
src/main/resources/assets/advancedrocketry/models/block/launchpad_tlcorner.json,0,advancedrocketry:blocks/rocketPad_tlCorner,texture,src/main/resources/assets/advancedrocketry/textures/blocks/rocketPad_tlCorner.png,MISSING
src/main/resources/assets/advancedrocketry/models/block/launchpad_tlcorner.json,0,advancedrocketry:blocks/rocketPad_xCross,texture,src/main/resources/assets/advancedrocketry/textures/blocks/rocketPad_xCross.png,MISSING
src/main/resources/assets/advancedrocketry/models/block/launchpad_tlcorner.json,0,block/cube_bottom_top,parent,,EXTERNAL_NAMESPACE
src/main/resources/assets/advancedrocketry/models/block/launchpad_topedge.json,0,advancedrocketry:blocks/rocketPad_bottomEdge,texture,src/main/resources/assets/advancedrocketry/textures/blocks/rocketPad_bottomEdge.png,MISSING
src/main/resources/assets/advancedrocketry/models/block/launchpad_topedge.json,0,advancedrocketry:blocks/rocketPad_topEdge,texture,src/main/resources/assets/advancedrocketry/textures/blocks/rocketPad_topEdge.png,MISSING
src/main/resources/assets/advancedrocketry/models/block/launchpad_topedge.json,0,advancedrocketry:blocks/rocketPad_xCross,texture,src/main/resources/assets/advancedrocketry/textures/blocks/rocketPad_xCross.png,MISSING
src/main/resources/assets/advancedrocketry/models/block/launchpad_topedge.json,0,block/cube_bottom_top,parent,,EXTERNAL_NAMESPACE
src/main/resources/assets/advancedrocketry/models/block/launchpad_trcorner.json,0,advancedrocketry:blocks/rocketPad_brCorner,texture,src/main/resources/assets/advancedrocketry/textures/blocks/rocketPad_brCorner.png,MISSING
src/main/resources/assets/advancedrocketry/models/block/launchpad_trcorner.json,0,advancedrocketry:blocks/rocketPad_trCorner,texture,src/main/resources/assets/advancedrocketry/textures/blocks/rocketPad_trCorner.png,MISSING
src/main/resources/assets/advancedrocketry/models/block/launchpad_trcorner.json,0,advancedrocketry:blocks/rocketPad_xCross,texture,src/main/resources/assets/advancedrocketry/textures/blocks/rocketPad_xCross.png,MISSING
src/main/resources/assets/advancedrocketry/models/block/launchpad_trcorner.json,0,block/cube_bottom_top,parent,,EXTERNAL_NAMESPACE
src/main/resources/assets/advancedrocketry/models/block/launchpad_xcross.json,0,advancedrocketry:blocks/rocketPad_xCross,texture,src/main/resources/assets/advancedrocketry/textures/blocks/rocketPad_xCross.png,MISSING
src/main/resources/assets/advancedrocketry/models/block/launchpad_xcross.json,0,advancedrocketry:blocks/rocketPad_xCross,texture,src/main/resources/assets/advancedrocketry/textures/blocks/rocketPad_xCross.png,MISSING
src/main/resources/assets/advancedrocketry/models/block/launchpad_xcross.json,0,advancedrocketry:blocks/rocketPad_xCross,texture,src/main/resources/assets/advancedrocketry/textures/blocks/rocketPad_xCross.png,MISSING
src/main/resources/assets/advancedrocketry/models/block/launchpad_xcross.json,0,block/cube_bottom_top,parent,,EXTERNAL_NAMESPACE
src/main/resources/assets/advancedrocketry/models/block/launchpad_ycross.json,0,advancedrocketry:blocks/rocketPad_yCross,texture,src/main/resources/assets/advancedrocketry/textures/blocks/rocketPad_yCross.png,MISSING
src/main/resources/assets/advancedrocketry/models/block/launchpad_ycross.json,0,advancedrocketry:blocks/rocketPad_yCross,texture,src/main/resources/assets/advancedrocketry/textures/blocks/rocketPad_yCross.png,MISSING
src/main/resources/assets/advancedrocketry/models/block/launchpad_ycross.json,0,advancedrocketry:blocks/rocketPad_yCross,texture,src/main/resources/assets/advancedrocketry/textures/blocks/rocketPad_yCross.png,MISSING
src/main/resources/assets/advancedrocketry/models/block/launchpad_ycross.json,0,block/cube_bottom_top,parent,,EXTERNAL_NAMESPACE
src/main/resources/assets/advancedrocketry/models/block/liquidpipe.json,0,advancedrocketry:block/pipe,parent,src/main/resources/assets/advancedrocketry/models/block/pipe.json,PRESENT
src/main/resources/assets/advancedrocketry/models/block/liquidpipe.json,0,advancedrocketry:blocks/pipeLiquid,texture,src/main/resources/assets/advancedrocketry/textures/blocks/pipeLiquid.png,MISSING
src/main/resources/assets/advancedrocketry/models/block/liquidtank.json,0,advancedrocketry:blocks/liquidTank,texture,src/main/resources/assets/advancedrocketry/textures/blocks/liquidTank.png,MISSING
src/main/resources/assets/advancedrocketry/models/block/liquidtank.json,0,advancedrocketry:blocks/qcrucible_top,texture,src/main/resources/assets/advancedrocketry/textures/blocks/qcrucible_top.png,PRESENT
src/main/resources/assets/advancedrocketry/models/block/liquidtank.json,0,block/cube_column,parent,,EXTERNAL_NAMESPACE
src/main/resources/assets/advancedrocketry/models/block/models/advbipropellantrocketmotor.mtl,5,advancedrocketry:models/advbipropellantcombustion,texture_path,src/main/resources/assets/advancedrocketry/models/block/models/advancedrocketry:models/advbipropellantcombustion,MISSING
src/main/resources/assets/advancedrocketry/models/block/models/advbipropellantrocketmotor.obj,3,advbipropellantrocketmotor.mtl,mtl,src/main/resources/assets/advancedrocketry/models/block/models/advbipropellantrocketmotor.mtl,PRESENT
src/main/resources/assets/advancedrocketry/models/block/models/advrocketmotor.mtl,5,advancedrocketry:models/advcombustion,texture_path,src/main/resources/assets/advancedrocketry/models/block/models/advancedrocketry:models/advcombustion,MISSING
src/main/resources/assets/advancedrocketry/models/block/models/advrocketmotor.obj,3,advrocketmotor.mtl,mtl,src/main/resources/assets/advancedrocketry/models/block/models/advrocketmotor.mtl,PRESENT
src/main/resources/assets/advancedrocketry/models/block/models/bipropellantrocketmotor.mtl,5,advancedrocketry:models/bipropellantcombustion,texture_path,src/main/resources/assets/advancedrocketry/models/block/models/advancedrocketry:models/bipropellantcombustion,MISSING
src/main/resources/assets/advancedrocketry/models/block/models/bipropellantrocketmotor.obj,3,bipropellantrocketmotor.mtl,mtl,src/main/resources/assets/advancedrocketry/models/block/models/bipropellantrocketmotor.mtl,PRESENT
src/main/resources/assets/advancedrocketry/models/block/models/bottomtank.mtl,8,advancedrocketry:models/tank,texture_path,src/main/resources/assets/advancedrocketry/models/block/models/advancedrocketry:models/tank,MISSING
src/main/resources/assets/advancedrocketry/models/block/models/bottomtank.obj,3,bottomTank.mtl,mtl,src/main/resources/assets/advancedrocketry/models/block/models/bottomTank.mtl,MISSING
src/main/resources/assets/advancedrocketry/models/block/models/endtank.mtl,8,advancedrocketry:models/tank.png,texture_path,src/main/resources/assets/advancedrocketry/models/block/models/advancedrocketry:models/tank.png,MISSING
src/main/resources/assets/advancedrocketry/models/block/models/middletank.mtl,8,advancedrocketry:models/tank,texture_path,src/main/resources/assets/advancedrocketry/models/block/models/advancedrocketry:models/tank,MISSING
src/main/resources/assets/advancedrocketry/models/block/models/middletank.obj,3,middleTank.mtl,mtl,src/main/resources/assets/advancedrocketry/models/block/models/middleTank.mtl,MISSING
src/main/resources/assets/advancedrocketry/models/block/models/nuclearrocketmotor.mtl,5,advancedrocketry:models/nuclearengine,texture_path,src/main/resources/assets/advancedrocketry/models/block/models/advancedrocketry:models/nuclearengine,MISSING
src/main/resources/assets/advancedrocketry/models/block/models/nuclearrocketmotor.obj,3,nuclearrocketmotor.mtl,mtl,src/main/resources/assets/advancedrocketry/models/block/models/nuclearrocketmotor.mtl,PRESENT
src/main/resources/assets/advancedrocketry/models/block/models/rocketmotor.mtl,5,advancedrocketry:models/combustion,texture_path,src/main/resources/assets/advancedrocketry/models/block/models/advancedrocketry:models/combustion,MISSING
src/main/resources/assets/advancedrocketry/models/block/models/rocketmotor.obj,3,rocketmotor.mtl,mtl,src/main/resources/assets/advancedrocketry/models/block/models/rocketmotor.mtl,PRESENT
src/main/resources/assets/advancedrocketry/models/block/models/sawblade.mtl,8,advancedrocketry:models/cuttingmachine2,texture_path,src/main/resources/assets/advancedrocketry/models/block/models/advancedrocketry:models/cuttingmachine2,MISSING
src/main/resources/assets/advancedrocketry/models/block/models/sawblade.obj,3,sawBlade.mtl,mtl,src/main/resources/assets/advancedrocketry/models/block/models/sawBlade.mtl,MISSING
src/main/resources/assets/advancedrocketry/models/block/models/toptank.mtl,8,advancedrocketry:models/tank,texture_path,src/main/resources/assets/advancedrocketry/models/block/models/advancedrocketry:models/tank,MISSING
src/main/resources/assets/advancedrocketry/models/block/models/toptank.obj,3,topTank.mtl,mtl,src/main/resources/assets/advancedrocketry/models/block/models/topTank.mtl,MISSING
src/main/resources/assets/advancedrocketry/models/block/normal_thermite_torch.json,0,advancedrocketry:blocks/thermitetorch,texture,src/main/resources/assets/advancedrocketry/textures/blocks/thermitetorch.png,PRESENT
src/main/resources/assets/advancedrocketry/models/block/normal_thermite_torch.json,0,block/torch,parent,,EXTERNAL_NAMESPACE
src/main/resources/assets/advancedrocketry/models/block/normal_thermite_torch_wall.json,0,advancedrocketry:blocks/thermitetorch,texture,src/main/resources/assets/advancedrocketry/textures/blocks/thermitetorch.png,PRESENT
src/main/resources/assets/advancedrocketry/models/block/normal_thermite_torch_wall.json,0,block/torch_wall,parent,,EXTERNAL_NAMESPACE
src/main/resources/assets/advancedrocketry/models/block/orientablebottom.json,0,block/cube,parent,,EXTERNAL_NAMESPACE
src/main/resources/assets/advancedrocketry/models/block/pipe.json,0,block/cube_all,parent,,EXTERNAL_NAMESPACE
src/main/resources/assets/advancedrocketry/models/block/platepresser_extended_normal.json,0,advancedrocketry:blocks/platepresser_internal,texture,src/main/resources/assets/advancedrocketry/textures/blocks/platepresser_internal.png,PRESENT
src/main/resources/assets/advancedrocketry/models/block/platepresser_extended_normal.json,0,advancedrocketry:blocks/platepresser_side,texture,src/main/resources/assets/advancedrocketry/textures/blocks/platepresser_side.png,PRESENT
src/main/resources/assets/advancedrocketry/models/block/platepresser_extended_normal.json,0,advancedrocketry:blocks/platepresser_top,texture,src/main/resources/assets/advancedrocketry/textures/blocks/platepresser_top.png,PRESENT
src/main/resources/assets/advancedrocketry/models/block/platepresser_extended_normal.json,0,block/piston_extended,parent,,EXTERNAL_NAMESPACE
src/main/resources/assets/advancedrocketry/models/block/platepresser_inventory_normal.json,0,advancedrocketry:blocks/platepresser_bottom,texture,src/main/resources/assets/advancedrocketry/textures/blocks/platepresser_bottom.png,PRESENT
src/main/resources/assets/advancedrocketry/models/block/platepresser_inventory_normal.json,0,advancedrocketry:blocks/platepresser_side,texture,src/main/resources/assets/advancedrocketry/textures/blocks/platepresser_side.png,PRESENT
src/main/resources/assets/advancedrocketry/models/block/platepresser_inventory_normal.json,0,advancedrocketry:blocks/platepresser_top,texture,src/main/resources/assets/advancedrocketry/textures/blocks/platepresser_top.png,PRESENT
src/main/resources/assets/advancedrocketry/models/block/platepresser_inventory_normal.json,0,block/cube_bottom_top,parent,,EXTERNAL_NAMESPACE
src/main/resources/assets/advancedrocketry/models/block/platepresser_normal.json,0,advancedrocketry:blocks/platepresser_bottom,texture,src/main/resources/assets/advancedrocketry/textures/blocks/platepresser_bottom.png,PRESENT
src/main/resources/assets/advancedrocketry/models/block/platepresser_normal.json,0,advancedrocketry:blocks/platepresser_side,texture,src/main/resources/assets/advancedrocketry/textures/blocks/platepresser_side.png,PRESENT
src/main/resources/assets/advancedrocketry/models/block/platepresser_normal.json,0,advancedrocketry:blocks/platepresser_top,texture,src/main/resources/assets/advancedrocketry/textures/blocks/platepresser_top.png,PRESENT
src/main/resources/assets/advancedrocketry/models/block/platepresser_normal.json,0,block/piston,parent,,EXTERNAL_NAMESPACE
src/main/resources/assets/advancedrocketry/models/block/quartzcrucible.json,0,advancedrocketry:blocks/qcrucible_bottom,texture,src/main/resources/assets/advancedrocketry/textures/blocks/qcrucible_bottom.png,PRESENT
src/main/resources/assets/advancedrocketry/models/block/quartzcrucible.json,0,advancedrocketry:blocks/qcrucible_inner,texture,src/main/resources/assets/advancedrocketry/textures/blocks/qcrucible_inner.png,PRESENT
src/main/resources/assets/advancedrocketry/models/block/quartzcrucible.json,0,advancedrocketry:blocks/qcrucible_side,texture,src/main/resources/assets/advancedrocketry/textures/blocks/qcrucible_side.png,PRESENT
src/main/resources/assets/advancedrocketry/models/block/quartzcrucible.json,0,advancedrocketry:blocks/qcrucible_side,texture,src/main/resources/assets/advancedrocketry/textures/blocks/qcrucible_side.png,PRESENT
src/main/resources/assets/advancedrocketry/models/block/quartzcrucible.json,0,advancedrocketry:blocks/qcrucible_top,texture,src/main/resources/assets/advancedrocketry/textures/blocks/qcrucible_top.png,PRESENT
src/main/resources/assets/advancedrocketry/models/block/quartzcrucible.json,0,block/cauldron_empty,parent,,EXTERNAL_NAMESPACE
src/main/resources/assets/advancedrocketry/models/block/satellitehatch.json,0,advancedrocketry:blocks/satelliteBay,texture,src/main/resources/assets/advancedrocketry/textures/blocks/satelliteBay.png,MISSING
src/main/resources/assets/advancedrocketry/models/block/satellitehatch.json,0,block/cube_all,parent,,EXTERNAL_NAMESPACE
src/main/resources/assets/advancedrocketry/models/block/seat.json,0,advancedrocketry:blocks/panelSide,texture,src/main/resources/assets/advancedrocketry/textures/blocks/panelSide.png,MISSING
src/main/resources/assets/advancedrocketry/models/block/seat.json,0,advancedrocketry:blocks/smallconnector,texture,src/main/resources/assets/advancedrocketry/textures/blocks/smallconnector.png,PRESENT
src/main/resources/assets/advancedrocketry/models/block/seat.json,0,advancedrocketry:blocks/solar,texture,src/main/resources/assets/advancedrocketry/textures/blocks/solar.png,PRESENT
src/main/resources/assets/advancedrocketry/models/block/seat.json,0,blocks/wool_colored_silver,texture,,EXTERNAL_NAMESPACE
src/main/resources/assets/advancedrocketry/models/block/seat.json,0,libvulpes:blocks/machineGeneric,texture,,EXTERNAL_NAMESPACE
src/main/resources/assets/advancedrocketry/models/block/solararraypanel.json,0,advancedrocketry:blocks/panelSide,texture,src/main/resources/assets/advancedrocketry/textures/blocks/panelSide.png,MISSING
src/main/resources/assets/advancedrocketry/models/block/solararraypanel.json,0,advancedrocketry:blocks/smallconnector,texture,src/main/resources/assets/advancedrocketry/textures/blocks/smallconnector.png,PRESENT
src/main/resources/assets/advancedrocketry/models/block/solararraypanel.json,0,advancedrocketry:blocks/solar,texture,src/main/resources/assets/advancedrocketry/textures/blocks/solar.png,PRESENT
src/main/resources/assets/advancedrocketry/models/block/solararraypanel.json,0,advancedrocketry:blocks/solar,texture,src/main/resources/assets/advancedrocketry/textures/blocks/solar.png,PRESENT
src/main/resources/assets/advancedrocketry/models/block/solararraypanel.json,0,libvulpes:blocks/machineGeneric,texture,,EXTERNAL_NAMESPACE
src/main/resources/assets/advancedrocketry/models/block/wirelesstransciever.json,0,advancedrocketry:blocks/wirelesstransciever_front,texture,src/main/resources/assets/advancedrocketry/textures/blocks/wirelesstransciever_front.png,PRESENT
src/main/resources/assets/advancedrocketry/models/block/wirelesstransciever.json,0,advancedrocketry:blocks/wirelesstransciever_front,texture,src/main/resources/assets/advancedrocketry/textures/blocks/wirelesstransciever_front.png,PRESENT
src/main/resources/assets/advancedrocketry/models/block/wirelesstransciever.json,0,advancedrocketry:blocks/wirelesstransciever_rear,texture,src/main/resources/assets/advancedrocketry/textures/blocks/wirelesstransciever_rear.png,PRESENT
src/main/resources/assets/advancedrocketry/models/block/wirelesstransciever.json,0,block/thin_block,parent,,EXTERNAL_NAMESPACE
src/main/resources/assets/advancedrocketry/models/centrifuge.obj,3,centrifuge.mtl,mtl,src/main/resources/assets/advancedrocketry/models/centrifuge.mtl,MISSING
src/main/resources/assets/advancedrocketry/models/chemicalreactor.obj,3,chemical_reactor.mtl,mtl,src/main/resources/assets/advancedrocketry/models/chemical_reactor.mtl,MISSING
src/main/resources/assets/advancedrocketry/models/crystalliser.obj,3,crystalliser.mtl,mtl,src/main/resources/assets/advancedrocketry/models/crystalliser.mtl,MISSING
src/main/resources/assets/advancedrocketry/models/cuttingmachine.obj,3,cuttingmachine.mtl,mtl,src/main/resources/assets/advancedrocketry/models/cuttingmachine.mtl,MISSING
src/main/resources/assets/advancedrocketry/models/electrolyser.obj,3,electrolyser.mtl,mtl,src/main/resources/assets/advancedrocketry/models/electrolyser.mtl,MISSING
src/main/resources/assets/advancedrocketry/models/item/advancedcircuit.json,0,advancedrocketry:items/advancedCircuit,texture,src/main/resources/assets/advancedrocketry/textures/items/advancedCircuit.png,MISSING
src/main/resources/assets/advancedrocketry/models/item/advancedcircuit.json,0,item/generated,parent,,EXTERNAL_NAMESPACE
src/main/resources/assets/advancedrocketry/models/item/advancedcircuitplate.json,0,advancedrocketry:items/advancedCircuitPlate,texture,src/main/resources/assets/advancedrocketry/textures/items/advancedCircuitPlate.png,MISSING
src/main/resources/assets/advancedrocketry/models/item/advancedcircuitplate.json,0,item/generated,parent,,EXTERNAL_NAMESPACE
src/main/resources/assets/advancedrocketry/models/item/advancedsolarpanel.json,0,advancedrocketry:items/advancedSolarPanel,texture,src/main/resources/assets/advancedrocketry/textures/items/advancedSolarPanel.png,MISSING
src/main/resources/assets/advancedrocketry/models/item/advancedsolarpanel.json,0,item/generated,parent,,EXTERNAL_NAMESPACE
src/main/resources/assets/advancedrocketry/models/item/advrocketmotor.json,0,advancedrocketry:items/advCombustionEngine,texture,src/main/resources/assets/advancedrocketry/textures/items/advCombustionEngine.png,MISSING
src/main/resources/assets/advancedrocketry/models/item/advrocketmotor.json,0,item/generated,parent,,EXTERNAL_NAMESPACE
src/main/resources/assets/advancedrocketry/models/item/airlock_door.json,0,advancedrocketry:items/smallAirlock,texture,src/main/resources/assets/advancedrocketry/textures/items/smallAirlock.png,MISSING
src/main/resources/assets/advancedrocketry/models/item/airlock_door.json,0,item/generated,parent,,EXTERNAL_NAMESPACE
src/main/resources/assets/advancedrocketry/models/item/antifogvisor.json,0,advancedrocketry:items/antiFogVisor,texture,src/main/resources/assets/advancedrocketry/textures/items/antiFogVisor.png,MISSING
src/main/resources/assets/advancedrocketry/models/item/antifogvisor.json,0,item/generated,parent,,EXTERNAL_NAMESPACE
src/main/resources/assets/advancedrocketry/models/item/asteroidchip.json,0,advancedrocketry:items/asteroidIdChip,texture,src/main/resources/assets/advancedrocketry/textures/items/asteroidIdChip.png,MISSING
src/main/resources/assets/advancedrocketry/models/item/asteroidchip.json,0,item/generated,parent,,EXTERNAL_NAMESPACE
src/main/resources/assets/advancedrocketry/models/item/atmanalyser.json,0,advancedrocketry:items/atmAnalyzer,texture,src/main/resources/assets/advancedrocketry/textures/items/atmAnalyzer.png,MISSING
src/main/resources/assets/advancedrocketry/models/item/atmanalyser.json,0,item/generated,parent,,EXTERNAL_NAMESPACE
src/main/resources/assets/advancedrocketry/models/item/basiccircuit.json,0,advancedrocketry:items/basicCircuit,texture,src/main/resources/assets/advancedrocketry/textures/items/basicCircuit.png,MISSING
src/main/resources/assets/advancedrocketry/models/item/basiccircuit.json,0,item/generated,parent,,EXTERNAL_NAMESPACE
src/main/resources/assets/advancedrocketry/models/item/basiccircuitplate.json,0,advancedrocketry:items/basicCircuitPlate,texture,src/main/resources/assets/advancedrocketry/textures/items/basicCircuitPlate.png,MISSING
src/main/resources/assets/advancedrocketry/models/item/basiccircuitplate.json,0,item/generated,parent,,EXTERNAL_NAMESPACE
src/main/resources/assets/advancedrocketry/models/item/basiclasergun.json,0,advancedrocketry:items/basicLaserGun,texture,src/main/resources/assets/advancedrocketry/textures/items/basicLaserGun.png,MISSING
src/main/resources/assets/advancedrocketry/models/item/basiclasergun.json,0,item/generated,parent,,EXTERNAL_NAMESPACE
src/main/resources/assets/advancedrocketry/models/item/basiclasergun.json,0,model/basicLaserGun,model,,EXTERNAL_NAMESPACE
src/main/resources/assets/advancedrocketry/models/item/basiclens.json,0,advancedrocketry:items/basicLens,texture,src/main/resources/assets/advancedrocketry/textures/items/basicLens.png,MISSING
src/main/resources/assets/advancedrocketry/models/item/basiclens.json,0,item/generated,parent,,EXTERNAL_NAMESPACE
src/main/resources/assets/advancedrocketry/models/item/basicsolarpanel.json,0,advancedrocketry:items/basicSolarPanel,texture,src/main/resources/assets/advancedrocketry/textures/items/basicSolarPanel.png,MISSING
src/main/resources/assets/advancedrocketry/models/item/basicsolarpanel.json,0,item/generated,parent,,EXTERNAL_NAMESPACE
src/main/resources/assets/advancedrocketry/models/item/beacon.json,0,advancedrocketry:block/beacon,parent,src/main/resources/assets/advancedrocketry/models/block/beacon.json,MISSING
src/main/resources/assets/advancedrocketry/models/item/beaconfinder.json,0,advancedrocketry:items/beaconFinder,texture,src/main/resources/assets/advancedrocketry/textures/items/beaconFinder.png,MISSING
src/main/resources/assets/advancedrocketry/models/item/beaconfinder.json,0,item/generated,parent,,EXTERNAL_NAMESPACE
src/main/resources/assets/advancedrocketry/models/item/biomechanger.json,0,advancedrocketry:items/biomeChanger,texture,src/main/resources/assets/advancedrocketry/textures/items/biomeChanger.png,MISSING
src/main/resources/assets/advancedrocketry/models/item/biomechanger.json,0,item/generated,parent,,EXTERNAL_NAMESPACE
src/main/resources/assets/advancedrocketry/models/item/biomechangersat.json,0,advancedrocketry:items/biomeChangerSat,texture,src/main/resources/assets/advancedrocketry/textures/items/biomeChangerSat.png,MISSING
src/main/resources/assets/advancedrocketry/models/item/biomechangersat.json,0,item/generated,parent,,EXTERNAL_NAMESPACE
src/main/resources/assets/advancedrocketry/models/item/bioniclegs.json,0,advancedrocketry:items/bionicLegs,texture,src/main/resources/assets/advancedrocketry/textures/items/bionicLegs.png,MISSING
src/main/resources/assets/advancedrocketry/models/item/bioniclegs.json,0,item/generated,parent,,EXTERNAL_NAMESPACE
src/main/resources/assets/advancedrocketry/models/item/blocktitaniumaluminide.json,0,advancedrocketry:block/blockTitaniumAluminide,parent,src/main/resources/assets/advancedrocketry/models/block/blockTitaniumAluminide.json,MISSING
src/main/resources/assets/advancedrocketry/models/item/blocktitaniumiridium.json,0,advancedrocketry:block/blockTitaniumIridium,parent,src/main/resources/assets/advancedrocketry/models/block/blockTitaniumIridium.json,MISSING
src/main/resources/assets/advancedrocketry/models/item/carbonbrick.json,0,advancedrocketry:items/carbonBrick,texture,src/main/resources/assets/advancedrocketry/textures/items/carbonBrick.png,MISSING
src/main/resources/assets/advancedrocketry/models/item/carbonbrick.json,0,item/generated,parent,,EXTERNAL_NAMESPACE
src/main/resources/assets/advancedrocketry/models/item/carboncartridge.json,0,advancedrocketry:items/carbonScrubberCartrige,texture,src/main/resources/assets/advancedrocketry/textures/items/carbonScrubberCartrige.png,MISSING
src/main/resources/assets/advancedrocketry/models/item/carboncartridge.json,0,item/generated,parent,,EXTERNAL_NAMESPACE
src/main/resources/assets/advancedrocketry/models/item/carbonscrubbercartridge.json,0,advancedrocketry:items/carbonScrubberCartrige,texture,src/main/resources/assets/advancedrocketry/textures/items/carbonScrubberCartrige.png,MISSING
src/main/resources/assets/advancedrocketry/models/item/carbonscrubbercartridge.json,0,item/generated,parent,,EXTERNAL_NAMESPACE
src/main/resources/assets/advancedrocketry/models/item/compositionsensor.json,0,advancedrocketry:items/compositionSensor,texture,src/main/resources/assets/advancedrocketry/textures/items/compositionSensor.png,MISSING
src/main/resources/assets/advancedrocketry/models/item/compositionsensor.json,0,item/generated,parent,,EXTERNAL_NAMESPACE
src/main/resources/assets/advancedrocketry/models/item/controliocircuit.json,0,advancedrocketry:items/controlIOCircuit,texture,src/main/resources/assets/advancedrocketry/textures/items/controlIOCircuit.png,MISSING
src/main/resources/assets/advancedrocketry/models/item/controliocircuit.json,0,item/generated,parent,,EXTERNAL_NAMESPACE
src/main/resources/assets/advancedrocketry/models/item/controlpanel.json,0,advancedrocketry:block/controlPanel,parent,src/main/resources/assets/advancedrocketry/models/block/controlPanel.json,MISSING
src/main/resources/assets/advancedrocketry/models/item/crystal.json,0,advancedrocketry:block/crystal,parent,src/main/resources/assets/advancedrocketry/models/block/crystal.json,PRESENT
src/main/resources/assets/advancedrocketry/models/item/databus.json,0,advancedrocketry:block/databus,parent,src/main/resources/assets/advancedrocketry/models/block/databus.json,PRESENT
src/main/resources/assets/advancedrocketry/models/item/datapipe.json,0,advancedrocketry:block/dataPipe,parent,src/main/resources/assets/advancedrocketry/models/block/dataPipe.json,MISSING
src/main/resources/assets/advancedrocketry/models/item/datastorageunit.json,0,advancedrocketry:items/dataStorageUnit,texture,src/main/resources/assets/advancedrocketry/textures/items/dataStorageUnit.png,MISSING
src/main/resources/assets/advancedrocketry/models/item/datastorageunit.json,0,item/generated,parent,,EXTERNAL_NAMESPACE
src/main/resources/assets/advancedrocketry/models/item/dataunit.json,0,advancedrocketry:items/dataStorageUnit,texture,src/main/resources/assets/advancedrocketry/textures/items/dataStorageUnit.png,MISSING
src/main/resources/assets/advancedrocketry/models/item/dataunit.json,0,item/generated,parent,,EXTERNAL_NAMESPACE
src/main/resources/assets/advancedrocketry/models/item/earthbrightvisor.json,0,advancedrocketry:items/earthbrightvisor,texture,src/main/resources/assets/advancedrocketry/textures/items/earthbrightvisor.png,PRESENT
src/main/resources/assets/advancedrocketry/models/item/earthbrightvisor.json,0,item/generated,parent,,EXTERNAL_NAMESPACE
src/main/resources/assets/advancedrocketry/models/item/elevatorchip.json,0,advancedrocketry:items/elevatorChip,texture,src/main/resources/assets/advancedrocketry/textures/items/elevatorChip.png,MISSING
src/main/resources/assets/advancedrocketry/models/item/elevatorchip.json,0,item/generated,parent,,EXTERNAL_NAMESPACE
src/main/resources/assets/advancedrocketry/models/item/energypipe.json,0,advancedrocketry:block/energyPipe,parent,src/main/resources/assets/advancedrocketry/models/block/energyPipe.json,MISSING
src/main/resources/assets/advancedrocketry/models/item/flightspeedupgrade.json,0,advancedrocketry:items/flightSpeedUpgrade,texture,src/main/resources/assets/advancedrocketry/textures/items/flightSpeedUpgrade.png,MISSING
src/main/resources/assets/advancedrocketry/models/item/flightspeedupgrade.json,0,item/generated,parent,,EXTERNAL_NAMESPACE
src/main/resources/assets/advancedrocketry/models/item/fueltank.json,0,advancedrocketry:items/tank,texture,src/main/resources/assets/advancedrocketry/textures/items/tank.png,MISSING
src/main/resources/assets/advancedrocketry/models/item/fueltank.json,0,item/generated,parent,,EXTERNAL_NAMESPACE
src/main/resources/assets/advancedrocketry/models/item/guidancecomputeraccesshatch.json,0,advancedrocketry:block/guidancecomputeraccesshatch,parent,src/main/resources/assets/advancedrocketry/models/block/guidancecomputeraccesshatch.json,PRESENT
src/main/resources/assets/advancedrocketry/models/item/hovercraft.json,0,advancedrocketry:items/hovercraft,texture,src/main/resources/assets/advancedrocketry/textures/items/hovercraft.png,PRESENT
src/main/resources/assets/advancedrocketry/models/item/hovercraft.json,0,item/generated,parent,,EXTERNAL_NAMESPACE
src/main/resources/assets/advancedrocketry/models/item/hoverupgrade.json,0,advancedrocketry:items/hoverUpgrade,texture,src/main/resources/assets/advancedrocketry/textures/items/hoverUpgrade.png,MISSING
src/main/resources/assets/advancedrocketry/models/item/hoverupgrade.json,0,item/generated,parent,,EXTERNAL_NAMESPACE
src/main/resources/assets/advancedrocketry/models/item/iquartzcrucible.json,0,advancedrocketry:items/qcrucible,texture,src/main/resources/assets/advancedrocketry/textures/items/qcrucible.png,PRESENT
src/main/resources/assets/advancedrocketry/models/item/iquartzcrucible.json,0,item/generated,parent,,EXTERNAL_NAMESPACE
src/main/resources/assets/advancedrocketry/models/item/itemcircuitplate.json,0,advancedrocketry:items/basicCircuitPlate,texture,src/main/resources/assets/advancedrocketry/textures/items/basicCircuitPlate.png,MISSING
src/main/resources/assets/advancedrocketry/models/item/itemcircuitplate.json,0,item/generated,parent,,EXTERNAL_NAMESPACE
src/main/resources/assets/advancedrocketry/models/item/itemiocircuit.json,0,advancedrocketry:items/itemIOCircuit,texture,src/main/resources/assets/advancedrocketry/textures/items/itemIOCircuit.png,MISSING
src/main/resources/assets/advancedrocketry/models/item/itemiocircuit.json,0,item/generated,parent,,EXTERNAL_NAMESPACE
src/main/resources/assets/advancedrocketry/models/item/jackhammer.json,0,advancedrocketry:items/jackHammer,texture,src/main/resources/assets/advancedrocketry/textures/items/jackHammer.png,MISSING
src/main/resources/assets/advancedrocketry/models/item/jackhammer.json,0,item/generated,parent,,EXTERNAL_NAMESPACE
src/main/resources/assets/advancedrocketry/models/item/jetpack.json,0,advancedrocketry:items/jetPack,texture,src/main/resources/assets/advancedrocketry/textures/items/jetPack.png,MISSING
src/main/resources/assets/advancedrocketry/models/item/jetpack.json,0,item/generated,parent,,EXTERNAL_NAMESPACE
src/main/resources/assets/advancedrocketry/models/item/landingboots.json,0,advancedrocketry:items/landingBoots,texture,src/main/resources/assets/advancedrocketry/textures/items/landingBoots.png,MISSING
src/main/resources/assets/advancedrocketry/models/item/landingboots.json,0,item/generated,parent,,EXTERNAL_NAMESPACE
src/main/resources/assets/advancedrocketry/models/item/launchpad.json,0,advancedrocketry:items/launchpad_all,texture,src/main/resources/assets/advancedrocketry/textures/items/launchpad_all.png,MISSING
src/main/resources/assets/advancedrocketry/models/item/launchpad.json,0,item/generated,parent,,EXTERNAL_NAMESPACE
src/main/resources/assets/advancedrocketry/models/item/launchpad_all.json,0,advancedrocketry:block/launchpad_all,parent,src/main/resources/assets/advancedrocketry/models/block/launchpad_all.json,PRESENT
src/main/resources/assets/advancedrocketry/models/item/launchpad_blcorner.json,0,advancedrocketry:block/launchpad_blCorner,parent,src/main/resources/assets/advancedrocketry/models/block/launchpad_blCorner.json,MISSING
src/main/resources/assets/advancedrocketry/models/item/launchpad_bottomedge.json,0,advancedrocketry:block/launchpad_bottomEdge,parent,src/main/resources/assets/advancedrocketry/models/block/launchpad_bottomEdge.json,MISSING
src/main/resources/assets/advancedrocketry/models/item/launchpad_brcorner.json,0,advancedrocketry:block/launchpad_brCorner,parent,src/main/resources/assets/advancedrocketry/models/block/launchpad_brCorner.json,MISSING
src/main/resources/assets/advancedrocketry/models/item/launchpad_leftedge.json,0,advancedrocketry:block/launchpad_leftEdge,parent,src/main/resources/assets/advancedrocketry/models/block/launchpad_leftEdge.json,MISSING
src/main/resources/assets/advancedrocketry/models/item/launchpad_nbedge.json,0,advancedrocketry:block/launchpad_nbEdge,parent,src/main/resources/assets/advancedrocketry/models/block/launchpad_nbEdge.json,MISSING
src/main/resources/assets/advancedrocketry/models/item/launchpad_nledge.json,0,advancedrocketry:block/launchpad_nlEdge,parent,src/main/resources/assets/advancedrocketry/models/block/launchpad_nlEdge.json,MISSING
src/main/resources/assets/advancedrocketry/models/item/launchpad_noedge.json,0,advancedrocketry:block/launchpad_noEdge,parent,src/main/resources/assets/advancedrocketry/models/block/launchpad_noEdge.json,MISSING
src/main/resources/assets/advancedrocketry/models/item/launchpad_nredge.json,0,advancedrocketry:block/launchpad_nrEdge,parent,src/main/resources/assets/advancedrocketry/models/block/launchpad_nrEdge.json,MISSING
src/main/resources/assets/advancedrocketry/models/item/launchpad_ntedge.json,0,advancedrocketry:block/launchpad_ntEdge,parent,src/main/resources/assets/advancedrocketry/models/block/launchpad_ntEdge.json,MISSING
src/main/resources/assets/advancedrocketry/models/item/launchpad_rightedge.json,0,advancedrocketry:block/launchpad_rightEdge,parent,src/main/resources/assets/advancedrocketry/models/block/launchpad_rightEdge.json,MISSING
src/main/resources/assets/advancedrocketry/models/item/launchpad_tlcorner.json,0,advancedrocketry:block/launchpad_tlCorner,parent,src/main/resources/assets/advancedrocketry/models/block/launchpad_tlCorner.json,MISSING
src/main/resources/assets/advancedrocketry/models/item/launchpad_topedge.json,0,advancedrocketry:block/launchpad_topEdge,parent,src/main/resources/assets/advancedrocketry/models/block/launchpad_topEdge.json,MISSING
src/main/resources/assets/advancedrocketry/models/item/launchpad_trcorner.json,0,advancedrocketry:block/launchpad_trCorner,parent,src/main/resources/assets/advancedrocketry/models/block/launchpad_trCorner.json,MISSING
src/main/resources/assets/advancedrocketry/models/item/launchpad_xcross.json,0,advancedrocketry:block/launchpad_xCross,parent,src/main/resources/assets/advancedrocketry/models/block/launchpad_xCross.json,MISSING
src/main/resources/assets/advancedrocketry/models/item/launchpad_ycross.json,0,advancedrocketry:block/launchpad_yCross,parent,src/main/resources/assets/advancedrocketry/models/block/launchpad_yCross.json,MISSING
src/main/resources/assets/advancedrocketry/models/item/liquidiocircuit.json,0,advancedrocketry:items/liquidIOCircuit,texture,src/main/resources/assets/advancedrocketry/textures/items/liquidIOCircuit.png,MISSING
src/main/resources/assets/advancedrocketry/models/item/liquidiocircuit.json,0,item/generated,parent,,EXTERNAL_NAMESPACE
src/main/resources/assets/advancedrocketry/models/item/liquidpipe.json,0,advancedrocketry:block/liquidPipe,parent,src/main/resources/assets/advancedrocketry/models/block/liquidPipe.json,MISSING
src/main/resources/assets/advancedrocketry/models/item/liquidtank.json,0,advancedrocketry:block/liquidTank,parent,src/main/resources/assets/advancedrocketry/models/block/liquidTank.json,MISSING
src/main/resources/assets/advancedrocketry/models/item/loader.json,0,advancedrocketry:block/satelliteHatch,parent,src/main/resources/assets/advancedrocketry/models/block/satelliteHatch.json,MISSING
src/main/resources/assets/advancedrocketry/models/item/massdetector.json,0,advancedrocketry:items/massDetector,texture,src/main/resources/assets/advancedrocketry/textures/items/massDetector.png,MISSING
src/main/resources/assets/advancedrocketry/models/item/massdetector.json,0,item/generated,parent,,EXTERNAL_NAMESPACE
src/main/resources/assets/advancedrocketry/models/item/metal0.json,0,libvulpes:block/coilCopper,parent,,EXTERNAL_NAMESPACE
src/main/resources/assets/advancedrocketry/models/item/microwavetransmitter.json,0,advancedrocketry:items/microwaveTransmitter,texture,src/main/resources/assets/advancedrocketry/textures/items/microwaveTransmitter.png,MISSING
src/main/resources/assets/advancedrocketry/models/item/microwavetransmitter.json,0,item/generated,parent,,EXTERNAL_NAMESPACE
src/main/resources/assets/advancedrocketry/models/item/miscpart1.json,0,advancedrocketry:items/carbonBrick,texture,src/main/resources/assets/advancedrocketry/textures/items/carbonBrick.png,MISSING
src/main/resources/assets/advancedrocketry/models/item/miscpart1.json,0,item/generated,parent,,EXTERNAL_NAMESPACE
src/main/resources/assets/advancedrocketry/models/item/models/advRocketmotor.mtl,13,advancedrocketry:models/combustion,texture_path,src/main/resources/assets/advancedrocketry/models/item/models/advancedrocketry:models/combustion,MISSING
src/main/resources/assets/advancedrocketry/models/item/models/basicLaserGun.mtl,13,advancedrocketry:models/basicLaserGun,texture_path,src/main/resources/assets/advancedrocketry/models/item/models/advancedrocketry:models/basicLaserGun,MISSING
src/main/resources/assets/advancedrocketry/models/item/models/basicLaserGun.mtl,24,advancedrocketry:models/basicLaserGun,texture_path,src/main/resources/assets/advancedrocketry/models/item/models/advancedrocketry:models/basicLaserGun,MISSING
src/main/resources/assets/advancedrocketry/models/item/models/basicLaserGun.obj,3,basicLaserGun.mtl,mtl,src/main/resources/assets/advancedrocketry/models/item/models/basicLaserGun.mtl,PRESENT
src/main/resources/assets/advancedrocketry/models/item/models/bottomTank.mtl,11,advancedrocketry:models/tank,texture_path,src/main/resources/assets/advancedrocketry/models/item/models/advancedrocketry:models/tank,MISSING
src/main/resources/assets/advancedrocketry/models/item/models/bottomTank.obj,3,bottomTank.mtl,mtl,src/main/resources/assets/advancedrocketry/models/item/models/bottomTank.mtl,PRESENT
src/main/resources/assets/advancedrocketry/models/item/models/endTank.mtl,11,advancedrocketry:models/tank.png,texture_path,src/main/resources/assets/advancedrocketry/models/item/models/advancedrocketry:models/tank.png,MISSING
src/main/resources/assets/advancedrocketry/models/item/models/middleTank.mtl,11,advancedrocketry:models/tank,texture_path,src/main/resources/assets/advancedrocketry/models/item/models/advancedrocketry:models/tank,MISSING
src/main/resources/assets/advancedrocketry/models/item/models/middleTank.obj,3,middleTank.mtl,mtl,src/main/resources/assets/advancedrocketry/models/item/models/middleTank.mtl,PRESENT
src/main/resources/assets/advancedrocketry/models/item/models/motor.mtl,13,advancedrocketry:models/motor,texture_path,src/main/resources/assets/advancedrocketry/models/item/models/advancedrocketry:models/motor,MISSING
src/main/resources/assets/advancedrocketry/models/item/models/motor.obj,3,motor.mtl,mtl,src/main/resources/assets/advancedrocketry/models/item/models/motor.mtl,PRESENT
src/main/resources/assets/advancedrocketry/models/item/models/rocketmotor.mtl,13,advancedrocketry:models/combustion,texture_path,src/main/resources/assets/advancedrocketry/models/item/models/advancedrocketry:models/combustion,MISSING
src/main/resources/assets/advancedrocketry/models/item/models/rocketmotor.obj,3,rocketmotor.mtl,mtl,src/main/resources/assets/advancedrocketry/models/item/models/rocketmotor.mtl,PRESENT
src/main/resources/assets/advancedrocketry/models/item/models/sawBlade.mtl,13,advancedrocketry:models/cuttingMachine2,texture_path,src/main/resources/assets/advancedrocketry/models/item/models/advancedrocketry:models/cuttingMachine2,MISSING
src/main/resources/assets/advancedrocketry/models/item/models/sawBlade.obj,3,sawBlade.mtl,mtl,src/main/resources/assets/advancedrocketry/models/item/models/sawBlade.mtl,PRESENT
src/main/resources/assets/advancedrocketry/models/item/models/topTank.mtl,11,advancedrocketry:models/tank,texture_path,src/main/resources/assets/advancedrocketry/models/item/models/advancedrocketry:models/tank,MISSING
src/main/resources/assets/advancedrocketry/models/item/models/topTank.obj,3,topTank.mtl,mtl,src/main/resources/assets/advancedrocketry/models/item/models/topTank.mtl,PRESENT
src/main/resources/assets/advancedrocketry/models/item/opticalsensor.json,0,advancedrocketry:items/opticalSensor,texture,src/main/resources/assets/advancedrocketry/textures/items/opticalSensor.png,MISSING
src/main/resources/assets/advancedrocketry/models/item/opticalsensor.json,0,item/generated,parent,,EXTERNAL_NAMESPACE
src/main/resources/assets/advancedrocketry/models/item/oremapper.json,0,advancedrocketry:items/oreMapper,texture,src/main/resources/assets/advancedrocketry/textures/items/oreMapper.png,MISSING
src/main/resources/assets/advancedrocketry/models/item/oremapper.json,0,item/generated,parent,,EXTERNAL_NAMESPACE
src/main/resources/assets/advancedrocketry/models/item/orescanner.json,0,advancedrocketry:items/oreScanner,texture,src/main/resources/assets/advancedrocketry/textures/items/oreScanner.png,MISSING
src/main/resources/assets/advancedrocketry/models/item/orescanner.json,0,item/generated,parent,,EXTERNAL_NAMESPACE
src/main/resources/assets/advancedrocketry/models/item/planetidchip.json,0,advancedrocketry:items/planetIdChip,texture,src/main/resources/assets/advancedrocketry/textures/items/planetIdChip.png,MISSING
src/main/resources/assets/advancedrocketry/models/item/planetidchip.json,0,item/generated,parent,,EXTERNAL_NAMESPACE
src/main/resources/assets/advancedrocketry/models/item/platepress.json,0,item/piston,parent,,EXTERNAL_NAMESPACE
src/main/resources/assets/advancedrocketry/models/item/pressuretank0.json,0,advancedrocketry:items/pressureTank0,texture,src/main/resources/assets/advancedrocketry/textures/items/pressureTank0.png,MISSING
src/main/resources/assets/advancedrocketry/models/item/pressuretank0.json,0,item/generated,parent,,EXTERNAL_NAMESPACE
src/main/resources/assets/advancedrocketry/models/item/pressuretank1.json,0,advancedrocketry:items/pressureTank1,texture,src/main/resources/assets/advancedrocketry/textures/items/pressureTank1.png,MISSING
src/main/resources/assets/advancedrocketry/models/item/pressuretank1.json,0,item/generated,parent,,EXTERNAL_NAMESPACE
src/main/resources/assets/advancedrocketry/models/item/pressuretank2.json,0,advancedrocketry:items/pressureTank2,texture,src/main/resources/assets/advancedrocketry/textures/items/pressureTank2.png,MISSING
src/main/resources/assets/advancedrocketry/models/item/pressuretank2.json,0,item/generated,parent,,EXTERNAL_NAMESPACE
src/main/resources/assets/advancedrocketry/models/item/pressuretank3.json,0,advancedrocketry:items/pressureTank3,texture,src/main/resources/assets/advancedrocketry/textures/items/pressureTank3.png,MISSING
src/main/resources/assets/advancedrocketry/models/item/pressuretank3.json,0,item/generated,parent,,EXTERNAL_NAMESPACE
src/main/resources/assets/advancedrocketry/models/item/productboule.json,0,item/generated,parent,,EXTERNAL_NAMESPACE
src/main/resources/assets/advancedrocketry/models/item/productboule.json,0,libvulpes:items/boule,texture,,EXTERNAL_NAMESPACE
src/main/resources/assets/advancedrocketry/models/item/productdust.json,0,item/generated,parent,,EXTERNAL_NAMESPACE
src/main/resources/assets/advancedrocketry/models/item/productdust.json,0,libvulpes:items/dust,texture,,EXTERNAL_NAMESPACE
src/main/resources/assets/advancedrocketry/models/item/productfan.json,0,item/generated,parent,,EXTERNAL_NAMESPACE
src/main/resources/assets/advancedrocketry/models/item/productfan.json,0,libvulpes:items/fan,texture,,EXTERNAL_NAMESPACE
src/main/resources/assets/advancedrocketry/models/item/productgear.json,0,item/generated,parent,,EXTERNAL_NAMESPACE
src/main/resources/assets/advancedrocketry/models/item/productgear.json,0,libvulpes:items/gear,texture,,EXTERNAL_NAMESPACE
src/main/resources/assets/advancedrocketry/models/item/productgem.json,0,item/generated,parent,,EXTERNAL_NAMESPACE
src/main/resources/assets/advancedrocketry/models/item/productgem.json,0,libvulpes:items/crystal,texture,,EXTERNAL_NAMESPACE
src/main/resources/assets/advancedrocketry/models/item/productingot.json,0,item/generated,parent,,EXTERNAL_NAMESPACE
src/main/resources/assets/advancedrocketry/models/item/productingot.json,0,libvulpes:items/ingot,texture,,EXTERNAL_NAMESPACE
src/main/resources/assets/advancedrocketry/models/item/productnugget.json,0,item/generated,parent,,EXTERNAL_NAMESPACE
src/main/resources/assets/advancedrocketry/models/item/productnugget.json,0,libvulpes:items/nugget,texture,,EXTERNAL_NAMESPACE
src/main/resources/assets/advancedrocketry/models/item/productplate.json,0,item/generated,parent,,EXTERNAL_NAMESPACE
src/main/resources/assets/advancedrocketry/models/item/productplate.json,0,libvulpes:items/plate,texture,,EXTERNAL_NAMESPACE
src/main/resources/assets/advancedrocketry/models/item/productrod.json,0,item/generated,parent,,EXTERNAL_NAMESPACE
src/main/resources/assets/advancedrocketry/models/item/productrod.json,0,libvulpes:items/stick,texture,,EXTERNAL_NAMESPACE
src/main/resources/assets/advancedrocketry/models/item/productsheet.json,0,item/generated,parent,,EXTERNAL_NAMESPACE
src/main/resources/assets/advancedrocketry/models/item/productsheet.json,0,libvulpes:items/sheet,texture,,EXTERNAL_NAMESPACE
src/main/resources/assets/advancedrocketry/models/item/quartzcrucible.json,0,advancedrocketry:block/quartzCrucible,parent,src/main/resources/assets/advancedrocketry/models/block/quartzCrucible.json,MISSING
src/main/resources/assets/advancedrocketry/models/item/rocketmotor.json,0,advancedrocketry:items/combustionEngine,texture,src/main/resources/assets/advancedrocketry/textures/items/combustionEngine.png,MISSING
src/main/resources/assets/advancedrocketry/models/item/rocketmotor.json,0,item/generated,parent,,EXTERNAL_NAMESPACE
src/main/resources/assets/advancedrocketry/models/item/satellite.json,0,advancedrocketry:items/satellite,texture,src/main/resources/assets/advancedrocketry/textures/items/satellite.png,PRESENT
src/main/resources/assets/advancedrocketry/models/item/satellite.json,0,item/generated,parent,,EXTERNAL_NAMESPACE
src/main/resources/assets/advancedrocketry/models/item/satellitehatch.json,0,advancedrocketry:block/satelliteHatch,parent,src/main/resources/assets/advancedrocketry/models/block/satelliteHatch.json,MISSING
src/main/resources/assets/advancedrocketry/models/item/satelliteidchip.json,0,advancedrocketry:items/satelliteIdChip,texture,src/main/resources/assets/advancedrocketry/textures/items/satelliteIdChip.png,MISSING
src/main/resources/assets/advancedrocketry/models/item/satelliteidchip.json,0,item/generated,parent,,EXTERNAL_NAMESPACE
src/main/resources/assets/advancedrocketry/models/item/sawblade.json,0,advancedrocketry:items/sawBladeAssembly,texture,src/main/resources/assets/advancedrocketry/textures/items/sawBladeAssembly.png,MISSING
src/main/resources/assets/advancedrocketry/models/item/sawblade.json,0,item/generated,parent,,EXTERNAL_NAMESPACE
src/main/resources/assets/advancedrocketry/models/item/sawbladeiron.json,0,advancedrocketry:items/sawBladeIron,texture,src/main/resources/assets/advancedrocketry/textures/items/sawBladeIron.png,MISSING
src/main/resources/assets/advancedrocketry/models/item/sawbladeiron.json,0,item/generated,parent,,EXTERNAL_NAMESPACE
src/main/resources/assets/advancedrocketry/models/item/sealdetector.json,0,advancedrocketry:items/sealDetector,texture,src/main/resources/assets/advancedrocketry/textures/items/sealDetector.png,MISSING
src/main/resources/assets/advancedrocketry/models/item/sealdetector.json,0,item/generated,parent,,EXTERNAL_NAMESPACE
src/main/resources/assets/advancedrocketry/models/item/seat.json,0,advancedrocketry:block/seat,parent,src/main/resources/assets/advancedrocketry/models/block/seat.json,PRESENT
src/main/resources/assets/advancedrocketry/models/item/siliconwafer.json,0,advancedrocketry:items/siliconWafer,texture,src/main/resources/assets/advancedrocketry/textures/items/siliconWafer.png,MISSING
src/main/resources/assets/advancedrocketry/models/item/siliconwafer.json,0,item/generated,parent,,EXTERNAL_NAMESPACE
src/main/resources/assets/advancedrocketry/models/item/smallairlockdoor.json,0,advancedrocketry:items/smallAirlock,texture,src/main/resources/assets/advancedrocketry/textures/items/smallAirlock.png,MISSING
src/main/resources/assets/advancedrocketry/models/item/smallairlockdoor.json,0,item/generated,parent,,EXTERNAL_NAMESPACE
src/main/resources/assets/advancedrocketry/models/item/spaceboots.json,0,advancedrocketry:items/spaceBoots,texture,src/main/resources/assets/advancedrocketry/textures/items/spaceBoots.png,MISSING
src/main/resources/assets/advancedrocketry/models/item/spaceboots.json,0,advancedrocketry:items/spaceBoots_overlay,texture,src/main/resources/assets/advancedrocketry/textures/items/spaceBoots_overlay.png,MISSING
src/main/resources/assets/advancedrocketry/models/item/spaceboots.json,0,item/generated,parent,,EXTERNAL_NAMESPACE
src/main/resources/assets/advancedrocketry/models/item/spacechestplate.json,0,advancedrocketry:items/spaceChestplate,texture,src/main/resources/assets/advancedrocketry/textures/items/spaceChestplate.png,MISSING
src/main/resources/assets/advancedrocketry/models/item/spacechestplate.json,0,advancedrocketry:items/spaceChestplate_overlay,texture,src/main/resources/assets/advancedrocketry/textures/items/spaceChestplate_overlay.png,MISSING
src/main/resources/assets/advancedrocketry/models/item/spacechestplate.json,0,item/generated,parent,,EXTERNAL_NAMESPACE
src/main/resources/assets/advancedrocketry/models/item/spacehelmet.json,0,advancedrocketry:items/spaceHelmet,texture,src/main/resources/assets/advancedrocketry/textures/items/spaceHelmet.png,MISSING
src/main/resources/assets/advancedrocketry/models/item/spacehelmet.json,0,advancedrocketry:items/spaceHelmet_overlay,texture,src/main/resources/assets/advancedrocketry/textures/items/spaceHelmet_overlay.png,MISSING
src/main/resources/assets/advancedrocketry/models/item/spacehelmet.json,0,item/generated,parent,,EXTERNAL_NAMESPACE
src/main/resources/assets/advancedrocketry/models/item/spaceleggings.json,0,advancedrocketry:items/spaceLeggings,texture,src/main/resources/assets/advancedrocketry/textures/items/spaceLeggings.png,MISSING
src/main/resources/assets/advancedrocketry/models/item/spaceleggings.json,0,item/generated,parent,,EXTERNAL_NAMESPACE
src/main/resources/assets/advancedrocketry/models/item/spacestation.json,0,advancedrocketry:items/spaceStationContainer,texture,src/main/resources/assets/advancedrocketry/textures/items/spaceStationContainer.png,MISSING
src/main/resources/assets/advancedrocketry/models/item/spacestation.json,0,item/generated,parent,,EXTERNAL_NAMESPACE
src/main/resources/assets/advancedrocketry/models/item/stationidchip.json,0,advancedrocketry:items/stationidchip,texture,src/main/resources/assets/advancedrocketry/textures/items/stationidchip.png,PRESENT
src/main/resources/assets/advancedrocketry/models/item/stationidchip.json,0,item/generated,parent,,EXTERNAL_NAMESPACE
src/main/resources/assets/advancedrocketry/models/item/thermite.json,0,advancedrocketry:items/thermite,texture,src/main/resources/assets/advancedrocketry/textures/items/thermite.png,PRESENT
src/main/resources/assets/advancedrocketry/models/item/thermite.json,0,item/generated,parent,,EXTERNAL_NAMESPACE
src/main/resources/assets/advancedrocketry/models/item/thermitetorch.json,0,advancedrocketry:blocks/thermitetorch,texture,src/main/resources/assets/advancedrocketry/textures/blocks/thermitetorch.png,PRESENT
src/main/resources/assets/advancedrocketry/models/item/thermitetorch.json,0,item/generated,parent,,EXTERNAL_NAMESPACE
src/main/resources/assets/advancedrocketry/models/item/trackingcircuit.json,0,advancedrocketry:items/trackingCircuit,texture,src/main/resources/assets/advancedrocketry/textures/items/trackingCircuit.png,MISSING
src/main/resources/assets/advancedrocketry/models/item/trackingcircuit.json,0,item/generated,parent,,EXTERNAL_NAMESPACE
src/main/resources/assets/advancedrocketry/models/item/unlittorch.json,0,blocks/torch_on,texture,,EXTERNAL_NAMESPACE
src/main/resources/assets/advancedrocketry/models/item/unlittorch.json,0,item/generated,parent,,EXTERNAL_NAMESPACE
src/main/resources/assets/advancedrocketry/models/item/userinterface.json,0,advancedrocketry:items/userInterface,texture,src/main/resources/assets/advancedrocketry/textures/items/userInterface.png,MISSING
src/main/resources/assets/advancedrocketry/models/item/userinterface.json,0,item/generated,parent,,EXTERNAL_NAMESPACE
src/main/resources/assets/advancedrocketry/models/item/wirelesstransciever.json,0,advancedrocketry:block/wirelesstransciever,parent,src/main/resources/assets/advancedrocketry/models/block/wirelesstransciever.json,PRESENT
src/main/resources/assets/advancedrocketry/models/lathe.obj,3,lathe.mtl,mtl,src/main/resources/assets/advancedrocketry/models/lathe.mtl,MISSING
src/main/resources/assets/advancedrocketry/models/observatory.obj,3,observatory.mtl,mtl,src/main/resources/assets/advancedrocketry/models/observatory.mtl,MISSING
src/main/resources/assets/advancedrocketry/models/orbitallaserdrill.obj,3,orbital_laser_drill.mtl,mtl,src/main/resources/assets/advancedrocketry/models/orbital_laser_drill.mtl,MISSING
src/main/resources/assets/advancedrocketry/models/precisionassembler.obj,3,precision_assembler.mtl,mtl,src/main/resources/assets/advancedrocketry/models/precision_assembler.mtl,MISSING
src/main/resources/assets/advancedrocketry/models/precisionlaseretcher.obj,3,precision_laser_engraver.mtl,mtl,src/main/resources/assets/advancedrocketry/models/precision_laser_engraver.mtl,MISSING
src/main/resources/assets/advancedrocketry/models/railgun.obj,3,railgun.mtl,mtl,src/main/resources/assets/advancedrocketry/models/railgun.mtl,MISSING
src/main/resources/assets/advancedrocketry/models/rollingmachine.obj,3,rolling_machine.mtl,mtl,src/main/resources/assets/advancedrocketry/models/rolling_machine.mtl,MISSING
src/main/resources/assets/advancedrocketry/models/solar_array.obj,3,solar_array.mtl,mtl,src/main/resources/assets/advancedrocketry/models/solar_array.mtl,MISSING
src/main/resources/assets/advancedrocketry/models/spaceelevator.obj,3,spaceelevator.mtl,mtl,src/main/resources/assets/advancedrocketry/models/spaceelevator.mtl,MISSING
src/main/resources/assets/advancedrocketry/sounds.json,0,advancedrocketry:ElectricShockSmall,sound,src/main/resources/assets/advancedrocketry/sounds/ElectricShockSmall.ogg,MISSING
src/main/resources/assets/advancedrocketry/sounds.json,0,advancedrocketry:MachineLarge,sound,src/main/resources/assets/advancedrocketry/sounds/MachineLarge.ogg,MISSING
src/main/resources/assets/advancedrocketry/sounds.json,0,advancedrocketry:airHissLoop,sound,src/main/resources/assets/advancedrocketry/sounds/airHissLoop.ogg,MISSING
src/main/resources/assets/advancedrocketry/sounds.json,0,advancedrocketry:basicLaserGun,sound,src/main/resources/assets/advancedrocketry/sounds/basicLaserGun.ogg,MISSING
src/main/resources/assets/advancedrocketry/sounds.json,0,advancedrocketry:buttonBlipA,sound,src/main/resources/assets/advancedrocketry/sounds/buttonBlipA.ogg,MISSING
src/main/resources/assets/advancedrocketry/sounds.json,0,advancedrocketry:combustionRocket,sound,src/main/resources/assets/advancedrocketry/sounds/combustionRocket.ogg,MISSING
src/main/resources/assets/advancedrocketry/sounds.json,0,advancedrocketry:crystallizer,sound,src/main/resources/assets/advancedrocketry/sounds/crystallizer.ogg,PRESENT
src/main/resources/assets/advancedrocketry/sounds.json,0,advancedrocketry:cuttingMachine,sound,src/main/resources/assets/advancedrocketry/sounds/cuttingMachine.ogg,MISSING
src/main/resources/assets/advancedrocketry/sounds.json,0,advancedrocketry:electricArcFurnace,sound,src/main/resources/assets/advancedrocketry/sounds/electricArcFurnace.ogg,MISSING
src/main/resources/assets/advancedrocketry/sounds.json,0,advancedrocketry:electrolyser,sound,src/main/resources/assets/advancedrocketry/sounds/electrolyser.ogg,PRESENT
src/main/resources/assets/advancedrocketry/sounds.json,0,advancedrocketry:gravityOhhh,sound,src/main/resources/assets/advancedrocketry/sounds/gravityOhhh.ogg,MISSING
src/main/resources/assets/advancedrocketry/sounds.json,0,advancedrocketry:laserDrill,sound,src/main/resources/assets/advancedrocketry/sounds/laserDrill.ogg,MISSING
src/main/resources/assets/advancedrocketry/sounds.json,0,advancedrocketry:lathe,sound,src/main/resources/assets/advancedrocketry/sounds/lathe.ogg,PRESENT
src/main/resources/assets/advancedrocketry/sounds.json,0,advancedrocketry:precAss,sound,src/main/resources/assets/advancedrocketry/sounds/precAss.ogg,MISSING
src/main/resources/assets/advancedrocketry/sounds.json,0,advancedrocketry:railgunBang,sound,src/main/resources/assets/advancedrocketry/sounds/railgunBang.ogg,MISSING
src/main/resources/assets/advancedrocketry/sounds.json,0,advancedrocketry:rollingMachine,sound,src/main/resources/assets/advancedrocketry/sounds/rollingMachine.ogg,MISSING
