path,import,root,category
src/main/java/zmaster587/advancedRocketry/AdvancedRocketry.java,java.io.*,java.io.*,jdk
src/main/java/zmaster587/advancedRocketry/AdvancedRocketry.java,java.util.*,java.util.*,jdk
src/main/java/zmaster587/advancedRocketry/AdvancedRocketry.java,java.util.Map.Entry,java.util.Map,jdk
src/main/java/zmaster587/advancedRocketry/AdvancedRocketry.java,javax.annotation.Nonnull,javax.annotation.Nonnull,jdk
src/main/java/zmaster587/advancedRocketry/AdvancedRocketry.java,net.minecraft.block.Block,net.minecraft.block,minecraft
src/main/java/zmaster587/advancedRocketry/AdvancedRocketry.java,net.minecraft.block.material.MapColor,net.minecraft.block,minecraft
src/main/java/zmaster587/advancedRocketry/AdvancedRocketry.java,net.minecraft.block.material.Material,net.minecraft.block,minecraft
src/main/java/zmaster587/advancedRocketry/AdvancedRocketry.java,net.minecraft.block.material.MaterialLiquid,net.minecraft.block,minecraft
src/main/java/zmaster587/advancedRocketry/AdvancedRocketry.java,net.minecraft.creativetab.CreativeTabs,net.minecraft.creativetab,minecraft
src/main/java/zmaster587/advancedRocketry/AdvancedRocketry.java,net.minecraft.enchantment.Enchantment,net.minecraft.enchantment,minecraft
src/main/java/zmaster587/advancedRocketry/AdvancedRocketry.java,net.minecraft.init.Biomes,net.minecraft.init,minecraft
src/main/java/zmaster587/advancedRocketry/AdvancedRocketry.java,net.minecraft.init.Blocks,net.minecraft.init,minecraft
src/main/java/zmaster587/advancedRocketry/AdvancedRocketry.java,net.minecraft.inventory.EntityEquipmentSlot,net.minecraft.inventory,minecraft
src/main/java/zmaster587/advancedRocketry/AdvancedRocketry.java,net.minecraft.item.Item,net.minecraft.item,minecraft
src/main/java/zmaster587/advancedRocketry/AdvancedRocketry.java,net.minecraft.item.Item.ToolMaterial,net.minecraft.item,minecraft
src/main/java/zmaster587/advancedRocketry/AdvancedRocketry.java,net.minecraft.item.ItemArmor.ArmorMaterial,net.minecraft.item,minecraft
src/main/java/zmaster587/advancedRocketry/AdvancedRocketry.java,net.minecraft.item.ItemBlock,net.minecraft.item,minecraft
src/main/java/zmaster587/advancedRocketry/AdvancedRocketry.java,net.minecraft.item.ItemDoor,net.minecraft.item,minecraft
src/main/java/zmaster587/advancedRocketry/AdvancedRocketry.java,net.minecraft.item.ItemStack,net.minecraft.item,minecraft
src/main/java/zmaster587/advancedRocketry/AdvancedRocketry.java,net.minecraft.item.crafting.IRecipe,net.minecraft.item,minecraft
src/main/java/zmaster587/advancedRocketry/AdvancedRocketry.java,net.minecraft.util.ResourceLocation,net.minecraft.util,minecraft
src/main/java/zmaster587/advancedRocketry/AdvancedRocketry.java,net.minecraft.world.World,net.minecraft.world,minecraft
src/main/java/zmaster587/advancedRocketry/AdvancedRocketry.java,net.minecraft.world.WorldType,net.minecraft.world,minecraft
src/main/java/zmaster587/advancedRocketry/AdvancedRocketry.java,net.minecraft.world.biome.Biome,net.minecraft.world,minecraft
src/main/java/zmaster587/advancedRocketry/AdvancedRocketry.java,net.minecraftforge.client.event.ModelRegistryEvent,net.minecraftforge.client,client_api
src/main/java/zmaster587/advancedRocketry/AdvancedRocketry.java,net.minecraftforge.common.BiomeDictionary,net.minecraftforge.common,minecraft
src/main/java/zmaster587/advancedRocketry/AdvancedRocketry.java,net.minecraftforge.common.ForgeChunkManager,net.minecraftforge.common,minecraft
src/main/java/zmaster587/advancedRocketry/AdvancedRocketry.java,net.minecraftforge.common.MinecraftForge,net.minecraftforge.common,minecraft
src/main/java/zmaster587/advancedRocketry/AdvancedRocketry.java,net.minecraftforge.common.config.Configuration,net.minecraftforge.common,minecraft
src/main/java/zmaster587/advancedRocketry/AdvancedRocketry.java,net.minecraftforge.event.RegistryEvent,net.minecraftforge.event,minecraft
src/main/java/zmaster587/advancedRocketry/AdvancedRocketry.java,net.minecraftforge.fluids.Fluid,net.minecraftforge.fluids,minecraft
src/main/java/zmaster587/advancedRocketry/AdvancedRocketry.java,net.minecraftforge.fluids.FluidRegistry,net.minecraftforge.fluids,minecraft
src/main/java/zmaster587/advancedRocketry/AdvancedRocketry.java,net.minecraftforge.fml.common.FMLCommonHandler,net.minecraftforge.fml,minecraft
src/main/java/zmaster587/advancedRocketry/AdvancedRocketry.java,net.minecraftforge.fml.common.Loader,net.minecraftforge.fml,minecraft
src/main/java/zmaster587/advancedRocketry/AdvancedRocketry.java,net.minecraftforge.fml.common.Mod,net.minecraftforge.fml,minecraft
src/main/java/zmaster587/advancedRocketry/AdvancedRocketry.java,net.minecraftforge.fml.common.Mod.EventHandler,net.minecraftforge.fml,minecraft
src/main/java/zmaster587/advancedRocketry/AdvancedRocketry.java,net.minecraftforge.fml.common.Mod.Instance,net.minecraftforge.fml,minecraft
src/main/java/zmaster587/advancedRocketry/AdvancedRocketry.java,net.minecraftforge.fml.common.SidedProxy,net.minecraftforge.fml,minecraft
src/main/java/zmaster587/advancedRocketry/AdvancedRocketry.java,net.minecraftforge.fml.common.event.*,net.minecraftforge.fml,minecraft
src/main/java/zmaster587/advancedRocketry/AdvancedRocketry.java,net.minecraftforge.fml.common.eventhandler.EventPriority,net.minecraftforge.fml,minecraft
src/main/java/zmaster587/advancedRocketry/AdvancedRocketry.java,net.minecraftforge.fml.common.eventhandler.SubscribeEvent,net.minecraftforge.fml,minecraft
src/main/java/zmaster587/advancedRocketry/AdvancedRocketry.java,net.minecraftforge.fml.common.network.NetworkRegistry,net.minecraftforge.fml,minecraft
src/main/java/zmaster587/advancedRocketry/AdvancedRocketry.java,net.minecraftforge.fml.common.registry.EntityRegistry,net.minecraftforge.fml,minecraft
src/main/java/zmaster587/advancedRocketry/AdvancedRocketry.java,net.minecraftforge.fml.common.registry.GameRegistry,net.minecraftforge.fml,minecraft
src/main/java/zmaster587/advancedRocketry/AdvancedRocketry.java,net.minecraftforge.fml.relauncher.Side,net.minecraftforge.fml,minecraft
src/main/java/zmaster587/advancedRocketry/AdvancedRocketry.java,net.minecraftforge.fml.relauncher.SideOnly,net.minecraftforge.fml,minecraft
src/main/java/zmaster587/advancedRocketry/AdvancedRocketry.java,net.minecraftforge.oredict.OreDictionary,net.minecraftforge.oredict,minecraft
src/main/java/zmaster587/advancedRocketry/AdvancedRocketry.java,net.minecraftforge.oredict.OreDictionary.OreRegisterEvent,net.minecraftforge.oredict,minecraft
src/main/java/zmaster587/advancedRocketry/AdvancedRocketry.java,org.apache.logging.log4j.LogManager,org.apache.logging,third_party
src/main/java/zmaster587/advancedRocketry/AdvancedRocketry.java,org.apache.logging.log4j.Logger,org.apache.logging,third_party
src/main/java/zmaster587/advancedRocketry/AdvancedRocketry.java,zmaster587.advancedRocketry.advancements.ARAdvancements,zmaster587.advancedRocketry.advancements,upstream_internal
src/main/java/zmaster587/advancedRocketry/AdvancedRocketry.java,zmaster587.advancedRocketry.api.*,zmaster587.advancedRocketry.api,upstream_internal
src/main/java/zmaster587/advancedRocketry/AdvancedRocketry.java,zmaster587.advancedRocketry.api.capability.CapabilitySpaceArmor,zmaster587.advancedRocketry.api,upstream_internal
src/main/java/zmaster587/advancedRocketry/AdvancedRocketry.java,zmaster587.advancedRocketry.api.satellite.SatelliteProperties,zmaster587.advancedRocketry.api,upstream_internal
src/main/java/zmaster587/advancedRocketry/AdvancedRocketry.java,zmaster587.advancedRocketry.armor.ItemSpaceArmor,zmaster587.advancedRocketry.armor,upstream_internal
src/main/java/zmaster587/advancedRocketry/AdvancedRocketry.java,zmaster587.advancedRocketry.armor.ItemSpaceChest,zmaster587.advancedRocketry.armor,upstream_internal
src/main/java/zmaster587/advancedRocketry/AdvancedRocketry.java,zmaster587.advancedRocketry.block.*,zmaster587.advancedRocketry.block,upstream_internal
src/main/java/zmaster587/advancedRocketry/AdvancedRocketry.java,zmaster587.advancedRocketry.block.multiblock.BlockARHatch,zmaster587.advancedRocketry.block,upstream_internal
src/main/java/zmaster587/advancedRocketry/AdvancedRocketry.java,zmaster587.advancedRocketry.block.plant.BlockLightwoodLeaves,zmaster587.advancedRocketry.block,upstream_internal
src/main/java/zmaster587/advancedRocketry/AdvancedRocketry.java,zmaster587.advancedRocketry.block.plant.BlockLightwoodPlanks,zmaster587.advancedRocketry.block,upstream_internal
src/main/java/zmaster587/advancedRocketry/AdvancedRocketry.java,zmaster587.advancedRocketry.block.plant.BlockLightwoodSapling,zmaster587.advancedRocketry.block,upstream_internal
src/main/java/zmaster587/advancedRocketry/AdvancedRocketry.java,zmaster587.advancedRocketry.block.plant.BlockLightwoodWood,zmaster587.advancedRocketry.block,upstream_internal
src/main/java/zmaster587/advancedRocketry/AdvancedRocketry.java,zmaster587.advancedRocketry.capability.CapabilityProtectiveArmor,zmaster587.advancedRocketry.capability,upstream_internal
src/main/java/zmaster587/advancedRocketry/AdvancedRocketry.java,zmaster587.advancedRocketry.command.WorldCommand,zmaster587.advancedRocketry.command,upstream_internal
src/main/java/zmaster587/advancedRocketry/AdvancedRocketry.java,zmaster587.advancedRocketry.common.CommonProxy,zmaster587.advancedRocketry.common,upstream_internal
src/main/java/zmaster587/advancedRocketry/AdvancedRocketry.java,zmaster587.advancedRocketry.dimension.DimensionManager,zmaster587.advancedRocketry.dimension,upstream_internal
src/main/java/zmaster587/advancedRocketry/AdvancedRocketry.java,zmaster587.advancedRocketry.dimension.DimensionProperties,zmaster587.advancedRocketry.dimension,upstream_internal
src/main/java/zmaster587/advancedRocketry/AdvancedRocketry.java,zmaster587.advancedRocketry.dimension.DimensionProperties.AtmosphereTypes,zmaster587.advancedRocketry.dimension,upstream_internal
src/main/java/zmaster587/advancedRocketry/AdvancedRocketry.java,zmaster587.advancedRocketry.dimension.DimensionProperties.Temps,zmaster587.advancedRocketry.dimension,upstream_internal
src/main/java/zmaster587/advancedRocketry/AdvancedRocketry.java,zmaster587.advancedRocketry.enchant.EnchantmentSpaceBreathing,zmaster587.advancedRocketry.enchant,upstream_internal
src/main/java/zmaster587/advancedRocketry/AdvancedRocketry.java,zmaster587.advancedRocketry.entity.*,zmaster587.advancedRocketry.entity,upstream_internal
src/main/java/zmaster587/advancedRocketry/AdvancedRocketry.java,zmaster587.advancedRocketry.event.CableTickHandler,zmaster587.advancedRocketry.event,upstream_internal
src/main/java/zmaster587/advancedRocketry/AdvancedRocketry.java,zmaster587.advancedRocketry.event.PlanetEventHandler,zmaster587.advancedRocketry.event,upstream_internal
src/main/java/zmaster587/advancedRocketry/AdvancedRocketry.java,zmaster587.advancedRocketry.event.WorldEvents,zmaster587.advancedRocketry.event,upstream_internal
src/main/java/zmaster587/advancedRocketry/AdvancedRocketry.java,zmaster587.advancedRocketry.integration.CompatibilityMgr,zmaster587.advancedRocketry.integration,upstream_internal
src/main/java/zmaster587/advancedRocketry/AdvancedRocketry.java,zmaster587.advancedRocketry.integration.GalacticCraftHandler,zmaster587.advancedRocketry.integration,upstream_internal
src/main/java/zmaster587/advancedRocketry/AdvancedRocketry.java,zmaster587.advancedRocketry.item.*,zmaster587.advancedRocketry.item,upstream_internal
src/main/java/zmaster587/advancedRocketry/AdvancedRocketry.java,zmaster587.advancedRocketry.item.components.ItemJetpack,zmaster587.advancedRocketry.item,upstream_internal
src/main/java/zmaster587/advancedRocketry/AdvancedRocketry.java,zmaster587.advancedRocketry.item.components.ItemPressureTank,zmaster587.advancedRocketry.item,upstream_internal
src/main/java/zmaster587/advancedRocketry/AdvancedRocketry.java,zmaster587.advancedRocketry.item.components.ItemUpgrade,zmaster587.advancedRocketry.item,upstream_internal
src/main/java/zmaster587/advancedRocketry/AdvancedRocketry.java,zmaster587.advancedRocketry.item.tools.ItemBasicLaserGun,zmaster587.advancedRocketry.item,upstream_internal
src/main/java/zmaster587/advancedRocketry/AdvancedRocketry.java,zmaster587.advancedRocketry.mission.MissionGasCollection,zmaster587.advancedRocketry.mission,upstream_internal
src/main/java/zmaster587/advancedRocketry/AdvancedRocketry.java,zmaster587.advancedRocketry.mission.MissionOreMining,zmaster587.advancedRocketry.mission,upstream_internal
src/main/java/zmaster587/advancedRocketry/AdvancedRocketry.java,zmaster587.advancedRocketry.network.*,zmaster587.advancedRocketry.network,upstream_internal
src/main/java/zmaster587/advancedRocketry/AdvancedRocketry.java,zmaster587.advancedRocketry.satellite.*,zmaster587.advancedRocketry.satellite,upstream_internal
src/main/java/zmaster587/advancedRocketry/AdvancedRocketry.java,zmaster587.advancedRocketry.stations.SpaceObjectManager,zmaster587.advancedRocketry.stations,upstream_internal
src/main/java/zmaster587/advancedRocketry/AdvancedRocketry.java,zmaster587.advancedRocketry.stations.SpaceStationObject,zmaster587.advancedRocketry.stations,upstream_internal
src/main/java/zmaster587/advancedRocketry/AdvancedRocketry.java,zmaster587.advancedRocketry.tile.*,zmaster587.advancedRocketry.tile,upstream_internal
src/main/java/zmaster587/advancedRocketry/AdvancedRocketry.java,zmaster587.advancedRocketry.tile.atmosphere.*,zmaster587.advancedRocketry.tile,upstream_internal
src/main/java/zmaster587/advancedRocketry/AdvancedRocketry.java,zmaster587.advancedRocketry.tile.cables.TileDataPipe,zmaster587.advancedRocketry.tile,upstream_internal
src/main/java/zmaster587/advancedRocketry/AdvancedRocketry.java,zmaster587.advancedRocketry.tile.cables.TileEnergyPipe,zmaster587.advancedRocketry.tile,upstream_internal
src/main/java/zmaster587/advancedRocketry/AdvancedRocketry.java,zmaster587.advancedRocketry.tile.cables.TileLiquidPipe,zmaster587.advancedRocketry.tile,upstream_internal
src/main/java/zmaster587/advancedRocketry/AdvancedRocketry.java,zmaster587.advancedRocketry.tile.cables.TileWirelessTransciever,zmaster587.advancedRocketry.tile,upstream_internal
src/main/java/zmaster587/advancedRocketry/AdvancedRocketry.java,zmaster587.advancedRocketry.tile.hatch.TileDataBus,zmaster587.advancedRocketry.tile,upstream_internal
src/main/java/zmaster587/advancedRocketry/AdvancedRocketry.java,zmaster587.advancedRocketry.tile.hatch.TileSatelliteHatch,zmaster587.advancedRocketry.tile,upstream_internal
src/main/java/zmaster587/advancedRocketry/AdvancedRocketry.java,zmaster587.advancedRocketry.tile.infrastructure.*,zmaster587.advancedRocketry.tile,upstream_internal
src/main/java/zmaster587/advancedRocketry/AdvancedRocketry.java,zmaster587.advancedRocketry.tile.multiblock.*,zmaster587.advancedRocketry.tile,upstream_internal
src/main/java/zmaster587/advancedRocketry/AdvancedRocketry.java,zmaster587.advancedRocketry.tile.multiblock.energy.TileBlackHoleGenerator,zmaster587.advancedRocketry.tile,upstream_internal
src/main/java/zmaster587/advancedRocketry/AdvancedRocketry.java,zmaster587.advancedRocketry.tile.multiblock.energy.TileMicrowaveReciever,zmaster587.advancedRocketry.tile,upstream_internal
src/main/java/zmaster587/advancedRocketry/AdvancedRocketry.java,zmaster587.advancedRocketry.tile.multiblock.energy.TileSolarArray,zmaster587.advancedRocketry.tile,upstream_internal
src/main/java/zmaster587/advancedRocketry/AdvancedRocketry.java,zmaster587.advancedRocketry.tile.multiblock.machine.*,zmaster587.advancedRocketry.tile,upstream_internal
src/main/java/zmaster587/advancedRocketry/AdvancedRocketry.java,zmaster587.advancedRocketry.tile.multiblock.orbitallaserdrill.TileOrbitalLaserDrill,zmaster587.advancedRocketry.tile,upstream_internal
src/main/java/zmaster587/advancedRocketry/AdvancedRocketry.java,zmaster587.advancedRocketry.tile.satellite.TileSatelliteBuilder,zmaster587.advancedRocketry.tile,upstream_internal
src/main/java/zmaster587/advancedRocketry/AdvancedRocketry.java,zmaster587.advancedRocketry.tile.satellite.TileSatelliteTerminal,zmaster587.advancedRocketry.tile,upstream_internal
src/main/java/zmaster587/advancedRocketry/AdvancedRocketry.java,zmaster587.advancedRocketry.tile.station.*,zmaster587.advancedRocketry.tile,upstream_internal
src/main/java/zmaster587/advancedRocketry/AdvancedRocketry.java,zmaster587.advancedRocketry.util.*,zmaster587.advancedRocketry.util,upstream_internal
src/main/java/zmaster587/advancedRocketry/AdvancedRocketry.java,zmaster587.advancedRocketry.world.biome.*,zmaster587.advancedRocketry.world,upstream_internal
src/main/java/zmaster587/advancedRocketry/AdvancedRocketry.java,zmaster587.advancedRocketry.world.decoration.MapGenLander,zmaster587.advancedRocketry.world,upstream_internal
src/main/java/zmaster587/advancedRocketry/AdvancedRocketry.java,zmaster587.advancedRocketry.world.ore.OreGenerator,zmaster587.advancedRocketry.world,upstream_internal
src/main/java/zmaster587/advancedRocketry/AdvancedRocketry.java,zmaster587.advancedRocketry.world.provider.WorldProviderPlanet,zmaster587.advancedRocketry.world,upstream_internal
src/main/java/zmaster587/advancedRocketry/AdvancedRocketry.java,zmaster587.advancedRocketry.world.type.WorldTypePlanetGen,zmaster587.advancedRocketry.world,upstream_internal
src/main/java/zmaster587/advancedRocketry/AdvancedRocketry.java,zmaster587.advancedRocketry.world.type.WorldTypeSpace,zmaster587.advancedRocketry.world,upstream_internal
src/main/java/zmaster587/advancedRocketry/AdvancedRocketry.java,zmaster587.libVulpes.LibVulpes,zmaster587.libVulpes.LibVulpes,libvulpes
src/main/java/zmaster587/advancedRocketry/AdvancedRocketry.java,zmaster587.libVulpes.api.LibVulpesBlocks,zmaster587.libVulpes.api,libvulpes
src/main/java/zmaster587/advancedRocketry/AdvancedRocketry.java,zmaster587.libVulpes.api.LibVulpesItems,zmaster587.libVulpes.api,libvulpes
src/main/java/zmaster587/advancedRocketry/AdvancedRocketry.java,zmaster587.libVulpes.api.material.AllowedProducts,zmaster587.libVulpes.api,libvulpes
src/main/java/zmaster587/advancedRocketry/AdvancedRocketry.java,zmaster587.libVulpes.api.material.MaterialRegistry,zmaster587.libVulpes.api,libvulpes
src/main/java/zmaster587/advancedRocketry/AdvancedRocketry.java,zmaster587.libVulpes.api.material.MixedMaterial,zmaster587.libVulpes.api,libvulpes
src/main/java/zmaster587/advancedRocketry/AdvancedRocketry.java,zmaster587.libVulpes.block.*,zmaster587.libVulpes.block,libvulpes
src/main/java/zmaster587/advancedRocketry/AdvancedRocketry.java,zmaster587.libVulpes.block.multiblock.BlockMultiBlockComponentVisible,zmaster587.libVulpes.block,libvulpes
src/main/java/zmaster587/advancedRocketry/AdvancedRocketry.java,zmaster587.libVulpes.block.multiblock.BlockMultiBlockComponentVisibleAlphaTexture,zmaster587.libVulpes.block,libvulpes
src/main/java/zmaster587/advancedRocketry/AdvancedRocketry.java,zmaster587.libVulpes.block.multiblock.BlockMultiblockMachine,zmaster587.libVulpes.block,libvulpes
src/main/java/zmaster587/advancedRocketry/AdvancedRocketry.java,zmaster587.libVulpes.inventory.GuiHandler,zmaster587.libVulpes.inventory,libvulpes
src/main/java/zmaster587/advancedRocketry/AdvancedRocketry.java,zmaster587.libVulpes.items.ItemBlockMeta,zmaster587.libVulpes.items,libvulpes
src/main/java/zmaster587/advancedRocketry/AdvancedRocketry.java,zmaster587.libVulpes.items.ItemIngredient,zmaster587.libVulpes.items,libvulpes
src/main/java/zmaster587/advancedRocketry/AdvancedRocketry.java,zmaster587.libVulpes.items.ItemProjector,zmaster587.libVulpes.items,libvulpes
src/main/java/zmaster587/advancedRocketry/AdvancedRocketry.java,zmaster587.libVulpes.network.PacketHandler,zmaster587.libVulpes.network,libvulpes
src/main/java/zmaster587/advancedRocketry/AdvancedRocketry.java,zmaster587.libVulpes.network.PacketItemModifcation,zmaster587.libVulpes.network,libvulpes
src/main/java/zmaster587/advancedRocketry/AdvancedRocketry.java,zmaster587.libVulpes.recipe.RecipesMachine,zmaster587.libVulpes.recipe,libvulpes
src/main/java/zmaster587/advancedRocketry/AdvancedRocketry.java,zmaster587.libVulpes.tile.TileMaterial,zmaster587.libVulpes.tile,libvulpes
src/main/java/zmaster587/advancedRocketry/AdvancedRocketry.java,zmaster587.libVulpes.tile.multiblock.TileMultiBlock,zmaster587.libVulpes.tile,libvulpes
src/main/java/zmaster587/advancedRocketry/AdvancedRocketry.java,zmaster587.libVulpes.util.FluidUtils,zmaster587.libVulpes.util,libvulpes
src/main/java/zmaster587/advancedRocketry/AdvancedRocketry.java,zmaster587.libVulpes.util.HashedBlockPosition,zmaster587.libVulpes.util,libvulpes
src/main/java/zmaster587/advancedRocketry/AdvancedRocketry.java,zmaster587.libVulpes.util.InputSyncHandler,zmaster587.libVulpes.util,libvulpes
src/main/java/zmaster587/advancedRocketry/AdvancedRocketry.java,zmaster587.libVulpes.util.SingleEntry,zmaster587.libVulpes.util,libvulpes
src/main/java/zmaster587/advancedRocketry/Test.java,java.util.LinkedList,java.util.LinkedList,jdk
src/main/java/zmaster587/advancedRocketry/Test.java,net.minecraft.init.Blocks,net.minecraft.init,minecraft
src/main/java/zmaster587/advancedRocketry/Test.java,net.minecraft.item.ItemStack,net.minecraft.item,minecraft
src/main/java/zmaster587/advancedRocketry/Test.java,net.minecraft.util.math.BlockPos,net.minecraft.util,minecraft
src/main/java/zmaster587/advancedRocketry/Test.java,zmaster587.advancedRocketry.api.ARConfiguration,zmaster587.advancedRocketry.api,upstream_internal
src/main/java/zmaster587/advancedRocketry/Test.java,zmaster587.advancedRocketry.util.Asteroid,zmaster587.advancedRocketry.util,upstream_internal
src/main/java/zmaster587/advancedRocketry/advancements/ARAdvancements.java,java.lang.reflect.Method,java.lang.reflect,jdk
src/main/java/zmaster587/advancedRocketry/advancements/ARAdvancements.java,net.minecraft.advancements.CriteriaTriggers,net.minecraft.advancements,minecraft
src/main/java/zmaster587/advancedRocketry/advancements/ARAdvancements.java,net.minecraft.advancements.ICriterionTrigger,net.minecraft.advancements,minecraft
src/main/java/zmaster587/advancedRocketry/advancements/ARAdvancements.java,net.minecraftforge.fml.relauncher.ReflectionHelper,net.minecraftforge.fml,minecraft
src/main/java/zmaster587/advancedRocketry/advancements/CustomTrigger.java,com.google.common.collect.Maps,com.google.common,third_party
src/main/java/zmaster587/advancedRocketry/advancements/CustomTrigger.java,com.google.gson.JsonDeserializationContext,com.google.gson,third_party
src/main/java/zmaster587/advancedRocketry/advancements/CustomTrigger.java,com.google.gson.JsonObject,com.google.gson,third_party
src/main/java/zmaster587/advancedRocketry/advancements/CustomTrigger.java,java.util.*,java.util.*,jdk
src/main/java/zmaster587/advancedRocketry/advancements/CustomTrigger.java,javax.annotation.Nonnull,javax.annotation.Nonnull,jdk
src/main/java/zmaster587/advancedRocketry/advancements/CustomTrigger.java,javax.annotation.ParametersAreNonnullByDefault,javax.annotation.ParametersAreNonnullByDefault,jdk
src/main/java/zmaster587/advancedRocketry/advancements/CustomTrigger.java,net.minecraft.advancements.ICriterionTrigger,net.minecraft.advancements,minecraft
src/main/java/zmaster587/advancedRocketry/advancements/CustomTrigger.java,net.minecraft.advancements.PlayerAdvancements,net.minecraft.advancements,minecraft
src/main/java/zmaster587/advancedRocketry/advancements/CustomTrigger.java,net.minecraft.advancements.critereon.AbstractCriterionInstance,net.minecraft.advancements,minecraft
src/main/java/zmaster587/advancedRocketry/advancements/CustomTrigger.java,net.minecraft.entity.player.EntityPlayerMP,net.minecraft.entity,minecraft
src/main/java/zmaster587/advancedRocketry/advancements/CustomTrigger.java,net.minecraft.util.ResourceLocation,net.minecraft.util,minecraft
src/main/java/zmaster587/advancedRocketry/api/ARConfiguration.java,java.io.IOException,java.io.IOException,jdk
src/main/java/zmaster587/advancedRocketry/api/ARConfiguration.java,java.io.InvalidClassException,java.io.InvalidClassException,jdk
src/main/java/zmaster587/advancedRocketry/api/ARConfiguration.java,java.lang.annotation.ElementType,java.lang.annotation,jdk
src/main/java/zmaster587/advancedRocketry/api/ARConfiguration.java,java.lang.annotation.Retention,java.lang.annotation,jdk
src/main/java/zmaster587/advancedRocketry/api/ARConfiguration.java,java.lang.annotation.RetentionPolicy,java.lang.annotation,jdk
src/main/java/zmaster587/advancedRocketry/api/ARConfiguration.java,java.lang.annotation.Target,java.lang.annotation,jdk
src/main/java/zmaster587/advancedRocketry/api/ARConfiguration.java,java.lang.reflect.Field,java.lang.reflect,jdk
src/main/java/zmaster587/advancedRocketry/api/ARConfiguration.java,java.util.*,java.util.*,jdk
src/main/java/zmaster587/advancedRocketry/api/ARConfiguration.java,net.minecraft.block.Block,net.minecraft.block,minecraft
src/main/java/zmaster587/advancedRocketry/api/ARConfiguration.java,net.minecraft.entity.Entity,net.minecraft.entity,minecraft
src/main/java/zmaster587/advancedRocketry/api/ARConfiguration.java,net.minecraft.entity.EntityList,net.minecraft.entity,minecraft
src/main/java/zmaster587/advancedRocketry/api/ARConfiguration.java,net.minecraft.entity.item.EntityArmorStand,net.minecraft.entity,minecraft
src/main/java/zmaster587/advancedRocketry/api/ARConfiguration.java,net.minecraft.item.Item,net.minecraft.item,minecraft
src/main/java/zmaster587/advancedRocketry/api/ARConfiguration.java,net.minecraft.item.ItemStack,net.minecraft.item,minecraft
src/main/java/zmaster587/advancedRocketry/api/ARConfiguration.java,net.minecraft.network.PacketBuffer,net.minecraft.network,minecraft
src/main/java/zmaster587/advancedRocketry/api/ARConfiguration.java,net.minecraft.util.ResourceLocation,net.minecraft.util,minecraft
src/main/java/zmaster587/advancedRocketry/api/ARConfiguration.java,net.minecraftforge.common.config.Configuration,net.minecraftforge.common,minecraft
src/main/java/zmaster587/advancedRocketry/api/ARConfiguration.java,net.minecraftforge.fluids.Fluid,net.minecraftforge.fluids,minecraft
src/main/java/zmaster587/advancedRocketry/api/ARConfiguration.java,net.minecraftforge.fluids.FluidRegistry,net.minecraftforge.fluids,minecraft
src/main/java/zmaster587/advancedRocketry/api/ARConfiguration.java,net.minecraftforge.oredict.OreDictionary,net.minecraftforge.oredict,minecraft
src/main/java/zmaster587/advancedRocketry/api/ARConfiguration.java,org.apache.logging.log4j.LogManager,org.apache.logging,third_party
src/main/java/zmaster587/advancedRocketry/api/ARConfiguration.java,org.apache.logging.log4j.Logger,org.apache.logging,third_party
src/main/java/zmaster587/advancedRocketry/api/ARConfiguration.java,zmaster587.advancedRocketry.api.atmosphere.AtmosphereRegister,zmaster587.advancedRocketry.api,upstream_internal
src/main/java/zmaster587/advancedRocketry/api/ARConfiguration.java,zmaster587.advancedRocketry.api.fuel.FuelRegistry,zmaster587.advancedRocketry.api,upstream_internal
src/main/java/zmaster587/advancedRocketry/api/ARConfiguration.java,zmaster587.advancedRocketry.api.fuel.FuelRegistry.FuelType,zmaster587.advancedRocketry.api,upstream_internal
src/main/java/zmaster587/advancedRocketry/api/ARConfiguration.java,zmaster587.advancedRocketry.atmosphere.AtmosphereVacuum,zmaster587.advancedRocketry.atmosphere,upstream_internal
src/main/java/zmaster587/advancedRocketry/api/ARConfiguration.java,zmaster587.advancedRocketry.dimension.DimensionManager,zmaster587.advancedRocketry.dimension,upstream_internal
src/main/java/zmaster587/advancedRocketry/api/ARConfiguration.java,zmaster587.advancedRocketry.util.Asteroid,zmaster587.advancedRocketry.util,upstream_internal
src/main/java/zmaster587/advancedRocketry/api/ARConfiguration.java,zmaster587.advancedRocketry.util.SealableBlockHandler,zmaster587.advancedRocketry.util,upstream_internal
src/main/java/zmaster587/advancedRocketry/api/AdvancedRocketryAPI.java,net.minecraft.enchantment.Enchantment,net.minecraft.enchantment,minecraft
src/main/java/zmaster587/advancedRocketry/api/AdvancedRocketryAPI.java,zmaster587.advancedRocketry.api.atmosphere.IAtmosphereSealHandler,zmaster587.advancedRocketry.api,upstream_internal
src/main/java/zmaster587/advancedRocketry/api/AdvancedRocketryAPI.java,zmaster587.advancedRocketry.api.dimension.solar.IGalaxy,zmaster587.advancedRocketry.api,upstream_internal
src/main/java/zmaster587/advancedRocketry/api/AdvancedRocketryBiomes.java,java.util.ArrayList,java.util.ArrayList,jdk
src/main/java/zmaster587/advancedRocketry/api/AdvancedRocketryBiomes.java,java.util.LinkedList,java.util.LinkedList,jdk
src/main/java/zmaster587/advancedRocketry/api/AdvancedRocketryBiomes.java,java.util.List,java.util.List,jdk
src/main/java/zmaster587/advancedRocketry/api/AdvancedRocketryBiomes.java,javax.annotation.Nullable,javax.annotation.Nullable,jdk
src/main/java/zmaster587/advancedRocketry/api/AdvancedRocketryBiomes.java,net.minecraft.util.ResourceLocation,net.minecraft.util,minecraft
src/main/java/zmaster587/advancedRocketry/api/AdvancedRocketryBiomes.java,net.minecraft.world.biome.Biome,net.minecraft.world,minecraft
src/main/java/zmaster587/advancedRocketry/api/AdvancedRocketryBiomes.java,net.minecraftforge.registries.IForgeRegistry,net.minecraftforge.registries,minecraft
src/main/java/zmaster587/advancedRocketry/api/AdvancedRocketryBlocks.java,net.minecraft.block.Block,net.minecraft.block,minecraft
src/main/java/zmaster587/advancedRocketry/api/AdvancedRocketryFluids.java,java.util.HashSet,java.util.HashSet,jdk
src/main/java/zmaster587/advancedRocketry/api/AdvancedRocketryFluids.java,java.util.Set,java.util.Set,jdk
src/main/java/zmaster587/advancedRocketry/api/AdvancedRocketryFluids.java,net.minecraftforge.fluids.Fluid,net.minecraftforge.fluids,minecraft
src/main/java/zmaster587/advancedRocketry/api/AdvancedRocketryFluids.java,zmaster587.advancedRocketry.util.FluidGasGiantGas,zmaster587.advancedRocketry.util,upstream_internal
src/main/java/zmaster587/advancedRocketry/api/AdvancedRocketryItems.java,net.minecraft.inventory.EntityEquipmentSlot,net.minecraft.inventory,minecraft
src/main/java/zmaster587/advancedRocketry/api/AdvancedRocketryItems.java,net.minecraft.item.Item,net.minecraft.item,minecraft
src/main/java/zmaster587/advancedRocketry/api/AdvancedRocketryItems.java,net.minecraft.item.ItemArmor.ArmorMaterial,net.minecraft.item,minecraft
src/main/java/zmaster587/advancedRocketry/api/AdvancedRocketryItems.java,net.minecraft.util.ResourceLocation,net.minecraft.util,minecraft
src/main/java/zmaster587/advancedRocketry/api/AdvancedRocketryItems.java,net.minecraft.util.SoundEvent,net.minecraft.util,minecraft
src/main/java/zmaster587/advancedRocketry/api/AdvancedRocketryItems.java,net.minecraftforge.common.util.EnumHelper,net.minecraftforge.common,minecraft
src/main/java/zmaster587/advancedRocketry/api/AreaBlob.java,java.util.HashSet,java.util.HashSet,jdk
src/main/java/zmaster587/advancedRocketry/api/AreaBlob.java,java.util.List,java.util.List,jdk
src/main/java/zmaster587/advancedRocketry/api/AreaBlob.java,java.util.Set,java.util.Set,jdk
src/main/java/zmaster587/advancedRocketry/api/AreaBlob.java,javax.annotation.Nonnull,javax.annotation.Nonnull,jdk
src/main/java/zmaster587/advancedRocketry/api/AreaBlob.java,javax.annotation.Nullable,javax.annotation.Nullable,jdk
src/main/java/zmaster587/advancedRocketry/api/AreaBlob.java,net.minecraft.util.EnumFacing,net.minecraft.util,minecraft
src/main/java/zmaster587/advancedRocketry/api/AreaBlob.java,net.minecraft.world.World,net.minecraft.world,minecraft
src/main/java/zmaster587/advancedRocketry/api/AreaBlob.java,zmaster587.advancedRocketry.api.util.IBlobHandler,zmaster587.advancedRocketry.api,upstream_internal
src/main/java/zmaster587/advancedRocketry/api/AreaBlob.java,zmaster587.libVulpes.util.AdjacencyGraph,zmaster587.libVulpes.util,libvulpes
src/main/java/zmaster587/advancedRocketry/api/AreaBlob.java,zmaster587.libVulpes.util.HashedBlockPosition,zmaster587.libVulpes.util,libvulpes
src/main/java/zmaster587/advancedRocketry/api/DataStorage.java,java.util.Locale,java.util.Locale,jdk
src/main/java/zmaster587/advancedRocketry/api/DataStorage.java,net.minecraft.nbt.NBTTagCompound,net.minecraft.nbt,minecraft
src/main/java/zmaster587/advancedRocketry/api/EntityRocketBase.java,java.util.LinkedList,java.util.LinkedList,jdk
src/main/java/zmaster587/advancedRocketry/api/EntityRocketBase.java,java.util.Set,java.util.Set,jdk
src/main/java/zmaster587/advancedRocketry/api/EntityRocketBase.java,javax.annotation.Nonnull,javax.annotation.Nonnull,jdk
src/main/java/zmaster587/advancedRocketry/api/EntityRocketBase.java,javax.annotation.Nullable,javax.annotation.Nullable,jdk
src/main/java/zmaster587/advancedRocketry/api/EntityRocketBase.java,net.minecraft.entity.Entity,net.minecraft.entity,minecraft
src/main/java/zmaster587/advancedRocketry/api/EntityRocketBase.java,net.minecraft.world.World,net.minecraft.world,minecraft
src/main/java/zmaster587/advancedRocketry/api/EntityRocketBase.java,net.minecraftforge.common.MinecraftForge,net.minecraftforge.common,minecraft
src/main/java/zmaster587/advancedRocketry/api/EntityRocketBase.java,zmaster587.advancedRocketry.api.fuel.FuelRegistry,zmaster587.advancedRocketry.api,upstream_internal
src/main/java/zmaster587/advancedRocketry/api/EntityRocketBase.java,zmaster587.advancedRocketry.api.stations.ISpaceObject,zmaster587.advancedRocketry.api,upstream_internal
src/main/java/zmaster587/advancedRocketry/api/EntityRocketBase.java,zmaster587.libVulpes.util.HashedBlockPosition,zmaster587.libVulpes.util,libvulpes
src/main/java/zmaster587/advancedRocketry/api/IAtmosphere.java,net.minecraft.entity.Entity,net.minecraft.entity,minecraft
src/main/java/zmaster587/advancedRocketry/api/IAtmosphere.java,net.minecraft.entity.EntityLivingBase,net.minecraft.entity,minecraft
src/main/java/zmaster587/advancedRocketry/api/IFuelTank.java,net.minecraft.block.state.IBlockState,net.minecraft.block,minecraft
src/main/java/zmaster587/advancedRocketry/api/IFuelTank.java,net.minecraft.util.math.BlockPos,net.minecraft.util,minecraft
src/main/java/zmaster587/advancedRocketry/api/IFuelTank.java,net.minecraft.world.World,net.minecraft.world,minecraft
src/main/java/zmaster587/advancedRocketry/api/IGravityManager.java,net.minecraft.entity.Entity,net.minecraft.entity,minecraft
src/main/java/zmaster587/advancedRocketry/api/IIntake.java,net.minecraft.block.state.IBlockState,net.minecraft.block,minecraft
src/main/java/zmaster587/advancedRocketry/api/IMiningDrill.java,net.minecraft.util.math.BlockPos,net.minecraft.util,minecraft
src/main/java/zmaster587/advancedRocketry/api/IMiningDrill.java,net.minecraft.world.World,net.minecraft.world,minecraft
src/main/java/zmaster587/advancedRocketry/api/IMission.java,net.minecraft.world.World,net.minecraft.world,minecraft
src/main/java/zmaster587/advancedRocketry/api/IPlanetaryProvider.java,net.minecraft.util.math.BlockPos,net.minecraft.util,minecraft
src/main/java/zmaster587/advancedRocketry/api/IPlanetaryProvider.java,net.minecraft.util.math.Vec3d,net.minecraft.util,minecraft
src/main/java/zmaster587/advancedRocketry/api/IPlanetaryProvider.java,zmaster587.advancedRocketry.api.dimension.IDimensionProperties,zmaster587.advancedRocketry.api,upstream_internal
src/main/java/zmaster587/advancedRocketry/api/IPlanetaryProvider.java,zmaster587.advancedRocketry.dimension.DimensionProperties,zmaster587.advancedRocketry.dimension,upstream_internal
src/main/java/zmaster587/advancedRocketry/api/IRocketEngine.java,net.minecraft.util.math.BlockPos,net.minecraft.util,minecraft
src/main/java/zmaster587/advancedRocketry/api/IRocketEngine.java,net.minecraft.world.World,net.minecraft.world,minecraft
src/main/java/zmaster587/advancedRocketry/api/IRocketNuclearCore.java,net.minecraft.util.math.BlockPos,net.minecraft.util,minecraft
src/main/java/zmaster587/advancedRocketry/api/IRocketNuclearCore.java,net.minecraft.world.World,net.minecraft.world,minecraft
src/main/java/zmaster587/advancedRocketry/api/ISatelliteIdItem.java,javax.annotation.Nonnull,javax.annotation.Nonnull,jdk
src/main/java/zmaster587/advancedRocketry/api/ISatelliteIdItem.java,net.minecraft.item.ItemStack,net.minecraft.item,minecraft
src/main/java/zmaster587/advancedRocketry/api/ISatelliteIdItem.java,zmaster587.advancedRocketry.api.satellite.SatelliteProperties,zmaster587.advancedRocketry.api,upstream_internal
src/main/java/zmaster587/advancedRocketry/api/ISpaceObjectManager.java,net.minecraft.util.math.BlockPos,net.minecraft.util,minecraft
src/main/java/zmaster587/advancedRocketry/api/ISpaceObjectManager.java,zmaster587.advancedRocketry.api.stations.ISpaceObject,zmaster587.advancedRocketry.api,upstream_internal
src/main/java/zmaster587/advancedRocketry/api/MaterialGeode.java,net.minecraft.block.material.MapColor,net.minecraft.block,minecraft
src/main/java/zmaster587/advancedRocketry/api/MaterialGeode.java,net.minecraft.block.material.Material,net.minecraft.block,minecraft
src/main/java/zmaster587/advancedRocketry/api/RocketEvent.java,net.minecraft.entity.Entity,net.minecraft.entity,minecraft
src/main/java/zmaster587/advancedRocketry/api/RocketEvent.java,net.minecraft.world.World,net.minecraft.world,minecraft
src/main/java/zmaster587/advancedRocketry/api/RocketEvent.java,net.minecraftforge.event.entity.EntityEvent,net.minecraftforge.event,minecraft
src/main/java/zmaster587/advancedRocketry/api/RocketEvent.java,net.minecraftforge.fml.common.eventhandler.Cancelable,net.minecraftforge.fml,minecraft
src/main/java/zmaster587/advancedRocketry/api/SatelliteRegistry.java,java.util.HashMap,java.util.HashMap,jdk
src/main/java/zmaster587/advancedRocketry/api/SatelliteRegistry.java,java.util.Map.Entry,java.util.Map,jdk
src/main/java/zmaster587/advancedRocketry/api/SatelliteRegistry.java,java.util.logging.Logger,java.util.logging,jdk
src/main/java/zmaster587/advancedRocketry/api/SatelliteRegistry.java,javax.annotation.Nonnull,javax.annotation.Nonnull,jdk
src/main/java/zmaster587/advancedRocketry/api/SatelliteRegistry.java,net.minecraft.item.ItemStack,net.minecraft.item,minecraft
src/main/java/zmaster587/advancedRocketry/api/SatelliteRegistry.java,net.minecraft.nbt.NBTTagCompound,net.minecraft.nbt,minecraft
src/main/java/zmaster587/advancedRocketry/api/SatelliteRegistry.java,zmaster587.advancedRocketry.api.satellite.SatelliteBase,zmaster587.advancedRocketry.api,upstream_internal
src/main/java/zmaster587/advancedRocketry/api/SatelliteRegistry.java,zmaster587.advancedRocketry.api.satellite.SatelliteProperties,zmaster587.advancedRocketry.api,upstream_internal
src/main/java/zmaster587/advancedRocketry/api/SatelliteRegistry.java,zmaster587.advancedRocketry.dimension.DimensionManager,zmaster587.advancedRocketry.dimension,upstream_internal
src/main/java/zmaster587/advancedRocketry/api/SatelliteRegistry.java,zmaster587.advancedRocketry.item.ItemSatellite,zmaster587.advancedRocketry.item,upstream_internal
src/main/java/zmaster587/advancedRocketry/api/SatelliteRegistry.java,zmaster587.advancedRocketry.item.ItemSatelliteIdentificationChip,zmaster587.advancedRocketry.item,upstream_internal
src/main/java/zmaster587/advancedRocketry/api/StatsRocket.java,java.util.ArrayList,java.util.ArrayList,jdk
src/main/java/zmaster587/advancedRocketry/api/StatsRocket.java,java.util.HashMap,java.util.HashMap,jdk
src/main/java/zmaster587/advancedRocketry/api/StatsRocket.java,java.util.List,java.util.List,jdk
src/main/java/zmaster587/advancedRocketry/api/StatsRocket.java,javax.annotation.Nonnull,javax.annotation.Nonnull,jdk
src/main/java/zmaster587/advancedRocketry/api/StatsRocket.java,javax.annotation.Nullable,javax.annotation.Nullable,jdk
src/main/java/zmaster587/advancedRocketry/api/StatsRocket.java,net.minecraft.nbt.NBTTagCompound,net.minecraft.nbt,minecraft
src/main/java/zmaster587/advancedRocketry/api/StatsRocket.java,net.minecraft.nbt.NBTTagFloat,net.minecraft.nbt,minecraft
src/main/java/zmaster587/advancedRocketry/api/StatsRocket.java,net.minecraft.nbt.NBTTagInt,net.minecraft.nbt,minecraft
src/main/java/zmaster587/advancedRocketry/api/StatsRocket.java,zmaster587.advancedRocketry.api.fuel.FuelRegistry,zmaster587.advancedRocketry.api,upstream_internal
src/main/java/zmaster587/advancedRocketry/api/StatsRocket.java,zmaster587.advancedRocketry.api.fuel.FuelRegistry.FuelType,zmaster587.advancedRocketry.api,upstream_internal
src/main/java/zmaster587/advancedRocketry/api/StatsRocket.java,zmaster587.libVulpes.util.HashedBlockPosition,zmaster587.libVulpes.util,libvulpes
src/main/java/zmaster587/advancedRocketry/api/StatsRocket.java,zmaster587.libVulpes.util.Vector3F,zmaster587.libVulpes.util,libvulpes
src/main/java/zmaster587/advancedRocketry/api/armor/IFillableArmor.java,javax.annotation.Nonnull,javax.annotation.Nonnull,jdk
src/main/java/zmaster587/advancedRocketry/api/armor/IFillableArmor.java,net.minecraft.item.ItemStack,net.minecraft.item,minecraft
src/main/java/zmaster587/advancedRocketry/api/armor/IProtectiveArmor.java,javax.annotation.Nonnull,javax.annotation.Nonnull,jdk
src/main/java/zmaster587/advancedRocketry/api/armor/IProtectiveArmor.java,net.minecraft.item.ItemStack,net.minecraft.item,minecraft
src/main/java/zmaster587/advancedRocketry/api/armor/IProtectiveArmor.java,zmaster587.advancedRocketry.api.IAtmosphere,zmaster587.advancedRocketry.api,upstream_internal
src/main/java/zmaster587/advancedRocketry/api/atmosphere/AtmosphereRegister.java,java.util.HashMap,java.util.HashMap,jdk
src/main/java/zmaster587/advancedRocketry/api/atmosphere/AtmosphereRegister.java,java.util.LinkedList,java.util.LinkedList,jdk
src/main/java/zmaster587/advancedRocketry/api/atmosphere/AtmosphereRegister.java,java.util.List,java.util.List,jdk
src/main/java/zmaster587/advancedRocketry/api/atmosphere/AtmosphereRegister.java,java.util.Map,java.util.Map,jdk
src/main/java/zmaster587/advancedRocketry/api/atmosphere/AtmosphereRegister.java,net.minecraftforge.fluids.Fluid,net.minecraftforge.fluids,minecraft
src/main/java/zmaster587/advancedRocketry/api/atmosphere/AtmosphereRegister.java,zmaster587.advancedRocketry.api.IAtmosphere,zmaster587.advancedRocketry.api,upstream_internal
src/main/java/zmaster587/advancedRocketry/api/atmosphere/IAtmosphereSealHandler.java,java.util.List,java.util.List,jdk
src/main/java/zmaster587/advancedRocketry/api/atmosphere/IAtmosphereSealHandler.java,net.minecraft.block.Block,net.minecraft.block,minecraft
src/main/java/zmaster587/advancedRocketry/api/atmosphere/IAtmosphereSealHandler.java,net.minecraft.util.math.BlockPos,net.minecraft.util,minecraft
src/main/java/zmaster587/advancedRocketry/api/atmosphere/IAtmosphereSealHandler.java,net.minecraft.world.World,net.minecraft.world,minecraft
src/main/java/zmaster587/advancedRocketry/api/capability/CapabilitySpaceArmor.java,javax.annotation.Nonnull,javax.annotation.Nonnull,jdk
src/main/java/zmaster587/advancedRocketry/api/capability/CapabilitySpaceArmor.java,net.minecraft.item.ItemStack,net.minecraft.item,minecraft
src/main/java/zmaster587/advancedRocketry/api/capability/CapabilitySpaceArmor.java,net.minecraft.nbt.NBTBase,net.minecraft.nbt,minecraft
src/main/java/zmaster587/advancedRocketry/api/capability/CapabilitySpaceArmor.java,net.minecraft.util.EnumFacing,net.minecraft.util,minecraft
src/main/java/zmaster587/advancedRocketry/api/capability/CapabilitySpaceArmor.java,net.minecraftforge.common.capabilities.Capability,net.minecraftforge.common,minecraft
src/main/java/zmaster587/advancedRocketry/api/capability/CapabilitySpaceArmor.java,net.minecraftforge.common.capabilities.CapabilityInject,net.minecraftforge.common,minecraft
src/main/java/zmaster587/advancedRocketry/api/capability/CapabilitySpaceArmor.java,net.minecraftforge.common.capabilities.CapabilityManager,net.minecraftforge.common,minecraft
src/main/java/zmaster587/advancedRocketry/api/capability/CapabilitySpaceArmor.java,zmaster587.advancedRocketry.api.IAtmosphere,zmaster587.advancedRocketry.api,upstream_internal
src/main/java/zmaster587/advancedRocketry/api/capability/CapabilitySpaceArmor.java,zmaster587.advancedRocketry.api.armor.IProtectiveArmor,zmaster587.advancedRocketry.api,upstream_internal
src/main/java/zmaster587/advancedRocketry/api/dimension/IDimensionProperties.java,java.util.Collection,java.util.Collection,jdk
src/main/java/zmaster587/advancedRocketry/api/dimension/IDimensionProperties.java,java.util.Set,java.util.Set,jdk
src/main/java/zmaster587/advancedRocketry/api/dimension/IDimensionProperties.java,net.minecraft.nbt.NBTTagCompound,net.minecraft.nbt,minecraft
src/main/java/zmaster587/advancedRocketry/api/dimension/IDimensionProperties.java,net.minecraft.util.ResourceLocation,net.minecraft.util,minecraft
src/main/java/zmaster587/advancedRocketry/api/dimension/IDimensionProperties.java,net.minecraft.world.World,net.minecraft.world,minecraft
src/main/java/zmaster587/advancedRocketry/api/dimension/IDimensionProperties.java,zmaster587.advancedRocketry.api.IAtmosphere,zmaster587.advancedRocketry.api,upstream_internal
src/main/java/zmaster587/advancedRocketry/api/dimension/IDimensionProperties.java,zmaster587.advancedRocketry.api.dimension.solar.StellarBody,zmaster587.advancedRocketry.api,upstream_internal
src/main/java/zmaster587/advancedRocketry/api/dimension/IDimensionProperties.java,zmaster587.advancedRocketry.api.satellite.SatelliteBase,zmaster587.advancedRocketry.api,upstream_internal
src/main/java/zmaster587/advancedRocketry/api/dimension/IDimensionProperties.java,zmaster587.advancedRocketry.dimension.DimensionProperties,zmaster587.advancedRocketry.dimension,upstream_internal
src/main/java/zmaster587/advancedRocketry/api/dimension/IDimensionProperties.java,zmaster587.advancedRocketry.util.SpacePosition,zmaster587.advancedRocketry.util,upstream_internal
src/main/java/zmaster587/advancedRocketry/api/dimension/solar/IGalaxy.java,java.util.Collection,java.util.Collection,jdk
src/main/java/zmaster587/advancedRocketry/api/dimension/solar/IGalaxy.java,zmaster587.advancedRocketry.api.dimension.IDimensionProperties,zmaster587.advancedRocketry.api,upstream_internal
src/main/java/zmaster587/advancedRocketry/api/dimension/solar/IGalaxy.java,zmaster587.advancedRocketry.api.satellite.SatelliteBase,zmaster587.advancedRocketry.api,upstream_internal
src/main/java/zmaster587/advancedRocketry/api/dimension/solar/StellarBody.java,java.util.ArrayList,java.util.ArrayList,jdk
src/main/java/zmaster587/advancedRocketry/api/dimension/solar/StellarBody.java,java.util.HashMap,java.util.HashMap,jdk
src/main/java/zmaster587/advancedRocketry/api/dimension/solar/StellarBody.java,java.util.LinkedList,java.util.LinkedList,jdk
src/main/java/zmaster587/advancedRocketry/api/dimension/solar/StellarBody.java,java.util.List,java.util.List,jdk
src/main/java/zmaster587/advancedRocketry/api/dimension/solar/StellarBody.java,net.minecraft.nbt.NBTTagCompound,net.minecraft.nbt,minecraft
src/main/java/zmaster587/advancedRocketry/api/dimension/solar/StellarBody.java,net.minecraft.nbt.NBTTagList,net.minecraft.nbt,minecraft
src/main/java/zmaster587/advancedRocketry/api/dimension/solar/StellarBody.java,net.minecraft.util.math.MathHelper,net.minecraft.util,minecraft
src/main/java/zmaster587/advancedRocketry/api/dimension/solar/StellarBody.java,net.minecraftforge.common.util.Constants.NBT,net.minecraftforge.common,minecraft
src/main/java/zmaster587/advancedRocketry/api/dimension/solar/StellarBody.java,zmaster587.advancedRocketry.api.dimension.IDimensionProperties,zmaster587.advancedRocketry.api,upstream_internal
src/main/java/zmaster587/advancedRocketry/api/dimension/solar/StellarBody.java,zmaster587.advancedRocketry.dimension.DimensionProperties,zmaster587.advancedRocketry.dimension,upstream_internal
src/main/java/zmaster587/advancedRocketry/api/dimension/solar/StellarBody.java,zmaster587.advancedRocketry.util.SpacePosition,zmaster587.advancedRocketry.util,upstream_internal
src/main/java/zmaster587/advancedRocketry/api/event/AtmosphereEvent.java,net.minecraft.entity.Entity,net.minecraft.entity,minecraft
src/main/java/zmaster587/advancedRocketry/api/event/AtmosphereEvent.java,net.minecraft.world.World,net.minecraft.world,minecraft
src/main/java/zmaster587/advancedRocketry/api/event/AtmosphereEvent.java,net.minecraftforge.event.entity.EntityEvent,net.minecraftforge.event,minecraft
src/main/java/zmaster587/advancedRocketry/api/event/AtmosphereEvent.java,net.minecraftforge.fml.common.eventhandler.Cancelable,net.minecraftforge.fml,minecraft
src/main/java/zmaster587/advancedRocketry/api/event/AtmosphereEvent.java,zmaster587.advancedRocketry.api.IAtmosphere,zmaster587.advancedRocketry.api,upstream_internal
src/main/java/zmaster587/advancedRocketry/api/fuel/FuelRegistry.java,java.util.HashSet,java.util.HashSet,jdk
src/main/java/zmaster587/advancedRocketry/api/fuel/FuelRegistry.java,javax.annotation.Nonnull,javax.annotation.Nonnull,jdk
src/main/java/zmaster587/advancedRocketry/api/fuel/FuelRegistry.java,javax.annotation.Nullable,javax.annotation.Nullable,jdk
src/main/java/zmaster587/advancedRocketry/api/fuel/FuelRegistry.java,net.minecraft.item.ItemStack,net.minecraft.item,minecraft
src/main/java/zmaster587/advancedRocketry/api/fuel/FuelRegistry.java,net.minecraftforge.fluids.Fluid,net.minecraftforge.fluids,minecraft
src/main/java/zmaster587/advancedRocketry/api/satellite/IDataHandler.java,net.minecraft.util.EnumFacing,net.minecraft.util,minecraft
src/main/java/zmaster587/advancedRocketry/api/satellite/IDataHandler.java,zmaster587.advancedRocketry.api.DataStorage,zmaster587.advancedRocketry.api,upstream_internal
src/main/java/zmaster587/advancedRocketry/api/satellite/SatelliteBase.java,io.netty.buffer.ByteBuf,io.netty.buffer,third_party
src/main/java/zmaster587/advancedRocketry/api/satellite/SatelliteBase.java,javax.annotation.Nonnull,javax.annotation.Nonnull,jdk
src/main/java/zmaster587/advancedRocketry/api/satellite/SatelliteBase.java,net.minecraft.entity.player.EntityPlayer,net.minecraft.entity,minecraft
src/main/java/zmaster587/advancedRocketry/api/satellite/SatelliteBase.java,net.minecraft.inventory.Container,net.minecraft.inventory,minecraft
src/main/java/zmaster587/advancedRocketry/api/satellite/SatelliteBase.java,net.minecraft.inventory.IContainerListener,net.minecraft.inventory,minecraft
src/main/java/zmaster587/advancedRocketry/api/satellite/SatelliteBase.java,net.minecraft.item.ItemStack,net.minecraft.item,minecraft
src/main/java/zmaster587/advancedRocketry/api/satellite/SatelliteBase.java,net.minecraft.nbt.NBTTagCompound,net.minecraft.nbt,minecraft
src/main/java/zmaster587/advancedRocketry/api/satellite/SatelliteBase.java,net.minecraft.util.math.BlockPos,net.minecraft.util,minecraft
src/main/java/zmaster587/advancedRocketry/api/satellite/SatelliteBase.java,net.minecraft.world.World,net.minecraft.world,minecraft
src/main/java/zmaster587/advancedRocketry/api/satellite/SatelliteBase.java,net.minecraftforge.fml.relauncher.Side,net.minecraftforge.fml,minecraft
src/main/java/zmaster587/advancedRocketry/api/satellite/SatelliteBase.java,zmaster587.advancedRocketry.api.AdvancedRocketryItems,zmaster587.advancedRocketry.api,upstream_internal
src/main/java/zmaster587/advancedRocketry/api/satellite/SatelliteBase.java,zmaster587.advancedRocketry.api.Constants,zmaster587.advancedRocketry.api,upstream_internal
src/main/java/zmaster587/advancedRocketry/api/satellite/SatelliteBase.java,zmaster587.advancedRocketry.api.ISatelliteIdItem,zmaster587.advancedRocketry.api,upstream_internal
src/main/java/zmaster587/advancedRocketry/api/satellite/SatelliteBase.java,zmaster587.advancedRocketry.api.SatelliteRegistry,zmaster587.advancedRocketry.api,upstream_internal
src/main/java/zmaster587/advancedRocketry/api/satellite/SatelliteBase.java,zmaster587.libVulpes.util.UniversalBattery,zmaster587.libVulpes.util,libvulpes
src/main/java/zmaster587/advancedRocketry/api/satellite/SatelliteProperties.java,net.minecraft.nbt.NBTTagCompound,net.minecraft.nbt,minecraft
src/main/java/zmaster587/advancedRocketry/api/satellite/SatelliteProperties.java,zmaster587.advancedRocketry.api.SatelliteRegistry,zmaster587.advancedRocketry.api,upstream_internal
src/main/java/zmaster587/advancedRocketry/api/stations/ISpaceObject.java,net.minecraft.nbt.NBTTagCompound,net.minecraft.nbt,minecraft
src/main/java/zmaster587/advancedRocketry/api/stations/ISpaceObject.java,net.minecraft.util.EnumFacing,net.minecraft.util,minecraft
src/main/java/zmaster587/advancedRocketry/api/stations/ISpaceObject.java,zmaster587.advancedRocketry.api.dimension.IDimensionProperties,zmaster587.advancedRocketry.api,upstream_internal
src/main/java/zmaster587/advancedRocketry/api/stations/ISpaceObject.java,zmaster587.libVulpes.util.HashedBlockPosition,zmaster587.libVulpes.util,libvulpes
src/main/java/zmaster587/advancedRocketry/api/stations/IStorageChunk.java,java.util.List,java.util.List,jdk
src/main/java/zmaster587/advancedRocketry/api/stations/IStorageChunk.java,net.minecraft.tileentity.TileEntity,net.minecraft.tileentity,minecraft
src/main/java/zmaster587/advancedRocketry/api/stations/IStorageChunk.java,net.minecraft.util.EnumFacing,net.minecraft.util,minecraft
src/main/java/zmaster587/advancedRocketry/api/stations/IStorageChunk.java,net.minecraft.world.World,net.minecraft.world,minecraft
src/main/java/zmaster587/advancedRocketry/api/util/IBlobHandler.java,net.minecraft.world.World,net.minecraft.world,minecraft
src/main/java/zmaster587/advancedRocketry/api/util/IBlobHandler.java,zmaster587.advancedRocketry.api.AreaBlob,zmaster587.advancedRocketry.api,upstream_internal
src/main/java/zmaster587/advancedRocketry/api/util/IBlobHandler.java,zmaster587.libVulpes.util.HashedBlockPosition,zmaster587.libVulpes.util,libvulpes
src/main/java/zmaster587/advancedRocketry/armor/ItemSpaceArmor.java,com.mojang.realmsclient.gui.ChatFormatting,com.mojang.realmsclient,third_party
src/main/java/zmaster587/advancedRocketry/armor/ItemSpaceArmor.java,java.util.LinkedList,java.util.LinkedList,jdk
src/main/java/zmaster587/advancedRocketry/armor/ItemSpaceArmor.java,java.util.List,java.util.List,jdk
src/main/java/zmaster587/advancedRocketry/armor/ItemSpaceArmor.java,javax.annotation.Nonnull,javax.annotation.Nonnull,jdk
src/main/java/zmaster587/advancedRocketry/armor/ItemSpaceArmor.java,javax.annotation.Nullable,javax.annotation.Nullable,jdk
src/main/java/zmaster587/advancedRocketry/armor/ItemSpaceArmor.java,net.minecraft.client.model.ModelBiped,net.minecraft.client,client_api
src/main/java/zmaster587/advancedRocketry/armor/ItemSpaceArmor.java,net.minecraft.client.util.ITooltipFlag,net.minecraft.client,client_api
src/main/java/zmaster587/advancedRocketry/armor/ItemSpaceArmor.java,net.minecraft.entity.Entity,net.minecraft.entity,minecraft
src/main/java/zmaster587/advancedRocketry/armor/ItemSpaceArmor.java,net.minecraft.entity.EntityLivingBase,net.minecraft.entity,minecraft
src/main/java/zmaster587/advancedRocketry/armor/ItemSpaceArmor.java,net.minecraft.entity.player.EntityPlayer,net.minecraft.entity,minecraft
src/main/java/zmaster587/advancedRocketry/armor/ItemSpaceArmor.java,net.minecraft.inventory.EntityEquipmentSlot,net.minecraft.inventory,minecraft
src/main/java/zmaster587/advancedRocketry/armor/ItemSpaceArmor.java,net.minecraft.inventory.IInventory,net.minecraft.inventory,minecraft
src/main/java/zmaster587/advancedRocketry/armor/ItemSpaceArmor.java,net.minecraft.item.ItemArmor,net.minecraft.item,minecraft
src/main/java/zmaster587/advancedRocketry/armor/ItemSpaceArmor.java,net.minecraft.item.ItemStack,net.minecraft.item,minecraft
src/main/java/zmaster587/advancedRocketry/armor/ItemSpaceArmor.java,net.minecraft.nbt.NBTTagCompound,net.minecraft.nbt,minecraft
src/main/java/zmaster587/advancedRocketry/armor/ItemSpaceArmor.java,net.minecraft.nbt.NBTTagList,net.minecraft.nbt,minecraft
src/main/java/zmaster587/advancedRocketry/armor/ItemSpaceArmor.java,net.minecraft.util.DamageSource,net.minecraft.util,minecraft
src/main/java/zmaster587/advancedRocketry/armor/ItemSpaceArmor.java,net.minecraft.util.EnumFacing,net.minecraft.util,minecraft
src/main/java/zmaster587/advancedRocketry/armor/ItemSpaceArmor.java,net.minecraft.world.World,net.minecraft.world,minecraft
src/main/java/zmaster587/advancedRocketry/armor/ItemSpaceArmor.java,net.minecraftforge.common.ISpecialArmor,net.minecraftforge.common,minecraft
src/main/java/zmaster587/advancedRocketry/armor/ItemSpaceArmor.java,net.minecraftforge.common.capabilities.Capability,net.minecraftforge.common,minecraft
src/main/java/zmaster587/advancedRocketry/armor/ItemSpaceArmor.java,net.minecraftforge.common.capabilities.ICapabilityProvider,net.minecraftforge.common,minecraft
src/main/java/zmaster587/advancedRocketry/armor/ItemSpaceArmor.java,net.minecraftforge.common.util.Constants.NBT,net.minecraftforge.common,minecraft
src/main/java/zmaster587/advancedRocketry/armor/ItemSpaceArmor.java,net.minecraftforge.fml.relauncher.Side,net.minecraftforge.fml,minecraft
src/main/java/zmaster587/advancedRocketry/armor/ItemSpaceArmor.java,net.minecraftforge.fml.relauncher.SideOnly,net.minecraftforge.fml,minecraft
src/main/java/zmaster587/advancedRocketry/armor/ItemSpaceArmor.java,zmaster587.advancedRocketry.api.AdvancedRocketryItems,zmaster587.advancedRocketry.api,upstream_internal
src/main/java/zmaster587/advancedRocketry/armor/ItemSpaceArmor.java,zmaster587.advancedRocketry.api.IAtmosphere,zmaster587.advancedRocketry.api,upstream_internal
src/main/java/zmaster587/advancedRocketry/armor/ItemSpaceArmor.java,zmaster587.advancedRocketry.api.armor.IProtectiveArmor,zmaster587.advancedRocketry.api,upstream_internal
src/main/java/zmaster587/advancedRocketry/armor/ItemSpaceArmor.java,zmaster587.advancedRocketry.api.capability.CapabilitySpaceArmor,zmaster587.advancedRocketry.api,upstream_internal
src/main/java/zmaster587/advancedRocketry/armor/ItemSpaceArmor.java,zmaster587.advancedRocketry.atmosphere.AtmosphereType,zmaster587.advancedRocketry.atmosphere,upstream_internal
src/main/java/zmaster587/advancedRocketry/armor/ItemSpaceArmor.java,zmaster587.advancedRocketry.client.render.armor.RenderJetPack,zmaster587.advancedRocketry.client,upstream_internal
src/main/java/zmaster587/advancedRocketry/armor/ItemSpaceArmor.java,zmaster587.libVulpes.LibVulpes,zmaster587.libVulpes.LibVulpes,libvulpes
src/main/java/zmaster587/advancedRocketry/armor/ItemSpaceArmor.java,zmaster587.libVulpes.api.IArmorComponent,zmaster587.libVulpes.api,libvulpes
src/main/java/zmaster587/advancedRocketry/armor/ItemSpaceArmor.java,zmaster587.libVulpes.api.IJetPack,zmaster587.libVulpes.api,libvulpes
src/main/java/zmaster587/advancedRocketry/armor/ItemSpaceArmor.java,zmaster587.libVulpes.api.IModularArmor,zmaster587.libVulpes.api,libvulpes
src/main/java/zmaster587/advancedRocketry/armor/ItemSpaceArmor.java,zmaster587.libVulpes.util.EmbeddedInventory,zmaster587.libVulpes.util,libvulpes
src/main/java/zmaster587/advancedRocketry/armor/ItemSpaceArmor.java,zmaster587.libVulpes.util.IconResource,zmaster587.libVulpes.util,libvulpes
src/main/java/zmaster587/advancedRocketry/armor/ItemSpaceChest.java,java.util.LinkedList,java.util.LinkedList,jdk
src/main/java/zmaster587/advancedRocketry/armor/ItemSpaceChest.java,java.util.List,java.util.List,jdk
src/main/java/zmaster587/advancedRocketry/armor/ItemSpaceChest.java,javax.annotation.Nonnull,javax.annotation.Nonnull,jdk
src/main/java/zmaster587/advancedRocketry/armor/ItemSpaceChest.java,net.minecraft.inventory.EntityEquipmentSlot,net.minecraft.inventory,minecraft
src/main/java/zmaster587/advancedRocketry/armor/ItemSpaceChest.java,net.minecraft.item.ItemStack,net.minecraft.item,minecraft
src/main/java/zmaster587/advancedRocketry/armor/ItemSpaceChest.java,net.minecraft.util.EnumFacing,net.minecraft.util,minecraft
src/main/java/zmaster587/advancedRocketry/armor/ItemSpaceChest.java,net.minecraftforge.fluids.FluidStack,net.minecraftforge.fluids,minecraft
src/main/java/zmaster587/advancedRocketry/armor/ItemSpaceChest.java,net.minecraftforge.fluids.capability.CapabilityFluidHandler,net.minecraftforge.fluids,minecraft
src/main/java/zmaster587/advancedRocketry/armor/ItemSpaceChest.java,net.minecraftforge.fluids.capability.IFluidHandlerItem,net.minecraftforge.fluids,minecraft
src/main/java/zmaster587/advancedRocketry/armor/ItemSpaceChest.java,zmaster587.advancedRocketry.api.AdvancedRocketryFluids,zmaster587.advancedRocketry.api,upstream_internal
src/main/java/zmaster587/advancedRocketry/armor/ItemSpaceChest.java,zmaster587.advancedRocketry.api.AdvancedRocketryItems,zmaster587.advancedRocketry.api,upstream_internal
src/main/java/zmaster587/advancedRocketry/armor/ItemSpaceChest.java,zmaster587.advancedRocketry.api.IAtmosphere,zmaster587.advancedRocketry.api,upstream_internal
src/main/java/zmaster587/advancedRocketry/armor/ItemSpaceChest.java,zmaster587.advancedRocketry.api.armor.IFillableArmor,zmaster587.advancedRocketry.api,upstream_internal
src/main/java/zmaster587/advancedRocketry/armor/ItemSpaceChest.java,zmaster587.advancedRocketry.inventory.TextureResources,zmaster587.advancedRocketry.inventory,upstream_internal
src/main/java/zmaster587/advancedRocketry/armor/ItemSpaceChest.java,zmaster587.libVulpes.util.EmbeddedInventory,zmaster587.libVulpes.util,libvulpes
src/main/java/zmaster587/advancedRocketry/armor/ItemSpaceChest.java,zmaster587.libVulpes.util.FluidUtils,zmaster587.libVulpes.util,libvulpes
src/main/java/zmaster587/advancedRocketry/armor/ItemSpaceChest.java,zmaster587.libVulpes.util.IconResource,zmaster587.libVulpes.util,libvulpes
src/main/java/zmaster587/advancedRocketry/asm/AdvancedRocketryPlugin.java,java.util.Map,java.util.Map,jdk
src/main/java/zmaster587/advancedRocketry/asm/AdvancedRocketryPlugin.java,net.minecraftforge.fml.relauncher.IFMLLoadingPlugin,net.minecraftforge.fml,minecraft
src/main/java/zmaster587/advancedRocketry/asm/AdvancedRocketryPlugin.java,net.minecraftforge.fml.relauncher.IFMLLoadingPlugin.MCVersion,net.minecraftforge.fml,minecraft
src/main/java/zmaster587/advancedRocketry/asm/AdvancedRocketryPlugin.java,net.minecraftforge.fml.relauncher.IFMLLoadingPlugin.TransformerExclusions,net.minecraftforge.fml,minecraft
src/main/java/zmaster587/advancedRocketry/asm/ClassTransformer.java,java.util.AbstractMap.SimpleEntry,java.util.AbstractMap,jdk
src/main/java/zmaster587/advancedRocketry/asm/ClassTransformer.java,java.util.HashMap,java.util.HashMap,jdk
src/main/java/zmaster587/advancedRocketry/asm/ClassTransformer.java,net.minecraft.launchwrapper.IClassTransformer,net.minecraft.launchwrapper,minecraft
src/main/java/zmaster587/advancedRocketry/asm/ClassTransformer.java,net.minecraft.launchwrapper.Launch,net.minecraft.launchwrapper,minecraft
src/main/java/zmaster587/advancedRocketry/asm/ClassTransformer.java,org.objectweb.asm.ClassReader,org.objectweb.asm,third_party
src/main/java/zmaster587/advancedRocketry/asm/ClassTransformer.java,org.objectweb.asm.ClassWriter,org.objectweb.asm,third_party
src/main/java/zmaster587/advancedRocketry/asm/ClassTransformer.java,org.objectweb.asm.Opcodes,org.objectweb.asm,third_party
src/main/java/zmaster587/advancedRocketry/asm/ClassTransformer.java,org.objectweb.asm.tree.*,org.objectweb.asm,third_party
src/main/java/zmaster587/advancedRocketry/asm/ClassTransformer.java,zmaster587.advancedRocketry.AdvancedRocketry,zmaster587.advancedRocketry.AdvancedRocketry,upstream_internal
src/main/java/zmaster587/advancedRocketry/asm/ModContainer.java,java.util.Collections,java.util.Collections,jdk
src/main/java/zmaster587/advancedRocketry/asm/ModContainer.java,net.minecraftforge.fml.common.DummyModContainer,net.minecraftforge.fml,minecraft
src/main/java/zmaster587/advancedRocketry/asm/ModContainer.java,net.minecraftforge.fml.common.LoadController,net.minecraftforge.fml,minecraft
src/main/java/zmaster587/advancedRocketry/asm/ModContainer.java,net.minecraftforge.fml.common.Mod.EventHandler,net.minecraftforge.fml,minecraft
src/main/java/zmaster587/advancedRocketry/asm/ModContainer.java,net.minecraftforge.fml.common.ModMetadata,net.minecraftforge.fml,minecraft
src/main/java/zmaster587/advancedRocketry/asm/ModContainer.java,net.minecraftforge.fml.common.event.FMLConstructionEvent,net.minecraftforge.fml,minecraft
src/main/java/zmaster587/advancedRocketry/asm/ModContainer.java,net.minecraftforge.fml.common.event.FMLInitializationEvent,net.minecraftforge.fml,minecraft
src/main/java/zmaster587/advancedRocketry/asm/ModContainer.java,net.minecraftforge.fml.common.event.FMLPostInitializationEvent,net.minecraftforge.fml,minecraft
src/main/java/zmaster587/advancedRocketry/asm/ModContainer.java,net.minecraftforge.fml.common.event.FMLPreInitializationEvent,net.minecraftforge.fml,minecraft
src/main/java/zmaster587/advancedRocketry/asm/ModContainer.java,net.minecraftforge.fml.common.eventhandler.EventBus,net.minecraftforge.fml,minecraft
src/main/java/zmaster587/advancedRocketry/atmosphere/AtmosphereHandler.java,java.util.HashMap,java.util.HashMap,jdk
src/main/java/zmaster587/advancedRocketry/atmosphere/AtmosphereHandler.java,java.util.LinkedList,java.util.LinkedList,jdk
src/main/java/zmaster587/advancedRocketry/atmosphere/AtmosphereHandler.java,java.util.List,java.util.List,jdk
src/main/java/zmaster587/advancedRocketry/atmosphere/AtmosphereHandler.java,javax.annotation.Nonnull,javax.annotation.Nonnull,jdk
src/main/java/zmaster587/advancedRocketry/atmosphere/AtmosphereHandler.java,javax.annotation.Nullable,javax.annotation.Nullable,jdk
src/main/java/zmaster587/advancedRocketry/atmosphere/AtmosphereHandler.java,net.minecraft.block.material.Material,net.minecraft.block,minecraft
src/main/java/zmaster587/advancedRocketry/atmosphere/AtmosphereHandler.java,net.minecraft.entity.Entity,net.minecraft.entity,minecraft
src/main/java/zmaster587/advancedRocketry/atmosphere/AtmosphereHandler.java,net.minecraft.entity.EntityLiving,net.minecraft.entity,minecraft
src/main/java/zmaster587/advancedRocketry/atmosphere/AtmosphereHandler.java,net.minecraft.entity.player.EntityPlayer,net.minecraft.entity,minecraft
src/main/java/zmaster587/advancedRocketry/atmosphere/AtmosphereHandler.java,net.minecraft.init.Blocks,net.minecraft.init,minecraft
src/main/java/zmaster587/advancedRocketry/atmosphere/AtmosphereHandler.java,net.minecraft.util.DamageSource,net.minecraft.util,minecraft
src/main/java/zmaster587/advancedRocketry/atmosphere/AtmosphereHandler.java,net.minecraft.util.EnumFacing,net.minecraft.util,minecraft
src/main/java/zmaster587/advancedRocketry/atmosphere/AtmosphereHandler.java,net.minecraft.util.math.BlockPos,net.minecraft.util,minecraft
src/main/java/zmaster587/advancedRocketry/atmosphere/AtmosphereHandler.java,net.minecraft.world.World,net.minecraft.world,minecraft
src/main/java/zmaster587/advancedRocketry/atmosphere/AtmosphereHandler.java,net.minecraftforge.common.MinecraftForge,net.minecraftforge.common,minecraft
src/main/java/zmaster587/advancedRocketry/atmosphere/AtmosphereHandler.java,net.minecraftforge.event.entity.living.LivingEvent.LivingUpdateEvent,net.minecraftforge.event,minecraft
src/main/java/zmaster587/advancedRocketry/atmosphere/AtmosphereHandler.java,net.minecraftforge.fluids.IFluidBlock,net.minecraftforge.fluids,minecraft
src/main/java/zmaster587/advancedRocketry/atmosphere/AtmosphereHandler.java,net.minecraftforge.fml.common.FMLCommonHandler,net.minecraftforge.fml,minecraft
src/main/java/zmaster587/advancedRocketry/atmosphere/AtmosphereHandler.java,net.minecraftforge.fml.common.eventhandler.SubscribeEvent,net.minecraftforge.fml,minecraft
src/main/java/zmaster587/advancedRocketry/atmosphere/AtmosphereHandler.java,net.minecraftforge.fml.common.gameevent.PlayerEvent.PlayerChangedDimensionEvent,net.minecraftforge.fml,minecraft
src/main/java/zmaster587/advancedRocketry/atmosphere/AtmosphereHandler.java,net.minecraftforge.fml.common.gameevent.PlayerEvent.PlayerLoggedOutEvent,net.minecraftforge.fml,minecraft
src/main/java/zmaster587/advancedRocketry/atmosphere/AtmosphereHandler.java,zmaster587.advancedRocketry.api.ARConfiguration,zmaster587.advancedRocketry.api,upstream_internal
src/main/java/zmaster587/advancedRocketry/atmosphere/AtmosphereHandler.java,zmaster587.advancedRocketry.api.AreaBlob,zmaster587.advancedRocketry.api,upstream_internal
src/main/java/zmaster587/advancedRocketry/atmosphere/AtmosphereHandler.java,zmaster587.advancedRocketry.api.IAtmosphere,zmaster587.advancedRocketry.api,upstream_internal
src/main/java/zmaster587/advancedRocketry/atmosphere/AtmosphereHandler.java,zmaster587.advancedRocketry.api.event.AtmosphereEvent,zmaster587.advancedRocketry.api,upstream_internal
src/main/java/zmaster587/advancedRocketry/atmosphere/AtmosphereHandler.java,zmaster587.advancedRocketry.api.util.IBlobHandler,zmaster587.advancedRocketry.api,upstream_internal
src/main/java/zmaster587/advancedRocketry/atmosphere/AtmosphereHandler.java,zmaster587.advancedRocketry.dimension.DimensionManager,zmaster587.advancedRocketry.dimension,upstream_internal
src/main/java/zmaster587/advancedRocketry/atmosphere/AtmosphereHandler.java,zmaster587.advancedRocketry.dimension.DimensionProperties,zmaster587.advancedRocketry.dimension,upstream_internal
src/main/java/zmaster587/advancedRocketry/atmosphere/AtmosphereHandler.java,zmaster587.advancedRocketry.network.PacketAtmSync,zmaster587.advancedRocketry.network,upstream_internal
src/main/java/zmaster587/advancedRocketry/atmosphere/AtmosphereHandler.java,zmaster587.advancedRocketry.util.AtmosphereBlob,zmaster587.advancedRocketry.util,upstream_internal
src/main/java/zmaster587/advancedRocketry/atmosphere/AtmosphereHandler.java,zmaster587.libVulpes.network.PacketHandler,zmaster587.libVulpes.network,libvulpes
src/main/java/zmaster587/advancedRocketry/atmosphere/AtmosphereHandler.java,zmaster587.libVulpes.util.HashedBlockPosition,zmaster587.libVulpes.util,libvulpes
src/main/java/zmaster587/advancedRocketry/atmosphere/AtmosphereHighPressure.java,net.minecraft.entity.EntityLivingBase,net.minecraft.entity,minecraft
src/main/java/zmaster587/advancedRocketry/atmosphere/AtmosphereHighPressure.java,net.minecraft.potion.Potion,net.minecraft.potion,minecraft
src/main/java/zmaster587/advancedRocketry/atmosphere/AtmosphereHighPressure.java,net.minecraft.potion.PotionEffect,net.minecraft.potion,minecraft
src/main/java/zmaster587/advancedRocketry/atmosphere/AtmosphereHighPressure.java,zmaster587.libVulpes.LibVulpes,zmaster587.libVulpes.LibVulpes,libvulpes
src/main/java/zmaster587/advancedRocketry/atmosphere/AtmosphereHighPressureNoOxygen.java,net.minecraft.entity.EntityLivingBase,net.minecraft.entity,minecraft
src/main/java/zmaster587/advancedRocketry/atmosphere/AtmosphereHighPressureNoOxygen.java,net.minecraft.entity.player.EntityPlayer,net.minecraft.entity,minecraft
src/main/java/zmaster587/advancedRocketry/atmosphere/AtmosphereHighPressureNoOxygen.java,net.minecraft.potion.Potion,net.minecraft.potion,minecraft
src/main/java/zmaster587/advancedRocketry/atmosphere/AtmosphereHighPressureNoOxygen.java,net.minecraft.potion.PotionEffect,net.minecraft.potion,minecraft
src/main/java/zmaster587/advancedRocketry/atmosphere/AtmosphereHighPressureNoOxygen.java,zmaster587.advancedRocketry.api.ARConfiguration,zmaster587.advancedRocketry.api,upstream_internal
src/main/java/zmaster587/advancedRocketry/atmosphere/AtmosphereHighPressureNoOxygen.java,zmaster587.advancedRocketry.network.PacketOxygenState,zmaster587.advancedRocketry.network,upstream_internal
src/main/java/zmaster587/advancedRocketry/atmosphere/AtmosphereHighPressureNoOxygen.java,zmaster587.libVulpes.LibVulpes,zmaster587.libVulpes.LibVulpes,libvulpes
src/main/java/zmaster587/advancedRocketry/atmosphere/AtmosphereHighPressureNoOxygen.java,zmaster587.libVulpes.network.PacketHandler,zmaster587.libVulpes.network,libvulpes
src/main/java/zmaster587/advancedRocketry/atmosphere/AtmosphereLowOxygen.java,net.minecraft.entity.EntityLivingBase,net.minecraft.entity,minecraft
src/main/java/zmaster587/advancedRocketry/atmosphere/AtmosphereLowOxygen.java,net.minecraft.entity.player.EntityPlayer,net.minecraft.entity,minecraft
src/main/java/zmaster587/advancedRocketry/atmosphere/AtmosphereLowOxygen.java,net.minecraft.potion.Potion,net.minecraft.potion,minecraft
src/main/java/zmaster587/advancedRocketry/atmosphere/AtmosphereLowOxygen.java,net.minecraft.potion.PotionEffect,net.minecraft.potion,minecraft
src/main/java/zmaster587/advancedRocketry/atmosphere/AtmosphereLowOxygen.java,zmaster587.advancedRocketry.network.PacketOxygenState,zmaster587.advancedRocketry.network,upstream_internal
src/main/java/zmaster587/advancedRocketry/atmosphere/AtmosphereLowOxygen.java,zmaster587.libVulpes.LibVulpes,zmaster587.libVulpes.LibVulpes,libvulpes
src/main/java/zmaster587/advancedRocketry/atmosphere/AtmosphereLowOxygen.java,zmaster587.libVulpes.network.PacketHandler,zmaster587.libVulpes.network,libvulpes
src/main/java/zmaster587/advancedRocketry/atmosphere/AtmosphereNeedsSuit.java,javax.annotation.Nonnull,javax.annotation.Nonnull,jdk
src/main/java/zmaster587/advancedRocketry/atmosphere/AtmosphereNeedsSuit.java,net.minecraft.entity.EntityLivingBase,net.minecraft.entity,minecraft
src/main/java/zmaster587/advancedRocketry/atmosphere/AtmosphereNeedsSuit.java,net.minecraft.entity.player.EntityPlayer,net.minecraft.entity,minecraft
src/main/java/zmaster587/advancedRocketry/atmosphere/AtmosphereNeedsSuit.java,net.minecraft.inventory.EntityEquipmentSlot,net.minecraft.inventory,minecraft
src/main/java/zmaster587/advancedRocketry/atmosphere/AtmosphereNeedsSuit.java,net.minecraft.item.ItemStack,net.minecraft.item,minecraft
src/main/java/zmaster587/advancedRocketry/atmosphere/AtmosphereNeedsSuit.java,zmaster587.advancedRocketry.api.EntityRocketBase,zmaster587.advancedRocketry.api,upstream_internal
src/main/java/zmaster587/advancedRocketry/atmosphere/AtmosphereNeedsSuit.java,zmaster587.advancedRocketry.api.capability.CapabilitySpaceArmor,zmaster587.advancedRocketry.api,upstream_internal
src/main/java/zmaster587/advancedRocketry/atmosphere/AtmosphereNeedsSuit.java,zmaster587.advancedRocketry.entity.EntityElevatorCapsule,zmaster587.advancedRocketry.entity,upstream_internal
src/main/java/zmaster587/advancedRocketry/atmosphere/AtmosphereNeedsSuit.java,zmaster587.advancedRocketry.util.ItemAirUtils,zmaster587.advancedRocketry.util,upstream_internal
src/main/java/zmaster587/advancedRocketry/atmosphere/AtmosphereNoOxygen.java,net.minecraft.entity.EntityLivingBase,net.minecraft.entity,minecraft
src/main/java/zmaster587/advancedRocketry/atmosphere/AtmosphereNoOxygen.java,net.minecraft.entity.player.EntityPlayer,net.minecraft.entity,minecraft
src/main/java/zmaster587/advancedRocketry/atmosphere/AtmosphereNoOxygen.java,net.minecraft.potion.Potion,net.minecraft.potion,minecraft
src/main/java/zmaster587/advancedRocketry/atmosphere/AtmosphereNoOxygen.java,net.minecraft.potion.PotionEffect,net.minecraft.potion,minecraft
src/main/java/zmaster587/advancedRocketry/atmosphere/AtmosphereNoOxygen.java,zmaster587.advancedRocketry.api.ARConfiguration,zmaster587.advancedRocketry.api,upstream_internal
src/main/java/zmaster587/advancedRocketry/atmosphere/AtmosphereNoOxygen.java,zmaster587.advancedRocketry.network.PacketOxygenState,zmaster587.advancedRocketry.network,upstream_internal
src/main/java/zmaster587/advancedRocketry/atmosphere/AtmosphereNoOxygen.java,zmaster587.libVulpes.LibVulpes,zmaster587.libVulpes.LibVulpes,libvulpes
src/main/java/zmaster587/advancedRocketry/atmosphere/AtmosphereNoOxygen.java,zmaster587.libVulpes.network.PacketHandler,zmaster587.libVulpes.network,libvulpes
src/main/java/zmaster587/advancedRocketry/atmosphere/AtmosphereSuperHighPressure.java,net.minecraft.entity.EntityLivingBase,net.minecraft.entity,minecraft
src/main/java/zmaster587/advancedRocketry/atmosphere/AtmosphereSuperHighPressure.java,net.minecraft.entity.player.EntityPlayer,net.minecraft.entity,minecraft
src/main/java/zmaster587/advancedRocketry/atmosphere/AtmosphereSuperHighPressure.java,net.minecraft.potion.Potion,net.minecraft.potion,minecraft
src/main/java/zmaster587/advancedRocketry/atmosphere/AtmosphereSuperHighPressure.java,net.minecraft.potion.PotionEffect,net.minecraft.potion,minecraft
src/main/java/zmaster587/advancedRocketry/atmosphere/AtmosphereSuperHighPressure.java,zmaster587.advancedRocketry.network.PacketOxygenState,zmaster587.advancedRocketry.network,upstream_internal
src/main/java/zmaster587/advancedRocketry/atmosphere/AtmosphereSuperHighPressure.java,zmaster587.libVulpes.LibVulpes,zmaster587.libVulpes.LibVulpes,libvulpes
src/main/java/zmaster587/advancedRocketry/atmosphere/AtmosphereSuperHighPressure.java,zmaster587.libVulpes.network.PacketHandler,zmaster587.libVulpes.network,libvulpes
src/main/java/zmaster587/advancedRocketry/atmosphere/AtmosphereSuperHighPressureNoOxygen.java,net.minecraft.entity.EntityLivingBase,net.minecraft.entity,minecraft
src/main/java/zmaster587/advancedRocketry/atmosphere/AtmosphereSuperHighPressureNoOxygen.java,net.minecraft.entity.player.EntityPlayer,net.minecraft.entity,minecraft
src/main/java/zmaster587/advancedRocketry/atmosphere/AtmosphereSuperHighPressureNoOxygen.java,net.minecraft.potion.Potion,net.minecraft.potion,minecraft
src/main/java/zmaster587/advancedRocketry/atmosphere/AtmosphereSuperHighPressureNoOxygen.java,net.minecraft.potion.PotionEffect,net.minecraft.potion,minecraft
src/main/java/zmaster587/advancedRocketry/atmosphere/AtmosphereSuperHighPressureNoOxygen.java,zmaster587.advancedRocketry.api.ARConfiguration,zmaster587.advancedRocketry.api,upstream_internal
src/main/java/zmaster587/advancedRocketry/atmosphere/AtmosphereSuperHighPressureNoOxygen.java,zmaster587.advancedRocketry.network.PacketOxygenState,zmaster587.advancedRocketry.network,upstream_internal
src/main/java/zmaster587/advancedRocketry/atmosphere/AtmosphereSuperHighPressureNoOxygen.java,zmaster587.libVulpes.LibVulpes,zmaster587.libVulpes.LibVulpes,libvulpes
src/main/java/zmaster587/advancedRocketry/atmosphere/AtmosphereSuperHighPressureNoOxygen.java,zmaster587.libVulpes.network.PacketHandler,zmaster587.libVulpes.network,libvulpes
src/main/java/zmaster587/advancedRocketry/atmosphere/AtmosphereSuperheated.java,net.minecraft.entity.EntityLivingBase,net.minecraft.entity,minecraft
src/main/java/zmaster587/advancedRocketry/atmosphere/AtmosphereSuperheated.java,net.minecraft.potion.Potion,net.minecraft.potion,minecraft
src/main/java/zmaster587/advancedRocketry/atmosphere/AtmosphereSuperheated.java,net.minecraft.potion.PotionEffect,net.minecraft.potion,minecraft
src/main/java/zmaster587/advancedRocketry/atmosphere/AtmosphereSuperheated.java,zmaster587.libVulpes.LibVulpes,zmaster587.libVulpes.LibVulpes,libvulpes
src/main/java/zmaster587/advancedRocketry/atmosphere/AtmosphereSuperheatedNoOxygen.java,net.minecraft.entity.EntityLivingBase,net.minecraft.entity,minecraft
src/main/java/zmaster587/advancedRocketry/atmosphere/AtmosphereSuperheatedNoOxygen.java,net.minecraft.entity.player.EntityPlayer,net.minecraft.entity,minecraft
src/main/java/zmaster587/advancedRocketry/atmosphere/AtmosphereSuperheatedNoOxygen.java,net.minecraft.potion.Potion,net.minecraft.potion,minecraft
src/main/java/zmaster587/advancedRocketry/atmosphere/AtmosphereSuperheatedNoOxygen.java,net.minecraft.potion.PotionEffect,net.minecraft.potion,minecraft
src/main/java/zmaster587/advancedRocketry/atmosphere/AtmosphereSuperheatedNoOxygen.java,zmaster587.advancedRocketry.api.ARConfiguration,zmaster587.advancedRocketry.api,upstream_internal
src/main/java/zmaster587/advancedRocketry/atmosphere/AtmosphereSuperheatedNoOxygen.java,zmaster587.advancedRocketry.network.PacketOxygenState,zmaster587.advancedRocketry.network,upstream_internal
src/main/java/zmaster587/advancedRocketry/atmosphere/AtmosphereSuperheatedNoOxygen.java,zmaster587.libVulpes.LibVulpes,zmaster587.libVulpes.LibVulpes,libvulpes
src/main/java/zmaster587/advancedRocketry/atmosphere/AtmosphereSuperheatedNoOxygen.java,zmaster587.libVulpes.network.PacketHandler,zmaster587.libVulpes.network,libvulpes
src/main/java/zmaster587/advancedRocketry/atmosphere/AtmosphereType.java,net.minecraft.entity.Entity,net.minecraft.entity,minecraft
src/main/java/zmaster587/advancedRocketry/atmosphere/AtmosphereType.java,net.minecraft.entity.EntityLivingBase,net.minecraft.entity,minecraft
src/main/java/zmaster587/advancedRocketry/atmosphere/AtmosphereType.java,zmaster587.advancedRocketry.api.ARConfiguration,zmaster587.advancedRocketry.api,upstream_internal
src/main/java/zmaster587/advancedRocketry/atmosphere/AtmosphereType.java,zmaster587.advancedRocketry.api.IAtmosphere,zmaster587.advancedRocketry.api,upstream_internal
src/main/java/zmaster587/advancedRocketry/atmosphere/AtmosphereType.java,zmaster587.advancedRocketry.api.atmosphere.AtmosphereRegister,zmaster587.advancedRocketry.api,upstream_internal
src/main/java/zmaster587/advancedRocketry/atmosphere/AtmosphereVacuum.java,net.minecraft.entity.EntityLivingBase,net.minecraft.entity,minecraft
src/main/java/zmaster587/advancedRocketry/atmosphere/AtmosphereVacuum.java,net.minecraft.entity.player.EntityPlayer,net.minecraft.entity,minecraft
src/main/java/zmaster587/advancedRocketry/atmosphere/AtmosphereVacuum.java,net.minecraft.potion.Potion,net.minecraft.potion,minecraft
src/main/java/zmaster587/advancedRocketry/atmosphere/AtmosphereVacuum.java,net.minecraft.potion.PotionEffect,net.minecraft.potion,minecraft
src/main/java/zmaster587/advancedRocketry/atmosphere/AtmosphereVacuum.java,zmaster587.advancedRocketry.api.ARConfiguration,zmaster587.advancedRocketry.api,upstream_internal
src/main/java/zmaster587/advancedRocketry/atmosphere/AtmosphereVacuum.java,zmaster587.advancedRocketry.network.PacketOxygenState,zmaster587.advancedRocketry.network,upstream_internal
src/main/java/zmaster587/advancedRocketry/atmosphere/AtmosphereVacuum.java,zmaster587.libVulpes.LibVulpes,zmaster587.libVulpes.LibVulpes,libvulpes
src/main/java/zmaster587/advancedRocketry/atmosphere/AtmosphereVacuum.java,zmaster587.libVulpes.network.PacketHandler,zmaster587.libVulpes.network,libvulpes
src/main/java/zmaster587/advancedRocketry/atmosphere/AtmosphereVeryHot.java,net.minecraft.entity.EntityLivingBase,net.minecraft.entity,minecraft
src/main/java/zmaster587/advancedRocketry/atmosphere/AtmosphereVeryHot.java,net.minecraft.potion.Potion,net.minecraft.potion,minecraft
src/main/java/zmaster587/advancedRocketry/atmosphere/AtmosphereVeryHot.java,net.minecraft.potion.PotionEffect,net.minecraft.potion,minecraft
src/main/java/zmaster587/advancedRocketry/atmosphere/AtmosphereVeryHot.java,zmaster587.libVulpes.LibVulpes,zmaster587.libVulpes.LibVulpes,libvulpes
src/main/java/zmaster587/advancedRocketry/atmosphere/AtmosphereVeryHotNoOxygen.java,net.minecraft.entity.EntityLivingBase,net.minecraft.entity,minecraft
src/main/java/zmaster587/advancedRocketry/atmosphere/AtmosphereVeryHotNoOxygen.java,net.minecraft.entity.player.EntityPlayer,net.minecraft.entity,minecraft
src/main/java/zmaster587/advancedRocketry/atmosphere/AtmosphereVeryHotNoOxygen.java,net.minecraft.potion.Potion,net.minecraft.potion,minecraft
src/main/java/zmaster587/advancedRocketry/atmosphere/AtmosphereVeryHotNoOxygen.java,net.minecraft.potion.PotionEffect,net.minecraft.potion,minecraft
src/main/java/zmaster587/advancedRocketry/atmosphere/AtmosphereVeryHotNoOxygen.java,zmaster587.advancedRocketry.api.ARConfiguration,zmaster587.advancedRocketry.api,upstream_internal
src/main/java/zmaster587/advancedRocketry/atmosphere/AtmosphereVeryHotNoOxygen.java,zmaster587.advancedRocketry.network.PacketOxygenState,zmaster587.advancedRocketry.network,upstream_internal
src/main/java/zmaster587/advancedRocketry/atmosphere/AtmosphereVeryHotNoOxygen.java,zmaster587.libVulpes.LibVulpes,zmaster587.libVulpes.LibVulpes,libvulpes
src/main/java/zmaster587/advancedRocketry/atmosphere/AtmosphereVeryHotNoOxygen.java,zmaster587.libVulpes.network.PacketHandler,zmaster587.libVulpes.network,libvulpes
src/main/java/zmaster587/advancedRocketry/backwardCompat/Face.java,net.minecraft.client.renderer.BufferBuilder,net.minecraft.client,client_api
src/main/java/zmaster587/advancedRocketry/backwardCompat/Face.java,net.minecraft.util.math.Vec3d,net.minecraft.util,minecraft
src/main/java/zmaster587/advancedRocketry/backwardCompat/Face.java,net.minecraftforge.fml.relauncher.Side,net.minecraftforge.fml,minecraft
src/main/java/zmaster587/advancedRocketry/backwardCompat/Face.java,net.minecraftforge.fml.relauncher.SideOnly,net.minecraftforge.fml,minecraft
src/main/java/zmaster587/advancedRocketry/backwardCompat/GroupObject.java,java.util.ArrayList,java.util.ArrayList,jdk
src/main/java/zmaster587/advancedRocketry/backwardCompat/GroupObject.java,net.minecraft.client.renderer.BufferBuilder,net.minecraft.client,client_api
src/main/java/zmaster587/advancedRocketry/backwardCompat/GroupObject.java,net.minecraft.client.renderer.Tessellator,net.minecraft.client,client_api
src/main/java/zmaster587/advancedRocketry/backwardCompat/GroupObject.java,net.minecraft.client.renderer.vertex.VertexFormat,net.minecraft.client,client_api
src/main/java/zmaster587/advancedRocketry/backwardCompat/GroupObject.java,net.minecraftforge.fml.relauncher.Side,net.minecraftforge.fml,minecraft
src/main/java/zmaster587/advancedRocketry/backwardCompat/GroupObject.java,net.minecraftforge.fml.relauncher.SideOnly,net.minecraftforge.fml,minecraft
src/main/java/zmaster587/advancedRocketry/backwardCompat/ModelFormatException.java,java.io.IOException,java.io.IOException,jdk
src/main/java/zmaster587/advancedRocketry/backwardCompat/WavefrontObject.java,java.io.BufferedReader,java.io.BufferedReader,jdk
src/main/java/zmaster587/advancedRocketry/backwardCompat/WavefrontObject.java,java.io.IOException,java.io.IOException,jdk
src/main/java/zmaster587/advancedRocketry/backwardCompat/WavefrontObject.java,java.io.InputStream,java.io.InputStream,jdk
src/main/java/zmaster587/advancedRocketry/backwardCompat/WavefrontObject.java,java.io.InputStreamReader,java.io.InputStreamReader,jdk
src/main/java/zmaster587/advancedRocketry/backwardCompat/WavefrontObject.java,java.util.ArrayList,java.util.ArrayList,jdk
src/main/java/zmaster587/advancedRocketry/backwardCompat/WavefrontObject.java,java.util.regex.Matcher,java.util.regex,jdk
src/main/java/zmaster587/advancedRocketry/backwardCompat/WavefrontObject.java,java.util.regex.Pattern,java.util.regex,jdk
src/main/java/zmaster587/advancedRocketry/backwardCompat/WavefrontObject.java,net.minecraft.client.Minecraft,net.minecraft.client,client_api
src/main/java/zmaster587/advancedRocketry/backwardCompat/WavefrontObject.java,net.minecraft.client.renderer.BufferBuilder,net.minecraft.client,client_api
src/main/java/zmaster587/advancedRocketry/backwardCompat/WavefrontObject.java,net.minecraft.client.renderer.Tessellator,net.minecraft.client,client_api
src/main/java/zmaster587/advancedRocketry/backwardCompat/WavefrontObject.java,net.minecraft.client.renderer.vertex.DefaultVertexFormats,net.minecraft.client,client_api
src/main/java/zmaster587/advancedRocketry/backwardCompat/WavefrontObject.java,net.minecraft.client.resources.IResource,net.minecraft.client,client_api
src/main/java/zmaster587/advancedRocketry/backwardCompat/WavefrontObject.java,net.minecraft.util.ResourceLocation,net.minecraft.util,minecraft
src/main/java/zmaster587/advancedRocketry/backwardCompat/WavefrontObject.java,net.minecraftforge.fml.relauncher.Side,net.minecraftforge.fml,minecraft
src/main/java/zmaster587/advancedRocketry/backwardCompat/WavefrontObject.java,net.minecraftforge.fml.relauncher.SideOnly,net.minecraftforge.fml,minecraft
src/main/java/zmaster587/advancedRocketry/backwardCompat/WavefrontObject.java,org.lwjgl.opengl.GL11,org.lwjgl.opengl,third_party
src/main/java/zmaster587/advancedRocketry/block/BlockAdvancedBipropellantRocketMotor.java,net.minecraft.block.material.Material,net.minecraft.block,minecraft
src/main/java/zmaster587/advancedRocketry/block/BlockAdvancedBipropellantRocketMotor.java,net.minecraft.util.math.BlockPos,net.minecraft.util,minecraft
src/main/java/zmaster587/advancedRocketry/block/BlockAdvancedBipropellantRocketMotor.java,net.minecraft.world.World,net.minecraft.world,minecraft
src/main/java/zmaster587/advancedRocketry/block/BlockAdvancedRocketMotor.java,net.minecraft.block.material.Material,net.minecraft.block,minecraft
src/main/java/zmaster587/advancedRocketry/block/BlockAdvancedRocketMotor.java,net.minecraft.util.math.BlockPos,net.minecraft.util,minecraft
src/main/java/zmaster587/advancedRocketry/block/BlockAdvancedRocketMotor.java,net.minecraft.world.World,net.minecraft.world,minecraft
src/main/java/zmaster587/advancedRocketry/block/BlockBeacon.java,java.util.Random,java.util.Random,jdk
src/main/java/zmaster587/advancedRocketry/block/BlockBeacon.java,net.minecraft.block.state.IBlockState,net.minecraft.block,minecraft
src/main/java/zmaster587/advancedRocketry/block/BlockBeacon.java,net.minecraft.tileentity.TileEntity,net.minecraft.tileentity,minecraft
src/main/java/zmaster587/advancedRocketry/block/BlockBeacon.java,net.minecraft.util.EnumFacing,net.minecraft.util,minecraft
src/main/java/zmaster587/advancedRocketry/block/BlockBeacon.java,net.minecraft.util.math.BlockPos,net.minecraft.util,minecraft
src/main/java/zmaster587/advancedRocketry/block/BlockBeacon.java,net.minecraft.world.World,net.minecraft.world,minecraft
src/main/java/zmaster587/advancedRocketry/block/BlockBeacon.java,net.minecraftforge.fml.relauncher.Side,net.minecraftforge.fml,minecraft
src/main/java/zmaster587/advancedRocketry/block/BlockBeacon.java,net.minecraftforge.fml.relauncher.SideOnly,net.minecraftforge.fml,minecraft
src/main/java/zmaster587/advancedRocketry/block/BlockBeacon.java,zmaster587.advancedRocketry.AdvancedRocketry,zmaster587.advancedRocketry.AdvancedRocketry,upstream_internal
src/main/java/zmaster587/advancedRocketry/block/BlockBeacon.java,zmaster587.advancedRocketry.dimension.DimensionManager,zmaster587.advancedRocketry.dimension,upstream_internal
src/main/java/zmaster587/advancedRocketry/block/BlockBeacon.java,zmaster587.advancedRocketry.tile.multiblock.TileBeacon,zmaster587.advancedRocketry.tile,upstream_internal
src/main/java/zmaster587/advancedRocketry/block/BlockBeacon.java,zmaster587.libVulpes.block.multiblock.BlockMultiblockMachine,zmaster587.libVulpes.block,libvulpes
src/main/java/zmaster587/advancedRocketry/block/BlockBeacon.java,zmaster587.libVulpes.tile.multiblock.TileMultiBlock,zmaster587.libVulpes.tile,libvulpes
src/main/java/zmaster587/advancedRocketry/block/BlockBeacon.java,zmaster587.libVulpes.util.HashedBlockPosition,zmaster587.libVulpes.util,libvulpes
src/main/java/zmaster587/advancedRocketry/block/BlockBipropellantFuelTank.java,java.util.Locale,java.util.Locale,jdk
src/main/java/zmaster587/advancedRocketry/block/BlockBipropellantFuelTank.java,net.minecraft.block.Block,net.minecraft.block,minecraft
src/main/java/zmaster587/advancedRocketry/block/BlockBipropellantFuelTank.java,net.minecraft.block.material.Material,net.minecraft.block,minecraft
src/main/java/zmaster587/advancedRocketry/block/BlockBipropellantFuelTank.java,net.minecraft.block.properties.PropertyEnum,net.minecraft.block,minecraft
src/main/java/zmaster587/advancedRocketry/block/BlockBipropellantFuelTank.java,net.minecraft.block.state.BlockStateContainer,net.minecraft.block,minecraft
src/main/java/zmaster587/advancedRocketry/block/BlockBipropellantFuelTank.java,net.minecraft.block.state.IBlockState,net.minecraft.block,minecraft
src/main/java/zmaster587/advancedRocketry/block/BlockBipropellantFuelTank.java,net.minecraft.util.IStringSerializable,net.minecraft.util,minecraft
src/main/java/zmaster587/advancedRocketry/block/BlockBipropellantFuelTank.java,net.minecraft.util.math.BlockPos,net.minecraft.util,minecraft
src/main/java/zmaster587/advancedRocketry/block/BlockBipropellantFuelTank.java,net.minecraft.world.IBlockAccess,net.minecraft.world,minecraft
src/main/java/zmaster587/advancedRocketry/block/BlockBipropellantFuelTank.java,net.minecraft.world.World,net.minecraft.world,minecraft
src/main/java/zmaster587/advancedRocketry/block/BlockBipropellantFuelTank.java,zmaster587.advancedRocketry.api.IFuelTank,zmaster587.advancedRocketry.api,upstream_internal
src/main/java/zmaster587/advancedRocketry/block/BlockBipropellantRocketMotor.java,javax.annotation.Nonnull,javax.annotation.Nonnull,jdk
src/main/java/zmaster587/advancedRocketry/block/BlockBipropellantRocketMotor.java,net.minecraft.block.material.Material,net.minecraft.block,minecraft
src/main/java/zmaster587/advancedRocketry/block/BlockBipropellantRocketMotor.java,net.minecraft.block.state.IBlockState,net.minecraft.block,minecraft
src/main/java/zmaster587/advancedRocketry/block/BlockBipropellantRocketMotor.java,net.minecraft.entity.EntityLivingBase,net.minecraft.entity,minecraft
src/main/java/zmaster587/advancedRocketry/block/BlockBipropellantRocketMotor.java,net.minecraft.item.ItemStack,net.minecraft.item,minecraft
src/main/java/zmaster587/advancedRocketry/block/BlockBipropellantRocketMotor.java,net.minecraft.util.EnumFacing,net.minecraft.util,minecraft
src/main/java/zmaster587/advancedRocketry/block/BlockBipropellantRocketMotor.java,net.minecraft.util.math.BlockPos,net.minecraft.util,minecraft
src/main/java/zmaster587/advancedRocketry/block/BlockBipropellantRocketMotor.java,net.minecraft.world.World,net.minecraft.world,minecraft
src/main/java/zmaster587/advancedRocketry/block/BlockBipropellantRocketMotor.java,zmaster587.advancedRocketry.api.IRocketEngine,zmaster587.advancedRocketry.api,upstream_internal
src/main/java/zmaster587/advancedRocketry/block/BlockBipropellantRocketMotor.java,zmaster587.libVulpes.block.BlockFullyRotatable,zmaster587.libVulpes.block,libvulpes
src/main/java/zmaster587/advancedRocketry/block/BlockCharcoalLog.java,java.util.Random,java.util.Random,jdk
src/main/java/zmaster587/advancedRocketry/block/BlockCharcoalLog.java,javax.annotation.Nonnull,javax.annotation.Nonnull,jdk
src/main/java/zmaster587/advancedRocketry/block/BlockCharcoalLog.java,javax.annotation.Nullable,javax.annotation.Nullable,jdk
src/main/java/zmaster587/advancedRocketry/block/BlockCharcoalLog.java,net.minecraft.block.BlockLog,net.minecraft.block,minecraft
src/main/java/zmaster587/advancedRocketry/block/BlockCharcoalLog.java,net.minecraft.block.state.BlockStateContainer,net.minecraft.block,minecraft
src/main/java/zmaster587/advancedRocketry/block/BlockCharcoalLog.java,net.minecraft.block.state.IBlockState,net.minecraft.block,minecraft
src/main/java/zmaster587/advancedRocketry/block/BlockCharcoalLog.java,net.minecraft.init.Items,net.minecraft.init,minecraft
src/main/java/zmaster587/advancedRocketry/block/BlockCharcoalLog.java,net.minecraft.item.Item,net.minecraft.item,minecraft
src/main/java/zmaster587/advancedRocketry/block/BlockCharcoalLog.java,net.minecraft.item.ItemStack,net.minecraft.item,minecraft
src/main/java/zmaster587/advancedRocketry/block/BlockCharcoalLog.java,net.minecraft.util.EnumFacing,net.minecraft.util,minecraft
src/main/java/zmaster587/advancedRocketry/block/BlockCharcoalLog.java,net.minecraft.util.math.BlockPos,net.minecraft.util,minecraft
src/main/java/zmaster587/advancedRocketry/block/BlockCharcoalLog.java,net.minecraft.world.IBlockAccess,net.minecraft.world,minecraft
src/main/java/zmaster587/advancedRocketry/block/BlockCharcoalLog.java,net.minecraft.world.World,net.minecraft.world,minecraft
src/main/java/zmaster587/advancedRocketry/block/BlockCrystal.java,javax.annotation.Nonnull,javax.annotation.Nonnull,jdk
src/main/java/zmaster587/advancedRocketry/block/BlockCrystal.java,net.minecraft.block.Block,net.minecraft.block,minecraft
src/main/java/zmaster587/advancedRocketry/block/BlockCrystal.java,net.minecraft.block.SoundType,net.minecraft.block,minecraft
src/main/java/zmaster587/advancedRocketry/block/BlockCrystal.java,net.minecraft.block.material.MapColor,net.minecraft.block,minecraft
src/main/java/zmaster587/advancedRocketry/block/BlockCrystal.java,net.minecraft.block.material.Material,net.minecraft.block,minecraft
src/main/java/zmaster587/advancedRocketry/block/BlockCrystal.java,net.minecraft.block.properties.PropertyEnum,net.minecraft.block,minecraft
src/main/java/zmaster587/advancedRocketry/block/BlockCrystal.java,net.minecraft.block.state.BlockStateContainer,net.minecraft.block,minecraft
src/main/java/zmaster587/advancedRocketry/block/BlockCrystal.java,net.minecraft.block.state.IBlockState,net.minecraft.block,minecraft
src/main/java/zmaster587/advancedRocketry/block/BlockCrystal.java,net.minecraft.creativetab.CreativeTabs,net.minecraft.creativetab,minecraft
src/main/java/zmaster587/advancedRocketry/block/BlockCrystal.java,net.minecraft.item.ItemStack,net.minecraft.item,minecraft
src/main/java/zmaster587/advancedRocketry/block/BlockCrystal.java,net.minecraft.util.BlockRenderLayer,net.minecraft.util,minecraft
src/main/java/zmaster587/advancedRocketry/block/BlockCrystal.java,net.minecraft.util.EnumFacing,net.minecraft.util,minecraft
src/main/java/zmaster587/advancedRocketry/block/BlockCrystal.java,net.minecraft.util.IStringSerializable,net.minecraft.util,minecraft
src/main/java/zmaster587/advancedRocketry/block/BlockCrystal.java,net.minecraft.util.NonNullList,net.minecraft.util,minecraft
src/main/java/zmaster587/advancedRocketry/block/BlockCrystal.java,net.minecraft.util.math.BlockPos,net.minecraft.util,minecraft
src/main/java/zmaster587/advancedRocketry/block/BlockCrystal.java,net.minecraft.world.IBlockAccess,net.minecraft.world,minecraft
src/main/java/zmaster587/advancedRocketry/block/BlockCrystal.java,net.minecraftforge.fml.relauncher.Side,net.minecraftforge.fml,minecraft
src/main/java/zmaster587/advancedRocketry/block/BlockCrystal.java,net.minecraftforge.fml.relauncher.SideOnly,net.minecraftforge.fml,minecraft
src/main/java/zmaster587/advancedRocketry/block/BlockCrystal.java,zmaster587.libVulpes.block.INamedMetaBlock,zmaster587.libVulpes.block,libvulpes
src/main/java/zmaster587/advancedRocketry/block/BlockDoor2.java,java.util.Random,java.util.Random,jdk
src/main/java/zmaster587/advancedRocketry/block/BlockDoor2.java,javax.annotation.Nonnull,javax.annotation.Nonnull,jdk
src/main/java/zmaster587/advancedRocketry/block/BlockDoor2.java,javax.annotation.ParametersAreNullableByDefault,javax.annotation.ParametersAreNullableByDefault,jdk
src/main/java/zmaster587/advancedRocketry/block/BlockDoor2.java,net.minecraft.block.BlockDoor,net.minecraft.block,minecraft
src/main/java/zmaster587/advancedRocketry/block/BlockDoor2.java,net.minecraft.block.material.Material,net.minecraft.block,minecraft
src/main/java/zmaster587/advancedRocketry/block/BlockDoor2.java,net.minecraft.block.state.IBlockState,net.minecraft.block,minecraft
src/main/java/zmaster587/advancedRocketry/block/BlockDoor2.java,net.minecraft.entity.player.EntityPlayer,net.minecraft.entity,minecraft
src/main/java/zmaster587/advancedRocketry/block/BlockDoor2.java,net.minecraft.init.Items,net.minecraft.init,minecraft
src/main/java/zmaster587/advancedRocketry/block/BlockDoor2.java,net.minecraft.item.Item,net.minecraft.item,minecraft
src/main/java/zmaster587/advancedRocketry/block/BlockDoor2.java,net.minecraft.item.ItemStack,net.minecraft.item,minecraft
src/main/java/zmaster587/advancedRocketry/block/BlockDoor2.java,net.minecraft.util.EnumFacing,net.minecraft.util,minecraft
src/main/java/zmaster587/advancedRocketry/block/BlockDoor2.java,net.minecraft.util.EnumHand,net.minecraft.util,minecraft
src/main/java/zmaster587/advancedRocketry/block/BlockDoor2.java,net.minecraft.util.math.BlockPos,net.minecraft.util,minecraft
src/main/java/zmaster587/advancedRocketry/block/BlockDoor2.java,net.minecraft.world.World,net.minecraft.world,minecraft
src/main/java/zmaster587/advancedRocketry/block/BlockDoor2.java,net.minecraftforge.fml.relauncher.Side,net.minecraftforge.fml,minecraft
src/main/java/zmaster587/advancedRocketry/block/BlockDoor2.java,net.minecraftforge.fml.relauncher.SideOnly,net.minecraftforge.fml,minecraft
src/main/java/zmaster587/advancedRocketry/block/BlockDoor2.java,zmaster587.advancedRocketry.api.AdvancedRocketryItems,zmaster587.advancedRocketry.api,upstream_internal
src/main/java/zmaster587/advancedRocketry/block/BlockElectricMushroom.java,java.util.Random,java.util.Random,jdk
src/main/java/zmaster587/advancedRocketry/block/BlockElectricMushroom.java,net.minecraft.block.BlockMushroom,net.minecraft.block,minecraft
src/main/java/zmaster587/advancedRocketry/block/BlockElectricMushroom.java,net.minecraft.block.IGrowable,net.minecraft.block,minecraft
src/main/java/zmaster587/advancedRocketry/block/BlockElectricMushroom.java,net.minecraft.block.state.IBlockState,net.minecraft.block,minecraft
src/main/java/zmaster587/advancedRocketry/block/BlockElectricMushroom.java,net.minecraft.client.Minecraft,net.minecraft.client,client_api
src/main/java/zmaster587/advancedRocketry/block/BlockElectricMushroom.java,net.minecraft.entity.effect.EntityLightningBolt,net.minecraft.entity,minecraft
src/main/java/zmaster587/advancedRocketry/block/BlockElectricMushroom.java,net.minecraft.util.EnumFacing,net.minecraft.util,minecraft
src/main/java/zmaster587/advancedRocketry/block/BlockElectricMushroom.java,net.minecraft.util.ResourceLocation,net.minecraft.util,minecraft
src/main/java/zmaster587/advancedRocketry/block/BlockElectricMushroom.java,net.minecraft.util.SoundCategory,net.minecraft.util,minecraft
src/main/java/zmaster587/advancedRocketry/block/BlockElectricMushroom.java,net.minecraft.util.SoundEvent,net.minecraft.util,minecraft
src/main/java/zmaster587/advancedRocketry/block/BlockElectricMushroom.java,net.minecraft.util.math.AxisAlignedBB,net.minecraft.util,minecraft
src/main/java/zmaster587/advancedRocketry/block/BlockElectricMushroom.java,net.minecraft.util.math.BlockPos,net.minecraft.util,minecraft
src/main/java/zmaster587/advancedRocketry/block/BlockElectricMushroom.java,net.minecraft.world.IBlockAccess,net.minecraft.world,minecraft
src/main/java/zmaster587/advancedRocketry/block/BlockElectricMushroom.java,net.minecraft.world.World,net.minecraft.world,minecraft
src/main/java/zmaster587/advancedRocketry/block/BlockElectricMushroom.java,net.minecraftforge.fml.relauncher.Side,net.minecraftforge.fml,minecraft
src/main/java/zmaster587/advancedRocketry/block/BlockElectricMushroom.java,net.minecraftforge.fml.relauncher.SideOnly,net.minecraftforge.fml,minecraft
src/main/java/zmaster587/advancedRocketry/block/BlockElectricMushroom.java,zmaster587.advancedRocketry.api.ARConfiguration,zmaster587.advancedRocketry.api,upstream_internal
src/main/java/zmaster587/advancedRocketry/block/BlockElectricMushroom.java,zmaster587.advancedRocketry.api.AdvancedRocketryBiomes,zmaster587.advancedRocketry.api,upstream_internal
src/main/java/zmaster587/advancedRocketry/block/BlockElectricMushroom.java,zmaster587.advancedRocketry.entity.fx.FxSystemElectricArc,zmaster587.advancedRocketry.entity,upstream_internal
src/main/java/zmaster587/advancedRocketry/block/BlockElectricMushroom.java,zmaster587.advancedRocketry.util.AudioRegistry,zmaster587.advancedRocketry.util,upstream_internal
src/main/java/zmaster587/advancedRocketry/block/BlockEnrichedLava.java,net.minecraft.block.material.Material,net.minecraft.block,minecraft
src/main/java/zmaster587/advancedRocketry/block/BlockEnrichedLava.java,net.minecraftforge.fluids.Fluid,net.minecraftforge.fluids,minecraft
src/main/java/zmaster587/advancedRocketry/block/BlockFluid.java,net.minecraft.block.material.Material,net.minecraft.block,minecraft
src/main/java/zmaster587/advancedRocketry/block/BlockFluid.java,net.minecraftforge.fluids.BlockFluidClassic,net.minecraftforge.fluids,minecraft
src/main/java/zmaster587/advancedRocketry/block/BlockFluid.java,net.minecraftforge.fluids.Fluid,net.minecraftforge.fluids,minecraft
src/main/java/zmaster587/advancedRocketry/block/BlockForceField.java,net.minecraft.block.Block,net.minecraft.block,minecraft
src/main/java/zmaster587/advancedRocketry/block/BlockForceField.java,net.minecraft.block.material.Material,net.minecraft.block,minecraft
src/main/java/zmaster587/advancedRocketry/block/BlockForceField.java,net.minecraft.block.state.IBlockState,net.minecraft.block,minecraft
src/main/java/zmaster587/advancedRocketry/block/BlockForceField.java,net.minecraft.entity.Entity,net.minecraft.entity,minecraft
src/main/java/zmaster587/advancedRocketry/block/BlockForceField.java,net.minecraft.util.BlockRenderLayer,net.minecraft.util,minecraft
src/main/java/zmaster587/advancedRocketry/block/BlockForceField.java,net.minecraft.util.EnumFacing,net.minecraft.util,minecraft
src/main/java/zmaster587/advancedRocketry/block/BlockForceField.java,net.minecraft.util.math.BlockPos,net.minecraft.util,minecraft
src/main/java/zmaster587/advancedRocketry/block/BlockForceField.java,net.minecraft.world.IBlockAccess,net.minecraft.world,minecraft
src/main/java/zmaster587/advancedRocketry/block/BlockForceField.java,net.minecraftforge.fml.relauncher.Side,net.minecraftforge.fml,minecraft
src/main/java/zmaster587/advancedRocketry/block/BlockForceField.java,net.minecraftforge.fml.relauncher.SideOnly,net.minecraftforge.fml,minecraft
src/main/java/zmaster587/advancedRocketry/block/BlockForceFieldProjector.java,net.minecraft.block.material.Material,net.minecraft.block,minecraft
src/main/java/zmaster587/advancedRocketry/block/BlockForceFieldProjector.java,net.minecraft.block.state.IBlockState,net.minecraft.block,minecraft
src/main/java/zmaster587/advancedRocketry/block/BlockForceFieldProjector.java,net.minecraft.tileentity.TileEntity,net.minecraft.tileentity,minecraft
src/main/java/zmaster587/advancedRocketry/block/BlockForceFieldProjector.java,net.minecraft.util.math.BlockPos,net.minecraft.util,minecraft
src/main/java/zmaster587/advancedRocketry/block/BlockForceFieldProjector.java,net.minecraft.world.World,net.minecraft.world,minecraft
src/main/java/zmaster587/advancedRocketry/block/BlockForceFieldProjector.java,zmaster587.advancedRocketry.tile.TileForceFieldProjector,zmaster587.advancedRocketry.tile,upstream_internal
src/main/java/zmaster587/advancedRocketry/block/BlockForceFieldProjector.java,zmaster587.libVulpes.block.BlockFullyRotatable,zmaster587.libVulpes.block,libvulpes
src/main/java/zmaster587/advancedRocketry/block/BlockFuelTank.java,java.util.Locale,java.util.Locale,jdk
src/main/java/zmaster587/advancedRocketry/block/BlockFuelTank.java,javax.annotation.Nonnull,javax.annotation.Nonnull,jdk
src/main/java/zmaster587/advancedRocketry/block/BlockFuelTank.java,net.minecraft.block.Block,net.minecraft.block,minecraft
src/main/java/zmaster587/advancedRocketry/block/BlockFuelTank.java,net.minecraft.block.material.Material,net.minecraft.block,minecraft
src/main/java/zmaster587/advancedRocketry/block/BlockFuelTank.java,net.minecraft.block.properties.PropertyEnum,net.minecraft.block,minecraft
src/main/java/zmaster587/advancedRocketry/block/BlockFuelTank.java,net.minecraft.block.state.BlockStateContainer,net.minecraft.block,minecraft
src/main/java/zmaster587/advancedRocketry/block/BlockFuelTank.java,net.minecraft.block.state.IBlockState,net.minecraft.block,minecraft
src/main/java/zmaster587/advancedRocketry/block/BlockFuelTank.java,net.minecraft.util.IStringSerializable,net.minecraft.util,minecraft
src/main/java/zmaster587/advancedRocketry/block/BlockFuelTank.java,net.minecraft.util.math.BlockPos,net.minecraft.util,minecraft
src/main/java/zmaster587/advancedRocketry/block/BlockFuelTank.java,net.minecraft.world.IBlockAccess,net.minecraft.world,minecraft
src/main/java/zmaster587/advancedRocketry/block/BlockFuelTank.java,net.minecraft.world.World,net.minecraft.world,minecraft
src/main/java/zmaster587/advancedRocketry/block/BlockFuelTank.java,zmaster587.advancedRocketry.api.IFuelTank,zmaster587.advancedRocketry.api,upstream_internal
src/main/java/zmaster587/advancedRocketry/block/BlockHalfTile.java,net.minecraft.block.state.IBlockState,net.minecraft.block,minecraft
src/main/java/zmaster587/advancedRocketry/block/BlockHalfTile.java,net.minecraft.tileentity.TileEntity,net.minecraft.tileentity,minecraft
src/main/java/zmaster587/advancedRocketry/block/BlockHalfTile.java,net.minecraft.util.math.AxisAlignedBB,net.minecraft.util,minecraft
src/main/java/zmaster587/advancedRocketry/block/BlockHalfTile.java,net.minecraft.util.math.BlockPos,net.minecraft.util,minecraft
src/main/java/zmaster587/advancedRocketry/block/BlockHalfTile.java,net.minecraft.world.IBlockAccess,net.minecraft.world,minecraft
src/main/java/zmaster587/advancedRocketry/block/BlockHalfTile.java,zmaster587.libVulpes.block.BlockTile,zmaster587.libVulpes.block,libvulpes
src/main/java/zmaster587/advancedRocketry/block/BlockIntake.java,net.minecraft.block.Block,net.minecraft.block,minecraft
src/main/java/zmaster587/advancedRocketry/block/BlockIntake.java,net.minecraft.block.material.Material,net.minecraft.block,minecraft
src/main/java/zmaster587/advancedRocketry/block/BlockIntake.java,net.minecraft.block.state.IBlockState,net.minecraft.block,minecraft
src/main/java/zmaster587/advancedRocketry/block/BlockIntake.java,zmaster587.advancedRocketry.api.IIntake,zmaster587.advancedRocketry.api,upstream_internal
src/main/java/zmaster587/advancedRocketry/block/BlockLandingPad.java,net.minecraft.block.Block,net.minecraft.block,minecraft
src/main/java/zmaster587/advancedRocketry/block/BlockLandingPad.java,net.minecraft.block.material.Material,net.minecraft.block,minecraft
src/main/java/zmaster587/advancedRocketry/block/BlockLandingPad.java,net.minecraft.block.state.IBlockState,net.minecraft.block,minecraft
src/main/java/zmaster587/advancedRocketry/block/BlockLandingPad.java,net.minecraft.entity.player.EntityPlayer,net.minecraft.entity,minecraft
src/main/java/zmaster587/advancedRocketry/block/BlockLandingPad.java,net.minecraft.tileentity.TileEntity,net.minecraft.tileentity,minecraft
src/main/java/zmaster587/advancedRocketry/block/BlockLandingPad.java,net.minecraft.util.EnumFacing,net.minecraft.util,minecraft
src/main/java/zmaster587/advancedRocketry/block/BlockLandingPad.java,net.minecraft.util.EnumHand,net.minecraft.util,minecraft
src/main/java/zmaster587/advancedRocketry/block/BlockLandingPad.java,net.minecraft.util.math.BlockPos,net.minecraft.util,minecraft
src/main/java/zmaster587/advancedRocketry/block/BlockLandingPad.java,net.minecraft.world.World,net.minecraft.world,minecraft
src/main/java/zmaster587/advancedRocketry/block/BlockLandingPad.java,zmaster587.advancedRocketry.tile.station.TileLandingPad,zmaster587.advancedRocketry.tile,upstream_internal
src/main/java/zmaster587/advancedRocketry/block/BlockLandingPad.java,zmaster587.libVulpes.LibVulpes,zmaster587.libVulpes.LibVulpes,libvulpes
src/main/java/zmaster587/advancedRocketry/block/BlockLandingPad.java,zmaster587.libVulpes.inventory.GuiHandler,zmaster587.libVulpes.inventory,libvulpes
src/main/java/zmaster587/advancedRocketry/block/BlockLens.java,net.minecraft.block.BlockGlass,net.minecraft.block,minecraft
src/main/java/zmaster587/advancedRocketry/block/BlockLens.java,net.minecraft.block.SoundType,net.minecraft.block,minecraft
src/main/java/zmaster587/advancedRocketry/block/BlockLens.java,net.minecraft.block.material.Material,net.minecraft.block,minecraft
src/main/java/zmaster587/advancedRocketry/block/BlockLightSource.java,net.minecraft.block.Block,net.minecraft.block,minecraft
src/main/java/zmaster587/advancedRocketry/block/BlockLightSource.java,net.minecraft.block.material.Material,net.minecraft.block,minecraft
src/main/java/zmaster587/advancedRocketry/block/BlockLightSource.java,net.minecraft.block.state.IBlockState,net.minecraft.block,minecraft
src/main/java/zmaster587/advancedRocketry/block/BlockLightSource.java,net.minecraft.util.EnumBlockRenderType,net.minecraft.util,minecraft
src/main/java/zmaster587/advancedRocketry/block/BlockLightSource.java,net.minecraft.util.math.AxisAlignedBB,net.minecraft.util,minecraft
src/main/java/zmaster587/advancedRocketry/block/BlockLightSource.java,net.minecraft.util.math.BlockPos,net.minecraft.util,minecraft
src/main/java/zmaster587/advancedRocketry/block/BlockLightSource.java,net.minecraft.world.IBlockAccess,net.minecraft.world,minecraft
src/main/java/zmaster587/advancedRocketry/block/BlockLinkedHorizontalTexture.java,net.minecraft.block.Block,net.minecraft.block,minecraft
src/main/java/zmaster587/advancedRocketry/block/BlockLinkedHorizontalTexture.java,net.minecraft.block.material.Material,net.minecraft.block,minecraft
src/main/java/zmaster587/advancedRocketry/block/BlockLinkedHorizontalTexture.java,net.minecraft.block.properties.PropertyEnum,net.minecraft.block,minecraft
src/main/java/zmaster587/advancedRocketry/block/BlockLinkedHorizontalTexture.java,net.minecraft.block.state.BlockStateContainer,net.minecraft.block,minecraft
src/main/java/zmaster587/advancedRocketry/block/BlockLinkedHorizontalTexture.java,net.minecraft.block.state.IBlockState,net.minecraft.block,minecraft
src/main/java/zmaster587/advancedRocketry/block/BlockLinkedHorizontalTexture.java,net.minecraft.util.IStringSerializable,net.minecraft.util,minecraft
src/main/java/zmaster587/advancedRocketry/block/BlockLinkedHorizontalTexture.java,net.minecraft.util.math.BlockPos,net.minecraft.util,minecraft
src/main/java/zmaster587/advancedRocketry/block/BlockLinkedHorizontalTexture.java,net.minecraft.world.IBlockAccess,net.minecraft.world,minecraft
src/main/java/zmaster587/advancedRocketry/block/BlockMiningDrill.java,net.minecraft.block.material.Material,net.minecraft.block,minecraft
src/main/java/zmaster587/advancedRocketry/block/BlockMiningDrill.java,net.minecraft.block.state.IBlockState,net.minecraft.block,minecraft
src/main/java/zmaster587/advancedRocketry/block/BlockMiningDrill.java,net.minecraft.util.math.BlockPos,net.minecraft.util,minecraft
src/main/java/zmaster587/advancedRocketry/block/BlockMiningDrill.java,net.minecraft.world.World,net.minecraft.world,minecraft
src/main/java/zmaster587/advancedRocketry/block/BlockMiningDrill.java,zmaster587.advancedRocketry.api.IMiningDrill,zmaster587.advancedRocketry.api,upstream_internal
src/main/java/zmaster587/advancedRocketry/block/BlockMiningDrill.java,zmaster587.libVulpes.block.BlockFullyRotatable,zmaster587.libVulpes.block,libvulpes
src/main/java/zmaster587/advancedRocketry/block/BlockNuclearCore.java,net.minecraft.block.Block,net.minecraft.block,minecraft
src/main/java/zmaster587/advancedRocketry/block/BlockNuclearCore.java,net.minecraft.block.material.Material,net.minecraft.block,minecraft
src/main/java/zmaster587/advancedRocketry/block/BlockNuclearCore.java,net.minecraft.util.math.BlockPos,net.minecraft.util,minecraft
src/main/java/zmaster587/advancedRocketry/block/BlockNuclearCore.java,net.minecraft.world.World,net.minecraft.world,minecraft
src/main/java/zmaster587/advancedRocketry/block/BlockNuclearCore.java,zmaster587.advancedRocketry.api.ARConfiguration,zmaster587.advancedRocketry.api,upstream_internal
src/main/java/zmaster587/advancedRocketry/block/BlockNuclearCore.java,zmaster587.advancedRocketry.api.IRocketNuclearCore,zmaster587.advancedRocketry.api,upstream_internal
src/main/java/zmaster587/advancedRocketry/block/BlockNuclearFuelTank.java,java.util.Locale,java.util.Locale,jdk
src/main/java/zmaster587/advancedRocketry/block/BlockNuclearFuelTank.java,net.minecraft.block.Block,net.minecraft.block,minecraft
src/main/java/zmaster587/advancedRocketry/block/BlockNuclearFuelTank.java,net.minecraft.block.material.Material,net.minecraft.block,minecraft
src/main/java/zmaster587/advancedRocketry/block/BlockNuclearFuelTank.java,net.minecraft.block.properties.PropertyEnum,net.minecraft.block,minecraft
src/main/java/zmaster587/advancedRocketry/block/BlockNuclearFuelTank.java,net.minecraft.block.state.BlockStateContainer,net.minecraft.block,minecraft
src/main/java/zmaster587/advancedRocketry/block/BlockNuclearFuelTank.java,net.minecraft.block.state.IBlockState,net.minecraft.block,minecraft
src/main/java/zmaster587/advancedRocketry/block/BlockNuclearFuelTank.java,net.minecraft.util.IStringSerializable,net.minecraft.util,minecraft
src/main/java/zmaster587/advancedRocketry/block/BlockNuclearFuelTank.java,net.minecraft.util.math.BlockPos,net.minecraft.util,minecraft
src/main/java/zmaster587/advancedRocketry/block/BlockNuclearFuelTank.java,net.minecraft.world.IBlockAccess,net.minecraft.world,minecraft
src/main/java/zmaster587/advancedRocketry/block/BlockNuclearFuelTank.java,net.minecraft.world.World,net.minecraft.world,minecraft
src/main/java/zmaster587/advancedRocketry/block/BlockNuclearFuelTank.java,zmaster587.advancedRocketry.api.IFuelTank,zmaster587.advancedRocketry.api,upstream_internal
src/main/java/zmaster587/advancedRocketry/block/BlockNuclearRocketMotor.java,net.minecraft.block.material.Material,net.minecraft.block,minecraft
src/main/java/zmaster587/advancedRocketry/block/BlockNuclearRocketMotor.java,net.minecraft.util.math.BlockPos,net.minecraft.util,minecraft
src/main/java/zmaster587/advancedRocketry/block/BlockNuclearRocketMotor.java,net.minecraft.world.World,net.minecraft.world,minecraft
src/main/java/zmaster587/advancedRocketry/block/BlockOrbitalLaserDrill.java,java.util.Random,java.util.Random,jdk
src/main/java/zmaster587/advancedRocketry/block/BlockOrbitalLaserDrill.java,net.minecraft.block.state.IBlockState,net.minecraft.block,minecraft
src/main/java/zmaster587/advancedRocketry/block/BlockOrbitalLaserDrill.java,net.minecraft.tileentity.TileEntity,net.minecraft.tileentity,minecraft
src/main/java/zmaster587/advancedRocketry/block/BlockOrbitalLaserDrill.java,net.minecraft.util.math.BlockPos,net.minecraft.util,minecraft
src/main/java/zmaster587/advancedRocketry/block/BlockOrbitalLaserDrill.java,net.minecraft.world.Explosion,net.minecraft.world,minecraft
src/main/java/zmaster587/advancedRocketry/block/BlockOrbitalLaserDrill.java,net.minecraft.world.IBlockAccess,net.minecraft.world,minecraft
src/main/java/zmaster587/advancedRocketry/block/BlockOrbitalLaserDrill.java,net.minecraft.world.World,net.minecraft.world,minecraft
src/main/java/zmaster587/advancedRocketry/block/BlockOrbitalLaserDrill.java,zmaster587.advancedRocketry.tile.multiblock.orbitallaserdrill.TileOrbitalLaserDrill,zmaster587.advancedRocketry.tile,upstream_internal
src/main/java/zmaster587/advancedRocketry/block/BlockOrbitalLaserDrill.java,zmaster587.libVulpes.block.multiblock.BlockMultiblockMachine,zmaster587.libVulpes.block,libvulpes
src/main/java/zmaster587/advancedRocketry/block/BlockOrbitalLaserDrill.java,zmaster587.libVulpes.inventory.GuiHandler,zmaster587.libVulpes.inventory,libvulpes
src/main/java/zmaster587/advancedRocketry/block/BlockOxidizerFuelTank.java,java.util.Locale,java.util.Locale,jdk
src/main/java/zmaster587/advancedRocketry/block/BlockOxidizerFuelTank.java,javax.annotation.Nonnull,javax.annotation.Nonnull,jdk
src/main/java/zmaster587/advancedRocketry/block/BlockOxidizerFuelTank.java,net.minecraft.block.Block,net.minecraft.block,minecraft
src/main/java/zmaster587/advancedRocketry/block/BlockOxidizerFuelTank.java,net.minecraft.block.material.Material,net.minecraft.block,minecraft
src/main/java/zmaster587/advancedRocketry/block/BlockOxidizerFuelTank.java,net.minecraft.block.properties.PropertyEnum,net.minecraft.block,minecraft
src/main/java/zmaster587/advancedRocketry/block/BlockOxidizerFuelTank.java,net.minecraft.block.state.BlockStateContainer,net.minecraft.block,minecraft
src/main/java/zmaster587/advancedRocketry/block/BlockOxidizerFuelTank.java,net.minecraft.block.state.IBlockState,net.minecraft.block,minecraft
src/main/java/zmaster587/advancedRocketry/block/BlockOxidizerFuelTank.java,net.minecraft.util.IStringSerializable,net.minecraft.util,minecraft
src/main/java/zmaster587/advancedRocketry/block/BlockOxidizerFuelTank.java,net.minecraft.util.math.BlockPos,net.minecraft.util,minecraft
src/main/java/zmaster587/advancedRocketry/block/BlockOxidizerFuelTank.java,net.minecraft.world.IBlockAccess,net.minecraft.world,minecraft
src/main/java/zmaster587/advancedRocketry/block/BlockOxidizerFuelTank.java,net.minecraft.world.World,net.minecraft.world,minecraft
src/main/java/zmaster587/advancedRocketry/block/BlockOxidizerFuelTank.java,zmaster587.advancedRocketry.api.IFuelTank,zmaster587.advancedRocketry.api,upstream_internal
src/main/java/zmaster587/advancedRocketry/block/BlockPressurizedFluidTank.java,java.util.LinkedList,java.util.LinkedList,jdk
src/main/java/zmaster587/advancedRocketry/block/BlockPressurizedFluidTank.java,java.util.List,java.util.List,jdk
src/main/java/zmaster587/advancedRocketry/block/BlockPressurizedFluidTank.java,javax.annotation.Nonnull,javax.annotation.Nonnull,jdk
src/main/java/zmaster587/advancedRocketry/block/BlockPressurizedFluidTank.java,javax.annotation.Nullable,javax.annotation.Nullable,jdk
src/main/java/zmaster587/advancedRocketry/block/BlockPressurizedFluidTank.java,javax.annotation.ParametersAreNonnullByDefault,javax.annotation.ParametersAreNonnullByDefault,jdk
src/main/java/zmaster587/advancedRocketry/block/BlockPressurizedFluidTank.java,javax.annotation.ParametersAreNullableByDefault,javax.annotation.ParametersAreNullableByDefault,jdk
src/main/java/zmaster587/advancedRocketry/block/BlockPressurizedFluidTank.java,net.minecraft.block.Block,net.minecraft.block,minecraft
src/main/java/zmaster587/advancedRocketry/block/BlockPressurizedFluidTank.java,net.minecraft.block.material.Material,net.minecraft.block,minecraft
src/main/java/zmaster587/advancedRocketry/block/BlockPressurizedFluidTank.java,net.minecraft.block.state.IBlockState,net.minecraft.block,minecraft
src/main/java/zmaster587/advancedRocketry/block/BlockPressurizedFluidTank.java,net.minecraft.entity.item.EntityItem,net.minecraft.entity,minecraft
src/main/java/zmaster587/advancedRocketry/block/BlockPressurizedFluidTank.java,net.minecraft.entity.player.EntityPlayer,net.minecraft.entity,minecraft
src/main/java/zmaster587/advancedRocketry/block/BlockPressurizedFluidTank.java,net.minecraft.item.ItemStack,net.minecraft.item,minecraft
src/main/java/zmaster587/advancedRocketry/block/BlockPressurizedFluidTank.java,net.minecraft.tileentity.TileEntity,net.minecraft.tileentity,minecraft
src/main/java/zmaster587/advancedRocketry/block/BlockPressurizedFluidTank.java,net.minecraft.util.BlockRenderLayer,net.minecraft.util,minecraft
src/main/java/zmaster587/advancedRocketry/block/BlockPressurizedFluidTank.java,net.minecraft.util.EnumFacing,net.minecraft.util,minecraft
src/main/java/zmaster587/advancedRocketry/block/BlockPressurizedFluidTank.java,net.minecraft.util.EnumHand,net.minecraft.util,minecraft
src/main/java/zmaster587/advancedRocketry/block/BlockPressurizedFluidTank.java,net.minecraft.util.math.AxisAlignedBB,net.minecraft.util,minecraft
src/main/java/zmaster587/advancedRocketry/block/BlockPressurizedFluidTank.java,net.minecraft.util.math.BlockPos,net.minecraft.util,minecraft
src/main/java/zmaster587/advancedRocketry/block/BlockPressurizedFluidTank.java,net.minecraft.world.IBlockAccess,net.minecraft.world,minecraft
src/main/java/zmaster587/advancedRocketry/block/BlockPressurizedFluidTank.java,net.minecraft.world.World,net.minecraft.world,minecraft
src/main/java/zmaster587/advancedRocketry/block/BlockPressurizedFluidTank.java,net.minecraftforge.fluids.FluidUtil,net.minecraftforge.fluids,minecraft
src/main/java/zmaster587/advancedRocketry/block/BlockPressurizedFluidTank.java,net.minecraftforge.fluids.capability.CapabilityFluidHandler,net.minecraftforge.fluids,minecraft
src/main/java/zmaster587/advancedRocketry/block/BlockPressurizedFluidTank.java,net.minecraftforge.fluids.capability.IFluidHandler,net.minecraftforge.fluids,minecraft
src/main/java/zmaster587/advancedRocketry/block/BlockPressurizedFluidTank.java,zmaster587.advancedRocketry.api.ARConfiguration,zmaster587.advancedRocketry.api,upstream_internal
src/main/java/zmaster587/advancedRocketry/block/BlockPressurizedFluidTank.java,zmaster587.advancedRocketry.api.AdvancedRocketryBlocks,zmaster587.advancedRocketry.api,upstream_internal
src/main/java/zmaster587/advancedRocketry/block/BlockPressurizedFluidTank.java,zmaster587.advancedRocketry.item.ItemBlockFluidTank,zmaster587.advancedRocketry.item,upstream_internal
src/main/java/zmaster587/advancedRocketry/block/BlockPressurizedFluidTank.java,zmaster587.advancedRocketry.tile.TileFluidTank,zmaster587.advancedRocketry.tile,upstream_internal
src/main/java/zmaster587/advancedRocketry/block/BlockPressurizedFluidTank.java,zmaster587.libVulpes.LibVulpes,zmaster587.libVulpes.LibVulpes,libvulpes
src/main/java/zmaster587/advancedRocketry/block/BlockPressurizedFluidTank.java,zmaster587.libVulpes.inventory.GuiHandler.guiId,zmaster587.libVulpes.inventory,libvulpes
src/main/java/zmaster587/advancedRocketry/block/BlockPressurizedFluidTank.java,zmaster587.libVulpes.tile.multiblock.hatch.TileFluidHatch,zmaster587.libVulpes.tile,libvulpes
src/main/java/zmaster587/advancedRocketry/block/BlockPressurizedFluidTank.java,zmaster587.libVulpes.util.FluidUtils,zmaster587.libVulpes.util,libvulpes
src/main/java/zmaster587/advancedRocketry/block/BlockQuartzCrucible.java,java.util.Random,java.util.Random,jdk
src/main/java/zmaster587/advancedRocketry/block/BlockQuartzCrucible.java,javax.annotation.Nonnull,javax.annotation.Nonnull,jdk
src/main/java/zmaster587/advancedRocketry/block/BlockQuartzCrucible.java,javax.annotation.ParametersAreNullableByDefault,javax.annotation.ParametersAreNullableByDefault,jdk
src/main/java/zmaster587/advancedRocketry/block/BlockQuartzCrucible.java,net.minecraft.block.BlockCauldron,net.minecraft.block,minecraft
src/main/java/zmaster587/advancedRocketry/block/BlockQuartzCrucible.java,net.minecraft.block.state.IBlockState,net.minecraft.block,minecraft
src/main/java/zmaster587/advancedRocketry/block/BlockQuartzCrucible.java,net.minecraft.entity.player.EntityPlayer,net.minecraft.entity,minecraft
src/main/java/zmaster587/advancedRocketry/block/BlockQuartzCrucible.java,net.minecraft.item.Item,net.minecraft.item,minecraft
src/main/java/zmaster587/advancedRocketry/block/BlockQuartzCrucible.java,net.minecraft.item.ItemStack,net.minecraft.item,minecraft
src/main/java/zmaster587/advancedRocketry/block/BlockQuartzCrucible.java,net.minecraft.util.EnumFacing,net.minecraft.util,minecraft
src/main/java/zmaster587/advancedRocketry/block/BlockQuartzCrucible.java,net.minecraft.util.EnumHand,net.minecraft.util,minecraft
src/main/java/zmaster587/advancedRocketry/block/BlockQuartzCrucible.java,net.minecraft.util.math.BlockPos,net.minecraft.util,minecraft
src/main/java/zmaster587/advancedRocketry/block/BlockQuartzCrucible.java,net.minecraft.world.World,net.minecraft.world,minecraft
src/main/java/zmaster587/advancedRocketry/block/BlockQuartzCrucible.java,net.minecraftforge.fml.relauncher.Side,net.minecraftforge.fml,minecraft
src/main/java/zmaster587/advancedRocketry/block/BlockQuartzCrucible.java,net.minecraftforge.fml.relauncher.SideOnly,net.minecraftforge.fml,minecraft
src/main/java/zmaster587/advancedRocketry/block/BlockQuartzCrucible.java,zmaster587.advancedRocketry.api.AdvancedRocketryItems,zmaster587.advancedRocketry.api,upstream_internal
src/main/java/zmaster587/advancedRocketry/block/BlockRedstoneEmitter.java,javax.annotation.Nonnull,javax.annotation.Nonnull,jdk
src/main/java/zmaster587/advancedRocketry/block/BlockRedstoneEmitter.java,javax.annotation.ParametersAreNullableByDefault,javax.annotation.ParametersAreNullableByDefault,jdk
src/main/java/zmaster587/advancedRocketry/block/BlockRedstoneEmitter.java,net.minecraft.block.Block,net.minecraft.block,minecraft
src/main/java/zmaster587/advancedRocketry/block/BlockRedstoneEmitter.java,net.minecraft.block.material.Material,net.minecraft.block,minecraft
src/main/java/zmaster587/advancedRocketry/block/BlockRedstoneEmitter.java,net.minecraft.block.properties.PropertyBool,net.minecraft.block,minecraft
src/main/java/zmaster587/advancedRocketry/block/BlockRedstoneEmitter.java,net.minecraft.block.state.BlockStateContainer,net.minecraft.block,minecraft
src/main/java/zmaster587/advancedRocketry/block/BlockRedstoneEmitter.java,net.minecraft.block.state.IBlockState,net.minecraft.block,minecraft
src/main/java/zmaster587/advancedRocketry/block/BlockRedstoneEmitter.java,net.minecraft.entity.player.EntityPlayer,net.minecraft.entity,minecraft
src/main/java/zmaster587/advancedRocketry/block/BlockRedstoneEmitter.java,net.minecraft.tileentity.TileEntity,net.minecraft.tileentity,minecraft
src/main/java/zmaster587/advancedRocketry/block/BlockRedstoneEmitter.java,net.minecraft.util.EnumFacing,net.minecraft.util,minecraft
src/main/java/zmaster587/advancedRocketry/block/BlockRedstoneEmitter.java,net.minecraft.util.EnumHand,net.minecraft.util,minecraft
src/main/java/zmaster587/advancedRocketry/block/BlockRedstoneEmitter.java,net.minecraft.util.math.BlockPos,net.minecraft.util,minecraft
src/main/java/zmaster587/advancedRocketry/block/BlockRedstoneEmitter.java,net.minecraft.world.IBlockAccess,net.minecraft.world,minecraft
src/main/java/zmaster587/advancedRocketry/block/BlockRedstoneEmitter.java,net.minecraft.world.World,net.minecraft.world,minecraft
src/main/java/zmaster587/advancedRocketry/block/BlockRedstoneEmitter.java,zmaster587.advancedRocketry.tile.atmosphere.TileAtmosphereDetector,zmaster587.advancedRocketry.tile,upstream_internal
src/main/java/zmaster587/advancedRocketry/block/BlockRedstoneEmitter.java,zmaster587.libVulpes.LibVulpes,zmaster587.libVulpes.LibVulpes,libvulpes
src/main/java/zmaster587/advancedRocketry/block/BlockRedstoneEmitter.java,zmaster587.libVulpes.inventory.GuiHandler,zmaster587.libVulpes.inventory,libvulpes
src/main/java/zmaster587/advancedRocketry/block/BlockRegolith.java,net.minecraft.block.Block,net.minecraft.block,minecraft
src/main/java/zmaster587/advancedRocketry/block/BlockRegolith.java,net.minecraft.block.SoundType,net.minecraft.block,minecraft
src/main/java/zmaster587/advancedRocketry/block/BlockRegolith.java,net.minecraft.block.material.MapColor,net.minecraft.block,minecraft
src/main/java/zmaster587/advancedRocketry/block/BlockRegolith.java,net.minecraft.block.material.Material,net.minecraft.block,minecraft
src/main/java/zmaster587/advancedRocketry/block/BlockRegolith.java,net.minecraft.block.state.IBlockState,net.minecraft.block,minecraft
src/main/java/zmaster587/advancedRocketry/block/BlockRegolith.java,net.minecraft.util.math.BlockPos,net.minecraft.util,minecraft
src/main/java/zmaster587/advancedRocketry/block/BlockRegolith.java,net.minecraft.world.IBlockAccess,net.minecraft.world,minecraft
src/main/java/zmaster587/advancedRocketry/block/BlockRocketFire.java,java.util.Random,java.util.Random,jdk
src/main/java/zmaster587/advancedRocketry/block/BlockRocketFire.java,javax.annotation.Nullable,javax.annotation.Nullable,jdk
src/main/java/zmaster587/advancedRocketry/block/BlockRocketFire.java,net.minecraft.block.Block,net.minecraft.block,minecraft
src/main/java/zmaster587/advancedRocketry/block/BlockRocketFire.java,net.minecraft.block.BlockFire,net.minecraft.block,minecraft
src/main/java/zmaster587/advancedRocketry/block/BlockRocketFire.java,net.minecraft.block.BlockTNT,net.minecraft.block,minecraft
src/main/java/zmaster587/advancedRocketry/block/BlockRocketFire.java,net.minecraft.block.material.MapColor,net.minecraft.block,minecraft
src/main/java/zmaster587/advancedRocketry/block/BlockRocketFire.java,net.minecraft.block.material.Material,net.minecraft.block,minecraft
src/main/java/zmaster587/advancedRocketry/block/BlockRocketFire.java,net.minecraft.block.properties.PropertyInteger,net.minecraft.block,minecraft
src/main/java/zmaster587/advancedRocketry/block/BlockRocketFire.java,net.minecraft.block.state.BlockStateContainer,net.minecraft.block,minecraft
src/main/java/zmaster587/advancedRocketry/block/BlockRocketFire.java,net.minecraft.block.state.IBlockState,net.minecraft.block,minecraft
src/main/java/zmaster587/advancedRocketry/block/BlockRocketFire.java,net.minecraft.init.Blocks,net.minecraft.init,minecraft
src/main/java/zmaster587/advancedRocketry/block/BlockRocketFire.java,net.minecraft.init.SoundEvents,net.minecraft.init,minecraft
src/main/java/zmaster587/advancedRocketry/block/BlockRocketFire.java,net.minecraft.util.BlockRenderLayer,net.minecraft.util,minecraft
src/main/java/zmaster587/advancedRocketry/block/BlockRocketFire.java,net.minecraft.util.EnumFacing,net.minecraft.util,minecraft
src/main/java/zmaster587/advancedRocketry/block/BlockRocketFire.java,net.minecraft.util.EnumParticleTypes,net.minecraft.util,minecraft
src/main/java/zmaster587/advancedRocketry/block/BlockRocketFire.java,net.minecraft.util.SoundCategory,net.minecraft.util,minecraft
src/main/java/zmaster587/advancedRocketry/block/BlockRocketFire.java,net.minecraft.util.math.AxisAlignedBB,net.minecraft.util,minecraft
src/main/java/zmaster587/advancedRocketry/block/BlockRocketFire.java,net.minecraft.util.math.BlockPos,net.minecraft.util,minecraft
src/main/java/zmaster587/advancedRocketry/block/BlockRocketFire.java,net.minecraft.world.IBlockAccess,net.minecraft.world,minecraft
src/main/java/zmaster587/advancedRocketry/block/BlockRocketFire.java,net.minecraft.world.World,net.minecraft.world,minecraft
src/main/java/zmaster587/advancedRocketry/block/BlockRocketFire.java,net.minecraftforge.fml.relauncher.Side,net.minecraftforge.fml,minecraft
src/main/java/zmaster587/advancedRocketry/block/BlockRocketFire.java,net.minecraftforge.fml.relauncher.SideOnly,net.minecraftforge.fml,minecraft
src/main/java/zmaster587/advancedRocketry/block/BlockRocketMotor.java,javax.annotation.Nonnull,javax.annotation.Nonnull,jdk
src/main/java/zmaster587/advancedRocketry/block/BlockRocketMotor.java,net.minecraft.block.material.Material,net.minecraft.block,minecraft
src/main/java/zmaster587/advancedRocketry/block/BlockRocketMotor.java,net.minecraft.block.state.IBlockState,net.minecraft.block,minecraft
src/main/java/zmaster587/advancedRocketry/block/BlockRocketMotor.java,net.minecraft.entity.EntityLivingBase,net.minecraft.entity,minecraft
src/main/java/zmaster587/advancedRocketry/block/BlockRocketMotor.java,net.minecraft.item.ItemStack,net.minecraft.item,minecraft
src/main/java/zmaster587/advancedRocketry/block/BlockRocketMotor.java,net.minecraft.util.EnumFacing,net.minecraft.util,minecraft
src/main/java/zmaster587/advancedRocketry/block/BlockRocketMotor.java,net.minecraft.util.math.BlockPos,net.minecraft.util,minecraft
src/main/java/zmaster587/advancedRocketry/block/BlockRocketMotor.java,net.minecraft.world.World,net.minecraft.world,minecraft
src/main/java/zmaster587/advancedRocketry/block/BlockRocketMotor.java,zmaster587.advancedRocketry.api.IRocketEngine,zmaster587.advancedRocketry.api,upstream_internal
src/main/java/zmaster587/advancedRocketry/block/BlockRocketMotor.java,zmaster587.libVulpes.block.BlockFullyRotatable,zmaster587.libVulpes.block,libvulpes
src/main/java/zmaster587/advancedRocketry/block/BlockSeal.java,java.util.HashMap,java.util.HashMap,jdk
src/main/java/zmaster587/advancedRocketry/block/BlockSeal.java,java.util.LinkedList,java.util.LinkedList,jdk
src/main/java/zmaster587/advancedRocketry/block/BlockSeal.java,javax.annotation.Nonnull,javax.annotation.Nonnull,jdk
src/main/java/zmaster587/advancedRocketry/block/BlockSeal.java,javax.annotation.Nullable,javax.annotation.Nullable,jdk
src/main/java/zmaster587/advancedRocketry/block/BlockSeal.java,javax.annotation.ParametersAreNonnullByDefault,javax.annotation.ParametersAreNonnullByDefault,jdk
src/main/java/zmaster587/advancedRocketry/block/BlockSeal.java,net.minecraft.block.Block,net.minecraft.block,minecraft
src/main/java/zmaster587/advancedRocketry/block/BlockSeal.java,net.minecraft.block.material.Material,net.minecraft.block,minecraft
src/main/java/zmaster587/advancedRocketry/block/BlockSeal.java,net.minecraft.block.state.IBlockState,net.minecraft.block,minecraft
src/main/java/zmaster587/advancedRocketry/block/BlockSeal.java,net.minecraft.tileentity.TileEntity,net.minecraft.tileentity,minecraft
src/main/java/zmaster587/advancedRocketry/block/BlockSeal.java,net.minecraft.util.EnumFacing,net.minecraft.util,minecraft
src/main/java/zmaster587/advancedRocketry/block/BlockSeal.java,net.minecraft.util.math.BlockPos,net.minecraft.util,minecraft
src/main/java/zmaster587/advancedRocketry/block/BlockSeal.java,net.minecraft.world.World,net.minecraft.world,minecraft
src/main/java/zmaster587/advancedRocketry/block/BlockSeal.java,zmaster587.advancedRocketry.api.AreaBlob,zmaster587.advancedRocketry.api,upstream_internal
src/main/java/zmaster587/advancedRocketry/block/BlockSeal.java,zmaster587.advancedRocketry.api.util.IBlobHandler,zmaster587.advancedRocketry.api,upstream_internal
src/main/java/zmaster587/advancedRocketry/block/BlockSeal.java,zmaster587.advancedRocketry.atmosphere.AtmosphereHandler,zmaster587.advancedRocketry.atmosphere,upstream_internal
src/main/java/zmaster587/advancedRocketry/block/BlockSeal.java,zmaster587.advancedRocketry.tile.atmosphere.TileSeal,zmaster587.advancedRocketry.tile,upstream_internal
src/main/java/zmaster587/advancedRocketry/block/BlockSeal.java,zmaster587.libVulpes.util.HashedBlockPosition,zmaster587.libVulpes.util,libvulpes
src/main/java/zmaster587/advancedRocketry/block/BlockSeat.java,java.util.List,java.util.List,jdk
src/main/java/zmaster587/advancedRocketry/block/BlockSeat.java,javax.annotation.Nonnull,javax.annotation.Nonnull,jdk
src/main/java/zmaster587/advancedRocketry/block/BlockSeat.java,javax.annotation.Nullable,javax.annotation.Nullable,jdk
src/main/java/zmaster587/advancedRocketry/block/BlockSeat.java,javax.annotation.ParametersAreNullableByDefault,javax.annotation.ParametersAreNullableByDefault,jdk
src/main/java/zmaster587/advancedRocketry/block/BlockSeat.java,net.minecraft.block.Block,net.minecraft.block,minecraft
src/main/java/zmaster587/advancedRocketry/block/BlockSeat.java,net.minecraft.block.material.Material,net.minecraft.block,minecraft
src/main/java/zmaster587/advancedRocketry/block/BlockSeat.java,net.minecraft.block.state.IBlockState,net.minecraft.block,minecraft
src/main/java/zmaster587/advancedRocketry/block/BlockSeat.java,net.minecraft.entity.Entity,net.minecraft.entity,minecraft
src/main/java/zmaster587/advancedRocketry/block/BlockSeat.java,net.minecraft.entity.player.EntityPlayer,net.minecraft.entity,minecraft
src/main/java/zmaster587/advancedRocketry/block/BlockSeat.java,net.minecraft.util.BlockRenderLayer,net.minecraft.util,minecraft
src/main/java/zmaster587/advancedRocketry/block/BlockSeat.java,net.minecraft.util.EnumFacing,net.minecraft.util,minecraft
src/main/java/zmaster587/advancedRocketry/block/BlockSeat.java,net.minecraft.util.EnumHand,net.minecraft.util,minecraft
src/main/java/zmaster587/advancedRocketry/block/BlockSeat.java,net.minecraft.util.math.AxisAlignedBB,net.minecraft.util,minecraft
src/main/java/zmaster587/advancedRocketry/block/BlockSeat.java,net.minecraft.util.math.BlockPos,net.minecraft.util,minecraft
src/main/java/zmaster587/advancedRocketry/block/BlockSeat.java,net.minecraft.world.Explosion,net.minecraft.world,minecraft
src/main/java/zmaster587/advancedRocketry/block/BlockSeat.java,net.minecraft.world.IBlockAccess,net.minecraft.world,minecraft
src/main/java/zmaster587/advancedRocketry/block/BlockSeat.java,net.minecraft.world.World,net.minecraft.world,minecraft
src/main/java/zmaster587/advancedRocketry/block/BlockSeat.java,zmaster587.advancedRocketry.entity.EntityDummy,zmaster587.advancedRocketry.entity,upstream_internal
src/main/java/zmaster587/advancedRocketry/block/BlockSmallPlatePress.java,com.google.common.collect.Lists,com.google.common,third_party
src/main/java/zmaster587/advancedRocketry/block/BlockSmallPlatePress.java,com.mojang.realmsclient.gui.ChatFormatting,com.mojang.realmsclient,third_party
src/main/java/zmaster587/advancedRocketry/block/BlockSmallPlatePress.java,java.util.List,java.util.List,jdk
src/main/java/zmaster587/advancedRocketry/block/BlockSmallPlatePress.java,javax.annotation.Nonnull,javax.annotation.Nonnull,jdk
src/main/java/zmaster587/advancedRocketry/block/BlockSmallPlatePress.java,javax.annotation.ParametersAreNonnullByDefault,javax.annotation.ParametersAreNonnullByDefault,jdk
src/main/java/zmaster587/advancedRocketry/block/BlockSmallPlatePress.java,net.minecraft.block.*,net.minecraft.block,minecraft
src/main/java/zmaster587/advancedRocketry/block/BlockSmallPlatePress.java,net.minecraft.block.state.BlockPistonStructureHelper,net.minecraft.block,minecraft
src/main/java/zmaster587/advancedRocketry/block/BlockSmallPlatePress.java,net.minecraft.block.state.IBlockState,net.minecraft.block,minecraft
src/main/java/zmaster587/advancedRocketry/block/BlockSmallPlatePress.java,net.minecraft.client.util.ITooltipFlag,net.minecraft.client,client_api
src/main/java/zmaster587/advancedRocketry/block/BlockSmallPlatePress.java,net.minecraft.entity.EntityLivingBase,net.minecraft.entity,minecraft
src/main/java/zmaster587/advancedRocketry/block/BlockSmallPlatePress.java,net.minecraft.entity.item.EntityItem,net.minecraft.entity,minecraft
src/main/java/zmaster587/advancedRocketry/block/BlockSmallPlatePress.java,net.minecraft.init.Blocks,net.minecraft.init,minecraft
src/main/java/zmaster587/advancedRocketry/block/BlockSmallPlatePress.java,net.minecraft.init.Items,net.minecraft.init,minecraft
src/main/java/zmaster587/advancedRocketry/block/BlockSmallPlatePress.java,net.minecraft.init.SoundEvents,net.minecraft.init,minecraft
src/main/java/zmaster587/advancedRocketry/block/BlockSmallPlatePress.java,net.minecraft.item.Item,net.minecraft.item,minecraft
src/main/java/zmaster587/advancedRocketry/block/BlockSmallPlatePress.java,net.minecraft.item.ItemStack,net.minecraft.item,minecraft
src/main/java/zmaster587/advancedRocketry/block/BlockSmallPlatePress.java,net.minecraft.util.EnumFacing,net.minecraft.util,minecraft
src/main/java/zmaster587/advancedRocketry/block/BlockSmallPlatePress.java,net.minecraft.util.SoundCategory,net.minecraft.util,minecraft
src/main/java/zmaster587/advancedRocketry/block/BlockSmallPlatePress.java,net.minecraft.util.math.BlockPos,net.minecraft.util,minecraft
src/main/java/zmaster587/advancedRocketry/block/BlockSmallPlatePress.java,net.minecraft.world.World,net.minecraft.world,minecraft
src/main/java/zmaster587/advancedRocketry/block/BlockSmallPlatePress.java,net.minecraftforge.fml.relauncher.Side,net.minecraftforge.fml,minecraft
src/main/java/zmaster587/advancedRocketry/block/BlockSmallPlatePress.java,net.minecraftforge.fml.relauncher.SideOnly,net.minecraftforge.fml,minecraft
src/main/java/zmaster587/advancedRocketry/block/BlockSmallPlatePress.java,zmaster587.libVulpes.LibVulpes,zmaster587.libVulpes.LibVulpes,libvulpes
src/main/java/zmaster587/advancedRocketry/block/BlockSmallPlatePress.java,zmaster587.libVulpes.interfaces.IRecipe,zmaster587.libVulpes.interfaces,libvulpes
src/main/java/zmaster587/advancedRocketry/block/BlockSmallPlatePress.java,zmaster587.libVulpes.recipe.RecipesMachine,zmaster587.libVulpes.recipe,libvulpes
src/main/java/zmaster587/advancedRocketry/block/BlockSolarGenerator.java,net.minecraft.block.state.IBlockState,net.minecraft.block,minecraft
src/main/java/zmaster587/advancedRocketry/block/BlockSolarGenerator.java,net.minecraft.tileentity.TileEntity,net.minecraft.tileentity,minecraft
src/main/java/zmaster587/advancedRocketry/block/BlockSolarGenerator.java,zmaster587.libVulpes.block.BlockTile,zmaster587.libVulpes.block,libvulpes
src/main/java/zmaster587/advancedRocketry/block/BlockStationModuleDockingPort.java,javax.annotation.Nonnull,javax.annotation.Nonnull,jdk
src/main/java/zmaster587/advancedRocketry/block/BlockStationModuleDockingPort.java,javax.annotation.ParametersAreNonnullByDefault,javax.annotation.ParametersAreNonnullByDefault,jdk
src/main/java/zmaster587/advancedRocketry/block/BlockStationModuleDockingPort.java,javax.annotation.ParametersAreNullableByDefault,javax.annotation.ParametersAreNullableByDefault,jdk
src/main/java/zmaster587/advancedRocketry/block/BlockStationModuleDockingPort.java,net.minecraft.block.material.Material,net.minecraft.block,minecraft
src/main/java/zmaster587/advancedRocketry/block/BlockStationModuleDockingPort.java,net.minecraft.block.state.IBlockState,net.minecraft.block,minecraft
src/main/java/zmaster587/advancedRocketry/block/BlockStationModuleDockingPort.java,net.minecraft.entity.EntityLivingBase,net.minecraft.entity,minecraft
src/main/java/zmaster587/advancedRocketry/block/BlockStationModuleDockingPort.java,net.minecraft.entity.player.EntityPlayer,net.minecraft.entity,minecraft
src/main/java/zmaster587/advancedRocketry/block/BlockStationModuleDockingPort.java,net.minecraft.item.ItemStack,net.minecraft.item,minecraft
src/main/java/zmaster587/advancedRocketry/block/BlockStationModuleDockingPort.java,net.minecraft.tileentity.TileEntity,net.minecraft.tileentity,minecraft
src/main/java/zmaster587/advancedRocketry/block/BlockStationModuleDockingPort.java,net.minecraft.util.EnumFacing,net.minecraft.util,minecraft
src/main/java/zmaster587/advancedRocketry/block/BlockStationModuleDockingPort.java,net.minecraft.util.EnumHand,net.minecraft.util,minecraft
src/main/java/zmaster587/advancedRocketry/block/BlockStationModuleDockingPort.java,net.minecraft.util.math.BlockPos,net.minecraft.util,minecraft
src/main/java/zmaster587/advancedRocketry/block/BlockStationModuleDockingPort.java,net.minecraft.world.World,net.minecraft.world,minecraft
src/main/java/zmaster587/advancedRocketry/block/BlockStationModuleDockingPort.java,zmaster587.advancedRocketry.tile.station.TileDockingPort,zmaster587.advancedRocketry.tile,upstream_internal
src/main/java/zmaster587/advancedRocketry/block/BlockStationModuleDockingPort.java,zmaster587.advancedRocketry.tile.station.TileLandingPad,zmaster587.advancedRocketry.tile,upstream_internal
src/main/java/zmaster587/advancedRocketry/block/BlockStationModuleDockingPort.java,zmaster587.libVulpes.LibVulpes,zmaster587.libVulpes.LibVulpes,libvulpes
src/main/java/zmaster587/advancedRocketry/block/BlockStationModuleDockingPort.java,zmaster587.libVulpes.block.BlockFullyRotatable,zmaster587.libVulpes.block,libvulpes
src/main/java/zmaster587/advancedRocketry/block/BlockStationModuleDockingPort.java,zmaster587.libVulpes.inventory.GuiHandler,zmaster587.libVulpes.inventory,libvulpes
src/main/java/zmaster587/advancedRocketry/block/BlockSuitWorkstation.java,net.minecraft.block.state.IBlockState,net.minecraft.block,minecraft
src/main/java/zmaster587/advancedRocketry/block/BlockSuitWorkstation.java,net.minecraft.entity.item.EntityItem,net.minecraft.entity,minecraft
src/main/java/zmaster587/advancedRocketry/block/BlockSuitWorkstation.java,net.minecraft.inventory.IInventory,net.minecraft.inventory,minecraft
src/main/java/zmaster587/advancedRocketry/block/BlockSuitWorkstation.java,net.minecraft.item.ItemStack,net.minecraft.item,minecraft
src/main/java/zmaster587/advancedRocketry/block/BlockSuitWorkstation.java,net.minecraft.tileentity.TileEntity,net.minecraft.tileentity,minecraft
src/main/java/zmaster587/advancedRocketry/block/BlockSuitWorkstation.java,net.minecraft.util.math.BlockPos,net.minecraft.util,minecraft
src/main/java/zmaster587/advancedRocketry/block/BlockSuitWorkstation.java,net.minecraft.world.World,net.minecraft.world,minecraft
src/main/java/zmaster587/advancedRocketry/block/BlockSuitWorkstation.java,zmaster587.libVulpes.block.BlockTile,zmaster587.libVulpes.block,libvulpes
src/main/java/zmaster587/advancedRocketry/block/BlockThermiteTorch.java,net.minecraft.block.BlockTorch,net.minecraft.block,minecraft
src/main/java/zmaster587/advancedRocketry/block/BlockTileNeighborUpdate.java,net.minecraft.tileentity.TileEntity,net.minecraft.tileentity,minecraft
src/main/java/zmaster587/advancedRocketry/block/BlockTileNeighborUpdate.java,net.minecraft.util.math.BlockPos,net.minecraft.util,minecraft
src/main/java/zmaster587/advancedRocketry/block/BlockTileNeighborUpdate.java,net.minecraft.world.IBlockAccess,net.minecraft.world,minecraft
src/main/java/zmaster587/advancedRocketry/block/BlockTileNeighborUpdate.java,zmaster587.libVulpes.block.BlockTileComparatorOverride,zmaster587.libVulpes.block,libvulpes
src/main/java/zmaster587/advancedRocketry/block/BlockTileNeighborUpdate.java,zmaster587.libVulpes.util.IAdjBlockUpdate,zmaster587.libVulpes.util,libvulpes
src/main/java/zmaster587/advancedRocketry/block/BlockTileRedstoneEmitter.java,net.minecraft.block.state.IBlockState,net.minecraft.block,minecraft
src/main/java/zmaster587/advancedRocketry/block/BlockTileRedstoneEmitter.java,net.minecraft.tileentity.TileEntity,net.minecraft.tileentity,minecraft
src/main/java/zmaster587/advancedRocketry/block/BlockTileRedstoneEmitter.java,net.minecraft.util.EnumFacing,net.minecraft.util,minecraft
src/main/java/zmaster587/advancedRocketry/block/BlockTileRedstoneEmitter.java,net.minecraft.util.math.BlockPos,net.minecraft.util,minecraft
src/main/java/zmaster587/advancedRocketry/block/BlockTileRedstoneEmitter.java,net.minecraft.world.IBlockAccess,net.minecraft.world,minecraft
src/main/java/zmaster587/advancedRocketry/block/BlockTileRedstoneEmitter.java,net.minecraft.world.World,net.minecraft.world,minecraft
src/main/java/zmaster587/advancedRocketry/block/BlockTileRedstoneEmitter.java,zmaster587.libVulpes.block.BlockTile,zmaster587.libVulpes.block,libvulpes
src/main/java/zmaster587/advancedRocketry/block/BlockTileWithMultitooltip.java,com.mojang.realmsclient.gui.ChatFormatting,com.mojang.realmsclient,third_party
src/main/java/zmaster587/advancedRocketry/block/BlockTileWithMultitooltip.java,java.util.List,java.util.List,jdk
src/main/java/zmaster587/advancedRocketry/block/BlockTileWithMultitooltip.java,javax.annotation.Nonnull,javax.annotation.Nonnull,jdk
src/main/java/zmaster587/advancedRocketry/block/BlockTileWithMultitooltip.java,net.minecraft.client.util.ITooltipFlag,net.minecraft.client,client_api
src/main/java/zmaster587/advancedRocketry/block/BlockTileWithMultitooltip.java,net.minecraft.item.ItemStack,net.minecraft.item,minecraft
src/main/java/zmaster587/advancedRocketry/block/BlockTileWithMultitooltip.java,net.minecraft.tileentity.TileEntity,net.minecraft.tileentity,minecraft
src/main/java/zmaster587/advancedRocketry/block/BlockTileWithMultitooltip.java,net.minecraft.world.World,net.minecraft.world,minecraft
src/main/java/zmaster587/advancedRocketry/block/BlockTileWithMultitooltip.java,net.minecraftforge.fml.relauncher.Side,net.minecraftforge.fml,minecraft
src/main/java/zmaster587/advancedRocketry/block/BlockTileWithMultitooltip.java,net.minecraftforge.fml.relauncher.SideOnly,net.minecraftforge.fml,minecraft
src/main/java/zmaster587/advancedRocketry/block/BlockTileWithMultitooltip.java,zmaster587.libVulpes.LibVulpes,zmaster587.libVulpes.LibVulpes,libvulpes
src/main/java/zmaster587/advancedRocketry/block/BlockTileWithMultitooltip.java,zmaster587.libVulpes.block.BlockTile,zmaster587.libVulpes.block,libvulpes
src/main/java/zmaster587/advancedRocketry/block/BlockTorchUnlit.java,java.util.ArrayList,java.util.ArrayList,jdk
src/main/java/zmaster587/advancedRocketry/block/BlockTorchUnlit.java,java.util.List,java.util.List,jdk
src/main/java/zmaster587/advancedRocketry/block/BlockTorchUnlit.java,java.util.Random,java.util.Random,jdk
src/main/java/zmaster587/advancedRocketry/block/BlockTorchUnlit.java,javax.annotation.Nonnull,javax.annotation.Nonnull,jdk
src/main/java/zmaster587/advancedRocketry/block/BlockTorchUnlit.java,javax.annotation.Nullable,javax.annotation.Nullable,jdk
src/main/java/zmaster587/advancedRocketry/block/BlockTorchUnlit.java,javax.annotation.ParametersAreNonnullByDefault,javax.annotation.ParametersAreNonnullByDefault,jdk
src/main/java/zmaster587/advancedRocketry/block/BlockTorchUnlit.java,javax.annotation.ParametersAreNullableByDefault,javax.annotation.ParametersAreNullableByDefault,jdk
src/main/java/zmaster587/advancedRocketry/block/BlockTorchUnlit.java,net.minecraft.block.BlockTorch,net.minecraft.block,minecraft
src/main/java/zmaster587/advancedRocketry/block/BlockTorchUnlit.java,net.minecraft.block.state.IBlockState,net.minecraft.block,minecraft
src/main/java/zmaster587/advancedRocketry/block/BlockTorchUnlit.java,net.minecraft.entity.player.EntityPlayer,net.minecraft.entity,minecraft
src/main/java/zmaster587/advancedRocketry/block/BlockTorchUnlit.java,net.minecraft.init.Blocks,net.minecraft.init,minecraft
src/main/java/zmaster587/advancedRocketry/block/BlockTorchUnlit.java,net.minecraft.init.Items,net.minecraft.init,minecraft
src/main/java/zmaster587/advancedRocketry/block/BlockTorchUnlit.java,net.minecraft.item.Item,net.minecraft.item,minecraft
src/main/java/zmaster587/advancedRocketry/block/BlockTorchUnlit.java,net.minecraft.item.ItemStack,net.minecraft.item,minecraft
src/main/java/zmaster587/advancedRocketry/block/BlockTorchUnlit.java,net.minecraft.util.EnumFacing,net.minecraft.util,minecraft
src/main/java/zmaster587/advancedRocketry/block/BlockTorchUnlit.java,net.minecraft.util.EnumHand,net.minecraft.util,minecraft
src/main/java/zmaster587/advancedRocketry/block/BlockTorchUnlit.java,net.minecraft.util.math.BlockPos,net.minecraft.util,minecraft
src/main/java/zmaster587/advancedRocketry/block/BlockTorchUnlit.java,net.minecraft.util.math.RayTraceResult,net.minecraft.util,minecraft
src/main/java/zmaster587/advancedRocketry/block/BlockTorchUnlit.java,net.minecraft.world.IBlockAccess,net.minecraft.world,minecraft
src/main/java/zmaster587/advancedRocketry/block/BlockTorchUnlit.java,net.minecraft.world.World,net.minecraft.world,minecraft
src/main/java/zmaster587/advancedRocketry/block/BlockTorchUnlit.java,zmaster587.advancedRocketry.api.ARConfiguration,zmaster587.advancedRocketry.api,upstream_internal
src/main/java/zmaster587/advancedRocketry/block/BlockTorchUnlit.java,zmaster587.advancedRocketry.api.AdvancedRocketryBlocks,zmaster587.advancedRocketry.api,upstream_internal
src/main/java/zmaster587/advancedRocketry/block/BlockTorchUnlit.java,zmaster587.advancedRocketry.atmosphere.AtmosphereHandler,zmaster587.advancedRocketry.atmosphere,upstream_internal
src/main/java/zmaster587/advancedRocketry/block/BlockTransciever.java,net.minecraft.block.state.IBlockState,net.minecraft.block,minecraft
src/main/java/zmaster587/advancedRocketry/block/BlockTransciever.java,net.minecraft.tileentity.TileEntity,net.minecraft.tileentity,minecraft
src/main/java/zmaster587/advancedRocketry/block/BlockTransciever.java,net.minecraft.util.math.AxisAlignedBB,net.minecraft.util,minecraft
src/main/java/zmaster587/advancedRocketry/block/BlockTransciever.java,net.minecraft.util.math.BlockPos,net.minecraft.util,minecraft
src/main/java/zmaster587/advancedRocketry/block/BlockTransciever.java,net.minecraft.world.IBlockAccess,net.minecraft.world,minecraft
src/main/java/zmaster587/advancedRocketry/block/BlockTransciever.java,zmaster587.libVulpes.block.BlockTile,zmaster587.libVulpes.block,libvulpes
src/main/java/zmaster587/advancedRocketry/block/BlockWarpController.java,javax.annotation.Nonnull,javax.annotation.Nonnull,jdk
src/main/java/zmaster587/advancedRocketry/block/BlockWarpController.java,net.minecraft.block.state.IBlockState,net.minecraft.block,minecraft
src/main/java/zmaster587/advancedRocketry/block/BlockWarpController.java,net.minecraft.entity.EntityLivingBase,net.minecraft.entity,minecraft
src/main/java/zmaster587/advancedRocketry/block/BlockWarpController.java,net.minecraft.item.ItemStack,net.minecraft.item,minecraft
src/main/java/zmaster587/advancedRocketry/block/BlockWarpController.java,net.minecraft.tileentity.TileEntity,net.minecraft.tileentity,minecraft
src/main/java/zmaster587/advancedRocketry/block/BlockWarpController.java,net.minecraft.util.math.BlockPos,net.minecraft.util,minecraft
src/main/java/zmaster587/advancedRocketry/block/BlockWarpController.java,net.minecraft.world.World,net.minecraft.world,minecraft
src/main/java/zmaster587/advancedRocketry/block/BlockWarpController.java,zmaster587.advancedRocketry.api.stations.ISpaceObject,zmaster587.advancedRocketry.api,upstream_internal
src/main/java/zmaster587/advancedRocketry/block/BlockWarpController.java,zmaster587.advancedRocketry.stations.SpaceObjectManager,zmaster587.advancedRocketry.stations,upstream_internal
src/main/java/zmaster587/advancedRocketry/block/BlockWarpController.java,zmaster587.advancedRocketry.stations.SpaceStationObject,zmaster587.advancedRocketry.stations,upstream_internal
src/main/java/zmaster587/advancedRocketry/block/BlockWarpController.java,zmaster587.libVulpes.block.BlockTile,zmaster587.libVulpes.block,libvulpes
src/main/java/zmaster587/advancedRocketry/block/BlockWarpCore.java,javax.annotation.Nonnull,javax.annotation.Nonnull,jdk
src/main/java/zmaster587/advancedRocketry/block/BlockWarpCore.java,net.minecraft.block.state.IBlockState,net.minecraft.block,minecraft
src/main/java/zmaster587/advancedRocketry/block/BlockWarpCore.java,net.minecraft.entity.EntityLivingBase,net.minecraft.entity,minecraft
src/main/java/zmaster587/advancedRocketry/block/BlockWarpCore.java,net.minecraft.item.ItemStack,net.minecraft.item,minecraft
src/main/java/zmaster587/advancedRocketry/block/BlockWarpCore.java,net.minecraft.util.math.BlockPos,net.minecraft.util,minecraft
src/main/java/zmaster587/advancedRocketry/block/BlockWarpCore.java,net.minecraft.world.World,net.minecraft.world,minecraft
src/main/java/zmaster587/advancedRocketry/block/BlockWarpCore.java,zmaster587.advancedRocketry.api.ARConfiguration,zmaster587.advancedRocketry.api,upstream_internal
src/main/java/zmaster587/advancedRocketry/block/BlockWarpCore.java,zmaster587.advancedRocketry.api.stations.ISpaceObject,zmaster587.advancedRocketry.api,upstream_internal
src/main/java/zmaster587/advancedRocketry/block/BlockWarpCore.java,zmaster587.advancedRocketry.stations.SpaceObjectManager,zmaster587.advancedRocketry.stations,upstream_internal
src/main/java/zmaster587/advancedRocketry/block/BlockWarpCore.java,zmaster587.advancedRocketry.stations.SpaceStationObject,zmaster587.advancedRocketry.stations,upstream_internal
src/main/java/zmaster587/advancedRocketry/block/BlockWarpCore.java,zmaster587.libVulpes.block.multiblock.BlockMultiblockMachine,zmaster587.libVulpes.block,libvulpes
src/main/java/zmaster587/advancedRocketry/block/BlockWarpCore.java,zmaster587.libVulpes.tile.multiblock.TileMultiBlock,zmaster587.libVulpes.tile,libvulpes
src/main/java/zmaster587/advancedRocketry/block/BlockWarpCore.java,zmaster587.libVulpes.util.HashedBlockPosition,zmaster587.libVulpes.util,libvulpes
src/main/java/zmaster587/advancedRocketry/block/CrystalColorizer.java,javax.annotation.Nonnull,javax.annotation.Nonnull,jdk
src/main/java/zmaster587/advancedRocketry/block/CrystalColorizer.java,net.minecraft.block.state.IBlockState,net.minecraft.block,minecraft
src/main/java/zmaster587/advancedRocketry/block/CrystalColorizer.java,net.minecraft.client.renderer.color.IBlockColor,net.minecraft.client,client_api
src/main/java/zmaster587/advancedRocketry/block/CrystalColorizer.java,net.minecraft.client.renderer.color.IItemColor,net.minecraft.client,client_api
src/main/java/zmaster587/advancedRocketry/block/CrystalColorizer.java,net.minecraft.item.ItemStack,net.minecraft.item,minecraft
src/main/java/zmaster587/advancedRocketry/block/CrystalColorizer.java,net.minecraft.util.math.BlockPos,net.minecraft.util,minecraft
src/main/java/zmaster587/advancedRocketry/block/CrystalColorizer.java,net.minecraft.world.IBlockAccess,net.minecraft.world,minecraft
src/main/java/zmaster587/advancedRocketry/block/cable/BlockDataCable.java,net.minecraft.block.material.Material,net.minecraft.block,minecraft
src/main/java/zmaster587/advancedRocketry/block/cable/BlockDataCable.java,net.minecraft.block.state.IBlockState,net.minecraft.block,minecraft
src/main/java/zmaster587/advancedRocketry/block/cable/BlockDataCable.java,net.minecraft.tileentity.TileEntity,net.minecraft.tileentity,minecraft
src/main/java/zmaster587/advancedRocketry/block/cable/BlockDataCable.java,net.minecraft.world.World,net.minecraft.world,minecraft
src/main/java/zmaster587/advancedRocketry/block/cable/BlockDataCable.java,zmaster587.advancedRocketry.tile.cables.TileDataPipe,zmaster587.advancedRocketry.tile,upstream_internal
src/main/java/zmaster587/advancedRocketry/block/cable/BlockEnergyCable.java,net.minecraft.block.material.Material,net.minecraft.block,minecraft
src/main/java/zmaster587/advancedRocketry/block/cable/BlockEnergyCable.java,net.minecraft.block.state.IBlockState,net.minecraft.block,minecraft
src/main/java/zmaster587/advancedRocketry/block/cable/BlockEnergyCable.java,net.minecraft.tileentity.TileEntity,net.minecraft.tileentity,minecraft
src/main/java/zmaster587/advancedRocketry/block/cable/BlockEnergyCable.java,net.minecraft.world.World,net.minecraft.world,minecraft
src/main/java/zmaster587/advancedRocketry/block/cable/BlockEnergyCable.java,zmaster587.advancedRocketry.tile.cables.TileEnergyPipe,zmaster587.advancedRocketry.tile,upstream_internal
src/main/java/zmaster587/advancedRocketry/block/cable/BlockLiquidPipe.java,net.minecraft.block.material.Material,net.minecraft.block,minecraft
src/main/java/zmaster587/advancedRocketry/block/cable/BlockLiquidPipe.java,net.minecraft.block.state.IBlockState,net.minecraft.block,minecraft
src/main/java/zmaster587/advancedRocketry/block/cable/BlockLiquidPipe.java,net.minecraft.tileentity.TileEntity,net.minecraft.tileentity,minecraft
src/main/java/zmaster587/advancedRocketry/block/cable/BlockLiquidPipe.java,net.minecraft.world.World,net.minecraft.world,minecraft
src/main/java/zmaster587/advancedRocketry/block/cable/BlockLiquidPipe.java,zmaster587.advancedRocketry.tile.cables.TileLiquidPipe,zmaster587.advancedRocketry.tile,upstream_internal
src/main/java/zmaster587/advancedRocketry/block/cable/BlockPipe.java,java.util.Random,java.util.Random,jdk
src/main/java/zmaster587/advancedRocketry/block/cable/BlockPipe.java,javax.annotation.Nonnull,javax.annotation.Nonnull,jdk
src/main/java/zmaster587/advancedRocketry/block/cable/BlockPipe.java,javax.annotation.ParametersAreNullableByDefault,javax.annotation.ParametersAreNullableByDefault,jdk
src/main/java/zmaster587/advancedRocketry/block/cable/BlockPipe.java,net.minecraft.block.Block,net.minecraft.block,minecraft
src/main/java/zmaster587/advancedRocketry/block/cable/BlockPipe.java,net.minecraft.block.material.Material,net.minecraft.block,minecraft
src/main/java/zmaster587/advancedRocketry/block/cable/BlockPipe.java,net.minecraft.block.state.IBlockState,net.minecraft.block,minecraft
src/main/java/zmaster587/advancedRocketry/block/cable/BlockPipe.java,net.minecraft.entity.EntityLivingBase,net.minecraft.entity,minecraft
src/main/java/zmaster587/advancedRocketry/block/cable/BlockPipe.java,net.minecraft.item.ItemStack,net.minecraft.item,minecraft
src/main/java/zmaster587/advancedRocketry/block/cable/BlockPipe.java,net.minecraft.tileentity.TileEntity,net.minecraft.tileentity,minecraft
src/main/java/zmaster587/advancedRocketry/block/cable/BlockPipe.java,net.minecraft.util.EnumFacing,net.minecraft.util,minecraft
src/main/java/zmaster587/advancedRocketry/block/cable/BlockPipe.java,net.minecraft.util.math.AxisAlignedBB,net.minecraft.util,minecraft
src/main/java/zmaster587/advancedRocketry/block/cable/BlockPipe.java,net.minecraft.util.math.BlockPos,net.minecraft.util,minecraft
src/main/java/zmaster587/advancedRocketry/block/cable/BlockPipe.java,net.minecraft.world.IBlockAccess,net.minecraft.world,minecraft
src/main/java/zmaster587/advancedRocketry/block/cable/BlockPipe.java,net.minecraft.world.World,net.minecraft.world,minecraft
src/main/java/zmaster587/advancedRocketry/block/cable/BlockPipe.java,zmaster587.advancedRocketry.tile.cables.TileDataPipe,zmaster587.advancedRocketry.tile,upstream_internal
src/main/java/zmaster587/advancedRocketry/block/cable/BlockPipe.java,zmaster587.advancedRocketry.tile.cables.TilePipe,zmaster587.advancedRocketry.tile,upstream_internal
src/main/java/zmaster587/advancedRocketry/block/multiblock/BlockARHatch.java,net.minecraft.block.material.Material,net.minecraft.block,minecraft
src/main/java/zmaster587/advancedRocketry/block/multiblock/BlockARHatch.java,net.minecraft.block.state.IBlockState,net.minecraft.block,minecraft
src/main/java/zmaster587/advancedRocketry/block/multiblock/BlockARHatch.java,net.minecraft.creativetab.CreativeTabs,net.minecraft.creativetab,minecraft
src/main/java/zmaster587/advancedRocketry/block/multiblock/BlockARHatch.java,net.minecraft.item.ItemStack,net.minecraft.item,minecraft
src/main/java/zmaster587/advancedRocketry/block/multiblock/BlockARHatch.java,net.minecraft.tileentity.TileEntity,net.minecraft.tileentity,minecraft
src/main/java/zmaster587/advancedRocketry/block/multiblock/BlockARHatch.java,net.minecraft.util.EnumFacing,net.minecraft.util,minecraft
src/main/java/zmaster587/advancedRocketry/block/multiblock/BlockARHatch.java,net.minecraft.util.NonNullList,net.minecraft.util,minecraft
src/main/java/zmaster587/advancedRocketry/block/multiblock/BlockARHatch.java,net.minecraft.util.math.BlockPos,net.minecraft.util,minecraft
src/main/java/zmaster587/advancedRocketry/block/multiblock/BlockARHatch.java,net.minecraft.world.IBlockAccess,net.minecraft.world,minecraft
src/main/java/zmaster587/advancedRocketry/block/multiblock/BlockARHatch.java,net.minecraft.world.World,net.minecraft.world,minecraft
src/main/java/zmaster587/advancedRocketry/block/multiblock/BlockARHatch.java,zmaster587.advancedRocketry.tile.hatch.TileDataBus,zmaster587.advancedRocketry.tile,upstream_internal
src/main/java/zmaster587/advancedRocketry/block/multiblock/BlockARHatch.java,zmaster587.advancedRocketry.tile.hatch.TileSatelliteHatch,zmaster587.advancedRocketry.tile,upstream_internal
src/main/java/zmaster587/advancedRocketry/block/multiblock/BlockARHatch.java,zmaster587.advancedRocketry.tile.infrastructure.*,zmaster587.advancedRocketry.tile,upstream_internal
src/main/java/zmaster587/advancedRocketry/block/multiblock/BlockARHatch.java,zmaster587.libVulpes.block.multiblock.BlockHatch,zmaster587.libVulpes.block,libvulpes
src/main/java/zmaster587/advancedRocketry/block/multiblock/BlockARHatch.java,zmaster587.libVulpes.tile.TilePointer,zmaster587.libVulpes.tile,libvulpes
src/main/java/zmaster587/advancedRocketry/block/plant/BlockLightwoodLeaves.java,java.util.List,java.util.List,jdk
src/main/java/zmaster587/advancedRocketry/block/plant/BlockLightwoodLeaves.java,java.util.Random,java.util.Random,jdk
src/main/java/zmaster587/advancedRocketry/block/plant/BlockLightwoodLeaves.java,javax.annotation.Nonnull,javax.annotation.Nonnull,jdk
src/main/java/zmaster587/advancedRocketry/block/plant/BlockLightwoodLeaves.java,javax.annotation.ParametersAreNonnullByDefault,javax.annotation.ParametersAreNonnullByDefault,jdk
src/main/java/zmaster587/advancedRocketry/block/plant/BlockLightwoodLeaves.java,net.minecraft.block.BlockLeaves,net.minecraft.block,minecraft
src/main/java/zmaster587/advancedRocketry/block/plant/BlockLightwoodLeaves.java,net.minecraft.block.BlockPlanks.EnumType,net.minecraft.block,minecraft
src/main/java/zmaster587/advancedRocketry/block/plant/BlockLightwoodLeaves.java,net.minecraft.block.state.BlockStateContainer,net.minecraft.block,minecraft
src/main/java/zmaster587/advancedRocketry/block/plant/BlockLightwoodLeaves.java,net.minecraft.block.state.IBlockState,net.minecraft.block,minecraft
src/main/java/zmaster587/advancedRocketry/block/plant/BlockLightwoodLeaves.java,net.minecraft.creativetab.CreativeTabs,net.minecraft.creativetab,minecraft
src/main/java/zmaster587/advancedRocketry/block/plant/BlockLightwoodLeaves.java,net.minecraft.init.Blocks,net.minecraft.init,minecraft
src/main/java/zmaster587/advancedRocketry/block/plant/BlockLightwoodLeaves.java,net.minecraft.item.Item,net.minecraft.item,minecraft
src/main/java/zmaster587/advancedRocketry/block/plant/BlockLightwoodLeaves.java,net.minecraft.item.ItemStack,net.minecraft.item,minecraft
src/main/java/zmaster587/advancedRocketry/block/plant/BlockLightwoodLeaves.java,net.minecraft.util.BlockRenderLayer,net.minecraft.util,minecraft
src/main/java/zmaster587/advancedRocketry/block/plant/BlockLightwoodLeaves.java,net.minecraft.util.EnumFacing,net.minecraft.util,minecraft
src/main/java/zmaster587/advancedRocketry/block/plant/BlockLightwoodLeaves.java,net.minecraft.util.NonNullList,net.minecraft.util,minecraft
src/main/java/zmaster587/advancedRocketry/block/plant/BlockLightwoodLeaves.java,net.minecraft.util.math.BlockPos,net.minecraft.util,minecraft
src/main/java/zmaster587/advancedRocketry/block/plant/BlockLightwoodLeaves.java,net.minecraft.world.IBlockAccess,net.minecraft.world,minecraft
src/main/java/zmaster587/advancedRocketry/block/plant/BlockLightwoodLeaves.java,net.minecraft.world.World,net.minecraft.world,minecraft
src/main/java/zmaster587/advancedRocketry/block/plant/BlockLightwoodLeaves.java,net.minecraftforge.fml.relauncher.Side,net.minecraftforge.fml,minecraft
src/main/java/zmaster587/advancedRocketry/block/plant/BlockLightwoodLeaves.java,net.minecraftforge.fml.relauncher.SideOnly,net.minecraftforge.fml,minecraft
src/main/java/zmaster587/advancedRocketry/block/plant/BlockLightwoodLeaves.java,zmaster587.advancedRocketry.api.AdvancedRocketryBlocks,zmaster587.advancedRocketry.api,upstream_internal
src/main/java/zmaster587/advancedRocketry/block/plant/BlockLightwoodPlanks.java,java.util.List,java.util.List,jdk
src/main/java/zmaster587/advancedRocketry/block/plant/BlockLightwoodPlanks.java,net.minecraft.block.Block,net.minecraft.block,minecraft
src/main/java/zmaster587/advancedRocketry/block/plant/BlockLightwoodPlanks.java,net.minecraft.block.material.MapColor,net.minecraft.block,minecraft
src/main/java/zmaster587/advancedRocketry/block/plant/BlockLightwoodPlanks.java,net.minecraft.block.material.Material,net.minecraft.block,minecraft
src/main/java/zmaster587/advancedRocketry/block/plant/BlockLightwoodPlanks.java,net.minecraft.block.properties.PropertyEnum,net.minecraft.block,minecraft
src/main/java/zmaster587/advancedRocketry/block/plant/BlockLightwoodPlanks.java,net.minecraft.block.state.BlockStateContainer,net.minecraft.block,minecraft
src/main/java/zmaster587/advancedRocketry/block/plant/BlockLightwoodPlanks.java,net.minecraft.block.state.IBlockState,net.minecraft.block,minecraft
src/main/java/zmaster587/advancedRocketry/block/plant/BlockLightwoodPlanks.java,net.minecraft.creativetab.CreativeTabs,net.minecraft.creativetab,minecraft
src/main/java/zmaster587/advancedRocketry/block/plant/BlockLightwoodPlanks.java,net.minecraft.item.Item,net.minecraft.item,minecraft
src/main/java/zmaster587/advancedRocketry/block/plant/BlockLightwoodPlanks.java,net.minecraft.item.ItemStack,net.minecraft.item,minecraft
src/main/java/zmaster587/advancedRocketry/block/plant/BlockLightwoodPlanks.java,net.minecraft.util.IStringSerializable,net.minecraft.util,minecraft
src/main/java/zmaster587/advancedRocketry/block/plant/BlockLightwoodPlanks.java,net.minecraftforge.fml.relauncher.Side,net.minecraftforge.fml,minecraft
src/main/java/zmaster587/advancedRocketry/block/plant/BlockLightwoodPlanks.java,net.minecraftforge.fml.relauncher.SideOnly,net.minecraftforge.fml,minecraft
src/main/java/zmaster587/advancedRocketry/block/plant/BlockLightwoodSapling.java,java.util.List,java.util.List,jdk
src/main/java/zmaster587/advancedRocketry/block/plant/BlockLightwoodSapling.java,java.util.Random,java.util.Random,jdk
src/main/java/zmaster587/advancedRocketry/block/plant/BlockLightwoodSapling.java,javax.annotation.Nonnull,javax.annotation.Nonnull,jdk
src/main/java/zmaster587/advancedRocketry/block/plant/BlockLightwoodSapling.java,javax.annotation.Nullable,javax.annotation.Nullable,jdk
src/main/java/zmaster587/advancedRocketry/block/plant/BlockLightwoodSapling.java,javax.annotation.ParametersAreNonnullByDefault,javax.annotation.ParametersAreNonnullByDefault,jdk
src/main/java/zmaster587/advancedRocketry/block/plant/BlockLightwoodSapling.java,javax.annotation.ParametersAreNullableByDefault,javax.annotation.ParametersAreNullableByDefault,jdk
src/main/java/zmaster587/advancedRocketry/block/plant/BlockLightwoodSapling.java,net.minecraft.block.BlockBush,net.minecraft.block,minecraft
src/main/java/zmaster587/advancedRocketry/block/plant/BlockLightwoodSapling.java,net.minecraft.block.IGrowable,net.minecraft.block,minecraft
src/main/java/zmaster587/advancedRocketry/block/plant/BlockLightwoodSapling.java,net.minecraft.block.properties.PropertyInteger,net.minecraft.block,minecraft
src/main/java/zmaster587/advancedRocketry/block/plant/BlockLightwoodSapling.java,net.minecraft.block.state.BlockStateContainer,net.minecraft.block,minecraft
src/main/java/zmaster587/advancedRocketry/block/plant/BlockLightwoodSapling.java,net.minecraft.block.state.IBlockState,net.minecraft.block,minecraft
src/main/java/zmaster587/advancedRocketry/block/plant/BlockLightwoodSapling.java,net.minecraft.creativetab.CreativeTabs,net.minecraft.creativetab,minecraft
src/main/java/zmaster587/advancedRocketry/block/plant/BlockLightwoodSapling.java,net.minecraft.item.Item,net.minecraft.item,minecraft
src/main/java/zmaster587/advancedRocketry/block/plant/BlockLightwoodSapling.java,net.minecraft.item.ItemStack,net.minecraft.item,minecraft
src/main/java/zmaster587/advancedRocketry/block/plant/BlockLightwoodSapling.java,net.minecraft.util.math.BlockPos,net.minecraft.util,minecraft
src/main/java/zmaster587/advancedRocketry/block/plant/BlockLightwoodSapling.java,net.minecraft.world.World,net.minecraft.world,minecraft
src/main/java/zmaster587/advancedRocketry/block/plant/BlockLightwoodSapling.java,net.minecraft.world.gen.feature.WorldGenerator,net.minecraft.world,minecraft
src/main/java/zmaster587/advancedRocketry/block/plant/BlockLightwoodSapling.java,net.minecraftforge.fml.relauncher.Side,net.minecraftforge.fml,minecraft
src/main/java/zmaster587/advancedRocketry/block/plant/BlockLightwoodSapling.java,net.minecraftforge.fml.relauncher.SideOnly,net.minecraftforge.fml,minecraft
src/main/java/zmaster587/advancedRocketry/block/plant/BlockLightwoodSapling.java,zmaster587.advancedRocketry.world.gen.WorldGenAlienTree,zmaster587.advancedRocketry.world,upstream_internal
src/main/java/zmaster587/advancedRocketry/block/plant/BlockLightwoodWood.java,net.minecraft.block.BlockLog,net.minecraft.block,minecraft
src/main/java/zmaster587/advancedRocketry/block/plant/BlockLightwoodWood.java,net.minecraft.block.state.BlockStateContainer,net.minecraft.block,minecraft
src/main/java/zmaster587/advancedRocketry/block/plant/BlockLightwoodWood.java,net.minecraft.block.state.IBlockState,net.minecraft.block,minecraft
src/main/java/zmaster587/advancedRocketry/block/plant/BlockLightwoodWood.java,net.minecraft.util.EnumFacing,net.minecraft.util,minecraft
src/main/java/zmaster587/advancedRocketry/block/plant/BlockLightwoodWood.java,net.minecraft.util.math.BlockPos,net.minecraft.util,minecraft
src/main/java/zmaster587/advancedRocketry/block/plant/BlockLightwoodWood.java,net.minecraft.world.IBlockAccess,net.minecraft.world,minecraft
src/main/java/zmaster587/advancedRocketry/cable/CableNetwork.java,java.util.HashSet,java.util.HashSet,jdk
src/main/java/zmaster587/advancedRocketry/cable/CableNetwork.java,java.util.Iterator,java.util.Iterator,jdk
src/main/java/zmaster587/advancedRocketry/cable/CableNetwork.java,java.util.Map.Entry,java.util.Map,jdk
src/main/java/zmaster587/advancedRocketry/cable/CableNetwork.java,java.util.Random,java.util.Random,jdk
src/main/java/zmaster587/advancedRocketry/cable/CableNetwork.java,java.util.Set,java.util.Set,jdk
src/main/java/zmaster587/advancedRocketry/cable/CableNetwork.java,java.util.concurrent.CopyOnWriteArraySet,java.util.concurrent,jdk
src/main/java/zmaster587/advancedRocketry/cable/CableNetwork.java,net.minecraft.nbt.NBTTagCompound,net.minecraft.nbt,minecraft
src/main/java/zmaster587/advancedRocketry/cable/CableNetwork.java,net.minecraft.tileentity.TileEntity,net.minecraft.tileentity,minecraft
src/main/java/zmaster587/advancedRocketry/cable/CableNetwork.java,net.minecraft.util.EnumFacing,net.minecraft.util,minecraft
src/main/java/zmaster587/advancedRocketry/cable/CableNetwork.java,zmaster587.advancedRocketry.tile.cables.TilePipe,zmaster587.advancedRocketry.tile,upstream_internal
src/main/java/zmaster587/advancedRocketry/cable/CableNetwork.java,zmaster587.libVulpes.util.SingleEntry,zmaster587.libVulpes.util,libvulpes
src/main/java/zmaster587/advancedRocketry/cable/DataNetwork.java,java.util.Iterator,java.util.Iterator,jdk
src/main/java/zmaster587/advancedRocketry/cable/DataNetwork.java,java.util.Map.Entry,java.util.Map,jdk
src/main/java/zmaster587/advancedRocketry/cable/DataNetwork.java,java.util.Random,java.util.Random,jdk
src/main/java/zmaster587/advancedRocketry/cable/DataNetwork.java,net.minecraft.tileentity.TileEntity,net.minecraft.tileentity,minecraft
src/main/java/zmaster587/advancedRocketry/cable/DataNetwork.java,net.minecraft.util.EnumFacing,net.minecraft.util,minecraft
src/main/java/zmaster587/advancedRocketry/cable/DataNetwork.java,zmaster587.advancedRocketry.api.DataStorage.DataType,zmaster587.advancedRocketry.api,upstream_internal
src/main/java/zmaster587/advancedRocketry/cable/DataNetwork.java,zmaster587.advancedRocketry.api.satellite.IDataHandler,zmaster587.advancedRocketry.api,upstream_internal
src/main/java/zmaster587/advancedRocketry/cable/EnergyNetwork.java,java.util.Iterator,java.util.Iterator,jdk
src/main/java/zmaster587/advancedRocketry/cable/EnergyNetwork.java,java.util.Map.Entry,java.util.Map,jdk
src/main/java/zmaster587/advancedRocketry/cable/EnergyNetwork.java,java.util.Random,java.util.Random,jdk
src/main/java/zmaster587/advancedRocketry/cable/EnergyNetwork.java,net.minecraft.tileentity.TileEntity,net.minecraft.tileentity,minecraft
src/main/java/zmaster587/advancedRocketry/cable/EnergyNetwork.java,net.minecraft.util.EnumFacing,net.minecraft.util,minecraft
src/main/java/zmaster587/advancedRocketry/cable/EnergyNetwork.java,net.minecraftforge.energy.CapabilityEnergy,net.minecraftforge.energy,minecraft
src/main/java/zmaster587/advancedRocketry/cable/EnergyNetwork.java,net.minecraftforge.energy.IEnergyStorage,net.minecraftforge.energy,minecraft
src/main/java/zmaster587/advancedRocketry/cable/EnergyNetwork.java,zmaster587.libVulpes.api.IUniversalEnergy,zmaster587.libVulpes.api,libvulpes
src/main/java/zmaster587/advancedRocketry/cable/EnergyNetwork.java,zmaster587.libVulpes.util.UniversalBattery,zmaster587.libVulpes.util,libvulpes
src/main/java/zmaster587/advancedRocketry/cable/HandlerCableNetwork.java,java.util.Hashtable,java.util.Hashtable,jdk
src/main/java/zmaster587/advancedRocketry/cable/HandlerCableNetwork.java,java.util.Map.Entry,java.util.Map,jdk
src/main/java/zmaster587/advancedRocketry/cable/HandlerCableNetwork.java,net.minecraft.tileentity.TileEntity,net.minecraft.tileentity,minecraft
src/main/java/zmaster587/advancedRocketry/cable/HandlerCableNetwork.java,net.minecraft.util.EnumFacing,net.minecraft.util,minecraft
src/main/java/zmaster587/advancedRocketry/cable/HandlerCableNetwork.java,zmaster587.advancedRocketry.tile.cables.TilePipe,zmaster587.advancedRocketry.tile,upstream_internal
src/main/java/zmaster587/advancedRocketry/cable/HandlerDataNetwork.java,java.util.Map.Entry,java.util.Map,jdk
src/main/java/zmaster587/advancedRocketry/cable/HandlerEnergyNetwork.java,java.util.Map.Entry,java.util.Map,jdk
src/main/java/zmaster587/advancedRocketry/cable/HandlerLiquidNetwork.java,java.util.Map.Entry,java.util.Map,jdk
src/main/java/zmaster587/advancedRocketry/cable/LiquidNetwork.java,java.util.Iterator,java.util.Iterator,jdk
src/main/java/zmaster587/advancedRocketry/cable/LiquidNetwork.java,java.util.Map.Entry,java.util.Map,jdk
src/main/java/zmaster587/advancedRocketry/cable/LiquidNetwork.java,java.util.Random,java.util.Random,jdk
src/main/java/zmaster587/advancedRocketry/cable/LiquidNetwork.java,net.minecraft.tileentity.TileEntity,net.minecraft.tileentity,minecraft
src/main/java/zmaster587/advancedRocketry/cable/LiquidNetwork.java,net.minecraft.util.EnumFacing,net.minecraft.util,minecraft
src/main/java/zmaster587/advancedRocketry/cable/LiquidNetwork.java,net.minecraftforge.fluids.Fluid,net.minecraftforge.fluids,minecraft
src/main/java/zmaster587/advancedRocketry/cable/LiquidNetwork.java,net.minecraftforge.fluids.FluidStack,net.minecraftforge.fluids,minecraft
src/main/java/zmaster587/advancedRocketry/cable/LiquidNetwork.java,net.minecraftforge.fluids.capability.CapabilityFluidHandler,net.minecraftforge.fluids,minecraft
src/main/java/zmaster587/advancedRocketry/cable/LiquidNetwork.java,net.minecraftforge.fluids.capability.IFluidHandler,net.minecraftforge.fluids,minecraft
src/main/java/zmaster587/advancedRocketry/cable/LiquidNetwork.java,net.minecraftforge.fluids.capability.IFluidTankProperties,net.minecraftforge.fluids,minecraft
src/main/java/zmaster587/advancedRocketry/cable/LiquidNetwork.java,zmaster587.advancedRocketry.AdvancedRocketry,zmaster587.advancedRocketry.AdvancedRocketry,upstream_internal
src/main/java/zmaster587/advancedRocketry/cable/LiquidNetwork.java,zmaster587.libVulpes.util.FluidUtils,zmaster587.libVulpes.util,libvulpes
src/main/java/zmaster587/advancedRocketry/capability/CapabilityProtectiveArmor.java,net.minecraft.item.Item,net.minecraft.item,minecraft
src/main/java/zmaster587/advancedRocketry/capability/CapabilityProtectiveArmor.java,net.minecraft.item.ItemStack,net.minecraft.item,minecraft
src/main/java/zmaster587/advancedRocketry/capability/CapabilityProtectiveArmor.java,net.minecraft.util.ResourceLocation,net.minecraft.util,minecraft
src/main/java/zmaster587/advancedRocketry/capability/CapabilityProtectiveArmor.java,net.minecraftforge.common.capabilities.ICapabilityProvider,net.minecraftforge.common,minecraft
src/main/java/zmaster587/advancedRocketry/capability/CapabilityProtectiveArmor.java,net.minecraftforge.event.AttachCapabilitiesEvent,net.minecraftforge.event,minecraft
src/main/java/zmaster587/advancedRocketry/capability/CapabilityProtectiveArmor.java,net.minecraftforge.fml.common.eventhandler.SubscribeEvent,net.minecraftforge.fml,minecraft
src/main/java/zmaster587/advancedRocketry/capability/CapabilityProtectiveArmor.java,zmaster587.advancedRocketry.armor.ItemSpaceArmor,zmaster587.advancedRocketry.armor,upstream_internal
src/main/java/zmaster587/advancedRocketry/capability/DimensionCompat.java,java.lang.reflect.Field,java.lang.reflect,jdk
src/main/java/zmaster587/advancedRocketry/capability/DimensionCompat.java,zmaster587.advancedRocketry.AdvancedRocketry,zmaster587.advancedRocketry.AdvancedRocketry,upstream_internal
src/main/java/zmaster587/advancedRocketry/capability/TankCapabilityItemStack.java,javax.annotation.Nonnull,javax.annotation.Nonnull,jdk
src/main/java/zmaster587/advancedRocketry/capability/TankCapabilityItemStack.java,net.minecraft.item.ItemStack,net.minecraft.item,minecraft
src/main/java/zmaster587/advancedRocketry/capability/TankCapabilityItemStack.java,net.minecraft.util.EnumFacing,net.minecraft.util,minecraft
src/main/java/zmaster587/advancedRocketry/capability/TankCapabilityItemStack.java,net.minecraftforge.common.capabilities.Capability,net.minecraftforge.common,minecraft
src/main/java/zmaster587/advancedRocketry/capability/TankCapabilityItemStack.java,net.minecraftforge.common.capabilities.ICapabilityProvider,net.minecraftforge.common,minecraft
src/main/java/zmaster587/advancedRocketry/capability/TankCapabilityItemStack.java,net.minecraftforge.fluids.capability.CapabilityFluidHandler,net.minecraftforge.fluids,minecraft
src/main/java/zmaster587/advancedRocketry/capability/TankCapabilityItemStack.java,net.minecraftforge.fluids.capability.templates.FluidHandlerItemStack,net.minecraftforge.fluids,minecraft
src/main/java/zmaster587/advancedRocketry/client/ClientProxy.java,java.util.Objects,java.util.Objects,jdk
src/main/java/zmaster587/advancedRocketry/client/ClientProxy.java,javax.annotation.Nonnull,javax.annotation.Nonnull,jdk
src/main/java/zmaster587/advancedRocketry/client/ClientProxy.java,javax.annotation.Nullable,javax.annotation.Nullable,jdk
src/main/java/zmaster587/advancedRocketry/client/ClientProxy.java,net.minecraft.block.Block,net.minecraft.block,minecraft
src/main/java/zmaster587/advancedRocketry/client/ClientProxy.java,net.minecraft.block.state.IBlockState,net.minecraft.block,minecraft
src/main/java/zmaster587/advancedRocketry/client/ClientProxy.java,net.minecraft.client.Minecraft,net.minecraft.client,client_api
src/main/java/zmaster587/advancedRocketry/client/ClientProxy.java,net.minecraft.client.renderer.ItemMeshDefinition,net.minecraft.client,client_api
src/main/java/zmaster587/advancedRocketry/client/ClientProxy.java,net.minecraft.client.renderer.block.model.IBakedModel,net.minecraft.client,client_api
src/main/java/zmaster587/advancedRocketry/client/ClientProxy.java,net.minecraft.client.renderer.block.model.ModelBakery,net.minecraft.client,client_api
src/main/java/zmaster587/advancedRocketry/client/ClientProxy.java,net.minecraft.client.renderer.block.model.ModelResourceLocation,net.minecraft.client,client_api
src/main/java/zmaster587/advancedRocketry/client/ClientProxy.java,net.minecraft.client.renderer.block.statemap.StateMapperBase,net.minecraft.client,client_api
src/main/java/zmaster587/advancedRocketry/client/ClientProxy.java,net.minecraft.client.renderer.color.IItemColor,net.minecraft.client,client_api
src/main/java/zmaster587/advancedRocketry/client/ClientProxy.java,net.minecraft.entity.Entity,net.minecraft.entity,minecraft
src/main/java/zmaster587/advancedRocketry/client/ClientProxy.java,net.minecraft.init.Items,net.minecraft.init,minecraft
src/main/java/zmaster587/advancedRocketry/client/ClientProxy.java,net.minecraft.item.Item,net.minecraft.item,minecraft
src/main/java/zmaster587/advancedRocketry/client/ClientProxy.java,net.minecraft.item.ItemArmor,net.minecraft.item,minecraft
src/main/java/zmaster587/advancedRocketry/client/ClientProxy.java,net.minecraft.item.ItemStack,net.minecraft.item,minecraft
src/main/java/zmaster587/advancedRocketry/client/ClientProxy.java,net.minecraft.profiler.Profiler,net.minecraft.profiler,minecraft
src/main/java/zmaster587/advancedRocketry/client/ClientProxy.java,net.minecraft.util.EnumFacing,net.minecraft.util,minecraft
src/main/java/zmaster587/advancedRocketry/client/ClientProxy.java,net.minecraft.util.EnumParticleTypes,net.minecraft.util,minecraft
src/main/java/zmaster587/advancedRocketry/client/ClientProxy.java,net.minecraft.util.ResourceLocation,net.minecraft.util,minecraft
src/main/java/zmaster587/advancedRocketry/client/ClientProxy.java,net.minecraft.util.math.Vec3d,net.minecraft.util,minecraft
src/main/java/zmaster587/advancedRocketry/client/ClientProxy.java,net.minecraft.world.World,net.minecraft.world,minecraft
src/main/java/zmaster587/advancedRocketry/client/ClientProxy.java,net.minecraft.world.biome.Biome,net.minecraft.world,minecraft
src/main/java/zmaster587/advancedRocketry/client/ClientProxy.java,net.minecraftforge.client.event.ModelBakeEvent,net.minecraftforge.client,client_api
src/main/java/zmaster587/advancedRocketry/client/ClientProxy.java,net.minecraftforge.client.model.ModelLoader,net.minecraftforge.client,client_api
src/main/java/zmaster587/advancedRocketry/client/ClientProxy.java,net.minecraftforge.client.model.obj.OBJLoader,net.minecraftforge.client,client_api
src/main/java/zmaster587/advancedRocketry/client/ClientProxy.java,net.minecraftforge.common.MinecraftForge,net.minecraftforge.common,minecraft
src/main/java/zmaster587/advancedRocketry/client/ClientProxy.java,net.minecraftforge.common.config.Configuration,net.minecraftforge.common,minecraft
src/main/java/zmaster587/advancedRocketry/client/ClientProxy.java,net.minecraftforge.fluids.IFluidBlock,net.minecraftforge.fluids,minecraft
src/main/java/zmaster587/advancedRocketry/client/ClientProxy.java,net.minecraftforge.fml.client.registry.ClientRegistry,net.minecraftforge.fml,minecraft
src/main/java/zmaster587/advancedRocketry/client/ClientProxy.java,net.minecraftforge.fml.client.registry.IRenderFactory,net.minecraftforge.fml,minecraft
src/main/java/zmaster587/advancedRocketry/client/ClientProxy.java,net.minecraftforge.fml.client.registry.RenderingRegistry,net.minecraftforge.fml,minecraft
src/main/java/zmaster587/advancedRocketry/client/ClientProxy.java,net.minecraftforge.fml.common.eventhandler.SubscribeEvent,net.minecraftforge.fml,minecraft
src/main/java/zmaster587/advancedRocketry/client/ClientProxy.java,zmaster587.advancedRocketry.AdvancedRocketry,zmaster587.advancedRocketry.AdvancedRocketry,upstream_internal
src/main/java/zmaster587/advancedRocketry/client/ClientProxy.java,zmaster587.advancedRocketry.api.AdvancedRocketryBlocks,zmaster587.advancedRocketry.api,upstream_internal
src/main/java/zmaster587/advancedRocketry/client/ClientProxy.java,zmaster587.advancedRocketry.api.AdvancedRocketryItems,zmaster587.advancedRocketry.api,upstream_internal
src/main/java/zmaster587/advancedRocketry/client/ClientProxy.java,zmaster587.advancedRocketry.api.stations.ISpaceObject,zmaster587.advancedRocketry.api,upstream_internal
src/main/java/zmaster587/advancedRocketry/client/ClientProxy.java,zmaster587.advancedRocketry.block.BlockCrystal,zmaster587.advancedRocketry.block,upstream_internal
src/main/java/zmaster587/advancedRocketry/client/ClientProxy.java,zmaster587.advancedRocketry.block.CrystalColorizer,zmaster587.advancedRocketry.block,upstream_internal
src/main/java/zmaster587/advancedRocketry/client/ClientProxy.java,zmaster587.advancedRocketry.client.model.ModelRocket,zmaster587.advancedRocketry.client,upstream_internal
src/main/java/zmaster587/advancedRocketry/client/ClientProxy.java,zmaster587.advancedRocketry.client.render.*,zmaster587.advancedRocketry.client,upstream_internal
src/main/java/zmaster587/advancedRocketry/client/ClientProxy.java,zmaster587.advancedRocketry.client.render.entity.*,zmaster587.advancedRocketry.client,upstream_internal
src/main/java/zmaster587/advancedRocketry/client/ClientProxy.java,zmaster587.advancedRocketry.client.render.multiblocks.*,zmaster587.advancedRocketry.client,upstream_internal
src/main/java/zmaster587/advancedRocketry/client/ClientProxy.java,zmaster587.advancedRocketry.common.CommonProxy,zmaster587.advancedRocketry.common,upstream_internal
src/main/java/zmaster587/advancedRocketry/client/ClientProxy.java,zmaster587.advancedRocketry.entity.*,zmaster587.advancedRocketry.entity,upstream_internal
src/main/java/zmaster587/advancedRocketry/client/ClientProxy.java,zmaster587.advancedRocketry.entity.fx.*,zmaster587.advancedRocketry.entity,upstream_internal
src/main/java/zmaster587/advancedRocketry/client/ClientProxy.java,zmaster587.advancedRocketry.event.PlanetEventHandler,zmaster587.advancedRocketry.event,upstream_internal
src/main/java/zmaster587/advancedRocketry/client/ClientProxy.java,zmaster587.advancedRocketry.event.RocketEventHandler,zmaster587.advancedRocketry.event,upstream_internal
src/main/java/zmaster587/advancedRocketry/client/ClientProxy.java,zmaster587.advancedRocketry.stations.SpaceObjectManager,zmaster587.advancedRocketry.stations,upstream_internal
src/main/java/zmaster587/advancedRocketry/client/ClientProxy.java,zmaster587.advancedRocketry.tile.TileFluidTank,zmaster587.advancedRocketry.tile,upstream_internal
src/main/java/zmaster587/advancedRocketry/client/ClientProxy.java,zmaster587.advancedRocketry.tile.TileRocketAssemblingMachine,zmaster587.advancedRocketry.tile,upstream_internal
src/main/java/zmaster587/advancedRocketry/client/ClientProxy.java,zmaster587.advancedRocketry.tile.cables.TileDataPipe,zmaster587.advancedRocketry.tile,upstream_internal
src/main/java/zmaster587/advancedRocketry/client/ClientProxy.java,zmaster587.advancedRocketry.tile.cables.TileEnergyPipe,zmaster587.advancedRocketry.tile,upstream_internal
src/main/java/zmaster587/advancedRocketry/client/ClientProxy.java,zmaster587.advancedRocketry.tile.cables.TileLiquidPipe,zmaster587.advancedRocketry.tile,upstream_internal
src/main/java/zmaster587/advancedRocketry/client/ClientProxy.java,zmaster587.advancedRocketry.tile.multiblock.*,zmaster587.advancedRocketry.tile,upstream_internal
src/main/java/zmaster587/advancedRocketry/client/ClientProxy.java,zmaster587.advancedRocketry.tile.multiblock.energy.TileBlackHoleGenerator,zmaster587.advancedRocketry.tile,upstream_internal
src/main/java/zmaster587/advancedRocketry/client/ClientProxy.java,zmaster587.advancedRocketry.tile.multiblock.energy.TileMicrowaveReciever,zmaster587.advancedRocketry.tile,upstream_internal
src/main/java/zmaster587/advancedRocketry/client/ClientProxy.java,zmaster587.advancedRocketry.tile.multiblock.energy.TileSolarArray,zmaster587.advancedRocketry.tile,upstream_internal
src/main/java/zmaster587/advancedRocketry/client/ClientProxy.java,zmaster587.advancedRocketry.tile.multiblock.machine.*,zmaster587.advancedRocketry.tile,upstream_internal
src/main/java/zmaster587/advancedRocketry/client/ClientProxy.java,zmaster587.advancedRocketry.tile.multiblock.orbitallaserdrill.TileOrbitalLaserDrill,zmaster587.advancedRocketry.tile,upstream_internal
src/main/java/zmaster587/advancedRocketry/client/ClientProxy.java,zmaster587.libVulpes.entity.fx.FxErrorBlock,zmaster587.libVulpes.entity,libvulpes
src/main/java/zmaster587/advancedRocketry/client/ClientProxy.java,zmaster587.libVulpes.inventory.modules.ModuleContainerPan,zmaster587.libVulpes.inventory,libvulpes
src/main/java/zmaster587/advancedRocketry/client/ClientProxy.java,zmaster587.libVulpes.tile.TileSchematic,zmaster587.libVulpes.tile,libvulpes
src/main/java/zmaster587/advancedRocketry/client/ClientRenderHelper.java,net.minecraft.client.Minecraft,net.minecraft.client,client_api
src/main/java/zmaster587/advancedRocketry/client/ClientRenderHelper.java,net.minecraftforge.fml.common.ObfuscationReflectionHelper,net.minecraftforge.fml,minecraft
src/main/java/zmaster587/advancedRocketry/client/KeyBindings.java,net.minecraft.client.Minecraft,net.minecraft.client,client_api
src/main/java/zmaster587/advancedRocketry/client/KeyBindings.java,net.minecraft.client.entity.EntityPlayerSP,net.minecraft.client,client_api
src/main/java/zmaster587/advancedRocketry/client/KeyBindings.java,net.minecraft.client.settings.KeyBinding,net.minecraft.client,client_api
src/main/java/zmaster587/advancedRocketry/client/KeyBindings.java,net.minecraftforge.fml.client.FMLClientHandler,net.minecraftforge.fml,minecraft
src/main/java/zmaster587/advancedRocketry/client/KeyBindings.java,net.minecraftforge.fml.client.registry.ClientRegistry,net.minecraftforge.fml,minecraft
src/main/java/zmaster587/advancedRocketry/client/KeyBindings.java,net.minecraftforge.fml.common.eventhandler.SubscribeEvent,net.minecraftforge.fml,minecraft
src/main/java/zmaster587/advancedRocketry/client/KeyBindings.java,net.minecraftforge.fml.common.gameevent.InputEvent,net.minecraftforge.fml,minecraft
src/main/java/zmaster587/advancedRocketry/client/KeyBindings.java,net.minecraftforge.fml.relauncher.Side,net.minecraftforge.fml,minecraft
src/main/java/zmaster587/advancedRocketry/client/KeyBindings.java,net.minecraftforge.fml.relauncher.SideOnly,net.minecraftforge.fml,minecraft
src/main/java/zmaster587/advancedRocketry/client/KeyBindings.java,org.lwjgl.input.Keyboard,org.lwjgl.input,third_party
src/main/java/zmaster587/advancedRocketry/client/KeyBindings.java,zmaster587.advancedRocketry.api.Constants,zmaster587.advancedRocketry.api,upstream_internal
src/main/java/zmaster587/advancedRocketry/client/KeyBindings.java,zmaster587.advancedRocketry.api.EntityRocketBase,zmaster587.advancedRocketry.api,upstream_internal
src/main/java/zmaster587/advancedRocketry/client/KeyBindings.java,zmaster587.advancedRocketry.entity.EntityHoverCraft,zmaster587.advancedRocketry.entity,upstream_internal
src/main/java/zmaster587/advancedRocketry/client/KeyBindings.java,zmaster587.advancedRocketry.entity.EntityRocket,zmaster587.advancedRocketry.entity,upstream_internal
src/main/java/zmaster587/advancedRocketry/client/KeyBindings.java,zmaster587.libVulpes.LibVulpes,zmaster587.libVulpes.LibVulpes,libvulpes
src/main/java/zmaster587/advancedRocketry/client/KeyBindings.java,zmaster587.libVulpes.interfaces.INetworkEntity,zmaster587.libVulpes.interfaces,libvulpes
src/main/java/zmaster587/advancedRocketry/client/KeyBindings.java,zmaster587.libVulpes.network.PacketChangeKeyState,zmaster587.libVulpes.network,libvulpes
src/main/java/zmaster587/advancedRocketry/client/KeyBindings.java,zmaster587.libVulpes.network.PacketEntity,zmaster587.libVulpes.network,libvulpes
src/main/java/zmaster587/advancedRocketry/client/KeyBindings.java,zmaster587.libVulpes.network.PacketHandler,zmaster587.libVulpes.network,libvulpes
src/main/java/zmaster587/advancedRocketry/client/KeyBindings.java,zmaster587.libVulpes.util.InputSyncHandler,zmaster587.libVulpes.util,libvulpes
src/main/java/zmaster587/advancedRocketry/client/ModelLoader.java,javax.annotation.Nonnull,javax.annotation.Nonnull,jdk
src/main/java/zmaster587/advancedRocketry/client/ModelLoader.java,net.minecraft.client.resources.IResourceManager,net.minecraft.client,client_api
src/main/java/zmaster587/advancedRocketry/client/ModelLoader.java,net.minecraft.util.ResourceLocation,net.minecraft.util,minecraft
src/main/java/zmaster587/advancedRocketry/client/ModelLoader.java,net.minecraftforge.client.model.ICustomModelLoader,net.minecraftforge.client,client_api
src/main/java/zmaster587/advancedRocketry/client/ModelLoader.java,net.minecraftforge.client.model.IModel,net.minecraftforge.client,client_api
src/main/java/zmaster587/advancedRocketry/client/ModelLoader.java,net.minecraftforge.client.model.ModelLoaderRegistry,net.minecraftforge.client,client_api
src/main/java/zmaster587/advancedRocketry/client/ModelLoader.java,zmaster587.advancedRocketry.client.model.ModelRocket,zmaster587.advancedRocketry.client,upstream_internal
src/main/java/zmaster587/advancedRocketry/client/SoundRocketEngine.java,net.minecraft.client.audio.MovingSound,net.minecraft.client,client_api
src/main/java/zmaster587/advancedRocketry/client/SoundRocketEngine.java,net.minecraft.util.SoundCategory,net.minecraft.util,minecraft
src/main/java/zmaster587/advancedRocketry/client/SoundRocketEngine.java,net.minecraft.util.SoundEvent,net.minecraft.util,minecraft
src/main/java/zmaster587/advancedRocketry/client/SoundRocketEngine.java,zmaster587.advancedRocketry.entity.EntityRocket,zmaster587.advancedRocketry.entity,upstream_internal
src/main/java/zmaster587/advancedRocketry/client/model/ModelRocket.java,java.util.Collection,java.util.Collection,jdk
src/main/java/zmaster587/advancedRocketry/client/model/ModelRocket.java,java.util.LinkedList,java.util.LinkedList,jdk
src/main/java/zmaster587/advancedRocketry/client/model/ModelRocket.java,java.util.List,java.util.List,jdk
src/main/java/zmaster587/advancedRocketry/client/model/ModelRocket.java,java.util.Optional,java.util.Optional,jdk
src/main/java/zmaster587/advancedRocketry/client/model/ModelRocket.java,java.util.function.Function,java.util.function,jdk
src/main/java/zmaster587/advancedRocketry/client/model/ModelRocket.java,javax.annotation.Nonnull,javax.annotation.Nonnull,jdk
src/main/java/zmaster587/advancedRocketry/client/model/ModelRocket.java,javax.annotation.Nullable,javax.annotation.Nullable,jdk
src/main/java/zmaster587/advancedRocketry/client/model/ModelRocket.java,javax.annotation.ParametersAreNonnullByDefault,javax.annotation.ParametersAreNonnullByDefault,jdk
src/main/java/zmaster587/advancedRocketry/client/model/ModelRocket.java,net.minecraft.client.renderer.block.model.IBakedModel,net.minecraft.client,client_api
src/main/java/zmaster587/advancedRocketry/client/model/ModelRocket.java,net.minecraft.client.renderer.block.model.ModelResourceLocation,net.minecraft.client,client_api
src/main/java/zmaster587/advancedRocketry/client/model/ModelRocket.java,net.minecraft.client.renderer.texture.TextureAtlasSprite,net.minecraft.client,client_api
src/main/java/zmaster587/advancedRocketry/client/model/ModelRocket.java,net.minecraft.client.renderer.vertex.VertexFormat,net.minecraft.client,client_api
src/main/java/zmaster587/advancedRocketry/client/model/ModelRocket.java,net.minecraft.util.ResourceLocation,net.minecraft.util,minecraft
src/main/java/zmaster587/advancedRocketry/client/model/ModelRocket.java,net.minecraftforge.client.model.IModel,net.minecraftforge.client,client_api
src/main/java/zmaster587/advancedRocketry/client/model/ModelRocket.java,net.minecraftforge.client.model.ModelLoaderRegistry,net.minecraftforge.client,client_api
src/main/java/zmaster587/advancedRocketry/client/model/ModelRocket.java,net.minecraftforge.common.model.IModelPart,net.minecraftforge.common,minecraft
src/main/java/zmaster587/advancedRocketry/client/model/ModelRocket.java,net.minecraftforge.common.model.IModelState,net.minecraftforge.common,minecraft
src/main/java/zmaster587/advancedRocketry/client/model/ModelRocket.java,net.minecraftforge.common.model.TRSRTransformation,net.minecraftforge.common,minecraft
src/main/java/zmaster587/advancedRocketry/client/render/ClientDynamicTexture.java,java.awt.image.BufferedImage,java.awt.image,jdk
src/main/java/zmaster587/advancedRocketry/client/render/ClientDynamicTexture.java,java.nio.ByteBuffer,java.nio.ByteBuffer,jdk
src/main/java/zmaster587/advancedRocketry/client/render/ClientDynamicTexture.java,java.nio.IntBuffer,java.nio.IntBuffer,jdk
src/main/java/zmaster587/advancedRocketry/client/render/ClientDynamicTexture.java,org.lwjgl.BufferUtils,org.lwjgl.BufferUtils,third_party
src/main/java/zmaster587/advancedRocketry/client/render/ClientDynamicTexture.java,org.lwjgl.opengl.GL11,org.lwjgl.opengl,third_party
src/main/java/zmaster587/advancedRocketry/client/render/ClientDynamicTexture.java,zmaster587.advancedRocketry.AdvancedRocketry,zmaster587.advancedRocketry.AdvancedRocketry,upstream_internal
src/main/java/zmaster587/advancedRocketry/client/render/RenderComponents.java,net.minecraft.inventory.EntityEquipmentSlot,net.minecraft.inventory,minecraft
src/main/java/zmaster587/advancedRocketry/client/render/RenderComponents.java,net.minecraft.item.ItemStack,net.minecraft.item,minecraft
src/main/java/zmaster587/advancedRocketry/client/render/RenderComponents.java,net.minecraftforge.client.event.RenderPlayerEvent,net.minecraftforge.client,client_api
src/main/java/zmaster587/advancedRocketry/client/render/RenderComponents.java,net.minecraftforge.fml.common.eventhandler.SubscribeEvent,net.minecraftforge.fml,minecraft
src/main/java/zmaster587/advancedRocketry/client/render/RenderComponents.java,org.lwjgl.opengl.GL11,org.lwjgl.opengl,third_party
src/main/java/zmaster587/advancedRocketry/client/render/RenderComponents.java,zmaster587.advancedRocketry.api.AdvancedRocketryItems,zmaster587.advancedRocketry.api,upstream_internal
src/main/java/zmaster587/advancedRocketry/client/render/RenderComponents.java,zmaster587.libVulpes.api.IModularArmor,zmaster587.libVulpes.api,libvulpes
src/main/java/zmaster587/advancedRocketry/client/render/RenderLaser.java,javax.annotation.Nullable,javax.annotation.Nullable,jdk
src/main/java/zmaster587/advancedRocketry/client/render/RenderLaser.java,net.minecraft.client.Minecraft,net.minecraft.client,client_api
src/main/java/zmaster587/advancedRocketry/client/render/RenderLaser.java,net.minecraft.client.particle.Particle,net.minecraft.client,client_api
src/main/java/zmaster587/advancedRocketry/client/render/RenderLaser.java,net.minecraft.client.renderer.BufferBuilder,net.minecraft.client,client_api
src/main/java/zmaster587/advancedRocketry/client/render/RenderLaser.java,net.minecraft.client.renderer.GlStateManager,net.minecraft.client,client_api
src/main/java/zmaster587/advancedRocketry/client/render/RenderLaser.java,net.minecraft.client.renderer.OpenGlHelper,net.minecraft.client,client_api
src/main/java/zmaster587/advancedRocketry/client/render/RenderLaser.java,net.minecraft.client.renderer.Tessellator,net.minecraft.client,client_api
src/main/java/zmaster587/advancedRocketry/client/render/RenderLaser.java,net.minecraft.client.renderer.entity.Render,net.minecraft.client,client_api
src/main/java/zmaster587/advancedRocketry/client/render/RenderLaser.java,net.minecraft.client.renderer.entity.RenderManager,net.minecraft.client,client_api
src/main/java/zmaster587/advancedRocketry/client/render/RenderLaser.java,net.minecraft.client.renderer.vertex.DefaultVertexFormats,net.minecraft.client,client_api
src/main/java/zmaster587/advancedRocketry/client/render/RenderLaser.java,net.minecraft.entity.Entity,net.minecraft.entity,minecraft
src/main/java/zmaster587/advancedRocketry/client/render/RenderLaser.java,net.minecraft.util.ResourceLocation,net.minecraft.util,minecraft
src/main/java/zmaster587/advancedRocketry/client/render/RenderLaser.java,net.minecraftforge.fml.client.registry.IRenderFactory,net.minecraftforge.fml,minecraft
src/main/java/zmaster587/advancedRocketry/client/render/RenderLaser.java,org.lwjgl.opengl.GL11,org.lwjgl.opengl,third_party
src/main/java/zmaster587/advancedRocketry/client/render/RenderLaser.java,zmaster587.advancedRocketry.entity.EntityLaserNode,zmaster587.advancedRocketry.entity,upstream_internal
src/main/java/zmaster587/advancedRocketry/client/render/RenderLaser.java,zmaster587.libVulpes.render.RenderHelper,zmaster587.libVulpes.render,libvulpes
src/main/java/zmaster587/advancedRocketry/client/render/RenderOrbitalLaserDrillTile.java,net.minecraft.client.renderer.BufferBuilder,net.minecraft.client,client_api
src/main/java/zmaster587/advancedRocketry/client/render/RenderOrbitalLaserDrillTile.java,net.minecraft.client.renderer.GlStateManager,net.minecraft.client,client_api
src/main/java/zmaster587/advancedRocketry/client/render/RenderOrbitalLaserDrillTile.java,net.minecraft.client.renderer.Tessellator,net.minecraft.client,client_api
src/main/java/zmaster587/advancedRocketry/client/render/RenderOrbitalLaserDrillTile.java,net.minecraft.client.renderer.tileentity.TileEntitySpecialRenderer,net.minecraft.client,client_api
src/main/java/zmaster587/advancedRocketry/client/render/RenderOrbitalLaserDrillTile.java,net.minecraft.client.renderer.vertex.DefaultVertexFormats,net.minecraft.client,client_api
src/main/java/zmaster587/advancedRocketry/client/render/RenderOrbitalLaserDrillTile.java,net.minecraft.tileentity.TileEntity,net.minecraft.tileentity,minecraft
src/main/java/zmaster587/advancedRocketry/client/render/RenderOrbitalLaserDrillTile.java,org.lwjgl.opengl.GL11,org.lwjgl.opengl,third_party
src/main/java/zmaster587/advancedRocketry/client/render/RenderOrbitalLaserDrillTile.java,zmaster587.advancedRocketry.tile.multiblock.orbitallaserdrill.TileOrbitalLaserDrill,zmaster587.advancedRocketry.tile,upstream_internal
src/main/java/zmaster587/advancedRocketry/client/render/RenderTank.java,net.minecraft.block.Block,net.minecraft.block,minecraft
src/main/java/zmaster587/advancedRocketry/client/render/RenderTank.java,net.minecraft.client.Minecraft,net.minecraft.client,client_api
src/main/java/zmaster587/advancedRocketry/client/render/RenderTank.java,net.minecraft.client.renderer.GlStateManager,net.minecraft.client,client_api
src/main/java/zmaster587/advancedRocketry/client/render/RenderTank.java,net.minecraft.client.renderer.Tessellator,net.minecraft.client,client_api
src/main/java/zmaster587/advancedRocketry/client/render/RenderTank.java,net.minecraft.client.renderer.texture.TextureAtlasSprite,net.minecraft.client,client_api
src/main/java/zmaster587/advancedRocketry/client/render/RenderTank.java,net.minecraft.client.renderer.texture.TextureMap,net.minecraft.client,client_api
src/main/java/zmaster587/advancedRocketry/client/render/RenderTank.java,net.minecraft.client.renderer.tileentity.TileEntitySpecialRenderer,net.minecraft.client,client_api
src/main/java/zmaster587/advancedRocketry/client/render/RenderTank.java,net.minecraft.client.renderer.vertex.DefaultVertexFormats,net.minecraft.client,client_api
src/main/java/zmaster587/advancedRocketry/client/render/RenderTank.java,net.minecraft.tileentity.TileEntity,net.minecraft.tileentity,minecraft
src/main/java/zmaster587/advancedRocketry/client/render/RenderTank.java,net.minecraft.util.ResourceLocation,net.minecraft.util,minecraft
src/main/java/zmaster587/advancedRocketry/client/render/RenderTank.java,net.minecraft.util.math.AxisAlignedBB,net.minecraft.util,minecraft
src/main/java/zmaster587/advancedRocketry/client/render/RenderTank.java,net.minecraftforge.fluids.FluidStack,net.minecraftforge.fluids,minecraft
src/main/java/zmaster587/advancedRocketry/client/render/RenderTank.java,net.minecraftforge.fluids.capability.IFluidHandler,net.minecraftforge.fluids,minecraft
src/main/java/zmaster587/advancedRocketry/client/render/RenderTank.java,org.lwjgl.opengl.GL11,org.lwjgl.opengl,third_party
src/main/java/zmaster587/advancedRocketry/client/render/RenderTank.java,zmaster587.libVulpes.render.RenderHelper,zmaster587.libVulpes.render,libvulpes
src/main/java/zmaster587/advancedRocketry/client/render/RendererPhantomBlock.java,net.minecraft.block.state.IBlockState,net.minecraft.block,minecraft
src/main/java/zmaster587/advancedRocketry/client/render/RendererPhantomBlock.java,net.minecraft.client.Minecraft,net.minecraft.client,client_api
src/main/java/zmaster587/advancedRocketry/client/render/RendererPhantomBlock.java,net.minecraft.client.renderer.BlockRendererDispatcher,net.minecraft.client,client_api
src/main/java/zmaster587/advancedRocketry/client/render/RendererPhantomBlock.java,net.minecraft.client.renderer.BufferBuilder,net.minecraft.client,client_api
src/main/java/zmaster587/advancedRocketry/client/render/RendererPhantomBlock.java,net.minecraft.client.renderer.GlStateManager,net.minecraft.client,client_api
src/main/java/zmaster587/advancedRocketry/client/render/RendererPhantomBlock.java,net.minecraft.client.renderer.Tessellator,net.minecraft.client,client_api
src/main/java/zmaster587/advancedRocketry/client/render/RendererPhantomBlock.java,net.minecraft.client.renderer.block.model.IBakedModel,net.minecraft.client,client_api
src/main/java/zmaster587/advancedRocketry/client/render/RendererPhantomBlock.java,net.minecraft.client.renderer.texture.TextureMap,net.minecraft.client,client_api
src/main/java/zmaster587/advancedRocketry/client/render/RendererPhantomBlock.java,net.minecraft.client.renderer.tileentity.TileEntitySpecialRenderer,net.minecraft.client,client_api
src/main/java/zmaster587/advancedRocketry/client/render/RendererPhantomBlock.java,net.minecraft.client.renderer.vertex.DefaultVertexFormats,net.minecraft.client,client_api
src/main/java/zmaster587/advancedRocketry/client/render/RendererPhantomBlock.java,net.minecraft.item.ItemStack,net.minecraft.item,minecraft
src/main/java/zmaster587/advancedRocketry/client/render/RendererPhantomBlock.java,net.minecraft.tileentity.TileEntity,net.minecraft.tileentity,minecraft
src/main/java/zmaster587/advancedRocketry/client/render/RendererPhantomBlock.java,net.minecraft.util.math.RayTraceResult,net.minecraft.util,minecraft
src/main/java/zmaster587/advancedRocketry/client/render/RendererPhantomBlock.java,org.lwjgl.opengl.GL11,org.lwjgl.opengl,third_party
src/main/java/zmaster587/advancedRocketry/client/render/RendererPhantomBlock.java,zmaster587.libVulpes.render.RenderHelper,zmaster587.libVulpes.render,libvulpes
src/main/java/zmaster587/advancedRocketry/client/render/RendererPhantomBlock.java,zmaster587.libVulpes.tile.multiblock.TilePlaceholder,zmaster587.libVulpes.tile,libvulpes
src/main/java/zmaster587/advancedRocketry/client/render/RendererPipe.java,net.minecraft.client.renderer.BufferBuilder,net.minecraft.client,client_api
src/main/java/zmaster587/advancedRocketry/client/render/RendererPipe.java,net.minecraft.client.renderer.GlStateManager,net.minecraft.client,client_api
src/main/java/zmaster587/advancedRocketry/client/render/RendererPipe.java,net.minecraft.client.renderer.Tessellator,net.minecraft.client,client_api
src/main/java/zmaster587/advancedRocketry/client/render/RendererPipe.java,net.minecraft.client.renderer.tileentity.TileEntitySpecialRenderer,net.minecraft.client,client_api
src/main/java/zmaster587/advancedRocketry/client/render/RendererPipe.java,net.minecraft.client.renderer.vertex.DefaultVertexFormats,net.minecraft.client,client_api
src/main/java/zmaster587/advancedRocketry/client/render/RendererPipe.java,net.minecraft.tileentity.TileEntity,net.minecraft.tileentity,minecraft
src/main/java/zmaster587/advancedRocketry/client/render/RendererPipe.java,net.minecraft.util.EnumFacing,net.minecraft.util,minecraft
src/main/java/zmaster587/advancedRocketry/client/render/RendererPipe.java,net.minecraft.util.ResourceLocation,net.minecraft.util,minecraft
src/main/java/zmaster587/advancedRocketry/client/render/RendererPipe.java,org.lwjgl.opengl.GL11,org.lwjgl.opengl,third_party
src/main/java/zmaster587/advancedRocketry/client/render/RendererPipe.java,zmaster587.advancedRocketry.tile.cables.TilePipe,zmaster587.advancedRocketry.tile,upstream_internal
src/main/java/zmaster587/advancedRocketry/client/render/RendererPipe.java,zmaster587.libVulpes.render.RenderHelper,zmaster587.libVulpes.render,libvulpes
src/main/java/zmaster587/advancedRocketry/client/render/RendererRocket.java,java.lang.reflect.InvocationTargetException,java.lang.reflect,jdk
src/main/java/zmaster587/advancedRocketry/client/render/RendererRocket.java,java.lang.reflect.Method,java.lang.reflect,jdk
src/main/java/zmaster587/advancedRocketry/client/render/RendererRocket.java,javax.annotation.Nonnull,javax.annotation.Nonnull,jdk
src/main/java/zmaster587/advancedRocketry/client/render/RendererRocket.java,javax.annotation.Nullable,javax.annotation.Nullable,jdk
src/main/java/zmaster587/advancedRocketry/client/render/RendererRocket.java,net.minecraft.block.state.IBlockState,net.minecraft.block,minecraft
src/main/java/zmaster587/advancedRocketry/client/render/RendererRocket.java,net.minecraft.client.Minecraft,net.minecraft.client,client_api
src/main/java/zmaster587/advancedRocketry/client/render/RendererRocket.java,net.minecraft.client.renderer.*,net.minecraft.client,client_api
src/main/java/zmaster587/advancedRocketry/client/render/RendererRocket.java,net.minecraft.client.renderer.chunk.IRenderChunkFactory,net.minecraft.client,client_api
src/main/java/zmaster587/advancedRocketry/client/render/RendererRocket.java,net.minecraft.client.renderer.chunk.ListChunkFactory,net.minecraft.client,client_api
src/main/java/zmaster587/advancedRocketry/client/render/RendererRocket.java,net.minecraft.client.renderer.entity.Render,net.minecraft.client,client_api
src/main/java/zmaster587/advancedRocketry/client/render/RendererRocket.java,net.minecraft.client.renderer.entity.RenderManager,net.minecraft.client,client_api
src/main/java/zmaster587/advancedRocketry/client/render/RendererRocket.java,net.minecraft.client.renderer.texture.TextureMap,net.minecraft.client,client_api
src/main/java/zmaster587/advancedRocketry/client/render/RendererRocket.java,net.minecraft.client.renderer.tileentity.TileEntityRendererDispatcher,net.minecraft.client,client_api
src/main/java/zmaster587/advancedRocketry/client/render/RendererRocket.java,net.minecraft.client.renderer.tileentity.TileEntitySpecialRenderer,net.minecraft.client,client_api
src/main/java/zmaster587/advancedRocketry/client/render/RendererRocket.java,net.minecraft.client.renderer.vertex.DefaultVertexFormats,net.minecraft.client,client_api
src/main/java/zmaster587/advancedRocketry/client/render/RendererRocket.java,net.minecraft.entity.Entity,net.minecraft.entity,minecraft
src/main/java/zmaster587/advancedRocketry/client/render/RendererRocket.java,net.minecraft.tileentity.TileEntity,net.minecraft.tileentity,minecraft
src/main/java/zmaster587/advancedRocketry/client/render/RendererRocket.java,net.minecraft.util.BlockRenderLayer,net.minecraft.util,minecraft
src/main/java/zmaster587/advancedRocketry/client/render/RendererRocket.java,net.minecraft.util.ResourceLocation,net.minecraft.util,minecraft
src/main/java/zmaster587/advancedRocketry/client/render/RendererRocket.java,net.minecraft.util.math.BlockPos,net.minecraft.util,minecraft
src/main/java/zmaster587/advancedRocketry/client/render/RendererRocket.java,net.minecraft.world.IBlockAccess,net.minecraft.world,minecraft
src/main/java/zmaster587/advancedRocketry/client/render/RendererRocket.java,net.minecraftforge.fml.client.registry.IRenderFactory,net.minecraftforge.fml,minecraft
src/main/java/zmaster587/advancedRocketry/client/render/RendererRocket.java,org.lwjgl.opengl.GL11,org.lwjgl.opengl,third_party
src/main/java/zmaster587/advancedRocketry/client/render/RendererRocket.java,zmaster587.advancedRocketry.AdvancedRocketry,zmaster587.advancedRocketry.AdvancedRocketry,upstream_internal
src/main/java/zmaster587/advancedRocketry/client/render/RendererRocket.java,zmaster587.advancedRocketry.api.IInfrastructure,zmaster587.advancedRocketry.api,upstream_internal
src/main/java/zmaster587/advancedRocketry/client/render/RendererRocket.java,zmaster587.advancedRocketry.entity.EntityRocket,zmaster587.advancedRocketry.entity,upstream_internal
src/main/java/zmaster587/advancedRocketry/client/render/RendererRocket.java,zmaster587.advancedRocketry.util.StorageChunk,zmaster587.advancedRocketry.util,upstream_internal
src/main/java/zmaster587/advancedRocketry/client/render/RendererRocketAssemblingMachine.java,net.minecraft.client.renderer.BufferBuilder,net.minecraft.client,client_api
src/main/java/zmaster587/advancedRocketry/client/render/RendererRocketAssemblingMachine.java,net.minecraft.client.renderer.GlStateManager,net.minecraft.client,client_api
src/main/java/zmaster587/advancedRocketry/client/render/RendererRocketAssemblingMachine.java,net.minecraft.client.renderer.OpenGlHelper,net.minecraft.client,client_api
src/main/java/zmaster587/advancedRocketry/client/render/RendererRocketAssemblingMachine.java,net.minecraft.client.renderer.Tessellator,net.minecraft.client,client_api
src/main/java/zmaster587/advancedRocketry/client/render/RendererRocketAssemblingMachine.java,net.minecraft.client.renderer.tileentity.TileEntitySpecialRenderer,net.minecraft.client,client_api
src/main/java/zmaster587/advancedRocketry/client/render/RendererRocketAssemblingMachine.java,net.minecraft.client.renderer.vertex.DefaultVertexFormats,net.minecraft.client,client_api
src/main/java/zmaster587/advancedRocketry/client/render/RendererRocketAssemblingMachine.java,net.minecraft.tileentity.TileEntity,net.minecraft.tileentity,minecraft
src/main/java/zmaster587/advancedRocketry/client/render/RendererRocketAssemblingMachine.java,net.minecraft.util.ResourceLocation,net.minecraft.util,minecraft
src/main/java/zmaster587/advancedRocketry/client/render/RendererRocketAssemblingMachine.java,net.minecraft.util.math.AxisAlignedBB,net.minecraft.util,minecraft
src/main/java/zmaster587/advancedRocketry/client/render/RendererRocketAssemblingMachine.java,org.lwjgl.opengl.GL11,org.lwjgl.opengl,third_party
src/main/java/zmaster587/advancedRocketry/client/render/RendererRocketAssemblingMachine.java,zmaster587.advancedRocketry.tile.TileRocketAssemblingMachine,zmaster587.advancedRocketry.tile,upstream_internal
src/main/java/zmaster587/advancedRocketry/client/render/RendererRocketAssemblingMachine.java,zmaster587.libVulpes.render.RenderHelper,zmaster587.libVulpes.render,libvulpes
src/main/java/zmaster587/advancedRocketry/client/render/RocketRenderHelper.java,org.lwjgl.opengl.GL11,org.lwjgl.opengl,third_party
src/main/java/zmaster587/advancedRocketry/client/render/armor/RenderJetPack.java,net.minecraft.client.Minecraft,net.minecraft.client,client_api
src/main/java/zmaster587/advancedRocketry/client/render/armor/RenderJetPack.java,net.minecraft.client.model.ModelBiped,net.minecraft.client,client_api
src/main/java/zmaster587/advancedRocketry/client/render/armor/RenderJetPack.java,net.minecraft.entity.Entity,net.minecraft.entity,minecraft
src/main/java/zmaster587/advancedRocketry/client/render/armor/RenderJetPack.java,net.minecraft.util.ResourceLocation,net.minecraft.util,minecraft
src/main/java/zmaster587/advancedRocketry/client/render/armor/RenderJetPack.java,org.lwjgl.opengl.GL11,org.lwjgl.opengl,third_party
src/main/java/zmaster587/advancedRocketry/client/render/armor/RenderJetPack.java,zmaster587.advancedRocketry.backwardCompat.ModelFormatException,zmaster587.advancedRocketry.backwardCompat,upstream_internal
src/main/java/zmaster587/advancedRocketry/client/render/armor/RenderJetPack.java,zmaster587.advancedRocketry.backwardCompat.WavefrontObject,zmaster587.advancedRocketry.backwardCompat,upstream_internal
src/main/java/zmaster587/advancedRocketry/client/render/entity/RenderButtonUIEntity.java,net.minecraft.client.Minecraft,net.minecraft.client,client_api
src/main/java/zmaster587/advancedRocketry/client/render/entity/RenderButtonUIEntity.java,net.minecraft.client.renderer.OpenGlHelper,net.minecraft.client,client_api
src/main/java/zmaster587/advancedRocketry/client/render/entity/RenderButtonUIEntity.java,net.minecraft.client.renderer.entity.Render,net.minecraft.client,client_api
src/main/java/zmaster587/advancedRocketry/client/render/entity/RenderButtonUIEntity.java,net.minecraft.client.renderer.entity.RenderManager,net.minecraft.client,client_api
src/main/java/zmaster587/advancedRocketry/client/render/entity/RenderButtonUIEntity.java,net.minecraft.util.ResourceLocation,net.minecraft.util,minecraft
src/main/java/zmaster587/advancedRocketry/client/render/entity/RenderButtonUIEntity.java,net.minecraftforge.fml.client.registry.IRenderFactory,net.minecraftforge.fml,minecraft
src/main/java/zmaster587/advancedRocketry/client/render/entity/RenderButtonUIEntity.java,org.lwjgl.opengl.GL11,org.lwjgl.opengl,third_party
src/main/java/zmaster587/advancedRocketry/client/render/entity/RenderButtonUIEntity.java,zmaster587.advancedRocketry.dimension.DimensionProperties,zmaster587.advancedRocketry.dimension,upstream_internal
src/main/java/zmaster587/advancedRocketry/client/render/entity/RenderButtonUIEntity.java,zmaster587.advancedRocketry.entity.EntityUIButton,zmaster587.advancedRocketry.entity,upstream_internal
src/main/java/zmaster587/advancedRocketry/client/render/entity/RenderButtonUIEntity.java,zmaster587.libVulpes.render.RenderHelper,zmaster587.libVulpes.render,libvulpes
src/main/java/zmaster587/advancedRocketry/client/render/entity/RenderElevatorCapsule.java,net.minecraft.client.renderer.culling.ICamera,net.minecraft.client,client_api
src/main/java/zmaster587/advancedRocketry/client/render/entity/RenderElevatorCapsule.java,net.minecraft.client.renderer.entity.Render,net.minecraft.client,client_api
src/main/java/zmaster587/advancedRocketry/client/render/entity/RenderElevatorCapsule.java,net.minecraft.client.renderer.entity.RenderManager,net.minecraft.client,client_api
src/main/java/zmaster587/advancedRocketry/client/render/entity/RenderElevatorCapsule.java,net.minecraft.util.ResourceLocation,net.minecraft.util,minecraft
src/main/java/zmaster587/advancedRocketry/client/render/entity/RenderElevatorCapsule.java,net.minecraftforge.fml.client.registry.IRenderFactory,net.minecraftforge.fml,minecraft
src/main/java/zmaster587/advancedRocketry/client/render/entity/RenderElevatorCapsule.java,org.lwjgl.opengl.GL11,org.lwjgl.opengl,third_party
src/main/java/zmaster587/advancedRocketry/client/render/entity/RenderElevatorCapsule.java,zmaster587.advancedRocketry.backwardCompat.ModelFormatException,zmaster587.advancedRocketry.backwardCompat,upstream_internal
src/main/java/zmaster587/advancedRocketry/client/render/entity/RenderElevatorCapsule.java,zmaster587.advancedRocketry.backwardCompat.WavefrontObject,zmaster587.advancedRocketry.backwardCompat,upstream_internal
src/main/java/zmaster587/advancedRocketry/client/render/entity/RenderElevatorCapsule.java,zmaster587.advancedRocketry.entity.EntityElevatorCapsule,zmaster587.advancedRocketry.entity,upstream_internal
src/main/java/zmaster587/advancedRocketry/client/render/entity/RenderHoverCraft.java,net.minecraft.client.renderer.BufferBuilder,net.minecraft.client,client_api
src/main/java/zmaster587/advancedRocketry/client/render/entity/RenderHoverCraft.java,net.minecraft.client.renderer.GlStateManager,net.minecraft.client,client_api
src/main/java/zmaster587/advancedRocketry/client/render/entity/RenderHoverCraft.java,net.minecraft.client.renderer.Tessellator,net.minecraft.client,client_api
src/main/java/zmaster587/advancedRocketry/client/render/entity/RenderHoverCraft.java,net.minecraft.client.renderer.culling.ICamera,net.minecraft.client,client_api
src/main/java/zmaster587/advancedRocketry/client/render/entity/RenderHoverCraft.java,net.minecraft.client.renderer.entity.Render,net.minecraft.client,client_api
src/main/java/zmaster587/advancedRocketry/client/render/entity/RenderHoverCraft.java,net.minecraft.client.renderer.entity.RenderManager,net.minecraft.client,client_api
src/main/java/zmaster587/advancedRocketry/client/render/entity/RenderHoverCraft.java,net.minecraft.client.renderer.vertex.DefaultVertexFormats,net.minecraft.client,client_api
src/main/java/zmaster587/advancedRocketry/client/render/entity/RenderHoverCraft.java,net.minecraft.util.ResourceLocation,net.minecraft.util,minecraft
src/main/java/zmaster587/advancedRocketry/client/render/entity/RenderHoverCraft.java,net.minecraftforge.fml.client.registry.IRenderFactory,net.minecraftforge.fml,minecraft
src/main/java/zmaster587/advancedRocketry/client/render/entity/RenderHoverCraft.java,org.lwjgl.opengl.GL11,org.lwjgl.opengl,third_party
src/main/java/zmaster587/advancedRocketry/client/render/entity/RenderHoverCraft.java,zmaster587.advancedRocketry.backwardCompat.ModelFormatException,zmaster587.advancedRocketry.backwardCompat,upstream_internal
src/main/java/zmaster587/advancedRocketry/client/render/entity/RenderHoverCraft.java,zmaster587.advancedRocketry.backwardCompat.WavefrontObject,zmaster587.advancedRocketry.backwardCompat,upstream_internal
src/main/java/zmaster587/advancedRocketry/client/render/entity/RenderHoverCraft.java,zmaster587.advancedRocketry.entity.EntityHoverCraft,zmaster587.advancedRocketry.entity,upstream_internal
src/main/java/zmaster587/advancedRocketry/client/render/entity/RenderHoverCraft.java,zmaster587.libVulpes.render.RenderHelper,zmaster587.libVulpes.render,libvulpes
src/main/java/zmaster587/advancedRocketry/client/render/entity/RenderPlanetUIEntity.java,net.minecraft.client.Minecraft,net.minecraft.client,client_api
src/main/java/zmaster587/advancedRocketry/client/render/entity/RenderPlanetUIEntity.java,net.minecraft.client.renderer.BufferBuilder,net.minecraft.client,client_api
src/main/java/zmaster587/advancedRocketry/client/render/entity/RenderPlanetUIEntity.java,net.minecraft.client.renderer.GlStateManager,net.minecraft.client,client_api
src/main/java/zmaster587/advancedRocketry/client/render/entity/RenderPlanetUIEntity.java,net.minecraft.client.renderer.Tessellator,net.minecraft.client,client_api
src/main/java/zmaster587/advancedRocketry/client/render/entity/RenderPlanetUIEntity.java,net.minecraft.client.renderer.entity.Render,net.minecraft.client,client_api
src/main/java/zmaster587/advancedRocketry/client/render/entity/RenderPlanetUIEntity.java,net.minecraft.client.renderer.entity.RenderManager,net.minecraft.client,client_api
src/main/java/zmaster587/advancedRocketry/client/render/entity/RenderPlanetUIEntity.java,net.minecraft.client.renderer.vertex.DefaultVertexFormats,net.minecraft.client,client_api
src/main/java/zmaster587/advancedRocketry/client/render/entity/RenderPlanetUIEntity.java,net.minecraft.util.ResourceLocation,net.minecraft.util,minecraft
src/main/java/zmaster587/advancedRocketry/client/render/entity/RenderPlanetUIEntity.java,net.minecraft.util.math.RayTraceResult,net.minecraft.util,minecraft
src/main/java/zmaster587/advancedRocketry/client/render/entity/RenderPlanetUIEntity.java,net.minecraftforge.fml.client.registry.IRenderFactory,net.minecraftforge.fml,minecraft
src/main/java/zmaster587/advancedRocketry/client/render/entity/RenderPlanetUIEntity.java,org.lwjgl.opengl.GL11,org.lwjgl.opengl,third_party
src/main/java/zmaster587/advancedRocketry/client/render/entity/RenderPlanetUIEntity.java,zmaster587.advancedRocketry.backwardCompat.ModelFormatException,zmaster587.advancedRocketry.backwardCompat,upstream_internal
src/main/java/zmaster587/advancedRocketry/client/render/entity/RenderPlanetUIEntity.java,zmaster587.advancedRocketry.backwardCompat.WavefrontObject,zmaster587.advancedRocketry.backwardCompat,upstream_internal
src/main/java/zmaster587/advancedRocketry/client/render/entity/RenderPlanetUIEntity.java,zmaster587.advancedRocketry.client.render.multiblocks.RendererWarpCore,zmaster587.advancedRocketry.client,upstream_internal
src/main/java/zmaster587/advancedRocketry/client/render/entity/RenderPlanetUIEntity.java,zmaster587.advancedRocketry.dimension.DimensionProperties,zmaster587.advancedRocketry.dimension,upstream_internal
src/main/java/zmaster587/advancedRocketry/client/render/entity/RenderPlanetUIEntity.java,zmaster587.advancedRocketry.entity.EntityUIPlanet,zmaster587.advancedRocketry.entity,upstream_internal
src/main/java/zmaster587/advancedRocketry/client/render/entity/RenderPlanetUIEntity.java,zmaster587.libVulpes.render.RenderHelper,zmaster587.libVulpes.render,libvulpes
src/main/java/zmaster587/advancedRocketry/client/render/entity/RenderStarUIEntity.java,net.minecraft.client.Minecraft,net.minecraft.client,client_api
src/main/java/zmaster587/advancedRocketry/client/render/entity/RenderStarUIEntity.java,net.minecraft.client.renderer.BufferBuilder,net.minecraft.client,client_api
src/main/java/zmaster587/advancedRocketry/client/render/entity/RenderStarUIEntity.java,net.minecraft.client.renderer.GlStateManager,net.minecraft.client,client_api
src/main/java/zmaster587/advancedRocketry/client/render/entity/RenderStarUIEntity.java,net.minecraft.client.renderer.Tessellator,net.minecraft.client,client_api
src/main/java/zmaster587/advancedRocketry/client/render/entity/RenderStarUIEntity.java,net.minecraft.client.renderer.entity.Render,net.minecraft.client,client_api
src/main/java/zmaster587/advancedRocketry/client/render/entity/RenderStarUIEntity.java,net.minecraft.client.renderer.entity.RenderManager,net.minecraft.client,client_api
src/main/java/zmaster587/advancedRocketry/client/render/entity/RenderStarUIEntity.java,net.minecraft.client.renderer.vertex.DefaultVertexFormats,net.minecraft.client,client_api
src/main/java/zmaster587/advancedRocketry/client/render/entity/RenderStarUIEntity.java,net.minecraft.util.ResourceLocation,net.minecraft.util,minecraft
src/main/java/zmaster587/advancedRocketry/client/render/entity/RenderStarUIEntity.java,net.minecraft.util.math.RayTraceResult,net.minecraft.util,minecraft
src/main/java/zmaster587/advancedRocketry/client/render/entity/RenderStarUIEntity.java,net.minecraftforge.fml.client.registry.IRenderFactory,net.minecraftforge.fml,minecraft
src/main/java/zmaster587/advancedRocketry/client/render/entity/RenderStarUIEntity.java,org.lwjgl.opengl.GL11,org.lwjgl.opengl,third_party
src/main/java/zmaster587/advancedRocketry/client/render/entity/RenderStarUIEntity.java,zmaster587.advancedRocketry.api.dimension.solar.StellarBody,zmaster587.advancedRocketry.api,upstream_internal
src/main/java/zmaster587/advancedRocketry/client/render/entity/RenderStarUIEntity.java,zmaster587.advancedRocketry.client.render.multiblocks.RendererWarpCore,zmaster587.advancedRocketry.client,upstream_internal
src/main/java/zmaster587/advancedRocketry/client/render/entity/RenderStarUIEntity.java,zmaster587.advancedRocketry.dimension.DimensionProperties,zmaster587.advancedRocketry.dimension,upstream_internal
src/main/java/zmaster587/advancedRocketry/client/render/entity/RenderStarUIEntity.java,zmaster587.advancedRocketry.entity.EntityUIStar,zmaster587.advancedRocketry.entity,upstream_internal
src/main/java/zmaster587/advancedRocketry/client/render/entity/RenderStarUIEntity.java,zmaster587.advancedRocketry.inventory.TextureResources,zmaster587.advancedRocketry.inventory,upstream_internal
src/main/java/zmaster587/advancedRocketry/client/render/entity/RenderStarUIEntity.java,zmaster587.libVulpes.render.RenderHelper,zmaster587.libVulpes.render,libvulpes
src/main/java/zmaster587/advancedRocketry/client/render/entity/RendererItem.java,java.util.Random,java.util.Random,jdk
src/main/java/zmaster587/advancedRocketry/client/render/entity/RendererItem.java,javax.annotation.Nullable,javax.annotation.Nullable,jdk
src/main/java/zmaster587/advancedRocketry/client/render/entity/RendererItem.java,net.minecraft.client.Minecraft,net.minecraft.client,client_api
src/main/java/zmaster587/advancedRocketry/client/render/entity/RendererItem.java,net.minecraft.client.renderer.RenderItem,net.minecraft.client,client_api
src/main/java/zmaster587/advancedRocketry/client/render/entity/RendererItem.java,net.minecraft.client.renderer.entity.Render,net.minecraft.client,client_api
src/main/java/zmaster587/advancedRocketry/client/render/entity/RendererItem.java,net.minecraft.client.renderer.entity.RenderEntityItem,net.minecraft.client,client_api
src/main/java/zmaster587/advancedRocketry/client/render/entity/RendererItem.java,net.minecraft.client.renderer.entity.RenderManager,net.minecraft.client,client_api
src/main/java/zmaster587/advancedRocketry/client/render/entity/RendererItem.java,net.minecraft.client.renderer.texture.TextureMap,net.minecraft.client,client_api
src/main/java/zmaster587/advancedRocketry/client/render/entity/RendererItem.java,net.minecraft.util.ResourceLocation,net.minecraft.util,minecraft
src/main/java/zmaster587/advancedRocketry/client/render/entity/RendererItem.java,net.minecraftforge.fml.client.registry.IRenderFactory,net.minecraftforge.fml,minecraft
src/main/java/zmaster587/advancedRocketry/client/render/entity/RendererItem.java,net.minecraftforge.fml.relauncher.Side,net.minecraftforge.fml,minecraft
src/main/java/zmaster587/advancedRocketry/client/render/entity/RendererItem.java,net.minecraftforge.fml.relauncher.SideOnly,net.minecraftforge.fml,minecraft
src/main/java/zmaster587/advancedRocketry/client/render/entity/RendererItem.java,zmaster587.advancedRocketry.entity.EntityItemAbducted,zmaster587.advancedRocketry.entity,upstream_internal
src/main/java/zmaster587/advancedRocketry/client/render/multiblocks/RenderAreaGravityController.java,net.minecraft.client.renderer.GlStateManager,net.minecraft.client,client_api
src/main/java/zmaster587/advancedRocketry/client/render/multiblocks/RenderAreaGravityController.java,net.minecraft.client.renderer.tileentity.TileEntitySpecialRenderer,net.minecraft.client,client_api
src/main/java/zmaster587/advancedRocketry/client/render/multiblocks/RenderAreaGravityController.java,net.minecraft.tileentity.TileEntity,net.minecraft.tileentity,minecraft
src/main/java/zmaster587/advancedRocketry/client/render/multiblocks/RenderAreaGravityController.java,net.minecraft.util.EnumFacing,net.minecraft.util,minecraft
src/main/java/zmaster587/advancedRocketry/client/render/multiblocks/RenderAreaGravityController.java,net.minecraft.util.ResourceLocation,net.minecraft.util,minecraft
src/main/java/zmaster587/advancedRocketry/client/render/multiblocks/RenderAreaGravityController.java,org.lwjgl.opengl.GL11,org.lwjgl.opengl,third_party
src/main/java/zmaster587/advancedRocketry/client/render/multiblocks/RenderAreaGravityController.java,zmaster587.advancedRocketry.backwardCompat.ModelFormatException,zmaster587.advancedRocketry.backwardCompat,upstream_internal
src/main/java/zmaster587/advancedRocketry/client/render/multiblocks/RenderAreaGravityController.java,zmaster587.advancedRocketry.backwardCompat.WavefrontObject,zmaster587.advancedRocketry.backwardCompat,upstream_internal
src/main/java/zmaster587/advancedRocketry/client/render/multiblocks/RenderAreaGravityController.java,zmaster587.advancedRocketry.tile.multiblock.TileAreaGravityController,zmaster587.advancedRocketry.tile,upstream_internal
src/main/java/zmaster587/advancedRocketry/client/render/multiblocks/RenderAreaGravityController.java,zmaster587.libVulpes.block.RotatableBlock,zmaster587.libVulpes.block,libvulpes
src/main/java/zmaster587/advancedRocketry/client/render/multiblocks/RenderAstrobodyDataProcessor.java,net.minecraft.client.renderer.tileentity.TileEntitySpecialRenderer,net.minecraft.client,client_api
src/main/java/zmaster587/advancedRocketry/client/render/multiblocks/RenderAstrobodyDataProcessor.java,net.minecraft.tileentity.TileEntity,net.minecraft.tileentity,minecraft
src/main/java/zmaster587/advancedRocketry/client/render/multiblocks/RenderAstrobodyDataProcessor.java,net.minecraft.util.EnumFacing,net.minecraft.util,minecraft
src/main/java/zmaster587/advancedRocketry/client/render/multiblocks/RenderAstrobodyDataProcessor.java,net.minecraft.util.ResourceLocation,net.minecraft.util,minecraft
src/main/java/zmaster587/advancedRocketry/client/render/multiblocks/RenderAstrobodyDataProcessor.java,org.lwjgl.opengl.GL11,org.lwjgl.opengl,third_party
src/main/java/zmaster587/advancedRocketry/client/render/multiblocks/RenderAstrobodyDataProcessor.java,zmaster587.advancedRocketry.backwardCompat.ModelFormatException,zmaster587.advancedRocketry.backwardCompat,upstream_internal
src/main/java/zmaster587/advancedRocketry/client/render/multiblocks/RenderAstrobodyDataProcessor.java,zmaster587.advancedRocketry.backwardCompat.WavefrontObject,zmaster587.advancedRocketry.backwardCompat,upstream_internal
src/main/java/zmaster587/advancedRocketry/client/render/multiblocks/RenderAstrobodyDataProcessor.java,zmaster587.libVulpes.block.RotatableBlock,zmaster587.libVulpes.block,libvulpes
src/main/java/zmaster587/advancedRocketry/client/render/multiblocks/RenderAstrobodyDataProcessor.java,zmaster587.libVulpes.tile.multiblock.TileMultiPowerConsumer,zmaster587.libVulpes.tile,libvulpes
src/main/java/zmaster587/advancedRocketry/client/render/multiblocks/RenderBeacon.java,net.minecraft.client.renderer.tileentity.TileEntitySpecialRenderer,net.minecraft.client,client_api
src/main/java/zmaster587/advancedRocketry/client/render/multiblocks/RenderBeacon.java,net.minecraft.tileentity.TileEntity,net.minecraft.tileentity,minecraft
src/main/java/zmaster587/advancedRocketry/client/render/multiblocks/RenderBeacon.java,net.minecraft.util.EnumFacing,net.minecraft.util,minecraft
src/main/java/zmaster587/advancedRocketry/client/render/multiblocks/RenderBeacon.java,net.minecraft.util.ResourceLocation,net.minecraft.util,minecraft
src/main/java/zmaster587/advancedRocketry/client/render/multiblocks/RenderBeacon.java,org.lwjgl.opengl.GL11,org.lwjgl.opengl,third_party
src/main/java/zmaster587/advancedRocketry/client/render/multiblocks/RenderBeacon.java,zmaster587.advancedRocketry.backwardCompat.ModelFormatException,zmaster587.advancedRocketry.backwardCompat,upstream_internal
src/main/java/zmaster587/advancedRocketry/client/render/multiblocks/RenderBeacon.java,zmaster587.advancedRocketry.backwardCompat.WavefrontObject,zmaster587.advancedRocketry.backwardCompat,upstream_internal
src/main/java/zmaster587/advancedRocketry/client/render/multiblocks/RenderBeacon.java,zmaster587.advancedRocketry.client.render.RenderLaser,zmaster587.advancedRocketry.client,upstream_internal
src/main/java/zmaster587/advancedRocketry/client/render/multiblocks/RenderBeacon.java,zmaster587.libVulpes.block.RotatableBlock,zmaster587.libVulpes.block,libvulpes
src/main/java/zmaster587/advancedRocketry/client/render/multiblocks/RenderBeacon.java,zmaster587.libVulpes.tile.multiblock.TileMultiPowerConsumer,zmaster587.libVulpes.tile,libvulpes
src/main/java/zmaster587/advancedRocketry/client/render/multiblocks/RenderBiomeScanner.java,net.minecraft.client.renderer.tileentity.TileEntitySpecialRenderer,net.minecraft.client,client_api
src/main/java/zmaster587/advancedRocketry/client/render/multiblocks/RenderBiomeScanner.java,net.minecraft.tileentity.TileEntity,net.minecraft.tileentity,minecraft
src/main/java/zmaster587/advancedRocketry/client/render/multiblocks/RenderBiomeScanner.java,net.minecraft.util.EnumFacing,net.minecraft.util,minecraft
src/main/java/zmaster587/advancedRocketry/client/render/multiblocks/RenderBiomeScanner.java,net.minecraft.util.ResourceLocation,net.minecraft.util,minecraft
src/main/java/zmaster587/advancedRocketry/client/render/multiblocks/RenderBiomeScanner.java,org.lwjgl.opengl.GL11,org.lwjgl.opengl,third_party
src/main/java/zmaster587/advancedRocketry/client/render/multiblocks/RenderBiomeScanner.java,zmaster587.advancedRocketry.backwardCompat.ModelFormatException,zmaster587.advancedRocketry.backwardCompat,upstream_internal
src/main/java/zmaster587/advancedRocketry/client/render/multiblocks/RenderBiomeScanner.java,zmaster587.advancedRocketry.backwardCompat.WavefrontObject,zmaster587.advancedRocketry.backwardCompat,upstream_internal
src/main/java/zmaster587/advancedRocketry/client/render/multiblocks/RenderBiomeScanner.java,zmaster587.libVulpes.block.RotatableBlock,zmaster587.libVulpes.block,libvulpes
src/main/java/zmaster587/advancedRocketry/client/render/multiblocks/RenderBiomeScanner.java,zmaster587.libVulpes.tile.multiblock.TileMultiPowerConsumer,zmaster587.libVulpes.tile,libvulpes
src/main/java/zmaster587/advancedRocketry/client/render/multiblocks/RenderBlackHoleGenerator.java,net.minecraft.client.renderer.BufferBuilder,net.minecraft.client,client_api
src/main/java/zmaster587/advancedRocketry/client/render/multiblocks/RenderBlackHoleGenerator.java,net.minecraft.client.renderer.GlStateManager,net.minecraft.client,client_api
src/main/java/zmaster587/advancedRocketry/client/render/multiblocks/RenderBlackHoleGenerator.java,net.minecraft.client.renderer.Tessellator,net.minecraft.client,client_api
src/main/java/zmaster587/advancedRocketry/client/render/multiblocks/RenderBlackHoleGenerator.java,net.minecraft.client.renderer.tileentity.TileEntitySpecialRenderer,net.minecraft.client,client_api
src/main/java/zmaster587/advancedRocketry/client/render/multiblocks/RenderBlackHoleGenerator.java,net.minecraft.client.renderer.vertex.DefaultVertexFormats,net.minecraft.client,client_api
src/main/java/zmaster587/advancedRocketry/client/render/multiblocks/RenderBlackHoleGenerator.java,net.minecraft.tileentity.TileEntity,net.minecraft.tileentity,minecraft
src/main/java/zmaster587/advancedRocketry/client/render/multiblocks/RenderBlackHoleGenerator.java,net.minecraft.util.EnumFacing,net.minecraft.util,minecraft
src/main/java/zmaster587/advancedRocketry/client/render/multiblocks/RenderBlackHoleGenerator.java,net.minecraft.util.ResourceLocation,net.minecraft.util,minecraft
src/main/java/zmaster587/advancedRocketry/client/render/multiblocks/RenderBlackHoleGenerator.java,org.lwjgl.opengl.GL11,org.lwjgl.opengl,third_party
src/main/java/zmaster587/advancedRocketry/client/render/multiblocks/RenderBlackHoleGenerator.java,zmaster587.advancedRocketry.backwardCompat.ModelFormatException,zmaster587.advancedRocketry.backwardCompat,upstream_internal
src/main/java/zmaster587/advancedRocketry/client/render/multiblocks/RenderBlackHoleGenerator.java,zmaster587.advancedRocketry.backwardCompat.WavefrontObject,zmaster587.advancedRocketry.backwardCompat,upstream_internal
src/main/java/zmaster587/advancedRocketry/client/render/multiblocks/RenderBlackHoleGenerator.java,zmaster587.advancedRocketry.tile.multiblock.energy.TileBlackHoleGenerator,zmaster587.advancedRocketry.tile,upstream_internal
src/main/java/zmaster587/advancedRocketry/client/render/multiblocks/RenderBlackHoleGenerator.java,zmaster587.libVulpes.block.RotatableBlock,zmaster587.libVulpes.block,libvulpes
src/main/java/zmaster587/advancedRocketry/client/render/multiblocks/RenderBlackHoleGenerator.java,zmaster587.libVulpes.render.RenderHelper,zmaster587.libVulpes.render,libvulpes
src/main/java/zmaster587/advancedRocketry/client/render/multiblocks/RenderCentrifuge.java,net.minecraft.client.renderer.tileentity.TileEntitySpecialRenderer,net.minecraft.client,client_api
src/main/java/zmaster587/advancedRocketry/client/render/multiblocks/RenderCentrifuge.java,net.minecraft.tileentity.TileEntity,net.minecraft.tileentity,minecraft
src/main/java/zmaster587/advancedRocketry/client/render/multiblocks/RenderCentrifuge.java,net.minecraft.util.EnumFacing,net.minecraft.util,minecraft
src/main/java/zmaster587/advancedRocketry/client/render/multiblocks/RenderCentrifuge.java,net.minecraft.util.ResourceLocation,net.minecraft.util,minecraft
src/main/java/zmaster587/advancedRocketry/client/render/multiblocks/RenderCentrifuge.java,org.lwjgl.opengl.GL11,org.lwjgl.opengl,third_party
src/main/java/zmaster587/advancedRocketry/client/render/multiblocks/RenderCentrifuge.java,zmaster587.advancedRocketry.backwardCompat.ModelFormatException,zmaster587.advancedRocketry.backwardCompat,upstream_internal
src/main/java/zmaster587/advancedRocketry/client/render/multiblocks/RenderCentrifuge.java,zmaster587.advancedRocketry.backwardCompat.WavefrontObject,zmaster587.advancedRocketry.backwardCompat,upstream_internal
src/main/java/zmaster587/advancedRocketry/client/render/multiblocks/RenderCentrifuge.java,zmaster587.advancedRocketry.tile.multiblock.machine.TileCentrifuge,zmaster587.advancedRocketry.tile,upstream_internal
src/main/java/zmaster587/advancedRocketry/client/render/multiblocks/RenderCentrifuge.java,zmaster587.libVulpes.block.RotatableBlock,zmaster587.libVulpes.block,libvulpes
src/main/java/zmaster587/advancedRocketry/client/render/multiblocks/RenderOrbitalLaserDrill.java,net.minecraft.client.renderer.BufferBuilder,net.minecraft.client,client_api
src/main/java/zmaster587/advancedRocketry/client/render/multiblocks/RenderOrbitalLaserDrill.java,net.minecraft.client.renderer.GlStateManager,net.minecraft.client,client_api
src/main/java/zmaster587/advancedRocketry/client/render/multiblocks/RenderOrbitalLaserDrill.java,net.minecraft.client.renderer.Tessellator,net.minecraft.client,client_api
src/main/java/zmaster587/advancedRocketry/client/render/multiblocks/RenderOrbitalLaserDrill.java,net.minecraft.client.renderer.tileentity.TileEntitySpecialRenderer,net.minecraft.client,client_api
src/main/java/zmaster587/advancedRocketry/client/render/multiblocks/RenderOrbitalLaserDrill.java,net.minecraft.client.renderer.vertex.DefaultVertexFormats,net.minecraft.client,client_api
src/main/java/zmaster587/advancedRocketry/client/render/multiblocks/RenderOrbitalLaserDrill.java,net.minecraft.tileentity.TileEntity,net.minecraft.tileentity,minecraft
src/main/java/zmaster587/advancedRocketry/client/render/multiblocks/RenderOrbitalLaserDrill.java,net.minecraft.util.EnumFacing,net.minecraft.util,minecraft
src/main/java/zmaster587/advancedRocketry/client/render/multiblocks/RenderOrbitalLaserDrill.java,net.minecraft.util.ResourceLocation,net.minecraft.util,minecraft
src/main/java/zmaster587/advancedRocketry/client/render/multiblocks/RenderOrbitalLaserDrill.java,org.lwjgl.opengl.GL11,org.lwjgl.opengl,third_party
src/main/java/zmaster587/advancedRocketry/client/render/multiblocks/RenderOrbitalLaserDrill.java,zmaster587.advancedRocketry.backwardCompat.ModelFormatException,zmaster587.advancedRocketry.backwardCompat,upstream_internal
src/main/java/zmaster587/advancedRocketry/client/render/multiblocks/RenderOrbitalLaserDrill.java,zmaster587.advancedRocketry.backwardCompat.WavefrontObject,zmaster587.advancedRocketry.backwardCompat,upstream_internal
src/main/java/zmaster587/advancedRocketry/client/render/multiblocks/RenderOrbitalLaserDrill.java,zmaster587.advancedRocketry.tile.multiblock.orbitallaserdrill.TileOrbitalLaserDrill,zmaster587.advancedRocketry.tile,upstream_internal
src/main/java/zmaster587/advancedRocketry/client/render/multiblocks/RenderOrbitalLaserDrill.java,zmaster587.libVulpes.block.RotatableBlock,zmaster587.libVulpes.block,libvulpes
src/main/java/zmaster587/advancedRocketry/client/render/multiblocks/RenderOrbitalLaserDrill.java,zmaster587.libVulpes.tile.multiblock.TileMultiBlock,zmaster587.libVulpes.tile,libvulpes
src/main/java/zmaster587/advancedRocketry/client/render/multiblocks/RenderTerraformerAtm.java,net.minecraft.client.renderer.GlStateManager,net.minecraft.client,client_api
src/main/java/zmaster587/advancedRocketry/client/render/multiblocks/RenderTerraformerAtm.java,net.minecraft.client.renderer.OpenGlHelper,net.minecraft.client,client_api
src/main/java/zmaster587/advancedRocketry/client/render/multiblocks/RenderTerraformerAtm.java,net.minecraft.client.renderer.tileentity.TileEntitySpecialRenderer,net.minecraft.client,client_api
src/main/java/zmaster587/advancedRocketry/client/render/multiblocks/RenderTerraformerAtm.java,net.minecraft.tileentity.TileEntity,net.minecraft.tileentity,minecraft
src/main/java/zmaster587/advancedRocketry/client/render/multiblocks/RenderTerraformerAtm.java,net.minecraft.util.EnumFacing,net.minecraft.util,minecraft
src/main/java/zmaster587/advancedRocketry/client/render/multiblocks/RenderTerraformerAtm.java,net.minecraft.util.ResourceLocation,net.minecraft.util,minecraft
src/main/java/zmaster587/advancedRocketry/client/render/multiblocks/RenderTerraformerAtm.java,org.lwjgl.opengl.GL11,org.lwjgl.opengl,third_party
src/main/java/zmaster587/advancedRocketry/client/render/multiblocks/RenderTerraformerAtm.java,zmaster587.advancedRocketry.backwardCompat.ModelFormatException,zmaster587.advancedRocketry.backwardCompat,upstream_internal
src/main/java/zmaster587/advancedRocketry/client/render/multiblocks/RenderTerraformerAtm.java,zmaster587.advancedRocketry.backwardCompat.WavefrontObject,zmaster587.advancedRocketry.backwardCompat,upstream_internal
src/main/java/zmaster587/advancedRocketry/client/render/multiblocks/RenderTerraformerAtm.java,zmaster587.advancedRocketry.inventory.TextureResources,zmaster587.advancedRocketry.inventory,upstream_internal
src/main/java/zmaster587/advancedRocketry/client/render/multiblocks/RenderTerraformerAtm.java,zmaster587.libVulpes.block.RotatableBlock,zmaster587.libVulpes.block,libvulpes
src/main/java/zmaster587/advancedRocketry/client/render/multiblocks/RenderTerraformerAtm.java,zmaster587.libVulpes.tile.multiblock.TileMultiBlock,zmaster587.libVulpes.tile,libvulpes
src/main/java/zmaster587/advancedRocketry/client/render/multiblocks/RendererChemicalReactor.java,net.minecraft.client.renderer.tileentity.TileEntitySpecialRenderer,net.minecraft.client,client_api
src/main/java/zmaster587/advancedRocketry/client/render/multiblocks/RendererChemicalReactor.java,net.minecraft.tileentity.TileEntity,net.minecraft.tileentity,minecraft
src/main/java/zmaster587/advancedRocketry/client/render/multiblocks/RendererChemicalReactor.java,net.minecraft.util.EnumFacing,net.minecraft.util,minecraft
src/main/java/zmaster587/advancedRocketry/client/render/multiblocks/RendererChemicalReactor.java,net.minecraft.util.ResourceLocation,net.minecraft.util,minecraft
src/main/java/zmaster587/advancedRocketry/client/render/multiblocks/RendererChemicalReactor.java,org.lwjgl.opengl.GL11,org.lwjgl.opengl,third_party
src/main/java/zmaster587/advancedRocketry/client/render/multiblocks/RendererChemicalReactor.java,zmaster587.advancedRocketry.backwardCompat.ModelFormatException,zmaster587.advancedRocketry.backwardCompat,upstream_internal
src/main/java/zmaster587/advancedRocketry/client/render/multiblocks/RendererChemicalReactor.java,zmaster587.advancedRocketry.backwardCompat.WavefrontObject,zmaster587.advancedRocketry.backwardCompat,upstream_internal
src/main/java/zmaster587/advancedRocketry/client/render/multiblocks/RendererChemicalReactor.java,zmaster587.advancedRocketry.tile.multiblock.machine.TileChemicalReactor,zmaster587.advancedRocketry.tile,upstream_internal
src/main/java/zmaster587/advancedRocketry/client/render/multiblocks/RendererChemicalReactor.java,zmaster587.libVulpes.block.RotatableBlock,zmaster587.libVulpes.block,libvulpes
src/main/java/zmaster587/advancedRocketry/client/render/multiblocks/RendererCrystallizer.java,java.util.List,java.util.List,jdk
src/main/java/zmaster587/advancedRocketry/client/render/multiblocks/RendererCrystallizer.java,net.minecraft.client.Minecraft,net.minecraft.client,client_api
src/main/java/zmaster587/advancedRocketry/client/render/multiblocks/RendererCrystallizer.java,net.minecraft.client.renderer.tileentity.TileEntitySpecialRenderer,net.minecraft.client,client_api
src/main/java/zmaster587/advancedRocketry/client/render/multiblocks/RendererCrystallizer.java,net.minecraft.entity.item.EntityItem,net.minecraft.entity,minecraft
src/main/java/zmaster587/advancedRocketry/client/render/multiblocks/RendererCrystallizer.java,net.minecraft.item.ItemStack,net.minecraft.item,minecraft
src/main/java/zmaster587/advancedRocketry/client/render/multiblocks/RendererCrystallizer.java,net.minecraft.tileentity.TileEntity,net.minecraft.tileentity,minecraft
src/main/java/zmaster587/advancedRocketry/client/render/multiblocks/RendererCrystallizer.java,net.minecraft.util.EnumFacing,net.minecraft.util,minecraft
src/main/java/zmaster587/advancedRocketry/client/render/multiblocks/RendererCrystallizer.java,net.minecraft.util.ResourceLocation,net.minecraft.util,minecraft
src/main/java/zmaster587/advancedRocketry/client/render/multiblocks/RendererCrystallizer.java,org.lwjgl.opengl.GL11,org.lwjgl.opengl,third_party
src/main/java/zmaster587/advancedRocketry/client/render/multiblocks/RendererCrystallizer.java,zmaster587.advancedRocketry.backwardCompat.ModelFormatException,zmaster587.advancedRocketry.backwardCompat,upstream_internal
src/main/java/zmaster587/advancedRocketry/client/render/multiblocks/RendererCrystallizer.java,zmaster587.advancedRocketry.backwardCompat.WavefrontObject,zmaster587.advancedRocketry.backwardCompat,upstream_internal
src/main/java/zmaster587/advancedRocketry/client/render/multiblocks/RendererCrystallizer.java,zmaster587.libVulpes.block.RotatableBlock,zmaster587.libVulpes.block,libvulpes
src/main/java/zmaster587/advancedRocketry/client/render/multiblocks/RendererCrystallizer.java,zmaster587.libVulpes.tile.multiblock.TileMultiblockMachine,zmaster587.libVulpes.tile,libvulpes
src/main/java/zmaster587/advancedRocketry/client/render/multiblocks/RendererCuttingMachine.java,java.util.List,java.util.List,jdk
src/main/java/zmaster587/advancedRocketry/client/render/multiblocks/RendererCuttingMachine.java,net.minecraft.client.Minecraft,net.minecraft.client,client_api
src/main/java/zmaster587/advancedRocketry/client/render/multiblocks/RendererCuttingMachine.java,net.minecraft.client.renderer.tileentity.TileEntitySpecialRenderer,net.minecraft.client,client_api
src/main/java/zmaster587/advancedRocketry/client/render/multiblocks/RendererCuttingMachine.java,net.minecraft.item.ItemStack,net.minecraft.item,minecraft
src/main/java/zmaster587/advancedRocketry/client/render/multiblocks/RendererCuttingMachine.java,net.minecraft.tileentity.TileEntity,net.minecraft.tileentity,minecraft
src/main/java/zmaster587/advancedRocketry/client/render/multiblocks/RendererCuttingMachine.java,net.minecraft.util.EnumFacing,net.minecraft.util,minecraft
src/main/java/zmaster587/advancedRocketry/client/render/multiblocks/RendererCuttingMachine.java,net.minecraft.util.ResourceLocation,net.minecraft.util,minecraft
src/main/java/zmaster587/advancedRocketry/client/render/multiblocks/RendererCuttingMachine.java,org.lwjgl.opengl.GL11,org.lwjgl.opengl,third_party
src/main/java/zmaster587/advancedRocketry/client/render/multiblocks/RendererCuttingMachine.java,zmaster587.advancedRocketry.backwardCompat.ModelFormatException,zmaster587.advancedRocketry.backwardCompat,upstream_internal
src/main/java/zmaster587/advancedRocketry/client/render/multiblocks/RendererCuttingMachine.java,zmaster587.advancedRocketry.backwardCompat.WavefrontObject,zmaster587.advancedRocketry.backwardCompat,upstream_internal
src/main/java/zmaster587/advancedRocketry/client/render/multiblocks/RendererCuttingMachine.java,zmaster587.libVulpes.block.RotatableBlock,zmaster587.libVulpes.block,libvulpes
src/main/java/zmaster587/advancedRocketry/client/render/multiblocks/RendererCuttingMachine.java,zmaster587.libVulpes.render.RenderHelper,zmaster587.libVulpes.render,libvulpes
src/main/java/zmaster587/advancedRocketry/client/render/multiblocks/RendererCuttingMachine.java,zmaster587.libVulpes.tile.multiblock.TileMultiblockMachine,zmaster587.libVulpes.tile,libvulpes
src/main/java/zmaster587/advancedRocketry/client/render/multiblocks/RendererElectrolyser.java,net.minecraft.client.renderer.BufferBuilder,net.minecraft.client,client_api
src/main/java/zmaster587/advancedRocketry/client/render/multiblocks/RendererElectrolyser.java,net.minecraft.client.renderer.GlStateManager,net.minecraft.client,client_api
src/main/java/zmaster587/advancedRocketry/client/render/multiblocks/RendererElectrolyser.java,net.minecraft.client.renderer.Tessellator,net.minecraft.client,client_api
src/main/java/zmaster587/advancedRocketry/client/render/multiblocks/RendererElectrolyser.java,net.minecraft.client.renderer.tileentity.TileEntitySpecialRenderer,net.minecraft.client,client_api
src/main/java/zmaster587/advancedRocketry/client/render/multiblocks/RendererElectrolyser.java,net.minecraft.client.renderer.vertex.DefaultVertexFormats,net.minecraft.client,client_api
src/main/java/zmaster587/advancedRocketry/client/render/multiblocks/RendererElectrolyser.java,net.minecraft.tileentity.TileEntity,net.minecraft.tileentity,minecraft
src/main/java/zmaster587/advancedRocketry/client/render/multiblocks/RendererElectrolyser.java,net.minecraft.util.EnumFacing,net.minecraft.util,minecraft
src/main/java/zmaster587/advancedRocketry/client/render/multiblocks/RendererElectrolyser.java,net.minecraft.util.ResourceLocation,net.minecraft.util,minecraft
src/main/java/zmaster587/advancedRocketry/client/render/multiblocks/RendererElectrolyser.java,net.minecraft.util.math.MathHelper,net.minecraft.util,minecraft
src/main/java/zmaster587/advancedRocketry/client/render/multiblocks/RendererElectrolyser.java,org.lwjgl.opengl.GL11,org.lwjgl.opengl,third_party
src/main/java/zmaster587/advancedRocketry/client/render/multiblocks/RendererElectrolyser.java,zmaster587.advancedRocketry.backwardCompat.ModelFormatException,zmaster587.advancedRocketry.backwardCompat,upstream_internal
src/main/java/zmaster587/advancedRocketry/client/render/multiblocks/RendererElectrolyser.java,zmaster587.advancedRocketry.backwardCompat.WavefrontObject,zmaster587.advancedRocketry.backwardCompat,upstream_internal
src/main/java/zmaster587/advancedRocketry/client/render/multiblocks/RendererElectrolyser.java,zmaster587.libVulpes.block.RotatableBlock,zmaster587.libVulpes.block,libvulpes
src/main/java/zmaster587/advancedRocketry/client/render/multiblocks/RendererElectrolyser.java,zmaster587.libVulpes.render.RenderHelper,zmaster587.libVulpes.render,libvulpes
src/main/java/zmaster587/advancedRocketry/client/render/multiblocks/RendererElectrolyser.java,zmaster587.libVulpes.tile.multiblock.TileMultiblockMachine,zmaster587.libVulpes.tile,libvulpes
src/main/java/zmaster587/advancedRocketry/client/render/multiblocks/RendererLathe.java,net.minecraft.client.renderer.tileentity.TileEntitySpecialRenderer,net.minecraft.client,client_api
src/main/java/zmaster587/advancedRocketry/client/render/multiblocks/RendererLathe.java,net.minecraft.item.ItemStack,net.minecraft.item,minecraft
src/main/java/zmaster587/advancedRocketry/client/render/multiblocks/RendererLathe.java,net.minecraft.tileentity.TileEntity,net.minecraft.tileentity,minecraft
src/main/java/zmaster587/advancedRocketry/client/render/multiblocks/RendererLathe.java,net.minecraft.util.EnumFacing,net.minecraft.util,minecraft
src/main/java/zmaster587/advancedRocketry/client/render/multiblocks/RendererLathe.java,net.minecraft.util.ResourceLocation,net.minecraft.util,minecraft
src/main/java/zmaster587/advancedRocketry/client/render/multiblocks/RendererLathe.java,org.lwjgl.opengl.GL11,org.lwjgl.opengl,third_party
src/main/java/zmaster587/advancedRocketry/client/render/multiblocks/RendererLathe.java,zmaster587.advancedRocketry.backwardCompat.ModelFormatException,zmaster587.advancedRocketry.backwardCompat,upstream_internal
src/main/java/zmaster587/advancedRocketry/client/render/multiblocks/RendererLathe.java,zmaster587.advancedRocketry.backwardCompat.WavefrontObject,zmaster587.advancedRocketry.backwardCompat,upstream_internal
src/main/java/zmaster587/advancedRocketry/client/render/multiblocks/RendererLathe.java,zmaster587.libVulpes.api.material.MaterialRegistry,zmaster587.libVulpes.api,libvulpes
src/main/java/zmaster587/advancedRocketry/client/render/multiblocks/RendererLathe.java,zmaster587.libVulpes.block.RotatableBlock,zmaster587.libVulpes.block,libvulpes
src/main/java/zmaster587/advancedRocketry/client/render/multiblocks/RendererLathe.java,zmaster587.libVulpes.tile.multiblock.TileMultiblockMachine,zmaster587.libVulpes.tile,libvulpes
src/main/java/zmaster587/advancedRocketry/client/render/multiblocks/RendererMicrowaveReciever.java,net.minecraft.client.Minecraft,net.minecraft.client,client_api
src/main/java/zmaster587/advancedRocketry/client/render/multiblocks/RendererMicrowaveReciever.java,net.minecraft.client.renderer.BufferBuilder,net.minecraft.client,client_api
src/main/java/zmaster587/advancedRocketry/client/render/multiblocks/RendererMicrowaveReciever.java,net.minecraft.client.renderer.GlStateManager,net.minecraft.client,client_api
src/main/java/zmaster587/advancedRocketry/client/render/multiblocks/RendererMicrowaveReciever.java,net.minecraft.client.renderer.OpenGlHelper,net.minecraft.client,client_api
src/main/java/zmaster587/advancedRocketry/client/render/multiblocks/RendererMicrowaveReciever.java,net.minecraft.client.renderer.Tessellator,net.minecraft.client,client_api
src/main/java/zmaster587/advancedRocketry/client/render/multiblocks/RendererMicrowaveReciever.java,net.minecraft.client.renderer.tileentity.TileEntitySpecialRenderer,net.minecraft.client,client_api
src/main/java/zmaster587/advancedRocketry/client/render/multiblocks/RendererMicrowaveReciever.java,net.minecraft.client.renderer.vertex.DefaultVertexFormats,net.minecraft.client,client_api
src/main/java/zmaster587/advancedRocketry/client/render/multiblocks/RendererMicrowaveReciever.java,net.minecraft.tileentity.TileEntity,net.minecraft.tileentity,minecraft
src/main/java/zmaster587/advancedRocketry/client/render/multiblocks/RendererMicrowaveReciever.java,net.minecraft.util.ResourceLocation,net.minecraft.util,minecraft
src/main/java/zmaster587/advancedRocketry/client/render/multiblocks/RendererMicrowaveReciever.java,net.minecraft.util.math.MathHelper,net.minecraft.util,minecraft
src/main/java/zmaster587/advancedRocketry/client/render/multiblocks/RendererMicrowaveReciever.java,org.lwjgl.opengl.GL11,org.lwjgl.opengl,third_party
src/main/java/zmaster587/advancedRocketry/client/render/multiblocks/RendererMicrowaveReciever.java,zmaster587.advancedRocketry.api.ARConfiguration,zmaster587.advancedRocketry.api,upstream_internal
src/main/java/zmaster587/advancedRocketry/client/render/multiblocks/RendererMicrowaveReciever.java,zmaster587.advancedRocketry.tile.multiblock.energy.TileMicrowaveReciever,zmaster587.advancedRocketry.tile,upstream_internal
src/main/java/zmaster587/advancedRocketry/client/render/multiblocks/RendererMicrowaveReciever.java,zmaster587.libVulpes.render.RenderHelper,zmaster587.libVulpes.render,libvulpes
src/main/java/zmaster587/advancedRocketry/client/render/multiblocks/RendererObservatory.java,net.minecraft.client.renderer.GlStateManager,net.minecraft.client,client_api
src/main/java/zmaster587/advancedRocketry/client/render/multiblocks/RendererObservatory.java,net.minecraft.client.renderer.OpenGlHelper,net.minecraft.client,client_api
src/main/java/zmaster587/advancedRocketry/client/render/multiblocks/RendererObservatory.java,net.minecraft.client.renderer.tileentity.TileEntitySpecialRenderer,net.minecraft.client,client_api
src/main/java/zmaster587/advancedRocketry/client/render/multiblocks/RendererObservatory.java,net.minecraft.tileentity.TileEntity,net.minecraft.tileentity,minecraft
src/main/java/zmaster587/advancedRocketry/client/render/multiblocks/RendererObservatory.java,net.minecraft.util.EnumFacing,net.minecraft.util,minecraft
src/main/java/zmaster587/advancedRocketry/client/render/multiblocks/RendererObservatory.java,net.minecraft.util.ResourceLocation,net.minecraft.util,minecraft
src/main/java/zmaster587/advancedRocketry/client/render/multiblocks/RendererObservatory.java,org.lwjgl.opengl.GL11,org.lwjgl.opengl,third_party
src/main/java/zmaster587/advancedRocketry/client/render/multiblocks/RendererObservatory.java,zmaster587.advancedRocketry.backwardCompat.ModelFormatException,zmaster587.advancedRocketry.backwardCompat,upstream_internal
src/main/java/zmaster587/advancedRocketry/client/render/multiblocks/RendererObservatory.java,zmaster587.advancedRocketry.backwardCompat.WavefrontObject,zmaster587.advancedRocketry.backwardCompat,upstream_internal
src/main/java/zmaster587/advancedRocketry/client/render/multiblocks/RendererObservatory.java,zmaster587.advancedRocketry.tile.multiblock.TileObservatory,zmaster587.advancedRocketry.tile,upstream_internal
src/main/java/zmaster587/advancedRocketry/client/render/multiblocks/RendererObservatory.java,zmaster587.libVulpes.block.RotatableBlock,zmaster587.libVulpes.block,libvulpes
src/main/java/zmaster587/advancedRocketry/client/render/multiblocks/RendererPrecisionAssembler.java,java.util.List,java.util.List,jdk
src/main/java/zmaster587/advancedRocketry/client/render/multiblocks/RendererPrecisionAssembler.java,net.minecraft.client.Minecraft,net.minecraft.client,client_api
src/main/java/zmaster587/advancedRocketry/client/render/multiblocks/RendererPrecisionAssembler.java,net.minecraft.client.renderer.tileentity.TileEntitySpecialRenderer,net.minecraft.client,client_api
src/main/java/zmaster587/advancedRocketry/client/render/multiblocks/RendererPrecisionAssembler.java,net.minecraft.entity.item.EntityItem,net.minecraft.entity,minecraft
src/main/java/zmaster587/advancedRocketry/client/render/multiblocks/RendererPrecisionAssembler.java,net.minecraft.item.ItemStack,net.minecraft.item,minecraft
src/main/java/zmaster587/advancedRocketry/client/render/multiblocks/RendererPrecisionAssembler.java,net.minecraft.tileentity.TileEntity,net.minecraft.tileentity,minecraft
src/main/java/zmaster587/advancedRocketry/client/render/multiblocks/RendererPrecisionAssembler.java,net.minecraft.util.EnumFacing,net.minecraft.util,minecraft
src/main/java/zmaster587/advancedRocketry/client/render/multiblocks/RendererPrecisionAssembler.java,net.minecraft.util.ResourceLocation,net.minecraft.util,minecraft
src/main/java/zmaster587/advancedRocketry/client/render/multiblocks/RendererPrecisionAssembler.java,org.lwjgl.opengl.GL11,org.lwjgl.opengl,third_party
src/main/java/zmaster587/advancedRocketry/client/render/multiblocks/RendererPrecisionAssembler.java,zmaster587.advancedRocketry.backwardCompat.ModelFormatException,zmaster587.advancedRocketry.backwardCompat,upstream_internal
src/main/java/zmaster587/advancedRocketry/client/render/multiblocks/RendererPrecisionAssembler.java,zmaster587.advancedRocketry.backwardCompat.WavefrontObject,zmaster587.advancedRocketry.backwardCompat,upstream_internal
src/main/java/zmaster587/advancedRocketry/client/render/multiblocks/RendererPrecisionAssembler.java,zmaster587.libVulpes.block.RotatableBlock,zmaster587.libVulpes.block,libvulpes
src/main/java/zmaster587/advancedRocketry/client/render/multiblocks/RendererPrecisionAssembler.java,zmaster587.libVulpes.render.RenderHelper,zmaster587.libVulpes.render,libvulpes
src/main/java/zmaster587/advancedRocketry/client/render/multiblocks/RendererPrecisionAssembler.java,zmaster587.libVulpes.tile.multiblock.TileMultiblockMachine,zmaster587.libVulpes.tile,libvulpes
src/main/java/zmaster587/advancedRocketry/client/render/multiblocks/RendererPrecisionLaserEtcher.java,net.minecraft.client.renderer.tileentity.TileEntitySpecialRenderer,net.minecraft.client,client_api
src/main/java/zmaster587/advancedRocketry/client/render/multiblocks/RendererPrecisionLaserEtcher.java,net.minecraft.tileentity.TileEntity,net.minecraft.tileentity,minecraft
src/main/java/zmaster587/advancedRocketry/client/render/multiblocks/RendererPrecisionLaserEtcher.java,net.minecraft.util.EnumFacing,net.minecraft.util,minecraft
src/main/java/zmaster587/advancedRocketry/client/render/multiblocks/RendererPrecisionLaserEtcher.java,net.minecraft.util.ResourceLocation,net.minecraft.util,minecraft
src/main/java/zmaster587/advancedRocketry/client/render/multiblocks/RendererPrecisionLaserEtcher.java,org.lwjgl.opengl.GL11,org.lwjgl.opengl,third_party
src/main/java/zmaster587/advancedRocketry/client/render/multiblocks/RendererPrecisionLaserEtcher.java,zmaster587.advancedRocketry.backwardCompat.ModelFormatException,zmaster587.advancedRocketry.backwardCompat,upstream_internal
src/main/java/zmaster587/advancedRocketry/client/render/multiblocks/RendererPrecisionLaserEtcher.java,zmaster587.advancedRocketry.backwardCompat.WavefrontObject,zmaster587.advancedRocketry.backwardCompat,upstream_internal
src/main/java/zmaster587/advancedRocketry/client/render/multiblocks/RendererPrecisionLaserEtcher.java,zmaster587.libVulpes.block.RotatableBlock,zmaster587.libVulpes.block,libvulpes
src/main/java/zmaster587/advancedRocketry/client/render/multiblocks/RendererPrecisionLaserEtcher.java,zmaster587.libVulpes.tile.multiblock.TileMultiblockMachine,zmaster587.libVulpes.tile,libvulpes
src/main/java/zmaster587/advancedRocketry/client/render/multiblocks/RendererRailgun.java,net.minecraft.client.renderer.tileentity.TileEntitySpecialRenderer,net.minecraft.client,client_api
src/main/java/zmaster587/advancedRocketry/client/render/multiblocks/RendererRailgun.java,net.minecraft.tileentity.TileEntity,net.minecraft.tileentity,minecraft
src/main/java/zmaster587/advancedRocketry/client/render/multiblocks/RendererRailgun.java,net.minecraft.util.EnumFacing,net.minecraft.util,minecraft
src/main/java/zmaster587/advancedRocketry/client/render/multiblocks/RendererRailgun.java,net.minecraft.util.ResourceLocation,net.minecraft.util,minecraft
src/main/java/zmaster587/advancedRocketry/client/render/multiblocks/RendererRailgun.java,org.lwjgl.opengl.GL11,org.lwjgl.opengl,third_party
src/main/java/zmaster587/advancedRocketry/client/render/multiblocks/RendererRailgun.java,zmaster587.advancedRocketry.backwardCompat.ModelFormatException,zmaster587.advancedRocketry.backwardCompat,upstream_internal
src/main/java/zmaster587/advancedRocketry/client/render/multiblocks/RendererRailgun.java,zmaster587.advancedRocketry.backwardCompat.WavefrontObject,zmaster587.advancedRocketry.backwardCompat,upstream_internal
src/main/java/zmaster587/advancedRocketry/client/render/multiblocks/RendererRailgun.java,zmaster587.advancedRocketry.tile.multiblock.TileRailgun,zmaster587.advancedRocketry.tile,upstream_internal
src/main/java/zmaster587/advancedRocketry/client/render/multiblocks/RendererRailgun.java,zmaster587.libVulpes.block.RotatableBlock,zmaster587.libVulpes.block,libvulpes
src/main/java/zmaster587/advancedRocketry/client/render/multiblocks/RendererRollingMachine.java,net.minecraft.client.renderer.tileentity.TileEntitySpecialRenderer,net.minecraft.client,client_api
src/main/java/zmaster587/advancedRocketry/client/render/multiblocks/RendererRollingMachine.java,net.minecraft.item.ItemStack,net.minecraft.item,minecraft
src/main/java/zmaster587/advancedRocketry/client/render/multiblocks/RendererRollingMachine.java,net.minecraft.tileentity.TileEntity,net.minecraft.tileentity,minecraft
src/main/java/zmaster587/advancedRocketry/client/render/multiblocks/RendererRollingMachine.java,net.minecraft.util.EnumFacing,net.minecraft.util,minecraft
src/main/java/zmaster587/advancedRocketry/client/render/multiblocks/RendererRollingMachine.java,net.minecraft.util.ResourceLocation,net.minecraft.util,minecraft
src/main/java/zmaster587/advancedRocketry/client/render/multiblocks/RendererRollingMachine.java,org.lwjgl.opengl.GL11,org.lwjgl.opengl,third_party
src/main/java/zmaster587/advancedRocketry/client/render/multiblocks/RendererRollingMachine.java,zmaster587.advancedRocketry.backwardCompat.ModelFormatException,zmaster587.advancedRocketry.backwardCompat,upstream_internal
src/main/java/zmaster587/advancedRocketry/client/render/multiblocks/RendererRollingMachine.java,zmaster587.advancedRocketry.backwardCompat.WavefrontObject,zmaster587.advancedRocketry.backwardCompat,upstream_internal
src/main/java/zmaster587/advancedRocketry/client/render/multiblocks/RendererRollingMachine.java,zmaster587.libVulpes.block.RotatableBlock,zmaster587.libVulpes.block,libvulpes
src/main/java/zmaster587/advancedRocketry/client/render/multiblocks/RendererRollingMachine.java,zmaster587.libVulpes.tile.multiblock.TileMultiblockMachine,zmaster587.libVulpes.tile,libvulpes
src/main/java/zmaster587/advancedRocketry/client/render/multiblocks/RendererSolarArray.java,net.minecraft.client.renderer.tileentity.TileEntitySpecialRenderer,net.minecraft.client,client_api
src/main/java/zmaster587/advancedRocketry/client/render/multiblocks/RendererSolarArray.java,net.minecraft.tileentity.TileEntity,net.minecraft.tileentity,minecraft
src/main/java/zmaster587/advancedRocketry/client/render/multiblocks/RendererSolarArray.java,net.minecraft.util.EnumFacing,net.minecraft.util,minecraft
src/main/java/zmaster587/advancedRocketry/client/render/multiblocks/RendererSolarArray.java,net.minecraft.util.ResourceLocation,net.minecraft.util,minecraft
src/main/java/zmaster587/advancedRocketry/client/render/multiblocks/RendererSolarArray.java,org.lwjgl.opengl.GL11,org.lwjgl.opengl,third_party
src/main/java/zmaster587/advancedRocketry/client/render/multiblocks/RendererSolarArray.java,zmaster587.advancedRocketry.backwardCompat.ModelFormatException,zmaster587.advancedRocketry.backwardCompat,upstream_internal
src/main/java/zmaster587/advancedRocketry/client/render/multiblocks/RendererSolarArray.java,zmaster587.advancedRocketry.backwardCompat.WavefrontObject,zmaster587.advancedRocketry.backwardCompat,upstream_internal
src/main/java/zmaster587/advancedRocketry/client/render/multiblocks/RendererSolarArray.java,zmaster587.advancedRocketry.tile.multiblock.energy.TileSolarArray,zmaster587.advancedRocketry.tile,upstream_internal
src/main/java/zmaster587/advancedRocketry/client/render/multiblocks/RendererSolarArray.java,zmaster587.libVulpes.block.RotatableBlock,zmaster587.libVulpes.block,libvulpes
src/main/java/zmaster587/advancedRocketry/client/render/multiblocks/RendererSpaceElevator.java,net.minecraft.client.renderer.BufferBuilder,net.minecraft.client,client_api
src/main/java/zmaster587/advancedRocketry/client/render/multiblocks/RendererSpaceElevator.java,net.minecraft.client.renderer.GlStateManager,net.minecraft.client,client_api
src/main/java/zmaster587/advancedRocketry/client/render/multiblocks/RendererSpaceElevator.java,net.minecraft.client.renderer.Tessellator,net.minecraft.client,client_api
src/main/java/zmaster587/advancedRocketry/client/render/multiblocks/RendererSpaceElevator.java,net.minecraft.client.renderer.tileentity.TileEntitySpecialRenderer,net.minecraft.client,client_api
src/main/java/zmaster587/advancedRocketry/client/render/multiblocks/RendererSpaceElevator.java,net.minecraft.client.renderer.vertex.DefaultVertexFormats,net.minecraft.client,client_api
src/main/java/zmaster587/advancedRocketry/client/render/multiblocks/RendererSpaceElevator.java,net.minecraft.entity.Entity,net.minecraft.entity,minecraft
src/main/java/zmaster587/advancedRocketry/client/render/multiblocks/RendererSpaceElevator.java,net.minecraft.tileentity.TileEntity,net.minecraft.tileentity,minecraft
src/main/java/zmaster587/advancedRocketry/client/render/multiblocks/RendererSpaceElevator.java,net.minecraft.util.EnumFacing,net.minecraft.util,minecraft
src/main/java/zmaster587/advancedRocketry/client/render/multiblocks/RendererSpaceElevator.java,net.minecraft.util.ResourceLocation,net.minecraft.util,minecraft
src/main/java/zmaster587/advancedRocketry/client/render/multiblocks/RendererSpaceElevator.java,org.lwjgl.opengl.GL11,org.lwjgl.opengl,third_party
src/main/java/zmaster587/advancedRocketry/client/render/multiblocks/RendererSpaceElevator.java,zmaster587.advancedRocketry.backwardCompat.ModelFormatException,zmaster587.advancedRocketry.backwardCompat,upstream_internal
src/main/java/zmaster587/advancedRocketry/client/render/multiblocks/RendererSpaceElevator.java,zmaster587.advancedRocketry.backwardCompat.WavefrontObject,zmaster587.advancedRocketry.backwardCompat,upstream_internal
src/main/java/zmaster587/advancedRocketry/client/render/multiblocks/RendererSpaceElevator.java,zmaster587.advancedRocketry.client.render.RenderLaser,zmaster587.advancedRocketry.client,upstream_internal
src/main/java/zmaster587/advancedRocketry/client/render/multiblocks/RendererSpaceElevator.java,zmaster587.advancedRocketry.tile.multiblock.TileSpaceElevator,zmaster587.advancedRocketry.tile,upstream_internal
src/main/java/zmaster587/advancedRocketry/client/render/multiblocks/RendererSpaceElevator.java,zmaster587.libVulpes.block.RotatableBlock,zmaster587.libVulpes.block,libvulpes
src/main/java/zmaster587/advancedRocketry/client/render/multiblocks/RendererSpaceElevator.java,zmaster587.libVulpes.render.RenderHelper,zmaster587.libVulpes.render,libvulpes
src/main/java/zmaster587/advancedRocketry/client/render/multiblocks/RendererWarpCore.java,net.minecraft.client.Minecraft,net.minecraft.client,client_api
src/main/java/zmaster587/advancedRocketry/client/render/multiblocks/RendererWarpCore.java,net.minecraft.client.renderer.BufferBuilder,net.minecraft.client,client_api
src/main/java/zmaster587/advancedRocketry/client/render/multiblocks/RendererWarpCore.java,net.minecraft.client.renderer.GlStateManager,net.minecraft.client,client_api
src/main/java/zmaster587/advancedRocketry/client/render/multiblocks/RendererWarpCore.java,net.minecraft.client.renderer.RenderItem,net.minecraft.client,client_api
src/main/java/zmaster587/advancedRocketry/client/render/multiblocks/RendererWarpCore.java,net.minecraft.client.renderer.Tessellator,net.minecraft.client,client_api
src/main/java/zmaster587/advancedRocketry/client/render/multiblocks/RendererWarpCore.java,net.minecraft.client.renderer.tileentity.TileEntitySpecialRenderer,net.minecraft.client,client_api
src/main/java/zmaster587/advancedRocketry/client/render/multiblocks/RendererWarpCore.java,net.minecraft.client.renderer.vertex.DefaultVertexFormats,net.minecraft.client,client_api
src/main/java/zmaster587/advancedRocketry/client/render/multiblocks/RendererWarpCore.java,net.minecraft.tileentity.TileEntity,net.minecraft.tileentity,minecraft
src/main/java/zmaster587/advancedRocketry/client/render/multiblocks/RendererWarpCore.java,net.minecraft.util.EnumFacing,net.minecraft.util,minecraft
src/main/java/zmaster587/advancedRocketry/client/render/multiblocks/RendererWarpCore.java,net.minecraft.util.ResourceLocation,net.minecraft.util,minecraft
src/main/java/zmaster587/advancedRocketry/client/render/multiblocks/RendererWarpCore.java,org.lwjgl.opengl.GL11,org.lwjgl.opengl,third_party
src/main/java/zmaster587/advancedRocketry/client/render/multiblocks/RendererWarpCore.java,zmaster587.advancedRocketry.api.stations.ISpaceObject,zmaster587.advancedRocketry.api,upstream_internal
src/main/java/zmaster587/advancedRocketry/client/render/multiblocks/RendererWarpCore.java,zmaster587.advancedRocketry.backwardCompat.ModelFormatException,zmaster587.advancedRocketry.backwardCompat,upstream_internal
src/main/java/zmaster587/advancedRocketry/client/render/multiblocks/RendererWarpCore.java,zmaster587.advancedRocketry.backwardCompat.WavefrontObject,zmaster587.advancedRocketry.backwardCompat,upstream_internal
src/main/java/zmaster587/advancedRocketry/client/render/multiblocks/RendererWarpCore.java,zmaster587.advancedRocketry.stations.SpaceObjectManager,zmaster587.advancedRocketry.stations,upstream_internal
src/main/java/zmaster587/advancedRocketry/client/render/multiblocks/RendererWarpCore.java,zmaster587.advancedRocketry.stations.SpaceStationObject,zmaster587.advancedRocketry.stations,upstream_internal
src/main/java/zmaster587/advancedRocketry/client/render/multiblocks/RendererWarpCore.java,zmaster587.advancedRocketry.world.provider.WorldProviderSpace,zmaster587.advancedRocketry.world,upstream_internal
src/main/java/zmaster587/advancedRocketry/client/render/multiblocks/RendererWarpCore.java,zmaster587.libVulpes.block.RotatableBlock,zmaster587.libVulpes.block,libvulpes
src/main/java/zmaster587/advancedRocketry/client/render/multiblocks/RendererWarpCore.java,zmaster587.libVulpes.render.RenderHelper,zmaster587.libVulpes.render,libvulpes
src/main/java/zmaster587/advancedRocketry/client/render/multiblocks/RendererWarpCore.java,zmaster587.libVulpes.tile.multiblock.TileMultiBlock,zmaster587.libVulpes.tile,libvulpes
src/main/java/zmaster587/advancedRocketry/client/render/planet/RenderAsteroidSky.java,java.util.LinkedList,java.util.LinkedList,jdk
src/main/java/zmaster587/advancedRocketry/client/render/planet/RenderAsteroidSky.java,java.util.List,java.util.List,jdk
src/main/java/zmaster587/advancedRocketry/client/render/planet/RenderAsteroidSky.java,java.util.Random,java.util.Random,jdk
src/main/java/zmaster587/advancedRocketry/client/render/planet/RenderAsteroidSky.java,net.minecraft.client.Minecraft,net.minecraft.client,client_api
src/main/java/zmaster587/advancedRocketry/client/render/planet/RenderAsteroidSky.java,net.minecraft.client.multiplayer.WorldClient,net.minecraft.client,client_api
src/main/java/zmaster587/advancedRocketry/client/render/planet/RenderAsteroidSky.java,net.minecraft.client.renderer.*,net.minecraft.client,client_api
src/main/java/zmaster587/advancedRocketry/client/render/planet/RenderAsteroidSky.java,net.minecraft.client.renderer.GlStateManager.DestFactor,net.minecraft.client,client_api
src/main/java/zmaster587/advancedRocketry/client/render/planet/RenderAsteroidSky.java,net.minecraft.client.renderer.GlStateManager.SourceFactor,net.minecraft.client,client_api
src/main/java/zmaster587/advancedRocketry/client/render/planet/RenderAsteroidSky.java,net.minecraft.client.renderer.vertex.DefaultVertexFormats,net.minecraft.client,client_api
src/main/java/zmaster587/advancedRocketry/client/render/planet/RenderAsteroidSky.java,net.minecraft.util.EnumFacing,net.minecraft.util,minecraft
src/main/java/zmaster587/advancedRocketry/client/render/planet/RenderAsteroidSky.java,net.minecraft.util.ResourceLocation,net.minecraft.util,minecraft
src/main/java/zmaster587/advancedRocketry/client/render/planet/RenderAsteroidSky.java,net.minecraft.util.math.BlockPos,net.minecraft.util,minecraft
src/main/java/zmaster587/advancedRocketry/client/render/planet/RenderAsteroidSky.java,net.minecraft.util.math.MathHelper,net.minecraft.util,minecraft
src/main/java/zmaster587/advancedRocketry/client/render/planet/RenderAsteroidSky.java,net.minecraft.util.math.Vec3d,net.minecraft.util,minecraft
src/main/java/zmaster587/advancedRocketry/client/render/planet/RenderAsteroidSky.java,net.minecraftforge.client.IRenderHandler,net.minecraftforge.client,client_api
src/main/java/zmaster587/advancedRocketry/client/render/planet/RenderAsteroidSky.java,org.lwjgl.opengl.GL11,org.lwjgl.opengl,third_party
src/main/java/zmaster587/advancedRocketry/client/render/planet/RenderAsteroidSky.java,zmaster587.advancedRocketry.api.ARConfiguration,zmaster587.advancedRocketry.api,upstream_internal
src/main/java/zmaster587/advancedRocketry/client/render/planet/RenderAsteroidSky.java,zmaster587.advancedRocketry.api.IPlanetaryProvider,zmaster587.advancedRocketry.api,upstream_internal
src/main/java/zmaster587/advancedRocketry/client/render/planet/RenderAsteroidSky.java,zmaster587.advancedRocketry.api.dimension.solar.StellarBody,zmaster587.advancedRocketry.api,upstream_internal
src/main/java/zmaster587/advancedRocketry/client/render/planet/RenderAsteroidSky.java,zmaster587.advancedRocketry.dimension.DimensionManager,zmaster587.advancedRocketry.dimension,upstream_internal
src/main/java/zmaster587/advancedRocketry/client/render/planet/RenderAsteroidSky.java,zmaster587.advancedRocketry.dimension.DimensionProperties,zmaster587.advancedRocketry.dimension,upstream_internal
src/main/java/zmaster587/advancedRocketry/client/render/planet/RenderAsteroidSky.java,zmaster587.advancedRocketry.event.RocketEventHandler,zmaster587.advancedRocketry.event,upstream_internal
src/main/java/zmaster587/advancedRocketry/client/render/planet/RenderAsteroidSky.java,zmaster587.advancedRocketry.inventory.TextureResources,zmaster587.advancedRocketry.inventory,upstream_internal
src/main/java/zmaster587/advancedRocketry/client/render/planet/RenderAsteroidSky.java,zmaster587.advancedRocketry.stations.SpaceObjectManager,zmaster587.advancedRocketry.stations,upstream_internal
src/main/java/zmaster587/advancedRocketry/client/render/planet/RenderAsteroidSky.java,zmaster587.advancedRocketry.stations.SpaceStationObject,zmaster587.advancedRocketry.stations,upstream_internal
src/main/java/zmaster587/advancedRocketry/client/render/planet/RenderAsteroidSky.java,zmaster587.advancedRocketry.util.AstronomicalBodyHelper,zmaster587.advancedRocketry.util,upstream_internal
src/main/java/zmaster587/advancedRocketry/client/render/planet/RenderAsteroidSky.java,zmaster587.libVulpes.util.Vector3F,zmaster587.libVulpes.util,libvulpes
src/main/java/zmaster587/advancedRocketry/client/render/planet/RenderPlanetarySky.java,java.util.LinkedList,java.util.LinkedList,jdk
src/main/java/zmaster587/advancedRocketry/client/render/planet/RenderPlanetarySky.java,java.util.List,java.util.List,jdk
src/main/java/zmaster587/advancedRocketry/client/render/planet/RenderPlanetarySky.java,java.util.Random,java.util.Random,jdk
src/main/java/zmaster587/advancedRocketry/client/render/planet/RenderPlanetarySky.java,net.minecraft.client.Minecraft,net.minecraft.client,client_api
src/main/java/zmaster587/advancedRocketry/client/render/planet/RenderPlanetarySky.java,net.minecraft.client.multiplayer.WorldClient,net.minecraft.client,client_api
src/main/java/zmaster587/advancedRocketry/client/render/planet/RenderPlanetarySky.java,net.minecraft.client.renderer.*,net.minecraft.client,client_api
src/main/java/zmaster587/advancedRocketry/client/render/planet/RenderPlanetarySky.java,net.minecraft.client.renderer.GlStateManager.DestFactor,net.minecraft.client,client_api
src/main/java/zmaster587/advancedRocketry/client/render/planet/RenderPlanetarySky.java,net.minecraft.client.renderer.GlStateManager.SourceFactor,net.minecraft.client,client_api
src/main/java/zmaster587/advancedRocketry/client/render/planet/RenderPlanetarySky.java,net.minecraft.client.renderer.vertex.DefaultVertexFormats,net.minecraft.client,client_api
src/main/java/zmaster587/advancedRocketry/client/render/planet/RenderPlanetarySky.java,net.minecraft.util.EnumFacing,net.minecraft.util,minecraft
src/main/java/zmaster587/advancedRocketry/client/render/planet/RenderPlanetarySky.java,net.minecraft.util.ResourceLocation,net.minecraft.util,minecraft
src/main/java/zmaster587/advancedRocketry/client/render/planet/RenderPlanetarySky.java,net.minecraft.util.math.BlockPos,net.minecraft.util,minecraft
src/main/java/zmaster587/advancedRocketry/client/render/planet/RenderPlanetarySky.java,net.minecraft.util.math.MathHelper,net.minecraft.util,minecraft
src/main/java/zmaster587/advancedRocketry/client/render/planet/RenderPlanetarySky.java,net.minecraft.util.math.Vec3d,net.minecraft.util,minecraft
src/main/java/zmaster587/advancedRocketry/client/render/planet/RenderPlanetarySky.java,net.minecraftforge.client.IRenderHandler,net.minecraftforge.client,client_api
src/main/java/zmaster587/advancedRocketry/client/render/planet/RenderPlanetarySky.java,org.lwjgl.opengl.GL11,org.lwjgl.opengl,third_party
src/main/java/zmaster587/advancedRocketry/client/render/planet/RenderPlanetarySky.java,zmaster587.advancedRocketry.api.ARConfiguration,zmaster587.advancedRocketry.api,upstream_internal
src/main/java/zmaster587/advancedRocketry/client/render/planet/RenderPlanetarySky.java,zmaster587.advancedRocketry.api.IPlanetaryProvider,zmaster587.advancedRocketry.api,upstream_internal
src/main/java/zmaster587/advancedRocketry/client/render/planet/RenderPlanetarySky.java,zmaster587.advancedRocketry.api.dimension.solar.StellarBody,zmaster587.advancedRocketry.api,upstream_internal
src/main/java/zmaster587/advancedRocketry/client/render/planet/RenderPlanetarySky.java,zmaster587.advancedRocketry.dimension.DimensionManager,zmaster587.advancedRocketry.dimension,upstream_internal
src/main/java/zmaster587/advancedRocketry/client/render/planet/RenderPlanetarySky.java,zmaster587.advancedRocketry.dimension.DimensionProperties,zmaster587.advancedRocketry.dimension,upstream_internal
src/main/java/zmaster587/advancedRocketry/client/render/planet/RenderPlanetarySky.java,zmaster587.advancedRocketry.event.RocketEventHandler,zmaster587.advancedRocketry.event,upstream_internal
src/main/java/zmaster587/advancedRocketry/client/render/planet/RenderPlanetarySky.java,zmaster587.advancedRocketry.inventory.TextureResources,zmaster587.advancedRocketry.inventory,upstream_internal
src/main/java/zmaster587/advancedRocketry/client/render/planet/RenderPlanetarySky.java,zmaster587.advancedRocketry.stations.SpaceObjectManager,zmaster587.advancedRocketry.stations,upstream_internal
src/main/java/zmaster587/advancedRocketry/client/render/planet/RenderPlanetarySky.java,zmaster587.advancedRocketry.stations.SpaceStationObject,zmaster587.advancedRocketry.stations,upstream_internal
src/main/java/zmaster587/advancedRocketry/client/render/planet/RenderPlanetarySky.java,zmaster587.advancedRocketry.util.AstronomicalBodyHelper,zmaster587.advancedRocketry.util,upstream_internal
src/main/java/zmaster587/advancedRocketry/client/render/planet/RenderPlanetarySky.java,zmaster587.libVulpes.util.Vector3F,zmaster587.libVulpes.util,libvulpes
src/main/java/zmaster587/advancedRocketry/client/render/planet/RenderSpaceSky.java,net.minecraft.client.Minecraft,net.minecraft.client,client_api
src/main/java/zmaster587/advancedRocketry/client/render/planet/RenderSpaceSky.java,net.minecraft.client.renderer.BufferBuilder,net.minecraft.client,client_api
src/main/java/zmaster587/advancedRocketry/client/render/planet/RenderSpaceSky.java,net.minecraft.client.renderer.GlStateManager,net.minecraft.client,client_api
src/main/java/zmaster587/advancedRocketry/client/render/planet/RenderSpaceSky.java,net.minecraft.client.renderer.Tessellator,net.minecraft.client,client_api
src/main/java/zmaster587/advancedRocketry/client/render/planet/RenderSpaceSky.java,net.minecraft.client.renderer.vertex.DefaultVertexFormats,net.minecraft.client,client_api
src/main/java/zmaster587/advancedRocketry/client/render/planet/RenderSpaceSky.java,net.minecraft.util.EnumFacing,net.minecraft.util,minecraft
src/main/java/zmaster587/advancedRocketry/client/render/planet/RenderSpaceSky.java,net.minecraft.util.ResourceLocation,net.minecraft.util,minecraft
src/main/java/zmaster587/advancedRocketry/client/render/planet/RenderSpaceSky.java,net.minecraft.util.math.BlockPos,net.minecraft.util,minecraft
src/main/java/zmaster587/advancedRocketry/client/render/planet/RenderSpaceSky.java,net.minecraft.util.math.Vec3d,net.minecraft.util,minecraft
src/main/java/zmaster587/advancedRocketry/client/render/planet/RenderSpaceSky.java,org.lwjgl.opengl.GL11,org.lwjgl.opengl,third_party
src/main/java/zmaster587/advancedRocketry/client/render/planet/RenderSpaceSky.java,zmaster587.advancedRocketry.api.dimension.solar.StellarBody,zmaster587.advancedRocketry.api,upstream_internal
src/main/java/zmaster587/advancedRocketry/client/render/planet/RenderSpaceSky.java,zmaster587.advancedRocketry.api.stations.ISpaceObject,zmaster587.advancedRocketry.api,upstream_internal
src/main/java/zmaster587/advancedRocketry/client/render/planet/RenderSpaceSky.java,zmaster587.advancedRocketry.dimension.DimensionProperties,zmaster587.advancedRocketry.dimension,upstream_internal
src/main/java/zmaster587/advancedRocketry/client/render/planet/RenderSpaceSky.java,zmaster587.advancedRocketry.inventory.TextureResources,zmaster587.advancedRocketry.inventory,upstream_internal
src/main/java/zmaster587/advancedRocketry/client/render/planet/RenderSpaceSky.java,zmaster587.advancedRocketry.stations.SpaceObjectManager,zmaster587.advancedRocketry.stations,upstream_internal
src/main/java/zmaster587/advancedRocketry/client/render/planet/RenderSpaceSky.java,zmaster587.advancedRocketry.util.AstronomicalBodyHelper,zmaster587.advancedRocketry.util,upstream_internal
src/main/java/zmaster587/advancedRocketry/client/render/planet/RenderSpaceSky.java,zmaster587.libVulpes.render.RenderHelper,zmaster587.libVulpes.render,libvulpes
src/main/java/zmaster587/advancedRocketry/client/render/planet/RenderSpaceSky.java,zmaster587.libVulpes.util.Vector3F,zmaster587.libVulpes.util,libvulpes
src/main/java/zmaster587/advancedRocketry/client/render/planet/RenderSpaceTravelSky.java,java.util.LinkedList,java.util.LinkedList,jdk
src/main/java/zmaster587/advancedRocketry/client/render/planet/RenderSpaceTravelSky.java,java.util.List,java.util.List,jdk
src/main/java/zmaster587/advancedRocketry/client/render/planet/RenderSpaceTravelSky.java,java.util.Random,java.util.Random,jdk
src/main/java/zmaster587/advancedRocketry/client/render/planet/RenderSpaceTravelSky.java,net.minecraft.client.Minecraft,net.minecraft.client,client_api
src/main/java/zmaster587/advancedRocketry/client/render/planet/RenderSpaceTravelSky.java,net.minecraft.client.entity.EntityPlayerSP,net.minecraft.client,client_api
src/main/java/zmaster587/advancedRocketry/client/render/planet/RenderSpaceTravelSky.java,net.minecraft.client.multiplayer.WorldClient,net.minecraft.client,client_api
src/main/java/zmaster587/advancedRocketry/client/render/planet/RenderSpaceTravelSky.java,net.minecraft.client.renderer.*,net.minecraft.client,client_api
src/main/java/zmaster587/advancedRocketry/client/render/planet/RenderSpaceTravelSky.java,net.minecraft.client.renderer.GlStateManager.DestFactor,net.minecraft.client,client_api
src/main/java/zmaster587/advancedRocketry/client/render/planet/RenderSpaceTravelSky.java,net.minecraft.client.renderer.GlStateManager.SourceFactor,net.minecraft.client,client_api
src/main/java/zmaster587/advancedRocketry/client/render/planet/RenderSpaceTravelSky.java,net.minecraft.client.renderer.vertex.DefaultVertexFormats,net.minecraft.client,client_api
src/main/java/zmaster587/advancedRocketry/client/render/planet/RenderSpaceTravelSky.java,net.minecraft.entity.Entity,net.minecraft.entity,minecraft
src/main/java/zmaster587/advancedRocketry/client/render/planet/RenderSpaceTravelSky.java,net.minecraft.util.EnumFacing,net.minecraft.util,minecraft
src/main/java/zmaster587/advancedRocketry/client/render/planet/RenderSpaceTravelSky.java,net.minecraft.util.ResourceLocation,net.minecraft.util,minecraft
src/main/java/zmaster587/advancedRocketry/client/render/planet/RenderSpaceTravelSky.java,net.minecraft.util.math.BlockPos,net.minecraft.util,minecraft
src/main/java/zmaster587/advancedRocketry/client/render/planet/RenderSpaceTravelSky.java,net.minecraft.util.math.MathHelper,net.minecraft.util,minecraft
src/main/java/zmaster587/advancedRocketry/client/render/planet/RenderSpaceTravelSky.java,net.minecraft.util.math.Vec3d,net.minecraft.util,minecraft
src/main/java/zmaster587/advancedRocketry/client/render/planet/RenderSpaceTravelSky.java,org.lwjgl.opengl.GL11,org.lwjgl.opengl,third_party
src/main/java/zmaster587/advancedRocketry/client/render/planet/RenderSpaceTravelSky.java,org.lwjgl.util.glu.Project,org.lwjgl.util,third_party
src/main/java/zmaster587/advancedRocketry/client/render/planet/RenderSpaceTravelSky.java,zmaster587.advancedRocketry.api.dimension.IDimensionProperties,zmaster587.advancedRocketry.api,upstream_internal
src/main/java/zmaster587/advancedRocketry/client/render/planet/RenderSpaceTravelSky.java,zmaster587.advancedRocketry.api.dimension.solar.StellarBody,zmaster587.advancedRocketry.api,upstream_internal
src/main/java/zmaster587/advancedRocketry/client/render/planet/RenderSpaceTravelSky.java,zmaster587.advancedRocketry.api.stations.ISpaceObject,zmaster587.advancedRocketry.api,upstream_internal
src/main/java/zmaster587/advancedRocketry/client/render/planet/RenderSpaceTravelSky.java,zmaster587.advancedRocketry.backwardCompat.ModelFormatException,zmaster587.advancedRocketry.backwardCompat,upstream_internal
src/main/java/zmaster587/advancedRocketry/client/render/planet/RenderSpaceTravelSky.java,zmaster587.advancedRocketry.backwardCompat.WavefrontObject,zmaster587.advancedRocketry.backwardCompat,upstream_internal
src/main/java/zmaster587/advancedRocketry/client/render/planet/RenderSpaceTravelSky.java,zmaster587.advancedRocketry.dimension.DimensionManager,zmaster587.advancedRocketry.dimension,upstream_internal
src/main/java/zmaster587/advancedRocketry/client/render/planet/RenderSpaceTravelSky.java,zmaster587.advancedRocketry.dimension.DimensionProperties,zmaster587.advancedRocketry.dimension,upstream_internal
src/main/java/zmaster587/advancedRocketry/client/render/planet/RenderSpaceTravelSky.java,zmaster587.advancedRocketry.entity.EntityRocket,zmaster587.advancedRocketry.entity,upstream_internal
src/main/java/zmaster587/advancedRocketry/client/render/planet/RenderSpaceTravelSky.java,zmaster587.advancedRocketry.event.RocketEventHandler,zmaster587.advancedRocketry.event,upstream_internal
src/main/java/zmaster587/advancedRocketry/client/render/planet/RenderSpaceTravelSky.java,zmaster587.advancedRocketry.inventory.TextureResources,zmaster587.advancedRocketry.inventory,upstream_internal
src/main/java/zmaster587/advancedRocketry/client/render/planet/RenderSpaceTravelSky.java,zmaster587.advancedRocketry.stations.SpaceObjectManager,zmaster587.advancedRocketry.stations,upstream_internal
src/main/java/zmaster587/advancedRocketry/client/render/planet/RenderSpaceTravelSky.java,zmaster587.advancedRocketry.stations.SpaceStationObject,zmaster587.advancedRocketry.stations,upstream_internal
src/main/java/zmaster587/advancedRocketry/client/render/planet/RenderSpaceTravelSky.java,zmaster587.advancedRocketry.util.SpacePosition,zmaster587.advancedRocketry.util,upstream_internal
src/main/java/zmaster587/advancedRocketry/client/render/planet/RenderSpaceTravelSky.java,zmaster587.libVulpes.render.RenderHelper,zmaster587.libVulpes.render,libvulpes
src/main/java/zmaster587/advancedRocketry/client/render/planet/RenderSpaceTravelSky.java,zmaster587.libVulpes.util.Vector3F,zmaster587.libVulpes.util,libvulpes
src/main/java/zmaster587/advancedRocketry/command/WorldCommand.java,java.io.BufferedWriter,java.io.BufferedWriter,jdk
src/main/java/zmaster587/advancedRocketry/command/WorldCommand.java,java.io.File,java.io.File,jdk
src/main/java/zmaster587/advancedRocketry/command/WorldCommand.java,java.io.FileWriter,java.io.FileWriter,jdk
src/main/java/zmaster587/advancedRocketry/command/WorldCommand.java,java.lang.reflect.Field,java.lang.reflect,jdk
src/main/java/zmaster587/advancedRocketry/command/WorldCommand.java,java.util.ArrayList,java.util.ArrayList,jdk
src/main/java/zmaster587/advancedRocketry/command/WorldCommand.java,java.util.List,java.util.List,jdk
src/main/java/zmaster587/advancedRocketry/command/WorldCommand.java,java.util.Locale,java.util.Locale,jdk
src/main/java/zmaster587/advancedRocketry/command/WorldCommand.java,javax.annotation.Nonnull,javax.annotation.Nonnull,jdk
src/main/java/zmaster587/advancedRocketry/command/WorldCommand.java,javax.annotation.Nullable,javax.annotation.Nullable,jdk
src/main/java/zmaster587/advancedRocketry/command/WorldCommand.java,javax.annotation.ParametersAreNonnullByDefault,javax.annotation.ParametersAreNonnullByDefault,jdk
src/main/java/zmaster587/advancedRocketry/command/WorldCommand.java,net.minecraft.block.Block,net.minecraft.block,minecraft
src/main/java/zmaster587/advancedRocketry/command/WorldCommand.java,net.minecraft.command.ICommand,net.minecraft.command,minecraft
src/main/java/zmaster587/advancedRocketry/command/WorldCommand.java,net.minecraft.command.ICommandSender,net.minecraft.command,minecraft
src/main/java/zmaster587/advancedRocketry/command/WorldCommand.java,net.minecraft.entity.Entity,net.minecraft.entity,minecraft
src/main/java/zmaster587/advancedRocketry/command/WorldCommand.java,net.minecraft.entity.player.EntityPlayer,net.minecraft.entity,minecraft
src/main/java/zmaster587/advancedRocketry/command/WorldCommand.java,net.minecraft.entity.player.EntityPlayerMP,net.minecraft.entity,minecraft
src/main/java/zmaster587/advancedRocketry/command/WorldCommand.java,net.minecraft.init.Blocks,net.minecraft.init,minecraft
src/main/java/zmaster587/advancedRocketry/command/WorldCommand.java,net.minecraft.item.ItemStack,net.minecraft.item,minecraft
src/main/java/zmaster587/advancedRocketry/command/WorldCommand.java,net.minecraft.server.MinecraftServer,net.minecraft.server,minecraft
src/main/java/zmaster587/advancedRocketry/command/WorldCommand.java,net.minecraft.util.EnumHand,net.minecraft.util,minecraft
src/main/java/zmaster587/advancedRocketry/command/WorldCommand.java,net.minecraft.util.ResourceLocation,net.minecraft.util,minecraft
src/main/java/zmaster587/advancedRocketry/command/WorldCommand.java,net.minecraft.util.math.BlockPos,net.minecraft.util,minecraft
src/main/java/zmaster587/advancedRocketry/command/WorldCommand.java,net.minecraft.util.text.TextComponentString,net.minecraft.util,minecraft
src/main/java/zmaster587/advancedRocketry/command/WorldCommand.java,net.minecraft.world.World,net.minecraft.world,minecraft
src/main/java/zmaster587/advancedRocketry/command/WorldCommand.java,net.minecraft.world.WorldServer,net.minecraft.world,minecraft
src/main/java/zmaster587/advancedRocketry/command/WorldCommand.java,net.minecraft.world.biome.Biome,net.minecraft.world,minecraft
src/main/java/zmaster587/advancedRocketry/command/WorldCommand.java,net.minecraftforge.common.MinecraftForge,net.minecraftforge.common,minecraft
src/main/java/zmaster587/advancedRocketry/command/WorldCommand.java,zmaster587.advancedRocketry.AdvancedRocketry,zmaster587.advancedRocketry.AdvancedRocketry,upstream_internal
src/main/java/zmaster587/advancedRocketry/command/WorldCommand.java,zmaster587.advancedRocketry.api.ARConfiguration,zmaster587.advancedRocketry.api,upstream_internal
src/main/java/zmaster587/advancedRocketry/command/WorldCommand.java,zmaster587.advancedRocketry.api.AdvancedRocketryAPI,zmaster587.advancedRocketry.api,upstream_internal
src/main/java/zmaster587/advancedRocketry/command/WorldCommand.java,zmaster587.advancedRocketry.api.AdvancedRocketryItems,zmaster587.advancedRocketry.api,upstream_internal
src/main/java/zmaster587/advancedRocketry/command/WorldCommand.java,zmaster587.advancedRocketry.api.DataStorage.DataType,zmaster587.advancedRocketry.api,upstream_internal
src/main/java/zmaster587/advancedRocketry/command/WorldCommand.java,zmaster587.advancedRocketry.api.dimension.IDimensionProperties,zmaster587.advancedRocketry.api,upstream_internal
src/main/java/zmaster587/advancedRocketry/command/WorldCommand.java,zmaster587.advancedRocketry.api.dimension.solar.StellarBody,zmaster587.advancedRocketry.api,upstream_internal
src/main/java/zmaster587/advancedRocketry/command/WorldCommand.java,zmaster587.advancedRocketry.api.stations.ISpaceObject,zmaster587.advancedRocketry.api,upstream_internal
src/main/java/zmaster587/advancedRocketry/command/WorldCommand.java,zmaster587.advancedRocketry.dimension.DimensionManager,zmaster587.advancedRocketry.dimension,upstream_internal
src/main/java/zmaster587/advancedRocketry/command/WorldCommand.java,zmaster587.advancedRocketry.dimension.DimensionProperties,zmaster587.advancedRocketry.dimension,upstream_internal
src/main/java/zmaster587/advancedRocketry/command/WorldCommand.java,zmaster587.advancedRocketry.integration.CompatibilityMgr,zmaster587.advancedRocketry.integration,upstream_internal
src/main/java/zmaster587/advancedRocketry/command/WorldCommand.java,zmaster587.advancedRocketry.item.ItemData,zmaster587.advancedRocketry.item,upstream_internal
src/main/java/zmaster587/advancedRocketry/command/WorldCommand.java,zmaster587.advancedRocketry.item.ItemMultiData,zmaster587.advancedRocketry.item,upstream_internal
src/main/java/zmaster587/advancedRocketry/command/WorldCommand.java,zmaster587.advancedRocketry.item.ItemStationChip,zmaster587.advancedRocketry.item,upstream_internal
src/main/java/zmaster587/advancedRocketry/command/WorldCommand.java,zmaster587.advancedRocketry.network.PacketDimInfo,zmaster587.advancedRocketry.network,upstream_internal
src/main/java/zmaster587/advancedRocketry/command/WorldCommand.java,zmaster587.advancedRocketry.network.PacketStellarInfo,zmaster587.advancedRocketry.network,upstream_internal
src/main/java/zmaster587/advancedRocketry/command/WorldCommand.java,zmaster587.advancedRocketry.stations.SpaceObjectManager,zmaster587.advancedRocketry.stations,upstream_internal
src/main/java/zmaster587/advancedRocketry/command/WorldCommand.java,zmaster587.advancedRocketry.unit.IngameTestOrchestrator,zmaster587.advancedRocketry.unit,upstream_internal
src/main/java/zmaster587/advancedRocketry/command/WorldCommand.java,zmaster587.advancedRocketry.world.util.TeleporterNoPortal,zmaster587.advancedRocketry.world,upstream_internal
src/main/java/zmaster587/advancedRocketry/command/WorldCommand.java,zmaster587.advancedRocketry.world.util.TeleporterNoPortalSeekBlock,zmaster587.advancedRocketry.world,upstream_internal
src/main/java/zmaster587/advancedRocketry/command/WorldCommand.java,zmaster587.libVulpes.network.PacketHandler,zmaster587.libVulpes.network,libvulpes
src/main/java/zmaster587/advancedRocketry/command/WorldCommand.java,zmaster587.libVulpes.util.HashedBlockPosition,zmaster587.libVulpes.util,libvulpes
src/main/java/zmaster587/advancedRocketry/common/CommonProxy.java,net.minecraft.entity.Entity,net.minecraft.entity,minecraft
src/main/java/zmaster587/advancedRocketry/common/CommonProxy.java,net.minecraft.profiler.Profiler,net.minecraft.profiler,minecraft
src/main/java/zmaster587/advancedRocketry/common/CommonProxy.java,net.minecraft.util.math.Vec3d,net.minecraft.util,minecraft
src/main/java/zmaster587/advancedRocketry/common/CommonProxy.java,net.minecraft.world.World,net.minecraft.world,minecraft
src/main/java/zmaster587/advancedRocketry/common/CommonProxy.java,net.minecraft.world.biome.Biome,net.minecraft.world,minecraft
src/main/java/zmaster587/advancedRocketry/common/CommonProxy.java,net.minecraftforge.common.DimensionManager,net.minecraftforge.common,minecraft
src/main/java/zmaster587/advancedRocketry/common/CommonProxy.java,net.minecraftforge.fml.common.FMLCommonHandler,net.minecraftforge.fml,minecraft
src/main/java/zmaster587/advancedRocketry/common/CommonProxy.java,zmaster587.advancedRocketry.api.ARConfiguration,zmaster587.advancedRocketry.api,upstream_internal
src/main/java/zmaster587/advancedRocketry/common/CommonProxy.java,zmaster587.advancedRocketry.api.stations.ISpaceObject,zmaster587.advancedRocketry.api,upstream_internal
src/main/java/zmaster587/advancedRocketry/common/CommonProxy.java,zmaster587.advancedRocketry.network.PacketLaserGun,zmaster587.advancedRocketry.network,upstream_internal
src/main/java/zmaster587/advancedRocketry/common/CommonProxy.java,zmaster587.advancedRocketry.network.PacketStationUpdate,zmaster587.advancedRocketry.network,upstream_internal
src/main/java/zmaster587/advancedRocketry/common/CommonProxy.java,zmaster587.libVulpes.network.PacketHandler,zmaster587.libVulpes.network,libvulpes
src/main/java/zmaster587/advancedRocketry/dimension/DimensionManager.java,java.io.*,java.io.*,jdk
src/main/java/zmaster587/advancedRocketry/dimension/DimensionManager.java,java.nio.file.Files,java.nio.file,jdk
src/main/java/zmaster587/advancedRocketry/dimension/DimensionManager.java,java.nio.file.StandardCopyOption.REPLACE_EXISTING,java.nio.file,jdk
src/main/java/zmaster587/advancedRocketry/dimension/DimensionManager.java,java.util.*,java.util.*,jdk
src/main/java/zmaster587/advancedRocketry/dimension/DimensionManager.java,java.util.Map.Entry,java.util.Map,jdk
src/main/java/zmaster587/advancedRocketry/dimension/DimensionManager.java,java.util.zip.GZIPOutputStream,java.util.zip,jdk
src/main/java/zmaster587/advancedRocketry/dimension/DimensionManager.java,javax.annotation.Nonnull,javax.annotation.Nonnull,jdk
src/main/java/zmaster587/advancedRocketry/dimension/DimensionManager.java,net.minecraft.nbt.CompressedStreamTools,net.minecraft.nbt,minecraft
src/main/java/zmaster587/advancedRocketry/dimension/DimensionManager.java,net.minecraft.nbt.NBTTagCompound,net.minecraft.nbt,minecraft
src/main/java/zmaster587/advancedRocketry/dimension/DimensionManager.java,net.minecraft.util.math.BlockPos,net.minecraft.util,minecraft
src/main/java/zmaster587/advancedRocketry/dimension/DimensionManager.java,net.minecraft.util.math.MathHelper,net.minecraft.util,minecraft
src/main/java/zmaster587/advancedRocketry/dimension/DimensionManager.java,net.minecraft.world.DimensionType,net.minecraft.world,minecraft
src/main/java/zmaster587/advancedRocketry/dimension/DimensionManager.java,net.minecraft.world.World,net.minecraft.world,minecraft
src/main/java/zmaster587/advancedRocketry/dimension/DimensionManager.java,net.minecraft.world.WorldProvider,net.minecraft.world,minecraft
src/main/java/zmaster587/advancedRocketry/dimension/DimensionManager.java,net.minecraftforge.fml.common.FMLCommonHandler,net.minecraftforge.fml,minecraft
src/main/java/zmaster587/advancedRocketry/dimension/DimensionManager.java,net.minecraftforge.fml.common.Loader,net.minecraftforge.fml,minecraft
src/main/java/zmaster587/advancedRocketry/dimension/DimensionManager.java,org.apache.commons.io.FileUtils,org.apache.commons,third_party
src/main/java/zmaster587/advancedRocketry/dimension/DimensionManager.java,org.apache.logging.log4j.Logger,org.apache.logging,third_party
src/main/java/zmaster587/advancedRocketry/dimension/DimensionManager.java,zmaster587.advancedRocketry.AdvancedRocketry,zmaster587.advancedRocketry.AdvancedRocketry,upstream_internal
src/main/java/zmaster587/advancedRocketry/dimension/DimensionManager.java,zmaster587.advancedRocketry.api.ARConfiguration,zmaster587.advancedRocketry.api,upstream_internal
src/main/java/zmaster587/advancedRocketry/dimension/DimensionManager.java,zmaster587.advancedRocketry.api.AdvancedRocketryAPI,zmaster587.advancedRocketry.api,upstream_internal
src/main/java/zmaster587/advancedRocketry/dimension/DimensionManager.java,zmaster587.advancedRocketry.api.AdvancedRocketryBiomes,zmaster587.advancedRocketry.api,upstream_internal
src/main/java/zmaster587/advancedRocketry/dimension/DimensionManager.java,zmaster587.advancedRocketry.api.AdvancedRocketryBlocks,zmaster587.advancedRocketry.api,upstream_internal
src/main/java/zmaster587/advancedRocketry/dimension/DimensionManager.java,zmaster587.advancedRocketry.api.AdvancedRocketryFluids,zmaster587.advancedRocketry.api,upstream_internal
src/main/java/zmaster587/advancedRocketry/dimension/DimensionManager.java,zmaster587.advancedRocketry.api.Constants,zmaster587.advancedRocketry.api,upstream_internal
src/main/java/zmaster587/advancedRocketry/dimension/DimensionManager.java,zmaster587.advancedRocketry.api.dimension.IDimensionProperties,zmaster587.advancedRocketry.api,upstream_internal
src/main/java/zmaster587/advancedRocketry/dimension/DimensionManager.java,zmaster587.advancedRocketry.api.dimension.solar.IGalaxy,zmaster587.advancedRocketry.api,upstream_internal
src/main/java/zmaster587/advancedRocketry/dimension/DimensionManager.java,zmaster587.advancedRocketry.api.dimension.solar.StellarBody,zmaster587.advancedRocketry.api,upstream_internal
src/main/java/zmaster587/advancedRocketry/dimension/DimensionManager.java,zmaster587.advancedRocketry.api.satellite.SatelliteBase,zmaster587.advancedRocketry.api,upstream_internal
src/main/java/zmaster587/advancedRocketry/dimension/DimensionManager.java,zmaster587.advancedRocketry.api.stations.ISpaceObject,zmaster587.advancedRocketry.api,upstream_internal
src/main/java/zmaster587/advancedRocketry/dimension/DimensionManager.java,zmaster587.advancedRocketry.dimension.DimensionProperties.AtmosphereTypes,zmaster587.advancedRocketry.dimension,upstream_internal
src/main/java/zmaster587/advancedRocketry/dimension/DimensionManager.java,zmaster587.advancedRocketry.network.PacketDimInfo,zmaster587.advancedRocketry.network,upstream_internal
src/main/java/zmaster587/advancedRocketry/dimension/DimensionManager.java,zmaster587.advancedRocketry.stations.SpaceObjectManager,zmaster587.advancedRocketry.stations,upstream_internal
src/main/java/zmaster587/advancedRocketry/dimension/DimensionManager.java,zmaster587.advancedRocketry.util.AstronomicalBodyHelper,zmaster587.advancedRocketry.util,upstream_internal
src/main/java/zmaster587/advancedRocketry/dimension/DimensionManager.java,zmaster587.advancedRocketry.util.FluidGasGiantGas,zmaster587.advancedRocketry.util,upstream_internal
src/main/java/zmaster587/advancedRocketry/dimension/DimensionManager.java,zmaster587.advancedRocketry.util.PlanetaryTravelHelper,zmaster587.advancedRocketry.util,upstream_internal
src/main/java/zmaster587/advancedRocketry/dimension/DimensionManager.java,zmaster587.advancedRocketry.util.XMLPlanetLoader,zmaster587.advancedRocketry.util,upstream_internal
src/main/java/zmaster587/advancedRocketry/dimension/DimensionManager.java,zmaster587.advancedRocketry.util.XMLPlanetLoader.DimensionPropertyCoupling,zmaster587.advancedRocketry.util,upstream_internal
src/main/java/zmaster587/advancedRocketry/dimension/DimensionManager.java,zmaster587.advancedRocketry.world.provider.WorldProviderAsteroid,zmaster587.advancedRocketry.world,upstream_internal
src/main/java/zmaster587/advancedRocketry/dimension/DimensionManager.java,zmaster587.advancedRocketry.world.provider.WorldProviderPlanet,zmaster587.advancedRocketry.world,upstream_internal
src/main/java/zmaster587/advancedRocketry/dimension/DimensionManager.java,zmaster587.advancedRocketry.world.provider.WorldProviderSpace,zmaster587.advancedRocketry.world,upstream_internal
src/main/java/zmaster587/advancedRocketry/dimension/DimensionManager.java,zmaster587.libVulpes.network.PacketHandler,zmaster587.libVulpes.network,libvulpes
src/main/java/zmaster587/advancedRocketry/dimension/DimensionProperties.java,java.util.*,java.util.*,jdk
src/main/java/zmaster587/advancedRocketry/dimension/DimensionProperties.java,java.util.Map.Entry,java.util.Map,jdk
src/main/java/zmaster587/advancedRocketry/dimension/DimensionProperties.java,net.minecraft.block.Block,net.minecraft.block,minecraft
src/main/java/zmaster587/advancedRocketry/dimension/DimensionProperties.java,net.minecraft.block.state.IBlockState,net.minecraft.block,minecraft
src/main/java/zmaster587/advancedRocketry/dimension/DimensionProperties.java,net.minecraft.init.Blocks,net.minecraft.init,minecraft
src/main/java/zmaster587/advancedRocketry/dimension/DimensionProperties.java,net.minecraft.item.ItemStack,net.minecraft.item,minecraft
src/main/java/zmaster587/advancedRocketry/dimension/DimensionProperties.java,net.minecraft.nbt.*,net.minecraft.nbt,minecraft
src/main/java/zmaster587/advancedRocketry/dimension/DimensionProperties.java,net.minecraft.util.ResourceLocation,net.minecraft.util,minecraft
src/main/java/zmaster587/advancedRocketry/dimension/DimensionProperties.java,net.minecraft.util.math.MathHelper,net.minecraft.util,minecraft
src/main/java/zmaster587/advancedRocketry/dimension/DimensionProperties.java,net.minecraft.util.math.Vec3d,net.minecraft.util,minecraft
src/main/java/zmaster587/advancedRocketry/dimension/DimensionProperties.java,net.minecraft.world.World,net.minecraft.world,minecraft
src/main/java/zmaster587/advancedRocketry/dimension/DimensionProperties.java,net.minecraft.world.biome.Biome,net.minecraft.world,minecraft
src/main/java/zmaster587/advancedRocketry/dimension/DimensionProperties.java,net.minecraft.world.biome.Biome.TempCategory,net.minecraft.world,minecraft
src/main/java/zmaster587/advancedRocketry/dimension/DimensionProperties.java,net.minecraftforge.common.BiomeDictionary,net.minecraftforge.common,minecraft
src/main/java/zmaster587/advancedRocketry/dimension/DimensionProperties.java,net.minecraftforge.common.BiomeManager,net.minecraftforge.common,minecraft
src/main/java/zmaster587/advancedRocketry/dimension/DimensionProperties.java,net.minecraftforge.common.BiomeManager.BiomeEntry,net.minecraftforge.common,minecraft
src/main/java/zmaster587/advancedRocketry/dimension/DimensionProperties.java,net.minecraftforge.common.util.Constants.NBT,net.minecraftforge.common,minecraft
src/main/java/zmaster587/advancedRocketry/dimension/DimensionProperties.java,net.minecraftforge.fluids.Fluid,net.minecraftforge.fluids,minecraft
src/main/java/zmaster587/advancedRocketry/dimension/DimensionProperties.java,net.minecraftforge.fluids.FluidRegistry,net.minecraftforge.fluids,minecraft
src/main/java/zmaster587/advancedRocketry/dimension/DimensionProperties.java,org.apache.commons.lang3.ArrayUtils,org.apache.commons,third_party
src/main/java/zmaster587/advancedRocketry/dimension/DimensionProperties.java,zmaster587.advancedRocketry.AdvancedRocketry,zmaster587.advancedRocketry.AdvancedRocketry,upstream_internal
src/main/java/zmaster587/advancedRocketry/dimension/DimensionProperties.java,zmaster587.advancedRocketry.api.ARConfiguration,zmaster587.advancedRocketry.api,upstream_internal
src/main/java/zmaster587/advancedRocketry/dimension/DimensionProperties.java,zmaster587.advancedRocketry.api.AdvancedRocketryBiomes,zmaster587.advancedRocketry.api,upstream_internal
src/main/java/zmaster587/advancedRocketry/dimension/DimensionProperties.java,zmaster587.advancedRocketry.api.Constants,zmaster587.advancedRocketry.api,upstream_internal
src/main/java/zmaster587/advancedRocketry/dimension/DimensionProperties.java,zmaster587.advancedRocketry.api.IAtmosphere,zmaster587.advancedRocketry.api,upstream_internal
src/main/java/zmaster587/advancedRocketry/dimension/DimensionProperties.java,zmaster587.advancedRocketry.api.SatelliteRegistry,zmaster587.advancedRocketry.api,upstream_internal
src/main/java/zmaster587/advancedRocketry/dimension/DimensionProperties.java,zmaster587.advancedRocketry.api.atmosphere.AtmosphereRegister,zmaster587.advancedRocketry.api,upstream_internal
src/main/java/zmaster587/advancedRocketry/dimension/DimensionProperties.java,zmaster587.advancedRocketry.api.dimension.IDimensionProperties,zmaster587.advancedRocketry.api,upstream_internal
src/main/java/zmaster587/advancedRocketry/dimension/DimensionProperties.java,zmaster587.advancedRocketry.api.dimension.solar.StellarBody,zmaster587.advancedRocketry.api,upstream_internal
src/main/java/zmaster587/advancedRocketry/dimension/DimensionProperties.java,zmaster587.advancedRocketry.api.satellite.SatelliteBase,zmaster587.advancedRocketry.api,upstream_internal
src/main/java/zmaster587/advancedRocketry/dimension/DimensionProperties.java,zmaster587.advancedRocketry.atmosphere.AtmosphereType,zmaster587.advancedRocketry.atmosphere,upstream_internal
src/main/java/zmaster587/advancedRocketry/dimension/DimensionProperties.java,zmaster587.advancedRocketry.inventory.TextureResources,zmaster587.advancedRocketry.inventory,upstream_internal
src/main/java/zmaster587/advancedRocketry/dimension/DimensionProperties.java,zmaster587.advancedRocketry.network.PacketDimInfo,zmaster587.advancedRocketry.network,upstream_internal
src/main/java/zmaster587/advancedRocketry/dimension/DimensionProperties.java,zmaster587.advancedRocketry.network.PacketSatellite,zmaster587.advancedRocketry.network,upstream_internal
src/main/java/zmaster587/advancedRocketry/dimension/DimensionProperties.java,zmaster587.advancedRocketry.stations.SpaceObjectManager,zmaster587.advancedRocketry.stations,upstream_internal
src/main/java/zmaster587/advancedRocketry/dimension/DimensionProperties.java,zmaster587.advancedRocketry.util.AstronomicalBodyHelper,zmaster587.advancedRocketry.util,upstream_internal
src/main/java/zmaster587/advancedRocketry/dimension/DimensionProperties.java,zmaster587.advancedRocketry.util.OreGenProperties,zmaster587.advancedRocketry.util,upstream_internal
src/main/java/zmaster587/advancedRocketry/dimension/DimensionProperties.java,zmaster587.advancedRocketry.util.SpacePosition,zmaster587.advancedRocketry.util,upstream_internal
src/main/java/zmaster587/advancedRocketry/dimension/DimensionProperties.java,zmaster587.advancedRocketry.util.SpawnListEntryNBT,zmaster587.advancedRocketry.util,upstream_internal
src/main/java/zmaster587/advancedRocketry/dimension/DimensionProperties.java,zmaster587.advancedRocketry.world.ChunkManagerPlanet,zmaster587.advancedRocketry.world,upstream_internal
src/main/java/zmaster587/advancedRocketry/dimension/DimensionProperties.java,zmaster587.advancedRocketry.world.provider.WorldProviderPlanet,zmaster587.advancedRocketry.world,upstream_internal
src/main/java/zmaster587/advancedRocketry/dimension/DimensionProperties.java,zmaster587.libVulpes.network.PacketHandler,zmaster587.libVulpes.network,libvulpes
src/main/java/zmaster587/advancedRocketry/dimension/DimensionProperties.java,zmaster587.libVulpes.util.HashedBlockPosition,zmaster587.libVulpes.util,libvulpes
src/main/java/zmaster587/advancedRocketry/dimension/DimensionProperties.java,zmaster587.libVulpes.util.VulpineMath,zmaster587.libVulpes.util,libvulpes
src/main/java/zmaster587/advancedRocketry/dimension/DimensionProperties.java,zmaster587.libVulpes.util.ZUtils,zmaster587.libVulpes.util,libvulpes
src/main/java/zmaster587/advancedRocketry/enchant/EnchantmentSpaceBreathing.java,javax.annotation.Nonnull,javax.annotation.Nonnull,jdk
src/main/java/zmaster587/advancedRocketry/enchant/EnchantmentSpaceBreathing.java,net.minecraft.enchantment.Enchantment,net.minecraft.enchantment,minecraft
src/main/java/zmaster587/advancedRocketry/enchant/EnchantmentSpaceBreathing.java,net.minecraft.enchantment.EnumEnchantmentType,net.minecraft.enchantment,minecraft
src/main/java/zmaster587/advancedRocketry/enchant/EnchantmentSpaceBreathing.java,net.minecraft.inventory.EntityEquipmentSlot,net.minecraft.inventory,minecraft
src/main/java/zmaster587/advancedRocketry/enchant/EnchantmentSpaceBreathing.java,net.minecraft.item.ItemArmor,net.minecraft.item,minecraft
src/main/java/zmaster587/advancedRocketry/enchant/EnchantmentSpaceBreathing.java,net.minecraft.item.ItemStack,net.minecraft.item,minecraft
src/main/java/zmaster587/advancedRocketry/entity/EntityDummy.java,net.minecraft.entity.Entity,net.minecraft.entity,minecraft
src/main/java/zmaster587/advancedRocketry/entity/EntityDummy.java,net.minecraft.entity.player.EntityPlayer,net.minecraft.entity,minecraft
src/main/java/zmaster587/advancedRocketry/entity/EntityDummy.java,net.minecraft.nbt.NBTTagCompound,net.minecraft.nbt,minecraft
src/main/java/zmaster587/advancedRocketry/entity/EntityDummy.java,net.minecraft.world.World,net.minecraft.world,minecraft
src/main/java/zmaster587/advancedRocketry/entity/EntityDummy.java,net.minecraftforge.fml.relauncher.Side,net.minecraftforge.fml,minecraft
src/main/java/zmaster587/advancedRocketry/entity/EntityDummy.java,net.minecraftforge.fml.relauncher.SideOnly,net.minecraftforge.fml,minecraft
src/main/java/zmaster587/advancedRocketry/entity/EntityElevatorCapsule.java,io.netty.buffer.ByteBuf,io.netty.buffer,third_party
src/main/java/zmaster587/advancedRocketry/entity/EntityElevatorCapsule.java,java.util.List,java.util.List,jdk
src/main/java/zmaster587/advancedRocketry/entity/EntityElevatorCapsule.java,javax.annotation.Nullable,javax.annotation.Nullable,jdk
src/main/java/zmaster587/advancedRocketry/entity/EntityElevatorCapsule.java,net.minecraft.entity.Entity,net.minecraft.entity,minecraft
src/main/java/zmaster587/advancedRocketry/entity/EntityElevatorCapsule.java,net.minecraft.entity.MoverType,net.minecraft.entity,minecraft
src/main/java/zmaster587/advancedRocketry/entity/EntityElevatorCapsule.java,net.minecraft.entity.player.EntityPlayer,net.minecraft.entity,minecraft
src/main/java/zmaster587/advancedRocketry/entity/EntityElevatorCapsule.java,net.minecraft.nbt.NBTTagCompound,net.minecraft.nbt,minecraft
src/main/java/zmaster587/advancedRocketry/entity/EntityElevatorCapsule.java,net.minecraft.network.datasync.DataParameter,net.minecraft.network,minecraft
src/main/java/zmaster587/advancedRocketry/entity/EntityElevatorCapsule.java,net.minecraft.network.datasync.DataSerializers,net.minecraft.network,minecraft
src/main/java/zmaster587/advancedRocketry/entity/EntityElevatorCapsule.java,net.minecraft.network.datasync.EntityDataManager,net.minecraft.network,minecraft
src/main/java/zmaster587/advancedRocketry/entity/EntityElevatorCapsule.java,net.minecraft.server.MinecraftServer,net.minecraft.server,minecraft
src/main/java/zmaster587/advancedRocketry/entity/EntityElevatorCapsule.java,net.minecraft.tileentity.TileEntity,net.minecraft.tileentity,minecraft
src/main/java/zmaster587/advancedRocketry/entity/EntityElevatorCapsule.java,net.minecraft.util.math.AxisAlignedBB,net.minecraft.util,minecraft
src/main/java/zmaster587/advancedRocketry/entity/EntityElevatorCapsule.java,net.minecraft.util.math.BlockPos,net.minecraft.util,minecraft
src/main/java/zmaster587/advancedRocketry/entity/EntityElevatorCapsule.java,net.minecraft.world.Teleporter,net.minecraft.world,minecraft
src/main/java/zmaster587/advancedRocketry/entity/EntityElevatorCapsule.java,net.minecraft.world.World,net.minecraft.world,minecraft
src/main/java/zmaster587/advancedRocketry/entity/EntityElevatorCapsule.java,net.minecraft.world.WorldServer,net.minecraft.world,minecraft
src/main/java/zmaster587/advancedRocketry/entity/EntityElevatorCapsule.java,net.minecraftforge.common.DimensionManager,net.minecraftforge.common,minecraft
src/main/java/zmaster587/advancedRocketry/entity/EntityElevatorCapsule.java,net.minecraftforge.common.MinecraftForge,net.minecraftforge.common,minecraft
src/main/java/zmaster587/advancedRocketry/entity/EntityElevatorCapsule.java,net.minecraftforge.fml.relauncher.Side,net.minecraftforge.fml,minecraft
src/main/java/zmaster587/advancedRocketry/entity/EntityElevatorCapsule.java,net.minecraftforge.fml.relauncher.SideOnly,net.minecraftforge.fml,minecraft
src/main/java/zmaster587/advancedRocketry/entity/EntityElevatorCapsule.java,zmaster587.advancedRocketry.AdvancedRocketry,zmaster587.advancedRocketry.AdvancedRocketry,upstream_internal
src/main/java/zmaster587/advancedRocketry/entity/EntityElevatorCapsule.java,zmaster587.advancedRocketry.api.ARConfiguration,zmaster587.advancedRocketry.api,upstream_internal
src/main/java/zmaster587/advancedRocketry/entity/EntityElevatorCapsule.java,zmaster587.advancedRocketry.api.Constants,zmaster587.advancedRocketry.api,upstream_internal
src/main/java/zmaster587/advancedRocketry/entity/EntityElevatorCapsule.java,zmaster587.advancedRocketry.api.RocketEvent,zmaster587.advancedRocketry.api,upstream_internal
src/main/java/zmaster587/advancedRocketry/entity/EntityElevatorCapsule.java,zmaster587.advancedRocketry.event.PlanetEventHandler,zmaster587.advancedRocketry.event,upstream_internal
src/main/java/zmaster587/advancedRocketry/entity/EntityElevatorCapsule.java,zmaster587.advancedRocketry.tile.multiblock.TileSpaceElevator,zmaster587.advancedRocketry.tile,upstream_internal
src/main/java/zmaster587/advancedRocketry/entity/EntityElevatorCapsule.java,zmaster587.advancedRocketry.util.DimensionBlockPosition,zmaster587.advancedRocketry.util,upstream_internal
src/main/java/zmaster587/advancedRocketry/entity/EntityElevatorCapsule.java,zmaster587.advancedRocketry.util.TransitionEntity,zmaster587.advancedRocketry.util,upstream_internal
src/main/java/zmaster587/advancedRocketry/entity/EntityElevatorCapsule.java,zmaster587.advancedRocketry.world.util.TeleporterNoPortal,zmaster587.advancedRocketry.world,upstream_internal
src/main/java/zmaster587/advancedRocketry/entity/EntityElevatorCapsule.java,zmaster587.libVulpes.LibVulpes,zmaster587.libVulpes.LibVulpes,libvulpes
src/main/java/zmaster587/advancedRocketry/entity/EntityElevatorCapsule.java,zmaster587.libVulpes.interfaces.INetworkEntity,zmaster587.libVulpes.interfaces,libvulpes
src/main/java/zmaster587/advancedRocketry/entity/EntityElevatorCapsule.java,zmaster587.libVulpes.network.PacketEntity,zmaster587.libVulpes.network,libvulpes
src/main/java/zmaster587/advancedRocketry/entity/EntityElevatorCapsule.java,zmaster587.libVulpes.network.PacketHandler,zmaster587.libVulpes.network,libvulpes
src/main/java/zmaster587/advancedRocketry/entity/EntityElevatorCapsule.java,zmaster587.libVulpes.util.HashedBlockPosition,zmaster587.libVulpes.util,libvulpes
src/main/java/zmaster587/advancedRocketry/entity/EntityHoverCraft.java,io.netty.buffer.ByteBuf,io.netty.buffer,third_party
src/main/java/zmaster587/advancedRocketry/entity/EntityHoverCraft.java,javax.annotation.Nonnull,javax.annotation.Nonnull,jdk
src/main/java/zmaster587/advancedRocketry/entity/EntityHoverCraft.java,javax.annotation.Nullable,javax.annotation.Nullable,jdk
src/main/java/zmaster587/advancedRocketry/entity/EntityHoverCraft.java,net.minecraft.entity.Entity,net.minecraft.entity,minecraft
src/main/java/zmaster587/advancedRocketry/entity/EntityHoverCraft.java,net.minecraft.entity.MoverType,net.minecraft.entity,minecraft
src/main/java/zmaster587/advancedRocketry/entity/EntityHoverCraft.java,net.minecraft.entity.player.EntityPlayer,net.minecraft.entity,minecraft
src/main/java/zmaster587/advancedRocketry/entity/EntityHoverCraft.java,net.minecraft.inventory.IInventory,net.minecraft.inventory,minecraft
src/main/java/zmaster587/advancedRocketry/entity/EntityHoverCraft.java,net.minecraft.item.ItemStack,net.minecraft.item,minecraft
src/main/java/zmaster587/advancedRocketry/entity/EntityHoverCraft.java,net.minecraft.nbt.NBTTagCompound,net.minecraft.nbt,minecraft
src/main/java/zmaster587/advancedRocketry/entity/EntityHoverCraft.java,net.minecraft.util.DamageSource,net.minecraft.util,minecraft
src/main/java/zmaster587/advancedRocketry/entity/EntityHoverCraft.java,net.minecraft.util.EnumHand,net.minecraft.util,minecraft
src/main/java/zmaster587/advancedRocketry/entity/EntityHoverCraft.java,net.minecraft.util.math.MathHelper,net.minecraft.util,minecraft
src/main/java/zmaster587/advancedRocketry/entity/EntityHoverCraft.java,net.minecraft.world.World,net.minecraft.world,minecraft
src/main/java/zmaster587/advancedRocketry/entity/EntityHoverCraft.java,net.minecraftforge.fml.relauncher.Side,net.minecraftforge.fml,minecraft
src/main/java/zmaster587/advancedRocketry/entity/EntityHoverCraft.java,zmaster587.advancedRocketry.api.AdvancedRocketryItems,zmaster587.advancedRocketry.api,upstream_internal
src/main/java/zmaster587/advancedRocketry/entity/EntityHoverCraft.java,zmaster587.advancedRocketry.entity.EntityRocket.PacketType,zmaster587.advancedRocketry.entity,upstream_internal
src/main/java/zmaster587/advancedRocketry/entity/EntityHoverCraft.java,zmaster587.libVulpes.interfaces.INetworkEntity,zmaster587.libVulpes.interfaces,libvulpes
src/main/java/zmaster587/advancedRocketry/entity/EntityHoverCraft.java,zmaster587.libVulpes.network.PacketEntity,zmaster587.libVulpes.network,libvulpes
src/main/java/zmaster587/advancedRocketry/entity/EntityHoverCraft.java,zmaster587.libVulpes.network.PacketHandler,zmaster587.libVulpes.network,libvulpes
src/main/java/zmaster587/advancedRocketry/entity/EntityHoverCraft.java,zmaster587.libVulpes.util.EmbeddedInventory,zmaster587.libVulpes.util,libvulpes
src/main/java/zmaster587/advancedRocketry/entity/EntityItemAbducted.java,javax.annotation.Nonnull,javax.annotation.Nonnull,jdk
src/main/java/zmaster587/advancedRocketry/entity/EntityItemAbducted.java,net.minecraft.entity.Entity,net.minecraft.entity,minecraft
src/main/java/zmaster587/advancedRocketry/entity/EntityItemAbducted.java,net.minecraft.entity.MoverType,net.minecraft.entity,minecraft
src/main/java/zmaster587/advancedRocketry/entity/EntityItemAbducted.java,net.minecraft.entity.item.EntityItem,net.minecraft.entity,minecraft
src/main/java/zmaster587/advancedRocketry/entity/EntityItemAbducted.java,net.minecraft.init.Blocks,net.minecraft.init,minecraft
src/main/java/zmaster587/advancedRocketry/entity/EntityItemAbducted.java,net.minecraft.item.ItemStack,net.minecraft.item,minecraft
src/main/java/zmaster587/advancedRocketry/entity/EntityItemAbducted.java,net.minecraft.nbt.NBTTagCompound,net.minecraft.nbt,minecraft
src/main/java/zmaster587/advancedRocketry/entity/EntityItemAbducted.java,net.minecraft.network.datasync.DataParameter,net.minecraft.network,minecraft
src/main/java/zmaster587/advancedRocketry/entity/EntityItemAbducted.java,net.minecraft.network.datasync.DataSerializers,net.minecraft.network,minecraft
src/main/java/zmaster587/advancedRocketry/entity/EntityItemAbducted.java,net.minecraft.network.datasync.EntityDataManager,net.minecraft.network,minecraft
src/main/java/zmaster587/advancedRocketry/entity/EntityItemAbducted.java,net.minecraft.world.World,net.minecraft.world,minecraft
src/main/java/zmaster587/advancedRocketry/entity/EntityLaserNode.java,net.minecraft.client.Minecraft,net.minecraft.client,client_api
src/main/java/zmaster587/advancedRocketry/entity/EntityLaserNode.java,net.minecraft.entity.Entity,net.minecraft.entity,minecraft
src/main/java/zmaster587/advancedRocketry/entity/EntityLaserNode.java,net.minecraft.nbt.NBTTagCompound,net.minecraft.nbt,minecraft
src/main/java/zmaster587/advancedRocketry/entity/EntityLaserNode.java,net.minecraft.util.DamageSource,net.minecraft.util,minecraft
src/main/java/zmaster587/advancedRocketry/entity/EntityLaserNode.java,net.minecraft.util.SoundCategory,net.minecraft.util,minecraft
src/main/java/zmaster587/advancedRocketry/entity/EntityLaserNode.java,net.minecraft.util.math.BlockPos,net.minecraft.util,minecraft
src/main/java/zmaster587/advancedRocketry/entity/EntityLaserNode.java,net.minecraft.world.World,net.minecraft.world,minecraft
src/main/java/zmaster587/advancedRocketry/entity/EntityLaserNode.java,net.minecraftforge.fml.relauncher.Side,net.minecraftforge.fml,minecraft
src/main/java/zmaster587/advancedRocketry/entity/EntityLaserNode.java,net.minecraftforge.fml.relauncher.SideOnly,net.minecraftforge.fml,minecraft
src/main/java/zmaster587/advancedRocketry/entity/EntityLaserNode.java,zmaster587.advancedRocketry.AdvancedRocketry,zmaster587.advancedRocketry.AdvancedRocketry,upstream_internal
src/main/java/zmaster587/advancedRocketry/entity/EntityLaserNode.java,zmaster587.advancedRocketry.api.AdvancedRocketryBlocks,zmaster587.advancedRocketry.api,upstream_internal
src/main/java/zmaster587/advancedRocketry/entity/EntityLaserNode.java,zmaster587.advancedRocketry.util.AudioRegistry,zmaster587.advancedRocketry.util,upstream_internal
src/main/java/zmaster587/advancedRocketry/entity/EntityLaserNode.java,zmaster587.libVulpes.LibVulpes,zmaster587.libVulpes.LibVulpes,libvulpes
src/main/java/zmaster587/advancedRocketry/entity/EntityRocket.java,io.netty.buffer.ByteBuf,io.netty.buffer,third_party
src/main/java/zmaster587/advancedRocketry/entity/EntityRocket.java,java.util.*,java.util.*,jdk
src/main/java/zmaster587/advancedRocketry/entity/EntityRocket.java,javax.annotation.Nonnull,javax.annotation.Nonnull,jdk
src/main/java/zmaster587/advancedRocketry/entity/EntityRocket.java,javax.annotation.Nullable,javax.annotation.Nullable,jdk
src/main/java/zmaster587/advancedRocketry/entity/EntityRocket.java,net.minecraft.block.BlockSand,net.minecraft.block,minecraft
src/main/java/zmaster587/advancedRocketry/entity/EntityRocket.java,net.minecraft.block.material.Material,net.minecraft.block,minecraft
src/main/java/zmaster587/advancedRocketry/entity/EntityRocket.java,net.minecraft.block.state.IBlockState,net.minecraft.block,minecraft
src/main/java/zmaster587/advancedRocketry/entity/EntityRocket.java,net.minecraft.client.Minecraft,net.minecraft.client,client_api
src/main/java/zmaster587/advancedRocketry/entity/EntityRocket.java,net.minecraft.client.renderer.GLAllocation,net.minecraft.client,client_api
src/main/java/zmaster587/advancedRocketry/entity/EntityRocket.java,net.minecraft.entity.Entity,net.minecraft.entity,minecraft
src/main/java/zmaster587/advancedRocketry/entity/EntityRocket.java,net.minecraft.entity.MoverType,net.minecraft.entity,minecraft
src/main/java/zmaster587/advancedRocketry/entity/EntityRocket.java,net.minecraft.entity.player.EntityPlayer,net.minecraft.entity,minecraft
src/main/java/zmaster587/advancedRocketry/entity/EntityRocket.java,net.minecraft.entity.player.EntityPlayerMP,net.minecraft.entity,minecraft
src/main/java/zmaster587/advancedRocketry/entity/EntityRocket.java,net.minecraft.init.Blocks,net.minecraft.init,minecraft
src/main/java/zmaster587/advancedRocketry/entity/EntityRocket.java,net.minecraft.inventory.IInventory,net.minecraft.inventory,minecraft
src/main/java/zmaster587/advancedRocketry/entity/EntityRocket.java,net.minecraft.item.ItemStack,net.minecraft.item,minecraft
src/main/java/zmaster587/advancedRocketry/entity/EntityRocket.java,net.minecraft.nbt.NBTTagCompound,net.minecraft.nbt,minecraft
src/main/java/zmaster587/advancedRocketry/entity/EntityRocket.java,net.minecraft.nbt.NBTTagList,net.minecraft.nbt,minecraft
src/main/java/zmaster587/advancedRocketry/entity/EntityRocket.java,net.minecraft.network.datasync.DataParameter,net.minecraft.network,minecraft
src/main/java/zmaster587/advancedRocketry/entity/EntityRocket.java,net.minecraft.network.datasync.DataSerializers,net.minecraft.network,minecraft
src/main/java/zmaster587/advancedRocketry/entity/EntityRocket.java,net.minecraft.network.datasync.EntityDataManager,net.minecraft.network,minecraft
src/main/java/zmaster587/advancedRocketry/entity/EntityRocket.java,net.minecraft.server.MinecraftServer,net.minecraft.server,minecraft
src/main/java/zmaster587/advancedRocketry/entity/EntityRocket.java,net.minecraft.tileentity.TileEntity,net.minecraft.tileentity,minecraft
src/main/java/zmaster587/advancedRocketry/entity/EntityRocket.java,net.minecraft.util.EnumFacing,net.minecraft.util,minecraft
src/main/java/zmaster587/advancedRocketry/entity/EntityRocket.java,net.minecraft.util.EnumHand,net.minecraft.util,minecraft
src/main/java/zmaster587/advancedRocketry/entity/EntityRocket.java,net.minecraft.util.SoundCategory,net.minecraft.util,minecraft
src/main/java/zmaster587/advancedRocketry/entity/EntityRocket.java,net.minecraft.util.math.AxisAlignedBB,net.minecraft.util,minecraft
src/main/java/zmaster587/advancedRocketry/entity/EntityRocket.java,net.minecraft.util.math.BlockPos,net.minecraft.util,minecraft
src/main/java/zmaster587/advancedRocketry/entity/EntityRocket.java,net.minecraft.util.math.MathHelper,net.minecraft.util,minecraft
src/main/java/zmaster587/advancedRocketry/entity/EntityRocket.java,net.minecraft.util.math.Vec3d,net.minecraft.util,minecraft
src/main/java/zmaster587/advancedRocketry/entity/EntityRocket.java,net.minecraft.util.text.TextComponentString,net.minecraft.util,minecraft
src/main/java/zmaster587/advancedRocketry/entity/EntityRocket.java,net.minecraft.world.Teleporter,net.minecraft.world,minecraft
src/main/java/zmaster587/advancedRocketry/entity/EntityRocket.java,net.minecraft.world.World,net.minecraft.world,minecraft
src/main/java/zmaster587/advancedRocketry/entity/EntityRocket.java,net.minecraft.world.WorldServer,net.minecraft.world,minecraft
src/main/java/zmaster587/advancedRocketry/entity/EntityRocket.java,net.minecraft.world.chunk.Chunk,net.minecraft.world,minecraft
src/main/java/zmaster587/advancedRocketry/entity/EntityRocket.java,net.minecraftforge.common.MinecraftForge,net.minecraftforge.common,minecraft
src/main/java/zmaster587/advancedRocketry/entity/EntityRocket.java,net.minecraftforge.fluids.*,net.minecraftforge.fluids,minecraft
src/main/java/zmaster587/advancedRocketry/entity/EntityRocket.java,net.minecraftforge.fml.relauncher.Side,net.minecraftforge.fml,minecraft
src/main/java/zmaster587/advancedRocketry/entity/EntityRocket.java,net.minecraftforge.fml.relauncher.SideOnly,net.minecraftforge.fml,minecraft
src/main/java/zmaster587/advancedRocketry/entity/EntityRocket.java,zmaster587.advancedRocketry.AdvancedRocketry,zmaster587.advancedRocketry.AdvancedRocketry,upstream_internal
src/main/java/zmaster587/advancedRocketry/entity/EntityRocket.java,zmaster587.advancedRocketry.advancements.ARAdvancements,zmaster587.advancedRocketry.advancements,upstream_internal
src/main/java/zmaster587/advancedRocketry/entity/EntityRocket.java,zmaster587.advancedRocketry.api.*,zmaster587.advancedRocketry.api,upstream_internal
src/main/java/zmaster587/advancedRocketry/entity/EntityRocket.java,zmaster587.advancedRocketry.api.RocketEvent.RocketLaunchEvent,zmaster587.advancedRocketry.api,upstream_internal
src/main/java/zmaster587/advancedRocketry/entity/EntityRocket.java,zmaster587.advancedRocketry.api.RocketEvent.RocketPreLaunchEvent,zmaster587.advancedRocketry.api,upstream_internal
src/main/java/zmaster587/advancedRocketry/entity/EntityRocket.java,zmaster587.advancedRocketry.api.dimension.IDimensionProperties,zmaster587.advancedRocketry.api,upstream_internal
src/main/java/zmaster587/advancedRocketry/entity/EntityRocket.java,zmaster587.advancedRocketry.api.dimension.solar.StellarBody,zmaster587.advancedRocketry.api,upstream_internal
src/main/java/zmaster587/advancedRocketry/entity/EntityRocket.java,zmaster587.advancedRocketry.api.fuel.FuelRegistry,zmaster587.advancedRocketry.api,upstream_internal
src/main/java/zmaster587/advancedRocketry/entity/EntityRocket.java,zmaster587.advancedRocketry.api.fuel.FuelRegistry.FuelType,zmaster587.advancedRocketry.api,upstream_internal
src/main/java/zmaster587/advancedRocketry/entity/EntityRocket.java,zmaster587.advancedRocketry.api.satellite.SatelliteBase,zmaster587.advancedRocketry.api,upstream_internal
src/main/java/zmaster587/advancedRocketry/entity/EntityRocket.java,zmaster587.advancedRocketry.api.stations.ISpaceObject,zmaster587.advancedRocketry.api,upstream_internal
src/main/java/zmaster587/advancedRocketry/entity/EntityRocket.java,zmaster587.advancedRocketry.atmosphere.AtmosphereHandler,zmaster587.advancedRocketry.atmosphere,upstream_internal
src/main/java/zmaster587/advancedRocketry/entity/EntityRocket.java,zmaster587.advancedRocketry.block.BlockRegolith,zmaster587.advancedRocketry.block,upstream_internal
src/main/java/zmaster587/advancedRocketry/entity/EntityRocket.java,zmaster587.advancedRocketry.client.SoundRocketEngine,zmaster587.advancedRocketry.client,upstream_internal
src/main/java/zmaster587/advancedRocketry/entity/EntityRocket.java,zmaster587.advancedRocketry.dimension.DimensionManager,zmaster587.advancedRocketry.dimension,upstream_internal
src/main/java/zmaster587/advancedRocketry/entity/EntityRocket.java,zmaster587.advancedRocketry.dimension.DimensionProperties,zmaster587.advancedRocketry.dimension,upstream_internal
src/main/java/zmaster587/advancedRocketry/entity/EntityRocket.java,zmaster587.advancedRocketry.event.PlanetEventHandler,zmaster587.advancedRocketry.event,upstream_internal
src/main/java/zmaster587/advancedRocketry/entity/EntityRocket.java,zmaster587.advancedRocketry.inventory.IPlanetDefiner,zmaster587.advancedRocketry.inventory,upstream_internal
src/main/java/zmaster587/advancedRocketry/entity/EntityRocket.java,zmaster587.advancedRocketry.inventory.TextureResources,zmaster587.advancedRocketry.inventory,upstream_internal
src/main/java/zmaster587/advancedRocketry/entity/EntityRocket.java,zmaster587.advancedRocketry.inventory.modules.ModulePlanetSelector,zmaster587.advancedRocketry.inventory,upstream_internal
src/main/java/zmaster587/advancedRocketry/entity/EntityRocket.java,zmaster587.advancedRocketry.inventory.modules.ModuleStellarBackground,zmaster587.advancedRocketry.inventory,upstream_internal
src/main/java/zmaster587/advancedRocketry/entity/EntityRocket.java,zmaster587.advancedRocketry.item.ItemAsteroidChip,zmaster587.advancedRocketry.item,upstream_internal
src/main/java/zmaster587/advancedRocketry/entity/EntityRocket.java,zmaster587.advancedRocketry.item.ItemPackedStructure,zmaster587.advancedRocketry.item,upstream_internal
src/main/java/zmaster587/advancedRocketry/entity/EntityRocket.java,zmaster587.advancedRocketry.item.ItemPlanetIdentificationChip,zmaster587.advancedRocketry.item,upstream_internal
src/main/java/zmaster587/advancedRocketry/entity/EntityRocket.java,zmaster587.advancedRocketry.item.ItemStationChip,zmaster587.advancedRocketry.item,upstream_internal
src/main/java/zmaster587/advancedRocketry/entity/EntityRocket.java,zmaster587.advancedRocketry.mission.MissionOreMining,zmaster587.advancedRocketry.mission,upstream_internal
src/main/java/zmaster587/advancedRocketry/entity/EntityRocket.java,zmaster587.advancedRocketry.network.PacketSatellite,zmaster587.advancedRocketry.network,upstream_internal
src/main/java/zmaster587/advancedRocketry/entity/EntityRocket.java,zmaster587.advancedRocketry.stations.SpaceObjectManager,zmaster587.advancedRocketry.stations,upstream_internal
src/main/java/zmaster587/advancedRocketry/entity/EntityRocket.java,zmaster587.advancedRocketry.stations.SpaceStationObject,zmaster587.advancedRocketry.stations,upstream_internal
src/main/java/zmaster587/advancedRocketry/entity/EntityRocket.java,zmaster587.advancedRocketry.tile.TileGuidanceComputer,zmaster587.advancedRocketry.tile,upstream_internal
src/main/java/zmaster587/advancedRocketry/entity/EntityRocket.java,zmaster587.advancedRocketry.tile.hatch.TileSatelliteHatch,zmaster587.advancedRocketry.tile,upstream_internal
src/main/java/zmaster587/advancedRocketry/entity/EntityRocket.java,zmaster587.advancedRocketry.util.*,zmaster587.advancedRocketry.util,upstream_internal
src/main/java/zmaster587/advancedRocketry/entity/EntityRocket.java,zmaster587.advancedRocketry.world.util.TeleporterNoPortal,zmaster587.advancedRocketry.world,upstream_internal
src/main/java/zmaster587/advancedRocketry/entity/EntityRocket.java,zmaster587.libVulpes.LibVulpes,zmaster587.libVulpes.LibVulpes,libvulpes
src/main/java/zmaster587/advancedRocketry/entity/EntityRocket.java,zmaster587.libVulpes.client.util.ProgressBarImage,zmaster587.libVulpes.client,libvulpes
src/main/java/zmaster587/advancedRocketry/entity/EntityRocket.java,zmaster587.libVulpes.gui.CommonResources,zmaster587.libVulpes.gui,libvulpes
src/main/java/zmaster587/advancedRocketry/entity/EntityRocket.java,zmaster587.libVulpes.interfaces.INetworkEntity,zmaster587.libVulpes.interfaces,libvulpes
src/main/java/zmaster587/advancedRocketry/entity/EntityRocket.java,zmaster587.libVulpes.inventory.GuiHandler,zmaster587.libVulpes.inventory,libvulpes
src/main/java/zmaster587/advancedRocketry/entity/EntityRocket.java,zmaster587.libVulpes.inventory.modules.*,zmaster587.libVulpes.inventory,libvulpes
src/main/java/zmaster587/advancedRocketry/entity/EntityRocket.java,zmaster587.libVulpes.items.ItemLinker,zmaster587.libVulpes.items,libvulpes
src/main/java/zmaster587/advancedRocketry/entity/EntityRocket.java,zmaster587.libVulpes.network.PacketEntity,zmaster587.libVulpes.network,libvulpes
src/main/java/zmaster587/advancedRocketry/entity/EntityRocket.java,zmaster587.libVulpes.network.PacketHandler,zmaster587.libVulpes.network,libvulpes
src/main/java/zmaster587/advancedRocketry/entity/EntityRocket.java,zmaster587.libVulpes.util.*,zmaster587.libVulpes.util,libvulpes
src/main/java/zmaster587/advancedRocketry/entity/EntityStationDeployedRocket.java,io.netty.buffer.ByteBuf,io.netty.buffer,third_party
src/main/java/zmaster587/advancedRocketry/entity/EntityStationDeployedRocket.java,java.util.Iterator,java.util.Iterator,jdk
src/main/java/zmaster587/advancedRocketry/entity/EntityStationDeployedRocket.java,java.util.LinkedList,java.util.LinkedList,jdk
src/main/java/zmaster587/advancedRocketry/entity/EntityStationDeployedRocket.java,java.util.List,java.util.List,jdk
src/main/java/zmaster587/advancedRocketry/entity/EntityStationDeployedRocket.java,net.minecraft.client.Minecraft,net.minecraft.client,client_api
src/main/java/zmaster587/advancedRocketry/entity/EntityStationDeployedRocket.java,net.minecraft.entity.MoverType,net.minecraft.entity,minecraft
src/main/java/zmaster587/advancedRocketry/entity/EntityStationDeployedRocket.java,net.minecraft.entity.player.EntityPlayer,net.minecraft.entity,minecraft
src/main/java/zmaster587/advancedRocketry/entity/EntityStationDeployedRocket.java,net.minecraft.nbt.NBTTagCompound,net.minecraft.nbt,minecraft
src/main/java/zmaster587/advancedRocketry/entity/EntityStationDeployedRocket.java,net.minecraft.tileentity.TileEntity,net.minecraft.tileentity,minecraft
src/main/java/zmaster587/advancedRocketry/entity/EntityStationDeployedRocket.java,net.minecraft.util.EnumFacing,net.minecraft.util,minecraft
src/main/java/zmaster587/advancedRocketry/entity/EntityStationDeployedRocket.java,net.minecraft.util.SoundCategory,net.minecraft.util,minecraft
src/main/java/zmaster587/advancedRocketry/entity/EntityStationDeployedRocket.java,net.minecraft.util.math.BlockPos,net.minecraft.util,minecraft
src/main/java/zmaster587/advancedRocketry/entity/EntityStationDeployedRocket.java,net.minecraft.util.math.ChunkPos,net.minecraft.util,minecraft
src/main/java/zmaster587/advancedRocketry/entity/EntityStationDeployedRocket.java,net.minecraft.world.World,net.minecraft.world,minecraft
src/main/java/zmaster587/advancedRocketry/entity/EntityStationDeployedRocket.java,net.minecraftforge.common.ForgeChunkManager,net.minecraftforge.common,minecraft
src/main/java/zmaster587/advancedRocketry/entity/EntityStationDeployedRocket.java,net.minecraftforge.common.ForgeChunkManager.Ticket,net.minecraftforge.common,minecraft
src/main/java/zmaster587/advancedRocketry/entity/EntityStationDeployedRocket.java,net.minecraftforge.common.ForgeChunkManager.Type,net.minecraftforge.common,minecraft
src/main/java/zmaster587/advancedRocketry/entity/EntityStationDeployedRocket.java,net.minecraftforge.common.MinecraftForge,net.minecraftforge.common,minecraft
src/main/java/zmaster587/advancedRocketry/entity/EntityStationDeployedRocket.java,net.minecraftforge.fluids.FluidStack,net.minecraftforge.fluids,minecraft
src/main/java/zmaster587/advancedRocketry/entity/EntityStationDeployedRocket.java,net.minecraftforge.fml.relauncher.Side,net.minecraftforge.fml,minecraft
src/main/java/zmaster587/advancedRocketry/entity/EntityStationDeployedRocket.java,net.minecraftforge.fml.relauncher.SideOnly,net.minecraftforge.fml,minecraft
src/main/java/zmaster587/advancedRocketry/entity/EntityStationDeployedRocket.java,zmaster587.advancedRocketry.AdvancedRocketry,zmaster587.advancedRocketry.AdvancedRocketry,upstream_internal
src/main/java/zmaster587/advancedRocketry/entity/EntityStationDeployedRocket.java,zmaster587.advancedRocketry.api.ARConfiguration,zmaster587.advancedRocketry.api,upstream_internal
src/main/java/zmaster587/advancedRocketry/entity/EntityStationDeployedRocket.java,zmaster587.advancedRocketry.api.IInfrastructure,zmaster587.advancedRocketry.api,upstream_internal
src/main/java/zmaster587/advancedRocketry/entity/EntityStationDeployedRocket.java,zmaster587.advancedRocketry.api.RocketEvent,zmaster587.advancedRocketry.api,upstream_internal
src/main/java/zmaster587/advancedRocketry/entity/EntityStationDeployedRocket.java,zmaster587.advancedRocketry.api.RocketEvent.RocketLaunchEvent,zmaster587.advancedRocketry.api,upstream_internal
src/main/java/zmaster587/advancedRocketry/entity/EntityStationDeployedRocket.java,zmaster587.advancedRocketry.api.RocketEvent.RocketPreLaunchEvent,zmaster587.advancedRocketry.api,upstream_internal
src/main/java/zmaster587/advancedRocketry/entity/EntityStationDeployedRocket.java,zmaster587.advancedRocketry.api.StatsRocket,zmaster587.advancedRocketry.api,upstream_internal
src/main/java/zmaster587/advancedRocketry/entity/EntityStationDeployedRocket.java,zmaster587.advancedRocketry.api.atmosphere.AtmosphereRegister,zmaster587.advancedRocketry.api,upstream_internal
src/main/java/zmaster587/advancedRocketry/entity/EntityStationDeployedRocket.java,zmaster587.advancedRocketry.api.stations.ISpaceObject,zmaster587.advancedRocketry.api,upstream_internal
src/main/java/zmaster587/advancedRocketry/entity/EntityStationDeployedRocket.java,zmaster587.advancedRocketry.client.SoundRocketEngine,zmaster587.advancedRocketry.client,upstream_internal
src/main/java/zmaster587/advancedRocketry/entity/EntityStationDeployedRocket.java,zmaster587.advancedRocketry.dimension.DimensionManager,zmaster587.advancedRocketry.dimension,upstream_internal
src/main/java/zmaster587/advancedRocketry/entity/EntityStationDeployedRocket.java,zmaster587.advancedRocketry.dimension.DimensionProperties,zmaster587.advancedRocketry.dimension,upstream_internal
src/main/java/zmaster587/advancedRocketry/entity/EntityStationDeployedRocket.java,zmaster587.advancedRocketry.mission.MissionGasCollection,zmaster587.advancedRocketry.mission,upstream_internal
src/main/java/zmaster587/advancedRocketry/entity/EntityStationDeployedRocket.java,zmaster587.advancedRocketry.network.PacketSatellite,zmaster587.advancedRocketry.network,upstream_internal
src/main/java/zmaster587/advancedRocketry/entity/EntityStationDeployedRocket.java,zmaster587.advancedRocketry.stations.SpaceObjectManager,zmaster587.advancedRocketry.stations,upstream_internal
src/main/java/zmaster587/advancedRocketry/entity/EntityStationDeployedRocket.java,zmaster587.advancedRocketry.util.AudioRegistry,zmaster587.advancedRocketry.util,upstream_internal
src/main/java/zmaster587/advancedRocketry/entity/EntityStationDeployedRocket.java,zmaster587.advancedRocketry.util.StorageChunk,zmaster587.advancedRocketry.util,upstream_internal
src/main/java/zmaster587/advancedRocketry/entity/EntityStationDeployedRocket.java,zmaster587.libVulpes.LibVulpes,zmaster587.libVulpes.LibVulpes,libvulpes
src/main/java/zmaster587/advancedRocketry/entity/EntityStationDeployedRocket.java,zmaster587.libVulpes.inventory.modules.ModuleBase,zmaster587.libVulpes.inventory,libvulpes
src/main/java/zmaster587/advancedRocketry/entity/EntityStationDeployedRocket.java,zmaster587.libVulpes.inventory.modules.ModuleButton,zmaster587.libVulpes.inventory,libvulpes
src/main/java/zmaster587/advancedRocketry/entity/EntityStationDeployedRocket.java,zmaster587.libVulpes.inventory.modules.ModuleText,zmaster587.libVulpes.inventory,libvulpes
src/main/java/zmaster587/advancedRocketry/entity/EntityStationDeployedRocket.java,zmaster587.libVulpes.network.PacketEntity,zmaster587.libVulpes.network,libvulpes
src/main/java/zmaster587/advancedRocketry/entity/EntityStationDeployedRocket.java,zmaster587.libVulpes.network.PacketHandler,zmaster587.libVulpes.network,libvulpes
src/main/java/zmaster587/advancedRocketry/entity/EntityStationDeployedRocket.java,zmaster587.libVulpes.util.HashedBlockPosition,zmaster587.libVulpes.util,libvulpes
src/main/java/zmaster587/advancedRocketry/entity/EntityStationDeployedRocket.java,zmaster587.libVulpes.util.Vector3F,zmaster587.libVulpes.util,libvulpes
src/main/java/zmaster587/advancedRocketry/entity/EntityUIButton.java,net.minecraft.entity.player.EntityPlayer,net.minecraft.entity,minecraft
src/main/java/zmaster587/advancedRocketry/entity/EntityUIButton.java,net.minecraft.util.EnumHand,net.minecraft.util,minecraft
src/main/java/zmaster587/advancedRocketry/entity/EntityUIButton.java,net.minecraft.world.World,net.minecraft.world,minecraft
src/main/java/zmaster587/advancedRocketry/entity/EntityUIButton.java,zmaster587.advancedRocketry.tile.station.TileHolographicPlanetSelector,zmaster587.advancedRocketry.tile,upstream_internal
src/main/java/zmaster587/advancedRocketry/entity/EntityUIPlanet.java,javax.annotation.Nullable,javax.annotation.Nullable,jdk
src/main/java/zmaster587/advancedRocketry/entity/EntityUIPlanet.java,net.minecraft.entity.Entity,net.minecraft.entity,minecraft
src/main/java/zmaster587/advancedRocketry/entity/EntityUIPlanet.java,net.minecraft.entity.player.EntityPlayer,net.minecraft.entity,minecraft
src/main/java/zmaster587/advancedRocketry/entity/EntityUIPlanet.java,net.minecraft.nbt.NBTTagCompound,net.minecraft.nbt,minecraft
src/main/java/zmaster587/advancedRocketry/entity/EntityUIPlanet.java,net.minecraft.network.datasync.DataParameter,net.minecraft.network,minecraft
src/main/java/zmaster587/advancedRocketry/entity/EntityUIPlanet.java,net.minecraft.network.datasync.DataSerializers,net.minecraft.network,minecraft
src/main/java/zmaster587/advancedRocketry/entity/EntityUIPlanet.java,net.minecraft.network.datasync.EntityDataManager,net.minecraft.network,minecraft
src/main/java/zmaster587/advancedRocketry/entity/EntityUIPlanet.java,net.minecraft.util.EnumHand,net.minecraft.util,minecraft
src/main/java/zmaster587/advancedRocketry/entity/EntityUIPlanet.java,net.minecraft.util.math.MathHelper,net.minecraft.util,minecraft
src/main/java/zmaster587/advancedRocketry/entity/EntityUIPlanet.java,net.minecraft.world.World,net.minecraft.world,minecraft
src/main/java/zmaster587/advancedRocketry/entity/EntityUIPlanet.java,zmaster587.advancedRocketry.api.Constants,zmaster587.advancedRocketry.api,upstream_internal
src/main/java/zmaster587/advancedRocketry/entity/EntityUIPlanet.java,zmaster587.advancedRocketry.dimension.DimensionManager,zmaster587.advancedRocketry.dimension,upstream_internal
src/main/java/zmaster587/advancedRocketry/entity/EntityUIPlanet.java,zmaster587.advancedRocketry.dimension.DimensionProperties,zmaster587.advancedRocketry.dimension,upstream_internal
src/main/java/zmaster587/advancedRocketry/entity/EntityUIPlanet.java,zmaster587.advancedRocketry.tile.station.TileHolographicPlanetSelector,zmaster587.advancedRocketry.tile,upstream_internal
src/main/java/zmaster587/advancedRocketry/entity/EntityUIStar.java,net.minecraft.entity.player.EntityPlayer,net.minecraft.entity,minecraft
src/main/java/zmaster587/advancedRocketry/entity/EntityUIStar.java,net.minecraft.network.datasync.DataParameter,net.minecraft.network,minecraft
src/main/java/zmaster587/advancedRocketry/entity/EntityUIStar.java,net.minecraft.network.datasync.DataSerializers,net.minecraft.network,minecraft
src/main/java/zmaster587/advancedRocketry/entity/EntityUIStar.java,net.minecraft.network.datasync.EntityDataManager,net.minecraft.network,minecraft
src/main/java/zmaster587/advancedRocketry/entity/EntityUIStar.java,net.minecraft.util.EnumHand,net.minecraft.util,minecraft
src/main/java/zmaster587/advancedRocketry/entity/EntityUIStar.java,net.minecraft.world.World,net.minecraft.world,minecraft
src/main/java/zmaster587/advancedRocketry/entity/EntityUIStar.java,zmaster587.advancedRocketry.api.Constants,zmaster587.advancedRocketry.api,upstream_internal
src/main/java/zmaster587/advancedRocketry/entity/EntityUIStar.java,zmaster587.advancedRocketry.api.dimension.solar.StellarBody,zmaster587.advancedRocketry.api,upstream_internal
src/main/java/zmaster587/advancedRocketry/entity/EntityUIStar.java,zmaster587.advancedRocketry.dimension.DimensionManager,zmaster587.advancedRocketry.dimension,upstream_internal
src/main/java/zmaster587/advancedRocketry/entity/EntityUIStar.java,zmaster587.advancedRocketry.tile.station.TileHolographicPlanetSelector,zmaster587.advancedRocketry.tile,upstream_internal
src/main/java/zmaster587/advancedRocketry/entity/FxSkyLaser.java,net.minecraft.client.Minecraft,net.minecraft.client,client_api
src/main/java/zmaster587/advancedRocketry/entity/FxSkyLaser.java,net.minecraft.client.particle.Particle,net.minecraft.client,client_api
src/main/java/zmaster587/advancedRocketry/entity/FxSkyLaser.java,net.minecraft.client.renderer.BufferBuilder,net.minecraft.client,client_api
src/main/java/zmaster587/advancedRocketry/entity/FxSkyLaser.java,net.minecraft.entity.Entity,net.minecraft.entity,minecraft
src/main/java/zmaster587/advancedRocketry/entity/FxSkyLaser.java,net.minecraft.entity.player.EntityPlayer,net.minecraft.entity,minecraft
src/main/java/zmaster587/advancedRocketry/entity/FxSkyLaser.java,net.minecraft.world.World,net.minecraft.world,minecraft
src/main/java/zmaster587/advancedRocketry/entity/FxSkyLaser.java,org.lwjgl.opengl.GL11,org.lwjgl.opengl,third_party
src/main/java/zmaster587/advancedRocketry/entity/FxSkyLaser.java,zmaster587.advancedRocketry.client.render.RenderLaser,zmaster587.advancedRocketry.client,upstream_internal
src/main/java/zmaster587/advancedRocketry/entity/fx/FxElectricArc.java,net.minecraft.client.Minecraft,net.minecraft.client,client_api
src/main/java/zmaster587/advancedRocketry/entity/fx/FxElectricArc.java,net.minecraft.client.particle.Particle,net.minecraft.client,client_api
src/main/java/zmaster587/advancedRocketry/entity/fx/FxElectricArc.java,net.minecraft.client.renderer.BufferBuilder,net.minecraft.client,client_api
src/main/java/zmaster587/advancedRocketry/entity/fx/FxElectricArc.java,net.minecraft.entity.Entity,net.minecraft.entity,minecraft
src/main/java/zmaster587/advancedRocketry/entity/fx/FxElectricArc.java,net.minecraft.util.ResourceLocation,net.minecraft.util,minecraft
src/main/java/zmaster587/advancedRocketry/entity/fx/FxElectricArc.java,net.minecraft.world.World,net.minecraft.world,minecraft
src/main/java/zmaster587/advancedRocketry/entity/fx/FxGravityEffect.java,net.minecraft.client.Minecraft,net.minecraft.client,client_api
src/main/java/zmaster587/advancedRocketry/entity/fx/FxGravityEffect.java,net.minecraft.client.particle.Particle,net.minecraft.client,client_api
src/main/java/zmaster587/advancedRocketry/entity/fx/FxGravityEffect.java,net.minecraft.client.renderer.BufferBuilder,net.minecraft.client,client_api
src/main/java/zmaster587/advancedRocketry/entity/fx/FxGravityEffect.java,net.minecraft.client.renderer.Tessellator,net.minecraft.client,client_api
src/main/java/zmaster587/advancedRocketry/entity/fx/FxGravityEffect.java,net.minecraft.client.renderer.vertex.DefaultVertexFormats,net.minecraft.client,client_api
src/main/java/zmaster587/advancedRocketry/entity/fx/FxGravityEffect.java,net.minecraft.entity.Entity,net.minecraft.entity,minecraft
src/main/java/zmaster587/advancedRocketry/entity/fx/FxGravityEffect.java,net.minecraft.util.ResourceLocation,net.minecraft.util,minecraft
src/main/java/zmaster587/advancedRocketry/entity/fx/FxGravityEffect.java,net.minecraft.world.World,net.minecraft.world,minecraft
src/main/java/zmaster587/advancedRocketry/entity/fx/FxGravityEffect.java,org.lwjgl.opengl.GL11,org.lwjgl.opengl,third_party
src/main/java/zmaster587/advancedRocketry/entity/fx/FxLaser.java,net.minecraft.client.Minecraft,net.minecraft.client,client_api
src/main/java/zmaster587/advancedRocketry/entity/fx/FxLaser.java,net.minecraft.client.particle.Particle,net.minecraft.client,client_api
src/main/java/zmaster587/advancedRocketry/entity/fx/FxLaser.java,net.minecraft.client.renderer.BufferBuilder,net.minecraft.client,client_api
src/main/java/zmaster587/advancedRocketry/entity/fx/FxLaser.java,net.minecraft.client.renderer.GlStateManager,net.minecraft.client,client_api
src/main/java/zmaster587/advancedRocketry/entity/fx/FxLaser.java,net.minecraft.client.renderer.OpenGlHelper,net.minecraft.client,client_api
src/main/java/zmaster587/advancedRocketry/entity/fx/FxLaser.java,net.minecraft.client.renderer.Tessellator,net.minecraft.client,client_api
src/main/java/zmaster587/advancedRocketry/entity/fx/FxLaser.java,net.minecraft.client.renderer.vertex.DefaultVertexFormats,net.minecraft.client,client_api
src/main/java/zmaster587/advancedRocketry/entity/fx/FxLaser.java,net.minecraft.entity.Entity,net.minecraft.entity,minecraft
src/main/java/zmaster587/advancedRocketry/entity/fx/FxLaser.java,net.minecraft.util.math.MathHelper,net.minecraft.util,minecraft
src/main/java/zmaster587/advancedRocketry/entity/fx/FxLaser.java,net.minecraft.world.World,net.minecraft.world,minecraft
src/main/java/zmaster587/advancedRocketry/entity/fx/FxLaser.java,org.lwjgl.opengl.GL11,org.lwjgl.opengl,third_party
src/main/java/zmaster587/advancedRocketry/entity/fx/FxLaserHeat.java,net.minecraft.client.particle.Particle,net.minecraft.client,client_api
src/main/java/zmaster587/advancedRocketry/entity/fx/FxLaserHeat.java,net.minecraft.client.renderer.BufferBuilder,net.minecraft.client,client_api
src/main/java/zmaster587/advancedRocketry/entity/fx/FxLaserHeat.java,net.minecraft.client.renderer.GlStateManager,net.minecraft.client,client_api
src/main/java/zmaster587/advancedRocketry/entity/fx/FxLaserHeat.java,net.minecraft.client.renderer.OpenGlHelper,net.minecraft.client,client_api
src/main/java/zmaster587/advancedRocketry/entity/fx/FxLaserHeat.java,net.minecraft.client.renderer.Tessellator,net.minecraft.client,client_api
src/main/java/zmaster587/advancedRocketry/entity/fx/FxLaserHeat.java,net.minecraft.client.renderer.vertex.DefaultVertexFormats,net.minecraft.client,client_api
src/main/java/zmaster587/advancedRocketry/entity/fx/FxLaserHeat.java,net.minecraft.entity.Entity,net.minecraft.entity,minecraft
src/main/java/zmaster587/advancedRocketry/entity/fx/FxLaserHeat.java,net.minecraft.world.World,net.minecraft.world,minecraft
src/main/java/zmaster587/advancedRocketry/entity/fx/FxLaserHeat.java,org.lwjgl.opengl.GL11,org.lwjgl.opengl,third_party
src/main/java/zmaster587/advancedRocketry/entity/fx/FxLaserHeat.java,zmaster587.libVulpes.render.RenderHelper,zmaster587.libVulpes.render,libvulpes
src/main/java/zmaster587/advancedRocketry/entity/fx/FxLaserSpark.java,net.minecraft.client.particle.Particle,net.minecraft.client,client_api
src/main/java/zmaster587/advancedRocketry/entity/fx/FxLaserSpark.java,net.minecraft.client.renderer.BufferBuilder,net.minecraft.client,client_api
src/main/java/zmaster587/advancedRocketry/entity/fx/FxLaserSpark.java,net.minecraft.client.renderer.GlStateManager,net.minecraft.client,client_api
src/main/java/zmaster587/advancedRocketry/entity/fx/FxLaserSpark.java,net.minecraft.client.renderer.OpenGlHelper,net.minecraft.client,client_api
src/main/java/zmaster587/advancedRocketry/entity/fx/FxLaserSpark.java,net.minecraft.client.renderer.Tessellator,net.minecraft.client,client_api
src/main/java/zmaster587/advancedRocketry/entity/fx/FxLaserSpark.java,net.minecraft.client.renderer.vertex.DefaultVertexFormats,net.minecraft.client,client_api
src/main/java/zmaster587/advancedRocketry/entity/fx/FxLaserSpark.java,net.minecraft.entity.Entity,net.minecraft.entity,minecraft
src/main/java/zmaster587/advancedRocketry/entity/fx/FxLaserSpark.java,net.minecraft.world.World,net.minecraft.world,minecraft
src/main/java/zmaster587/advancedRocketry/entity/fx/FxLaserSpark.java,org.lwjgl.opengl.GL11,org.lwjgl.opengl,third_party
src/main/java/zmaster587/advancedRocketry/entity/fx/FxSystemElectricArc.java,net.minecraft.world.World,net.minecraft.world,minecraft
src/main/java/zmaster587/advancedRocketry/entity/fx/FxSystemElectricArc.java,zmaster587.advancedRocketry.AdvancedRocketry,zmaster587.advancedRocketry.AdvancedRocketry,upstream_internal
src/main/java/zmaster587/advancedRocketry/entity/fx/FxSystemElectricArc.java,zmaster587.libVulpes.util.Vector3F,zmaster587.libVulpes.util,libvulpes
src/main/java/zmaster587/advancedRocketry/entity/fx/InverseTrailFluid.java,net.minecraft.util.ResourceLocation,net.minecraft.util,minecraft
src/main/java/zmaster587/advancedRocketry/entity/fx/InverseTrailFluid.java,net.minecraft.world.World,net.minecraft.world,minecraft
src/main/java/zmaster587/advancedRocketry/entity/fx/InverseTrailFx.java,net.minecraft.client.Minecraft,net.minecraft.client,client_api
src/main/java/zmaster587/advancedRocketry/entity/fx/InverseTrailFx.java,net.minecraft.client.particle.Particle,net.minecraft.client,client_api
src/main/java/zmaster587/advancedRocketry/entity/fx/InverseTrailFx.java,net.minecraft.client.renderer.BufferBuilder,net.minecraft.client,client_api
src/main/java/zmaster587/advancedRocketry/entity/fx/InverseTrailFx.java,net.minecraft.client.renderer.Tessellator,net.minecraft.client,client_api
src/main/java/zmaster587/advancedRocketry/entity/fx/InverseTrailFx.java,net.minecraft.client.renderer.vertex.DefaultVertexFormats,net.minecraft.client,client_api
src/main/java/zmaster587/advancedRocketry/entity/fx/InverseTrailFx.java,net.minecraft.entity.Entity,net.minecraft.entity,minecraft
src/main/java/zmaster587/advancedRocketry/entity/fx/InverseTrailFx.java,net.minecraft.util.ResourceLocation,net.minecraft.util,minecraft
src/main/java/zmaster587/advancedRocketry/entity/fx/InverseTrailFx.java,net.minecraft.world.World,net.minecraft.world,minecraft
src/main/java/zmaster587/advancedRocketry/entity/fx/InverseTrailFx.java,org.lwjgl.opengl.GL11,org.lwjgl.opengl,third_party
src/main/java/zmaster587/advancedRocketry/entity/fx/OxygenCloudFX.java,net.minecraft.client.Minecraft,net.minecraft.client,client_api
src/main/java/zmaster587/advancedRocketry/entity/fx/OxygenCloudFX.java,net.minecraft.client.particle.Particle,net.minecraft.client,client_api
src/main/java/zmaster587/advancedRocketry/entity/fx/OxygenCloudFX.java,net.minecraft.client.renderer.BufferBuilder,net.minecraft.client,client_api
src/main/java/zmaster587/advancedRocketry/entity/fx/OxygenCloudFX.java,net.minecraft.client.renderer.Tessellator,net.minecraft.client,client_api
src/main/java/zmaster587/advancedRocketry/entity/fx/OxygenCloudFX.java,net.minecraft.client.renderer.vertex.DefaultVertexFormats,net.minecraft.client,client_api
src/main/java/zmaster587/advancedRocketry/entity/fx/OxygenCloudFX.java,net.minecraft.entity.Entity,net.minecraft.entity,minecraft
src/main/java/zmaster587/advancedRocketry/entity/fx/OxygenCloudFX.java,net.minecraft.util.ResourceLocation,net.minecraft.util,minecraft
src/main/java/zmaster587/advancedRocketry/entity/fx/OxygenCloudFX.java,net.minecraft.util.math.MathHelper,net.minecraft.util,minecraft
src/main/java/zmaster587/advancedRocketry/entity/fx/OxygenCloudFX.java,net.minecraft.world.World,net.minecraft.world,minecraft
src/main/java/zmaster587/advancedRocketry/entity/fx/OxygenCloudFX.java,org.lwjgl.opengl.GL11,org.lwjgl.opengl,third_party
src/main/java/zmaster587/advancedRocketry/entity/fx/OxygenTraceFX.java,net.minecraft.client.Minecraft,net.minecraft.client,client_api
src/main/java/zmaster587/advancedRocketry/entity/fx/OxygenTraceFX.java,net.minecraft.client.particle.Particle,net.minecraft.client,client_api
src/main/java/zmaster587/advancedRocketry/entity/fx/OxygenTraceFX.java,net.minecraft.client.renderer.BufferBuilder,net.minecraft.client,client_api
src/main/java/zmaster587/advancedRocketry/entity/fx/OxygenTraceFX.java,net.minecraft.client.renderer.Tessellator,net.minecraft.client,client_api
src/main/java/zmaster587/advancedRocketry/entity/fx/OxygenTraceFX.java,net.minecraft.client.renderer.vertex.DefaultVertexFormats,net.minecraft.client,client_api
src/main/java/zmaster587/advancedRocketry/entity/fx/OxygenTraceFX.java,net.minecraft.entity.Entity,net.minecraft.entity,minecraft
src/main/java/zmaster587/advancedRocketry/entity/fx/OxygenTraceFX.java,net.minecraft.util.ResourceLocation,net.minecraft.util,minecraft
src/main/java/zmaster587/advancedRocketry/entity/fx/OxygenTraceFX.java,net.minecraft.util.math.MathHelper,net.minecraft.util,minecraft
src/main/java/zmaster587/advancedRocketry/entity/fx/OxygenTraceFX.java,net.minecraft.world.World,net.minecraft.world,minecraft
src/main/java/zmaster587/advancedRocketry/entity/fx/OxygenTraceFX.java,org.lwjgl.opengl.GL11,org.lwjgl.opengl,third_party
src/main/java/zmaster587/advancedRocketry/entity/fx/RocketFx.java,net.minecraft.client.Minecraft,net.minecraft.client,client_api
src/main/java/zmaster587/advancedRocketry/entity/fx/RocketFx.java,net.minecraft.client.particle.Particle,net.minecraft.client,client_api
src/main/java/zmaster587/advancedRocketry/entity/fx/RocketFx.java,net.minecraft.client.renderer.BufferBuilder,net.minecraft.client,client_api
src/main/java/zmaster587/advancedRocketry/entity/fx/RocketFx.java,net.minecraft.client.renderer.GlStateManager,net.minecraft.client,client_api
src/main/java/zmaster587/advancedRocketry/entity/fx/RocketFx.java,net.minecraft.entity.Entity,net.minecraft.entity,minecraft
src/main/java/zmaster587/advancedRocketry/entity/fx/RocketFx.java,net.minecraft.util.ResourceLocation,net.minecraft.util,minecraft
src/main/java/zmaster587/advancedRocketry/entity/fx/RocketFx.java,net.minecraft.util.math.MathHelper,net.minecraft.util,minecraft
src/main/java/zmaster587/advancedRocketry/entity/fx/RocketFx.java,net.minecraft.util.math.Vec3d,net.minecraft.util,minecraft
src/main/java/zmaster587/advancedRocketry/entity/fx/RocketFx.java,net.minecraft.world.World,net.minecraft.world,minecraft
src/main/java/zmaster587/advancedRocketry/entity/fx/RocketFx.java,org.lwjgl.opengl.GL11,org.lwjgl.opengl,third_party
src/main/java/zmaster587/advancedRocketry/entity/fx/TrailFx.java,net.minecraft.world.World,net.minecraft.world,minecraft
src/main/java/zmaster587/advancedRocketry/event/BlockBreakEvent.java,net.minecraftforge.fml.common.eventhandler.Cancelable,net.minecraftforge.fml,minecraft
src/main/java/zmaster587/advancedRocketry/event/BlockBreakEvent.java,net.minecraftforge.fml.common.eventhandler.Event,net.minecraftforge.fml,minecraft
src/main/java/zmaster587/advancedRocketry/event/CableTickHandler.java,java.util.ConcurrentModificationException,java.util.ConcurrentModificationException,jdk
src/main/java/zmaster587/advancedRocketry/event/CableTickHandler.java,java.util.Iterator,java.util.Iterator,jdk
src/main/java/zmaster587/advancedRocketry/event/CableTickHandler.java,java.util.Map,java.util.Map,jdk
src/main/java/zmaster587/advancedRocketry/event/CableTickHandler.java,java.util.Map.Entry,java.util.Map,jdk
src/main/java/zmaster587/advancedRocketry/event/CableTickHandler.java,net.minecraft.tileentity.TileEntity,net.minecraft.tileentity,minecraft
src/main/java/zmaster587/advancedRocketry/event/CableTickHandler.java,net.minecraft.util.EnumFacing,net.minecraft.util,minecraft
src/main/java/zmaster587/advancedRocketry/event/CableTickHandler.java,net.minecraftforge.event.world.BlockEvent.BreakEvent,net.minecraftforge.event,minecraft
src/main/java/zmaster587/advancedRocketry/event/CableTickHandler.java,net.minecraftforge.event.world.ChunkEvent,net.minecraftforge.event,minecraft
src/main/java/zmaster587/advancedRocketry/event/CableTickHandler.java,net.minecraftforge.fml.common.eventhandler.SubscribeEvent,net.minecraftforge.fml,minecraft
src/main/java/zmaster587/advancedRocketry/event/CableTickHandler.java,net.minecraftforge.fml.common.gameevent.TickEvent,net.minecraftforge.fml,minecraft
src/main/java/zmaster587/advancedRocketry/event/CableTickHandler.java,net.minecraftforge.fml.common.gameevent.TickEvent.Phase,net.minecraftforge.fml,minecraft
src/main/java/zmaster587/advancedRocketry/event/CableTickHandler.java,zmaster587.advancedRocketry.AdvancedRocketry,zmaster587.advancedRocketry.AdvancedRocketry,upstream_internal
src/main/java/zmaster587/advancedRocketry/event/CableTickHandler.java,zmaster587.advancedRocketry.cable.NetworkRegistry,zmaster587.advancedRocketry.cable,upstream_internal
src/main/java/zmaster587/advancedRocketry/event/CableTickHandler.java,zmaster587.advancedRocketry.tile.cables.TilePipe,zmaster587.advancedRocketry.tile,upstream_internal
src/main/java/zmaster587/advancedRocketry/event/PlanetEventHandler.java,java.util.Collection,java.util.Collection,jdk
src/main/java/zmaster587/advancedRocketry/event/PlanetEventHandler.java,java.util.Iterator,java.util.Iterator,jdk
src/main/java/zmaster587/advancedRocketry/event/PlanetEventHandler.java,java.util.LinkedList,java.util.LinkedList,jdk
src/main/java/zmaster587/advancedRocketry/event/PlanetEventHandler.java,java.util.List,java.util.List,jdk
src/main/java/zmaster587/advancedRocketry/event/PlanetEventHandler.java,javax.annotation.Nonnull,javax.annotation.Nonnull,jdk
src/main/java/zmaster587/advancedRocketry/event/PlanetEventHandler.java,net.minecraft.block.BlockTorch,net.minecraft.block,minecraft
src/main/java/zmaster587/advancedRocketry/event/PlanetEventHandler.java,net.minecraft.block.material.Material,net.minecraft.block,minecraft
src/main/java/zmaster587/advancedRocketry/event/PlanetEventHandler.java,net.minecraft.block.state.IBlockState,net.minecraft.block,minecraft
src/main/java/zmaster587/advancedRocketry/event/PlanetEventHandler.java,net.minecraft.client.Minecraft,net.minecraft.client,client_api
src/main/java/zmaster587/advancedRocketry/event/PlanetEventHandler.java,net.minecraft.client.renderer.ActiveRenderInfo,net.minecraft.client,client_api
src/main/java/zmaster587/advancedRocketry/event/PlanetEventHandler.java,net.minecraft.client.renderer.GlStateManager,net.minecraft.client,client_api
src/main/java/zmaster587/advancedRocketry/event/PlanetEventHandler.java,net.minecraft.entity.Entity,net.minecraft.entity,minecraft
src/main/java/zmaster587/advancedRocketry/event/PlanetEventHandler.java,net.minecraft.entity.EnumCreatureType,net.minecraft.entity,minecraft
src/main/java/zmaster587/advancedRocketry/event/PlanetEventHandler.java,net.minecraft.entity.player.EntityPlayer,net.minecraft.entity,minecraft
src/main/java/zmaster587/advancedRocketry/event/PlanetEventHandler.java,net.minecraft.entity.player.EntityPlayer.SleepResult,net.minecraft.entity,minecraft
src/main/java/zmaster587/advancedRocketry/event/PlanetEventHandler.java,net.minecraft.entity.player.EntityPlayerMP,net.minecraft.entity,minecraft
src/main/java/zmaster587/advancedRocketry/event/PlanetEventHandler.java,net.minecraft.init.Blocks,net.minecraft.init,minecraft
src/main/java/zmaster587/advancedRocketry/event/PlanetEventHandler.java,net.minecraft.init.Items,net.minecraft.init,minecraft
src/main/java/zmaster587/advancedRocketry/event/PlanetEventHandler.java,net.minecraft.inventory.EntityEquipmentSlot,net.minecraft.inventory,minecraft
src/main/java/zmaster587/advancedRocketry/event/PlanetEventHandler.java,net.minecraft.item.Item,net.minecraft.item,minecraft
src/main/java/zmaster587/advancedRocketry/event/PlanetEventHandler.java,net.minecraft.item.ItemStack,net.minecraft.item,minecraft
src/main/java/zmaster587/advancedRocketry/event/PlanetEventHandler.java,net.minecraft.util.EnumFacing,net.minecraft.util,minecraft
src/main/java/zmaster587/advancedRocketry/event/PlanetEventHandler.java,net.minecraft.util.math.BlockPos,net.minecraft.util,minecraft
src/main/java/zmaster587/advancedRocketry/event/PlanetEventHandler.java,net.minecraft.util.math.Vec3d,net.minecraft.util,minecraft
src/main/java/zmaster587/advancedRocketry/event/PlanetEventHandler.java,net.minecraft.util.text.TextComponentString,net.minecraft.util,minecraft
src/main/java/zmaster587/advancedRocketry/event/PlanetEventHandler.java,net.minecraft.world.World,net.minecraft.world,minecraft
src/main/java/zmaster587/advancedRocketry/event/PlanetEventHandler.java,net.minecraft.world.WorldProvider,net.minecraft.world,minecraft
src/main/java/zmaster587/advancedRocketry/event/PlanetEventHandler.java,net.minecraft.world.WorldServer,net.minecraft.world,minecraft
src/main/java/zmaster587/advancedRocketry/event/PlanetEventHandler.java,net.minecraft.world.biome.Biome,net.minecraft.world,minecraft
src/main/java/zmaster587/advancedRocketry/event/PlanetEventHandler.java,net.minecraft.world.chunk.Chunk,net.minecraft.world,minecraft
src/main/java/zmaster587/advancedRocketry/event/PlanetEventHandler.java,net.minecraftforge.client.event.EntityViewRenderEvent.FogColors,net.minecraftforge.client,client_api
src/main/java/zmaster587/advancedRocketry/event/PlanetEventHandler.java,net.minecraftforge.client.event.EntityViewRenderEvent.RenderFogEvent,net.minecraftforge.client,client_api
src/main/java/zmaster587/advancedRocketry/event/PlanetEventHandler.java,net.minecraftforge.event.entity.living.LivingEvent.LivingUpdateEvent,net.minecraftforge.event,minecraft
src/main/java/zmaster587/advancedRocketry/event/PlanetEventHandler.java,net.minecraftforge.event.entity.living.LivingFallEvent,net.minecraftforge.event,minecraft
src/main/java/zmaster587/advancedRocketry/event/PlanetEventHandler.java,net.minecraftforge.event.entity.living.LivingSpawnEvent,net.minecraftforge.event,minecraft
src/main/java/zmaster587/advancedRocketry/event/PlanetEventHandler.java,net.minecraftforge.event.entity.player.PlayerInteractEvent.RightClickBlock,net.minecraftforge.event,minecraft
src/main/java/zmaster587/advancedRocketry/event/PlanetEventHandler.java,net.minecraftforge.event.entity.player.PlayerSleepInBedEvent,net.minecraftforge.event,minecraft
src/main/java/zmaster587/advancedRocketry/event/PlanetEventHandler.java,net.minecraftforge.event.terraingen.OreGenEvent,net.minecraftforge.event,minecraft
src/main/java/zmaster587/advancedRocketry/event/PlanetEventHandler.java,net.minecraftforge.event.terraingen.PopulateChunkEvent,net.minecraftforge.event,minecraft
src/main/java/zmaster587/advancedRocketry/event/PlanetEventHandler.java,net.minecraftforge.event.world.BlockEvent.PlaceEvent,net.minecraftforge.event,minecraft
src/main/java/zmaster587/advancedRocketry/event/PlanetEventHandler.java,net.minecraftforge.event.world.ChunkEvent,net.minecraftforge.event,minecraft
src/main/java/zmaster587/advancedRocketry/event/PlanetEventHandler.java,net.minecraftforge.event.world.WorldEvent,net.minecraftforge.event,minecraft
src/main/java/zmaster587/advancedRocketry/event/PlanetEventHandler.java,net.minecraftforge.fml.common.eventhandler.Event.Result,net.minecraftforge.fml,minecraft
src/main/java/zmaster587/advancedRocketry/event/PlanetEventHandler.java,net.minecraftforge.fml.common.eventhandler.SubscribeEvent,net.minecraftforge.fml,minecraft
src/main/java/zmaster587/advancedRocketry/event/PlanetEventHandler.java,net.minecraftforge.fml.common.gameevent.TickEvent,net.minecraftforge.fml,minecraft
src/main/java/zmaster587/advancedRocketry/event/PlanetEventHandler.java,net.minecraftforge.fml.common.network.FMLNetworkEvent.ClientConnectedToServerEvent,net.minecraftforge.fml,minecraft
src/main/java/zmaster587/advancedRocketry/event/PlanetEventHandler.java,net.minecraftforge.fml.common.network.FMLNetworkEvent.ClientDisconnectionFromServerEvent,net.minecraftforge.fml,minecraft
src/main/java/zmaster587/advancedRocketry/event/PlanetEventHandler.java,net.minecraftforge.fml.common.network.FMLNetworkEvent.ServerConnectionFromClientEvent,net.minecraftforge.fml,minecraft
src/main/java/zmaster587/advancedRocketry/event/PlanetEventHandler.java,net.minecraftforge.fml.relauncher.Side,net.minecraftforge.fml,minecraft
src/main/java/zmaster587/advancedRocketry/event/PlanetEventHandler.java,net.minecraftforge.fml.relauncher.SideOnly,net.minecraftforge.fml,minecraft
src/main/java/zmaster587/advancedRocketry/event/PlanetEventHandler.java,zmaster587.advancedRocketry.AdvancedRocketry,zmaster587.advancedRocketry.AdvancedRocketry,upstream_internal
src/main/java/zmaster587/advancedRocketry/event/PlanetEventHandler.java,zmaster587.advancedRocketry.advancements.ARAdvancements,zmaster587.advancedRocketry.advancements,upstream_internal
src/main/java/zmaster587/advancedRocketry/event/PlanetEventHandler.java,zmaster587.advancedRocketry.api.*,zmaster587.advancedRocketry.api,upstream_internal
src/main/java/zmaster587/advancedRocketry/event/PlanetEventHandler.java,zmaster587.advancedRocketry.api.stations.ISpaceObject,zmaster587.advancedRocketry.api,upstream_internal
src/main/java/zmaster587/advancedRocketry/event/PlanetEventHandler.java,zmaster587.advancedRocketry.atmosphere.AtmosphereHandler,zmaster587.advancedRocketry.atmosphere,upstream_internal
src/main/java/zmaster587/advancedRocketry/event/PlanetEventHandler.java,zmaster587.advancedRocketry.atmosphere.AtmosphereType,zmaster587.advancedRocketry.atmosphere,upstream_internal
src/main/java/zmaster587/advancedRocketry/event/PlanetEventHandler.java,zmaster587.advancedRocketry.client.render.planet.RenderPlanetarySky,zmaster587.advancedRocketry.client,upstream_internal
src/main/java/zmaster587/advancedRocketry/event/PlanetEventHandler.java,zmaster587.advancedRocketry.dimension.DimensionManager,zmaster587.advancedRocketry.dimension,upstream_internal
src/main/java/zmaster587/advancedRocketry/event/PlanetEventHandler.java,zmaster587.advancedRocketry.dimension.DimensionProperties,zmaster587.advancedRocketry.dimension,upstream_internal
src/main/java/zmaster587/advancedRocketry/event/PlanetEventHandler.java,zmaster587.advancedRocketry.entity.EntityRocket,zmaster587.advancedRocketry.entity,upstream_internal
src/main/java/zmaster587/advancedRocketry/event/PlanetEventHandler.java,zmaster587.advancedRocketry.network.PacketConfigSync,zmaster587.advancedRocketry.network,upstream_internal
src/main/java/zmaster587/advancedRocketry/event/PlanetEventHandler.java,zmaster587.advancedRocketry.network.PacketDimInfo,zmaster587.advancedRocketry.network,upstream_internal
src/main/java/zmaster587/advancedRocketry/event/PlanetEventHandler.java,zmaster587.advancedRocketry.network.PacketSpaceStationInfo,zmaster587.advancedRocketry.network,upstream_internal
src/main/java/zmaster587/advancedRocketry/event/PlanetEventHandler.java,zmaster587.advancedRocketry.network.PacketStellarInfo,zmaster587.advancedRocketry.network,upstream_internal
src/main/java/zmaster587/advancedRocketry/event/PlanetEventHandler.java,zmaster587.advancedRocketry.stations.SpaceObjectManager,zmaster587.advancedRocketry.stations,upstream_internal
src/main/java/zmaster587/advancedRocketry/event/PlanetEventHandler.java,zmaster587.advancedRocketry.stations.SpaceStationObject,zmaster587.advancedRocketry.stations,upstream_internal
src/main/java/zmaster587/advancedRocketry/event/PlanetEventHandler.java,zmaster587.advancedRocketry.util.BiomeHandler,zmaster587.advancedRocketry.util,upstream_internal
src/main/java/zmaster587/advancedRocketry/event/PlanetEventHandler.java,zmaster587.advancedRocketry.util.SpawnListEntryNBT,zmaster587.advancedRocketry.util,upstream_internal
src/main/java/zmaster587/advancedRocketry/event/PlanetEventHandler.java,zmaster587.advancedRocketry.util.TransitionEntity,zmaster587.advancedRocketry.util,upstream_internal
src/main/java/zmaster587/advancedRocketry/event/PlanetEventHandler.java,zmaster587.advancedRocketry.world.ChunkManagerPlanet,zmaster587.advancedRocketry.world,upstream_internal
src/main/java/zmaster587/advancedRocketry/event/PlanetEventHandler.java,zmaster587.advancedRocketry.world.provider.WorldProviderPlanet,zmaster587.advancedRocketry.world,upstream_internal
src/main/java/zmaster587/advancedRocketry/event/PlanetEventHandler.java,zmaster587.advancedRocketry.world.util.TeleporterNoPortal,zmaster587.advancedRocketry.world,upstream_internal
src/main/java/zmaster587/advancedRocketry/event/PlanetEventHandler.java,zmaster587.libVulpes.LibVulpes,zmaster587.libVulpes.LibVulpes,libvulpes
src/main/java/zmaster587/advancedRocketry/event/PlanetEventHandler.java,zmaster587.libVulpes.api.IModularArmor,zmaster587.libVulpes.api,libvulpes
src/main/java/zmaster587/advancedRocketry/event/PlanetEventHandler.java,zmaster587.libVulpes.network.PacketHandler,zmaster587.libVulpes.network,libvulpes
src/main/java/zmaster587/advancedRocketry/event/PlanetEventHandler.java,zmaster587.libVulpes.util.HashedBlockPosition,zmaster587.libVulpes.util,libvulpes
src/main/java/zmaster587/advancedRocketry/event/RocketEventHandler.java,java.nio.IntBuffer,java.nio.IntBuffer,jdk
src/main/java/zmaster587/advancedRocketry/event/RocketEventHandler.java,java.util.List,java.util.List,jdk
src/main/java/zmaster587/advancedRocketry/event/RocketEventHandler.java,java.util.Random,java.util.Random,jdk
src/main/java/zmaster587/advancedRocketry/event/RocketEventHandler.java,javax.annotation.Nonnull,javax.annotation.Nonnull,jdk
src/main/java/zmaster587/advancedRocketry/event/RocketEventHandler.java,net.minecraft.block.material.MapColor,net.minecraft.block,minecraft
src/main/java/zmaster587/advancedRocketry/event/RocketEventHandler.java,net.minecraft.block.state.IBlockState,net.minecraft.block,minecraft
src/main/java/zmaster587/advancedRocketry/event/RocketEventHandler.java,net.minecraft.client.Minecraft,net.minecraft.client,client_api
src/main/java/zmaster587/advancedRocketry/event/RocketEventHandler.java,net.minecraft.client.gui.FontRenderer,net.minecraft.client,client_api
src/main/java/zmaster587/advancedRocketry/event/RocketEventHandler.java,net.minecraft.client.gui.Gui,net.minecraft.client,client_api
src/main/java/zmaster587/advancedRocketry/event/RocketEventHandler.java,net.minecraft.client.gui.ScaledResolution,net.minecraft.client,client_api
src/main/java/zmaster587/advancedRocketry/event/RocketEventHandler.java,net.minecraft.client.renderer.BufferBuilder,net.minecraft.client,client_api
src/main/java/zmaster587/advancedRocketry/event/RocketEventHandler.java,net.minecraft.client.renderer.GlStateManager,net.minecraft.client,client_api
src/main/java/zmaster587/advancedRocketry/event/RocketEventHandler.java,net.minecraft.client.renderer.Tessellator,net.minecraft.client,client_api
src/main/java/zmaster587/advancedRocketry/event/RocketEventHandler.java,net.minecraft.client.renderer.vertex.DefaultVertexFormats,net.minecraft.client,client_api
src/main/java/zmaster587/advancedRocketry/event/RocketEventHandler.java,net.minecraft.entity.Entity,net.minecraft.entity,minecraft
src/main/java/zmaster587/advancedRocketry/event/RocketEventHandler.java,net.minecraft.init.Blocks,net.minecraft.init,minecraft
src/main/java/zmaster587/advancedRocketry/event/RocketEventHandler.java,net.minecraft.inventory.EntityEquipmentSlot,net.minecraft.inventory,minecraft
src/main/java/zmaster587/advancedRocketry/event/RocketEventHandler.java,net.minecraft.item.ItemStack,net.minecraft.item,minecraft
src/main/java/zmaster587/advancedRocketry/event/RocketEventHandler.java,net.minecraft.util.ResourceLocation,net.minecraft.util,minecraft
src/main/java/zmaster587/advancedRocketry/event/RocketEventHandler.java,net.minecraft.util.math.BlockPos,net.minecraft.util,minecraft
src/main/java/zmaster587/advancedRocketry/event/RocketEventHandler.java,net.minecraft.util.math.MathHelper,net.minecraft.util,minecraft
src/main/java/zmaster587/advancedRocketry/event/RocketEventHandler.java,net.minecraft.util.math.Vec3d,net.minecraft.util,minecraft
src/main/java/zmaster587/advancedRocketry/event/RocketEventHandler.java,net.minecraft.world.World,net.minecraft.world,minecraft
src/main/java/zmaster587/advancedRocketry/event/RocketEventHandler.java,net.minecraft.world.chunk.Chunk,net.minecraft.world,minecraft
src/main/java/zmaster587/advancedRocketry/event/RocketEventHandler.java,net.minecraftforge.client.ForgeHooksClient,net.minecraftforge.client,client_api
src/main/java/zmaster587/advancedRocketry/event/RocketEventHandler.java,net.minecraftforge.client.IRenderHandler,net.minecraftforge.client,client_api
src/main/java/zmaster587/advancedRocketry/event/RocketEventHandler.java,net.minecraftforge.client.event.RenderGameOverlayEvent,net.minecraftforge.client,client_api
src/main/java/zmaster587/advancedRocketry/event/RocketEventHandler.java,net.minecraftforge.client.event.RenderGameOverlayEvent.ElementType,net.minecraftforge.client,client_api
src/main/java/zmaster587/advancedRocketry/event/RocketEventHandler.java,net.minecraftforge.fml.common.eventhandler.SubscribeEvent,net.minecraftforge.fml,minecraft
src/main/java/zmaster587/advancedRocketry/event/RocketEventHandler.java,net.minecraftforge.fml.common.gameevent.PlayerEvent,net.minecraftforge.fml,minecraft
src/main/java/zmaster587/advancedRocketry/event/RocketEventHandler.java,net.minecraftforge.fml.relauncher.Side,net.minecraftforge.fml,minecraft
src/main/java/zmaster587/advancedRocketry/event/RocketEventHandler.java,net.minecraftforge.fml.relauncher.SideOnly,net.minecraftforge.fml,minecraft
src/main/java/zmaster587/advancedRocketry/event/RocketEventHandler.java,org.lwjgl.opengl.GL11,org.lwjgl.opengl,third_party
src/main/java/zmaster587/advancedRocketry/event/RocketEventHandler.java,zmaster587.advancedRocketry.api.ARConfiguration,zmaster587.advancedRocketry.api,upstream_internal
src/main/java/zmaster587/advancedRocketry/event/RocketEventHandler.java,zmaster587.advancedRocketry.api.IPlanetaryProvider,zmaster587.advancedRocketry.api,upstream_internal
src/main/java/zmaster587/advancedRocketry/event/RocketEventHandler.java,zmaster587.advancedRocketry.api.RocketEvent,zmaster587.advancedRocketry.api,upstream_internal
src/main/java/zmaster587/advancedRocketry/event/RocketEventHandler.java,zmaster587.advancedRocketry.api.armor.IFillableArmor,zmaster587.advancedRocketry.api,upstream_internal
src/main/java/zmaster587/advancedRocketry/event/RocketEventHandler.java,zmaster587.advancedRocketry.atmosphere.AtmosphereHandler,zmaster587.advancedRocketry.atmosphere,upstream_internal
src/main/java/zmaster587/advancedRocketry/event/RocketEventHandler.java,zmaster587.advancedRocketry.client.render.ClientDynamicTexture,zmaster587.advancedRocketry.client,upstream_internal
src/main/java/zmaster587/advancedRocketry/event/RocketEventHandler.java,zmaster587.advancedRocketry.client.render.planet.RenderPlanetarySky,zmaster587.advancedRocketry.client,upstream_internal
src/main/java/zmaster587/advancedRocketry/event/RocketEventHandler.java,zmaster587.advancedRocketry.dimension.DimensionManager,zmaster587.advancedRocketry.dimension,upstream_internal
src/main/java/zmaster587/advancedRocketry/event/RocketEventHandler.java,zmaster587.advancedRocketry.entity.EntityRocket,zmaster587.advancedRocketry.entity,upstream_internal
src/main/java/zmaster587/advancedRocketry/event/RocketEventHandler.java,zmaster587.advancedRocketry.inventory.TextureResources,zmaster587.advancedRocketry.inventory,upstream_internal
src/main/java/zmaster587/advancedRocketry/event/RocketEventHandler.java,zmaster587.advancedRocketry.util.ItemAirUtils,zmaster587.advancedRocketry.util,upstream_internal
src/main/java/zmaster587/advancedRocketry/event/RocketEventHandler.java,zmaster587.libVulpes.api.IArmorComponent,zmaster587.libVulpes.api,libvulpes
src/main/java/zmaster587/advancedRocketry/event/RocketEventHandler.java,zmaster587.libVulpes.api.IModularArmor,zmaster587.libVulpes.api,libvulpes
src/main/java/zmaster587/advancedRocketry/event/RocketEventHandler.java,zmaster587.libVulpes.client.ResourceIcon,zmaster587.libVulpes.client,libvulpes
src/main/java/zmaster587/advancedRocketry/event/RocketEventHandler.java,zmaster587.libVulpes.render.RenderHelper,zmaster587.libVulpes.render,libvulpes
src/main/java/zmaster587/advancedRocketry/event/RocketEventHandler.java,zmaster587.libVulpes.util.ZUtils,zmaster587.libVulpes.util,libvulpes
src/main/java/zmaster587/advancedRocketry/event/WorldEvents.java,java.util.List,java.util.List,jdk
src/main/java/zmaster587/advancedRocketry/event/WorldEvents.java,net.minecraft.world.World,net.minecraft.world,minecraft
src/main/java/zmaster587/advancedRocketry/event/WorldEvents.java,net.minecraftforge.common.ForgeChunkManager.LoadingCallback,net.minecraftforge.common,minecraft
src/main/java/zmaster587/advancedRocketry/event/WorldEvents.java,net.minecraftforge.common.ForgeChunkManager.Ticket,net.minecraftforge.common,minecraft
src/main/java/zmaster587/advancedRocketry/integration/CompatibilityMgr.java,net.minecraftforge.fml.common.Loader,net.minecraftforge.fml,minecraft
src/main/java/zmaster587/advancedRocketry/integration/CompatibilityMgr.java,zmaster587.advancedRocketry.integration.jei.ARPlugin,zmaster587.advancedRocketry.integration,upstream_internal
src/main/java/zmaster587/advancedRocketry/integration/GalacticCraftHandler.java,micdoodle8.mods.galacticraft.api.event.oxygen.GCCoreOxygenSuffocationEvent,micdoodle8.mods.galacticraft,third_party
src/main/java/zmaster587/advancedRocketry/integration/GalacticCraftHandler.java,micdoodle8.mods.galacticraft.core.entities.player.GCPlayerStats,micdoodle8.mods.galacticraft,third_party
src/main/java/zmaster587/advancedRocketry/integration/GalacticCraftHandler.java,micdoodle8.mods.galacticraft.core.entities.player.GCPlayerStatsClient,micdoodle8.mods.galacticraft,third_party
src/main/java/zmaster587/advancedRocketry/integration/GalacticCraftHandler.java,net.minecraft.client.Minecraft,net.minecraft.client,client_api
src/main/java/zmaster587/advancedRocketry/integration/GalacticCraftHandler.java,net.minecraft.entity.player.EntityPlayer,net.minecraft.entity,minecraft
src/main/java/zmaster587/advancedRocketry/integration/GalacticCraftHandler.java,net.minecraftforge.fml.common.eventhandler.SubscribeEvent,net.minecraftforge.fml,minecraft
src/main/java/zmaster587/advancedRocketry/integration/GalacticCraftHandler.java,net.minecraftforge.fml.common.gameevent.TickEvent,net.minecraftforge.fml,minecraft
src/main/java/zmaster587/advancedRocketry/integration/GalacticCraftHandler.java,net.minecraftforge.fml.relauncher.Side,net.minecraftforge.fml,minecraft
src/main/java/zmaster587/advancedRocketry/integration/GalacticCraftHandler.java,net.minecraftforge.fml.relauncher.SideOnly,net.minecraftforge.fml,minecraft
src/main/java/zmaster587/advancedRocketry/integration/jei/ARPlugin.java,java.awt.*,java.awt.*,jdk
src/main/java/zmaster587/advancedRocketry/integration/jei/ARPlugin.java,java.util.List,java.util.List,jdk
src/main/java/zmaster587/advancedRocketry/integration/jei/ARPlugin.java,javax.annotation.Nonnull,javax.annotation.Nonnull,jdk
src/main/java/zmaster587/advancedRocketry/integration/jei/ARPlugin.java,mezz.jei.api.*,mezz.jei.api,third_party
src/main/java/zmaster587/advancedRocketry/integration/jei/ARPlugin.java,mezz.jei.api.gui.IAdvancedGuiHandler,mezz.jei.api,third_party
src/main/java/zmaster587/advancedRocketry/integration/jei/ARPlugin.java,mezz.jei.api.ingredients.IIngredientBlacklist,mezz.jei.api,third_party
src/main/java/zmaster587/advancedRocketry/integration/jei/ARPlugin.java,mezz.jei.api.recipe.IRecipeCategoryRegistration,mezz.jei.api,third_party
src/main/java/zmaster587/advancedRocketry/integration/jei/ARPlugin.java,net.minecraft.item.ItemStack,net.minecraft.item,minecraft
src/main/java/zmaster587/advancedRocketry/integration/jei/ARPlugin.java,zmaster587.advancedRocketry.api.AdvancedRocketryBlocks,zmaster587.advancedRocketry.api,upstream_internal
src/main/java/zmaster587/advancedRocketry/integration/jei/ARPlugin.java,zmaster587.advancedRocketry.api.AdvancedRocketryItems,zmaster587.advancedRocketry.api,upstream_internal
src/main/java/zmaster587/advancedRocketry/integration/jei/ARPlugin.java,zmaster587.advancedRocketry.block.BlockSmallPlatePress,zmaster587.advancedRocketry.block,upstream_internal
src/main/java/zmaster587/advancedRocketry/integration/jei/ARPlugin.java,zmaster587.advancedRocketry.integration.jei.arcFurnace.ArcFurnaceCategory,zmaster587.advancedRocketry.integration,upstream_internal
src/main/java/zmaster587/advancedRocketry/integration/jei/ARPlugin.java,zmaster587.advancedRocketry.integration.jei.arcFurnace.ArcFurnaceRecipeHandler,zmaster587.advancedRocketry.integration,upstream_internal
src/main/java/zmaster587/advancedRocketry/integration/jei/ARPlugin.java,zmaster587.advancedRocketry.integration.jei.arcFurnace.ArcFurnaceRecipeMaker,zmaster587.advancedRocketry.integration,upstream_internal
src/main/java/zmaster587/advancedRocketry/integration/jei/ARPlugin.java,zmaster587.advancedRocketry.integration.jei.centrifuge.CentrifugeCategory,zmaster587.advancedRocketry.integration,upstream_internal
src/main/java/zmaster587/advancedRocketry/integration/jei/ARPlugin.java,zmaster587.advancedRocketry.integration.jei.centrifuge.CentrifugeRecipeHandler,zmaster587.advancedRocketry.integration,upstream_internal
src/main/java/zmaster587/advancedRocketry/integration/jei/ARPlugin.java,zmaster587.advancedRocketry.integration.jei.centrifuge.CentrifugeRecipeMaker,zmaster587.advancedRocketry.integration,upstream_internal
src/main/java/zmaster587/advancedRocketry/integration/jei/ARPlugin.java,zmaster587.advancedRocketry.integration.jei.chemicalReactor.ChemicalReactorCategory,zmaster587.advancedRocketry.integration,upstream_internal
src/main/java/zmaster587/advancedRocketry/integration/jei/ARPlugin.java,zmaster587.advancedRocketry.integration.jei.chemicalReactor.ChemicalReactorRecipeHandler,zmaster587.advancedRocketry.integration,upstream_internal
src/main/java/zmaster587/advancedRocketry/integration/jei/ARPlugin.java,zmaster587.advancedRocketry.integration.jei.chemicalReactor.ChemicalReactorRecipeMaker,zmaster587.advancedRocketry.integration,upstream_internal
src/main/java/zmaster587/advancedRocketry/integration/jei/ARPlugin.java,zmaster587.advancedRocketry.integration.jei.crystallizer.CrystallizerCategory,zmaster587.advancedRocketry.integration,upstream_internal
src/main/java/zmaster587/advancedRocketry/integration/jei/ARPlugin.java,zmaster587.advancedRocketry.integration.jei.crystallizer.CrystallizerRecipeHandler,zmaster587.advancedRocketry.integration,upstream_internal
src/main/java/zmaster587/advancedRocketry/integration/jei/ARPlugin.java,zmaster587.advancedRocketry.integration.jei.crystallizer.CrystallizerRecipeMaker,zmaster587.advancedRocketry.integration,upstream_internal
src/main/java/zmaster587/advancedRocketry/integration/jei/ARPlugin.java,zmaster587.advancedRocketry.integration.jei.electrolyser.ElectrolyzerCategory,zmaster587.advancedRocketry.integration,upstream_internal
src/main/java/zmaster587/advancedRocketry/integration/jei/ARPlugin.java,zmaster587.advancedRocketry.integration.jei.electrolyser.ElectrolyzerRecipeHandler,zmaster587.advancedRocketry.integration,upstream_internal
src/main/java/zmaster587/advancedRocketry/integration/jei/ARPlugin.java,zmaster587.advancedRocketry.integration.jei.electrolyser.ElectrolyzerRecipeMaker,zmaster587.advancedRocketry.integration,upstream_internal
src/main/java/zmaster587/advancedRocketry/integration/jei/ARPlugin.java,zmaster587.advancedRocketry.integration.jei.lathe.LatheCategory,zmaster587.advancedRocketry.integration,upstream_internal
src/main/java/zmaster587/advancedRocketry/integration/jei/ARPlugin.java,zmaster587.advancedRocketry.integration.jei.lathe.LatheRecipeHandler,zmaster587.advancedRocketry.integration,upstream_internal
src/main/java/zmaster587/advancedRocketry/integration/jei/ARPlugin.java,zmaster587.advancedRocketry.integration.jei.lathe.LatheRecipeMaker,zmaster587.advancedRocketry.integration,upstream_internal
src/main/java/zmaster587/advancedRocketry/integration/jei/ARPlugin.java,zmaster587.advancedRocketry.integration.jei.platePresser.PlatePressCategory,zmaster587.advancedRocketry.integration,upstream_internal
src/main/java/zmaster587/advancedRocketry/integration/jei/ARPlugin.java,zmaster587.advancedRocketry.integration.jei.platePresser.PlatePressRecipeHandler,zmaster587.advancedRocketry.integration,upstream_internal
src/main/java/zmaster587/advancedRocketry/integration/jei/ARPlugin.java,zmaster587.advancedRocketry.integration.jei.platePresser.PlatePressRecipeMaker,zmaster587.advancedRocketry.integration,upstream_internal
src/main/java/zmaster587/advancedRocketry/integration/jei/ARPlugin.java,zmaster587.advancedRocketry.integration.jei.precisionAssembler.PrecisionAssemblerCategory,zmaster587.advancedRocketry.integration,upstream_internal
src/main/java/zmaster587/advancedRocketry/integration/jei/ARPlugin.java,zmaster587.advancedRocketry.integration.jei.precisionAssembler.PrecisionAssemblerRecipeHandler,zmaster587.advancedRocketry.integration,upstream_internal
src/main/java/zmaster587/advancedRocketry/integration/jei/ARPlugin.java,zmaster587.advancedRocketry.integration.jei.precisionAssembler.PrecisionAssemblerRecipeMaker,zmaster587.advancedRocketry.integration,upstream_internal
src/main/java/zmaster587/advancedRocketry/integration/jei/ARPlugin.java,zmaster587.advancedRocketry.integration.jei.precisionLaserEtcher.PrecisionLaserEtcherCategory,zmaster587.advancedRocketry.integration,upstream_internal
src/main/java/zmaster587/advancedRocketry/integration/jei/ARPlugin.java,zmaster587.advancedRocketry.integration.jei.precisionLaserEtcher.PrecisionLaserEtcherRecipeHandler,zmaster587.advancedRocketry.integration,upstream_internal
src/main/java/zmaster587/advancedRocketry/integration/jei/ARPlugin.java,zmaster587.advancedRocketry.integration.jei.precisionLaserEtcher.PrecisionLaserEtcherRecipeMaker,zmaster587.advancedRocketry.integration,upstream_internal
src/main/java/zmaster587/advancedRocketry/integration/jei/ARPlugin.java,zmaster587.advancedRocketry.integration.jei.rollingMachine.RollingMachineCategory,zmaster587.advancedRocketry.integration,upstream_internal
src/main/java/zmaster587/advancedRocketry/integration/jei/ARPlugin.java,zmaster587.advancedRocketry.integration.jei.rollingMachine.RollingMachineRecipeHandler,zmaster587.advancedRocketry.integration,upstream_internal
src/main/java/zmaster587/advancedRocketry/integration/jei/ARPlugin.java,zmaster587.advancedRocketry.integration.jei.rollingMachine.RollingMachineRecipeMaker,zmaster587.advancedRocketry.integration,upstream_internal
src/main/java/zmaster587/advancedRocketry/integration/jei/ARPlugin.java,zmaster587.advancedRocketry.integration.jei.sawmill.SawMillCategory,zmaster587.advancedRocketry.integration,upstream_internal
src/main/java/zmaster587/advancedRocketry/integration/jei/ARPlugin.java,zmaster587.advancedRocketry.integration.jei.sawmill.SawMillRecipeHandler,zmaster587.advancedRocketry.integration,upstream_internal
src/main/java/zmaster587/advancedRocketry/integration/jei/ARPlugin.java,zmaster587.advancedRocketry.integration.jei.sawmill.SawMillRecipeMaker,zmaster587.advancedRocketry.integration,upstream_internal
src/main/java/zmaster587/advancedRocketry/integration/jei/ARPlugin.java,zmaster587.advancedRocketry.tile.multiblock.machine.*,zmaster587.advancedRocketry.tile,upstream_internal
src/main/java/zmaster587/advancedRocketry/integration/jei/ARPlugin.java,zmaster587.libVulpes.inventory.GuiModular,zmaster587.libVulpes.inventory,libvulpes
src/main/java/zmaster587/advancedRocketry/integration/jei/DrawableProgressBarWrapper.java,mezz.jei.api.gui.IDrawableAnimated,mezz.jei.api,third_party
src/main/java/zmaster587/advancedRocketry/integration/jei/DrawableProgressBarWrapper.java,net.minecraft.client.Minecraft,net.minecraft.client,client_api
src/main/java/zmaster587/advancedRocketry/integration/jei/DrawableProgressBarWrapper.java,zmaster587.libVulpes.client.util.ProgressBarImage,zmaster587.libVulpes.client,libvulpes
src/main/java/zmaster587/advancedRocketry/integration/jei/MachineCategoryTemplate.java,java.util.List,java.util.List,jdk
src/main/java/zmaster587/advancedRocketry/integration/jei/MachineCategoryTemplate.java,mezz.jei.api.IGuiHelper,mezz.jei.api,third_party
src/main/java/zmaster587/advancedRocketry/integration/jei/MachineCategoryTemplate.java,mezz.jei.api.gui.IDrawable,mezz.jei.api,third_party
src/main/java/zmaster587/advancedRocketry/integration/jei/MachineCategoryTemplate.java,mezz.jei.api.gui.IGuiFluidStackGroup,mezz.jei.api,third_party
src/main/java/zmaster587/advancedRocketry/integration/jei/MachineCategoryTemplate.java,mezz.jei.api.gui.IGuiItemStackGroup,mezz.jei.api,third_party
src/main/java/zmaster587/advancedRocketry/integration/jei/MachineCategoryTemplate.java,mezz.jei.api.gui.IRecipeLayout,mezz.jei.api,third_party
src/main/java/zmaster587/advancedRocketry/integration/jei/MachineCategoryTemplate.java,mezz.jei.api.ingredients.IIngredients,mezz.jei.api,third_party
src/main/java/zmaster587/advancedRocketry/integration/jei/MachineCategoryTemplate.java,mezz.jei.api.recipe.IRecipeCategory,mezz.jei.api,third_party
src/main/java/zmaster587/advancedRocketry/integration/jei/MachineCategoryTemplate.java,net.minecraft.client.Minecraft,net.minecraft.client,client_api
src/main/java/zmaster587/advancedRocketry/integration/jei/MachineCategoryTemplate.java,net.minecraft.item.ItemStack,net.minecraft.item,minecraft
src/main/java/zmaster587/advancedRocketry/integration/jei/MachineCategoryTemplate.java,net.minecraft.util.ResourceLocation,net.minecraft.util,minecraft
src/main/java/zmaster587/advancedRocketry/integration/jei/MachineCategoryTemplate.java,net.minecraftforge.fluids.FluidStack,net.minecraftforge.fluids,minecraft
src/main/java/zmaster587/advancedRocketry/integration/jei/MachineCategoryTemplate.java,zmaster587.advancedRocketry.inventory.TextureResources,zmaster587.advancedRocketry.inventory,upstream_internal
src/main/java/zmaster587/advancedRocketry/integration/jei/MachineCategoryTemplate.java,zmaster587.libVulpes.client.util.ProgressBarImage,zmaster587.libVulpes.client,libvulpes
src/main/java/zmaster587/advancedRocketry/integration/jei/MachineRecipe.java,java.awt.*,java.awt.*,jdk
src/main/java/zmaster587/advancedRocketry/integration/jei/MachineRecipe.java,java.util.ArrayList,java.util.ArrayList,jdk
src/main/java/zmaster587/advancedRocketry/integration/jei/MachineRecipe.java,java.util.List,java.util.List,jdk
src/main/java/zmaster587/advancedRocketry/integration/jei/MachineRecipe.java,mezz.jei.api.ingredients.IIngredients,mezz.jei.api,third_party
src/main/java/zmaster587/advancedRocketry/integration/jei/MachineRecipe.java,mezz.jei.api.recipe.IRecipeWrapper,mezz.jei.api,third_party
src/main/java/zmaster587/advancedRocketry/integration/jei/MachineRecipe.java,net.minecraft.client.Minecraft,net.minecraft.client,client_api
src/main/java/zmaster587/advancedRocketry/integration/jei/MachineRecipe.java,net.minecraft.client.gui.FontRenderer,net.minecraft.client,client_api
src/main/java/zmaster587/advancedRocketry/integration/jei/MachineRecipe.java,net.minecraft.item.ItemStack,net.minecraft.item,minecraft
src/main/java/zmaster587/advancedRocketry/integration/jei/MachineRecipe.java,net.minecraftforge.fluids.FluidStack,net.minecraftforge.fluids,minecraft
src/main/java/zmaster587/advancedRocketry/integration/jei/MachineRecipe.java,zmaster587.libVulpes.interfaces.IRecipe,zmaster587.libVulpes.interfaces,libvulpes
src/main/java/zmaster587/advancedRocketry/integration/jei/MachineRecipe.java,zmaster587.libVulpes.recipe.RecipesMachine.ChanceItemStack,zmaster587.libVulpes.recipe,libvulpes
src/main/java/zmaster587/advancedRocketry/integration/jei/MachineRecipe.java,zmaster587.libVulpes.recipe.RecipesMachine.Recipe,zmaster587.libVulpes.recipe,libvulpes
src/main/java/zmaster587/advancedRocketry/integration/jei/arcFurnace/ArcFurnaceCategory.java,javax.annotation.Nonnull,javax.annotation.Nonnull,jdk
src/main/java/zmaster587/advancedRocketry/integration/jei/arcFurnace/ArcFurnaceCategory.java,mezz.jei.api.IGuiHelper,mezz.jei.api,third_party
src/main/java/zmaster587/advancedRocketry/integration/jei/arcFurnace/ArcFurnaceCategory.java,zmaster587.advancedRocketry.integration.jei.ARPlugin,zmaster587.advancedRocketry.integration,upstream_internal
src/main/java/zmaster587/advancedRocketry/integration/jei/arcFurnace/ArcFurnaceCategory.java,zmaster587.advancedRocketry.integration.jei.MachineCategoryTemplate,zmaster587.advancedRocketry.integration,upstream_internal
src/main/java/zmaster587/advancedRocketry/integration/jei/arcFurnace/ArcFurnaceCategory.java,zmaster587.advancedRocketry.inventory.TextureResources,zmaster587.advancedRocketry.inventory,upstream_internal
src/main/java/zmaster587/advancedRocketry/integration/jei/arcFurnace/ArcFurnaceCategory.java,zmaster587.libVulpes.LibVulpes,zmaster587.libVulpes.LibVulpes,libvulpes
src/main/java/zmaster587/advancedRocketry/integration/jei/arcFurnace/ArcFurnaceRecipeHandler.java,javax.annotation.Nonnull,javax.annotation.Nonnull,jdk
src/main/java/zmaster587/advancedRocketry/integration/jei/arcFurnace/ArcFurnaceRecipeHandler.java,javax.annotation.Nullable,javax.annotation.Nullable,jdk
src/main/java/zmaster587/advancedRocketry/integration/jei/arcFurnace/ArcFurnaceRecipeHandler.java,mezz.jei.api.recipe.IRecipeHandler,mezz.jei.api,third_party
src/main/java/zmaster587/advancedRocketry/integration/jei/arcFurnace/ArcFurnaceRecipeHandler.java,mezz.jei.api.recipe.IRecipeWrapper,mezz.jei.api,third_party
src/main/java/zmaster587/advancedRocketry/integration/jei/arcFurnace/ArcFurnaceRecipeHandler.java,zmaster587.advancedRocketry.integration.jei.ARPlugin,zmaster587.advancedRocketry.integration,upstream_internal
src/main/java/zmaster587/advancedRocketry/integration/jei/arcFurnace/ArcFurnaceRecipeMaker.java,java.util.LinkedList,java.util.LinkedList,jdk
src/main/java/zmaster587/advancedRocketry/integration/jei/arcFurnace/ArcFurnaceRecipeMaker.java,java.util.List,java.util.List,jdk
src/main/java/zmaster587/advancedRocketry/integration/jei/arcFurnace/ArcFurnaceRecipeMaker.java,mezz.jei.api.IJeiHelpers,mezz.jei.api,third_party
src/main/java/zmaster587/advancedRocketry/integration/jei/arcFurnace/ArcFurnaceRecipeMaker.java,zmaster587.libVulpes.interfaces.IRecipe,zmaster587.libVulpes.interfaces,libvulpes
src/main/java/zmaster587/advancedRocketry/integration/jei/arcFurnace/ArcFurnaceRecipeMaker.java,zmaster587.libVulpes.recipe.RecipesMachine,zmaster587.libVulpes.recipe,libvulpes
src/main/java/zmaster587/advancedRocketry/integration/jei/arcFurnace/ArcFurnaceWrapper.java,zmaster587.advancedRocketry.integration.jei.MachineRecipe,zmaster587.advancedRocketry.integration,upstream_internal
src/main/java/zmaster587/advancedRocketry/integration/jei/arcFurnace/ArcFurnaceWrapper.java,zmaster587.libVulpes.interfaces.IRecipe,zmaster587.libVulpes.interfaces,libvulpes
src/main/java/zmaster587/advancedRocketry/integration/jei/centrifuge/CentrifugeCategory.java,mezz.jei.api.IGuiHelper,mezz.jei.api,third_party
src/main/java/zmaster587/advancedRocketry/integration/jei/centrifuge/CentrifugeCategory.java,zmaster587.advancedRocketry.integration.jei.ARPlugin,zmaster587.advancedRocketry.integration,upstream_internal
src/main/java/zmaster587/advancedRocketry/integration/jei/centrifuge/CentrifugeCategory.java,zmaster587.advancedRocketry.integration.jei.MachineCategoryTemplate,zmaster587.advancedRocketry.integration,upstream_internal
src/main/java/zmaster587/advancedRocketry/integration/jei/centrifuge/CentrifugeCategory.java,zmaster587.advancedRocketry.inventory.TextureResources,zmaster587.advancedRocketry.inventory,upstream_internal
src/main/java/zmaster587/advancedRocketry/integration/jei/centrifuge/CentrifugeCategory.java,zmaster587.libVulpes.LibVulpes,zmaster587.libVulpes.LibVulpes,libvulpes
src/main/java/zmaster587/advancedRocketry/integration/jei/centrifuge/CentrifugeRecipeHandler.java,mezz.jei.api.recipe.IRecipeHandler,mezz.jei.api,third_party
src/main/java/zmaster587/advancedRocketry/integration/jei/centrifuge/CentrifugeRecipeHandler.java,mezz.jei.api.recipe.IRecipeWrapper,mezz.jei.api,third_party
src/main/java/zmaster587/advancedRocketry/integration/jei/centrifuge/CentrifugeRecipeHandler.java,zmaster587.advancedRocketry.integration.jei.ARPlugin,zmaster587.advancedRocketry.integration,upstream_internal
src/main/java/zmaster587/advancedRocketry/integration/jei/centrifuge/CentrifugeRecipeMaker.java,java.util.LinkedList,java.util.LinkedList,jdk
src/main/java/zmaster587/advancedRocketry/integration/jei/centrifuge/CentrifugeRecipeMaker.java,java.util.List,java.util.List,jdk
src/main/java/zmaster587/advancedRocketry/integration/jei/centrifuge/CentrifugeRecipeMaker.java,mezz.jei.api.IJeiHelpers,mezz.jei.api,third_party
src/main/java/zmaster587/advancedRocketry/integration/jei/centrifuge/CentrifugeRecipeMaker.java,zmaster587.libVulpes.interfaces.IRecipe,zmaster587.libVulpes.interfaces,libvulpes
src/main/java/zmaster587/advancedRocketry/integration/jei/centrifuge/CentrifugeRecipeMaker.java,zmaster587.libVulpes.recipe.RecipesMachine,zmaster587.libVulpes.recipe,libvulpes
src/main/java/zmaster587/advancedRocketry/integration/jei/centrifuge/CentrifugeWrapper.java,zmaster587.advancedRocketry.integration.jei.MachineRecipe,zmaster587.advancedRocketry.integration,upstream_internal
src/main/java/zmaster587/advancedRocketry/integration/jei/centrifuge/CentrifugeWrapper.java,zmaster587.libVulpes.interfaces.IRecipe,zmaster587.libVulpes.interfaces,libvulpes
src/main/java/zmaster587/advancedRocketry/integration/jei/chemicalReactor/ChemicalReactorCategory.java,java.util.LinkedList,java.util.LinkedList,jdk
src/main/java/zmaster587/advancedRocketry/integration/jei/chemicalReactor/ChemicalReactorCategory.java,java.util.List,java.util.List,jdk
src/main/java/zmaster587/advancedRocketry/integration/jei/chemicalReactor/ChemicalReactorCategory.java,mezz.jei.api.IGuiHelper,mezz.jei.api,third_party
src/main/java/zmaster587/advancedRocketry/integration/jei/chemicalReactor/ChemicalReactorCategory.java,mezz.jei.api.gui.IGuiFluidStackGroup,mezz.jei.api,third_party
src/main/java/zmaster587/advancedRocketry/integration/jei/chemicalReactor/ChemicalReactorCategory.java,mezz.jei.api.gui.IGuiItemStackGroup,mezz.jei.api,third_party
src/main/java/zmaster587/advancedRocketry/integration/jei/chemicalReactor/ChemicalReactorCategory.java,mezz.jei.api.gui.IRecipeLayout,mezz.jei.api,third_party
src/main/java/zmaster587/advancedRocketry/integration/jei/chemicalReactor/ChemicalReactorCategory.java,mezz.jei.api.ingredients.IIngredients,mezz.jei.api,third_party
src/main/java/zmaster587/advancedRocketry/integration/jei/chemicalReactor/ChemicalReactorCategory.java,net.minecraft.item.ItemArmor,net.minecraft.item,minecraft
src/main/java/zmaster587/advancedRocketry/integration/jei/chemicalReactor/ChemicalReactorCategory.java,net.minecraft.item.ItemStack,net.minecraft.item,minecraft
src/main/java/zmaster587/advancedRocketry/integration/jei/chemicalReactor/ChemicalReactorCategory.java,net.minecraftforge.fluids.FluidStack,net.minecraftforge.fluids,minecraft
src/main/java/zmaster587/advancedRocketry/integration/jei/chemicalReactor/ChemicalReactorCategory.java,zmaster587.advancedRocketry.integration.jei.ARPlugin,zmaster587.advancedRocketry.integration,upstream_internal
src/main/java/zmaster587/advancedRocketry/integration/jei/chemicalReactor/ChemicalReactorCategory.java,zmaster587.advancedRocketry.integration.jei.MachineCategoryTemplate,zmaster587.advancedRocketry.integration,upstream_internal
src/main/java/zmaster587/advancedRocketry/integration/jei/chemicalReactor/ChemicalReactorCategory.java,zmaster587.advancedRocketry.inventory.TextureResources,zmaster587.advancedRocketry.inventory,upstream_internal
src/main/java/zmaster587/advancedRocketry/integration/jei/chemicalReactor/ChemicalReactorCategory.java,zmaster587.libVulpes.LibVulpes,zmaster587.libVulpes.LibVulpes,libvulpes
src/main/java/zmaster587/advancedRocketry/integration/jei/chemicalReactor/ChemicalReactorRecipeHandler.java,mezz.jei.api.recipe.IRecipeHandler,mezz.jei.api,third_party
src/main/java/zmaster587/advancedRocketry/integration/jei/chemicalReactor/ChemicalReactorRecipeHandler.java,mezz.jei.api.recipe.IRecipeWrapper,mezz.jei.api,third_party
src/main/java/zmaster587/advancedRocketry/integration/jei/chemicalReactor/ChemicalReactorRecipeHandler.java,zmaster587.advancedRocketry.integration.jei.ARPlugin,zmaster587.advancedRocketry.integration,upstream_internal
src/main/java/zmaster587/advancedRocketry/integration/jei/chemicalReactor/ChemicalReactorRecipeMaker.java,java.util.LinkedList,java.util.LinkedList,jdk
src/main/java/zmaster587/advancedRocketry/integration/jei/chemicalReactor/ChemicalReactorRecipeMaker.java,java.util.List,java.util.List,jdk
src/main/java/zmaster587/advancedRocketry/integration/jei/chemicalReactor/ChemicalReactorRecipeMaker.java,mezz.jei.api.IJeiHelpers,mezz.jei.api,third_party
src/main/java/zmaster587/advancedRocketry/integration/jei/chemicalReactor/ChemicalReactorRecipeMaker.java,zmaster587.libVulpes.interfaces.IRecipe,zmaster587.libVulpes.interfaces,libvulpes
src/main/java/zmaster587/advancedRocketry/integration/jei/chemicalReactor/ChemicalReactorRecipeMaker.java,zmaster587.libVulpes.recipe.RecipesMachine,zmaster587.libVulpes.recipe,libvulpes
src/main/java/zmaster587/advancedRocketry/integration/jei/chemicalReactor/ChemicalReactorlWrapper.java,zmaster587.advancedRocketry.integration.jei.MachineRecipe,zmaster587.advancedRocketry.integration,upstream_internal
src/main/java/zmaster587/advancedRocketry/integration/jei/chemicalReactor/ChemicalReactorlWrapper.java,zmaster587.libVulpes.interfaces.IRecipe,zmaster587.libVulpes.interfaces,libvulpes
src/main/java/zmaster587/advancedRocketry/integration/jei/crystallizer/CrystallizerCategory.java,mezz.jei.api.IGuiHelper,mezz.jei.api,third_party
src/main/java/zmaster587/advancedRocketry/integration/jei/crystallizer/CrystallizerCategory.java,zmaster587.advancedRocketry.integration.jei.ARPlugin,zmaster587.advancedRocketry.integration,upstream_internal
src/main/java/zmaster587/advancedRocketry/integration/jei/crystallizer/CrystallizerCategory.java,zmaster587.advancedRocketry.integration.jei.MachineCategoryTemplate,zmaster587.advancedRocketry.integration,upstream_internal
src/main/java/zmaster587/advancedRocketry/integration/jei/crystallizer/CrystallizerCategory.java,zmaster587.advancedRocketry.inventory.TextureResources,zmaster587.advancedRocketry.inventory,upstream_internal
src/main/java/zmaster587/advancedRocketry/integration/jei/crystallizer/CrystallizerCategory.java,zmaster587.libVulpes.LibVulpes,zmaster587.libVulpes.LibVulpes,libvulpes
src/main/java/zmaster587/advancedRocketry/integration/jei/crystallizer/CrystallizerRecipeHandler.java,mezz.jei.api.recipe.IRecipeHandler,mezz.jei.api,third_party
src/main/java/zmaster587/advancedRocketry/integration/jei/crystallizer/CrystallizerRecipeHandler.java,mezz.jei.api.recipe.IRecipeWrapper,mezz.jei.api,third_party
src/main/java/zmaster587/advancedRocketry/integration/jei/crystallizer/CrystallizerRecipeHandler.java,zmaster587.advancedRocketry.integration.jei.ARPlugin,zmaster587.advancedRocketry.integration,upstream_internal
src/main/java/zmaster587/advancedRocketry/integration/jei/crystallizer/CrystallizerRecipeMaker.java,java.util.LinkedList,java.util.LinkedList,jdk
src/main/java/zmaster587/advancedRocketry/integration/jei/crystallizer/CrystallizerRecipeMaker.java,java.util.List,java.util.List,jdk
src/main/java/zmaster587/advancedRocketry/integration/jei/crystallizer/CrystallizerRecipeMaker.java,mezz.jei.api.IJeiHelpers,mezz.jei.api,third_party
src/main/java/zmaster587/advancedRocketry/integration/jei/crystallizer/CrystallizerRecipeMaker.java,zmaster587.libVulpes.interfaces.IRecipe,zmaster587.libVulpes.interfaces,libvulpes
src/main/java/zmaster587/advancedRocketry/integration/jei/crystallizer/CrystallizerRecipeMaker.java,zmaster587.libVulpes.recipe.RecipesMachine,zmaster587.libVulpes.recipe,libvulpes
src/main/java/zmaster587/advancedRocketry/integration/jei/crystallizer/CrystallizerWrapper.java,zmaster587.advancedRocketry.integration.jei.MachineRecipe,zmaster587.advancedRocketry.integration,upstream_internal
src/main/java/zmaster587/advancedRocketry/integration/jei/crystallizer/CrystallizerWrapper.java,zmaster587.libVulpes.interfaces.IRecipe,zmaster587.libVulpes.interfaces,libvulpes
src/main/java/zmaster587/advancedRocketry/integration/jei/electrolyser/ElectrolyzerCategory.java,mezz.jei.api.IGuiHelper,mezz.jei.api,third_party
src/main/java/zmaster587/advancedRocketry/integration/jei/electrolyser/ElectrolyzerCategory.java,zmaster587.advancedRocketry.integration.jei.ARPlugin,zmaster587.advancedRocketry.integration,upstream_internal
src/main/java/zmaster587/advancedRocketry/integration/jei/electrolyser/ElectrolyzerCategory.java,zmaster587.advancedRocketry.integration.jei.MachineCategoryTemplate,zmaster587.advancedRocketry.integration,upstream_internal
src/main/java/zmaster587/advancedRocketry/integration/jei/electrolyser/ElectrolyzerCategory.java,zmaster587.advancedRocketry.inventory.TextureResources,zmaster587.advancedRocketry.inventory,upstream_internal
src/main/java/zmaster587/advancedRocketry/integration/jei/electrolyser/ElectrolyzerCategory.java,zmaster587.libVulpes.LibVulpes,zmaster587.libVulpes.LibVulpes,libvulpes
src/main/java/zmaster587/advancedRocketry/integration/jei/electrolyser/ElectrolyzerRecipeHandler.java,mezz.jei.api.recipe.IRecipeHandler,mezz.jei.api,third_party
src/main/java/zmaster587/advancedRocketry/integration/jei/electrolyser/ElectrolyzerRecipeHandler.java,mezz.jei.api.recipe.IRecipeWrapper,mezz.jei.api,third_party
src/main/java/zmaster587/advancedRocketry/integration/jei/electrolyser/ElectrolyzerRecipeHandler.java,zmaster587.advancedRocketry.integration.jei.ARPlugin,zmaster587.advancedRocketry.integration,upstream_internal
src/main/java/zmaster587/advancedRocketry/integration/jei/electrolyser/ElectrolyzerRecipeMaker.java,java.util.LinkedList,java.util.LinkedList,jdk
src/main/java/zmaster587/advancedRocketry/integration/jei/electrolyser/ElectrolyzerRecipeMaker.java,java.util.List,java.util.List,jdk
src/main/java/zmaster587/advancedRocketry/integration/jei/electrolyser/ElectrolyzerRecipeMaker.java,mezz.jei.api.IJeiHelpers,mezz.jei.api,third_party
src/main/java/zmaster587/advancedRocketry/integration/jei/electrolyser/ElectrolyzerRecipeMaker.java,zmaster587.libVulpes.interfaces.IRecipe,zmaster587.libVulpes.interfaces,libvulpes
src/main/java/zmaster587/advancedRocketry/integration/jei/electrolyser/ElectrolyzerRecipeMaker.java,zmaster587.libVulpes.recipe.RecipesMachine,zmaster587.libVulpes.recipe,libvulpes
src/main/java/zmaster587/advancedRocketry/integration/jei/electrolyser/ElectrolyzerWrapper.java,zmaster587.advancedRocketry.integration.jei.MachineRecipe,zmaster587.advancedRocketry.integration,upstream_internal
src/main/java/zmaster587/advancedRocketry/integration/jei/electrolyser/ElectrolyzerWrapper.java,zmaster587.libVulpes.interfaces.IRecipe,zmaster587.libVulpes.interfaces,libvulpes
src/main/java/zmaster587/advancedRocketry/integration/jei/lathe/LatheCategory.java,mezz.jei.api.IGuiHelper,mezz.jei.api,third_party
src/main/java/zmaster587/advancedRocketry/integration/jei/lathe/LatheCategory.java,zmaster587.advancedRocketry.integration.jei.ARPlugin,zmaster587.advancedRocketry.integration,upstream_internal
src/main/java/zmaster587/advancedRocketry/integration/jei/lathe/LatheCategory.java,zmaster587.advancedRocketry.integration.jei.MachineCategoryTemplate,zmaster587.advancedRocketry.integration,upstream_internal
src/main/java/zmaster587/advancedRocketry/integration/jei/lathe/LatheCategory.java,zmaster587.advancedRocketry.inventory.TextureResources,zmaster587.advancedRocketry.inventory,upstream_internal
src/main/java/zmaster587/advancedRocketry/integration/jei/lathe/LatheCategory.java,zmaster587.libVulpes.LibVulpes,zmaster587.libVulpes.LibVulpes,libvulpes
src/main/java/zmaster587/advancedRocketry/integration/jei/lathe/LatheRecipeHandler.java,mezz.jei.api.recipe.IRecipeHandler,mezz.jei.api,third_party
src/main/java/zmaster587/advancedRocketry/integration/jei/lathe/LatheRecipeHandler.java,mezz.jei.api.recipe.IRecipeWrapper,mezz.jei.api,third_party
src/main/java/zmaster587/advancedRocketry/integration/jei/lathe/LatheRecipeHandler.java,zmaster587.advancedRocketry.integration.jei.ARPlugin,zmaster587.advancedRocketry.integration,upstream_internal
src/main/java/zmaster587/advancedRocketry/integration/jei/lathe/LatheRecipeMaker.java,java.util.LinkedList,java.util.LinkedList,jdk
src/main/java/zmaster587/advancedRocketry/integration/jei/lathe/LatheRecipeMaker.java,java.util.List,java.util.List,jdk
src/main/java/zmaster587/advancedRocketry/integration/jei/lathe/LatheRecipeMaker.java,mezz.jei.api.IJeiHelpers,mezz.jei.api,third_party
src/main/java/zmaster587/advancedRocketry/integration/jei/lathe/LatheRecipeMaker.java,zmaster587.libVulpes.interfaces.IRecipe,zmaster587.libVulpes.interfaces,libvulpes
src/main/java/zmaster587/advancedRocketry/integration/jei/lathe/LatheRecipeMaker.java,zmaster587.libVulpes.recipe.RecipesMachine,zmaster587.libVulpes.recipe,libvulpes
src/main/java/zmaster587/advancedRocketry/integration/jei/lathe/LatheWrapper.java,zmaster587.advancedRocketry.integration.jei.MachineRecipe,zmaster587.advancedRocketry.integration,upstream_internal
src/main/java/zmaster587/advancedRocketry/integration/jei/lathe/LatheWrapper.java,zmaster587.libVulpes.interfaces.IRecipe,zmaster587.libVulpes.interfaces,libvulpes
src/main/java/zmaster587/advancedRocketry/integration/jei/platePresser/PlatePressCategory.java,mezz.jei.api.IGuiHelper,mezz.jei.api,third_party
src/main/java/zmaster587/advancedRocketry/integration/jei/platePresser/PlatePressCategory.java,zmaster587.advancedRocketry.integration.jei.ARPlugin,zmaster587.advancedRocketry.integration,upstream_internal
src/main/java/zmaster587/advancedRocketry/integration/jei/platePresser/PlatePressCategory.java,zmaster587.advancedRocketry.integration.jei.MachineCategoryTemplate,zmaster587.advancedRocketry.integration,upstream_internal
src/main/java/zmaster587/advancedRocketry/integration/jei/platePresser/PlatePressCategory.java,zmaster587.advancedRocketry.inventory.TextureResources,zmaster587.advancedRocketry.inventory,upstream_internal
src/main/java/zmaster587/advancedRocketry/integration/jei/platePresser/PlatePressCategory.java,zmaster587.libVulpes.LibVulpes,zmaster587.libVulpes.LibVulpes,libvulpes
src/main/java/zmaster587/advancedRocketry/integration/jei/platePresser/PlatePressRecipeHandler.java,mezz.jei.api.recipe.IRecipeHandler,mezz.jei.api,third_party
src/main/java/zmaster587/advancedRocketry/integration/jei/platePresser/PlatePressRecipeHandler.java,mezz.jei.api.recipe.IRecipeWrapper,mezz.jei.api,third_party
src/main/java/zmaster587/advancedRocketry/integration/jei/platePresser/PlatePressRecipeHandler.java,zmaster587.advancedRocketry.integration.jei.ARPlugin,zmaster587.advancedRocketry.integration,upstream_internal
src/main/java/zmaster587/advancedRocketry/integration/jei/platePresser/PlatePressRecipeMaker.java,java.util.LinkedList,java.util.LinkedList,jdk
src/main/java/zmaster587/advancedRocketry/integration/jei/platePresser/PlatePressRecipeMaker.java,java.util.List,java.util.List,jdk
src/main/java/zmaster587/advancedRocketry/integration/jei/platePresser/PlatePressRecipeMaker.java,mezz.jei.api.IJeiHelpers,mezz.jei.api,third_party
src/main/java/zmaster587/advancedRocketry/integration/jei/platePresser/PlatePressRecipeMaker.java,zmaster587.libVulpes.interfaces.IRecipe,zmaster587.libVulpes.interfaces,libvulpes
src/main/java/zmaster587/advancedRocketry/integration/jei/platePresser/PlatePressRecipeMaker.java,zmaster587.libVulpes.recipe.RecipesMachine,zmaster587.libVulpes.recipe,libvulpes
src/main/java/zmaster587/advancedRocketry/integration/jei/platePresser/PlatePressWrapper.java,zmaster587.advancedRocketry.integration.jei.MachineRecipe,zmaster587.advancedRocketry.integration,upstream_internal
src/main/java/zmaster587/advancedRocketry/integration/jei/platePresser/PlatePressWrapper.java,zmaster587.libVulpes.interfaces.IRecipe,zmaster587.libVulpes.interfaces,libvulpes
src/main/java/zmaster587/advancedRocketry/integration/jei/precisionAssembler/PrecisionAssemblerCategory.java,mezz.jei.api.IGuiHelper,mezz.jei.api,third_party
src/main/java/zmaster587/advancedRocketry/integration/jei/precisionAssembler/PrecisionAssemblerCategory.java,net.minecraft.util.EnumFacing,net.minecraft.util,minecraft
src/main/java/zmaster587/advancedRocketry/integration/jei/precisionAssembler/PrecisionAssemblerCategory.java,zmaster587.advancedRocketry.integration.jei.ARPlugin,zmaster587.advancedRocketry.integration,upstream_internal
src/main/java/zmaster587/advancedRocketry/integration/jei/precisionAssembler/PrecisionAssemblerCategory.java,zmaster587.advancedRocketry.integration.jei.MachineCategoryTemplate,zmaster587.advancedRocketry.integration,upstream_internal
src/main/java/zmaster587/advancedRocketry/integration/jei/precisionAssembler/PrecisionAssemblerCategory.java,zmaster587.advancedRocketry.inventory.TextureResources,zmaster587.advancedRocketry.inventory,upstream_internal
src/main/java/zmaster587/advancedRocketry/integration/jei/precisionAssembler/PrecisionAssemblerCategory.java,zmaster587.libVulpes.LibVulpes,zmaster587.libVulpes.LibVulpes,libvulpes
src/main/java/zmaster587/advancedRocketry/integration/jei/precisionAssembler/PrecisionAssemblerCategory.java,zmaster587.libVulpes.client.util.ProgressBarImage,zmaster587.libVulpes.client,libvulpes
src/main/java/zmaster587/advancedRocketry/integration/jei/precisionAssembler/PrecisionAssemblerRecipeHandler.java,mezz.jei.api.recipe.IRecipeHandler,mezz.jei.api,third_party
src/main/java/zmaster587/advancedRocketry/integration/jei/precisionAssembler/PrecisionAssemblerRecipeHandler.java,mezz.jei.api.recipe.IRecipeWrapper,mezz.jei.api,third_party
src/main/java/zmaster587/advancedRocketry/integration/jei/precisionAssembler/PrecisionAssemblerRecipeHandler.java,zmaster587.advancedRocketry.integration.jei.ARPlugin,zmaster587.advancedRocketry.integration,upstream_internal
src/main/java/zmaster587/advancedRocketry/integration/jei/precisionAssembler/PrecisionAssemblerRecipeMaker.java,java.util.LinkedList,java.util.LinkedList,jdk
src/main/java/zmaster587/advancedRocketry/integration/jei/precisionAssembler/PrecisionAssemblerRecipeMaker.java,java.util.List,java.util.List,jdk
src/main/java/zmaster587/advancedRocketry/integration/jei/precisionAssembler/PrecisionAssemblerRecipeMaker.java,mezz.jei.api.IJeiHelpers,mezz.jei.api,third_party
src/main/java/zmaster587/advancedRocketry/integration/jei/precisionAssembler/PrecisionAssemblerRecipeMaker.java,zmaster587.libVulpes.interfaces.IRecipe,zmaster587.libVulpes.interfaces,libvulpes
src/main/java/zmaster587/advancedRocketry/integration/jei/precisionAssembler/PrecisionAssemblerRecipeMaker.java,zmaster587.libVulpes.recipe.RecipesMachine,zmaster587.libVulpes.recipe,libvulpes
src/main/java/zmaster587/advancedRocketry/integration/jei/precisionAssembler/PrecisionAssemblerWrapper.java,zmaster587.advancedRocketry.integration.jei.MachineRecipe,zmaster587.advancedRocketry.integration,upstream_internal
src/main/java/zmaster587/advancedRocketry/integration/jei/precisionAssembler/PrecisionAssemblerWrapper.java,zmaster587.libVulpes.interfaces.IRecipe,zmaster587.libVulpes.interfaces,libvulpes
src/main/java/zmaster587/advancedRocketry/integration/jei/precisionLaserEtcher/PrecisionLaserEtcherCategory.java,mezz.jei.api.IGuiHelper,mezz.jei.api,third_party
src/main/java/zmaster587/advancedRocketry/integration/jei/precisionLaserEtcher/PrecisionLaserEtcherCategory.java,zmaster587.advancedRocketry.integration.jei.ARPlugin,zmaster587.advancedRocketry.integration,upstream_internal
src/main/java/zmaster587/advancedRocketry/integration/jei/precisionLaserEtcher/PrecisionLaserEtcherCategory.java,zmaster587.advancedRocketry.integration.jei.MachineCategoryTemplate,zmaster587.advancedRocketry.integration,upstream_internal
src/main/java/zmaster587/advancedRocketry/integration/jei/precisionLaserEtcher/PrecisionLaserEtcherCategory.java,zmaster587.advancedRocketry.inventory.TextureResources,zmaster587.advancedRocketry.inventory,upstream_internal
src/main/java/zmaster587/advancedRocketry/integration/jei/precisionLaserEtcher/PrecisionLaserEtcherCategory.java,zmaster587.libVulpes.LibVulpes,zmaster587.libVulpes.LibVulpes,libvulpes
src/main/java/zmaster587/advancedRocketry/integration/jei/precisionLaserEtcher/PrecisionLaserEtcherRecipeHandler.java,mezz.jei.api.recipe.IRecipeHandler,mezz.jei.api,third_party
src/main/java/zmaster587/advancedRocketry/integration/jei/precisionLaserEtcher/PrecisionLaserEtcherRecipeHandler.java,mezz.jei.api.recipe.IRecipeWrapper,mezz.jei.api,third_party
src/main/java/zmaster587/advancedRocketry/integration/jei/precisionLaserEtcher/PrecisionLaserEtcherRecipeHandler.java,zmaster587.advancedRocketry.integration.jei.ARPlugin,zmaster587.advancedRocketry.integration,upstream_internal
src/main/java/zmaster587/advancedRocketry/integration/jei/precisionLaserEtcher/PrecisionLaserEtcherRecipeMaker.java,java.util.LinkedList,java.util.LinkedList,jdk
src/main/java/zmaster587/advancedRocketry/integration/jei/precisionLaserEtcher/PrecisionLaserEtcherRecipeMaker.java,java.util.List,java.util.List,jdk
src/main/java/zmaster587/advancedRocketry/integration/jei/precisionLaserEtcher/PrecisionLaserEtcherRecipeMaker.java,mezz.jei.api.IJeiHelpers,mezz.jei.api,third_party
src/main/java/zmaster587/advancedRocketry/integration/jei/precisionLaserEtcher/PrecisionLaserEtcherRecipeMaker.java,zmaster587.libVulpes.interfaces.IRecipe,zmaster587.libVulpes.interfaces,libvulpes
src/main/java/zmaster587/advancedRocketry/integration/jei/precisionLaserEtcher/PrecisionLaserEtcherRecipeMaker.java,zmaster587.libVulpes.recipe.RecipesMachine,zmaster587.libVulpes.recipe,libvulpes
src/main/java/zmaster587/advancedRocketry/integration/jei/precisionLaserEtcher/PrecisionLaserEtcherWrapper.java,zmaster587.advancedRocketry.integration.jei.MachineRecipe,zmaster587.advancedRocketry.integration,upstream_internal
src/main/java/zmaster587/advancedRocketry/integration/jei/precisionLaserEtcher/PrecisionLaserEtcherWrapper.java,zmaster587.libVulpes.interfaces.IRecipe,zmaster587.libVulpes.interfaces,libvulpes
src/main/java/zmaster587/advancedRocketry/integration/jei/rollingMachine/RollingMachineCategory.java,mezz.jei.api.IGuiHelper,mezz.jei.api,third_party
src/main/java/zmaster587/advancedRocketry/integration/jei/rollingMachine/RollingMachineCategory.java,zmaster587.advancedRocketry.integration.jei.ARPlugin,zmaster587.advancedRocketry.integration,upstream_internal
src/main/java/zmaster587/advancedRocketry/integration/jei/rollingMachine/RollingMachineCategory.java,zmaster587.advancedRocketry.integration.jei.MachineCategoryTemplate,zmaster587.advancedRocketry.integration,upstream_internal
src/main/java/zmaster587/advancedRocketry/integration/jei/rollingMachine/RollingMachineCategory.java,zmaster587.advancedRocketry.inventory.TextureResources,zmaster587.advancedRocketry.inventory,upstream_internal
src/main/java/zmaster587/advancedRocketry/integration/jei/rollingMachine/RollingMachineCategory.java,zmaster587.libVulpes.LibVulpes,zmaster587.libVulpes.LibVulpes,libvulpes
src/main/java/zmaster587/advancedRocketry/integration/jei/rollingMachine/RollingMachineRecipeHandler.java,mezz.jei.api.recipe.IRecipeHandler,mezz.jei.api,third_party
src/main/java/zmaster587/advancedRocketry/integration/jei/rollingMachine/RollingMachineRecipeHandler.java,mezz.jei.api.recipe.IRecipeWrapper,mezz.jei.api,third_party
src/main/java/zmaster587/advancedRocketry/integration/jei/rollingMachine/RollingMachineRecipeHandler.java,zmaster587.advancedRocketry.integration.jei.ARPlugin,zmaster587.advancedRocketry.integration,upstream_internal
src/main/java/zmaster587/advancedRocketry/integration/jei/rollingMachine/RollingMachineRecipeMaker.java,java.util.LinkedList,java.util.LinkedList,jdk
src/main/java/zmaster587/advancedRocketry/integration/jei/rollingMachine/RollingMachineRecipeMaker.java,java.util.List,java.util.List,jdk
src/main/java/zmaster587/advancedRocketry/integration/jei/rollingMachine/RollingMachineRecipeMaker.java,mezz.jei.api.IJeiHelpers,mezz.jei.api,third_party
src/main/java/zmaster587/advancedRocketry/integration/jei/rollingMachine/RollingMachineRecipeMaker.java,zmaster587.libVulpes.interfaces.IRecipe,zmaster587.libVulpes.interfaces,libvulpes
src/main/java/zmaster587/advancedRocketry/integration/jei/rollingMachine/RollingMachineRecipeMaker.java,zmaster587.libVulpes.recipe.RecipesMachine,zmaster587.libVulpes.recipe,libvulpes
src/main/java/zmaster587/advancedRocketry/integration/jei/rollingMachine/RollingMachineWrapper.java,zmaster587.advancedRocketry.integration.jei.MachineRecipe,zmaster587.advancedRocketry.integration,upstream_internal
src/main/java/zmaster587/advancedRocketry/integration/jei/rollingMachine/RollingMachineWrapper.java,zmaster587.libVulpes.interfaces.IRecipe,zmaster587.libVulpes.interfaces,libvulpes
src/main/java/zmaster587/advancedRocketry/integration/jei/sawmill/SawMillCategory.java,mezz.jei.api.IGuiHelper,mezz.jei.api,third_party
src/main/java/zmaster587/advancedRocketry/integration/jei/sawmill/SawMillCategory.java,zmaster587.advancedRocketry.integration.jei.ARPlugin,zmaster587.advancedRocketry.integration,upstream_internal
src/main/java/zmaster587/advancedRocketry/integration/jei/sawmill/SawMillCategory.java,zmaster587.advancedRocketry.integration.jei.MachineCategoryTemplate,zmaster587.advancedRocketry.integration,upstream_internal
src/main/java/zmaster587/advancedRocketry/integration/jei/sawmill/SawMillCategory.java,zmaster587.advancedRocketry.inventory.TextureResources,zmaster587.advancedRocketry.inventory,upstream_internal
src/main/java/zmaster587/advancedRocketry/integration/jei/sawmill/SawMillCategory.java,zmaster587.libVulpes.LibVulpes,zmaster587.libVulpes.LibVulpes,libvulpes
src/main/java/zmaster587/advancedRocketry/integration/jei/sawmill/SawMillRecipeHandler.java,mezz.jei.api.recipe.IRecipeHandler,mezz.jei.api,third_party
src/main/java/zmaster587/advancedRocketry/integration/jei/sawmill/SawMillRecipeHandler.java,mezz.jei.api.recipe.IRecipeWrapper,mezz.jei.api,third_party
src/main/java/zmaster587/advancedRocketry/integration/jei/sawmill/SawMillRecipeHandler.java,zmaster587.advancedRocketry.integration.jei.ARPlugin,zmaster587.advancedRocketry.integration,upstream_internal
src/main/java/zmaster587/advancedRocketry/integration/jei/sawmill/SawMillRecipeMaker.java,java.util.LinkedList,java.util.LinkedList,jdk
src/main/java/zmaster587/advancedRocketry/integration/jei/sawmill/SawMillRecipeMaker.java,java.util.List,java.util.List,jdk
src/main/java/zmaster587/advancedRocketry/integration/jei/sawmill/SawMillRecipeMaker.java,mezz.jei.api.IJeiHelpers,mezz.jei.api,third_party
src/main/java/zmaster587/advancedRocketry/integration/jei/sawmill/SawMillRecipeMaker.java,zmaster587.libVulpes.interfaces.IRecipe,zmaster587.libVulpes.interfaces,libvulpes
src/main/java/zmaster587/advancedRocketry/integration/jei/sawmill/SawMillRecipeMaker.java,zmaster587.libVulpes.recipe.RecipesMachine,zmaster587.libVulpes.recipe,libvulpes
src/main/java/zmaster587/advancedRocketry/integration/jei/sawmill/SawMillWrapper.java,zmaster587.advancedRocketry.integration.jei.MachineRecipe,zmaster587.advancedRocketry.integration,upstream_internal
src/main/java/zmaster587/advancedRocketry/integration/jei/sawmill/SawMillWrapper.java,zmaster587.libVulpes.interfaces.IRecipe,zmaster587.libVulpes.interfaces,libvulpes
src/main/java/zmaster587/advancedRocketry/inventory/ContainerOrbitalLaserDrill.java,javax.annotation.Nonnull,javax.annotation.Nonnull,jdk
src/main/java/zmaster587/advancedRocketry/inventory/ContainerOrbitalLaserDrill.java,net.minecraft.entity.player.EntityPlayer,net.minecraft.entity,minecraft
src/main/java/zmaster587/advancedRocketry/inventory/ContainerOrbitalLaserDrill.java,net.minecraft.entity.player.InventoryPlayer,net.minecraft.entity,minecraft
src/main/java/zmaster587/advancedRocketry/inventory/ContainerOrbitalLaserDrill.java,net.minecraft.inventory.Container,net.minecraft.inventory,minecraft
src/main/java/zmaster587/advancedRocketry/inventory/ContainerOrbitalLaserDrill.java,net.minecraft.inventory.IContainerListener,net.minecraft.inventory,minecraft
src/main/java/zmaster587/advancedRocketry/inventory/ContainerOrbitalLaserDrill.java,net.minecraft.inventory.Slot,net.minecraft.inventory,minecraft
src/main/java/zmaster587/advancedRocketry/inventory/ContainerOrbitalLaserDrill.java,net.minecraft.item.ItemStack,net.minecraft.item,minecraft
src/main/java/zmaster587/advancedRocketry/inventory/ContainerOrbitalLaserDrill.java,zmaster587.advancedRocketry.api.AdvancedRocketryItems,zmaster587.advancedRocketry.api,upstream_internal
src/main/java/zmaster587/advancedRocketry/inventory/ContainerOrbitalLaserDrill.java,zmaster587.advancedRocketry.tile.multiblock.orbitallaserdrill.TileOrbitalLaserDrill,zmaster587.advancedRocketry.tile,upstream_internal
src/main/java/zmaster587/advancedRocketry/inventory/ContainerOrbitalLaserDrill.java,zmaster587.libVulpes.gui.SlotSingleItem,zmaster587.libVulpes.gui,libvulpes
src/main/java/zmaster587/advancedRocketry/inventory/ContainerOreMappingSatellite.java,javax.annotation.Nonnull,javax.annotation.Nonnull,jdk
src/main/java/zmaster587/advancedRocketry/inventory/ContainerOreMappingSatellite.java,javax.annotation.Nullable,javax.annotation.Nullable,jdk
src/main/java/zmaster587/advancedRocketry/inventory/ContainerOreMappingSatellite.java,net.minecraft.entity.player.EntityPlayer,net.minecraft.entity,minecraft
src/main/java/zmaster587/advancedRocketry/inventory/ContainerOreMappingSatellite.java,net.minecraft.entity.player.InventoryPlayer,net.minecraft.entity,minecraft
src/main/java/zmaster587/advancedRocketry/inventory/ContainerOreMappingSatellite.java,net.minecraft.inventory.ClickType,net.minecraft.inventory,minecraft
src/main/java/zmaster587/advancedRocketry/inventory/ContainerOreMappingSatellite.java,net.minecraft.inventory.Container,net.minecraft.inventory,minecraft
src/main/java/zmaster587/advancedRocketry/inventory/ContainerOreMappingSatellite.java,net.minecraft.inventory.Slot,net.minecraft.inventory,minecraft
src/main/java/zmaster587/advancedRocketry/inventory/ContainerOreMappingSatellite.java,net.minecraft.item.ItemStack,net.minecraft.item,minecraft
src/main/java/zmaster587/advancedRocketry/inventory/ContainerOreMappingSatellite.java,net.minecraftforge.oredict.OreDictionary,net.minecraftforge.oredict,minecraft
src/main/java/zmaster587/advancedRocketry/inventory/ContainerOreMappingSatellite.java,zmaster587.advancedRocketry.satellite.SatelliteOreMapping,zmaster587.advancedRocketry.satellite,upstream_internal
src/main/java/zmaster587/advancedRocketry/inventory/GuiHandler.java,net.minecraft.entity.player.EntityPlayer,net.minecraft.entity,minecraft
src/main/java/zmaster587/advancedRocketry/inventory/GuiHandler.java,net.minecraft.item.ItemStack,net.minecraft.item,minecraft
src/main/java/zmaster587/advancedRocketry/inventory/GuiHandler.java,net.minecraft.util.EnumHand,net.minecraft.util,minecraft
src/main/java/zmaster587/advancedRocketry/inventory/GuiHandler.java,net.minecraft.world.World,net.minecraft.world,minecraft
src/main/java/zmaster587/advancedRocketry/inventory/GuiHandler.java,net.minecraftforge.fml.common.network.IGuiHandler,net.minecraftforge.fml,minecraft
src/main/java/zmaster587/advancedRocketry/inventory/GuiHandler.java,zmaster587.advancedRocketry.api.satellite.SatelliteBase,zmaster587.advancedRocketry.api,upstream_internal
src/main/java/zmaster587/advancedRocketry/inventory/GuiHandler.java,zmaster587.advancedRocketry.dimension.DimensionManager,zmaster587.advancedRocketry.dimension,upstream_internal
src/main/java/zmaster587/advancedRocketry/inventory/GuiHandler.java,zmaster587.advancedRocketry.satellite.SatelliteOreMapping,zmaster587.advancedRocketry.satellite,upstream_internal
src/main/java/zmaster587/advancedRocketry/inventory/GuiHandler.java,zmaster587.libVulpes.inventory.modules.IModularInventory,zmaster587.libVulpes.inventory,libvulpes
src/main/java/zmaster587/advancedRocketry/inventory/GuiOrbitalLaserDrill.java,java.io.IOException,java.io.IOException,jdk
src/main/java/zmaster587/advancedRocketry/inventory/GuiOrbitalLaserDrill.java,java.util.LinkedList,java.util.LinkedList,jdk
src/main/java/zmaster587/advancedRocketry/inventory/GuiOrbitalLaserDrill.java,net.minecraft.client.gui.GuiButton,net.minecraft.client,client_api
src/main/java/zmaster587/advancedRocketry/inventory/GuiOrbitalLaserDrill.java,net.minecraft.client.gui.GuiTextField,net.minecraft.client,client_api
src/main/java/zmaster587/advancedRocketry/inventory/GuiOrbitalLaserDrill.java,net.minecraft.client.gui.inventory.GuiContainer,net.minecraft.client,client_api
src/main/java/zmaster587/advancedRocketry/inventory/GuiOrbitalLaserDrill.java,net.minecraft.entity.player.InventoryPlayer,net.minecraft.entity,minecraft
src/main/java/zmaster587/advancedRocketry/inventory/GuiOrbitalLaserDrill.java,net.minecraft.util.ResourceLocation,net.minecraft.util,minecraft
src/main/java/zmaster587/advancedRocketry/inventory/GuiOrbitalLaserDrill.java,org.lwjgl.input.Keyboard,org.lwjgl.input,third_party
src/main/java/zmaster587/advancedRocketry/inventory/GuiOrbitalLaserDrill.java,zmaster587.advancedRocketry.tile.multiblock.orbitallaserdrill.TileOrbitalLaserDrill,zmaster587.advancedRocketry.tile,upstream_internal
src/main/java/zmaster587/advancedRocketry/inventory/GuiOrbitalLaserDrill.java,zmaster587.libVulpes.gui.GuiImageButton,zmaster587.libVulpes.gui,libvulpes
src/main/java/zmaster587/advancedRocketry/inventory/GuiOrbitalLaserDrill.java,zmaster587.libVulpes.network.PacketHandler,zmaster587.libVulpes.network,libvulpes
src/main/java/zmaster587/advancedRocketry/inventory/GuiOrbitalLaserDrill.java,zmaster587.libVulpes.network.PacketMachine,zmaster587.libVulpes.network,libvulpes
src/main/java/zmaster587/advancedRocketry/inventory/GuiOreMappingSatellite.java,java.io.IOException,java.io.IOException,jdk
src/main/java/zmaster587/advancedRocketry/inventory/GuiOreMappingSatellite.java,java.nio.IntBuffer,java.nio.IntBuffer,jdk
src/main/java/zmaster587/advancedRocketry/inventory/GuiOreMappingSatellite.java,javax.annotation.Nonnull,javax.annotation.Nonnull,jdk
src/main/java/zmaster587/advancedRocketry/inventory/GuiOreMappingSatellite.java,net.minecraft.client.gui.inventory.GuiContainer,net.minecraft.client,client_api
src/main/java/zmaster587/advancedRocketry/inventory/GuiOreMappingSatellite.java,net.minecraft.client.renderer.BufferBuilder,net.minecraft.client,client_api
src/main/java/zmaster587/advancedRocketry/inventory/GuiOreMappingSatellite.java,net.minecraft.client.renderer.GlStateManager,net.minecraft.client,client_api
src/main/java/zmaster587/advancedRocketry/inventory/GuiOreMappingSatellite.java,net.minecraft.client.renderer.Tessellator,net.minecraft.client,client_api
src/main/java/zmaster587/advancedRocketry/inventory/GuiOreMappingSatellite.java,net.minecraft.client.renderer.vertex.DefaultVertexFormats,net.minecraft.client,client_api
src/main/java/zmaster587/advancedRocketry/inventory/GuiOreMappingSatellite.java,net.minecraft.entity.player.EntityPlayer,net.minecraft.entity,minecraft
src/main/java/zmaster587/advancedRocketry/inventory/GuiOreMappingSatellite.java,net.minecraft.item.ItemStack,net.minecraft.item,minecraft
src/main/java/zmaster587/advancedRocketry/inventory/GuiOreMappingSatellite.java,net.minecraft.tileentity.TileEntity,net.minecraft.tileentity,minecraft
src/main/java/zmaster587/advancedRocketry/inventory/GuiOreMappingSatellite.java,net.minecraft.util.ResourceLocation,net.minecraft.util,minecraft
src/main/java/zmaster587/advancedRocketry/inventory/GuiOreMappingSatellite.java,net.minecraft.world.World,net.minecraft.world,minecraft
src/main/java/zmaster587/advancedRocketry/inventory/GuiOreMappingSatellite.java,org.lwjgl.input.Keyboard,org.lwjgl.input,third_party
src/main/java/zmaster587/advancedRocketry/inventory/GuiOreMappingSatellite.java,org.lwjgl.opengl.GL11,org.lwjgl.opengl,third_party
src/main/java/zmaster587/advancedRocketry/inventory/GuiOreMappingSatellite.java,zmaster587.advancedRocketry.client.render.ClientDynamicTexture,zmaster587.advancedRocketry.client,upstream_internal
src/main/java/zmaster587/advancedRocketry/inventory/GuiOreMappingSatellite.java,zmaster587.advancedRocketry.satellite.SatelliteOreMapping,zmaster587.advancedRocketry.satellite,upstream_internal
src/main/java/zmaster587/advancedRocketry/inventory/GuiOreMappingSatellite.java,zmaster587.libVulpes.LibVulpes,zmaster587.libVulpes.LibVulpes,libvulpes
src/main/java/zmaster587/advancedRocketry/inventory/GuiOreMappingSatellite.java,zmaster587.libVulpes.render.RenderHelper,zmaster587.libVulpes.render,libvulpes
src/main/java/zmaster587/advancedRocketry/inventory/GuiOreMappingSatellite.java,zmaster587.libVulpes.util.VulpineMath,zmaster587.libVulpes.util,libvulpes
src/main/java/zmaster587/advancedRocketry/inventory/GuiPlanetButton.java,net.minecraft.client.Minecraft,net.minecraft.client,client_api
src/main/java/zmaster587/advancedRocketry/inventory/GuiPlanetButton.java,net.minecraft.client.renderer.BufferBuilder,net.minecraft.client,client_api
src/main/java/zmaster587/advancedRocketry/inventory/GuiPlanetButton.java,net.minecraft.client.renderer.Tessellator,net.minecraft.client,client_api
src/main/java/zmaster587/advancedRocketry/inventory/GuiPlanetButton.java,org.lwjgl.opengl.GL11,org.lwjgl.opengl,third_party
src/main/java/zmaster587/advancedRocketry/inventory/GuiPlanetButton.java,zmaster587.advancedRocketry.client.render.planet.RenderPlanetarySky,zmaster587.advancedRocketry.client,upstream_internal
src/main/java/zmaster587/advancedRocketry/inventory/GuiPlanetButton.java,zmaster587.advancedRocketry.dimension.DimensionProperties,zmaster587.advancedRocketry.dimension,upstream_internal
src/main/java/zmaster587/advancedRocketry/inventory/GuiPlanetButton.java,zmaster587.libVulpes.gui.GuiImageButton,zmaster587.libVulpes.gui,libvulpes
src/main/java/zmaster587/advancedRocketry/inventory/GuiProgressBarContainer.java,net.minecraft.client.gui.inventory.GuiContainer,net.minecraft.client,client_api
src/main/java/zmaster587/advancedRocketry/inventory/GuiProgressBarContainer.java,net.minecraft.client.renderer.BufferBuilder,net.minecraft.client,client_api
src/main/java/zmaster587/advancedRocketry/inventory/GuiProgressBarContainer.java,net.minecraft.client.renderer.Tessellator,net.minecraft.client,client_api
src/main/java/zmaster587/advancedRocketry/inventory/GuiProgressBarContainer.java,net.minecraft.client.renderer.texture.TextureAtlasSprite,net.minecraft.client,client_api
src/main/java/zmaster587/advancedRocketry/inventory/GuiProgressBarContainer.java,net.minecraft.inventory.Container,net.minecraft.inventory,minecraft
src/main/java/zmaster587/advancedRocketry/inventory/GuiProgressBarContainer.java,net.minecraft.util.EnumFacing,net.minecraft.util,minecraft
src/main/java/zmaster587/advancedRocketry/inventory/GuiProgressBarContainer.java,org.lwjgl.opengl.GL11,org.lwjgl.opengl,third_party
src/main/java/zmaster587/advancedRocketry/inventory/GuiProgressBarContainer.java,zmaster587.libVulpes.render.RenderHelper,zmaster587.libVulpes.render,libvulpes
src/main/java/zmaster587/advancedRocketry/inventory/GuiSpySatellite.java,net.minecraft.client.gui.GuiScreen,net.minecraft.client,client_api
src/main/java/zmaster587/advancedRocketry/inventory/GuiSpySatellite.java,net.minecraft.entity.player.EntityPlayer,net.minecraft.entity,minecraft
src/main/java/zmaster587/advancedRocketry/inventory/GuiSpySatellite.java,net.minecraft.tileentity.TileEntity,net.minecraft.tileentity,minecraft
src/main/java/zmaster587/advancedRocketry/inventory/IPlanetDefiner.java,zmaster587.advancedRocketry.api.dimension.IDimensionProperties,zmaster587.advancedRocketry.api,upstream_internal
src/main/java/zmaster587/advancedRocketry/inventory/IPlanetDefiner.java,zmaster587.advancedRocketry.api.dimension.solar.StellarBody,zmaster587.advancedRocketry.api,upstream_internal
src/main/java/zmaster587/advancedRocketry/inventory/TextureResources.java,java.util.HashMap,java.util.HashMap,jdk
src/main/java/zmaster587/advancedRocketry/inventory/TextureResources.java,java.util.Map,java.util.Map,jdk
src/main/java/zmaster587/advancedRocketry/inventory/TextureResources.java,net.minecraft.util.EnumFacing,net.minecraft.util,minecraft
src/main/java/zmaster587/advancedRocketry/inventory/TextureResources.java,net.minecraft.util.ResourceLocation,net.minecraft.util,minecraft
src/main/java/zmaster587/advancedRocketry/inventory/TextureResources.java,zmaster587.libVulpes.client.util.IndicatorBarImage,zmaster587.libVulpes.client,libvulpes
src/main/java/zmaster587/advancedRocketry/inventory/TextureResources.java,zmaster587.libVulpes.client.util.ProgressBarImage,zmaster587.libVulpes.client,libvulpes
src/main/java/zmaster587/advancedRocketry/inventory/TextureResources.java,zmaster587.libVulpes.util.IconResource,zmaster587.libVulpes.util,libvulpes
src/main/java/zmaster587/advancedRocketry/inventory/modules/ModuleAutoData.java,java.util.LinkedList,java.util.LinkedList,jdk
src/main/java/zmaster587/advancedRocketry/inventory/modules/ModuleAutoData.java,java.util.List,java.util.List,jdk
src/main/java/zmaster587/advancedRocketry/inventory/modules/ModuleAutoData.java,net.minecraft.client.gui.FontRenderer,net.minecraft.client,client_api
src/main/java/zmaster587/advancedRocketry/inventory/modules/ModuleAutoData.java,net.minecraft.client.gui.inventory.GuiContainer,net.minecraft.client,client_api
src/main/java/zmaster587/advancedRocketry/inventory/modules/ModuleAutoData.java,net.minecraft.client.resources.I18n,net.minecraft.client,client_api
src/main/java/zmaster587/advancedRocketry/inventory/modules/ModuleAutoData.java,net.minecraft.inventory.Container,net.minecraft.inventory,minecraft
src/main/java/zmaster587/advancedRocketry/inventory/modules/ModuleAutoData.java,net.minecraft.inventory.IContainerListener,net.minecraft.inventory,minecraft
src/main/java/zmaster587/advancedRocketry/inventory/modules/ModuleAutoData.java,net.minecraft.inventory.Slot,net.minecraft.inventory,minecraft
src/main/java/zmaster587/advancedRocketry/inventory/modules/ModuleAutoData.java,net.minecraftforge.fml.relauncher.Side,net.minecraftforge.fml,minecraft
src/main/java/zmaster587/advancedRocketry/inventory/modules/ModuleAutoData.java,net.minecraftforge.fml.relauncher.SideOnly,net.minecraftforge.fml,minecraft
src/main/java/zmaster587/advancedRocketry/inventory/modules/ModuleAutoData.java,zmaster587.advancedRocketry.api.DataStorage,zmaster587.advancedRocketry.api,upstream_internal
src/main/java/zmaster587/advancedRocketry/inventory/modules/ModuleAutoData.java,zmaster587.advancedRocketry.util.IDataInventory,zmaster587.advancedRocketry.util,upstream_internal
src/main/java/zmaster587/advancedRocketry/inventory/modules/ModuleAutoData.java,zmaster587.libVulpes.inventory.modules.ModuleBase,zmaster587.libVulpes.inventory,libvulpes
src/main/java/zmaster587/advancedRocketry/inventory/modules/ModuleAutoData.java,zmaster587.libVulpes.util.IconResource,zmaster587.libVulpes.util,libvulpes
src/main/java/zmaster587/advancedRocketry/inventory/modules/ModuleButtonPlanet.java,java.util.LinkedList,java.util.LinkedList,jdk
src/main/java/zmaster587/advancedRocketry/inventory/modules/ModuleButtonPlanet.java,java.util.List,java.util.List,jdk
src/main/java/zmaster587/advancedRocketry/inventory/modules/ModuleButtonPlanet.java,net.minecraft.client.gui.GuiButton,net.minecraft.client,client_api
src/main/java/zmaster587/advancedRocketry/inventory/modules/ModuleButtonPlanet.java,net.minecraftforge.fml.relauncher.Side,net.minecraftforge.fml,minecraft
src/main/java/zmaster587/advancedRocketry/inventory/modules/ModuleButtonPlanet.java,net.minecraftforge.fml.relauncher.SideOnly,net.minecraftforge.fml,minecraft
src/main/java/zmaster587/advancedRocketry/inventory/modules/ModuleButtonPlanet.java,zmaster587.advancedRocketry.dimension.DimensionProperties,zmaster587.advancedRocketry.dimension,upstream_internal
src/main/java/zmaster587/advancedRocketry/inventory/modules/ModuleButtonPlanet.java,zmaster587.advancedRocketry.inventory.GuiPlanetButton,zmaster587.advancedRocketry.inventory,upstream_internal
src/main/java/zmaster587/advancedRocketry/inventory/modules/ModuleButtonPlanet.java,zmaster587.libVulpes.inventory.modules.IButtonInventory,zmaster587.libVulpes.inventory,libvulpes
src/main/java/zmaster587/advancedRocketry/inventory/modules/ModuleButtonPlanet.java,zmaster587.libVulpes.inventory.modules.ModuleButton,zmaster587.libVulpes.inventory,libvulpes
src/main/java/zmaster587/advancedRocketry/inventory/modules/ModuleData.java,java.util.LinkedList,java.util.LinkedList,jdk
src/main/java/zmaster587/advancedRocketry/inventory/modules/ModuleData.java,java.util.List,java.util.List,jdk
src/main/java/zmaster587/advancedRocketry/inventory/modules/ModuleData.java,net.minecraft.client.gui.FontRenderer,net.minecraft.client,client_api
src/main/java/zmaster587/advancedRocketry/inventory/modules/ModuleData.java,net.minecraft.client.gui.GuiButton,net.minecraft.client,client_api
src/main/java/zmaster587/advancedRocketry/inventory/modules/ModuleData.java,net.minecraft.client.gui.inventory.GuiContainer,net.minecraft.client,client_api
src/main/java/zmaster587/advancedRocketry/inventory/modules/ModuleData.java,net.minecraft.client.resources.I18n,net.minecraft.client,client_api
src/main/java/zmaster587/advancedRocketry/inventory/modules/ModuleData.java,net.minecraft.inventory.Container,net.minecraft.inventory,minecraft
src/main/java/zmaster587/advancedRocketry/inventory/modules/ModuleData.java,net.minecraft.inventory.IContainerListener,net.minecraft.inventory,minecraft
src/main/java/zmaster587/advancedRocketry/inventory/modules/ModuleData.java,net.minecraft.inventory.Slot,net.minecraft.inventory,minecraft
src/main/java/zmaster587/advancedRocketry/inventory/modules/ModuleData.java,net.minecraftforge.fml.relauncher.Side,net.minecraftforge.fml,minecraft
src/main/java/zmaster587/advancedRocketry/inventory/modules/ModuleData.java,net.minecraftforge.fml.relauncher.SideOnly,net.minecraftforge.fml,minecraft
src/main/java/zmaster587/advancedRocketry/inventory/modules/ModuleData.java,zmaster587.advancedRocketry.api.DataStorage,zmaster587.advancedRocketry.api,upstream_internal
src/main/java/zmaster587/advancedRocketry/inventory/modules/ModuleData.java,zmaster587.advancedRocketry.util.IDataInventory,zmaster587.advancedRocketry.util,upstream_internal
src/main/java/zmaster587/advancedRocketry/inventory/modules/ModuleData.java,zmaster587.libVulpes.inventory.TextureResources,zmaster587.libVulpes.inventory,libvulpes
src/main/java/zmaster587/advancedRocketry/inventory/modules/ModuleData.java,zmaster587.libVulpes.inventory.modules.IButtonInventory,zmaster587.libVulpes.inventory,libvulpes
src/main/java/zmaster587/advancedRocketry/inventory/modules/ModuleData.java,zmaster587.libVulpes.inventory.modules.ModuleBase,zmaster587.libVulpes.inventory,libvulpes
src/main/java/zmaster587/advancedRocketry/inventory/modules/ModuleData.java,zmaster587.libVulpes.inventory.modules.ModuleButton,zmaster587.libVulpes.inventory,libvulpes
src/main/java/zmaster587/advancedRocketry/inventory/modules/ModuleData.java,zmaster587.libVulpes.util.IconResource,zmaster587.libVulpes.util,libvulpes
src/main/java/zmaster587/advancedRocketry/inventory/modules/ModuleOreMapper.java,java.nio.IntBuffer,java.nio.IntBuffer,jdk
src/main/java/zmaster587/advancedRocketry/inventory/modules/ModuleOreMapper.java,javax.annotation.Nonnull,javax.annotation.Nonnull,jdk
src/main/java/zmaster587/advancedRocketry/inventory/modules/ModuleOreMapper.java,net.minecraft.client.Minecraft,net.minecraft.client,client_api
src/main/java/zmaster587/advancedRocketry/inventory/modules/ModuleOreMapper.java,net.minecraft.client.gui.FontRenderer,net.minecraft.client,client_api
src/main/java/zmaster587/advancedRocketry/inventory/modules/ModuleOreMapper.java,net.minecraft.client.gui.inventory.GuiContainer,net.minecraft.client,client_api
src/main/java/zmaster587/advancedRocketry/inventory/modules/ModuleOreMapper.java,net.minecraft.client.renderer.BufferBuilder,net.minecraft.client,client_api
src/main/java/zmaster587/advancedRocketry/inventory/modules/ModuleOreMapper.java,net.minecraft.client.renderer.GlStateManager,net.minecraft.client,client_api
src/main/java/zmaster587/advancedRocketry/inventory/modules/ModuleOreMapper.java,net.minecraft.client.renderer.Tessellator,net.minecraft.client,client_api
src/main/java/zmaster587/advancedRocketry/inventory/modules/ModuleOreMapper.java,net.minecraft.item.ItemStack,net.minecraft.item,minecraft
src/main/java/zmaster587/advancedRocketry/inventory/modules/ModuleOreMapper.java,net.minecraft.tileentity.TileEntity,net.minecraft.tileentity,minecraft
src/main/java/zmaster587/advancedRocketry/inventory/modules/ModuleOreMapper.java,net.minecraft.util.ResourceLocation,net.minecraft.util,minecraft
src/main/java/zmaster587/advancedRocketry/inventory/modules/ModuleOreMapper.java,net.minecraft.world.World,net.minecraft.world,minecraft
src/main/java/zmaster587/advancedRocketry/inventory/modules/ModuleOreMapper.java,net.minecraftforge.fml.relauncher.Side,net.minecraftforge.fml,minecraft
src/main/java/zmaster587/advancedRocketry/inventory/modules/ModuleOreMapper.java,net.minecraftforge.fml.relauncher.SideOnly,net.minecraftforge.fml,minecraft
src/main/java/zmaster587/advancedRocketry/inventory/modules/ModuleOreMapper.java,org.lwjgl.opengl.GL11,org.lwjgl.opengl,third_party
src/main/java/zmaster587/advancedRocketry/inventory/modules/ModuleOreMapper.java,zmaster587.advancedRocketry.client.render.ClientDynamicTexture,zmaster587.advancedRocketry.client,upstream_internal
src/main/java/zmaster587/advancedRocketry/inventory/modules/ModuleOreMapper.java,zmaster587.advancedRocketry.satellite.SatelliteOreMapping,zmaster587.advancedRocketry.satellite,upstream_internal
src/main/java/zmaster587/advancedRocketry/inventory/modules/ModuleOreMapper.java,zmaster587.libVulpes.inventory.modules.ModuleBase,zmaster587.libVulpes.inventory,libvulpes
src/main/java/zmaster587/advancedRocketry/inventory/modules/ModuleOreMapper.java,zmaster587.libVulpes.render.RenderHelper,zmaster587.libVulpes.render,libvulpes
src/main/java/zmaster587/advancedRocketry/inventory/modules/ModulePlanetImage.java,net.minecraft.client.gui.FontRenderer,net.minecraft.client,client_api
src/main/java/zmaster587/advancedRocketry/inventory/modules/ModulePlanetImage.java,net.minecraft.client.gui.inventory.GuiContainer,net.minecraft.client,client_api
src/main/java/zmaster587/advancedRocketry/inventory/modules/ModulePlanetImage.java,net.minecraft.client.renderer.BufferBuilder,net.minecraft.client,client_api
src/main/java/zmaster587/advancedRocketry/inventory/modules/ModulePlanetImage.java,net.minecraft.client.renderer.Tessellator,net.minecraft.client,client_api
src/main/java/zmaster587/advancedRocketry/inventory/modules/ModulePlanetImage.java,org.lwjgl.opengl.GL11,org.lwjgl.opengl,third_party
src/main/java/zmaster587/advancedRocketry/inventory/modules/ModulePlanetImage.java,zmaster587.advancedRocketry.client.render.planet.RenderPlanetarySky,zmaster587.advancedRocketry.client,upstream_internal
src/main/java/zmaster587/advancedRocketry/inventory/modules/ModulePlanetImage.java,zmaster587.advancedRocketry.dimension.DimensionProperties,zmaster587.advancedRocketry.dimension,upstream_internal
src/main/java/zmaster587/advancedRocketry/inventory/modules/ModulePlanetImage.java,zmaster587.advancedRocketry.inventory.TextureResources,zmaster587.advancedRocketry.inventory,upstream_internal
src/main/java/zmaster587/advancedRocketry/inventory/modules/ModulePlanetImage.java,zmaster587.libVulpes.inventory.modules.ModuleBase,zmaster587.libVulpes.inventory,libvulpes
src/main/java/zmaster587/advancedRocketry/inventory/modules/ModulePlanetSelector.java,java.util.*,java.util.*,jdk
src/main/java/zmaster587/advancedRocketry/inventory/modules/ModulePlanetSelector.java,net.minecraft.client.Minecraft,net.minecraft.client,client_api
src/main/java/zmaster587/advancedRocketry/inventory/modules/ModulePlanetSelector.java,net.minecraft.client.gui.FontRenderer,net.minecraft.client,client_api
src/main/java/zmaster587/advancedRocketry/inventory/modules/ModulePlanetSelector.java,net.minecraft.client.gui.GuiButton,net.minecraft.client,client_api
src/main/java/zmaster587/advancedRocketry/inventory/modules/ModulePlanetSelector.java,net.minecraft.client.gui.inventory.GuiContainer,net.minecraft.client,client_api
src/main/java/zmaster587/advancedRocketry/inventory/modules/ModulePlanetSelector.java,net.minecraft.client.renderer.BufferBuilder,net.minecraft.client,client_api
src/main/java/zmaster587/advancedRocketry/inventory/modules/ModulePlanetSelector.java,net.minecraft.client.renderer.GlStateManager,net.minecraft.client,client_api
src/main/java/zmaster587/advancedRocketry/inventory/modules/ModulePlanetSelector.java,net.minecraft.client.renderer.Tessellator,net.minecraft.client,client_api
src/main/java/zmaster587/advancedRocketry/inventory/modules/ModulePlanetSelector.java,net.minecraft.client.renderer.vertex.DefaultVertexFormats,net.minecraft.client,client_api
src/main/java/zmaster587/advancedRocketry/inventory/modules/ModulePlanetSelector.java,net.minecraft.inventory.Container,net.minecraft.inventory,minecraft
src/main/java/zmaster587/advancedRocketry/inventory/modules/ModulePlanetSelector.java,net.minecraft.inventory.IContainerListener,net.minecraft.inventory,minecraft
src/main/java/zmaster587/advancedRocketry/inventory/modules/ModulePlanetSelector.java,net.minecraft.util.ResourceLocation,net.minecraft.util,minecraft
src/main/java/zmaster587/advancedRocketry/inventory/modules/ModulePlanetSelector.java,net.minecraft.util.math.MathHelper,net.minecraft.util,minecraft
src/main/java/zmaster587/advancedRocketry/inventory/modules/ModulePlanetSelector.java,net.minecraftforge.fml.common.FMLCommonHandler,net.minecraftforge.fml,minecraft
src/main/java/zmaster587/advancedRocketry/inventory/modules/ModulePlanetSelector.java,net.minecraftforge.fml.relauncher.Side,net.minecraftforge.fml,minecraft
src/main/java/zmaster587/advancedRocketry/inventory/modules/ModulePlanetSelector.java,net.minecraftforge.fml.relauncher.SideOnly,net.minecraftforge.fml,minecraft
src/main/java/zmaster587/advancedRocketry/inventory/modules/ModulePlanetSelector.java,org.lwjgl.opengl.GL11,org.lwjgl.opengl,third_party
src/main/java/zmaster587/advancedRocketry/inventory/modules/ModulePlanetSelector.java,zmaster587.advancedRocketry.api.ARConfiguration,zmaster587.advancedRocketry.api,upstream_internal
src/main/java/zmaster587/advancedRocketry/inventory/modules/ModulePlanetSelector.java,zmaster587.advancedRocketry.api.Constants,zmaster587.advancedRocketry.api,upstream_internal
src/main/java/zmaster587/advancedRocketry/inventory/modules/ModulePlanetSelector.java,zmaster587.advancedRocketry.api.dimension.IDimensionProperties,zmaster587.advancedRocketry.api,upstream_internal
src/main/java/zmaster587/advancedRocketry/inventory/modules/ModulePlanetSelector.java,zmaster587.advancedRocketry.api.dimension.solar.IGalaxy,zmaster587.advancedRocketry.api,upstream_internal
src/main/java/zmaster587/advancedRocketry/inventory/modules/ModulePlanetSelector.java,zmaster587.advancedRocketry.api.dimension.solar.StellarBody,zmaster587.advancedRocketry.api,upstream_internal
src/main/java/zmaster587/advancedRocketry/inventory/modules/ModulePlanetSelector.java,zmaster587.advancedRocketry.dimension.DimensionManager,zmaster587.advancedRocketry.dimension,upstream_internal
src/main/java/zmaster587/advancedRocketry/inventory/modules/ModulePlanetSelector.java,zmaster587.advancedRocketry.dimension.DimensionProperties,zmaster587.advancedRocketry.dimension,upstream_internal
src/main/java/zmaster587/advancedRocketry/inventory/modules/ModulePlanetSelector.java,zmaster587.advancedRocketry.inventory.IPlanetDefiner,zmaster587.advancedRocketry.inventory,upstream_internal
src/main/java/zmaster587/advancedRocketry/inventory/modules/ModulePlanetSelector.java,zmaster587.advancedRocketry.inventory.TextureResources,zmaster587.advancedRocketry.inventory,upstream_internal
src/main/java/zmaster587/advancedRocketry/inventory/modules/ModulePlanetSelector.java,zmaster587.libVulpes.inventory.GuiModular,zmaster587.libVulpes.inventory,libvulpes
src/main/java/zmaster587/advancedRocketry/inventory/modules/ModulePlanetSelector.java,zmaster587.libVulpes.inventory.modules.*,zmaster587.libVulpes.inventory,libvulpes
src/main/java/zmaster587/advancedRocketry/inventory/modules/ModulePlanetSelector.java,zmaster587.libVulpes.render.RenderHelper,zmaster587.libVulpes.render,libvulpes
src/main/java/zmaster587/advancedRocketry/inventory/modules/ModuleSatellite.java,net.minecraft.client.gui.FontRenderer,net.minecraft.client,client_api
src/main/java/zmaster587/advancedRocketry/inventory/modules/ModuleSatellite.java,net.minecraft.client.gui.inventory.GuiContainer,net.minecraft.client,client_api
src/main/java/zmaster587/advancedRocketry/inventory/modules/ModuleSatellite.java,net.minecraft.inventory.Container,net.minecraft.inventory,minecraft
src/main/java/zmaster587/advancedRocketry/inventory/modules/ModuleSatellite.java,net.minecraft.inventory.IContainerListener,net.minecraft.inventory,minecraft
src/main/java/zmaster587/advancedRocketry/inventory/modules/ModuleSatellite.java,net.minecraft.inventory.IInventory,net.minecraft.inventory,minecraft
src/main/java/zmaster587/advancedRocketry/inventory/modules/ModuleSatellite.java,net.minecraft.inventory.Slot,net.minecraft.inventory,minecraft
src/main/java/zmaster587/advancedRocketry/inventory/modules/ModuleSatellite.java,zmaster587.advancedRocketry.api.satellite.SatelliteBase,zmaster587.advancedRocketry.api,upstream_internal
src/main/java/zmaster587/advancedRocketry/inventory/modules/ModuleSatellite.java,zmaster587.advancedRocketry.inventory.TextureResources,zmaster587.advancedRocketry.inventory,upstream_internal
src/main/java/zmaster587/advancedRocketry/inventory/modules/ModuleSatellite.java,zmaster587.libVulpes.inventory.modules.ModuleSlotArray,zmaster587.libVulpes.inventory,libvulpes
src/main/java/zmaster587/advancedRocketry/inventory/modules/ModuleSatellite.java,zmaster587.libVulpes.util.IconResource,zmaster587.libVulpes.util,libvulpes
src/main/java/zmaster587/advancedRocketry/inventory/modules/ModuleStellarBackground.java,net.minecraft.client.gui.FontRenderer,net.minecraft.client,client_api
src/main/java/zmaster587/advancedRocketry/inventory/modules/ModuleStellarBackground.java,net.minecraft.client.gui.inventory.GuiContainer,net.minecraft.client,client_api
src/main/java/zmaster587/advancedRocketry/inventory/modules/ModuleStellarBackground.java,net.minecraft.util.ResourceLocation,net.minecraft.util,minecraft
src/main/java/zmaster587/advancedRocketry/inventory/modules/ModuleStellarBackground.java,zmaster587.advancedRocketry.inventory.TextureResources,zmaster587.advancedRocketry.inventory,upstream_internal
src/main/java/zmaster587/advancedRocketry/inventory/modules/ModuleStellarBackground.java,zmaster587.libVulpes.inventory.modules.ModuleBase,zmaster587.libVulpes.inventory,libvulpes
src/main/java/zmaster587/advancedRocketry/inventory/modules/SlotData.java,javax.annotation.Nonnull,javax.annotation.Nonnull,jdk
src/main/java/zmaster587/advancedRocketry/inventory/modules/SlotData.java,net.minecraft.inventory.IInventory,net.minecraft.inventory,minecraft
src/main/java/zmaster587/advancedRocketry/inventory/modules/SlotData.java,net.minecraft.inventory.Slot,net.minecraft.inventory,minecraft
src/main/java/zmaster587/advancedRocketry/inventory/modules/SlotData.java,net.minecraft.item.ItemStack,net.minecraft.item,minecraft
src/main/java/zmaster587/advancedRocketry/inventory/modules/SlotData.java,zmaster587.advancedRocketry.item.ItemData,zmaster587.advancedRocketry.item,upstream_internal
src/main/java/zmaster587/advancedRocketry/item/ItemAsteroidChip.java,com.mojang.realmsclient.gui.ChatFormatting,com.mojang.realmsclient,third_party
src/main/java/zmaster587/advancedRocketry/item/ItemAsteroidChip.java,java.util.List,java.util.List,jdk
src/main/java/zmaster587/advancedRocketry/item/ItemAsteroidChip.java,javax.annotation.Nonnull,javax.annotation.Nonnull,jdk
src/main/java/zmaster587/advancedRocketry/item/ItemAsteroidChip.java,net.minecraft.client.util.ITooltipFlag,net.minecraft.client,client_api
src/main/java/zmaster587/advancedRocketry/item/ItemAsteroidChip.java,net.minecraft.item.ItemStack,net.minecraft.item,minecraft
src/main/java/zmaster587/advancedRocketry/item/ItemAsteroidChip.java,net.minecraft.nbt.NBTTagCompound,net.minecraft.nbt,minecraft
src/main/java/zmaster587/advancedRocketry/item/ItemAsteroidChip.java,net.minecraft.world.World,net.minecraft.world,minecraft
src/main/java/zmaster587/advancedRocketry/item/ItemAsteroidChip.java,zmaster587.libVulpes.LibVulpes,zmaster587.libVulpes.LibVulpes,libvulpes
src/main/java/zmaster587/advancedRocketry/item/ItemAtmosphereAnalzer.java,java.util.LinkedList,java.util.LinkedList,jdk
src/main/java/zmaster587/advancedRocketry/item/ItemAtmosphereAnalzer.java,java.util.List,java.util.List,jdk
src/main/java/zmaster587/advancedRocketry/item/ItemAtmosphereAnalzer.java,javax.annotation.Nonnull,javax.annotation.Nonnull,jdk
src/main/java/zmaster587/advancedRocketry/item/ItemAtmosphereAnalzer.java,javax.annotation.Nullable,javax.annotation.Nullable,jdk
src/main/java/zmaster587/advancedRocketry/item/ItemAtmosphereAnalzer.java,net.minecraft.client.Minecraft,net.minecraft.client,client_api
src/main/java/zmaster587/advancedRocketry/item/ItemAtmosphereAnalzer.java,net.minecraft.client.gui.FontRenderer,net.minecraft.client,client_api
src/main/java/zmaster587/advancedRocketry/item/ItemAtmosphereAnalzer.java,net.minecraft.client.gui.Gui,net.minecraft.client,client_api
src/main/java/zmaster587/advancedRocketry/item/ItemAtmosphereAnalzer.java,net.minecraft.client.renderer.BufferBuilder,net.minecraft.client,client_api
src/main/java/zmaster587/advancedRocketry/item/ItemAtmosphereAnalzer.java,net.minecraft.client.renderer.Tessellator,net.minecraft.client,client_api
src/main/java/zmaster587/advancedRocketry/item/ItemAtmosphereAnalzer.java,net.minecraft.client.renderer.vertex.DefaultVertexFormats,net.minecraft.client,client_api
src/main/java/zmaster587/advancedRocketry/item/ItemAtmosphereAnalzer.java,net.minecraft.entity.EntityLivingBase,net.minecraft.entity,minecraft
src/main/java/zmaster587/advancedRocketry/item/ItemAtmosphereAnalzer.java,net.minecraft.entity.player.EntityPlayer,net.minecraft.entity,minecraft
src/main/java/zmaster587/advancedRocketry/item/ItemAtmosphereAnalzer.java,net.minecraft.inventory.EntityEquipmentSlot,net.minecraft.inventory,minecraft
src/main/java/zmaster587/advancedRocketry/item/ItemAtmosphereAnalzer.java,net.minecraft.inventory.IInventory,net.minecraft.inventory,minecraft
src/main/java/zmaster587/advancedRocketry/item/ItemAtmosphereAnalzer.java,net.minecraft.item.Item,net.minecraft.item,minecraft
src/main/java/zmaster587/advancedRocketry/item/ItemAtmosphereAnalzer.java,net.minecraft.item.ItemStack,net.minecraft.item,minecraft
src/main/java/zmaster587/advancedRocketry/item/ItemAtmosphereAnalzer.java,net.minecraft.util.ActionResult,net.minecraft.util,minecraft
src/main/java/zmaster587/advancedRocketry/item/ItemAtmosphereAnalzer.java,net.minecraft.util.DamageSource,net.minecraft.util,minecraft
src/main/java/zmaster587/advancedRocketry/item/ItemAtmosphereAnalzer.java,net.minecraft.util.EnumHand,net.minecraft.util,minecraft
src/main/java/zmaster587/advancedRocketry/item/ItemAtmosphereAnalzer.java,net.minecraft.util.ResourceLocation,net.minecraft.util,minecraft
src/main/java/zmaster587/advancedRocketry/item/ItemAtmosphereAnalzer.java,net.minecraft.util.text.ITextComponent,net.minecraft.util,minecraft
src/main/java/zmaster587/advancedRocketry/item/ItemAtmosphereAnalzer.java,net.minecraft.util.text.TextComponentString,net.minecraft.util,minecraft
src/main/java/zmaster587/advancedRocketry/item/ItemAtmosphereAnalzer.java,net.minecraft.util.text.TextComponentTranslation,net.minecraft.util,minecraft
src/main/java/zmaster587/advancedRocketry/item/ItemAtmosphereAnalzer.java,net.minecraft.world.World,net.minecraft.world,minecraft
src/main/java/zmaster587/advancedRocketry/item/ItemAtmosphereAnalzer.java,net.minecraftforge.client.event.RenderGameOverlayEvent,net.minecraftforge.client,client_api
src/main/java/zmaster587/advancedRocketry/item/ItemAtmosphereAnalzer.java,net.minecraftforge.fml.relauncher.Side,net.minecraftforge.fml,minecraft
src/main/java/zmaster587/advancedRocketry/item/ItemAtmosphereAnalzer.java,net.minecraftforge.fml.relauncher.SideOnly,net.minecraftforge.fml,minecraft
src/main/java/zmaster587/advancedRocketry/item/ItemAtmosphereAnalzer.java,org.lwjgl.opengl.GL11,org.lwjgl.opengl,third_party
src/main/java/zmaster587/advancedRocketry/item/ItemAtmosphereAnalzer.java,zmaster587.advancedRocketry.atmosphere.AtmosphereHandler,zmaster587.advancedRocketry.atmosphere,upstream_internal
src/main/java/zmaster587/advancedRocketry/item/ItemAtmosphereAnalzer.java,zmaster587.advancedRocketry.atmosphere.AtmosphereType,zmaster587.advancedRocketry.atmosphere,upstream_internal
src/main/java/zmaster587/advancedRocketry/item/ItemAtmosphereAnalzer.java,zmaster587.advancedRocketry.dimension.DimensionManager,zmaster587.advancedRocketry.dimension,upstream_internal
src/main/java/zmaster587/advancedRocketry/item/ItemAtmosphereAnalzer.java,zmaster587.advancedRocketry.event.RocketEventHandler,zmaster587.advancedRocketry.event,upstream_internal
src/main/java/zmaster587/advancedRocketry/item/ItemAtmosphereAnalzer.java,zmaster587.advancedRocketry.inventory.TextureResources,zmaster587.advancedRocketry.inventory,upstream_internal
src/main/java/zmaster587/advancedRocketry/item/ItemAtmosphereAnalzer.java,zmaster587.libVulpes.LibVulpes,zmaster587.libVulpes.LibVulpes,libvulpes
src/main/java/zmaster587/advancedRocketry/item/ItemAtmosphereAnalzer.java,zmaster587.libVulpes.api.IArmorComponent,zmaster587.libVulpes.api,libvulpes
src/main/java/zmaster587/advancedRocketry/item/ItemAtmosphereAnalzer.java,zmaster587.libVulpes.client.ResourceIcon,zmaster587.libVulpes.client,libvulpes
src/main/java/zmaster587/advancedRocketry/item/ItemAtmosphereAnalzer.java,zmaster587.libVulpes.render.RenderHelper,zmaster587.libVulpes.render,libvulpes
src/main/java/zmaster587/advancedRocketry/item/ItemBeaconFinder.java,java.util.List,java.util.List,jdk
src/main/java/zmaster587/advancedRocketry/item/ItemBeaconFinder.java,javax.annotation.Nonnull,javax.annotation.Nonnull,jdk
src/main/java/zmaster587/advancedRocketry/item/ItemBeaconFinder.java,net.minecraft.client.Minecraft,net.minecraft.client,client_api
src/main/java/zmaster587/advancedRocketry/item/ItemBeaconFinder.java,net.minecraft.client.gui.Gui,net.minecraft.client,client_api
src/main/java/zmaster587/advancedRocketry/item/ItemBeaconFinder.java,net.minecraft.client.renderer.BufferBuilder,net.minecraft.client,client_api
src/main/java/zmaster587/advancedRocketry/item/ItemBeaconFinder.java,net.minecraft.client.renderer.GlStateManager,net.minecraft.client,client_api
src/main/java/zmaster587/advancedRocketry/item/ItemBeaconFinder.java,net.minecraft.client.renderer.Tessellator,net.minecraft.client,client_api
src/main/java/zmaster587/advancedRocketry/item/ItemBeaconFinder.java,net.minecraft.client.renderer.vertex.DefaultVertexFormats,net.minecraft.client,client_api
src/main/java/zmaster587/advancedRocketry/item/ItemBeaconFinder.java,net.minecraft.entity.EntityLivingBase,net.minecraft.entity,minecraft
src/main/java/zmaster587/advancedRocketry/item/ItemBeaconFinder.java,net.minecraft.entity.player.EntityPlayer,net.minecraft.entity,minecraft
src/main/java/zmaster587/advancedRocketry/item/ItemBeaconFinder.java,net.minecraft.inventory.EntityEquipmentSlot,net.minecraft.inventory,minecraft
src/main/java/zmaster587/advancedRocketry/item/ItemBeaconFinder.java,net.minecraft.inventory.IInventory,net.minecraft.inventory,minecraft
src/main/java/zmaster587/advancedRocketry/item/ItemBeaconFinder.java,net.minecraft.item.Item,net.minecraft.item,minecraft
src/main/java/zmaster587/advancedRocketry/item/ItemBeaconFinder.java,net.minecraft.item.ItemStack,net.minecraft.item,minecraft
src/main/java/zmaster587/advancedRocketry/item/ItemBeaconFinder.java,net.minecraft.util.DamageSource,net.minecraft.util,minecraft
src/main/java/zmaster587/advancedRocketry/item/ItemBeaconFinder.java,net.minecraft.util.math.MathHelper,net.minecraft.util,minecraft
src/main/java/zmaster587/advancedRocketry/item/ItemBeaconFinder.java,net.minecraft.world.World,net.minecraft.world,minecraft
src/main/java/zmaster587/advancedRocketry/item/ItemBeaconFinder.java,net.minecraftforge.client.event.RenderGameOverlayEvent,net.minecraftforge.client,client_api
src/main/java/zmaster587/advancedRocketry/item/ItemBeaconFinder.java,net.minecraftforge.fml.relauncher.Side,net.minecraftforge.fml,minecraft
src/main/java/zmaster587/advancedRocketry/item/ItemBeaconFinder.java,net.minecraftforge.fml.relauncher.SideOnly,net.minecraftforge.fml,minecraft
src/main/java/zmaster587/advancedRocketry/item/ItemBeaconFinder.java,org.lwjgl.opengl.GL11,org.lwjgl.opengl,third_party
src/main/java/zmaster587/advancedRocketry/item/ItemBeaconFinder.java,zmaster587.advancedRocketry.dimension.DimensionManager,zmaster587.advancedRocketry.dimension,upstream_internal
src/main/java/zmaster587/advancedRocketry/item/ItemBeaconFinder.java,zmaster587.libVulpes.api.IArmorComponent,zmaster587.libVulpes.api,libvulpes
src/main/java/zmaster587/advancedRocketry/item/ItemBeaconFinder.java,zmaster587.libVulpes.client.ResourceIcon,zmaster587.libVulpes.client,libvulpes
src/main/java/zmaster587/advancedRocketry/item/ItemBeaconFinder.java,zmaster587.libVulpes.inventory.TextureResources,zmaster587.libVulpes.inventory,libvulpes
src/main/java/zmaster587/advancedRocketry/item/ItemBeaconFinder.java,zmaster587.libVulpes.render.RenderHelper,zmaster587.libVulpes.render,libvulpes
src/main/java/zmaster587/advancedRocketry/item/ItemBeaconFinder.java,zmaster587.libVulpes.util.HashedBlockPosition,zmaster587.libVulpes.util,libvulpes
src/main/java/zmaster587/advancedRocketry/item/ItemBiomeChanger.java,io.netty.buffer.ByteBuf,io.netty.buffer,third_party
src/main/java/zmaster587/advancedRocketry/item/ItemBiomeChanger.java,java.util.LinkedList,java.util.LinkedList,jdk
src/main/java/zmaster587/advancedRocketry/item/ItemBiomeChanger.java,java.util.List,java.util.List,jdk
src/main/java/zmaster587/advancedRocketry/item/ItemBiomeChanger.java,javax.annotation.Nonnull,javax.annotation.Nonnull,jdk
src/main/java/zmaster587/advancedRocketry/item/ItemBiomeChanger.java,net.minecraft.client.Minecraft,net.minecraft.client,client_api
src/main/java/zmaster587/advancedRocketry/item/ItemBiomeChanger.java,net.minecraft.client.util.ITooltipFlag,net.minecraft.client,client_api
src/main/java/zmaster587/advancedRocketry/item/ItemBiomeChanger.java,net.minecraft.entity.player.EntityPlayer,net.minecraft.entity,minecraft
src/main/java/zmaster587/advancedRocketry/item/ItemBiomeChanger.java,net.minecraft.init.Biomes,net.minecraft.init,minecraft
src/main/java/zmaster587/advancedRocketry/item/ItemBiomeChanger.java,net.minecraft.item.ItemStack,net.minecraft.item,minecraft
src/main/java/zmaster587/advancedRocketry/item/ItemBiomeChanger.java,net.minecraft.nbt.NBTTagCompound,net.minecraft.nbt,minecraft
src/main/java/zmaster587/advancedRocketry/item/ItemBiomeChanger.java,net.minecraft.util.ActionResult,net.minecraft.util,minecraft
src/main/java/zmaster587/advancedRocketry/item/ItemBiomeChanger.java,net.minecraft.util.EnumHand,net.minecraft.util,minecraft
src/main/java/zmaster587/advancedRocketry/item/ItemBiomeChanger.java,net.minecraft.util.math.BlockPos,net.minecraft.util,minecraft
src/main/java/zmaster587/advancedRocketry/item/ItemBiomeChanger.java,net.minecraft.world.World,net.minecraft.world,minecraft
src/main/java/zmaster587/advancedRocketry/item/ItemBiomeChanger.java,net.minecraft.world.biome.Biome,net.minecraft.world,minecraft
src/main/java/zmaster587/advancedRocketry/item/ItemBiomeChanger.java,net.minecraftforge.fml.relauncher.Side,net.minecraftforge.fml,minecraft
src/main/java/zmaster587/advancedRocketry/item/ItemBiomeChanger.java,net.minecraftforge.fml.relauncher.SideOnly,net.minecraftforge.fml,minecraft
src/main/java/zmaster587/advancedRocketry/item/ItemBiomeChanger.java,zmaster587.advancedRocketry.AdvancedRocketry,zmaster587.advancedRocketry.AdvancedRocketry,upstream_internal
src/main/java/zmaster587/advancedRocketry/item/ItemBiomeChanger.java,zmaster587.advancedRocketry.api.SatelliteRegistry,zmaster587.advancedRocketry.api,upstream_internal
src/main/java/zmaster587/advancedRocketry/item/ItemBiomeChanger.java,zmaster587.advancedRocketry.api.satellite.SatelliteBase,zmaster587.advancedRocketry.api,upstream_internal
src/main/java/zmaster587/advancedRocketry/item/ItemBiomeChanger.java,zmaster587.advancedRocketry.dimension.DimensionManager,zmaster587.advancedRocketry.dimension,upstream_internal
src/main/java/zmaster587/advancedRocketry/item/ItemBiomeChanger.java,zmaster587.advancedRocketry.network.PacketSatellite,zmaster587.advancedRocketry.network,upstream_internal
src/main/java/zmaster587/advancedRocketry/item/ItemBiomeChanger.java,zmaster587.advancedRocketry.satellite.SatelliteBiomeChanger,zmaster587.advancedRocketry.satellite,upstream_internal
src/main/java/zmaster587/advancedRocketry/item/ItemBiomeChanger.java,zmaster587.libVulpes.LibVulpes,zmaster587.libVulpes.LibVulpes,libvulpes
src/main/java/zmaster587/advancedRocketry/item/ItemBiomeChanger.java,zmaster587.libVulpes.inventory.GuiHandler,zmaster587.libVulpes.inventory,libvulpes
src/main/java/zmaster587/advancedRocketry/item/ItemBiomeChanger.java,zmaster587.libVulpes.inventory.TextureResources,zmaster587.libVulpes.inventory,libvulpes
src/main/java/zmaster587/advancedRocketry/item/ItemBiomeChanger.java,zmaster587.libVulpes.inventory.modules.*,zmaster587.libVulpes.inventory,libvulpes
src/main/java/zmaster587/advancedRocketry/item/ItemBiomeChanger.java,zmaster587.libVulpes.network.INetworkItem,zmaster587.libVulpes.network,libvulpes
src/main/java/zmaster587/advancedRocketry/item/ItemBiomeChanger.java,zmaster587.libVulpes.network.PacketHandler,zmaster587.libVulpes.network,libvulpes
src/main/java/zmaster587/advancedRocketry/item/ItemBiomeChanger.java,zmaster587.libVulpes.network.PacketItemModifcation,zmaster587.libVulpes.network,libvulpes
src/main/java/zmaster587/advancedRocketry/item/ItemBlockCrystal.java,javax.annotation.Nonnull,javax.annotation.Nonnull,jdk
src/main/java/zmaster587/advancedRocketry/item/ItemBlockCrystal.java,net.minecraft.block.Block,net.minecraft.block,minecraft
src/main/java/zmaster587/advancedRocketry/item/ItemBlockCrystal.java,net.minecraft.item.ItemStack,net.minecraft.item,minecraft
src/main/java/zmaster587/advancedRocketry/item/ItemBlockCrystal.java,zmaster587.libVulpes.block.INamedMetaBlock,zmaster587.libVulpes.block,libvulpes
src/main/java/zmaster587/advancedRocketry/item/ItemBlockCrystal.java,zmaster587.libVulpes.items.ItemBlockMeta,zmaster587.libVulpes.items,libvulpes
src/main/java/zmaster587/advancedRocketry/item/ItemBlockFluidTank.java,java.util.List,java.util.List,jdk
src/main/java/zmaster587/advancedRocketry/item/ItemBlockFluidTank.java,javax.annotation.Nonnull,javax.annotation.Nonnull,jdk
src/main/java/zmaster587/advancedRocketry/item/ItemBlockFluidTank.java,javax.annotation.Nullable,javax.annotation.Nullable,jdk
src/main/java/zmaster587/advancedRocketry/item/ItemBlockFluidTank.java,javax.annotation.ParametersAreNonnullByDefault,javax.annotation.ParametersAreNonnullByDefault,jdk
src/main/java/zmaster587/advancedRocketry/item/ItemBlockFluidTank.java,net.minecraft.block.Block,net.minecraft.block,minecraft
src/main/java/zmaster587/advancedRocketry/item/ItemBlockFluidTank.java,net.minecraft.block.state.IBlockState,net.minecraft.block,minecraft
src/main/java/zmaster587/advancedRocketry/item/ItemBlockFluidTank.java,net.minecraft.client.util.ITooltipFlag,net.minecraft.client,client_api
src/main/java/zmaster587/advancedRocketry/item/ItemBlockFluidTank.java,net.minecraft.entity.player.EntityPlayer,net.minecraft.entity,minecraft
src/main/java/zmaster587/advancedRocketry/item/ItemBlockFluidTank.java,net.minecraft.item.ItemBlock,net.minecraft.item,minecraft
src/main/java/zmaster587/advancedRocketry/item/ItemBlockFluidTank.java,net.minecraft.item.ItemStack,net.minecraft.item,minecraft
src/main/java/zmaster587/advancedRocketry/item/ItemBlockFluidTank.java,net.minecraft.nbt.NBTTagCompound,net.minecraft.nbt,minecraft
src/main/java/zmaster587/advancedRocketry/item/ItemBlockFluidTank.java,net.minecraft.tileentity.TileEntity,net.minecraft.tileentity,minecraft
src/main/java/zmaster587/advancedRocketry/item/ItemBlockFluidTank.java,net.minecraft.util.EnumFacing,net.minecraft.util,minecraft
src/main/java/zmaster587/advancedRocketry/item/ItemBlockFluidTank.java,net.minecraft.util.math.BlockPos,net.minecraft.util,minecraft
src/main/java/zmaster587/advancedRocketry/item/ItemBlockFluidTank.java,net.minecraft.world.World,net.minecraft.world,minecraft
src/main/java/zmaster587/advancedRocketry/item/ItemBlockFluidTank.java,net.minecraftforge.fluids.FluidStack,net.minecraftforge.fluids,minecraft
src/main/java/zmaster587/advancedRocketry/item/ItemBlockFluidTank.java,net.minecraftforge.fluids.FluidTank,net.minecraftforge.fluids,minecraft
src/main/java/zmaster587/advancedRocketry/item/ItemBlockFluidTank.java,net.minecraftforge.fluids.capability.CapabilityFluidHandler,net.minecraftforge.fluids,minecraft
src/main/java/zmaster587/advancedRocketry/item/ItemBlockFluidTank.java,net.minecraftforge.fluids.capability.IFluidHandler,net.minecraftforge.fluids,minecraft
src/main/java/zmaster587/advancedRocketry/item/ItemBlockFluidTank.java,zmaster587.advancedRocketry.tile.TileFluidTank,zmaster587.advancedRocketry.tile,upstream_internal
src/main/java/zmaster587/advancedRocketry/item/ItemData.java,java.util.List,java.util.List,jdk
src/main/java/zmaster587/advancedRocketry/item/ItemData.java,javax.annotation.Nonnull,javax.annotation.Nonnull,jdk
src/main/java/zmaster587/advancedRocketry/item/ItemData.java,net.minecraft.client.resources.I18n,net.minecraft.client,client_api
src/main/java/zmaster587/advancedRocketry/item/ItemData.java,net.minecraft.client.util.ITooltipFlag,net.minecraft.client,client_api
src/main/java/zmaster587/advancedRocketry/item/ItemData.java,net.minecraft.item.ItemStack,net.minecraft.item,minecraft
src/main/java/zmaster587/advancedRocketry/item/ItemData.java,net.minecraft.nbt.NBTTagCompound,net.minecraft.nbt,minecraft
src/main/java/zmaster587/advancedRocketry/item/ItemData.java,net.minecraft.world.World,net.minecraft.world,minecraft
src/main/java/zmaster587/advancedRocketry/item/ItemData.java,net.minecraftforge.fml.relauncher.Side,net.minecraftforge.fml,minecraft
src/main/java/zmaster587/advancedRocketry/item/ItemData.java,net.minecraftforge.fml.relauncher.SideOnly,net.minecraftforge.fml,minecraft
src/main/java/zmaster587/advancedRocketry/item/ItemData.java,zmaster587.advancedRocketry.api.DataStorage,zmaster587.advancedRocketry.api,upstream_internal
src/main/java/zmaster587/advancedRocketry/item/ItemData.java,zmaster587.libVulpes.items.ItemIngredient,zmaster587.libVulpes.items,libvulpes
src/main/java/zmaster587/advancedRocketry/item/ItemHovercraft.java,java.util.List,java.util.List,jdk
src/main/java/zmaster587/advancedRocketry/item/ItemHovercraft.java,javax.annotation.Nonnull,javax.annotation.Nonnull,jdk
src/main/java/zmaster587/advancedRocketry/item/ItemHovercraft.java,javax.annotation.ParametersAreNonnullByDefault,javax.annotation.ParametersAreNonnullByDefault,jdk
src/main/java/zmaster587/advancedRocketry/item/ItemHovercraft.java,net.minecraft.block.Block,net.minecraft.block,minecraft
src/main/java/zmaster587/advancedRocketry/item/ItemHovercraft.java,net.minecraft.client.util.ITooltipFlag,net.minecraft.client,client_api
src/main/java/zmaster587/advancedRocketry/item/ItemHovercraft.java,net.minecraft.entity.Entity,net.minecraft.entity,minecraft
src/main/java/zmaster587/advancedRocketry/item/ItemHovercraft.java,net.minecraft.entity.player.EntityPlayer,net.minecraft.entity,minecraft
src/main/java/zmaster587/advancedRocketry/item/ItemHovercraft.java,net.minecraft.init.Blocks,net.minecraft.init,minecraft
src/main/java/zmaster587/advancedRocketry/item/ItemHovercraft.java,net.minecraft.item.Item,net.minecraft.item,minecraft
src/main/java/zmaster587/advancedRocketry/item/ItemHovercraft.java,net.minecraft.item.ItemStack,net.minecraft.item,minecraft
src/main/java/zmaster587/advancedRocketry/item/ItemHovercraft.java,net.minecraft.stats.StatList,net.minecraft.stats,minecraft
src/main/java/zmaster587/advancedRocketry/item/ItemHovercraft.java,net.minecraft.util.ActionResult,net.minecraft.util,minecraft
src/main/java/zmaster587/advancedRocketry/item/ItemHovercraft.java,net.minecraft.util.EnumActionResult,net.minecraft.util,minecraft
src/main/java/zmaster587/advancedRocketry/item/ItemHovercraft.java,net.minecraft.util.EnumHand,net.minecraft.util,minecraft
src/main/java/zmaster587/advancedRocketry/item/ItemHovercraft.java,net.minecraft.util.math.AxisAlignedBB,net.minecraft.util,minecraft
src/main/java/zmaster587/advancedRocketry/item/ItemHovercraft.java,net.minecraft.util.math.MathHelper,net.minecraft.util,minecraft
src/main/java/zmaster587/advancedRocketry/item/ItemHovercraft.java,net.minecraft.util.math.RayTraceResult,net.minecraft.util,minecraft
src/main/java/zmaster587/advancedRocketry/item/ItemHovercraft.java,net.minecraft.util.math.Vec3d,net.minecraft.util,minecraft
src/main/java/zmaster587/advancedRocketry/item/ItemHovercraft.java,net.minecraft.world.World,net.minecraft.world,minecraft
src/main/java/zmaster587/advancedRocketry/item/ItemHovercraft.java,zmaster587.advancedRocketry.entity.EntityHoverCraft,zmaster587.advancedRocketry.entity,upstream_internal
src/main/java/zmaster587/advancedRocketry/item/ItemHovercraft.java,zmaster587.libVulpes.LibVulpes,zmaster587.libVulpes.LibVulpes,libvulpes
src/main/java/zmaster587/advancedRocketry/item/ItemIdWithName.java,com.mojang.realmsclient.gui.ChatFormatting,com.mojang.realmsclient,third_party
src/main/java/zmaster587/advancedRocketry/item/ItemIdWithName.java,java.util.List,java.util.List,jdk
src/main/java/zmaster587/advancedRocketry/item/ItemIdWithName.java,javax.annotation.Nonnull,javax.annotation.Nonnull,jdk
src/main/java/zmaster587/advancedRocketry/item/ItemIdWithName.java,net.minecraft.client.util.ITooltipFlag,net.minecraft.client,client_api
src/main/java/zmaster587/advancedRocketry/item/ItemIdWithName.java,net.minecraft.item.Item,net.minecraft.item,minecraft
src/main/java/zmaster587/advancedRocketry/item/ItemIdWithName.java,net.minecraft.item.ItemStack,net.minecraft.item,minecraft
src/main/java/zmaster587/advancedRocketry/item/ItemIdWithName.java,net.minecraft.nbt.NBTTagCompound,net.minecraft.nbt,minecraft
src/main/java/zmaster587/advancedRocketry/item/ItemIdWithName.java,net.minecraft.world.World,net.minecraft.world,minecraft
src/main/java/zmaster587/advancedRocketry/item/ItemIdWithName.java,net.minecraftforge.fml.relauncher.Side,net.minecraftforge.fml,minecraft
src/main/java/zmaster587/advancedRocketry/item/ItemIdWithName.java,net.minecraftforge.fml.relauncher.SideOnly,net.minecraftforge.fml,minecraft
src/main/java/zmaster587/advancedRocketry/item/ItemJackHammer.java,com.google.common.collect.Sets,com.google.common,third_party
src/main/java/zmaster587/advancedRocketry/item/ItemJackHammer.java,java.util.Set,java.util.Set,jdk
src/main/java/zmaster587/advancedRocketry/item/ItemJackHammer.java,javax.annotation.Nonnull,javax.annotation.Nonnull,jdk
src/main/java/zmaster587/advancedRocketry/item/ItemJackHammer.java,javax.annotation.ParametersAreNonnullByDefault,javax.annotation.ParametersAreNonnullByDefault,jdk
src/main/java/zmaster587/advancedRocketry/item/ItemJackHammer.java,net.minecraft.block.Block,net.minecraft.block,minecraft
src/main/java/zmaster587/advancedRocketry/item/ItemJackHammer.java,net.minecraft.block.material.Material,net.minecraft.block,minecraft
src/main/java/zmaster587/advancedRocketry/item/ItemJackHammer.java,net.minecraft.block.state.IBlockState,net.minecraft.block,minecraft
src/main/java/zmaster587/advancedRocketry/item/ItemJackHammer.java,net.minecraft.init.Blocks,net.minecraft.init,minecraft
src/main/java/zmaster587/advancedRocketry/item/ItemJackHammer.java,net.minecraft.item.ItemStack,net.minecraft.item,minecraft
src/main/java/zmaster587/advancedRocketry/item/ItemJackHammer.java,net.minecraft.item.ItemTool,net.minecraft.item,minecraft
src/main/java/zmaster587/advancedRocketry/item/ItemJackHammer.java,net.minecraftforge.oredict.OreDictionary,net.minecraftforge.oredict,minecraft
src/main/java/zmaster587/advancedRocketry/item/ItemJackHammer.java,zmaster587.advancedRocketry.api.MaterialGeode,zmaster587.advancedRocketry.api,upstream_internal
src/main/java/zmaster587/advancedRocketry/item/ItemMultiData.java,java.util.List,java.util.List,jdk
src/main/java/zmaster587/advancedRocketry/item/ItemMultiData.java,javax.annotation.Nonnull,javax.annotation.Nonnull,jdk
src/main/java/zmaster587/advancedRocketry/item/ItemMultiData.java,net.minecraft.client.resources.I18n,net.minecraft.client,client_api
src/main/java/zmaster587/advancedRocketry/item/ItemMultiData.java,net.minecraft.client.util.ITooltipFlag,net.minecraft.client,client_api
src/main/java/zmaster587/advancedRocketry/item/ItemMultiData.java,net.minecraft.item.Item,net.minecraft.item,minecraft
src/main/java/zmaster587/advancedRocketry/item/ItemMultiData.java,net.minecraft.item.ItemStack,net.minecraft.item,minecraft
src/main/java/zmaster587/advancedRocketry/item/ItemMultiData.java,net.minecraft.nbt.NBTTagCompound,net.minecraft.nbt,minecraft
src/main/java/zmaster587/advancedRocketry/item/ItemMultiData.java,net.minecraft.util.EnumFacing,net.minecraft.util,minecraft
src/main/java/zmaster587/advancedRocketry/item/ItemMultiData.java,net.minecraft.world.World,net.minecraft.world,minecraft
src/main/java/zmaster587/advancedRocketry/item/ItemMultiData.java,net.minecraftforge.fml.relauncher.Side,net.minecraftforge.fml,minecraft
src/main/java/zmaster587/advancedRocketry/item/ItemMultiData.java,net.minecraftforge.fml.relauncher.SideOnly,net.minecraftforge.fml,minecraft
src/main/java/zmaster587/advancedRocketry/item/ItemMultiData.java,zmaster587.advancedRocketry.api.DataStorage,zmaster587.advancedRocketry.api,upstream_internal
src/main/java/zmaster587/advancedRocketry/item/ItemMultiData.java,zmaster587.advancedRocketry.world.util.MultiData,zmaster587.advancedRocketry.world,upstream_internal
src/main/java/zmaster587/advancedRocketry/item/ItemOreScanner.java,java.util.LinkedList,java.util.LinkedList,jdk
src/main/java/zmaster587/advancedRocketry/item/ItemOreScanner.java,java.util.List,java.util.List,jdk
src/main/java/zmaster587/advancedRocketry/item/ItemOreScanner.java,javax.annotation.Nonnull,javax.annotation.Nonnull,jdk
src/main/java/zmaster587/advancedRocketry/item/ItemOreScanner.java,javax.annotation.ParametersAreNonnullByDefault,javax.annotation.ParametersAreNonnullByDefault,jdk
src/main/java/zmaster587/advancedRocketry/item/ItemOreScanner.java,net.minecraft.client.util.ITooltipFlag,net.minecraft.client,client_api
src/main/java/zmaster587/advancedRocketry/item/ItemOreScanner.java,net.minecraft.entity.player.EntityPlayer,net.minecraft.entity,minecraft
src/main/java/zmaster587/advancedRocketry/item/ItemOreScanner.java,net.minecraft.item.Item,net.minecraft.item,minecraft
src/main/java/zmaster587/advancedRocketry/item/ItemOreScanner.java,net.minecraft.item.ItemStack,net.minecraft.item,minecraft
src/main/java/zmaster587/advancedRocketry/item/ItemOreScanner.java,net.minecraft.nbt.NBTTagCompound,net.minecraft.nbt,minecraft
src/main/java/zmaster587/advancedRocketry/item/ItemOreScanner.java,net.minecraft.util.ActionResult,net.minecraft.util,minecraft
src/main/java/zmaster587/advancedRocketry/item/ItemOreScanner.java,net.minecraft.util.EnumActionResult,net.minecraft.util,minecraft
src/main/java/zmaster587/advancedRocketry/item/ItemOreScanner.java,net.minecraft.util.EnumFacing,net.minecraft.util,minecraft
src/main/java/zmaster587/advancedRocketry/item/ItemOreScanner.java,net.minecraft.util.EnumHand,net.minecraft.util,minecraft
src/main/java/zmaster587/advancedRocketry/item/ItemOreScanner.java,net.minecraft.util.math.BlockPos,net.minecraft.util,minecraft
src/main/java/zmaster587/advancedRocketry/item/ItemOreScanner.java,net.minecraft.world.World,net.minecraft.world,minecraft
src/main/java/zmaster587/advancedRocketry/item/ItemOreScanner.java,zmaster587.advancedRocketry.AdvancedRocketry,zmaster587.advancedRocketry.AdvancedRocketry,upstream_internal
src/main/java/zmaster587/advancedRocketry/item/ItemOreScanner.java,zmaster587.advancedRocketry.api.satellite.SatelliteBase,zmaster587.advancedRocketry.api,upstream_internal
src/main/java/zmaster587/advancedRocketry/item/ItemOreScanner.java,zmaster587.advancedRocketry.dimension.DimensionManager,zmaster587.advancedRocketry.dimension,upstream_internal
src/main/java/zmaster587/advancedRocketry/item/ItemOreScanner.java,zmaster587.advancedRocketry.inventory.GuiHandler,zmaster587.advancedRocketry.inventory,upstream_internal
src/main/java/zmaster587/advancedRocketry/item/ItemOreScanner.java,zmaster587.advancedRocketry.satellite.SatelliteOreMapping,zmaster587.advancedRocketry.satellite,upstream_internal
src/main/java/zmaster587/advancedRocketry/item/ItemOreScanner.java,zmaster587.libVulpes.LibVulpes,zmaster587.libVulpes.LibVulpes,libvulpes
src/main/java/zmaster587/advancedRocketry/item/ItemOreScanner.java,zmaster587.libVulpes.inventory.modules.IModularInventory,zmaster587.libVulpes.inventory,libvulpes
src/main/java/zmaster587/advancedRocketry/item/ItemOreScanner.java,zmaster587.libVulpes.inventory.modules.ModuleBase,zmaster587.libVulpes.inventory,libvulpes
src/main/java/zmaster587/advancedRocketry/item/ItemPackedStructure.java,javax.annotation.Nonnull,javax.annotation.Nonnull,jdk
src/main/java/zmaster587/advancedRocketry/item/ItemPackedStructure.java,net.minecraft.item.Item,net.minecraft.item,minecraft
src/main/java/zmaster587/advancedRocketry/item/ItemPackedStructure.java,net.minecraft.item.ItemStack,net.minecraft.item,minecraft
src/main/java/zmaster587/advancedRocketry/item/ItemPackedStructure.java,net.minecraft.nbt.NBTTagCompound,net.minecraft.nbt,minecraft
src/main/java/zmaster587/advancedRocketry/item/ItemPackedStructure.java,zmaster587.advancedRocketry.util.StorageChunk,zmaster587.advancedRocketry.util,upstream_internal
src/main/java/zmaster587/advancedRocketry/item/ItemPlanetIdentificationChip.java,com.mojang.realmsclient.gui.ChatFormatting,com.mojang.realmsclient,third_party
src/main/java/zmaster587/advancedRocketry/item/ItemPlanetIdentificationChip.java,java.util.List,java.util.List,jdk
src/main/java/zmaster587/advancedRocketry/item/ItemPlanetIdentificationChip.java,javax.annotation.Nonnull,javax.annotation.Nonnull,jdk
src/main/java/zmaster587/advancedRocketry/item/ItemPlanetIdentificationChip.java,net.minecraft.client.util.ITooltipFlag,net.minecraft.client,client_api
src/main/java/zmaster587/advancedRocketry/item/ItemPlanetIdentificationChip.java,net.minecraft.item.ItemStack,net.minecraft.item,minecraft
src/main/java/zmaster587/advancedRocketry/item/ItemPlanetIdentificationChip.java,net.minecraft.nbt.NBTTagCompound,net.minecraft.nbt,minecraft
src/main/java/zmaster587/advancedRocketry/item/ItemPlanetIdentificationChip.java,net.minecraft.world.World,net.minecraft.world,minecraft
src/main/java/zmaster587/advancedRocketry/item/ItemPlanetIdentificationChip.java,zmaster587.advancedRocketry.api.Constants,zmaster587.advancedRocketry.api,upstream_internal
src/main/java/zmaster587/advancedRocketry/item/ItemPlanetIdentificationChip.java,zmaster587.advancedRocketry.dimension.DimensionManager,zmaster587.advancedRocketry.dimension,upstream_internal
src/main/java/zmaster587/advancedRocketry/item/ItemPlanetIdentificationChip.java,zmaster587.advancedRocketry.dimension.DimensionProperties,zmaster587.advancedRocketry.dimension,upstream_internal
src/main/java/zmaster587/advancedRocketry/item/ItemPlanetIdentificationChip.java,zmaster587.libVulpes.LibVulpes,zmaster587.libVulpes.LibVulpes,libvulpes
src/main/java/zmaster587/advancedRocketry/item/ItemSatellite.java,com.mojang.realmsclient.gui.ChatFormatting,com.mojang.realmsclient,third_party
src/main/java/zmaster587/advancedRocketry/item/ItemSatellite.java,java.util.List,java.util.List,jdk
src/main/java/zmaster587/advancedRocketry/item/ItemSatellite.java,javax.annotation.Nonnull,javax.annotation.Nonnull,jdk
src/main/java/zmaster587/advancedRocketry/item/ItemSatellite.java,net.minecraft.client.util.ITooltipFlag,net.minecraft.client,client_api
src/main/java/zmaster587/advancedRocketry/item/ItemSatellite.java,net.minecraft.item.ItemStack,net.minecraft.item,minecraft
src/main/java/zmaster587/advancedRocketry/item/ItemSatellite.java,net.minecraft.nbt.NBTTagCompound,net.minecraft.nbt,minecraft
src/main/java/zmaster587/advancedRocketry/item/ItemSatellite.java,net.minecraft.world.World,net.minecraft.world,minecraft
src/main/java/zmaster587/advancedRocketry/item/ItemSatellite.java,zmaster587.advancedRocketry.api.SatelliteRegistry,zmaster587.advancedRocketry.api,upstream_internal
src/main/java/zmaster587/advancedRocketry/item/ItemSatellite.java,zmaster587.advancedRocketry.api.satellite.SatelliteBase,zmaster587.advancedRocketry.api,upstream_internal
src/main/java/zmaster587/advancedRocketry/item/ItemSatellite.java,zmaster587.advancedRocketry.api.satellite.SatelliteProperties,zmaster587.advancedRocketry.api,upstream_internal
src/main/java/zmaster587/advancedRocketry/item/ItemSatellite.java,zmaster587.advancedRocketry.dimension.DimensionManager,zmaster587.advancedRocketry.dimension,upstream_internal
src/main/java/zmaster587/advancedRocketry/item/ItemSatellite.java,zmaster587.libVulpes.LibVulpes,zmaster587.libVulpes.LibVulpes,libvulpes
src/main/java/zmaster587/advancedRocketry/item/ItemSatellite.java,zmaster587.libVulpes.util.EmbeddedInventory,zmaster587.libVulpes.util,libvulpes
src/main/java/zmaster587/advancedRocketry/item/ItemSatellite.java,zmaster587.libVulpes.util.ZUtils,zmaster587.libVulpes.util,libvulpes
src/main/java/zmaster587/advancedRocketry/item/ItemSatelliteIdentificationChip.java,java.util.List,java.util.List,jdk
src/main/java/zmaster587/advancedRocketry/item/ItemSatelliteIdentificationChip.java,javax.annotation.Nonnull,javax.annotation.Nonnull,jdk
src/main/java/zmaster587/advancedRocketry/item/ItemSatelliteIdentificationChip.java,net.minecraft.client.util.ITooltipFlag,net.minecraft.client,client_api
src/main/java/zmaster587/advancedRocketry/item/ItemSatelliteIdentificationChip.java,net.minecraft.item.Item,net.minecraft.item,minecraft
src/main/java/zmaster587/advancedRocketry/item/ItemSatelliteIdentificationChip.java,net.minecraft.item.ItemStack,net.minecraft.item,minecraft
src/main/java/zmaster587/advancedRocketry/item/ItemSatelliteIdentificationChip.java,net.minecraft.nbt.NBTTagCompound,net.minecraft.nbt,minecraft
src/main/java/zmaster587/advancedRocketry/item/ItemSatelliteIdentificationChip.java,net.minecraft.world.World,net.minecraft.world,minecraft
src/main/java/zmaster587/advancedRocketry/item/ItemSatelliteIdentificationChip.java,zmaster587.advancedRocketry.api.Constants,zmaster587.advancedRocketry.api,upstream_internal
src/main/java/zmaster587/advancedRocketry/item/ItemSatelliteIdentificationChip.java,zmaster587.advancedRocketry.api.ISatelliteIdItem,zmaster587.advancedRocketry.api,upstream_internal
src/main/java/zmaster587/advancedRocketry/item/ItemSatelliteIdentificationChip.java,zmaster587.advancedRocketry.api.SatelliteRegistry,zmaster587.advancedRocketry.api,upstream_internal
src/main/java/zmaster587/advancedRocketry/item/ItemSatelliteIdentificationChip.java,zmaster587.advancedRocketry.api.satellite.SatelliteBase,zmaster587.advancedRocketry.api,upstream_internal
src/main/java/zmaster587/advancedRocketry/item/ItemSatelliteIdentificationChip.java,zmaster587.advancedRocketry.api.satellite.SatelliteProperties,zmaster587.advancedRocketry.api,upstream_internal
src/main/java/zmaster587/advancedRocketry/item/ItemSatelliteIdentificationChip.java,zmaster587.libVulpes.LibVulpes,zmaster587.libVulpes.LibVulpes,libvulpes
src/main/java/zmaster587/advancedRocketry/item/ItemSealDetector.java,net.minecraft.block.material.Material,net.minecraft.block,minecraft
src/main/java/zmaster587/advancedRocketry/item/ItemSealDetector.java,net.minecraft.block.state.IBlockState,net.minecraft.block,minecraft
src/main/java/zmaster587/advancedRocketry/item/ItemSealDetector.java,net.minecraft.entity.player.EntityPlayer,net.minecraft.entity,minecraft
src/main/java/zmaster587/advancedRocketry/item/ItemSealDetector.java,net.minecraft.item.Item,net.minecraft.item,minecraft
src/main/java/zmaster587/advancedRocketry/item/ItemSealDetector.java,net.minecraft.item.ItemStack,net.minecraft.item,minecraft
src/main/java/zmaster587/advancedRocketry/item/ItemSealDetector.java,net.minecraft.util.ActionResult,net.minecraft.util,minecraft
src/main/java/zmaster587/advancedRocketry/item/ItemSealDetector.java,net.minecraft.util.EnumActionResult,net.minecraft.util,minecraft
src/main/java/zmaster587/advancedRocketry/item/ItemSealDetector.java,net.minecraft.util.EnumFacing,net.minecraft.util,minecraft
src/main/java/zmaster587/advancedRocketry/item/ItemSealDetector.java,net.minecraft.util.EnumHand,net.minecraft.util,minecraft
src/main/java/zmaster587/advancedRocketry/item/ItemSealDetector.java,net.minecraft.util.math.BlockPos,net.minecraft.util,minecraft
src/main/java/zmaster587/advancedRocketry/item/ItemSealDetector.java,net.minecraft.util.text.TextComponentTranslation,net.minecraft.util,minecraft
src/main/java/zmaster587/advancedRocketry/item/ItemSealDetector.java,net.minecraft.world.World,net.minecraft.world,minecraft
src/main/java/zmaster587/advancedRocketry/item/ItemSealDetector.java,net.minecraftforge.fluids.IFluidBlock,net.minecraftforge.fluids,minecraft
src/main/java/zmaster587/advancedRocketry/item/ItemSealDetector.java,zmaster587.advancedRocketry.util.SealableBlockHandler,zmaster587.advancedRocketry.util,upstream_internal
src/main/java/zmaster587/advancedRocketry/item/ItemSpaceElevatorChip.java,java.util.List,java.util.List,jdk
src/main/java/zmaster587/advancedRocketry/item/ItemSpaceElevatorChip.java,javax.annotation.Nonnull,javax.annotation.Nonnull,jdk
src/main/java/zmaster587/advancedRocketry/item/ItemSpaceElevatorChip.java,net.minecraft.client.util.ITooltipFlag,net.minecraft.client,client_api
src/main/java/zmaster587/advancedRocketry/item/ItemSpaceElevatorChip.java,net.minecraft.item.Item,net.minecraft.item,minecraft
src/main/java/zmaster587/advancedRocketry/item/ItemSpaceElevatorChip.java,net.minecraft.item.ItemStack,net.minecraft.item,minecraft
src/main/java/zmaster587/advancedRocketry/item/ItemSpaceElevatorChip.java,net.minecraft.nbt.NBTTagCompound,net.minecraft.nbt,minecraft
src/main/java/zmaster587/advancedRocketry/item/ItemSpaceElevatorChip.java,net.minecraft.world.World,net.minecraft.world,minecraft
src/main/java/zmaster587/advancedRocketry/item/ItemSpaceElevatorChip.java,zmaster587.advancedRocketry.util.DimensionBlockPosition,zmaster587.advancedRocketry.util,upstream_internal
src/main/java/zmaster587/advancedRocketry/item/ItemSpaceElevatorChip.java,zmaster587.advancedRocketry.util.NBTStorableListList,zmaster587.advancedRocketry.util,upstream_internal
src/main/java/zmaster587/advancedRocketry/item/ItemSpaceElevatorChip.java,zmaster587.libVulpes.LibVulpes,zmaster587.libVulpes.LibVulpes,libvulpes
src/main/java/zmaster587/advancedRocketry/item/ItemStationChip.java,com.mojang.realmsclient.gui.ChatFormatting,com.mojang.realmsclient,third_party
src/main/java/zmaster587/advancedRocketry/item/ItemStationChip.java,io.netty.buffer.ByteBuf,io.netty.buffer,third_party
src/main/java/zmaster587/advancedRocketry/item/ItemStationChip.java,java.util.LinkedList,java.util.LinkedList,jdk
src/main/java/zmaster587/advancedRocketry/item/ItemStationChip.java,java.util.List,java.util.List,jdk
src/main/java/zmaster587/advancedRocketry/item/ItemStationChip.java,javax.annotation.Nonnull,javax.annotation.Nonnull,jdk
src/main/java/zmaster587/advancedRocketry/item/ItemStationChip.java,javax.annotation.ParametersAreNonnullByDefault,javax.annotation.ParametersAreNonnullByDefault,jdk
src/main/java/zmaster587/advancedRocketry/item/ItemStationChip.java,javax.naming.directory.NoSuchAttributeException,javax.naming.directory,jdk
src/main/java/zmaster587/advancedRocketry/item/ItemStationChip.java,net.minecraft.client.Minecraft,net.minecraft.client,client_api
src/main/java/zmaster587/advancedRocketry/item/ItemStationChip.java,net.minecraft.client.util.ITooltipFlag,net.minecraft.client,client_api
src/main/java/zmaster587/advancedRocketry/item/ItemStationChip.java,net.minecraft.entity.Entity,net.minecraft.entity,minecraft
src/main/java/zmaster587/advancedRocketry/item/ItemStationChip.java,net.minecraft.entity.player.EntityPlayer,net.minecraft.entity,minecraft
src/main/java/zmaster587/advancedRocketry/item/ItemStationChip.java,net.minecraft.item.ItemStack,net.minecraft.item,minecraft
src/main/java/zmaster587/advancedRocketry/item/ItemStationChip.java,net.minecraft.nbt.NBTBase,net.minecraft.nbt,minecraft
src/main/java/zmaster587/advancedRocketry/item/ItemStationChip.java,net.minecraft.nbt.NBTTagCompound,net.minecraft.nbt,minecraft
src/main/java/zmaster587/advancedRocketry/item/ItemStationChip.java,net.minecraft.nbt.NBTTagList,net.minecraft.nbt,minecraft
src/main/java/zmaster587/advancedRocketry/item/ItemStationChip.java,net.minecraft.util.ActionResult,net.minecraft.util,minecraft
src/main/java/zmaster587/advancedRocketry/item/ItemStationChip.java,net.minecraft.util.EnumHand,net.minecraft.util,minecraft
src/main/java/zmaster587/advancedRocketry/item/ItemStationChip.java,net.minecraft.util.math.BlockPos,net.minecraft.util,minecraft
src/main/java/zmaster587/advancedRocketry/item/ItemStationChip.java,net.minecraft.world.World,net.minecraft.world,minecraft
src/main/java/zmaster587/advancedRocketry/item/ItemStationChip.java,net.minecraftforge.common.util.Constants.NBT,net.minecraftforge.common,minecraft
src/main/java/zmaster587/advancedRocketry/item/ItemStationChip.java,net.minecraftforge.fml.relauncher.Side,net.minecraftforge.fml,minecraft
src/main/java/zmaster587/advancedRocketry/item/ItemStationChip.java,net.minecraftforge.fml.relauncher.SideOnly,net.minecraftforge.fml,minecraft
src/main/java/zmaster587/advancedRocketry/item/ItemStationChip.java,zmaster587.advancedRocketry.AdvancedRocketry,zmaster587.advancedRocketry.AdvancedRocketry,upstream_internal
src/main/java/zmaster587/advancedRocketry/item/ItemStationChip.java,zmaster587.advancedRocketry.api.ARConfiguration,zmaster587.advancedRocketry.api,upstream_internal
src/main/java/zmaster587/advancedRocketry/item/ItemStationChip.java,zmaster587.advancedRocketry.api.stations.ISpaceObject,zmaster587.advancedRocketry.api,upstream_internal
src/main/java/zmaster587/advancedRocketry/item/ItemStationChip.java,zmaster587.advancedRocketry.dimension.DimensionManager,zmaster587.advancedRocketry.dimension,upstream_internal
src/main/java/zmaster587/advancedRocketry/item/ItemStationChip.java,zmaster587.advancedRocketry.inventory.modules.ModuleStellarBackground,zmaster587.advancedRocketry.inventory,upstream_internal
src/main/java/zmaster587/advancedRocketry/item/ItemStationChip.java,zmaster587.advancedRocketry.stations.SpaceObjectManager,zmaster587.advancedRocketry.stations,upstream_internal
src/main/java/zmaster587/advancedRocketry/item/ItemStationChip.java,zmaster587.libVulpes.LibVulpes,zmaster587.libVulpes.LibVulpes,libvulpes
src/main/java/zmaster587/advancedRocketry/item/ItemStationChip.java,zmaster587.libVulpes.inventory.GuiHandler,zmaster587.libVulpes.inventory,libvulpes
src/main/java/zmaster587/advancedRocketry/item/ItemStationChip.java,zmaster587.libVulpes.inventory.modules.*,zmaster587.libVulpes.inventory,libvulpes
src/main/java/zmaster587/advancedRocketry/item/ItemStationChip.java,zmaster587.libVulpes.network.INetworkItem,zmaster587.libVulpes.network,libvulpes
src/main/java/zmaster587/advancedRocketry/item/ItemStationChip.java,zmaster587.libVulpes.network.PacketHandler,zmaster587.libVulpes.network,libvulpes
src/main/java/zmaster587/advancedRocketry/item/ItemStationChip.java,zmaster587.libVulpes.network.PacketItemModifcation,zmaster587.libVulpes.network,libvulpes
src/main/java/zmaster587/advancedRocketry/item/ItemStationChip.java,zmaster587.libVulpes.util.Vector3F,zmaster587.libVulpes.util,libvulpes
src/main/java/zmaster587/advancedRocketry/item/ItemThermite.java,javax.annotation.Nonnull,javax.annotation.Nonnull,jdk
src/main/java/zmaster587/advancedRocketry/item/ItemThermite.java,net.minecraft.item.Item,net.minecraft.item,minecraft
src/main/java/zmaster587/advancedRocketry/item/ItemThermite.java,net.minecraft.item.ItemStack,net.minecraft.item,minecraft
src/main/java/zmaster587/advancedRocketry/item/components/ItemJetpack.java,java.util.List,java.util.List,jdk
src/main/java/zmaster587/advancedRocketry/item/components/ItemJetpack.java,javax.annotation.Nonnull,javax.annotation.Nonnull,jdk
src/main/java/zmaster587/advancedRocketry/item/components/ItemJetpack.java,net.minecraft.client.Minecraft,net.minecraft.client,client_api
src/main/java/zmaster587/advancedRocketry/item/components/ItemJetpack.java,net.minecraft.client.gui.Gui,net.minecraft.client,client_api
src/main/java/zmaster587/advancedRocketry/item/components/ItemJetpack.java,net.minecraft.entity.EntityLivingBase,net.minecraft.entity,minecraft
src/main/java/zmaster587/advancedRocketry/item/components/ItemJetpack.java,net.minecraft.entity.player.EntityPlayer,net.minecraft.entity,minecraft
src/main/java/zmaster587/advancedRocketry/item/components/ItemJetpack.java,net.minecraft.inventory.EntityEquipmentSlot,net.minecraft.inventory,minecraft
src/main/java/zmaster587/advancedRocketry/item/components/ItemJetpack.java,net.minecraft.inventory.IInventory,net.minecraft.inventory,minecraft
src/main/java/zmaster587/advancedRocketry/item/components/ItemJetpack.java,net.minecraft.item.Item,net.minecraft.item,minecraft
src/main/java/zmaster587/advancedRocketry/item/components/ItemJetpack.java,net.minecraft.item.ItemStack,net.minecraft.item,minecraft
src/main/java/zmaster587/advancedRocketry/item/components/ItemJetpack.java,net.minecraft.nbt.NBTTagCompound,net.minecraft.nbt,minecraft
src/main/java/zmaster587/advancedRocketry/item/components/ItemJetpack.java,net.minecraft.util.DamageSource,net.minecraft.util,minecraft
src/main/java/zmaster587/advancedRocketry/item/components/ItemJetpack.java,net.minecraft.util.ResourceLocation,net.minecraft.util,minecraft
src/main/java/zmaster587/advancedRocketry/item/components/ItemJetpack.java,net.minecraft.util.math.MathHelper,net.minecraft.util,minecraft
src/main/java/zmaster587/advancedRocketry/item/components/ItemJetpack.java,net.minecraft.world.World,net.minecraft.world,minecraft
src/main/java/zmaster587/advancedRocketry/item/components/ItemJetpack.java,net.minecraftforge.client.event.RenderGameOverlayEvent,net.minecraftforge.client,client_api
src/main/java/zmaster587/advancedRocketry/item/components/ItemJetpack.java,net.minecraftforge.fluids.FluidStack,net.minecraftforge.fluids,minecraft
src/main/java/zmaster587/advancedRocketry/item/components/ItemJetpack.java,net.minecraftforge.fml.relauncher.Side,net.minecraftforge.fml,minecraft
src/main/java/zmaster587/advancedRocketry/item/components/ItemJetpack.java,net.minecraftforge.fml.relauncher.SideOnly,net.minecraftforge.fml,minecraft
src/main/java/zmaster587/advancedRocketry/item/components/ItemJetpack.java,org.lwjgl.opengl.GL11,org.lwjgl.opengl,third_party
src/main/java/zmaster587/advancedRocketry/item/components/ItemJetpack.java,zmaster587.advancedRocketry.AdvancedRocketry,zmaster587.advancedRocketry.AdvancedRocketry,upstream_internal
src/main/java/zmaster587/advancedRocketry/item/components/ItemJetpack.java,zmaster587.advancedRocketry.api.ARConfiguration,zmaster587.advancedRocketry.api,upstream_internal
src/main/java/zmaster587/advancedRocketry/item/components/ItemJetpack.java,zmaster587.advancedRocketry.api.AdvancedRocketryFluids,zmaster587.advancedRocketry.api,upstream_internal
src/main/java/zmaster587/advancedRocketry/item/components/ItemJetpack.java,zmaster587.advancedRocketry.api.AdvancedRocketryItems,zmaster587.advancedRocketry.api,upstream_internal
src/main/java/zmaster587/advancedRocketry/item/components/ItemJetpack.java,zmaster587.advancedRocketry.event.RocketEventHandler,zmaster587.advancedRocketry.event,upstream_internal
src/main/java/zmaster587/advancedRocketry/item/components/ItemJetpack.java,zmaster587.advancedRocketry.inventory.TextureResources,zmaster587.advancedRocketry.inventory,upstream_internal
src/main/java/zmaster587/advancedRocketry/item/components/ItemJetpack.java,zmaster587.libVulpes.api.IArmorComponent,zmaster587.libVulpes.api,libvulpes
src/main/java/zmaster587/advancedRocketry/item/components/ItemJetpack.java,zmaster587.libVulpes.api.IJetPack,zmaster587.libVulpes.api,libvulpes
src/main/java/zmaster587/advancedRocketry/item/components/ItemJetpack.java,zmaster587.libVulpes.api.IModularArmor,zmaster587.libVulpes.api,libvulpes
src/main/java/zmaster587/advancedRocketry/item/components/ItemJetpack.java,zmaster587.libVulpes.client.ResourceIcon,zmaster587.libVulpes.client,libvulpes
src/main/java/zmaster587/advancedRocketry/item/components/ItemJetpack.java,zmaster587.libVulpes.util.FluidUtils,zmaster587.libVulpes.util,libvulpes
src/main/java/zmaster587/advancedRocketry/item/components/ItemJetpack.java,zmaster587.libVulpes.util.InputSyncHandler,zmaster587.libVulpes.util,libvulpes
src/main/java/zmaster587/advancedRocketry/item/components/ItemPressureTank.java,java.util.List,java.util.List,jdk
src/main/java/zmaster587/advancedRocketry/item/components/ItemPressureTank.java,javax.annotation.Nonnull,javax.annotation.Nonnull,jdk
src/main/java/zmaster587/advancedRocketry/item/components/ItemPressureTank.java,net.minecraft.client.gui.Gui,net.minecraft.client,client_api
src/main/java/zmaster587/advancedRocketry/item/components/ItemPressureTank.java,net.minecraft.client.util.ITooltipFlag,net.minecraft.client,client_api
src/main/java/zmaster587/advancedRocketry/item/components/ItemPressureTank.java,net.minecraft.entity.EntityLivingBase,net.minecraft.entity,minecraft
src/main/java/zmaster587/advancedRocketry/item/components/ItemPressureTank.java,net.minecraft.entity.player.EntityPlayer,net.minecraft.entity,minecraft
src/main/java/zmaster587/advancedRocketry/item/components/ItemPressureTank.java,net.minecraft.inventory.EntityEquipmentSlot,net.minecraft.inventory,minecraft
src/main/java/zmaster587/advancedRocketry/item/components/ItemPressureTank.java,net.minecraft.inventory.IInventory,net.minecraft.inventory,minecraft
src/main/java/zmaster587/advancedRocketry/item/components/ItemPressureTank.java,net.minecraft.item.ItemStack,net.minecraft.item,minecraft
src/main/java/zmaster587/advancedRocketry/item/components/ItemPressureTank.java,net.minecraft.nbt.NBTTagCompound,net.minecraft.nbt,minecraft
src/main/java/zmaster587/advancedRocketry/item/components/ItemPressureTank.java,net.minecraft.util.DamageSource,net.minecraft.util,minecraft
src/main/java/zmaster587/advancedRocketry/item/components/ItemPressureTank.java,net.minecraft.world.World,net.minecraft.world,minecraft
src/main/java/zmaster587/advancedRocketry/item/components/ItemPressureTank.java,net.minecraftforge.client.event.RenderGameOverlayEvent,net.minecraftforge.client,client_api
src/main/java/zmaster587/advancedRocketry/item/components/ItemPressureTank.java,net.minecraftforge.common.capabilities.ICapabilityProvider,net.minecraftforge.common,minecraft
src/main/java/zmaster587/advancedRocketry/item/components/ItemPressureTank.java,net.minecraftforge.fluids.FluidStack,net.minecraftforge.fluids,minecraft
src/main/java/zmaster587/advancedRocketry/item/components/ItemPressureTank.java,net.minecraftforge.fml.relauncher.Side,net.minecraftforge.fml,minecraft
src/main/java/zmaster587/advancedRocketry/item/components/ItemPressureTank.java,net.minecraftforge.fml.relauncher.SideOnly,net.minecraftforge.fml,minecraft
src/main/java/zmaster587/advancedRocketry/item/components/ItemPressureTank.java,zmaster587.advancedRocketry.capability.TankCapabilityItemStack,zmaster587.advancedRocketry.capability,upstream_internal
src/main/java/zmaster587/advancedRocketry/item/components/ItemPressureTank.java,zmaster587.libVulpes.LibVulpes,zmaster587.libVulpes.LibVulpes,libvulpes
src/main/java/zmaster587/advancedRocketry/item/components/ItemPressureTank.java,zmaster587.libVulpes.api.IArmorComponent,zmaster587.libVulpes.api,libvulpes
src/main/java/zmaster587/advancedRocketry/item/components/ItemPressureTank.java,zmaster587.libVulpes.client.ResourceIcon,zmaster587.libVulpes.client,libvulpes
src/main/java/zmaster587/advancedRocketry/item/components/ItemPressureTank.java,zmaster587.libVulpes.items.ItemIngredient,zmaster587.libVulpes.items,libvulpes
src/main/java/zmaster587/advancedRocketry/item/components/ItemPressureTank.java,zmaster587.libVulpes.util.FluidUtils,zmaster587.libVulpes.util,libvulpes
src/main/java/zmaster587/advancedRocketry/item/components/ItemUpgrade.java,java.lang.reflect.Field,java.lang.reflect,jdk
src/main/java/zmaster587/advancedRocketry/item/components/ItemUpgrade.java,java.util.List,java.util.List,jdk
src/main/java/zmaster587/advancedRocketry/item/components/ItemUpgrade.java,javax.annotation.Nonnull,javax.annotation.Nonnull,jdk
src/main/java/zmaster587/advancedRocketry/item/components/ItemUpgrade.java,net.minecraft.client.gui.Gui,net.minecraft.client,client_api
src/main/java/zmaster587/advancedRocketry/item/components/ItemUpgrade.java,net.minecraft.entity.EntityLivingBase,net.minecraft.entity,minecraft
src/main/java/zmaster587/advancedRocketry/item/components/ItemUpgrade.java,net.minecraft.entity.player.EntityPlayer,net.minecraft.entity,minecraft
src/main/java/zmaster587/advancedRocketry/item/components/ItemUpgrade.java,net.minecraft.inventory.EntityEquipmentSlot,net.minecraft.inventory,minecraft
src/main/java/zmaster587/advancedRocketry/item/components/ItemUpgrade.java,net.minecraft.inventory.IInventory,net.minecraft.inventory,minecraft
src/main/java/zmaster587/advancedRocketry/item/components/ItemUpgrade.java,net.minecraft.item.ItemStack,net.minecraft.item,minecraft
src/main/java/zmaster587/advancedRocketry/item/components/ItemUpgrade.java,net.minecraft.util.DamageSource,net.minecraft.util,minecraft
src/main/java/zmaster587/advancedRocketry/item/components/ItemUpgrade.java,net.minecraft.world.World,net.minecraft.world,minecraft
src/main/java/zmaster587/advancedRocketry/item/components/ItemUpgrade.java,net.minecraftforge.client.event.RenderGameOverlayEvent,net.minecraftforge.client,client_api
src/main/java/zmaster587/advancedRocketry/item/components/ItemUpgrade.java,net.minecraftforge.fml.relauncher.ReflectionHelper,net.minecraftforge.fml,minecraft
src/main/java/zmaster587/advancedRocketry/item/components/ItemUpgrade.java,net.minecraftforge.fml.relauncher.Side,net.minecraftforge.fml,minecraft
src/main/java/zmaster587/advancedRocketry/item/components/ItemUpgrade.java,net.minecraftforge.fml.relauncher.SideOnly,net.minecraftforge.fml,minecraft
src/main/java/zmaster587/advancedRocketry/item/components/ItemUpgrade.java,zmaster587.advancedRocketry.api.ARConfiguration,zmaster587.advancedRocketry.api,upstream_internal
src/main/java/zmaster587/advancedRocketry/item/components/ItemUpgrade.java,zmaster587.advancedRocketry.dimension.DimensionManager,zmaster587.advancedRocketry.dimension,upstream_internal
src/main/java/zmaster587/advancedRocketry/item/components/ItemUpgrade.java,zmaster587.libVulpes.api.IArmorComponent,zmaster587.libVulpes.api,libvulpes
src/main/java/zmaster587/advancedRocketry/item/components/ItemUpgrade.java,zmaster587.libVulpes.client.ResourceIcon,zmaster587.libVulpes.client,libvulpes
src/main/java/zmaster587/advancedRocketry/item/components/ItemUpgrade.java,zmaster587.libVulpes.items.ItemIngredient,zmaster587.libVulpes.items,libvulpes
src/main/java/zmaster587/advancedRocketry/item/tools/ItemBasicLaserGun.java,com.google.common.base.Predicate,com.google.common,third_party
src/main/java/zmaster587/advancedRocketry/item/tools/ItemBasicLaserGun.java,com.google.common.base.Predicates,com.google.common,third_party
src/main/java/zmaster587/advancedRocketry/item/tools/ItemBasicLaserGun.java,java.util.List,java.util.List,jdk
src/main/java/zmaster587/advancedRocketry/item/tools/ItemBasicLaserGun.java,java.util.WeakHashMap,java.util.WeakHashMap,jdk
src/main/java/zmaster587/advancedRocketry/item/tools/ItemBasicLaserGun.java,javax.annotation.Nonnull,javax.annotation.Nonnull,jdk
src/main/java/zmaster587/advancedRocketry/item/tools/ItemBasicLaserGun.java,javax.annotation.Nullable,javax.annotation.Nullable,jdk
src/main/java/zmaster587/advancedRocketry/item/tools/ItemBasicLaserGun.java,javax.annotation.ParametersAreNonnullByDefault,javax.annotation.ParametersAreNonnullByDefault,jdk
src/main/java/zmaster587/advancedRocketry/item/tools/ItemBasicLaserGun.java,net.minecraft.block.Block,net.minecraft.block,minecraft
src/main/java/zmaster587/advancedRocketry/item/tools/ItemBasicLaserGun.java,net.minecraft.block.material.Material,net.minecraft.block,minecraft
src/main/java/zmaster587/advancedRocketry/item/tools/ItemBasicLaserGun.java,net.minecraft.block.state.IBlockState,net.minecraft.block,minecraft
src/main/java/zmaster587/advancedRocketry/item/tools/ItemBasicLaserGun.java,net.minecraft.client.Minecraft,net.minecraft.client,client_api
src/main/java/zmaster587/advancedRocketry/item/tools/ItemBasicLaserGun.java,net.minecraft.entity.Entity,net.minecraft.entity,minecraft
src/main/java/zmaster587/advancedRocketry/item/tools/ItemBasicLaserGun.java,net.minecraft.entity.EntityLivingBase,net.minecraft.entity,minecraft
src/main/java/zmaster587/advancedRocketry/item/tools/ItemBasicLaserGun.java,net.minecraft.entity.player.EntityPlayer,net.minecraft.entity,minecraft
src/main/java/zmaster587/advancedRocketry/item/tools/ItemBasicLaserGun.java,net.minecraft.entity.player.EntityPlayerMP,net.minecraft.entity,minecraft
src/main/java/zmaster587/advancedRocketry/item/tools/ItemBasicLaserGun.java,net.minecraft.init.Blocks,net.minecraft.init,minecraft
src/main/java/zmaster587/advancedRocketry/item/tools/ItemBasicLaserGun.java,net.minecraft.item.EnumAction,net.minecraft.item,minecraft
src/main/java/zmaster587/advancedRocketry/item/tools/ItemBasicLaserGun.java,net.minecraft.item.Item,net.minecraft.item,minecraft
src/main/java/zmaster587/advancedRocketry/item/tools/ItemBasicLaserGun.java,net.minecraft.item.ItemStack,net.minecraft.item,minecraft
src/main/java/zmaster587/advancedRocketry/item/tools/ItemBasicLaserGun.java,net.minecraft.util.*,net.minecraft.util,minecraft
src/main/java/zmaster587/advancedRocketry/item/tools/ItemBasicLaserGun.java,net.minecraft.util.math.*,net.minecraft.util,minecraft
src/main/java/zmaster587/advancedRocketry/item/tools/ItemBasicLaserGun.java,net.minecraft.util.math.RayTraceResult.Type,net.minecraft.util,minecraft
src/main/java/zmaster587/advancedRocketry/item/tools/ItemBasicLaserGun.java,net.minecraft.world.World,net.minecraft.world,minecraft
src/main/java/zmaster587/advancedRocketry/item/tools/ItemBasicLaserGun.java,zmaster587.advancedRocketry.AdvancedRocketry,zmaster587.advancedRocketry.AdvancedRocketry,upstream_internal
src/main/java/zmaster587/advancedRocketry/item/tools/ItemBasicLaserGun.java,zmaster587.advancedRocketry.util.AudioRegistry,zmaster587.advancedRocketry.util,upstream_internal
src/main/java/zmaster587/advancedRocketry/item/tools/ItemBasicLaserGun.java,zmaster587.libVulpes.LibVulpes,zmaster587.libVulpes.LibVulpes,libvulpes
src/main/java/zmaster587/advancedRocketry/mission/MissionGasCollection.java,java.util.LinkedList,java.util.LinkedList,jdk
src/main/java/zmaster587/advancedRocketry/mission/MissionGasCollection.java,net.minecraft.nbt.NBTTagCompound,net.minecraft.nbt,minecraft
src/main/java/zmaster587/advancedRocketry/mission/MissionGasCollection.java,net.minecraft.tileentity.TileEntity,net.minecraft.tileentity,minecraft
src/main/java/zmaster587/advancedRocketry/mission/MissionGasCollection.java,net.minecraft.util.EnumFacing,net.minecraft.util,minecraft
src/main/java/zmaster587/advancedRocketry/mission/MissionGasCollection.java,net.minecraft.util.math.BlockPos,net.minecraft.util,minecraft
src/main/java/zmaster587/advancedRocketry/mission/MissionGasCollection.java,net.minecraft.world.World,net.minecraft.world,minecraft
src/main/java/zmaster587/advancedRocketry/mission/MissionGasCollection.java,net.minecraftforge.common.DimensionManager,net.minecraftforge.common,minecraft
src/main/java/zmaster587/advancedRocketry/mission/MissionGasCollection.java,net.minecraftforge.fluids.Fluid,net.minecraftforge.fluids,minecraft
src/main/java/zmaster587/advancedRocketry/mission/MissionGasCollection.java,net.minecraftforge.fluids.FluidRegistry,net.minecraftforge.fluids,minecraft
src/main/java/zmaster587/advancedRocketry/mission/MissionGasCollection.java,net.minecraftforge.fluids.FluidStack,net.minecraftforge.fluids,minecraft
src/main/java/zmaster587/advancedRocketry/mission/MissionGasCollection.java,net.minecraftforge.fluids.capability.CapabilityFluidHandler,net.minecraftforge.fluids,minecraft
src/main/java/zmaster587/advancedRocketry/mission/MissionGasCollection.java,net.minecraftforge.fluids.capability.IFluidHandler,net.minecraftforge.fluids,minecraft
src/main/java/zmaster587/advancedRocketry/mission/MissionGasCollection.java,zmaster587.advancedRocketry.api.ARConfiguration,zmaster587.advancedRocketry.api,upstream_internal
src/main/java/zmaster587/advancedRocketry/mission/MissionGasCollection.java,zmaster587.advancedRocketry.api.IInfrastructure,zmaster587.advancedRocketry.api,upstream_internal
src/main/java/zmaster587/advancedRocketry/mission/MissionGasCollection.java,zmaster587.advancedRocketry.api.fuel.FuelRegistry,zmaster587.advancedRocketry.api,upstream_internal
src/main/java/zmaster587/advancedRocketry/mission/MissionGasCollection.java,zmaster587.advancedRocketry.entity.EntityRocket,zmaster587.advancedRocketry.entity,upstream_internal
src/main/java/zmaster587/advancedRocketry/mission/MissionGasCollection.java,zmaster587.advancedRocketry.entity.EntityStationDeployedRocket,zmaster587.advancedRocketry.entity,upstream_internal
src/main/java/zmaster587/advancedRocketry/mission/MissionGasCollection.java,zmaster587.libVulpes.LibVulpes,zmaster587.libVulpes.LibVulpes,libvulpes
src/main/java/zmaster587/advancedRocketry/mission/MissionGasCollection.java,zmaster587.libVulpes.util.HashedBlockPosition,zmaster587.libVulpes.util,libvulpes
src/main/java/zmaster587/advancedRocketry/mission/MissionOreMining.java,java.util.LinkedList,java.util.LinkedList,jdk
src/main/java/zmaster587/advancedRocketry/mission/MissionOreMining.java,java.util.List,java.util.List,jdk
src/main/java/zmaster587/advancedRocketry/mission/MissionOreMining.java,net.minecraft.inventory.IInventory,net.minecraft.inventory,minecraft
src/main/java/zmaster587/advancedRocketry/mission/MissionOreMining.java,net.minecraft.item.ItemStack,net.minecraft.item,minecraft
src/main/java/zmaster587/advancedRocketry/mission/MissionOreMining.java,net.minecraft.tileentity.TileEntity,net.minecraft.tileentity,minecraft
src/main/java/zmaster587/advancedRocketry/mission/MissionOreMining.java,net.minecraft.util.EnumFacing,net.minecraft.util,minecraft
src/main/java/zmaster587/advancedRocketry/mission/MissionOreMining.java,net.minecraft.util.math.BlockPos,net.minecraft.util,minecraft
src/main/java/zmaster587/advancedRocketry/mission/MissionOreMining.java,net.minecraft.world.World,net.minecraft.world,minecraft
src/main/java/zmaster587/advancedRocketry/mission/MissionOreMining.java,net.minecraftforge.common.DimensionManager,net.minecraftforge.common,minecraft
src/main/java/zmaster587/advancedRocketry/mission/MissionOreMining.java,net.minecraftforge.items.CapabilityItemHandler,net.minecraftforge.items,minecraft
src/main/java/zmaster587/advancedRocketry/mission/MissionOreMining.java,net.minecraftforge.items.IItemHandler,net.minecraftforge.items,minecraft
src/main/java/zmaster587/advancedRocketry/mission/MissionOreMining.java,zmaster587.advancedRocketry.AdvancedRocketry,zmaster587.advancedRocketry.AdvancedRocketry,upstream_internal
src/main/java/zmaster587/advancedRocketry/mission/MissionOreMining.java,zmaster587.advancedRocketry.api.ARConfiguration,zmaster587.advancedRocketry.api,upstream_internal
src/main/java/zmaster587/advancedRocketry/mission/MissionOreMining.java,zmaster587.advancedRocketry.api.AdvancedRocketryItems,zmaster587.advancedRocketry.api,upstream_internal
src/main/java/zmaster587/advancedRocketry/mission/MissionOreMining.java,zmaster587.advancedRocketry.api.DataStorage.DataType,zmaster587.advancedRocketry.api,upstream_internal
src/main/java/zmaster587/advancedRocketry/mission/MissionOreMining.java,zmaster587.advancedRocketry.api.IInfrastructure,zmaster587.advancedRocketry.api,upstream_internal
src/main/java/zmaster587/advancedRocketry/mission/MissionOreMining.java,zmaster587.advancedRocketry.entity.EntityRocket,zmaster587.advancedRocketry.entity,upstream_internal
src/main/java/zmaster587/advancedRocketry/mission/MissionOreMining.java,zmaster587.advancedRocketry.item.ItemAsteroidChip,zmaster587.advancedRocketry.item,upstream_internal
src/main/java/zmaster587/advancedRocketry/mission/MissionOreMining.java,zmaster587.advancedRocketry.tile.TileGuidanceComputer,zmaster587.advancedRocketry.tile,upstream_internal
src/main/java/zmaster587/advancedRocketry/mission/MissionOreMining.java,zmaster587.advancedRocketry.util.Asteroid,zmaster587.advancedRocketry.util,upstream_internal
src/main/java/zmaster587/advancedRocketry/mission/MissionOreMining.java,zmaster587.advancedRocketry.util.Asteroid.StackEntry,zmaster587.advancedRocketry.util,upstream_internal
src/main/java/zmaster587/advancedRocketry/mission/MissionOreMining.java,zmaster587.libVulpes.util.HashedBlockPosition,zmaster587.libVulpes.util,libvulpes
src/main/java/zmaster587/advancedRocketry/mission/MissionResourceCollection.java,java.util.LinkedList,java.util.LinkedList,jdk
src/main/java/zmaster587/advancedRocketry/mission/MissionResourceCollection.java,net.minecraft.entity.player.EntityPlayer,net.minecraft.entity,minecraft
src/main/java/zmaster587/advancedRocketry/mission/MissionResourceCollection.java,net.minecraft.nbt.NBTTagCompound,net.minecraft.nbt,minecraft
src/main/java/zmaster587/advancedRocketry/mission/MissionResourceCollection.java,net.minecraft.nbt.NBTTagList,net.minecraft.nbt,minecraft
src/main/java/zmaster587/advancedRocketry/mission/MissionResourceCollection.java,net.minecraft.tileentity.TileEntity,net.minecraft.tileentity,minecraft
src/main/java/zmaster587/advancedRocketry/mission/MissionResourceCollection.java,net.minecraft.util.math.BlockPos,net.minecraft.util,minecraft
src/main/java/zmaster587/advancedRocketry/mission/MissionResourceCollection.java,net.minecraft.world.World,net.minecraft.world,minecraft
src/main/java/zmaster587/advancedRocketry/mission/MissionResourceCollection.java,net.minecraftforge.common.DimensionManager,net.minecraftforge.common,minecraft
src/main/java/zmaster587/advancedRocketry/mission/MissionResourceCollection.java,zmaster587.advancedRocketry.AdvancedRocketry,zmaster587.advancedRocketry.AdvancedRocketry,upstream_internal
src/main/java/zmaster587/advancedRocketry/mission/MissionResourceCollection.java,zmaster587.advancedRocketry.api.IInfrastructure,zmaster587.advancedRocketry.api,upstream_internal
src/main/java/zmaster587/advancedRocketry/mission/MissionResourceCollection.java,zmaster587.advancedRocketry.api.IMission,zmaster587.advancedRocketry.api,upstream_internal
src/main/java/zmaster587/advancedRocketry/mission/MissionResourceCollection.java,zmaster587.advancedRocketry.api.StatsRocket,zmaster587.advancedRocketry.api,upstream_internal
src/main/java/zmaster587/advancedRocketry/mission/MissionResourceCollection.java,zmaster587.advancedRocketry.api.satellite.SatelliteBase,zmaster587.advancedRocketry.api,upstream_internal
src/main/java/zmaster587/advancedRocketry/mission/MissionResourceCollection.java,zmaster587.advancedRocketry.entity.EntityRocket,zmaster587.advancedRocketry.entity,upstream_internal
src/main/java/zmaster587/advancedRocketry/mission/MissionResourceCollection.java,zmaster587.advancedRocketry.util.StorageChunk,zmaster587.advancedRocketry.util,upstream_internal
src/main/java/zmaster587/advancedRocketry/mission/MissionResourceCollection.java,zmaster587.libVulpes.LibVulpes,zmaster587.libVulpes.LibVulpes,libvulpes
src/main/java/zmaster587/advancedRocketry/mission/MissionResourceCollection.java,zmaster587.libVulpes.util.HashedBlockPosition,zmaster587.libVulpes.util,libvulpes
src/main/java/zmaster587/advancedRocketry/network/PacketAirParticle.java,io.netty.buffer.ByteBuf,io.netty.buffer,third_party
src/main/java/zmaster587/advancedRocketry/network/PacketAirParticle.java,net.minecraft.client.Minecraft,net.minecraft.client,client_api
src/main/java/zmaster587/advancedRocketry/network/PacketAirParticle.java,net.minecraft.entity.player.EntityPlayer,net.minecraft.entity,minecraft
src/main/java/zmaster587/advancedRocketry/network/PacketAirParticle.java,net.minecraft.entity.player.EntityPlayerMP,net.minecraft.entity,minecraft
src/main/java/zmaster587/advancedRocketry/network/PacketAirParticle.java,net.minecraftforge.fml.relauncher.Side,net.minecraftforge.fml,minecraft
src/main/java/zmaster587/advancedRocketry/network/PacketAirParticle.java,net.minecraftforge.fml.relauncher.SideOnly,net.minecraftforge.fml,minecraft
src/main/java/zmaster587/advancedRocketry/network/PacketAirParticle.java,zmaster587.advancedRocketry.entity.fx.OxygenCloudFX,zmaster587.advancedRocketry.entity,upstream_internal
src/main/java/zmaster587/advancedRocketry/network/PacketAirParticle.java,zmaster587.advancedRocketry.entity.fx.OxygenTraceFX,zmaster587.advancedRocketry.entity,upstream_internal
src/main/java/zmaster587/advancedRocketry/network/PacketAirParticle.java,zmaster587.libVulpes.network.BasePacket,zmaster587.libVulpes.network,libvulpes
src/main/java/zmaster587/advancedRocketry/network/PacketAirParticle.java,zmaster587.libVulpes.util.HashedBlockPosition,zmaster587.libVulpes.util,libvulpes
src/main/java/zmaster587/advancedRocketry/network/PacketAsteroidInfo.java,io.netty.buffer.ByteBuf,io.netty.buffer,third_party
src/main/java/zmaster587/advancedRocketry/network/PacketAsteroidInfo.java,java.io.IOException,java.io.IOException,jdk
src/main/java/zmaster587/advancedRocketry/network/PacketAsteroidInfo.java,net.minecraft.entity.player.EntityPlayer,net.minecraft.entity,minecraft
src/main/java/zmaster587/advancedRocketry/network/PacketAsteroidInfo.java,net.minecraft.entity.player.EntityPlayerMP,net.minecraft.entity,minecraft
src/main/java/zmaster587/advancedRocketry/network/PacketAsteroidInfo.java,net.minecraft.nbt.NBTTagCompound,net.minecraft.nbt,minecraft
src/main/java/zmaster587/advancedRocketry/network/PacketAsteroidInfo.java,net.minecraft.network.PacketBuffer,net.minecraft.network,minecraft
src/main/java/zmaster587/advancedRocketry/network/PacketAsteroidInfo.java,zmaster587.advancedRocketry.api.ARConfiguration,zmaster587.advancedRocketry.api,upstream_internal
src/main/java/zmaster587/advancedRocketry/network/PacketAsteroidInfo.java,zmaster587.advancedRocketry.util.Asteroid,zmaster587.advancedRocketry.util,upstream_internal
src/main/java/zmaster587/advancedRocketry/network/PacketAsteroidInfo.java,zmaster587.libVulpes.network.BasePacket,zmaster587.libVulpes.network,libvulpes
src/main/java/zmaster587/advancedRocketry/network/PacketAtmSync.java,io.netty.buffer.ByteBuf,io.netty.buffer,third_party
src/main/java/zmaster587/advancedRocketry/network/PacketAtmSync.java,java.io.IOException,java.io.IOException,jdk
src/main/java/zmaster587/advancedRocketry/network/PacketAtmSync.java,net.minecraft.entity.player.EntityPlayer,net.minecraft.entity,minecraft
src/main/java/zmaster587/advancedRocketry/network/PacketAtmSync.java,net.minecraft.entity.player.EntityPlayerMP,net.minecraft.entity,minecraft
src/main/java/zmaster587/advancedRocketry/network/PacketAtmSync.java,net.minecraft.nbt.NBTTagCompound,net.minecraft.nbt,minecraft
src/main/java/zmaster587/advancedRocketry/network/PacketAtmSync.java,net.minecraft.network.PacketBuffer,net.minecraft.network,minecraft
src/main/java/zmaster587/advancedRocketry/network/PacketAtmSync.java,zmaster587.advancedRocketry.api.atmosphere.AtmosphereRegister,zmaster587.advancedRocketry.api,upstream_internal
src/main/java/zmaster587/advancedRocketry/network/PacketAtmSync.java,zmaster587.advancedRocketry.atmosphere.AtmosphereHandler,zmaster587.advancedRocketry.atmosphere,upstream_internal
src/main/java/zmaster587/advancedRocketry/network/PacketAtmSync.java,zmaster587.libVulpes.network.BasePacket,zmaster587.libVulpes.network,libvulpes
src/main/java/zmaster587/advancedRocketry/network/PacketBiomeIDChange.java,io.netty.buffer.ByteBuf,io.netty.buffer,third_party
src/main/java/zmaster587/advancedRocketry/network/PacketBiomeIDChange.java,net.minecraft.client.Minecraft,net.minecraft.client,client_api
src/main/java/zmaster587/advancedRocketry/network/PacketBiomeIDChange.java,net.minecraft.entity.player.EntityPlayer,net.minecraft.entity,minecraft
src/main/java/zmaster587/advancedRocketry/network/PacketBiomeIDChange.java,net.minecraft.entity.player.EntityPlayerMP,net.minecraft.entity,minecraft
src/main/java/zmaster587/advancedRocketry/network/PacketBiomeIDChange.java,net.minecraft.util.math.BlockPos,net.minecraft.util,minecraft
src/main/java/zmaster587/advancedRocketry/network/PacketBiomeIDChange.java,net.minecraft.world.World,net.minecraft.world,minecraft
src/main/java/zmaster587/advancedRocketry/network/PacketBiomeIDChange.java,net.minecraft.world.chunk.Chunk,net.minecraft.world,minecraft
src/main/java/zmaster587/advancedRocketry/network/PacketBiomeIDChange.java,zmaster587.advancedRocketry.AdvancedRocketry,zmaster587.advancedRocketry.AdvancedRocketry,upstream_internal
src/main/java/zmaster587/advancedRocketry/network/PacketBiomeIDChange.java,zmaster587.libVulpes.network.BasePacket,zmaster587.libVulpes.network,libvulpes
src/main/java/zmaster587/advancedRocketry/network/PacketBiomeIDChange.java,zmaster587.libVulpes.util.HashedBlockPosition,zmaster587.libVulpes.util,libvulpes
src/main/java/zmaster587/advancedRocketry/network/PacketConfigSync.java,io.netty.buffer.ByteBuf,io.netty.buffer,third_party
src/main/java/zmaster587/advancedRocketry/network/PacketConfigSync.java,java.util.LinkedList,java.util.LinkedList,jdk
src/main/java/zmaster587/advancedRocketry/network/PacketConfigSync.java,net.minecraft.entity.player.EntityPlayer,net.minecraft.entity,minecraft
src/main/java/zmaster587/advancedRocketry/network/PacketConfigSync.java,net.minecraft.entity.player.EntityPlayerMP,net.minecraft.entity,minecraft
src/main/java/zmaster587/advancedRocketry/network/PacketConfigSync.java,net.minecraft.network.PacketBuffer,net.minecraft.network,minecraft
src/main/java/zmaster587/advancedRocketry/network/PacketConfigSync.java,zmaster587.advancedRocketry.api.ARConfiguration,zmaster587.advancedRocketry.api,upstream_internal
src/main/java/zmaster587/advancedRocketry/network/PacketConfigSync.java,zmaster587.libVulpes.network.BasePacket,zmaster587.libVulpes.network,libvulpes
src/main/java/zmaster587/advancedRocketry/network/PacketDimInfo.java,io.netty.buffer.ByteBuf,io.netty.buffer,third_party
src/main/java/zmaster587/advancedRocketry/network/PacketDimInfo.java,java.io.IOException,java.io.IOException,jdk
src/main/java/zmaster587/advancedRocketry/network/PacketDimInfo.java,java.util.LinkedList,java.util.LinkedList,jdk
src/main/java/zmaster587/advancedRocketry/network/PacketDimInfo.java,java.util.List,java.util.List,jdk
src/main/java/zmaster587/advancedRocketry/network/PacketDimInfo.java,java.util.logging.Logger,java.util.logging,jdk
src/main/java/zmaster587/advancedRocketry/network/PacketDimInfo.java,net.minecraft.entity.player.EntityPlayer,net.minecraft.entity,minecraft
src/main/java/zmaster587/advancedRocketry/network/PacketDimInfo.java,net.minecraft.entity.player.EntityPlayerMP,net.minecraft.entity,minecraft
src/main/java/zmaster587/advancedRocketry/network/PacketDimInfo.java,net.minecraft.item.ItemStack,net.minecraft.item,minecraft
src/main/java/zmaster587/advancedRocketry/network/PacketDimInfo.java,net.minecraft.nbt.NBTTagCompound,net.minecraft.nbt,minecraft
src/main/java/zmaster587/advancedRocketry/network/PacketDimInfo.java,net.minecraft.network.PacketBuffer,net.minecraft.network,minecraft
src/main/java/zmaster587/advancedRocketry/network/PacketDimInfo.java,zmaster587.advancedRocketry.dimension.DimensionManager,zmaster587.advancedRocketry.dimension,upstream_internal
src/main/java/zmaster587/advancedRocketry/network/PacketDimInfo.java,zmaster587.advancedRocketry.dimension.DimensionProperties,zmaster587.advancedRocketry.dimension,upstream_internal
src/main/java/zmaster587/advancedRocketry/network/PacketDimInfo.java,zmaster587.advancedRocketry.util.SpawnListEntryNBT,zmaster587.advancedRocketry.util,upstream_internal
src/main/java/zmaster587/advancedRocketry/network/PacketDimInfo.java,zmaster587.libVulpes.network.BasePacket,zmaster587.libVulpes.network,libvulpes
src/main/java/zmaster587/advancedRocketry/network/PacketFluidParticle.java,io.netty.buffer.ByteBuf,io.netty.buffer,third_party
src/main/java/zmaster587/advancedRocketry/network/PacketFluidParticle.java,net.minecraft.client.Minecraft,net.minecraft.client,client_api
src/main/java/zmaster587/advancedRocketry/network/PacketFluidParticle.java,net.minecraft.entity.player.EntityPlayer,net.minecraft.entity,minecraft
src/main/java/zmaster587/advancedRocketry/network/PacketFluidParticle.java,net.minecraft.entity.player.EntityPlayerMP,net.minecraft.entity,minecraft
src/main/java/zmaster587/advancedRocketry/network/PacketFluidParticle.java,net.minecraft.util.math.BlockPos,net.minecraft.util,minecraft
src/main/java/zmaster587/advancedRocketry/network/PacketFluidParticle.java,net.minecraftforge.fml.relauncher.Side,net.minecraftforge.fml,minecraft
src/main/java/zmaster587/advancedRocketry/network/PacketFluidParticle.java,net.minecraftforge.fml.relauncher.SideOnly,net.minecraftforge.fml,minecraft
src/main/java/zmaster587/advancedRocketry/network/PacketFluidParticle.java,zmaster587.advancedRocketry.entity.fx.InverseTrailFluid,zmaster587.advancedRocketry.entity,upstream_internal
src/main/java/zmaster587/advancedRocketry/network/PacketFluidParticle.java,zmaster587.libVulpes.network.BasePacket,zmaster587.libVulpes.network,libvulpes
src/main/java/zmaster587/advancedRocketry/network/PacketInvalidLocationNotify.java,io.netty.buffer.ByteBuf,io.netty.buffer,third_party
src/main/java/zmaster587/advancedRocketry/network/PacketInvalidLocationNotify.java,net.minecraft.client.Minecraft,net.minecraft.client,client_api
src/main/java/zmaster587/advancedRocketry/network/PacketInvalidLocationNotify.java,net.minecraft.entity.player.EntityPlayer,net.minecraft.entity,minecraft
src/main/java/zmaster587/advancedRocketry/network/PacketInvalidLocationNotify.java,net.minecraft.entity.player.EntityPlayerMP,net.minecraft.entity,minecraft
src/main/java/zmaster587/advancedRocketry/network/PacketInvalidLocationNotify.java,net.minecraftforge.fml.relauncher.Side,net.minecraftforge.fml,minecraft
src/main/java/zmaster587/advancedRocketry/network/PacketInvalidLocationNotify.java,net.minecraftforge.fml.relauncher.SideOnly,net.minecraftforge.fml,minecraft
src/main/java/zmaster587/advancedRocketry/network/PacketInvalidLocationNotify.java,zmaster587.libVulpes.entity.fx.FxErrorBlock,zmaster587.libVulpes.entity,libvulpes
src/main/java/zmaster587/advancedRocketry/network/PacketInvalidLocationNotify.java,zmaster587.libVulpes.network.BasePacket,zmaster587.libVulpes.network,libvulpes
src/main/java/zmaster587/advancedRocketry/network/PacketInvalidLocationNotify.java,zmaster587.libVulpes.util.HashedBlockPosition,zmaster587.libVulpes.util,libvulpes
src/main/java/zmaster587/advancedRocketry/network/PacketLaserGun.java,io.netty.buffer.ByteBuf,io.netty.buffer,third_party
src/main/java/zmaster587/advancedRocketry/network/PacketLaserGun.java,net.minecraft.entity.Entity,net.minecraft.entity,minecraft
src/main/java/zmaster587/advancedRocketry/network/PacketLaserGun.java,net.minecraft.entity.player.EntityPlayer,net.minecraft.entity,minecraft
src/main/java/zmaster587/advancedRocketry/network/PacketLaserGun.java,net.minecraft.entity.player.EntityPlayerMP,net.minecraft.entity,minecraft
src/main/java/zmaster587/advancedRocketry/network/PacketLaserGun.java,net.minecraft.util.math.Vec3d,net.minecraft.util,minecraft
src/main/java/zmaster587/advancedRocketry/network/PacketLaserGun.java,zmaster587.advancedRocketry.AdvancedRocketry,zmaster587.advancedRocketry.AdvancedRocketry,upstream_internal
src/main/java/zmaster587/advancedRocketry/network/PacketLaserGun.java,zmaster587.libVulpes.network.BasePacket,zmaster587.libVulpes.network,libvulpes
src/main/java/zmaster587/advancedRocketry/network/PacketMoveRocketInSpace.java,io.netty.buffer.ByteBuf,io.netty.buffer,third_party
src/main/java/zmaster587/advancedRocketry/network/PacketMoveRocketInSpace.java,net.minecraft.entity.player.EntityPlayer,net.minecraft.entity,minecraft
src/main/java/zmaster587/advancedRocketry/network/PacketMoveRocketInSpace.java,net.minecraft.entity.player.EntityPlayerMP,net.minecraft.entity,minecraft
src/main/java/zmaster587/advancedRocketry/network/PacketMoveRocketInSpace.java,zmaster587.advancedRocketry.util.SpacePosition,zmaster587.advancedRocketry.util,upstream_internal
src/main/java/zmaster587/advancedRocketry/network/PacketMoveRocketInSpace.java,zmaster587.libVulpes.network.BasePacket,zmaster587.libVulpes.network,libvulpes
src/main/java/zmaster587/advancedRocketry/network/PacketOxygenState.java,io.netty.buffer.ByteBuf,io.netty.buffer,third_party
src/main/java/zmaster587/advancedRocketry/network/PacketOxygenState.java,net.minecraft.client.Minecraft,net.minecraft.client,client_api
src/main/java/zmaster587/advancedRocketry/network/PacketOxygenState.java,net.minecraft.entity.player.EntityPlayer,net.minecraft.entity,minecraft
src/main/java/zmaster587/advancedRocketry/network/PacketOxygenState.java,net.minecraft.entity.player.EntityPlayerMP,net.minecraft.entity,minecraft
src/main/java/zmaster587/advancedRocketry/network/PacketOxygenState.java,net.minecraftforge.fml.relauncher.Side,net.minecraftforge.fml,minecraft
src/main/java/zmaster587/advancedRocketry/network/PacketOxygenState.java,net.minecraftforge.fml.relauncher.SideOnly,net.minecraftforge.fml,minecraft
src/main/java/zmaster587/advancedRocketry/network/PacketOxygenState.java,zmaster587.advancedRocketry.atmosphere.AtmosphereHandler,zmaster587.advancedRocketry.atmosphere,upstream_internal
src/main/java/zmaster587/advancedRocketry/network/PacketOxygenState.java,zmaster587.libVulpes.network.BasePacket,zmaster587.libVulpes.network,libvulpes
src/main/java/zmaster587/advancedRocketry/network/PacketSatellite.java,io.netty.buffer.ByteBuf,io.netty.buffer,third_party
src/main/java/zmaster587/advancedRocketry/network/PacketSatellite.java,java.io.IOException,java.io.IOException,jdk
src/main/java/zmaster587/advancedRocketry/network/PacketSatellite.java,net.minecraft.entity.player.EntityPlayer,net.minecraft.entity,minecraft
src/main/java/zmaster587/advancedRocketry/network/PacketSatellite.java,net.minecraft.entity.player.EntityPlayerMP,net.minecraft.entity,minecraft
src/main/java/zmaster587/advancedRocketry/network/PacketSatellite.java,net.minecraft.nbt.NBTTagCompound,net.minecraft.nbt,minecraft
src/main/java/zmaster587/advancedRocketry/network/PacketSatellite.java,net.minecraft.network.PacketBuffer,net.minecraft.network,minecraft
src/main/java/zmaster587/advancedRocketry/network/PacketSatellite.java,net.minecraftforge.fml.relauncher.Side,net.minecraftforge.fml,minecraft
src/main/java/zmaster587/advancedRocketry/network/PacketSatellite.java,net.minecraftforge.fml.relauncher.SideOnly,net.minecraftforge.fml,minecraft
src/main/java/zmaster587/advancedRocketry/network/PacketSatellite.java,zmaster587.advancedRocketry.api.SatelliteRegistry,zmaster587.advancedRocketry.api,upstream_internal
src/main/java/zmaster587/advancedRocketry/network/PacketSatellite.java,zmaster587.advancedRocketry.api.satellite.SatelliteBase,zmaster587.advancedRocketry.api,upstream_internal
src/main/java/zmaster587/advancedRocketry/network/PacketSatellite.java,zmaster587.libVulpes.network.BasePacket,zmaster587.libVulpes.network,libvulpes
src/main/java/zmaster587/advancedRocketry/network/PacketSpaceStationInfo.java,io.netty.buffer.ByteBuf,io.netty.buffer,third_party
src/main/java/zmaster587/advancedRocketry/network/PacketSpaceStationInfo.java,java.io.IOException,java.io.IOException,jdk
src/main/java/zmaster587/advancedRocketry/network/PacketSpaceStationInfo.java,java.util.logging.Logger,java.util.logging,jdk
src/main/java/zmaster587/advancedRocketry/network/PacketSpaceStationInfo.java,net.minecraft.entity.player.EntityPlayer,net.minecraft.entity,minecraft
src/main/java/zmaster587/advancedRocketry/network/PacketSpaceStationInfo.java,net.minecraft.entity.player.EntityPlayerMP,net.minecraft.entity,minecraft
src/main/java/zmaster587/advancedRocketry/network/PacketSpaceStationInfo.java,net.minecraft.nbt.NBTTagCompound,net.minecraft.nbt,minecraft
src/main/java/zmaster587/advancedRocketry/network/PacketSpaceStationInfo.java,net.minecraft.network.PacketBuffer,net.minecraft.network,minecraft
src/main/java/zmaster587/advancedRocketry/network/PacketSpaceStationInfo.java,net.minecraft.util.EnumFacing,net.minecraft.util,minecraft
src/main/java/zmaster587/advancedRocketry/network/PacketSpaceStationInfo.java,zmaster587.advancedRocketry.api.stations.ISpaceObject,zmaster587.advancedRocketry.api,upstream_internal
src/main/java/zmaster587/advancedRocketry/network/PacketSpaceStationInfo.java,zmaster587.advancedRocketry.dimension.DimensionManager,zmaster587.advancedRocketry.dimension,upstream_internal
src/main/java/zmaster587/advancedRocketry/network/PacketSpaceStationInfo.java,zmaster587.advancedRocketry.dimension.DimensionProperties,zmaster587.advancedRocketry.dimension,upstream_internal
src/main/java/zmaster587/advancedRocketry/network/PacketSpaceStationInfo.java,zmaster587.advancedRocketry.stations.SpaceObjectManager,zmaster587.advancedRocketry.stations,upstream_internal
src/main/java/zmaster587/advancedRocketry/network/PacketSpaceStationInfo.java,zmaster587.advancedRocketry.stations.SpaceStationObject,zmaster587.advancedRocketry.stations,upstream_internal
src/main/java/zmaster587/advancedRocketry/network/PacketSpaceStationInfo.java,zmaster587.libVulpes.network.BasePacket,zmaster587.libVulpes.network,libvulpes
src/main/java/zmaster587/advancedRocketry/network/PacketStationUpdate.java,io.netty.buffer.ByteBuf,io.netty.buffer,third_party
src/main/java/zmaster587/advancedRocketry/network/PacketStationUpdate.java,java.io.IOException,java.io.IOException,jdk
src/main/java/zmaster587/advancedRocketry/network/PacketStationUpdate.java,java.util.logging.Logger,java.util.logging,jdk
src/main/java/zmaster587/advancedRocketry/network/PacketStationUpdate.java,net.minecraft.client.Minecraft,net.minecraft.client,client_api
src/main/java/zmaster587/advancedRocketry/network/PacketStationUpdate.java,net.minecraft.entity.player.EntityPlayer,net.minecraft.entity,minecraft
src/main/java/zmaster587/advancedRocketry/network/PacketStationUpdate.java,net.minecraft.entity.player.EntityPlayerMP,net.minecraft.entity,minecraft
src/main/java/zmaster587/advancedRocketry/network/PacketStationUpdate.java,net.minecraft.nbt.NBTTagCompound,net.minecraft.nbt,minecraft
src/main/java/zmaster587/advancedRocketry/network/PacketStationUpdate.java,net.minecraft.network.PacketBuffer,net.minecraft.network,minecraft
src/main/java/zmaster587/advancedRocketry/network/PacketStationUpdate.java,net.minecraft.util.EnumFacing,net.minecraft.util,minecraft
src/main/java/zmaster587/advancedRocketry/network/PacketStationUpdate.java,zmaster587.advancedRocketry.api.stations.ISpaceObject,zmaster587.advancedRocketry.api,upstream_internal
src/main/java/zmaster587/advancedRocketry/network/PacketStationUpdate.java,zmaster587.advancedRocketry.dimension.DimensionManager,zmaster587.advancedRocketry.dimension,upstream_internal
src/main/java/zmaster587/advancedRocketry/network/PacketStationUpdate.java,zmaster587.advancedRocketry.event.PlanetEventHandler,zmaster587.advancedRocketry.event,upstream_internal
src/main/java/zmaster587/advancedRocketry/network/PacketStationUpdate.java,zmaster587.advancedRocketry.stations.SpaceObjectManager,zmaster587.advancedRocketry.stations,upstream_internal
src/main/java/zmaster587/advancedRocketry/network/PacketStationUpdate.java,zmaster587.advancedRocketry.stations.SpaceStationObject,zmaster587.advancedRocketry.stations,upstream_internal
src/main/java/zmaster587/advancedRocketry/network/PacketStationUpdate.java,zmaster587.libVulpes.network.BasePacket,zmaster587.libVulpes.network,libvulpes
src/main/java/zmaster587/advancedRocketry/network/PacketStellarInfo.java,io.netty.buffer.ByteBuf,io.netty.buffer,third_party
src/main/java/zmaster587/advancedRocketry/network/PacketStellarInfo.java,java.io.IOException,java.io.IOException,jdk
src/main/java/zmaster587/advancedRocketry/network/PacketStellarInfo.java,net.minecraft.entity.player.EntityPlayer,net.minecraft.entity,minecraft
src/main/java/zmaster587/advancedRocketry/network/PacketStellarInfo.java,net.minecraft.entity.player.EntityPlayerMP,net.minecraft.entity,minecraft
src/main/java/zmaster587/advancedRocketry/network/PacketStellarInfo.java,net.minecraft.nbt.NBTTagCompound,net.minecraft.nbt,minecraft
src/main/java/zmaster587/advancedRocketry/network/PacketStellarInfo.java,net.minecraft.network.PacketBuffer,net.minecraft.network,minecraft
src/main/java/zmaster587/advancedRocketry/network/PacketStellarInfo.java,zmaster587.advancedRocketry.api.dimension.solar.StellarBody,zmaster587.advancedRocketry.api,upstream_internal
src/main/java/zmaster587/advancedRocketry/network/PacketStellarInfo.java,zmaster587.advancedRocketry.dimension.DimensionManager,zmaster587.advancedRocketry.dimension,upstream_internal
src/main/java/zmaster587/advancedRocketry/network/PacketStellarInfo.java,zmaster587.libVulpes.network.BasePacket,zmaster587.libVulpes.network,libvulpes
src/main/java/zmaster587/advancedRocketry/network/PacketStorageTileUpdate.java,io.netty.buffer.ByteBuf,io.netty.buffer,third_party
src/main/java/zmaster587/advancedRocketry/network/PacketStorageTileUpdate.java,java.io.IOException,java.io.IOException,jdk
src/main/java/zmaster587/advancedRocketry/network/PacketStorageTileUpdate.java,net.minecraft.client.Minecraft,net.minecraft.client,client_api
src/main/java/zmaster587/advancedRocketry/network/PacketStorageTileUpdate.java,net.minecraft.entity.Entity,net.minecraft.entity,minecraft
src/main/java/zmaster587/advancedRocketry/network/PacketStorageTileUpdate.java,net.minecraft.entity.player.EntityPlayer,net.minecraft.entity,minecraft
src/main/java/zmaster587/advancedRocketry/network/PacketStorageTileUpdate.java,net.minecraft.entity.player.EntityPlayerMP,net.minecraft.entity,minecraft
src/main/java/zmaster587/advancedRocketry/network/PacketStorageTileUpdate.java,net.minecraft.nbt.NBTTagCompound,net.minecraft.nbt,minecraft
src/main/java/zmaster587/advancedRocketry/network/PacketStorageTileUpdate.java,net.minecraft.network.PacketBuffer,net.minecraft.network,minecraft
src/main/java/zmaster587/advancedRocketry/network/PacketStorageTileUpdate.java,net.minecraft.network.play.server.SPacketUpdateTileEntity,net.minecraft.network,minecraft
src/main/java/zmaster587/advancedRocketry/network/PacketStorageTileUpdate.java,net.minecraft.tileentity.TileEntity,net.minecraft.tileentity,minecraft
src/main/java/zmaster587/advancedRocketry/network/PacketStorageTileUpdate.java,net.minecraft.util.math.BlockPos,net.minecraft.util,minecraft
src/main/java/zmaster587/advancedRocketry/network/PacketStorageTileUpdate.java,net.minecraft.world.World,net.minecraft.world,minecraft
src/main/java/zmaster587/advancedRocketry/network/PacketStorageTileUpdate.java,net.minecraftforge.fml.relauncher.ReflectionHelper,net.minecraftforge.fml,minecraft
src/main/java/zmaster587/advancedRocketry/network/PacketStorageTileUpdate.java,net.minecraftforge.fml.relauncher.Side,net.minecraftforge.fml,minecraft
src/main/java/zmaster587/advancedRocketry/network/PacketStorageTileUpdate.java,net.minecraftforge.fml.relauncher.SideOnly,net.minecraftforge.fml,minecraft
src/main/java/zmaster587/advancedRocketry/network/PacketStorageTileUpdate.java,zmaster587.advancedRocketry.entity.EntityRocket,zmaster587.advancedRocketry.entity,upstream_internal
src/main/java/zmaster587/advancedRocketry/network/PacketStorageTileUpdate.java,zmaster587.advancedRocketry.util.StorageChunk,zmaster587.advancedRocketry.util,upstream_internal
src/main/java/zmaster587/advancedRocketry/network/PacketStorageTileUpdate.java,zmaster587.libVulpes.interfaces.INetworkEntity,zmaster587.libVulpes.interfaces,libvulpes
src/main/java/zmaster587/advancedRocketry/network/PacketStorageTileUpdate.java,zmaster587.libVulpes.network.BasePacket,zmaster587.libVulpes.network,libvulpes
src/main/java/zmaster587/advancedRocketry/recipe/RecipeCentrifuge.java,zmaster587.advancedRocketry.tile.multiblock.machine.TileCentrifuge,zmaster587.advancedRocketry.tile,upstream_internal
src/main/java/zmaster587/advancedRocketry/recipe/RecipeCentrifuge.java,zmaster587.libVulpes.recipe.RecipeMachineFactory,zmaster587.libVulpes.recipe,libvulpes
src/main/java/zmaster587/advancedRocketry/recipe/RecipeChemicalReactor.java,zmaster587.advancedRocketry.tile.multiblock.machine.TileChemicalReactor,zmaster587.advancedRocketry.tile,upstream_internal
src/main/java/zmaster587/advancedRocketry/recipe/RecipeChemicalReactor.java,zmaster587.libVulpes.recipe.RecipeMachineFactory,zmaster587.libVulpes.recipe,libvulpes
src/main/java/zmaster587/advancedRocketry/recipe/RecipeCrystallizer.java,zmaster587.advancedRocketry.tile.multiblock.machine.TileCrystallizer,zmaster587.advancedRocketry.tile,upstream_internal
src/main/java/zmaster587/advancedRocketry/recipe/RecipeCrystallizer.java,zmaster587.libVulpes.recipe.RecipeMachineFactory,zmaster587.libVulpes.recipe,libvulpes
src/main/java/zmaster587/advancedRocketry/recipe/RecipeCuttingMachine.java,zmaster587.advancedRocketry.tile.multiblock.machine.TileCuttingMachine,zmaster587.advancedRocketry.tile,upstream_internal
src/main/java/zmaster587/advancedRocketry/recipe/RecipeCuttingMachine.java,zmaster587.libVulpes.recipe.RecipeMachineFactory,zmaster587.libVulpes.recipe,libvulpes
src/main/java/zmaster587/advancedRocketry/recipe/RecipeElectricArcFurnace.java,zmaster587.advancedRocketry.tile.multiblock.machine.TileElectricArcFurnace,zmaster587.advancedRocketry.tile,upstream_internal
src/main/java/zmaster587/advancedRocketry/recipe/RecipeElectricArcFurnace.java,zmaster587.libVulpes.recipe.RecipeMachineFactory,zmaster587.libVulpes.recipe,libvulpes
src/main/java/zmaster587/advancedRocketry/recipe/RecipeElectrolyser.java,zmaster587.advancedRocketry.tile.multiblock.machine.TileElectrolyser,zmaster587.advancedRocketry.tile,upstream_internal
src/main/java/zmaster587/advancedRocketry/recipe/RecipeElectrolyser.java,zmaster587.libVulpes.recipe.RecipeMachineFactory,zmaster587.libVulpes.recipe,libvulpes
src/main/java/zmaster587/advancedRocketry/recipe/RecipeLathe.java,zmaster587.advancedRocketry.tile.multiblock.machine.TileLathe,zmaster587.advancedRocketry.tile,upstream_internal
src/main/java/zmaster587/advancedRocketry/recipe/RecipeLathe.java,zmaster587.libVulpes.recipe.RecipeMachineFactory,zmaster587.libVulpes.recipe,libvulpes
src/main/java/zmaster587/advancedRocketry/recipe/RecipePrecisionAssembler.java,zmaster587.advancedRocketry.tile.multiblock.machine.TilePrecisionAssembler,zmaster587.advancedRocketry.tile,upstream_internal
src/main/java/zmaster587/advancedRocketry/recipe/RecipePrecisionAssembler.java,zmaster587.libVulpes.recipe.RecipeMachineFactory,zmaster587.libVulpes.recipe,libvulpes
src/main/java/zmaster587/advancedRocketry/recipe/RecipePrecisionLaserEtcher.java,zmaster587.advancedRocketry.tile.multiblock.machine.TilePrecisionLaserEtcher,zmaster587.advancedRocketry.tile,upstream_internal
src/main/java/zmaster587/advancedRocketry/recipe/RecipePrecisionLaserEtcher.java,zmaster587.libVulpes.recipe.RecipeMachineFactory,zmaster587.libVulpes.recipe,libvulpes
src/main/java/zmaster587/advancedRocketry/recipe/RecipeRollingMachine.java,zmaster587.advancedRocketry.tile.multiblock.machine.TileRollingMachine,zmaster587.advancedRocketry.tile,upstream_internal
src/main/java/zmaster587/advancedRocketry/recipe/RecipeRollingMachine.java,zmaster587.libVulpes.recipe.RecipeMachineFactory,zmaster587.libVulpes.recipe,libvulpes
src/main/java/zmaster587/advancedRocketry/satellite/SatelliteBiomeChanger.java,java.util.*,java.util.*,jdk
src/main/java/zmaster587/advancedRocketry/satellite/SatelliteBiomeChanger.java,javax.annotation.Nonnull,javax.annotation.Nonnull,jdk
src/main/java/zmaster587/advancedRocketry/satellite/SatelliteBiomeChanger.java,net.minecraft.entity.player.EntityPlayer,net.minecraft.entity,minecraft
src/main/java/zmaster587/advancedRocketry/satellite/SatelliteBiomeChanger.java,net.minecraft.item.ItemStack,net.minecraft.item,minecraft
src/main/java/zmaster587/advancedRocketry/satellite/SatelliteBiomeChanger.java,net.minecraft.nbt.NBTTagCompound,net.minecraft.nbt,minecraft
src/main/java/zmaster587/advancedRocketry/satellite/SatelliteBiomeChanger.java,net.minecraft.nbt.NBTTagIntArray,net.minecraft.nbt,minecraft
src/main/java/zmaster587/advancedRocketry/satellite/SatelliteBiomeChanger.java,net.minecraft.util.math.BlockPos,net.minecraft.util,minecraft
src/main/java/zmaster587/advancedRocketry/satellite/SatelliteBiomeChanger.java,net.minecraft.world.World,net.minecraft.world,minecraft
src/main/java/zmaster587/advancedRocketry/satellite/SatelliteBiomeChanger.java,net.minecraft.world.biome.Biome,net.minecraft.world,minecraft
src/main/java/zmaster587/advancedRocketry/satellite/SatelliteBiomeChanger.java,net.minecraft.world.chunk.Chunk,net.minecraft.world,minecraft
src/main/java/zmaster587/advancedRocketry/satellite/SatelliteBiomeChanger.java,zmaster587.advancedRocketry.api.AdvancedRocketryBiomes,zmaster587.advancedRocketry.api,upstream_internal
src/main/java/zmaster587/advancedRocketry/satellite/SatelliteBiomeChanger.java,zmaster587.advancedRocketry.api.satellite.SatelliteBase,zmaster587.advancedRocketry.api,upstream_internal
src/main/java/zmaster587/advancedRocketry/satellite/SatelliteBiomeChanger.java,zmaster587.advancedRocketry.api.satellite.SatelliteProperties,zmaster587.advancedRocketry.api,upstream_internal
src/main/java/zmaster587/advancedRocketry/satellite/SatelliteBiomeChanger.java,zmaster587.advancedRocketry.item.ItemBiomeChanger,zmaster587.advancedRocketry.item,upstream_internal
src/main/java/zmaster587/advancedRocketry/satellite/SatelliteBiomeChanger.java,zmaster587.advancedRocketry.util.BiomeHandler,zmaster587.advancedRocketry.util,upstream_internal
src/main/java/zmaster587/advancedRocketry/satellite/SatelliteBiomeChanger.java,zmaster587.libVulpes.api.IUniversalEnergy,zmaster587.libVulpes.api,libvulpes
src/main/java/zmaster587/advancedRocketry/satellite/SatelliteBiomeChanger.java,zmaster587.libVulpes.util.HashedBlockPosition,zmaster587.libVulpes.util,libvulpes
src/main/java/zmaster587/advancedRocketry/satellite/SatelliteComposition.java,zmaster587.advancedRocketry.api.DataStorage,zmaster587.advancedRocketry.api,upstream_internal
src/main/java/zmaster587/advancedRocketry/satellite/SatelliteData.java,javax.annotation.Nonnull,javax.annotation.Nonnull,jdk
src/main/java/zmaster587/advancedRocketry/satellite/SatelliteData.java,net.minecraft.entity.player.EntityPlayer,net.minecraft.entity,minecraft
src/main/java/zmaster587/advancedRocketry/satellite/SatelliteData.java,net.minecraft.inventory.Container,net.minecraft.inventory,minecraft
src/main/java/zmaster587/advancedRocketry/satellite/SatelliteData.java,net.minecraft.inventory.IContainerListener,net.minecraft.inventory,minecraft
src/main/java/zmaster587/advancedRocketry/satellite/SatelliteData.java,net.minecraft.item.ItemStack,net.minecraft.item,minecraft
src/main/java/zmaster587/advancedRocketry/satellite/SatelliteData.java,net.minecraft.nbt.NBTTagCompound,net.minecraft.nbt,minecraft
src/main/java/zmaster587/advancedRocketry/satellite/SatelliteData.java,net.minecraft.tileentity.TileEntity,net.minecraft.tileentity,minecraft
src/main/java/zmaster587/advancedRocketry/satellite/SatelliteData.java,net.minecraft.util.EnumFacing,net.minecraft.util,minecraft
src/main/java/zmaster587/advancedRocketry/satellite/SatelliteData.java,net.minecraft.util.math.BlockPos,net.minecraft.util,minecraft
src/main/java/zmaster587/advancedRocketry/satellite/SatelliteData.java,net.minecraft.world.World,net.minecraft.world,minecraft
src/main/java/zmaster587/advancedRocketry/satellite/SatelliteData.java,zmaster587.advancedRocketry.AdvancedRocketry,zmaster587.advancedRocketry.AdvancedRocketry,upstream_internal
src/main/java/zmaster587/advancedRocketry/satellite/SatelliteData.java,zmaster587.advancedRocketry.api.DataStorage,zmaster587.advancedRocketry.api,upstream_internal
src/main/java/zmaster587/advancedRocketry/satellite/SatelliteData.java,zmaster587.advancedRocketry.api.SatelliteRegistry,zmaster587.advancedRocketry.api,upstream_internal
src/main/java/zmaster587/advancedRocketry/satellite/SatelliteData.java,zmaster587.advancedRocketry.api.satellite.IDataHandler,zmaster587.advancedRocketry.api,upstream_internal
src/main/java/zmaster587/advancedRocketry/satellite/SatelliteData.java,zmaster587.advancedRocketry.api.satellite.SatelliteBase,zmaster587.advancedRocketry.api,upstream_internal
src/main/java/zmaster587/advancedRocketry/satellite/SatelliteData.java,zmaster587.advancedRocketry.api.satellite.SatelliteProperties,zmaster587.advancedRocketry.api,upstream_internal
src/main/java/zmaster587/advancedRocketry/satellite/SatelliteData.java,zmaster587.advancedRocketry.util.IDataInventory,zmaster587.advancedRocketry.util,upstream_internal
src/main/java/zmaster587/advancedRocketry/satellite/SatelliteData.java,zmaster587.libVulpes.util.ZUtils,zmaster587.libVulpes.util,libvulpes
src/main/java/zmaster587/advancedRocketry/satellite/SatelliteDefunct.java,net.minecraft.entity.player.EntityPlayer,net.minecraft.entity,minecraft
src/main/java/zmaster587/advancedRocketry/satellite/SatelliteDefunct.java,net.minecraft.util.math.BlockPos,net.minecraft.util,minecraft
src/main/java/zmaster587/advancedRocketry/satellite/SatelliteDefunct.java,net.minecraft.world.World,net.minecraft.world,minecraft
src/main/java/zmaster587/advancedRocketry/satellite/SatelliteDefunct.java,zmaster587.advancedRocketry.api.satellite.SatelliteBase,zmaster587.advancedRocketry.api,upstream_internal
src/main/java/zmaster587/advancedRocketry/satellite/SatelliteDefunct.java,zmaster587.advancedRocketry.api.satellite.SatelliteProperties,zmaster587.advancedRocketry.api,upstream_internal
src/main/java/zmaster587/advancedRocketry/satellite/SatelliteDensity.java,zmaster587.advancedRocketry.api.DataStorage,zmaster587.advancedRocketry.api,upstream_internal
src/main/java/zmaster587/advancedRocketry/satellite/SatelliteMassScanner.java,zmaster587.advancedRocketry.api.DataStorage,zmaster587.advancedRocketry.api,upstream_internal
src/main/java/zmaster587/advancedRocketry/satellite/SatelliteMicrowaveEnergy.java,javax.annotation.Nonnull,javax.annotation.Nonnull,jdk
src/main/java/zmaster587/advancedRocketry/satellite/SatelliteMicrowaveEnergy.java,net.minecraft.entity.player.EntityPlayer,net.minecraft.entity,minecraft
src/main/java/zmaster587/advancedRocketry/satellite/SatelliteMicrowaveEnergy.java,net.minecraft.item.ItemStack,net.minecraft.item,minecraft
src/main/java/zmaster587/advancedRocketry/satellite/SatelliteMicrowaveEnergy.java,net.minecraft.nbt.NBTTagCompound,net.minecraft.nbt,minecraft
src/main/java/zmaster587/advancedRocketry/satellite/SatelliteMicrowaveEnergy.java,net.minecraft.util.EnumFacing,net.minecraft.util,minecraft
src/main/java/zmaster587/advancedRocketry/satellite/SatelliteMicrowaveEnergy.java,net.minecraft.util.math.BlockPos,net.minecraft.util,minecraft
src/main/java/zmaster587/advancedRocketry/satellite/SatelliteMicrowaveEnergy.java,net.minecraft.world.World,net.minecraft.world,minecraft
src/main/java/zmaster587/advancedRocketry/satellite/SatelliteMicrowaveEnergy.java,zmaster587.advancedRocketry.api.ARConfiguration,zmaster587.advancedRocketry.api,upstream_internal
src/main/java/zmaster587/advancedRocketry/satellite/SatelliteMicrowaveEnergy.java,zmaster587.advancedRocketry.api.satellite.SatelliteBase,zmaster587.advancedRocketry.api,upstream_internal
src/main/java/zmaster587/advancedRocketry/satellite/SatelliteMicrowaveEnergy.java,zmaster587.libVulpes.LibVulpes,zmaster587.libVulpes.LibVulpes,libvulpes
src/main/java/zmaster587/advancedRocketry/satellite/SatelliteMicrowaveEnergy.java,zmaster587.libVulpes.api.IUniversalEnergyTransmitter,zmaster587.libVulpes.api,libvulpes
src/main/java/zmaster587/advancedRocketry/satellite/SatelliteOptical.java,zmaster587.advancedRocketry.api.DataStorage,zmaster587.advancedRocketry.api,upstream_internal
src/main/java/zmaster587/advancedRocketry/satellite/SatelliteOptical.java,zmaster587.advancedRocketry.api.DataStorage.DataType,zmaster587.advancedRocketry.api,upstream_internal
src/main/java/zmaster587/advancedRocketry/satellite/SatelliteOreMapping.java,java.util.ArrayList,java.util.ArrayList,jdk
src/main/java/zmaster587/advancedRocketry/satellite/SatelliteOreMapping.java,java.util.List,java.util.List,jdk
src/main/java/zmaster587/advancedRocketry/satellite/SatelliteOreMapping.java,javax.annotation.Nonnull,javax.annotation.Nonnull,jdk
src/main/java/zmaster587/advancedRocketry/satellite/SatelliteOreMapping.java,net.minecraft.block.state.IBlockState,net.minecraft.block,minecraft
src/main/java/zmaster587/advancedRocketry/satellite/SatelliteOreMapping.java,net.minecraft.entity.player.EntityPlayer,net.minecraft.entity,minecraft
src/main/java/zmaster587/advancedRocketry/satellite/SatelliteOreMapping.java,net.minecraft.item.Item,net.minecraft.item,minecraft
src/main/java/zmaster587/advancedRocketry/satellite/SatelliteOreMapping.java,net.minecraft.item.ItemStack,net.minecraft.item,minecraft
src/main/java/zmaster587/advancedRocketry/satellite/SatelliteOreMapping.java,net.minecraft.util.math.BlockPos,net.minecraft.util,minecraft
src/main/java/zmaster587/advancedRocketry/satellite/SatelliteOreMapping.java,net.minecraft.world.World,net.minecraft.world,minecraft
src/main/java/zmaster587/advancedRocketry/satellite/SatelliteOreMapping.java,net.minecraftforge.oredict.OreDictionary,net.minecraftforge.oredict,minecraft
src/main/java/zmaster587/advancedRocketry/satellite/SatelliteOreMapping.java,zmaster587.advancedRocketry.AdvancedRocketry,zmaster587.advancedRocketry.AdvancedRocketry,upstream_internal
src/main/java/zmaster587/advancedRocketry/satellite/SatelliteOreMapping.java,zmaster587.advancedRocketry.api.AdvancedRocketryItems,zmaster587.advancedRocketry.api,upstream_internal
src/main/java/zmaster587/advancedRocketry/satellite/SatelliteOreMapping.java,zmaster587.advancedRocketry.api.SatelliteRegistry,zmaster587.advancedRocketry.api,upstream_internal
src/main/java/zmaster587/advancedRocketry/satellite/SatelliteOreMapping.java,zmaster587.advancedRocketry.api.satellite.SatelliteBase,zmaster587.advancedRocketry.api,upstream_internal
src/main/java/zmaster587/advancedRocketry/satellite/SatelliteOreMapping.java,zmaster587.advancedRocketry.api.satellite.SatelliteProperties,zmaster587.advancedRocketry.api,upstream_internal
src/main/java/zmaster587/advancedRocketry/satellite/SatelliteOreMapping.java,zmaster587.advancedRocketry.item.ItemOreScanner,zmaster587.advancedRocketry.item,upstream_internal
src/main/java/zmaster587/advancedRocketry/satellite/SatelliteSpyTelescope.java,net.minecraft.entity.player.EntityPlayer,net.minecraft.entity,minecraft
src/main/java/zmaster587/advancedRocketry/satellite/SatelliteSpyTelescope.java,net.minecraft.nbt.NBTTagCompound,net.minecraft.nbt,minecraft
src/main/java/zmaster587/advancedRocketry/satellite/SatelliteSpyTelescope.java,net.minecraft.util.math.BlockPos,net.minecraft.util,minecraft
src/main/java/zmaster587/advancedRocketry/satellite/SatelliteSpyTelescope.java,net.minecraft.world.World,net.minecraft.world,minecraft
src/main/java/zmaster587/advancedRocketry/satellite/SatelliteSpyTelescope.java,zmaster587.advancedRocketry.api.satellite.SatelliteBase,zmaster587.advancedRocketry.api,upstream_internal
src/main/java/zmaster587/advancedRocketry/stations/SpaceObjectBase.java,net.minecraft.nbt.NBTTagCompound,net.minecraft.nbt,minecraft
src/main/java/zmaster587/advancedRocketry/stations/SpaceObjectBase.java,net.minecraft.util.EnumFacing,net.minecraft.util,minecraft
src/main/java/zmaster587/advancedRocketry/stations/SpaceObjectBase.java,net.minecraft.world.World,net.minecraft.world,minecraft
src/main/java/zmaster587/advancedRocketry/stations/SpaceObjectBase.java,net.minecraftforge.common.DimensionManager,net.minecraftforge.common,minecraft
src/main/java/zmaster587/advancedRocketry/stations/SpaceObjectBase.java,net.minecraftforge.fml.common.FMLCommonHandler,net.minecraftforge.fml,minecraft
src/main/java/zmaster587/advancedRocketry/stations/SpaceObjectBase.java,net.minecraftforge.fml.relauncher.Side,net.minecraftforge.fml,minecraft
src/main/java/zmaster587/advancedRocketry/stations/SpaceObjectBase.java,net.minecraftforge.fml.relauncher.SideOnly,net.minecraftforge.fml,minecraft
src/main/java/zmaster587/advancedRocketry/stations/SpaceObjectBase.java,zmaster587.advancedRocketry.AdvancedRocketry,zmaster587.advancedRocketry.AdvancedRocketry,upstream_internal
src/main/java/zmaster587/advancedRocketry/stations/SpaceObjectBase.java,zmaster587.advancedRocketry.api.ARConfiguration,zmaster587.advancedRocketry.api,upstream_internal
src/main/java/zmaster587/advancedRocketry/stations/SpaceObjectBase.java,zmaster587.advancedRocketry.api.stations.ISpaceObject,zmaster587.advancedRocketry.api,upstream_internal
src/main/java/zmaster587/advancedRocketry/stations/SpaceObjectBase.java,zmaster587.advancedRocketry.api.stations.IStorageChunk,zmaster587.advancedRocketry.api,upstream_internal
src/main/java/zmaster587/advancedRocketry/stations/SpaceObjectBase.java,zmaster587.advancedRocketry.dimension.DimensionProperties,zmaster587.advancedRocketry.dimension,upstream_internal
src/main/java/zmaster587/advancedRocketry/stations/SpaceObjectBase.java,zmaster587.advancedRocketry.network.PacketStationUpdate,zmaster587.advancedRocketry.network,upstream_internal
src/main/java/zmaster587/advancedRocketry/stations/SpaceObjectBase.java,zmaster587.libVulpes.network.PacketHandler,zmaster587.libVulpes.network,libvulpes
src/main/java/zmaster587/advancedRocketry/stations/SpaceObjectBase.java,zmaster587.libVulpes.util.HashedBlockPosition,zmaster587.libVulpes.util,libvulpes
src/main/java/zmaster587/advancedRocketry/stations/SpaceObjectManager.java,java.util.*,java.util.*,jdk
src/main/java/zmaster587/advancedRocketry/stations/SpaceObjectManager.java,javax.annotation.Nonnull,javax.annotation.Nonnull,jdk
src/main/java/zmaster587/advancedRocketry/stations/SpaceObjectManager.java,net.minecraft.nbt.NBTTagCompound,net.minecraft.nbt,minecraft
src/main/java/zmaster587/advancedRocketry/stations/SpaceObjectManager.java,net.minecraft.nbt.NBTTagList,net.minecraft.nbt,minecraft
src/main/java/zmaster587/advancedRocketry/stations/SpaceObjectManager.java,net.minecraft.util.math.BlockPos,net.minecraft.util,minecraft
src/main/java/zmaster587/advancedRocketry/stations/SpaceObjectManager.java,net.minecraft.util.text.TextComponentString,net.minecraft.util,minecraft
src/main/java/zmaster587/advancedRocketry/stations/SpaceObjectManager.java,net.minecraftforge.common.DimensionManager,net.minecraftforge.common,minecraft
src/main/java/zmaster587/advancedRocketry/stations/SpaceObjectManager.java,net.minecraftforge.common.util.Constants.NBT,net.minecraftforge.common,minecraft
src/main/java/zmaster587/advancedRocketry/stations/SpaceObjectManager.java,net.minecraftforge.fml.common.eventhandler.SubscribeEvent,net.minecraftforge.fml,minecraft
src/main/java/zmaster587/advancedRocketry/stations/SpaceObjectManager.java,net.minecraftforge.fml.common.gameevent.TickEvent,net.minecraftforge.fml,minecraft
src/main/java/zmaster587/advancedRocketry/stations/SpaceObjectManager.java,net.minecraftforge.fml.common.gameevent.TickEvent.PlayerTickEvent,net.minecraftforge.fml,minecraft
src/main/java/zmaster587/advancedRocketry/stations/SpaceObjectManager.java,net.minecraftforge.fml.relauncher.Side,net.minecraftforge.fml,minecraft
src/main/java/zmaster587/advancedRocketry/stations/SpaceObjectManager.java,net.minecraftforge.fml.relauncher.SideOnly,net.minecraftforge.fml,minecraft
src/main/java/zmaster587/advancedRocketry/stations/SpaceObjectManager.java,zmaster587.advancedRocketry.AdvancedRocketry,zmaster587.advancedRocketry.AdvancedRocketry,upstream_internal
src/main/java/zmaster587/advancedRocketry/stations/SpaceObjectManager.java,zmaster587.advancedRocketry.api.ARConfiguration,zmaster587.advancedRocketry.api,upstream_internal
src/main/java/zmaster587/advancedRocketry/stations/SpaceObjectManager.java,zmaster587.advancedRocketry.api.AdvancedRocketryAPI,zmaster587.advancedRocketry.api,upstream_internal
src/main/java/zmaster587/advancedRocketry/stations/SpaceObjectManager.java,zmaster587.advancedRocketry.api.ISpaceObjectManager,zmaster587.advancedRocketry.api,upstream_internal
src/main/java/zmaster587/advancedRocketry/stations/SpaceObjectManager.java,zmaster587.advancedRocketry.api.stations.ISpaceObject,zmaster587.advancedRocketry.api,upstream_internal
src/main/java/zmaster587/advancedRocketry/stations/SpaceObjectManager.java,zmaster587.advancedRocketry.dimension.DimensionProperties,zmaster587.advancedRocketry.dimension,upstream_internal
src/main/java/zmaster587/advancedRocketry/stations/SpaceObjectManager.java,zmaster587.advancedRocketry.network.PacketSpaceStationInfo,zmaster587.advancedRocketry.network,upstream_internal
src/main/java/zmaster587/advancedRocketry/stations/SpaceObjectManager.java,zmaster587.advancedRocketry.network.PacketStationUpdate,zmaster587.advancedRocketry.network,upstream_internal
src/main/java/zmaster587/advancedRocketry/stations/SpaceObjectManager.java,zmaster587.libVulpes.network.PacketHandler,zmaster587.libVulpes.network,libvulpes
src/main/java/zmaster587/advancedRocketry/stations/SpaceObjectManager.java,zmaster587.libVulpes.util.HashedBlockPosition,zmaster587.libVulpes.util,libvulpes
src/main/java/zmaster587/advancedRocketry/stations/SpaceStationObject.java,java.util.*,java.util.*,jdk
src/main/java/zmaster587/advancedRocketry/stations/SpaceStationObject.java,java.util.Map.Entry,java.util.Map,jdk
src/main/java/zmaster587/advancedRocketry/stations/SpaceStationObject.java,javax.annotation.Nonnull,javax.annotation.Nonnull,jdk
src/main/java/zmaster587/advancedRocketry/stations/SpaceStationObject.java,net.minecraft.nbt.NBTTagCompound,net.minecraft.nbt,minecraft
src/main/java/zmaster587/advancedRocketry/stations/SpaceStationObject.java,net.minecraft.nbt.NBTTagList,net.minecraft.nbt,minecraft
src/main/java/zmaster587/advancedRocketry/stations/SpaceStationObject.java,net.minecraft.tileentity.TileEntity,net.minecraft.tileentity,minecraft
src/main/java/zmaster587/advancedRocketry/stations/SpaceStationObject.java,net.minecraft.util.EnumFacing,net.minecraft.util,minecraft
src/main/java/zmaster587/advancedRocketry/stations/SpaceStationObject.java,net.minecraft.util.EnumFacing.AxisDirection,net.minecraft.util,minecraft
src/main/java/zmaster587/advancedRocketry/stations/SpaceStationObject.java,net.minecraft.util.math.BlockPos,net.minecraft.util,minecraft
src/main/java/zmaster587/advancedRocketry/stations/SpaceStationObject.java,net.minecraft.world.World,net.minecraft.world,minecraft
src/main/java/zmaster587/advancedRocketry/stations/SpaceStationObject.java,net.minecraftforge.common.DimensionManager,net.minecraftforge.common,minecraft
src/main/java/zmaster587/advancedRocketry/stations/SpaceStationObject.java,net.minecraftforge.common.util.Constants.NBT,net.minecraftforge.common,minecraft
src/main/java/zmaster587/advancedRocketry/stations/SpaceStationObject.java,net.minecraftforge.fml.common.FMLCommonHandler,net.minecraftforge.fml,minecraft
src/main/java/zmaster587/advancedRocketry/stations/SpaceStationObject.java,net.minecraftforge.fml.relauncher.Side,net.minecraftforge.fml,minecraft
src/main/java/zmaster587/advancedRocketry/stations/SpaceStationObject.java,net.minecraftforge.fml.relauncher.SideOnly,net.minecraftforge.fml,minecraft
src/main/java/zmaster587/advancedRocketry/stations/SpaceStationObject.java,zmaster587.advancedRocketry.AdvancedRocketry,zmaster587.advancedRocketry.AdvancedRocketry,upstream_internal
src/main/java/zmaster587/advancedRocketry/stations/SpaceStationObject.java,zmaster587.advancedRocketry.api.ARConfiguration,zmaster587.advancedRocketry.api,upstream_internal
src/main/java/zmaster587/advancedRocketry/stations/SpaceStationObject.java,zmaster587.advancedRocketry.api.Constants,zmaster587.advancedRocketry.api,upstream_internal
src/main/java/zmaster587/advancedRocketry/stations/SpaceStationObject.java,zmaster587.advancedRocketry.api.dimension.IDimensionProperties,zmaster587.advancedRocketry.api,upstream_internal
src/main/java/zmaster587/advancedRocketry/stations/SpaceStationObject.java,zmaster587.advancedRocketry.api.dimension.solar.StellarBody,zmaster587.advancedRocketry.api,upstream_internal
src/main/java/zmaster587/advancedRocketry/stations/SpaceStationObject.java,zmaster587.advancedRocketry.api.stations.ISpaceObject,zmaster587.advancedRocketry.api,upstream_internal
src/main/java/zmaster587/advancedRocketry/stations/SpaceStationObject.java,zmaster587.advancedRocketry.api.stations.IStorageChunk,zmaster587.advancedRocketry.api,upstream_internal
src/main/java/zmaster587/advancedRocketry/stations/SpaceStationObject.java,zmaster587.advancedRocketry.dimension.DimensionProperties,zmaster587.advancedRocketry.dimension,upstream_internal
src/main/java/zmaster587/advancedRocketry/stations/SpaceStationObject.java,zmaster587.advancedRocketry.inventory.IPlanetDefiner,zmaster587.advancedRocketry.inventory,upstream_internal
src/main/java/zmaster587/advancedRocketry/stations/SpaceStationObject.java,zmaster587.advancedRocketry.network.PacketSpaceStationInfo,zmaster587.advancedRocketry.network,upstream_internal
src/main/java/zmaster587/advancedRocketry/stations/SpaceStationObject.java,zmaster587.advancedRocketry.network.PacketStationUpdate,zmaster587.advancedRocketry.network,upstream_internal
src/main/java/zmaster587/advancedRocketry/stations/SpaceStationObject.java,zmaster587.advancedRocketry.network.PacketStationUpdate.Type,zmaster587.advancedRocketry.network,upstream_internal
src/main/java/zmaster587/advancedRocketry/stations/SpaceStationObject.java,zmaster587.advancedRocketry.tile.station.TileDockingPort,zmaster587.advancedRocketry.tile,upstream_internal
src/main/java/zmaster587/advancedRocketry/stations/SpaceStationObject.java,zmaster587.advancedRocketry.util.SpacePosition,zmaster587.advancedRocketry.util,upstream_internal
src/main/java/zmaster587/advancedRocketry/stations/SpaceStationObject.java,zmaster587.advancedRocketry.util.StationLandingLocation,zmaster587.advancedRocketry.util,upstream_internal
src/main/java/zmaster587/advancedRocketry/stations/SpaceStationObject.java,zmaster587.libVulpes.block.BlockFullyRotatable,zmaster587.libVulpes.block,libvulpes
src/main/java/zmaster587/advancedRocketry/stations/SpaceStationObject.java,zmaster587.libVulpes.network.PacketHandler,zmaster587.libVulpes.network,libvulpes
src/main/java/zmaster587/advancedRocketry/stations/SpaceStationObject.java,zmaster587.libVulpes.util.HashedBlockPosition,zmaster587.libVulpes.util,libvulpes
src/main/java/zmaster587/advancedRocketry/tile/TileFluidTank.java,javax.annotation.Nonnull,javax.annotation.Nonnull,jdk
src/main/java/zmaster587/advancedRocketry/tile/TileFluidTank.java,net.minecraft.item.ItemStack,net.minecraft.item,minecraft
src/main/java/zmaster587/advancedRocketry/tile/TileFluidTank.java,net.minecraft.nbt.NBTTagCompound,net.minecraft.nbt,minecraft
src/main/java/zmaster587/advancedRocketry/tile/TileFluidTank.java,net.minecraft.network.NetworkManager,net.minecraft.network,minecraft
src/main/java/zmaster587/advancedRocketry/tile/TileFluidTank.java,net.minecraft.network.play.server.SPacketUpdateTileEntity,net.minecraft.network,minecraft
src/main/java/zmaster587/advancedRocketry/tile/TileFluidTank.java,net.minecraft.tileentity.TileEntity,net.minecraft.tileentity,minecraft
src/main/java/zmaster587/advancedRocketry/tile/TileFluidTank.java,net.minecraft.util.EnumFacing,net.minecraft.util,minecraft
src/main/java/zmaster587/advancedRocketry/tile/TileFluidTank.java,net.minecraftforge.fluids.FluidStack,net.minecraftforge.fluids,minecraft
src/main/java/zmaster587/advancedRocketry/tile/TileFluidTank.java,net.minecraftforge.fluids.capability.IFluidHandler,net.minecraftforge.fluids,minecraft
src/main/java/zmaster587/advancedRocketry/tile/TileFluidTank.java,zmaster587.advancedRocketry.api.AdvancedRocketryBlocks,zmaster587.advancedRocketry.api,upstream_internal
src/main/java/zmaster587/advancedRocketry/tile/TileFluidTank.java,zmaster587.advancedRocketry.world.util.WorldDummy,zmaster587.advancedRocketry.world,upstream_internal
src/main/java/zmaster587/advancedRocketry/tile/TileFluidTank.java,zmaster587.libVulpes.tile.multiblock.hatch.TileFluidHatch,zmaster587.libVulpes.tile,libvulpes
src/main/java/zmaster587/advancedRocketry/tile/TileForceFieldProjector.java,net.minecraft.block.state.IBlockState,net.minecraft.block,minecraft
src/main/java/zmaster587/advancedRocketry/tile/TileForceFieldProjector.java,net.minecraft.nbt.NBTTagCompound,net.minecraft.nbt,minecraft
src/main/java/zmaster587/advancedRocketry/tile/TileForceFieldProjector.java,net.minecraft.tileentity.TileEntity,net.minecraft.tileentity,minecraft
src/main/java/zmaster587/advancedRocketry/tile/TileForceFieldProjector.java,net.minecraft.util.EnumFacing,net.minecraft.util,minecraft
src/main/java/zmaster587/advancedRocketry/tile/TileForceFieldProjector.java,net.minecraft.util.ITickable,net.minecraft.util,minecraft
src/main/java/zmaster587/advancedRocketry/tile/TileForceFieldProjector.java,net.minecraft.util.math.BlockPos,net.minecraft.util,minecraft
src/main/java/zmaster587/advancedRocketry/tile/TileForceFieldProjector.java,zmaster587.advancedRocketry.AdvancedRocketry,zmaster587.advancedRocketry.AdvancedRocketry,upstream_internal
src/main/java/zmaster587/advancedRocketry/tile/TileForceFieldProjector.java,zmaster587.advancedRocketry.api.AdvancedRocketryBlocks,zmaster587.advancedRocketry.api,upstream_internal
src/main/java/zmaster587/advancedRocketry/tile/TileForceFieldProjector.java,zmaster587.libVulpes.block.BlockFullyRotatable,zmaster587.libVulpes.block,libvulpes
src/main/java/zmaster587/advancedRocketry/tile/TileGuidanceComputer.java,java.util.HashMap,java.util.HashMap,jdk
src/main/java/zmaster587/advancedRocketry/tile/TileGuidanceComputer.java,java.util.List,java.util.List,jdk
src/main/java/zmaster587/advancedRocketry/tile/TileGuidanceComputer.java,java.util.Map,java.util.Map,jdk
src/main/java/zmaster587/advancedRocketry/tile/TileGuidanceComputer.java,javax.annotation.Nonnull,javax.annotation.Nonnull,jdk
src/main/java/zmaster587/advancedRocketry/tile/TileGuidanceComputer.java,net.minecraft.entity.player.EntityPlayer,net.minecraft.entity,minecraft
src/main/java/zmaster587/advancedRocketry/tile/TileGuidanceComputer.java,net.minecraft.item.Item,net.minecraft.item,minecraft
src/main/java/zmaster587/advancedRocketry/tile/TileGuidanceComputer.java,net.minecraft.item.ItemStack,net.minecraft.item,minecraft
src/main/java/zmaster587/advancedRocketry/tile/TileGuidanceComputer.java,net.minecraft.nbt.NBTTagCompound,net.minecraft.nbt,minecraft
src/main/java/zmaster587/advancedRocketry/tile/TileGuidanceComputer.java,net.minecraft.nbt.NBTTagList,net.minecraft.nbt,minecraft
src/main/java/zmaster587/advancedRocketry/tile/TileGuidanceComputer.java,net.minecraft.util.math.BlockPos,net.minecraft.util,minecraft
src/main/java/zmaster587/advancedRocketry/tile/TileGuidanceComputer.java,net.minecraftforge.common.util.Constants.NBT,net.minecraftforge.common,minecraft
src/main/java/zmaster587/advancedRocketry/tile/TileGuidanceComputer.java,zmaster587.advancedRocketry.api.ARConfiguration,zmaster587.advancedRocketry.api,upstream_internal
src/main/java/zmaster587/advancedRocketry/tile/TileGuidanceComputer.java,zmaster587.advancedRocketry.api.AdvancedRocketryBlocks,zmaster587.advancedRocketry.api,upstream_internal
src/main/java/zmaster587/advancedRocketry/tile/TileGuidanceComputer.java,zmaster587.advancedRocketry.api.Constants,zmaster587.advancedRocketry.api,upstream_internal
src/main/java/zmaster587/advancedRocketry/tile/TileGuidanceComputer.java,zmaster587.advancedRocketry.api.SatelliteRegistry,zmaster587.advancedRocketry.api,upstream_internal
src/main/java/zmaster587/advancedRocketry/tile/TileGuidanceComputer.java,zmaster587.advancedRocketry.api.satellite.SatelliteBase,zmaster587.advancedRocketry.api,upstream_internal
src/main/java/zmaster587/advancedRocketry/tile/TileGuidanceComputer.java,zmaster587.advancedRocketry.api.stations.ISpaceObject,zmaster587.advancedRocketry.api,upstream_internal
src/main/java/zmaster587/advancedRocketry/tile/TileGuidanceComputer.java,zmaster587.advancedRocketry.dimension.DimensionManager,zmaster587.advancedRocketry.dimension,upstream_internal
src/main/java/zmaster587/advancedRocketry/tile/TileGuidanceComputer.java,zmaster587.advancedRocketry.item.ItemAsteroidChip,zmaster587.advancedRocketry.item,upstream_internal
src/main/java/zmaster587/advancedRocketry/tile/TileGuidanceComputer.java,zmaster587.advancedRocketry.item.ItemPlanetIdentificationChip,zmaster587.advancedRocketry.item,upstream_internal
src/main/java/zmaster587/advancedRocketry/tile/TileGuidanceComputer.java,zmaster587.advancedRocketry.item.ItemSatelliteIdentificationChip,zmaster587.advancedRocketry.item,upstream_internal
src/main/java/zmaster587/advancedRocketry/tile/TileGuidanceComputer.java,zmaster587.advancedRocketry.item.ItemStationChip,zmaster587.advancedRocketry.item,upstream_internal
src/main/java/zmaster587/advancedRocketry/tile/TileGuidanceComputer.java,zmaster587.advancedRocketry.item.ItemStationChip.LandingLocation,zmaster587.advancedRocketry.item,upstream_internal
src/main/java/zmaster587/advancedRocketry/tile/TileGuidanceComputer.java,zmaster587.advancedRocketry.stations.SpaceObjectManager,zmaster587.advancedRocketry.stations,upstream_internal
src/main/java/zmaster587/advancedRocketry/tile/TileGuidanceComputer.java,zmaster587.advancedRocketry.stations.SpaceStationObject,zmaster587.advancedRocketry.stations,upstream_internal
src/main/java/zmaster587/advancedRocketry/tile/TileGuidanceComputer.java,zmaster587.advancedRocketry.util.PlanetaryTravelHelper,zmaster587.advancedRocketry.util,upstream_internal
src/main/java/zmaster587/advancedRocketry/tile/TileGuidanceComputer.java,zmaster587.advancedRocketry.util.StationLandingLocation,zmaster587.advancedRocketry.util,upstream_internal
src/main/java/zmaster587/advancedRocketry/tile/TileGuidanceComputer.java,zmaster587.libVulpes.api.LibVulpesItems,zmaster587.libVulpes.api,libvulpes
src/main/java/zmaster587/advancedRocketry/tile/TileGuidanceComputer.java,zmaster587.libVulpes.inventory.modules.IModularInventory,zmaster587.libVulpes.inventory,libvulpes
src/main/java/zmaster587/advancedRocketry/tile/TileGuidanceComputer.java,zmaster587.libVulpes.inventory.modules.ModuleBase,zmaster587.libVulpes.inventory,libvulpes
src/main/java/zmaster587/advancedRocketry/tile/TileGuidanceComputer.java,zmaster587.libVulpes.items.ItemLinker,zmaster587.libVulpes.items,libvulpes
src/main/java/zmaster587/advancedRocketry/tile/TileGuidanceComputer.java,zmaster587.libVulpes.tile.multiblock.hatch.TileInventoryHatch,zmaster587.libVulpes.tile,libvulpes
src/main/java/zmaster587/advancedRocketry/tile/TileGuidanceComputer.java,zmaster587.libVulpes.util.HashedBlockPosition,zmaster587.libVulpes.util,libvulpes
src/main/java/zmaster587/advancedRocketry/tile/TileGuidanceComputer.java,zmaster587.libVulpes.util.Vector3F,zmaster587.libVulpes.util,libvulpes
src/main/java/zmaster587/advancedRocketry/tile/TilePump.java,java.util.*,java.util.*,jdk
src/main/java/zmaster587/advancedRocketry/tile/TilePump.java,net.minecraft.block.Block,net.minecraft.block,minecraft
src/main/java/zmaster587/advancedRocketry/tile/TilePump.java,net.minecraft.block.material.Material,net.minecraft.block,minecraft
src/main/java/zmaster587/advancedRocketry/tile/TilePump.java,net.minecraft.entity.player.EntityPlayer,net.minecraft.entity,minecraft
src/main/java/zmaster587/advancedRocketry/tile/TilePump.java,net.minecraft.tileentity.TileEntity,net.minecraft.tileentity,minecraft
src/main/java/zmaster587/advancedRocketry/tile/TilePump.java,net.minecraft.util.EnumFacing,net.minecraft.util,minecraft
src/main/java/zmaster587/advancedRocketry/tile/TilePump.java,net.minecraft.util.math.BlockPos,net.minecraft.util,minecraft
src/main/java/zmaster587/advancedRocketry/tile/TilePump.java,net.minecraft.util.math.BlockPos.MutableBlockPos,net.minecraft.util,minecraft
src/main/java/zmaster587/advancedRocketry/tile/TilePump.java,net.minecraftforge.common.capabilities.Capability,net.minecraftforge.common,minecraft
src/main/java/zmaster587/advancedRocketry/tile/TilePump.java,net.minecraftforge.fluids.Fluid,net.minecraftforge.fluids,minecraft
src/main/java/zmaster587/advancedRocketry/tile/TilePump.java,net.minecraftforge.fluids.FluidStack,net.minecraftforge.fluids,minecraft
src/main/java/zmaster587/advancedRocketry/tile/TilePump.java,net.minecraftforge.fluids.FluidTank,net.minecraftforge.fluids,minecraft
src/main/java/zmaster587/advancedRocketry/tile/TilePump.java,net.minecraftforge.fluids.IFluidBlock,net.minecraftforge.fluids,minecraft
src/main/java/zmaster587/advancedRocketry/tile/TilePump.java,net.minecraftforge.fluids.capability.CapabilityFluidHandler,net.minecraftforge.fluids,minecraft
src/main/java/zmaster587/advancedRocketry/tile/TilePump.java,net.minecraftforge.fluids.capability.IFluidHandler,net.minecraftforge.fluids,minecraft
src/main/java/zmaster587/advancedRocketry/tile/TilePump.java,net.minecraftforge.fluids.capability.IFluidTankProperties,net.minecraftforge.fluids,minecraft
src/main/java/zmaster587/advancedRocketry/tile/TilePump.java,zmaster587.advancedRocketry.network.PacketFluidParticle,zmaster587.advancedRocketry.network,upstream_internal
src/main/java/zmaster587/advancedRocketry/tile/TilePump.java,zmaster587.libVulpes.cap.FluidCapability,zmaster587.libVulpes.cap,libvulpes
src/main/java/zmaster587/advancedRocketry/tile/TilePump.java,zmaster587.libVulpes.inventory.modules.IModularInventory,zmaster587.libVulpes.inventory,libvulpes
src/main/java/zmaster587/advancedRocketry/tile/TilePump.java,zmaster587.libVulpes.inventory.modules.ModuleBase,zmaster587.libVulpes.inventory,libvulpes
src/main/java/zmaster587/advancedRocketry/tile/TilePump.java,zmaster587.libVulpes.network.PacketHandler,zmaster587.libVulpes.network,libvulpes
src/main/java/zmaster587/advancedRocketry/tile/TilePump.java,zmaster587.libVulpes.tile.TileEntityRFConsumer,zmaster587.libVulpes.tile,libvulpes
src/main/java/zmaster587/advancedRocketry/tile/TileRocketAssemblingMachine.java,io.netty.buffer.ByteBuf,io.netty.buffer,third_party
src/main/java/zmaster587/advancedRocketry/tile/TileRocketAssemblingMachine.java,java.util.Iterator,java.util.Iterator,jdk
src/main/java/zmaster587/advancedRocketry/tile/TileRocketAssemblingMachine.java,java.util.LinkedList,java.util.LinkedList,jdk
src/main/java/zmaster587/advancedRocketry/tile/TileRocketAssemblingMachine.java,java.util.List,java.util.List,jdk
src/main/java/zmaster587/advancedRocketry/tile/TileRocketAssemblingMachine.java,javax.annotation.Nonnull,javax.annotation.Nonnull,jdk
src/main/java/zmaster587/advancedRocketry/tile/TileRocketAssemblingMachine.java,javax.annotation.Nullable,javax.annotation.Nullable,jdk
src/main/java/zmaster587/advancedRocketry/tile/TileRocketAssemblingMachine.java,net.minecraft.block.Block,net.minecraft.block,minecraft
src/main/java/zmaster587/advancedRocketry/tile/TileRocketAssemblingMachine.java,net.minecraft.block.state.IBlockState,net.minecraft.block,minecraft
src/main/java/zmaster587/advancedRocketry/tile/TileRocketAssemblingMachine.java,net.minecraft.entity.player.EntityPlayer,net.minecraft.entity,minecraft
src/main/java/zmaster587/advancedRocketry/tile/TileRocketAssemblingMachine.java,net.minecraft.item.ItemStack,net.minecraft.item,minecraft
src/main/java/zmaster587/advancedRocketry/tile/TileRocketAssemblingMachine.java,net.minecraft.nbt.NBTTagCompound,net.minecraft.nbt,minecraft
src/main/java/zmaster587/advancedRocketry/tile/TileRocketAssemblingMachine.java,net.minecraft.network.NetworkManager,net.minecraft.network,minecraft
src/main/java/zmaster587/advancedRocketry/tile/TileRocketAssemblingMachine.java,net.minecraft.network.play.server.SPacketUpdateTileEntity,net.minecraft.network,minecraft
src/main/java/zmaster587/advancedRocketry/tile/TileRocketAssemblingMachine.java,net.minecraft.tileentity.TileEntity,net.minecraft.tileentity,minecraft
src/main/java/zmaster587/advancedRocketry/tile/TileRocketAssemblingMachine.java,net.minecraft.util.EnumFacing,net.minecraft.util,minecraft
src/main/java/zmaster587/advancedRocketry/tile/TileRocketAssemblingMachine.java,net.minecraft.util.ResourceLocation,net.minecraft.util,minecraft
src/main/java/zmaster587/advancedRocketry/tile/TileRocketAssemblingMachine.java,net.minecraft.util.math.AxisAlignedBB,net.minecraft.util,minecraft
src/main/java/zmaster587/advancedRocketry/tile/TileRocketAssemblingMachine.java,net.minecraft.util.math.BlockPos,net.minecraft.util,minecraft
src/main/java/zmaster587/advancedRocketry/tile/TileRocketAssemblingMachine.java,net.minecraft.util.math.MathHelper,net.minecraft.util,minecraft
src/main/java/zmaster587/advancedRocketry/tile/TileRocketAssemblingMachine.java,net.minecraft.util.text.TextComponentTranslation,net.minecraft.util,minecraft
src/main/java/zmaster587/advancedRocketry/tile/TileRocketAssemblingMachine.java,net.minecraft.world.World,net.minecraft.world,minecraft
src/main/java/zmaster587/advancedRocketry/tile/TileRocketAssemblingMachine.java,net.minecraftforge.common.MinecraftForge,net.minecraftforge.common,minecraft
src/main/java/zmaster587/advancedRocketry/tile/TileRocketAssemblingMachine.java,net.minecraftforge.fml.common.eventhandler.SubscribeEvent,net.minecraftforge.fml,minecraft
src/main/java/zmaster587/advancedRocketry/tile/TileRocketAssemblingMachine.java,net.minecraftforge.fml.relauncher.Side,net.minecraftforge.fml,minecraft
src/main/java/zmaster587/advancedRocketry/tile/TileRocketAssemblingMachine.java,zmaster587.advancedRocketry.AdvancedRocketry,zmaster587.advancedRocketry.AdvancedRocketry,upstream_internal
src/main/java/zmaster587/advancedRocketry/tile/TileRocketAssemblingMachine.java,zmaster587.advancedRocketry.api.*,zmaster587.advancedRocketry.api,upstream_internal
src/main/java/zmaster587/advancedRocketry/tile/TileRocketAssemblingMachine.java,zmaster587.advancedRocketry.api.RocketEvent.RocketLandedEvent,zmaster587.advancedRocketry.api,upstream_internal
src/main/java/zmaster587/advancedRocketry/tile/TileRocketAssemblingMachine.java,zmaster587.advancedRocketry.api.fuel.FuelRegistry.FuelType,zmaster587.advancedRocketry.api,upstream_internal
src/main/java/zmaster587/advancedRocketry/tile/TileRocketAssemblingMachine.java,zmaster587.advancedRocketry.block.*,zmaster587.advancedRocketry.block,upstream_internal
src/main/java/zmaster587/advancedRocketry/tile/TileRocketAssemblingMachine.java,zmaster587.advancedRocketry.dimension.DimensionManager,zmaster587.advancedRocketry.dimension,upstream_internal
src/main/java/zmaster587/advancedRocketry/tile/TileRocketAssemblingMachine.java,zmaster587.advancedRocketry.entity.EntityRocket,zmaster587.advancedRocketry.entity,upstream_internal
src/main/java/zmaster587/advancedRocketry/tile/TileRocketAssemblingMachine.java,zmaster587.advancedRocketry.network.PacketInvalidLocationNotify,zmaster587.advancedRocketry.network,upstream_internal
src/main/java/zmaster587/advancedRocketry/tile/TileRocketAssemblingMachine.java,zmaster587.advancedRocketry.tile.hatch.TileSatelliteHatch,zmaster587.advancedRocketry.tile,upstream_internal
src/main/java/zmaster587/advancedRocketry/tile/TileRocketAssemblingMachine.java,zmaster587.advancedRocketry.util.StorageChunk,zmaster587.advancedRocketry.util,upstream_internal
src/main/java/zmaster587/advancedRocketry/tile/TileRocketAssemblingMachine.java,zmaster587.libVulpes.LibVulpes,zmaster587.libVulpes.LibVulpes,libvulpes
src/main/java/zmaster587/advancedRocketry/tile/TileRocketAssemblingMachine.java,zmaster587.libVulpes.block.RotatableBlock,zmaster587.libVulpes.block,libvulpes
src/main/java/zmaster587/advancedRocketry/tile/TileRocketAssemblingMachine.java,zmaster587.libVulpes.client.util.ProgressBarImage,zmaster587.libVulpes.client,libvulpes
src/main/java/zmaster587/advancedRocketry/tile/TileRocketAssemblingMachine.java,zmaster587.libVulpes.interfaces.ILinkableTile,zmaster587.libVulpes.interfaces,libvulpes
src/main/java/zmaster587/advancedRocketry/tile/TileRocketAssemblingMachine.java,zmaster587.libVulpes.inventory.modules.*,zmaster587.libVulpes.inventory,libvulpes
src/main/java/zmaster587/advancedRocketry/tile/TileRocketAssemblingMachine.java,zmaster587.libVulpes.items.ItemLinker,zmaster587.libVulpes.items,libvulpes
src/main/java/zmaster587/advancedRocketry/tile/TileRocketAssemblingMachine.java,zmaster587.libVulpes.network.PacketEntity,zmaster587.libVulpes.network,libvulpes
src/main/java/zmaster587/advancedRocketry/tile/TileRocketAssemblingMachine.java,zmaster587.libVulpes.network.PacketHandler,zmaster587.libVulpes.network,libvulpes
src/main/java/zmaster587/advancedRocketry/tile/TileRocketAssemblingMachine.java,zmaster587.libVulpes.network.PacketMachine,zmaster587.libVulpes.network,libvulpes
src/main/java/zmaster587/advancedRocketry/tile/TileRocketAssemblingMachine.java,zmaster587.libVulpes.tile.IMultiblock,zmaster587.libVulpes.tile,libvulpes
src/main/java/zmaster587/advancedRocketry/tile/TileRocketAssemblingMachine.java,zmaster587.libVulpes.tile.TileEntityRFConsumer,zmaster587.libVulpes.tile,libvulpes
src/main/java/zmaster587/advancedRocketry/tile/TileRocketAssemblingMachine.java,zmaster587.libVulpes.util.HashedBlockPosition,zmaster587.libVulpes.util,libvulpes
src/main/java/zmaster587/advancedRocketry/tile/TileRocketAssemblingMachine.java,zmaster587.libVulpes.util.INetworkMachine,zmaster587.libVulpes.util,libvulpes
src/main/java/zmaster587/advancedRocketry/tile/TileRocketAssemblingMachine.java,zmaster587.libVulpes.util.IconResource,zmaster587.libVulpes.util,libvulpes
src/main/java/zmaster587/advancedRocketry/tile/TileRocketAssemblingMachine.java,zmaster587.libVulpes.util.ZUtils,zmaster587.libVulpes.util,libvulpes
src/main/java/zmaster587/advancedRocketry/tile/TileSolarPanel.java,java.util.List,java.util.List,jdk
src/main/java/zmaster587/advancedRocketry/tile/TileSolarPanel.java,net.minecraft.entity.player.EntityPlayer,net.minecraft.entity,minecraft
src/main/java/zmaster587/advancedRocketry/tile/TileSolarPanel.java,zmaster587.advancedRocketry.api.ARConfiguration,zmaster587.advancedRocketry.api,upstream_internal
src/main/java/zmaster587/advancedRocketry/tile/TileSolarPanel.java,zmaster587.advancedRocketry.api.AdvancedRocketryBlocks,zmaster587.advancedRocketry.api,upstream_internal
src/main/java/zmaster587/advancedRocketry/tile/TileSolarPanel.java,zmaster587.advancedRocketry.dimension.DimensionManager,zmaster587.advancedRocketry.dimension,upstream_internal
src/main/java/zmaster587/advancedRocketry/tile/TileSolarPanel.java,zmaster587.advancedRocketry.dimension.DimensionProperties,zmaster587.advancedRocketry.dimension,upstream_internal
src/main/java/zmaster587/advancedRocketry/tile/TileSolarPanel.java,zmaster587.advancedRocketry.stations.SpaceObjectManager,zmaster587.advancedRocketry.stations,upstream_internal
src/main/java/zmaster587/advancedRocketry/tile/TileSolarPanel.java,zmaster587.libVulpes.LibVulpes,zmaster587.libVulpes.LibVulpes,libvulpes
src/main/java/zmaster587/advancedRocketry/tile/TileSolarPanel.java,zmaster587.libVulpes.inventory.modules.ModuleBase,zmaster587.libVulpes.inventory,libvulpes
src/main/java/zmaster587/advancedRocketry/tile/TileSolarPanel.java,zmaster587.libVulpes.inventory.modules.ModuleText,zmaster587.libVulpes.inventory,libvulpes
src/main/java/zmaster587/advancedRocketry/tile/TileSolarPanel.java,zmaster587.libVulpes.tile.TileInventoriedForgePowerMachine,zmaster587.libVulpes.tile,libvulpes
src/main/java/zmaster587/advancedRocketry/tile/TileStationAssembler.java,java.util.LinkedList,java.util.LinkedList,jdk
src/main/java/zmaster587/advancedRocketry/tile/TileStationAssembler.java,java.util.List,java.util.List,jdk
src/main/java/zmaster587/advancedRocketry/tile/TileStationAssembler.java,javax.annotation.Nonnull,javax.annotation.Nonnull,jdk
src/main/java/zmaster587/advancedRocketry/tile/TileStationAssembler.java,net.minecraft.entity.player.EntityPlayer,net.minecraft.entity,minecraft
src/main/java/zmaster587/advancedRocketry/tile/TileStationAssembler.java,net.minecraft.inventory.IInventory,net.minecraft.inventory,minecraft
src/main/java/zmaster587/advancedRocketry/tile/TileStationAssembler.java,net.minecraft.item.ItemStack,net.minecraft.item,minecraft
src/main/java/zmaster587/advancedRocketry/tile/TileStationAssembler.java,net.minecraft.nbt.NBTTagCompound,net.minecraft.nbt,minecraft
src/main/java/zmaster587/advancedRocketry/tile/TileStationAssembler.java,net.minecraft.util.math.AxisAlignedBB,net.minecraft.util,minecraft
src/main/java/zmaster587/advancedRocketry/tile/TileStationAssembler.java,net.minecraft.util.math.BlockPos,net.minecraft.util,minecraft
src/main/java/zmaster587/advancedRocketry/tile/TileStationAssembler.java,net.minecraft.world.World,net.minecraft.world,minecraft
src/main/java/zmaster587/advancedRocketry/tile/TileStationAssembler.java,net.minecraftforge.fml.relauncher.Side,net.minecraftforge.fml,minecraft
src/main/java/zmaster587/advancedRocketry/tile/TileStationAssembler.java,zmaster587.advancedRocketry.api.AdvancedRocketryBlocks,zmaster587.advancedRocketry.api,upstream_internal
src/main/java/zmaster587/advancedRocketry/tile/TileStationAssembler.java,zmaster587.advancedRocketry.api.AdvancedRocketryItems,zmaster587.advancedRocketry.api,upstream_internal
src/main/java/zmaster587/advancedRocketry/tile/TileStationAssembler.java,zmaster587.advancedRocketry.api.Constants,zmaster587.advancedRocketry.api,upstream_internal
src/main/java/zmaster587/advancedRocketry/tile/TileStationAssembler.java,zmaster587.advancedRocketry.inventory.TextureResources,zmaster587.advancedRocketry.inventory,upstream_internal
src/main/java/zmaster587/advancedRocketry/tile/TileStationAssembler.java,zmaster587.advancedRocketry.item.ItemPackedStructure,zmaster587.advancedRocketry.item,upstream_internal
src/main/java/zmaster587/advancedRocketry/tile/TileStationAssembler.java,zmaster587.advancedRocketry.item.ItemStationChip,zmaster587.advancedRocketry.item,upstream_internal
src/main/java/zmaster587/advancedRocketry/tile/TileStationAssembler.java,zmaster587.advancedRocketry.stations.SpaceObjectManager,zmaster587.advancedRocketry.stations,upstream_internal
src/main/java/zmaster587/advancedRocketry/tile/TileStationAssembler.java,zmaster587.advancedRocketry.stations.SpaceStationObject,zmaster587.advancedRocketry.stations,upstream_internal
src/main/java/zmaster587/advancedRocketry/tile/TileStationAssembler.java,zmaster587.advancedRocketry.util.StorageChunk,zmaster587.advancedRocketry.util,upstream_internal
src/main/java/zmaster587/advancedRocketry/tile/TileStationAssembler.java,zmaster587.libVulpes.LibVulpes,zmaster587.libVulpes.LibVulpes,libvulpes
src/main/java/zmaster587/advancedRocketry/tile/TileStationAssembler.java,zmaster587.libVulpes.inventory.modules.*,zmaster587.libVulpes.inventory,libvulpes
src/main/java/zmaster587/advancedRocketry/tile/TileStationAssembler.java,zmaster587.libVulpes.util.EmbeddedInventory,zmaster587.libVulpes.util,libvulpes
src/main/java/zmaster587/advancedRocketry/tile/TileSuitWorkStation.java,java.util.LinkedList,java.util.LinkedList,jdk
src/main/java/zmaster587/advancedRocketry/tile/TileSuitWorkStation.java,java.util.List,java.util.List,jdk
src/main/java/zmaster587/advancedRocketry/tile/TileSuitWorkStation.java,javax.annotation.Nonnull,javax.annotation.Nonnull,jdk
src/main/java/zmaster587/advancedRocketry/tile/TileSuitWorkStation.java,javax.annotation.Nullable,javax.annotation.Nullable,jdk
src/main/java/zmaster587/advancedRocketry/tile/TileSuitWorkStation.java,net.minecraft.entity.player.EntityPlayer,net.minecraft.entity,minecraft
src/main/java/zmaster587/advancedRocketry/tile/TileSuitWorkStation.java,net.minecraft.inventory.IInventory,net.minecraft.inventory,minecraft
src/main/java/zmaster587/advancedRocketry/tile/TileSuitWorkStation.java,net.minecraft.item.ItemArmor,net.minecraft.item,minecraft
src/main/java/zmaster587/advancedRocketry/tile/TileSuitWorkStation.java,net.minecraft.item.ItemStack,net.minecraft.item,minecraft
src/main/java/zmaster587/advancedRocketry/tile/TileSuitWorkStation.java,net.minecraft.nbt.NBTTagCompound,net.minecraft.nbt,minecraft
src/main/java/zmaster587/advancedRocketry/tile/TileSuitWorkStation.java,net.minecraft.tileentity.TileEntity,net.minecraft.tileentity,minecraft
src/main/java/zmaster587/advancedRocketry/tile/TileSuitWorkStation.java,zmaster587.advancedRocketry.api.AdvancedRocketryBlocks,zmaster587.advancedRocketry.api,upstream_internal
src/main/java/zmaster587/advancedRocketry/tile/TileSuitWorkStation.java,zmaster587.libVulpes.api.IArmorComponent,zmaster587.libVulpes.api,libvulpes
src/main/java/zmaster587/advancedRocketry/tile/TileSuitWorkStation.java,zmaster587.libVulpes.api.IModularArmor,zmaster587.libVulpes.api,libvulpes
src/main/java/zmaster587/advancedRocketry/tile/TileSuitWorkStation.java,zmaster587.libVulpes.inventory.modules.*,zmaster587.libVulpes.inventory,libvulpes
src/main/java/zmaster587/advancedRocketry/tile/TileSuitWorkStation.java,zmaster587.libVulpes.util.EmbeddedInventory,zmaster587.libVulpes.util,libvulpes
src/main/java/zmaster587/advancedRocketry/tile/TileUnmannedVehicleAssembler.java,javax.annotation.Nonnull,javax.annotation.Nonnull,jdk
src/main/java/zmaster587/advancedRocketry/tile/TileUnmannedVehicleAssembler.java,net.minecraft.block.Block,net.minecraft.block,minecraft
src/main/java/zmaster587/advancedRocketry/tile/TileUnmannedVehicleAssembler.java,net.minecraft.block.state.IBlockState,net.minecraft.block,minecraft
src/main/java/zmaster587/advancedRocketry/tile/TileUnmannedVehicleAssembler.java,net.minecraft.nbt.NBTTagCompound,net.minecraft.nbt,minecraft
src/main/java/zmaster587/advancedRocketry/tile/TileUnmannedVehicleAssembler.java,net.minecraft.tileentity.TileEntity,net.minecraft.tileentity,minecraft
src/main/java/zmaster587/advancedRocketry/tile/TileUnmannedVehicleAssembler.java,net.minecraft.util.EnumFacing,net.minecraft.util,minecraft
src/main/java/zmaster587/advancedRocketry/tile/TileUnmannedVehicleAssembler.java,net.minecraft.util.math.AxisAlignedBB,net.minecraft.util,minecraft
src/main/java/zmaster587/advancedRocketry/tile/TileUnmannedVehicleAssembler.java,net.minecraft.util.math.BlockPos,net.minecraft.util,minecraft
src/main/java/zmaster587/advancedRocketry/tile/TileUnmannedVehicleAssembler.java,net.minecraft.world.World,net.minecraft.world,minecraft
src/main/java/zmaster587/advancedRocketry/tile/TileUnmannedVehicleAssembler.java,net.minecraftforge.fluids.capability.CapabilityFluidHandler,net.minecraftforge.fluids,minecraft
src/main/java/zmaster587/advancedRocketry/tile/TileUnmannedVehicleAssembler.java,net.minecraftforge.fluids.capability.IFluidHandler,net.minecraftforge.fluids,minecraft
src/main/java/zmaster587/advancedRocketry/tile/TileUnmannedVehicleAssembler.java,net.minecraftforge.fluids.capability.IFluidTankProperties,net.minecraftforge.fluids,minecraft
src/main/java/zmaster587/advancedRocketry/tile/TileUnmannedVehicleAssembler.java,zmaster587.advancedRocketry.api.*,zmaster587.advancedRocketry.api,upstream_internal
src/main/java/zmaster587/advancedRocketry/tile/TileUnmannedVehicleAssembler.java,zmaster587.advancedRocketry.api.fuel.FuelRegistry.FuelType,zmaster587.advancedRocketry.api,upstream_internal
src/main/java/zmaster587/advancedRocketry/tile/TileUnmannedVehicleAssembler.java,zmaster587.advancedRocketry.block.*,zmaster587.advancedRocketry.block,upstream_internal
src/main/java/zmaster587/advancedRocketry/tile/TileUnmannedVehicleAssembler.java,zmaster587.advancedRocketry.dimension.DimensionManager,zmaster587.advancedRocketry.dimension,upstream_internal
src/main/java/zmaster587/advancedRocketry/tile/TileUnmannedVehicleAssembler.java,zmaster587.advancedRocketry.entity.EntityStationDeployedRocket,zmaster587.advancedRocketry.entity,upstream_internal
src/main/java/zmaster587/advancedRocketry/tile/TileUnmannedVehicleAssembler.java,zmaster587.advancedRocketry.util.StorageChunk,zmaster587.advancedRocketry.util,upstream_internal
src/main/java/zmaster587/advancedRocketry/tile/TileUnmannedVehicleAssembler.java,zmaster587.libVulpes.block.BlockFullyRotatable,zmaster587.libVulpes.block,libvulpes
src/main/java/zmaster587/advancedRocketry/tile/TileUnmannedVehicleAssembler.java,zmaster587.libVulpes.block.RotatableBlock,zmaster587.libVulpes.block,libvulpes
src/main/java/zmaster587/advancedRocketry/tile/TileUnmannedVehicleAssembler.java,zmaster587.libVulpes.network.PacketEntity,zmaster587.libVulpes.network,libvulpes
src/main/java/zmaster587/advancedRocketry/tile/TileUnmannedVehicleAssembler.java,zmaster587.libVulpes.network.PacketHandler,zmaster587.libVulpes.network,libvulpes
src/main/java/zmaster587/advancedRocketry/tile/TileUnmannedVehicleAssembler.java,zmaster587.libVulpes.util.ZUtils,zmaster587.libVulpes.util,libvulpes
src/main/java/zmaster587/advancedRocketry/tile/atmosphere/TileAtmosphereDetector.java,io.netty.buffer.ByteBuf,io.netty.buffer,third_party
src/main/java/zmaster587/advancedRocketry/tile/atmosphere/TileAtmosphereDetector.java,java.util.Iterator,java.util.Iterator,jdk
src/main/java/zmaster587/advancedRocketry/tile/atmosphere/TileAtmosphereDetector.java,java.util.LinkedList,java.util.LinkedList,jdk
src/main/java/zmaster587/advancedRocketry/tile/atmosphere/TileAtmosphereDetector.java,java.util.List,java.util.List,jdk
src/main/java/zmaster587/advancedRocketry/tile/atmosphere/TileAtmosphereDetector.java,javax.annotation.Nullable,javax.annotation.Nullable,jdk
src/main/java/zmaster587/advancedRocketry/tile/atmosphere/TileAtmosphereDetector.java,net.minecraft.block.state.IBlockState,net.minecraft.block,minecraft
src/main/java/zmaster587/advancedRocketry/tile/atmosphere/TileAtmosphereDetector.java,net.minecraft.entity.player.EntityPlayer,net.minecraft.entity,minecraft
src/main/java/zmaster587/advancedRocketry/tile/atmosphere/TileAtmosphereDetector.java,net.minecraft.nbt.NBTTagCompound,net.minecraft.nbt,minecraft
src/main/java/zmaster587/advancedRocketry/tile/atmosphere/TileAtmosphereDetector.java,net.minecraft.network.PacketBuffer,net.minecraft.network,minecraft
src/main/java/zmaster587/advancedRocketry/tile/atmosphere/TileAtmosphereDetector.java,net.minecraft.tileentity.TileEntity,net.minecraft.tileentity,minecraft
src/main/java/zmaster587/advancedRocketry/tile/atmosphere/TileAtmosphereDetector.java,net.minecraft.util.EnumFacing,net.minecraft.util,minecraft
src/main/java/zmaster587/advancedRocketry/tile/atmosphere/TileAtmosphereDetector.java,net.minecraft.util.ITickable,net.minecraft.util,minecraft
src/main/java/zmaster587/advancedRocketry/tile/atmosphere/TileAtmosphereDetector.java,net.minecraft.util.math.BlockPos,net.minecraft.util,minecraft
src/main/java/zmaster587/advancedRocketry/tile/atmosphere/TileAtmosphereDetector.java,net.minecraft.world.World,net.minecraft.world,minecraft
src/main/java/zmaster587/advancedRocketry/tile/atmosphere/TileAtmosphereDetector.java,net.minecraftforge.fml.relauncher.Side,net.minecraftforge.fml,minecraft
src/main/java/zmaster587/advancedRocketry/tile/atmosphere/TileAtmosphereDetector.java,zmaster587.advancedRocketry.api.AdvancedRocketryBlocks,zmaster587.advancedRocketry.api,upstream_internal
src/main/java/zmaster587/advancedRocketry/tile/atmosphere/TileAtmosphereDetector.java,zmaster587.advancedRocketry.api.IAtmosphere,zmaster587.advancedRocketry.api,upstream_internal
src/main/java/zmaster587/advancedRocketry/tile/atmosphere/TileAtmosphereDetector.java,zmaster587.advancedRocketry.api.atmosphere.AtmosphereRegister,zmaster587.advancedRocketry.api,upstream_internal
src/main/java/zmaster587/advancedRocketry/tile/atmosphere/TileAtmosphereDetector.java,zmaster587.advancedRocketry.atmosphere.AtmosphereHandler,zmaster587.advancedRocketry.atmosphere,upstream_internal
src/main/java/zmaster587/advancedRocketry/tile/atmosphere/TileAtmosphereDetector.java,zmaster587.advancedRocketry.atmosphere.AtmosphereType,zmaster587.advancedRocketry.atmosphere,upstream_internal
src/main/java/zmaster587/advancedRocketry/tile/atmosphere/TileAtmosphereDetector.java,zmaster587.advancedRocketry.block.BlockRedstoneEmitter,zmaster587.advancedRocketry.block,upstream_internal
src/main/java/zmaster587/advancedRocketry/tile/atmosphere/TileAtmosphereDetector.java,zmaster587.libVulpes.LibVulpes,zmaster587.libVulpes.LibVulpes,libvulpes
src/main/java/zmaster587/advancedRocketry/tile/atmosphere/TileAtmosphereDetector.java,zmaster587.libVulpes.inventory.modules.*,zmaster587.libVulpes.inventory,libvulpes
src/main/java/zmaster587/advancedRocketry/tile/atmosphere/TileAtmosphereDetector.java,zmaster587.libVulpes.network.PacketHandler,zmaster587.libVulpes.network,libvulpes
src/main/java/zmaster587/advancedRocketry/tile/atmosphere/TileAtmosphereDetector.java,zmaster587.libVulpes.network.PacketMachine,zmaster587.libVulpes.network,libvulpes
src/main/java/zmaster587/advancedRocketry/tile/atmosphere/TileAtmosphereDetector.java,zmaster587.libVulpes.util.INetworkMachine,zmaster587.libVulpes.util,libvulpes
src/main/java/zmaster587/advancedRocketry/tile/atmosphere/TileCO2Scrubber.java,net.minecraft.item.ItemStack,net.minecraft.item,minecraft
src/main/java/zmaster587/advancedRocketry/tile/atmosphere/TileCO2Scrubber.java,zmaster587.advancedRocketry.api.AdvancedRocketryBlocks,zmaster587.advancedRocketry.api,upstream_internal
src/main/java/zmaster587/advancedRocketry/tile/atmosphere/TileCO2Scrubber.java,zmaster587.advancedRocketry.api.AdvancedRocketryItems,zmaster587.advancedRocketry.api,upstream_internal
src/main/java/zmaster587/advancedRocketry/tile/atmosphere/TileCO2Scrubber.java,zmaster587.libVulpes.tile.IComparatorOverride,zmaster587.libVulpes.tile,libvulpes
src/main/java/zmaster587/advancedRocketry/tile/atmosphere/TileCO2Scrubber.java,zmaster587.libVulpes.tile.multiblock.hatch.TileInventoryHatch,zmaster587.libVulpes.tile,libvulpes
src/main/java/zmaster587/advancedRocketry/tile/atmosphere/TileGasChargePad.java,java.util.ArrayList,java.util.ArrayList,jdk
src/main/java/zmaster587/advancedRocketry/tile/atmosphere/TileGasChargePad.java,java.util.List,java.util.List,jdk
src/main/java/zmaster587/advancedRocketry/tile/atmosphere/TileGasChargePad.java,javax.annotation.Nonnull,javax.annotation.Nonnull,jdk
src/main/java/zmaster587/advancedRocketry/tile/atmosphere/TileGasChargePad.java,javax.annotation.Nullable,javax.annotation.Nullable,jdk
src/main/java/zmaster587/advancedRocketry/tile/atmosphere/TileGasChargePad.java,net.minecraft.entity.player.EntityPlayer,net.minecraft.entity,minecraft
src/main/java/zmaster587/advancedRocketry/tile/atmosphere/TileGasChargePad.java,net.minecraft.inventory.EntityEquipmentSlot,net.minecraft.inventory,minecraft
src/main/java/zmaster587/advancedRocketry/tile/atmosphere/TileGasChargePad.java,net.minecraft.inventory.IInventory,net.minecraft.inventory,minecraft
src/main/java/zmaster587/advancedRocketry/tile/atmosphere/TileGasChargePad.java,net.minecraft.item.ItemStack,net.minecraft.item,minecraft
src/main/java/zmaster587/advancedRocketry/tile/atmosphere/TileGasChargePad.java,net.minecraft.util.EnumFacing,net.minecraft.util,minecraft
src/main/java/zmaster587/advancedRocketry/tile/atmosphere/TileGasChargePad.java,net.minecraft.util.math.AxisAlignedBB,net.minecraft.util,minecraft
src/main/java/zmaster587/advancedRocketry/tile/atmosphere/TileGasChargePad.java,net.minecraftforge.fluids.Fluid,net.minecraftforge.fluids,minecraft
src/main/java/zmaster587/advancedRocketry/tile/atmosphere/TileGasChargePad.java,net.minecraftforge.fluids.FluidStack,net.minecraftforge.fluids,minecraft
src/main/java/zmaster587/advancedRocketry/tile/atmosphere/TileGasChargePad.java,net.minecraftforge.fluids.capability.CapabilityFluidHandler,net.minecraftforge.fluids,minecraft
src/main/java/zmaster587/advancedRocketry/tile/atmosphere/TileGasChargePad.java,zmaster587.advancedRocketry.api.AdvancedRocketryBlocks,zmaster587.advancedRocketry.api,upstream_internal
src/main/java/zmaster587/advancedRocketry/tile/atmosphere/TileGasChargePad.java,zmaster587.advancedRocketry.api.AdvancedRocketryFluids,zmaster587.advancedRocketry.api,upstream_internal
src/main/java/zmaster587/advancedRocketry/tile/atmosphere/TileGasChargePad.java,zmaster587.advancedRocketry.api.armor.IFillableArmor,zmaster587.advancedRocketry.api,upstream_internal
src/main/java/zmaster587/advancedRocketry/tile/atmosphere/TileGasChargePad.java,zmaster587.advancedRocketry.util.ItemAirUtils,zmaster587.advancedRocketry.util,upstream_internal
src/main/java/zmaster587/advancedRocketry/tile/atmosphere/TileGasChargePad.java,zmaster587.libVulpes.api.IModularArmor,zmaster587.libVulpes.api,libvulpes
src/main/java/zmaster587/advancedRocketry/tile/atmosphere/TileGasChargePad.java,zmaster587.libVulpes.gui.CommonResources,zmaster587.libVulpes.gui,libvulpes
src/main/java/zmaster587/advancedRocketry/tile/atmosphere/TileGasChargePad.java,zmaster587.libVulpes.inventory.modules.*,zmaster587.libVulpes.inventory,libvulpes
src/main/java/zmaster587/advancedRocketry/tile/atmosphere/TileGasChargePad.java,zmaster587.libVulpes.tile.TileInventoriedRFConsumerTank,zmaster587.libVulpes.tile,libvulpes
src/main/java/zmaster587/advancedRocketry/tile/atmosphere/TileGasChargePad.java,zmaster587.libVulpes.util.FluidUtils,zmaster587.libVulpes.util,libvulpes
src/main/java/zmaster587/advancedRocketry/tile/atmosphere/TileGasChargePad.java,zmaster587.libVulpes.util.IconResource,zmaster587.libVulpes.util,libvulpes
src/main/java/zmaster587/advancedRocketry/tile/atmosphere/TileOxygenVent.java,io.netty.buffer.ByteBuf,io.netty.buffer,third_party
src/main/java/zmaster587/advancedRocketry/tile/atmosphere/TileOxygenVent.java,java.util.ArrayList,java.util.ArrayList,jdk
src/main/java/zmaster587/advancedRocketry/tile/atmosphere/TileOxygenVent.java,java.util.LinkedList,java.util.LinkedList,jdk
src/main/java/zmaster587/advancedRocketry/tile/atmosphere/TileOxygenVent.java,java.util.List,java.util.List,jdk
src/main/java/zmaster587/advancedRocketry/tile/atmosphere/TileOxygenVent.java,javax.annotation.Nonnull,javax.annotation.Nonnull,jdk
src/main/java/zmaster587/advancedRocketry/tile/atmosphere/TileOxygenVent.java,javax.annotation.Nullable,javax.annotation.Nullable,jdk
src/main/java/zmaster587/advancedRocketry/tile/atmosphere/TileOxygenVent.java,net.minecraft.block.Block,net.minecraft.block,minecraft
src/main/java/zmaster587/advancedRocketry/tile/atmosphere/TileOxygenVent.java,net.minecraft.block.state.IBlockState,net.minecraft.block,minecraft
src/main/java/zmaster587/advancedRocketry/tile/atmosphere/TileOxygenVent.java,net.minecraft.entity.player.EntityPlayer,net.minecraft.entity,minecraft
src/main/java/zmaster587/advancedRocketry/tile/atmosphere/TileOxygenVent.java,net.minecraft.item.ItemStack,net.minecraft.item,minecraft
src/main/java/zmaster587/advancedRocketry/tile/atmosphere/TileOxygenVent.java,net.minecraft.nbt.NBTTagCompound,net.minecraft.nbt,minecraft
src/main/java/zmaster587/advancedRocketry/tile/atmosphere/TileOxygenVent.java,net.minecraft.network.NetworkManager,net.minecraft.network,minecraft
src/main/java/zmaster587/advancedRocketry/tile/atmosphere/TileOxygenVent.java,net.minecraft.network.play.server.SPacketUpdateTileEntity,net.minecraft.network,minecraft
src/main/java/zmaster587/advancedRocketry/tile/atmosphere/TileOxygenVent.java,net.minecraft.tileentity.TileEntity,net.minecraft.tileentity,minecraft
src/main/java/zmaster587/advancedRocketry/tile/atmosphere/TileOxygenVent.java,net.minecraft.util.EnumFacing,net.minecraft.util,minecraft
src/main/java/zmaster587/advancedRocketry/tile/atmosphere/TileOxygenVent.java,net.minecraft.util.SoundCategory,net.minecraft.util,minecraft
src/main/java/zmaster587/advancedRocketry/tile/atmosphere/TileOxygenVent.java,net.minecraft.util.math.BlockPos,net.minecraft.util,minecraft
src/main/java/zmaster587/advancedRocketry/tile/atmosphere/TileOxygenVent.java,net.minecraft.world.World,net.minecraft.world,minecraft
src/main/java/zmaster587/advancedRocketry/tile/atmosphere/TileOxygenVent.java,net.minecraftforge.fluids.Fluid,net.minecraftforge.fluids,minecraft
src/main/java/zmaster587/advancedRocketry/tile/atmosphere/TileOxygenVent.java,net.minecraftforge.fluids.FluidStack,net.minecraftforge.fluids,minecraft
src/main/java/zmaster587/advancedRocketry/tile/atmosphere/TileOxygenVent.java,net.minecraftforge.fml.relauncher.Side,net.minecraftforge.fml,minecraft
src/main/java/zmaster587/advancedRocketry/tile/atmosphere/TileOxygenVent.java,zmaster587.advancedRocketry.api.ARConfiguration,zmaster587.advancedRocketry.api,upstream_internal
src/main/java/zmaster587/advancedRocketry/tile/atmosphere/TileOxygenVent.java,zmaster587.advancedRocketry.api.AdvancedRocketryBlocks,zmaster587.advancedRocketry.api,upstream_internal
src/main/java/zmaster587/advancedRocketry/tile/atmosphere/TileOxygenVent.java,zmaster587.advancedRocketry.api.AdvancedRocketryFluids,zmaster587.advancedRocketry.api,upstream_internal
src/main/java/zmaster587/advancedRocketry/tile/atmosphere/TileOxygenVent.java,zmaster587.advancedRocketry.api.AreaBlob,zmaster587.advancedRocketry.api,upstream_internal
src/main/java/zmaster587/advancedRocketry/tile/atmosphere/TileOxygenVent.java,zmaster587.advancedRocketry.api.util.IBlobHandler,zmaster587.advancedRocketry.api,upstream_internal
src/main/java/zmaster587/advancedRocketry/tile/atmosphere/TileOxygenVent.java,zmaster587.advancedRocketry.atmosphere.AtmosphereHandler,zmaster587.advancedRocketry.atmosphere,upstream_internal
src/main/java/zmaster587/advancedRocketry/tile/atmosphere/TileOxygenVent.java,zmaster587.advancedRocketry.atmosphere.AtmosphereType,zmaster587.advancedRocketry.atmosphere,upstream_internal
src/main/java/zmaster587/advancedRocketry/tile/atmosphere/TileOxygenVent.java,zmaster587.advancedRocketry.dimension.DimensionManager,zmaster587.advancedRocketry.dimension,upstream_internal
src/main/java/zmaster587/advancedRocketry/tile/atmosphere/TileOxygenVent.java,zmaster587.advancedRocketry.inventory.TextureResources,zmaster587.advancedRocketry.inventory,upstream_internal
src/main/java/zmaster587/advancedRocketry/tile/atmosphere/TileOxygenVent.java,zmaster587.advancedRocketry.util.AudioRegistry,zmaster587.advancedRocketry.util,upstream_internal
src/main/java/zmaster587/advancedRocketry/tile/atmosphere/TileOxygenVent.java,zmaster587.libVulpes.LibVulpes,zmaster587.libVulpes.LibVulpes,libvulpes
src/main/java/zmaster587/advancedRocketry/tile/atmosphere/TileOxygenVent.java,zmaster587.libVulpes.api.IToggleableMachine,zmaster587.libVulpes.api,libvulpes
src/main/java/zmaster587/advancedRocketry/tile/atmosphere/TileOxygenVent.java,zmaster587.libVulpes.block.BlockTile,zmaster587.libVulpes.block,libvulpes
src/main/java/zmaster587/advancedRocketry/tile/atmosphere/TileOxygenVent.java,zmaster587.libVulpes.client.RepeatingSound,zmaster587.libVulpes.client,libvulpes
src/main/java/zmaster587/advancedRocketry/tile/atmosphere/TileOxygenVent.java,zmaster587.libVulpes.inventory.modules.*,zmaster587.libVulpes.inventory,libvulpes
src/main/java/zmaster587/advancedRocketry/tile/atmosphere/TileOxygenVent.java,zmaster587.libVulpes.network.PacketHandler,zmaster587.libVulpes.network,libvulpes
src/main/java/zmaster587/advancedRocketry/tile/atmosphere/TileOxygenVent.java,zmaster587.libVulpes.network.PacketMachine,zmaster587.libVulpes.network,libvulpes
src/main/java/zmaster587/advancedRocketry/tile/atmosphere/TileOxygenVent.java,zmaster587.libVulpes.tile.TileInventoriedRFConsumerTank,zmaster587.libVulpes.tile,libvulpes
src/main/java/zmaster587/advancedRocketry/tile/atmosphere/TileOxygenVent.java,zmaster587.libVulpes.util.FluidUtils,zmaster587.libVulpes.util,libvulpes
src/main/java/zmaster587/advancedRocketry/tile/atmosphere/TileOxygenVent.java,zmaster587.libVulpes.util.HashedBlockPosition,zmaster587.libVulpes.util,libvulpes
src/main/java/zmaster587/advancedRocketry/tile/atmosphere/TileOxygenVent.java,zmaster587.libVulpes.util.IAdjBlockUpdate,zmaster587.libVulpes.util,libvulpes
src/main/java/zmaster587/advancedRocketry/tile/atmosphere/TileOxygenVent.java,zmaster587.libVulpes.util.INetworkMachine,zmaster587.libVulpes.util,libvulpes
src/main/java/zmaster587/advancedRocketry/tile/atmosphere/TileOxygenVent.java,zmaster587.libVulpes.util.ZUtils.RedstoneState,zmaster587.libVulpes.util,libvulpes
src/main/java/zmaster587/advancedRocketry/tile/atmosphere/TileSeal.java,net.minecraft.tileentity.TileEntity,net.minecraft.tileentity,minecraft
src/main/java/zmaster587/advancedRocketry/tile/atmosphere/TileSeal.java,net.minecraft.util.EnumFacing,net.minecraft.util,minecraft
src/main/java/zmaster587/advancedRocketry/tile/atmosphere/TileSeal.java,net.minecraft.util.ITickable,net.minecraft.util,minecraft
src/main/java/zmaster587/advancedRocketry/tile/atmosphere/TileSeal.java,zmaster587.advancedRocketry.api.AdvancedRocketryBlocks,zmaster587.advancedRocketry.api,upstream_internal
src/main/java/zmaster587/advancedRocketry/tile/atmosphere/TileSeal.java,zmaster587.advancedRocketry.block.BlockSeal,zmaster587.advancedRocketry.block,upstream_internal
src/main/java/zmaster587/advancedRocketry/tile/cables/TileDataPipe.java,net.minecraft.tileentity.TileEntity,net.minecraft.tileentity,minecraft
src/main/java/zmaster587/advancedRocketry/tile/cables/TileDataPipe.java,net.minecraft.util.EnumFacing,net.minecraft.util,minecraft
src/main/java/zmaster587/advancedRocketry/tile/cables/TileDataPipe.java,zmaster587.advancedRocketry.api.satellite.IDataHandler,zmaster587.advancedRocketry.api,upstream_internal
src/main/java/zmaster587/advancedRocketry/tile/cables/TileDataPipe.java,zmaster587.advancedRocketry.cable.HandlerCableNetwork,zmaster587.advancedRocketry.cable,upstream_internal
src/main/java/zmaster587/advancedRocketry/tile/cables/TileDataPipe.java,zmaster587.advancedRocketry.cable.NetworkRegistry,zmaster587.advancedRocketry.cable,upstream_internal
src/main/java/zmaster587/advancedRocketry/tile/cables/TileEnergyPipe.java,javax.annotation.Nullable,javax.annotation.Nullable,jdk
src/main/java/zmaster587/advancedRocketry/tile/cables/TileEnergyPipe.java,net.minecraft.tileentity.TileEntity,net.minecraft.tileentity,minecraft
src/main/java/zmaster587/advancedRocketry/tile/cables/TileEnergyPipe.java,net.minecraft.util.EnumFacing,net.minecraft.util,minecraft
src/main/java/zmaster587/advancedRocketry/tile/cables/TileEnergyPipe.java,net.minecraftforge.common.capabilities.Capability,net.minecraftforge.common,minecraft
src/main/java/zmaster587/advancedRocketry/tile/cables/TileEnergyPipe.java,net.minecraftforge.energy.CapabilityEnergy,net.minecraftforge.energy,minecraft
src/main/java/zmaster587/advancedRocketry/tile/cables/TileEnergyPipe.java,zmaster587.advancedRocketry.cable.EnergyNetwork,zmaster587.advancedRocketry.cable,upstream_internal
src/main/java/zmaster587/advancedRocketry/tile/cables/TileEnergyPipe.java,zmaster587.advancedRocketry.cable.HandlerCableNetwork,zmaster587.advancedRocketry.cable,upstream_internal
src/main/java/zmaster587/advancedRocketry/tile/cables/TileEnergyPipe.java,zmaster587.advancedRocketry.cable.NetworkRegistry,zmaster587.advancedRocketry.cable,upstream_internal
src/main/java/zmaster587/advancedRocketry/tile/cables/TileEnergyPipe.java,zmaster587.libVulpes.api.IUniversalEnergy,zmaster587.libVulpes.api,libvulpes
src/main/java/zmaster587/advancedRocketry/tile/cables/TileEnergyPipe.java,zmaster587.libVulpes.cap.ForgePowerCapability,zmaster587.libVulpes.cap,libvulpes
src/main/java/zmaster587/advancedRocketry/tile/cables/TileEnergyPipe.java,zmaster587.libVulpes.cap.TeslaHandler,zmaster587.libVulpes.cap,libvulpes
src/main/java/zmaster587/advancedRocketry/tile/cables/TileLiquidPipe.java,net.minecraft.tileentity.TileEntity,net.minecraft.tileentity,minecraft
src/main/java/zmaster587/advancedRocketry/tile/cables/TileLiquidPipe.java,net.minecraft.util.EnumFacing,net.minecraft.util,minecraft
src/main/java/zmaster587/advancedRocketry/tile/cables/TileLiquidPipe.java,net.minecraftforge.fluids.capability.CapabilityFluidHandler,net.minecraftforge.fluids,minecraft
src/main/java/zmaster587/advancedRocketry/tile/cables/TileLiquidPipe.java,zmaster587.advancedRocketry.cable.HandlerCableNetwork,zmaster587.advancedRocketry.cable,upstream_internal
src/main/java/zmaster587/advancedRocketry/tile/cables/TileLiquidPipe.java,zmaster587.advancedRocketry.cable.NetworkRegistry,zmaster587.advancedRocketry.cable,upstream_internal
src/main/java/zmaster587/advancedRocketry/tile/cables/TilePipe.java,javax.annotation.Nonnull,javax.annotation.Nonnull,jdk
src/main/java/zmaster587/advancedRocketry/tile/cables/TilePipe.java,net.minecraft.nbt.NBTTagCompound,net.minecraft.nbt,minecraft
src/main/java/zmaster587/advancedRocketry/tile/cables/TilePipe.java,net.minecraft.tileentity.TileEntity,net.minecraft.tileentity,minecraft
src/main/java/zmaster587/advancedRocketry/tile/cables/TilePipe.java,net.minecraft.util.EnumFacing,net.minecraft.util,minecraft
src/main/java/zmaster587/advancedRocketry/tile/cables/TilePipe.java,net.minecraft.util.math.BlockPos,net.minecraft.util,minecraft
src/main/java/zmaster587/advancedRocketry/tile/cables/TilePipe.java,zmaster587.advancedRocketry.cable.HandlerCableNetwork,zmaster587.advancedRocketry.cable,upstream_internal
src/main/java/zmaster587/advancedRocketry/tile/cables/TilePipe.java,zmaster587.advancedRocketry.cable.NetworkRegistry,zmaster587.advancedRocketry.cable,upstream_internal
src/main/java/zmaster587/advancedRocketry/tile/cables/TileWirelessTransciever.java,io.netty.buffer.ByteBuf,io.netty.buffer,third_party
src/main/java/zmaster587/advancedRocketry/tile/cables/TileWirelessTransciever.java,java.util.LinkedList,java.util.LinkedList,jdk
src/main/java/zmaster587/advancedRocketry/tile/cables/TileWirelessTransciever.java,java.util.List,java.util.List,jdk
src/main/java/zmaster587/advancedRocketry/tile/cables/TileWirelessTransciever.java,javax.annotation.Nonnull,javax.annotation.Nonnull,jdk
src/main/java/zmaster587/advancedRocketry/tile/cables/TileWirelessTransciever.java,net.minecraft.block.state.IBlockState,net.minecraft.block,minecraft
src/main/java/zmaster587/advancedRocketry/tile/cables/TileWirelessTransciever.java,net.minecraft.entity.player.EntityPlayer,net.minecraft.entity,minecraft
src/main/java/zmaster587/advancedRocketry/tile/cables/TileWirelessTransciever.java,net.minecraft.item.ItemStack,net.minecraft.item,minecraft
src/main/java/zmaster587/advancedRocketry/tile/cables/TileWirelessTransciever.java,net.minecraft.nbt.NBTTagCompound,net.minecraft.nbt,minecraft
src/main/java/zmaster587/advancedRocketry/tile/cables/TileWirelessTransciever.java,net.minecraft.network.NetworkManager,net.minecraft.network,minecraft
src/main/java/zmaster587/advancedRocketry/tile/cables/TileWirelessTransciever.java,net.minecraft.network.play.server.SPacketUpdateTileEntity,net.minecraft.network,minecraft
src/main/java/zmaster587/advancedRocketry/tile/cables/TileWirelessTransciever.java,net.minecraft.tileentity.TileEntity,net.minecraft.tileentity,minecraft
src/main/java/zmaster587/advancedRocketry/tile/cables/TileWirelessTransciever.java,net.minecraft.util.EnumFacing,net.minecraft.util,minecraft
src/main/java/zmaster587/advancedRocketry/tile/cables/TileWirelessTransciever.java,net.minecraft.util.ITickable,net.minecraft.util,minecraft
src/main/java/zmaster587/advancedRocketry/tile/cables/TileWirelessTransciever.java,net.minecraft.util.math.BlockPos,net.minecraft.util,minecraft
src/main/java/zmaster587/advancedRocketry/tile/cables/TileWirelessTransciever.java,net.minecraft.util.text.TextComponentTranslation,net.minecraft.util,minecraft
src/main/java/zmaster587/advancedRocketry/tile/cables/TileWirelessTransciever.java,net.minecraft.world.World,net.minecraft.world,minecraft
src/main/java/zmaster587/advancedRocketry/tile/cables/TileWirelessTransciever.java,net.minecraftforge.fml.relauncher.Side,net.minecraftforge.fml,minecraft
src/main/java/zmaster587/advancedRocketry/tile/cables/TileWirelessTransciever.java,zmaster587.advancedRocketry.api.DataStorage,zmaster587.advancedRocketry.api,upstream_internal
src/main/java/zmaster587/advancedRocketry/tile/cables/TileWirelessTransciever.java,zmaster587.advancedRocketry.api.DataStorage.DataType,zmaster587.advancedRocketry.api,upstream_internal
src/main/java/zmaster587/advancedRocketry/tile/cables/TileWirelessTransciever.java,zmaster587.advancedRocketry.api.satellite.IDataHandler,zmaster587.advancedRocketry.api,upstream_internal
src/main/java/zmaster587/advancedRocketry/tile/cables/TileWirelessTransciever.java,zmaster587.advancedRocketry.cable.NetworkRegistry,zmaster587.advancedRocketry.cable,upstream_internal
src/main/java/zmaster587/advancedRocketry/tile/cables/TileWirelessTransciever.java,zmaster587.advancedRocketry.inventory.TextureResources,zmaster587.advancedRocketry.inventory,upstream_internal
src/main/java/zmaster587/advancedRocketry/tile/cables/TileWirelessTransciever.java,zmaster587.advancedRocketry.world.util.MultiData,zmaster587.advancedRocketry.world,upstream_internal
src/main/java/zmaster587/advancedRocketry/tile/cables/TileWirelessTransciever.java,zmaster587.libVulpes.LibVulpes,zmaster587.libVulpes.LibVulpes,libvulpes
src/main/java/zmaster587/advancedRocketry/tile/cables/TileWirelessTransciever.java,zmaster587.libVulpes.block.RotatableBlock,zmaster587.libVulpes.block,libvulpes
src/main/java/zmaster587/advancedRocketry/tile/cables/TileWirelessTransciever.java,zmaster587.libVulpes.interfaces.ILinkableTile,zmaster587.libVulpes.interfaces,libvulpes
src/main/java/zmaster587/advancedRocketry/tile/cables/TileWirelessTransciever.java,zmaster587.libVulpes.inventory.modules.IModularInventory,zmaster587.libVulpes.inventory,libvulpes
src/main/java/zmaster587/advancedRocketry/tile/cables/TileWirelessTransciever.java,zmaster587.libVulpes.inventory.modules.IToggleButton,zmaster587.libVulpes.inventory,libvulpes
src/main/java/zmaster587/advancedRocketry/tile/cables/TileWirelessTransciever.java,zmaster587.libVulpes.inventory.modules.ModuleBase,zmaster587.libVulpes.inventory,libvulpes
src/main/java/zmaster587/advancedRocketry/tile/cables/TileWirelessTransciever.java,zmaster587.libVulpes.inventory.modules.ModuleToggleSwitch,zmaster587.libVulpes.inventory,libvulpes
src/main/java/zmaster587/advancedRocketry/tile/cables/TileWirelessTransciever.java,zmaster587.libVulpes.items.ItemLinker,zmaster587.libVulpes.items,libvulpes
src/main/java/zmaster587/advancedRocketry/tile/cables/TileWirelessTransciever.java,zmaster587.libVulpes.network.PacketHandler,zmaster587.libVulpes.network,libvulpes
src/main/java/zmaster587/advancedRocketry/tile/cables/TileWirelessTransciever.java,zmaster587.libVulpes.network.PacketMachine,zmaster587.libVulpes.network,libvulpes
src/main/java/zmaster587/advancedRocketry/tile/cables/TileWirelessTransciever.java,zmaster587.libVulpes.util.INetworkMachine,zmaster587.libVulpes.util,libvulpes
src/main/java/zmaster587/advancedRocketry/tile/hatch/TileDataBus.java,io.netty.buffer.ByteBuf,io.netty.buffer,third_party
src/main/java/zmaster587/advancedRocketry/tile/hatch/TileDataBus.java,java.util.LinkedList,java.util.LinkedList,jdk
src/main/java/zmaster587/advancedRocketry/tile/hatch/TileDataBus.java,java.util.List,java.util.List,jdk
src/main/java/zmaster587/advancedRocketry/tile/hatch/TileDataBus.java,javax.annotation.Nonnull,javax.annotation.Nonnull,jdk
src/main/java/zmaster587/advancedRocketry/tile/hatch/TileDataBus.java,net.minecraft.entity.player.EntityPlayer,net.minecraft.entity,minecraft
src/main/java/zmaster587/advancedRocketry/tile/hatch/TileDataBus.java,net.minecraft.item.ItemStack,net.minecraft.item,minecraft
src/main/java/zmaster587/advancedRocketry/tile/hatch/TileDataBus.java,net.minecraft.nbt.NBTTagCompound,net.minecraft.nbt,minecraft
src/main/java/zmaster587/advancedRocketry/tile/hatch/TileDataBus.java,net.minecraft.util.EnumFacing,net.minecraft.util,minecraft
src/main/java/zmaster587/advancedRocketry/tile/hatch/TileDataBus.java,net.minecraftforge.fml.relauncher.Side,net.minecraftforge.fml,minecraft
src/main/java/zmaster587/advancedRocketry/tile/hatch/TileDataBus.java,zmaster587.advancedRocketry.api.DataStorage,zmaster587.advancedRocketry.api,upstream_internal
src/main/java/zmaster587/advancedRocketry/tile/hatch/TileDataBus.java,zmaster587.advancedRocketry.api.DataStorage.DataType,zmaster587.advancedRocketry.api,upstream_internal
src/main/java/zmaster587/advancedRocketry/tile/hatch/TileDataBus.java,zmaster587.advancedRocketry.inventory.modules.ModuleAutoData,zmaster587.advancedRocketry.inventory,upstream_internal
src/main/java/zmaster587/advancedRocketry/tile/hatch/TileDataBus.java,zmaster587.advancedRocketry.item.ItemData,zmaster587.advancedRocketry.item,upstream_internal
src/main/java/zmaster587/advancedRocketry/tile/hatch/TileDataBus.java,zmaster587.advancedRocketry.util.IDataInventory,zmaster587.advancedRocketry.util,upstream_internal
src/main/java/zmaster587/advancedRocketry/tile/hatch/TileDataBus.java,zmaster587.libVulpes.inventory.modules.ModuleBase,zmaster587.libVulpes.inventory,libvulpes
src/main/java/zmaster587/advancedRocketry/tile/hatch/TileDataBus.java,zmaster587.libVulpes.tile.multiblock.TileMultiBlock,zmaster587.libVulpes.tile,libvulpes
src/main/java/zmaster587/advancedRocketry/tile/hatch/TileDataBus.java,zmaster587.libVulpes.tile.multiblock.hatch.TileInventoryHatch,zmaster587.libVulpes.tile,libvulpes
src/main/java/zmaster587/advancedRocketry/tile/hatch/TileDataBus.java,zmaster587.libVulpes.util.INetworkMachine,zmaster587.libVulpes.util,libvulpes
src/main/java/zmaster587/advancedRocketry/tile/hatch/TileSatelliteHatch.java,net.minecraft.item.ItemStack,net.minecraft.item,minecraft
src/main/java/zmaster587/advancedRocketry/tile/hatch/TileSatelliteHatch.java,zmaster587.advancedRocketry.api.SatelliteRegistry,zmaster587.advancedRocketry.api,upstream_internal
src/main/java/zmaster587/advancedRocketry/tile/hatch/TileSatelliteHatch.java,zmaster587.advancedRocketry.api.satellite.SatelliteBase,zmaster587.advancedRocketry.api,upstream_internal
src/main/java/zmaster587/advancedRocketry/tile/hatch/TileSatelliteHatch.java,zmaster587.advancedRocketry.api.satellite.SatelliteProperties,zmaster587.advancedRocketry.api,upstream_internal
src/main/java/zmaster587/advancedRocketry/tile/hatch/TileSatelliteHatch.java,zmaster587.advancedRocketry.dimension.DimensionManager,zmaster587.advancedRocketry.dimension,upstream_internal
src/main/java/zmaster587/advancedRocketry/tile/hatch/TileSatelliteHatch.java,zmaster587.advancedRocketry.item.ItemSatellite,zmaster587.advancedRocketry.item,upstream_internal
src/main/java/zmaster587/advancedRocketry/tile/hatch/TileSatelliteHatch.java,zmaster587.libVulpes.tile.multiblock.hatch.TileInventoryHatch,zmaster587.libVulpes.tile,libvulpes
src/main/java/zmaster587/advancedRocketry/tile/infrastructure/TileFuelingStation.java,io.netty.buffer.ByteBuf,io.netty.buffer,third_party
src/main/java/zmaster587/advancedRocketry/tile/infrastructure/TileFuelingStation.java,java.util.ArrayList,java.util.ArrayList,jdk
src/main/java/zmaster587/advancedRocketry/tile/infrastructure/TileFuelingStation.java,java.util.List,java.util.List,jdk
src/main/java/zmaster587/advancedRocketry/tile/infrastructure/TileFuelingStation.java,javax.annotation.Nonnull,javax.annotation.Nonnull,jdk
src/main/java/zmaster587/advancedRocketry/tile/infrastructure/TileFuelingStation.java,net.minecraft.client.Minecraft,net.minecraft.client,client_api
src/main/java/zmaster587/advancedRocketry/tile/infrastructure/TileFuelingStation.java,net.minecraft.entity.player.EntityPlayer,net.minecraft.entity,minecraft
src/main/java/zmaster587/advancedRocketry/tile/infrastructure/TileFuelingStation.java,net.minecraft.item.ItemStack,net.minecraft.item,minecraft
src/main/java/zmaster587/advancedRocketry/tile/infrastructure/TileFuelingStation.java,net.minecraft.nbt.NBTTagCompound,net.minecraft.nbt,minecraft
src/main/java/zmaster587/advancedRocketry/tile/infrastructure/TileFuelingStation.java,net.minecraft.network.NetworkManager,net.minecraft.network,minecraft
src/main/java/zmaster587/advancedRocketry/tile/infrastructure/TileFuelingStation.java,net.minecraft.network.play.server.SPacketUpdateTileEntity,net.minecraft.network,minecraft
src/main/java/zmaster587/advancedRocketry/tile/infrastructure/TileFuelingStation.java,net.minecraft.tileentity.TileEntity,net.minecraft.tileentity,minecraft
src/main/java/zmaster587/advancedRocketry/tile/infrastructure/TileFuelingStation.java,net.minecraft.util.EnumFacing,net.minecraft.util,minecraft
src/main/java/zmaster587/advancedRocketry/tile/infrastructure/TileFuelingStation.java,net.minecraft.util.math.BlockPos,net.minecraft.util,minecraft
src/main/java/zmaster587/advancedRocketry/tile/infrastructure/TileFuelingStation.java,net.minecraft.util.text.TextComponentString,net.minecraft.util,minecraft
src/main/java/zmaster587/advancedRocketry/tile/infrastructure/TileFuelingStation.java,net.minecraft.util.text.TextComponentTranslation,net.minecraft.util,minecraft
src/main/java/zmaster587/advancedRocketry/tile/infrastructure/TileFuelingStation.java,net.minecraft.world.World,net.minecraft.world,minecraft
src/main/java/zmaster587/advancedRocketry/tile/infrastructure/TileFuelingStation.java,net.minecraftforge.fluids.*,net.minecraftforge.fluids,minecraft
src/main/java/zmaster587/advancedRocketry/tile/infrastructure/TileFuelingStation.java,net.minecraftforge.fluids.capability.CapabilityFluidHandler,net.minecraftforge.fluids,minecraft
src/main/java/zmaster587/advancedRocketry/tile/infrastructure/TileFuelingStation.java,net.minecraftforge.fluids.capability.IFluidHandlerItem,net.minecraftforge.fluids,minecraft
src/main/java/zmaster587/advancedRocketry/tile/infrastructure/TileFuelingStation.java,net.minecraftforge.fml.relauncher.Side,net.minecraftforge.fml,minecraft
src/main/java/zmaster587/advancedRocketry/tile/infrastructure/TileFuelingStation.java,zmaster587.advancedRocketry.api.*,zmaster587.advancedRocketry.api,upstream_internal
src/main/java/zmaster587/advancedRocketry/tile/infrastructure/TileFuelingStation.java,zmaster587.advancedRocketry.api.fuel.FuelRegistry,zmaster587.advancedRocketry.api,upstream_internal
src/main/java/zmaster587/advancedRocketry/tile/infrastructure/TileFuelingStation.java,zmaster587.advancedRocketry.api.fuel.FuelRegistry.FuelType,zmaster587.advancedRocketry.api,upstream_internal
src/main/java/zmaster587/advancedRocketry/tile/infrastructure/TileFuelingStation.java,zmaster587.advancedRocketry.block.BlockTileRedstoneEmitter,zmaster587.advancedRocketry.block,upstream_internal
src/main/java/zmaster587/advancedRocketry/tile/infrastructure/TileFuelingStation.java,zmaster587.advancedRocketry.tile.TileRocketAssemblingMachine,zmaster587.advancedRocketry.tile,upstream_internal
src/main/java/zmaster587/advancedRocketry/tile/infrastructure/TileFuelingStation.java,zmaster587.libVulpes.LibVulpes,zmaster587.libVulpes.LibVulpes,libvulpes
src/main/java/zmaster587/advancedRocketry/tile/infrastructure/TileFuelingStation.java,zmaster587.libVulpes.gui.CommonResources,zmaster587.libVulpes.gui,libvulpes
src/main/java/zmaster587/advancedRocketry/tile/infrastructure/TileFuelingStation.java,zmaster587.libVulpes.interfaces.ILinkableTile,zmaster587.libVulpes.interfaces,libvulpes
src/main/java/zmaster587/advancedRocketry/tile/infrastructure/TileFuelingStation.java,zmaster587.libVulpes.inventory.modules.*,zmaster587.libVulpes.inventory,libvulpes
src/main/java/zmaster587/advancedRocketry/tile/infrastructure/TileFuelingStation.java,zmaster587.libVulpes.items.ItemLinker,zmaster587.libVulpes.items,libvulpes
src/main/java/zmaster587/advancedRocketry/tile/infrastructure/TileFuelingStation.java,zmaster587.libVulpes.network.PacketHandler,zmaster587.libVulpes.network,libvulpes
src/main/java/zmaster587/advancedRocketry/tile/infrastructure/TileFuelingStation.java,zmaster587.libVulpes.network.PacketMachine,zmaster587.libVulpes.network,libvulpes
src/main/java/zmaster587/advancedRocketry/tile/infrastructure/TileFuelingStation.java,zmaster587.libVulpes.tile.IMultiblock,zmaster587.libVulpes.tile,libvulpes
src/main/java/zmaster587/advancedRocketry/tile/infrastructure/TileFuelingStation.java,zmaster587.libVulpes.tile.TileInventoriedRFConsumerTank,zmaster587.libVulpes.tile,libvulpes
src/main/java/zmaster587/advancedRocketry/tile/infrastructure/TileFuelingStation.java,zmaster587.libVulpes.util.FluidUtils,zmaster587.libVulpes.util,libvulpes
src/main/java/zmaster587/advancedRocketry/tile/infrastructure/TileFuelingStation.java,zmaster587.libVulpes.util.HashedBlockPosition,zmaster587.libVulpes.util,libvulpes
src/main/java/zmaster587/advancedRocketry/tile/infrastructure/TileFuelingStation.java,zmaster587.libVulpes.util.INetworkMachine,zmaster587.libVulpes.util,libvulpes
src/main/java/zmaster587/advancedRocketry/tile/infrastructure/TileFuelingStation.java,zmaster587.libVulpes.util.IconResource,zmaster587.libVulpes.util,libvulpes
src/main/java/zmaster587/advancedRocketry/tile/infrastructure/TileFuelingStation.java,zmaster587.libVulpes.util.ZUtils.RedstoneState,zmaster587.libVulpes.util,libvulpes
src/main/java/zmaster587/advancedRocketry/tile/infrastructure/TileGuidanceComputerAccessHatch.java,io.netty.buffer.ByteBuf,io.netty.buffer,third_party
src/main/java/zmaster587/advancedRocketry/tile/infrastructure/TileGuidanceComputerAccessHatch.java,java.util.LinkedList,java.util.LinkedList,jdk
src/main/java/zmaster587/advancedRocketry/tile/infrastructure/TileGuidanceComputerAccessHatch.java,java.util.List,java.util.List,jdk
src/main/java/zmaster587/advancedRocketry/tile/infrastructure/TileGuidanceComputerAccessHatch.java,javax.annotation.Nonnull,javax.annotation.Nonnull,jdk
src/main/java/zmaster587/advancedRocketry/tile/infrastructure/TileGuidanceComputerAccessHatch.java,javax.annotation.Nullable,javax.annotation.Nullable,jdk
src/main/java/zmaster587/advancedRocketry/tile/infrastructure/TileGuidanceComputerAccessHatch.java,net.minecraft.client.Minecraft,net.minecraft.client,client_api
src/main/java/zmaster587/advancedRocketry/tile/infrastructure/TileGuidanceComputerAccessHatch.java,net.minecraft.entity.player.EntityPlayer,net.minecraft.entity,minecraft
src/main/java/zmaster587/advancedRocketry/tile/infrastructure/TileGuidanceComputerAccessHatch.java,net.minecraft.inventory.IInventory,net.minecraft.inventory,minecraft
src/main/java/zmaster587/advancedRocketry/tile/infrastructure/TileGuidanceComputerAccessHatch.java,net.minecraft.item.ItemStack,net.minecraft.item,minecraft
src/main/java/zmaster587/advancedRocketry/tile/infrastructure/TileGuidanceComputerAccessHatch.java,net.minecraft.nbt.NBTTagCompound,net.minecraft.nbt,minecraft
src/main/java/zmaster587/advancedRocketry/tile/infrastructure/TileGuidanceComputerAccessHatch.java,net.minecraft.network.NetworkManager,net.minecraft.network,minecraft
src/main/java/zmaster587/advancedRocketry/tile/infrastructure/TileGuidanceComputerAccessHatch.java,net.minecraft.network.play.server.SPacketUpdateTileEntity,net.minecraft.network,minecraft
src/main/java/zmaster587/advancedRocketry/tile/infrastructure/TileGuidanceComputerAccessHatch.java,net.minecraft.tileentity.TileEntity,net.minecraft.tileentity,minecraft
src/main/java/zmaster587/advancedRocketry/tile/infrastructure/TileGuidanceComputerAccessHatch.java,net.minecraft.util.EnumFacing,net.minecraft.util,minecraft
src/main/java/zmaster587/advancedRocketry/tile/infrastructure/TileGuidanceComputerAccessHatch.java,net.minecraft.util.ITickable,net.minecraft.util,minecraft
src/main/java/zmaster587/advancedRocketry/tile/infrastructure/TileGuidanceComputerAccessHatch.java,net.minecraft.util.text.TextComponentTranslation,net.minecraft.util,minecraft
src/main/java/zmaster587/advancedRocketry/tile/infrastructure/TileGuidanceComputerAccessHatch.java,net.minecraft.world.World,net.minecraft.world,minecraft
src/main/java/zmaster587/advancedRocketry/tile/infrastructure/TileGuidanceComputerAccessHatch.java,net.minecraftforge.fml.relauncher.Side,net.minecraftforge.fml,minecraft
src/main/java/zmaster587/advancedRocketry/tile/infrastructure/TileGuidanceComputerAccessHatch.java,zmaster587.advancedRocketry.api.AdvancedRocketryBlocks,zmaster587.advancedRocketry.api,upstream_internal
src/main/java/zmaster587/advancedRocketry/tile/infrastructure/TileGuidanceComputerAccessHatch.java,zmaster587.advancedRocketry.api.EntityRocketBase,zmaster587.advancedRocketry.api,upstream_internal
src/main/java/zmaster587/advancedRocketry/tile/infrastructure/TileGuidanceComputerAccessHatch.java,zmaster587.advancedRocketry.api.IInfrastructure,zmaster587.advancedRocketry.api,upstream_internal
src/main/java/zmaster587/advancedRocketry/tile/infrastructure/TileGuidanceComputerAccessHatch.java,zmaster587.advancedRocketry.api.IMission,zmaster587.advancedRocketry.api,upstream_internal
src/main/java/zmaster587/advancedRocketry/tile/infrastructure/TileGuidanceComputerAccessHatch.java,zmaster587.advancedRocketry.block.multiblock.BlockARHatch,zmaster587.advancedRocketry.block,upstream_internal
src/main/java/zmaster587/advancedRocketry/tile/infrastructure/TileGuidanceComputerAccessHatch.java,zmaster587.advancedRocketry.entity.EntityRocket,zmaster587.advancedRocketry.entity,upstream_internal
src/main/java/zmaster587/advancedRocketry/tile/infrastructure/TileGuidanceComputerAccessHatch.java,zmaster587.advancedRocketry.inventory.TextureResources,zmaster587.advancedRocketry.inventory,upstream_internal
src/main/java/zmaster587/advancedRocketry/tile/infrastructure/TileGuidanceComputerAccessHatch.java,zmaster587.advancedRocketry.item.ItemPlanetIdentificationChip,zmaster587.advancedRocketry.item,upstream_internal
src/main/java/zmaster587/advancedRocketry/tile/infrastructure/TileGuidanceComputerAccessHatch.java,zmaster587.advancedRocketry.item.ItemSatelliteIdentificationChip,zmaster587.advancedRocketry.item,upstream_internal
src/main/java/zmaster587/advancedRocketry/tile/infrastructure/TileGuidanceComputerAccessHatch.java,zmaster587.advancedRocketry.item.ItemStationChip,zmaster587.advancedRocketry.item,upstream_internal
src/main/java/zmaster587/advancedRocketry/tile/infrastructure/TileGuidanceComputerAccessHatch.java,zmaster587.advancedRocketry.tile.TileGuidanceComputer,zmaster587.advancedRocketry.tile,upstream_internal
src/main/java/zmaster587/advancedRocketry/tile/infrastructure/TileGuidanceComputerAccessHatch.java,zmaster587.advancedRocketry.tile.TileRocketAssemblingMachine,zmaster587.advancedRocketry.tile,upstream_internal
src/main/java/zmaster587/advancedRocketry/tile/infrastructure/TileGuidanceComputerAccessHatch.java,zmaster587.libVulpes.LibVulpes,zmaster587.libVulpes.LibVulpes,libvulpes
src/main/java/zmaster587/advancedRocketry/tile/infrastructure/TileGuidanceComputerAccessHatch.java,zmaster587.libVulpes.inventory.modules.*,zmaster587.libVulpes.inventory,libvulpes
src/main/java/zmaster587/advancedRocketry/tile/infrastructure/TileGuidanceComputerAccessHatch.java,zmaster587.libVulpes.items.ItemLinker,zmaster587.libVulpes.items,libvulpes
src/main/java/zmaster587/advancedRocketry/tile/infrastructure/TileGuidanceComputerAccessHatch.java,zmaster587.libVulpes.network.PacketHandler,zmaster587.libVulpes.network,libvulpes
src/main/java/zmaster587/advancedRocketry/tile/infrastructure/TileGuidanceComputerAccessHatch.java,zmaster587.libVulpes.network.PacketMachine,zmaster587.libVulpes.network,libvulpes
src/main/java/zmaster587/advancedRocketry/tile/infrastructure/TileGuidanceComputerAccessHatch.java,zmaster587.libVulpes.tile.TilePointer,zmaster587.libVulpes.tile,libvulpes
src/main/java/zmaster587/advancedRocketry/tile/infrastructure/TileGuidanceComputerAccessHatch.java,zmaster587.libVulpes.util.INetworkMachine,zmaster587.libVulpes.util,libvulpes
src/main/java/zmaster587/advancedRocketry/tile/infrastructure/TileGuidanceComputerAccessHatch.java,zmaster587.libVulpes.util.ZUtils,zmaster587.libVulpes.util,libvulpes
src/main/java/zmaster587/advancedRocketry/tile/infrastructure/TileGuidanceComputerAccessHatch.java,zmaster587.libVulpes.util.ZUtils.RedstoneState,zmaster587.libVulpes.util,libvulpes
src/main/java/zmaster587/advancedRocketry/tile/infrastructure/TileRocketFluidLoader.java,io.netty.buffer.ByteBuf,io.netty.buffer,third_party
src/main/java/zmaster587/advancedRocketry/tile/infrastructure/TileRocketFluidLoader.java,java.util.Calendar,java.util.Calendar,jdk
src/main/java/zmaster587/advancedRocketry/tile/infrastructure/TileRocketFluidLoader.java,java.util.List,java.util.List,jdk
src/main/java/zmaster587/advancedRocketry/tile/infrastructure/TileRocketFluidLoader.java,javax.annotation.Nonnull,javax.annotation.Nonnull,jdk
src/main/java/zmaster587/advancedRocketry/tile/infrastructure/TileRocketFluidLoader.java,net.minecraft.client.Minecraft,net.minecraft.client,client_api
src/main/java/zmaster587/advancedRocketry/tile/infrastructure/TileRocketFluidLoader.java,net.minecraft.entity.player.EntityPlayer,net.minecraft.entity,minecraft
src/main/java/zmaster587/advancedRocketry/tile/infrastructure/TileRocketFluidLoader.java,net.minecraft.item.ItemStack,net.minecraft.item,minecraft
src/main/java/zmaster587/advancedRocketry/tile/infrastructure/TileRocketFluidLoader.java,net.minecraft.nbt.NBTTagCompound,net.minecraft.nbt,minecraft
src/main/java/zmaster587/advancedRocketry/tile/infrastructure/TileRocketFluidLoader.java,net.minecraft.network.NetworkManager,net.minecraft.network,minecraft
src/main/java/zmaster587/advancedRocketry/tile/infrastructure/TileRocketFluidLoader.java,net.minecraft.network.play.server.SPacketUpdateTileEntity,net.minecraft.network,minecraft
src/main/java/zmaster587/advancedRocketry/tile/infrastructure/TileRocketFluidLoader.java,net.minecraft.tileentity.TileEntity,net.minecraft.tileentity,minecraft
src/main/java/zmaster587/advancedRocketry/tile/infrastructure/TileRocketFluidLoader.java,net.minecraft.util.EnumFacing,net.minecraft.util,minecraft
src/main/java/zmaster587/advancedRocketry/tile/infrastructure/TileRocketFluidLoader.java,net.minecraft.util.ITickable,net.minecraft.util,minecraft
src/main/java/zmaster587/advancedRocketry/tile/infrastructure/TileRocketFluidLoader.java,net.minecraft.util.math.BlockPos,net.minecraft.util,minecraft
src/main/java/zmaster587/advancedRocketry/tile/infrastructure/TileRocketFluidLoader.java,net.minecraft.util.text.TextComponentTranslation,net.minecraft.util,minecraft
src/main/java/zmaster587/advancedRocketry/tile/infrastructure/TileRocketFluidLoader.java,net.minecraft.world.World,net.minecraft.world,minecraft
src/main/java/zmaster587/advancedRocketry/tile/infrastructure/TileRocketFluidLoader.java,net.minecraftforge.fluids.FluidStack,net.minecraftforge.fluids,minecraft
src/main/java/zmaster587/advancedRocketry/tile/infrastructure/TileRocketFluidLoader.java,net.minecraftforge.fluids.capability.CapabilityFluidHandler,net.minecraftforge.fluids,minecraft
src/main/java/zmaster587/advancedRocketry/tile/infrastructure/TileRocketFluidLoader.java,net.minecraftforge.fluids.capability.IFluidHandler,net.minecraftforge.fluids,minecraft
src/main/java/zmaster587/advancedRocketry/tile/infrastructure/TileRocketFluidLoader.java,net.minecraftforge.fml.relauncher.Side,net.minecraftforge.fml,minecraft
src/main/java/zmaster587/advancedRocketry/tile/infrastructure/TileRocketFluidLoader.java,zmaster587.advancedRocketry.api.AdvancedRocketryBlocks,zmaster587.advancedRocketry.api,upstream_internal
src/main/java/zmaster587/advancedRocketry/tile/infrastructure/TileRocketFluidLoader.java,zmaster587.advancedRocketry.api.EntityRocketBase,zmaster587.advancedRocketry.api,upstream_internal
src/main/java/zmaster587/advancedRocketry/tile/infrastructure/TileRocketFluidLoader.java,zmaster587.advancedRocketry.api.IInfrastructure,zmaster587.advancedRocketry.api,upstream_internal
src/main/java/zmaster587/advancedRocketry/tile/infrastructure/TileRocketFluidLoader.java,zmaster587.advancedRocketry.api.IMission,zmaster587.advancedRocketry.api,upstream_internal
src/main/java/zmaster587/advancedRocketry/tile/infrastructure/TileRocketFluidLoader.java,zmaster587.advancedRocketry.block.multiblock.BlockARHatch,zmaster587.advancedRocketry.block,upstream_internal
src/main/java/zmaster587/advancedRocketry/tile/infrastructure/TileRocketFluidLoader.java,zmaster587.advancedRocketry.entity.EntityRocket,zmaster587.advancedRocketry.entity,upstream_internal
src/main/java/zmaster587/advancedRocketry/tile/infrastructure/TileRocketFluidLoader.java,zmaster587.advancedRocketry.tile.TileRocketAssemblingMachine,zmaster587.advancedRocketry.tile,upstream_internal
src/main/java/zmaster587/advancedRocketry/tile/infrastructure/TileRocketFluidLoader.java,zmaster587.libVulpes.LibVulpes,zmaster587.libVulpes.LibVulpes,libvulpes
src/main/java/zmaster587/advancedRocketry/tile/infrastructure/TileRocketFluidLoader.java,zmaster587.libVulpes.inventory.modules.*,zmaster587.libVulpes.inventory,libvulpes
src/main/java/zmaster587/advancedRocketry/tile/infrastructure/TileRocketFluidLoader.java,zmaster587.libVulpes.items.ItemLinker,zmaster587.libVulpes.items,libvulpes
src/main/java/zmaster587/advancedRocketry/tile/infrastructure/TileRocketFluidLoader.java,zmaster587.libVulpes.network.PacketHandler,zmaster587.libVulpes.network,libvulpes
src/main/java/zmaster587/advancedRocketry/tile/infrastructure/TileRocketFluidLoader.java,zmaster587.libVulpes.network.PacketMachine,zmaster587.libVulpes.network,libvulpes
src/main/java/zmaster587/advancedRocketry/tile/infrastructure/TileRocketFluidLoader.java,zmaster587.libVulpes.tile.multiblock.hatch.TileFluidHatch,zmaster587.libVulpes.tile,libvulpes
src/main/java/zmaster587/advancedRocketry/tile/infrastructure/TileRocketFluidLoader.java,zmaster587.libVulpes.util.INetworkMachine,zmaster587.libVulpes.util,libvulpes
src/main/java/zmaster587/advancedRocketry/tile/infrastructure/TileRocketFluidLoader.java,zmaster587.libVulpes.util.ZUtils.RedstoneState,zmaster587.libVulpes.util,libvulpes
src/main/java/zmaster587/advancedRocketry/tile/infrastructure/TileRocketFluidUnloader.java,java.util.List,java.util.List,jdk
src/main/java/zmaster587/advancedRocketry/tile/infrastructure/TileRocketFluidUnloader.java,net.minecraft.tileentity.TileEntity,net.minecraft.tileentity,minecraft
src/main/java/zmaster587/advancedRocketry/tile/infrastructure/TileRocketFluidUnloader.java,net.minecraft.util.ITickable,net.minecraft.util,minecraft
src/main/java/zmaster587/advancedRocketry/tile/infrastructure/TileRocketFluidUnloader.java,net.minecraftforge.fluids.FluidStack,net.minecraftforge.fluids,minecraft
src/main/java/zmaster587/advancedRocketry/tile/infrastructure/TileRocketFluidUnloader.java,net.minecraftforge.fluids.capability.CapabilityFluidHandler,net.minecraftforge.fluids,minecraft
src/main/java/zmaster587/advancedRocketry/tile/infrastructure/TileRocketFluidUnloader.java,net.minecraftforge.fluids.capability.IFluidHandler,net.minecraftforge.fluids,minecraft
src/main/java/zmaster587/advancedRocketry/tile/infrastructure/TileRocketFluidUnloader.java,zmaster587.advancedRocketry.api.IInfrastructure,zmaster587.advancedRocketry.api,upstream_internal
src/main/java/zmaster587/advancedRocketry/tile/infrastructure/TileRocketFluidUnloader.java,zmaster587.libVulpes.inventory.modules.IButtonInventory,zmaster587.libVulpes.inventory,libvulpes
src/main/java/zmaster587/advancedRocketry/tile/infrastructure/TileRocketFluidUnloader.java,zmaster587.libVulpes.util.INetworkMachine,zmaster587.libVulpes.util,libvulpes
src/main/java/zmaster587/advancedRocketry/tile/infrastructure/TileRocketFluidUnloader.java,zmaster587.libVulpes.util.ZUtils.RedstoneState,zmaster587.libVulpes.util,libvulpes
src/main/java/zmaster587/advancedRocketry/tile/infrastructure/TileRocketLoader.java,io.netty.buffer.ByteBuf,io.netty.buffer,third_party
src/main/java/zmaster587/advancedRocketry/tile/infrastructure/TileRocketLoader.java,java.util.List,java.util.List,jdk
src/main/java/zmaster587/advancedRocketry/tile/infrastructure/TileRocketLoader.java,javax.annotation.Nonnull,javax.annotation.Nonnull,jdk
src/main/java/zmaster587/advancedRocketry/tile/infrastructure/TileRocketLoader.java,net.minecraft.client.Minecraft,net.minecraft.client,client_api
src/main/java/zmaster587/advancedRocketry/tile/infrastructure/TileRocketLoader.java,net.minecraft.entity.player.EntityPlayer,net.minecraft.entity,minecraft
src/main/java/zmaster587/advancedRocketry/tile/infrastructure/TileRocketLoader.java,net.minecraft.inventory.IInventory,net.minecraft.inventory,minecraft
src/main/java/zmaster587/advancedRocketry/tile/infrastructure/TileRocketLoader.java,net.minecraft.item.ItemStack,net.minecraft.item,minecraft
src/main/java/zmaster587/advancedRocketry/tile/infrastructure/TileRocketLoader.java,net.minecraft.nbt.NBTTagCompound,net.minecraft.nbt,minecraft
src/main/java/zmaster587/advancedRocketry/tile/infrastructure/TileRocketLoader.java,net.minecraft.network.NetworkManager,net.minecraft.network,minecraft
src/main/java/zmaster587/advancedRocketry/tile/infrastructure/TileRocketLoader.java,net.minecraft.network.play.server.SPacketUpdateTileEntity,net.minecraft.network,minecraft
src/main/java/zmaster587/advancedRocketry/tile/infrastructure/TileRocketLoader.java,net.minecraft.tileentity.TileEntity,net.minecraft.tileentity,minecraft
src/main/java/zmaster587/advancedRocketry/tile/infrastructure/TileRocketLoader.java,net.minecraft.util.EnumFacing,net.minecraft.util,minecraft
src/main/java/zmaster587/advancedRocketry/tile/infrastructure/TileRocketLoader.java,net.minecraft.util.ITickable,net.minecraft.util,minecraft
src/main/java/zmaster587/advancedRocketry/tile/infrastructure/TileRocketLoader.java,net.minecraft.util.math.BlockPos,net.minecraft.util,minecraft
src/main/java/zmaster587/advancedRocketry/tile/infrastructure/TileRocketLoader.java,net.minecraft.util.text.TextComponentTranslation,net.minecraft.util,minecraft
src/main/java/zmaster587/advancedRocketry/tile/infrastructure/TileRocketLoader.java,net.minecraft.world.World,net.minecraft.world,minecraft
src/main/java/zmaster587/advancedRocketry/tile/infrastructure/TileRocketLoader.java,net.minecraftforge.fml.relauncher.Side,net.minecraftforge.fml,minecraft
src/main/java/zmaster587/advancedRocketry/tile/infrastructure/TileRocketLoader.java,net.minecraftforge.items.CapabilityItemHandler,net.minecraftforge.items,minecraft
src/main/java/zmaster587/advancedRocketry/tile/infrastructure/TileRocketLoader.java,net.minecraftforge.items.IItemHandler,net.minecraftforge.items,minecraft
src/main/java/zmaster587/advancedRocketry/tile/infrastructure/TileRocketLoader.java,zmaster587.advancedRocketry.api.AdvancedRocketryBlocks,zmaster587.advancedRocketry.api,upstream_internal
src/main/java/zmaster587/advancedRocketry/tile/infrastructure/TileRocketLoader.java,zmaster587.advancedRocketry.api.EntityRocketBase,zmaster587.advancedRocketry.api,upstream_internal
src/main/java/zmaster587/advancedRocketry/tile/infrastructure/TileRocketLoader.java,zmaster587.advancedRocketry.api.IInfrastructure,zmaster587.advancedRocketry.api,upstream_internal
src/main/java/zmaster587/advancedRocketry/tile/infrastructure/TileRocketLoader.java,zmaster587.advancedRocketry.api.IMission,zmaster587.advancedRocketry.api,upstream_internal
src/main/java/zmaster587/advancedRocketry/tile/infrastructure/TileRocketLoader.java,zmaster587.advancedRocketry.block.multiblock.BlockARHatch,zmaster587.advancedRocketry.block,upstream_internal
src/main/java/zmaster587/advancedRocketry/tile/infrastructure/TileRocketLoader.java,zmaster587.advancedRocketry.entity.EntityRocket,zmaster587.advancedRocketry.entity,upstream_internal
src/main/java/zmaster587/advancedRocketry/tile/infrastructure/TileRocketLoader.java,zmaster587.advancedRocketry.tile.TileGuidanceComputer,zmaster587.advancedRocketry.tile,upstream_internal
src/main/java/zmaster587/advancedRocketry/tile/infrastructure/TileRocketLoader.java,zmaster587.advancedRocketry.tile.TileRocketAssemblingMachine,zmaster587.advancedRocketry.tile,upstream_internal
src/main/java/zmaster587/advancedRocketry/tile/infrastructure/TileRocketLoader.java,zmaster587.libVulpes.LibVulpes,zmaster587.libVulpes.LibVulpes,libvulpes
src/main/java/zmaster587/advancedRocketry/tile/infrastructure/TileRocketLoader.java,zmaster587.libVulpes.inventory.modules.*,zmaster587.libVulpes.inventory,libvulpes
src/main/java/zmaster587/advancedRocketry/tile/infrastructure/TileRocketLoader.java,zmaster587.libVulpes.items.ItemLinker,zmaster587.libVulpes.items,libvulpes
src/main/java/zmaster587/advancedRocketry/tile/infrastructure/TileRocketLoader.java,zmaster587.libVulpes.network.PacketHandler,zmaster587.libVulpes.network,libvulpes
src/main/java/zmaster587/advancedRocketry/tile/infrastructure/TileRocketLoader.java,zmaster587.libVulpes.network.PacketMachine,zmaster587.libVulpes.network,libvulpes
src/main/java/zmaster587/advancedRocketry/tile/infrastructure/TileRocketLoader.java,zmaster587.libVulpes.tile.multiblock.hatch.TileInventoryHatch,zmaster587.libVulpes.tile,libvulpes
src/main/java/zmaster587/advancedRocketry/tile/infrastructure/TileRocketLoader.java,zmaster587.libVulpes.util.INetworkMachine,zmaster587.libVulpes.util,libvulpes
src/main/java/zmaster587/advancedRocketry/tile/infrastructure/TileRocketLoader.java,zmaster587.libVulpes.util.ZUtils.RedstoneState,zmaster587.libVulpes.util,libvulpes
src/main/java/zmaster587/advancedRocketry/tile/infrastructure/TileRocketMonitoringStation.java,io.netty.buffer.ByteBuf,io.netty.buffer,third_party
src/main/java/zmaster587/advancedRocketry/tile/infrastructure/TileRocketMonitoringStation.java,java.util.LinkedList,java.util.LinkedList,jdk
src/main/java/zmaster587/advancedRocketry/tile/infrastructure/TileRocketMonitoringStation.java,java.util.List,java.util.List,jdk
src/main/java/zmaster587/advancedRocketry/tile/infrastructure/TileRocketMonitoringStation.java,javax.annotation.Nonnull,javax.annotation.Nonnull,jdk
src/main/java/zmaster587/advancedRocketry/tile/infrastructure/TileRocketMonitoringStation.java,net.minecraft.client.Minecraft,net.minecraft.client,client_api
src/main/java/zmaster587/advancedRocketry/tile/infrastructure/TileRocketMonitoringStation.java,net.minecraft.entity.player.EntityPlayer,net.minecraft.entity,minecraft
src/main/java/zmaster587/advancedRocketry/tile/infrastructure/TileRocketMonitoringStation.java,net.minecraft.item.ItemStack,net.minecraft.item,minecraft
src/main/java/zmaster587/advancedRocketry/tile/infrastructure/TileRocketMonitoringStation.java,net.minecraft.nbt.NBTTagCompound,net.minecraft.nbt,minecraft
src/main/java/zmaster587/advancedRocketry/tile/infrastructure/TileRocketMonitoringStation.java,net.minecraft.tileentity.TileEntity,net.minecraft.tileentity,minecraft
src/main/java/zmaster587/advancedRocketry/tile/infrastructure/TileRocketMonitoringStation.java,net.minecraft.util.EnumFacing,net.minecraft.util,minecraft
src/main/java/zmaster587/advancedRocketry/tile/infrastructure/TileRocketMonitoringStation.java,net.minecraft.util.ITickable,net.minecraft.util,minecraft
src/main/java/zmaster587/advancedRocketry/tile/infrastructure/TileRocketMonitoringStation.java,net.minecraft.util.text.TextComponentTranslation,net.minecraft.util,minecraft
src/main/java/zmaster587/advancedRocketry/tile/infrastructure/TileRocketMonitoringStation.java,net.minecraft.world.World,net.minecraft.world,minecraft
src/main/java/zmaster587/advancedRocketry/tile/infrastructure/TileRocketMonitoringStation.java,net.minecraftforge.fml.relauncher.Side,net.minecraftforge.fml,minecraft
src/main/java/zmaster587/advancedRocketry/tile/infrastructure/TileRocketMonitoringStation.java,zmaster587.advancedRocketry.api.*,zmaster587.advancedRocketry.api,upstream_internal
src/main/java/zmaster587/advancedRocketry/tile/infrastructure/TileRocketMonitoringStation.java,zmaster587.advancedRocketry.api.fuel.FuelRegistry,zmaster587.advancedRocketry.api,upstream_internal
src/main/java/zmaster587/advancedRocketry/tile/infrastructure/TileRocketMonitoringStation.java,zmaster587.advancedRocketry.api.satellite.SatelliteBase,zmaster587.advancedRocketry.api,upstream_internal
src/main/java/zmaster587/advancedRocketry/tile/infrastructure/TileRocketMonitoringStation.java,zmaster587.advancedRocketry.dimension.DimensionManager,zmaster587.advancedRocketry.dimension,upstream_internal
src/main/java/zmaster587/advancedRocketry/tile/infrastructure/TileRocketMonitoringStation.java,zmaster587.advancedRocketry.entity.EntityRocket,zmaster587.advancedRocketry.entity,upstream_internal
src/main/java/zmaster587/advancedRocketry/tile/infrastructure/TileRocketMonitoringStation.java,zmaster587.advancedRocketry.inventory.TextureResources,zmaster587.advancedRocketry.inventory,upstream_internal
src/main/java/zmaster587/advancedRocketry/tile/infrastructure/TileRocketMonitoringStation.java,zmaster587.libVulpes.LibVulpes,zmaster587.libVulpes.LibVulpes,libvulpes
src/main/java/zmaster587/advancedRocketry/tile/infrastructure/TileRocketMonitoringStation.java,zmaster587.libVulpes.client.util.IndicatorBarImage,zmaster587.libVulpes.client,libvulpes
src/main/java/zmaster587/advancedRocketry/tile/infrastructure/TileRocketMonitoringStation.java,zmaster587.libVulpes.client.util.ProgressBarImage,zmaster587.libVulpes.client,libvulpes
src/main/java/zmaster587/advancedRocketry/tile/infrastructure/TileRocketMonitoringStation.java,zmaster587.libVulpes.interfaces.ILinkableTile,zmaster587.libVulpes.interfaces,libvulpes
src/main/java/zmaster587/advancedRocketry/tile/infrastructure/TileRocketMonitoringStation.java,zmaster587.libVulpes.inventory.modules.*,zmaster587.libVulpes.inventory,libvulpes
src/main/java/zmaster587/advancedRocketry/tile/infrastructure/TileRocketMonitoringStation.java,zmaster587.libVulpes.items.ItemLinker,zmaster587.libVulpes.items,libvulpes
src/main/java/zmaster587/advancedRocketry/tile/infrastructure/TileRocketMonitoringStation.java,zmaster587.libVulpes.network.PacketHandler,zmaster587.libVulpes.network,libvulpes
src/main/java/zmaster587/advancedRocketry/tile/infrastructure/TileRocketMonitoringStation.java,zmaster587.libVulpes.network.PacketMachine,zmaster587.libVulpes.network,libvulpes
src/main/java/zmaster587/advancedRocketry/tile/infrastructure/TileRocketMonitoringStation.java,zmaster587.libVulpes.tile.IComparatorOverride,zmaster587.libVulpes.tile,libvulpes
src/main/java/zmaster587/advancedRocketry/tile/infrastructure/TileRocketMonitoringStation.java,zmaster587.libVulpes.util.IAdjBlockUpdate,zmaster587.libVulpes.util,libvulpes
src/main/java/zmaster587/advancedRocketry/tile/infrastructure/TileRocketMonitoringStation.java,zmaster587.libVulpes.util.INetworkMachine,zmaster587.libVulpes.util,libvulpes
src/main/java/zmaster587/advancedRocketry/tile/infrastructure/TileRocketMonitoringStation.java,zmaster587.libVulpes.util.ZUtils.RedstoneState,zmaster587.libVulpes.util,libvulpes
src/main/java/zmaster587/advancedRocketry/tile/infrastructure/TileRocketUnloader.java,java.util.List,java.util.List,jdk
src/main/java/zmaster587/advancedRocketry/tile/infrastructure/TileRocketUnloader.java,net.minecraft.inventory.IInventory,net.minecraft.inventory,minecraft
src/main/java/zmaster587/advancedRocketry/tile/infrastructure/TileRocketUnloader.java,net.minecraft.item.ItemStack,net.minecraft.item,minecraft
src/main/java/zmaster587/advancedRocketry/tile/infrastructure/TileRocketUnloader.java,net.minecraft.tileentity.TileEntity,net.minecraft.tileentity,minecraft
src/main/java/zmaster587/advancedRocketry/tile/infrastructure/TileRocketUnloader.java,net.minecraft.util.ITickable,net.minecraft.util,minecraft
src/main/java/zmaster587/advancedRocketry/tile/infrastructure/TileRocketUnloader.java,zmaster587.advancedRocketry.api.IInfrastructure,zmaster587.advancedRocketry.api,upstream_internal
src/main/java/zmaster587/advancedRocketry/tile/infrastructure/TileRocketUnloader.java,zmaster587.advancedRocketry.tile.TileGuidanceComputer,zmaster587.advancedRocketry.tile,upstream_internal
src/main/java/zmaster587/advancedRocketry/tile/infrastructure/TileRocketUnloader.java,zmaster587.libVulpes.inventory.modules.IButtonInventory,zmaster587.libVulpes.inventory,libvulpes
src/main/java/zmaster587/advancedRocketry/tile/infrastructure/TileRocketUnloader.java,zmaster587.libVulpes.inventory.modules.ModuleRedstoneOutputButton,zmaster587.libVulpes.inventory,libvulpes
src/main/java/zmaster587/advancedRocketry/tile/infrastructure/TileRocketUnloader.java,zmaster587.libVulpes.util.INetworkMachine,zmaster587.libVulpes.util,libvulpes
src/main/java/zmaster587/advancedRocketry/tile/infrastructure/TileRocketUnloader.java,zmaster587.libVulpes.util.ZUtils.RedstoneState,zmaster587.libVulpes.util,libvulpes
src/main/java/zmaster587/advancedRocketry/tile/multiblock/TileAreaGravityController.java,io.netty.buffer.ByteBuf,io.netty.buffer,third_party
src/main/java/zmaster587/advancedRocketry/tile/multiblock/TileAreaGravityController.java,java.util.LinkedList,java.util.LinkedList,jdk
src/main/java/zmaster587/advancedRocketry/tile/multiblock/TileAreaGravityController.java,java.util.List,java.util.List,jdk
src/main/java/zmaster587/advancedRocketry/tile/multiblock/TileAreaGravityController.java,net.minecraft.block.state.IBlockState,net.minecraft.block,minecraft
src/main/java/zmaster587/advancedRocketry/tile/multiblock/TileAreaGravityController.java,net.minecraft.client.Minecraft,net.minecraft.client,client_api
src/main/java/zmaster587/advancedRocketry/tile/multiblock/TileAreaGravityController.java,net.minecraft.entity.Entity,net.minecraft.entity,minecraft
src/main/java/zmaster587/advancedRocketry/tile/multiblock/TileAreaGravityController.java,net.minecraft.entity.EntityLivingBase,net.minecraft.entity,minecraft
src/main/java/zmaster587/advancedRocketry/tile/multiblock/TileAreaGravityController.java,net.minecraft.entity.item.EntityItem,net.minecraft.entity,minecraft
src/main/java/zmaster587/advancedRocketry/tile/multiblock/TileAreaGravityController.java,net.minecraft.entity.player.EntityPlayer,net.minecraft.entity,minecraft
src/main/java/zmaster587/advancedRocketry/tile/multiblock/TileAreaGravityController.java,net.minecraft.entity.projectile.EntityArrow,net.minecraft.entity,minecraft
src/main/java/zmaster587/advancedRocketry/tile/multiblock/TileAreaGravityController.java,net.minecraft.nbt.NBTTagCompound,net.minecraft.nbt,minecraft
src/main/java/zmaster587/advancedRocketry/tile/multiblock/TileAreaGravityController.java,net.minecraft.util.EnumFacing,net.minecraft.util,minecraft
src/main/java/zmaster587/advancedRocketry/tile/multiblock/TileAreaGravityController.java,net.minecraft.util.SoundEvent,net.minecraft.util,minecraft
src/main/java/zmaster587/advancedRocketry/tile/multiblock/TileAreaGravityController.java,net.minecraft.util.math.AxisAlignedBB,net.minecraft.util,minecraft
src/main/java/zmaster587/advancedRocketry/tile/multiblock/TileAreaGravityController.java,net.minecraft.util.math.BlockPos,net.minecraft.util,minecraft
src/main/java/zmaster587/advancedRocketry/tile/multiblock/TileAreaGravityController.java,net.minecraft.world.World,net.minecraft.world,minecraft
src/main/java/zmaster587/advancedRocketry/tile/multiblock/TileAreaGravityController.java,net.minecraftforge.fml.relauncher.Side,net.minecraftforge.fml,minecraft
src/main/java/zmaster587/advancedRocketry/tile/multiblock/TileAreaGravityController.java,zmaster587.advancedRocketry.AdvancedRocketry,zmaster587.advancedRocketry.AdvancedRocketry,upstream_internal
src/main/java/zmaster587/advancedRocketry/tile/multiblock/TileAreaGravityController.java,zmaster587.advancedRocketry.api.AdvancedRocketryBlocks,zmaster587.advancedRocketry.api,upstream_internal
src/main/java/zmaster587/advancedRocketry/tile/multiblock/TileAreaGravityController.java,zmaster587.advancedRocketry.inventory.TextureResources,zmaster587.advancedRocketry.inventory,upstream_internal
src/main/java/zmaster587/advancedRocketry/tile/multiblock/TileAreaGravityController.java,zmaster587.advancedRocketry.util.AudioRegistry,zmaster587.advancedRocketry.util,upstream_internal
src/main/java/zmaster587/advancedRocketry/tile/multiblock/TileAreaGravityController.java,zmaster587.advancedRocketry.util.GravityHandler,zmaster587.advancedRocketry.util,upstream_internal
src/main/java/zmaster587/advancedRocketry/tile/multiblock/TileAreaGravityController.java,zmaster587.libVulpes.LibVulpes,zmaster587.libVulpes.LibVulpes,libvulpes
src/main/java/zmaster587/advancedRocketry/tile/multiblock/TileAreaGravityController.java,zmaster587.libVulpes.api.LibVulpesBlocks,zmaster587.libVulpes.api,libvulpes
src/main/java/zmaster587/advancedRocketry/tile/multiblock/TileAreaGravityController.java,zmaster587.libVulpes.inventory.modules.*,zmaster587.libVulpes.inventory,libvulpes
src/main/java/zmaster587/advancedRocketry/tile/multiblock/TileAreaGravityController.java,zmaster587.libVulpes.network.PacketHandler,zmaster587.libVulpes.network,libvulpes
src/main/java/zmaster587/advancedRocketry/tile/multiblock/TileAreaGravityController.java,zmaster587.libVulpes.network.PacketMachine,zmaster587.libVulpes.network,libvulpes
src/main/java/zmaster587/advancedRocketry/tile/multiblock/TileAreaGravityController.java,zmaster587.libVulpes.tile.multiblock.TileMultiPowerConsumer,zmaster587.libVulpes.tile,libvulpes
src/main/java/zmaster587/advancedRocketry/tile/multiblock/TileAreaGravityController.java,zmaster587.libVulpes.util.ZUtils.RedstoneState,zmaster587.libVulpes.util,libvulpes
src/main/java/zmaster587/advancedRocketry/tile/multiblock/TileAstrobodyDataProcessor.java,io.netty.buffer.ByteBuf,io.netty.buffer,third_party
src/main/java/zmaster587/advancedRocketry/tile/multiblock/TileAstrobodyDataProcessor.java,java.util.Arrays,java.util.Arrays,jdk
src/main/java/zmaster587/advancedRocketry/tile/multiblock/TileAstrobodyDataProcessor.java,java.util.LinkedList,java.util.LinkedList,jdk
src/main/java/zmaster587/advancedRocketry/tile/multiblock/TileAstrobodyDataProcessor.java,java.util.List,java.util.List,jdk
src/main/java/zmaster587/advancedRocketry/tile/multiblock/TileAstrobodyDataProcessor.java,javax.annotation.Nonnull,javax.annotation.Nonnull,jdk
src/main/java/zmaster587/advancedRocketry/tile/multiblock/TileAstrobodyDataProcessor.java,net.minecraft.block.state.IBlockState,net.minecraft.block,minecraft
src/main/java/zmaster587/advancedRocketry/tile/multiblock/TileAstrobodyDataProcessor.java,net.minecraft.entity.player.EntityPlayer,net.minecraft.entity,minecraft
src/main/java/zmaster587/advancedRocketry/tile/multiblock/TileAstrobodyDataProcessor.java,net.minecraft.init.Blocks,net.minecraft.init,minecraft
src/main/java/zmaster587/advancedRocketry/tile/multiblock/TileAstrobodyDataProcessor.java,net.minecraft.inventory.IInventory,net.minecraft.inventory,minecraft
src/main/java/zmaster587/advancedRocketry/tile/multiblock/TileAstrobodyDataProcessor.java,net.minecraft.item.ItemStack,net.minecraft.item,minecraft
src/main/java/zmaster587/advancedRocketry/tile/multiblock/TileAstrobodyDataProcessor.java,net.minecraft.nbt.NBTTagCompound,net.minecraft.nbt,minecraft
src/main/java/zmaster587/advancedRocketry/tile/multiblock/TileAstrobodyDataProcessor.java,net.minecraft.tileentity.TileEntity,net.minecraft.tileentity,minecraft
src/main/java/zmaster587/advancedRocketry/tile/multiblock/TileAstrobodyDataProcessor.java,net.minecraft.util.EnumFacing,net.minecraft.util,minecraft
src/main/java/zmaster587/advancedRocketry/tile/multiblock/TileAstrobodyDataProcessor.java,net.minecraft.util.math.AxisAlignedBB,net.minecraft.util,minecraft
src/main/java/zmaster587/advancedRocketry/tile/multiblock/TileAstrobodyDataProcessor.java,net.minecraft.util.math.BlockPos,net.minecraft.util,minecraft
src/main/java/zmaster587/advancedRocketry/tile/multiblock/TileAstrobodyDataProcessor.java,net.minecraft.world.World,net.minecraft.world,minecraft
src/main/java/zmaster587/advancedRocketry/tile/multiblock/TileAstrobodyDataProcessor.java,net.minecraftforge.fml.relauncher.Side,net.minecraftforge.fml,minecraft
src/main/java/zmaster587/advancedRocketry/tile/multiblock/TileAstrobodyDataProcessor.java,zmaster587.advancedRocketry.api.AdvancedRocketryBlocks,zmaster587.advancedRocketry.api,upstream_internal
src/main/java/zmaster587/advancedRocketry/tile/multiblock/TileAstrobodyDataProcessor.java,zmaster587.advancedRocketry.api.AdvancedRocketryItems,zmaster587.advancedRocketry.api,upstream_internal
src/main/java/zmaster587/advancedRocketry/tile/multiblock/TileAstrobodyDataProcessor.java,zmaster587.advancedRocketry.api.DataStorage,zmaster587.advancedRocketry.api,upstream_internal
src/main/java/zmaster587/advancedRocketry/tile/multiblock/TileAstrobodyDataProcessor.java,zmaster587.advancedRocketry.api.DataStorage.DataType,zmaster587.advancedRocketry.api,upstream_internal
src/main/java/zmaster587/advancedRocketry/tile/multiblock/TileAstrobodyDataProcessor.java,zmaster587.advancedRocketry.inventory.TextureResources,zmaster587.advancedRocketry.inventory,upstream_internal
src/main/java/zmaster587/advancedRocketry/tile/multiblock/TileAstrobodyDataProcessor.java,zmaster587.advancedRocketry.inventory.modules.ModuleData,zmaster587.advancedRocketry.inventory,upstream_internal
src/main/java/zmaster587/advancedRocketry/tile/multiblock/TileAstrobodyDataProcessor.java,zmaster587.advancedRocketry.item.ItemAsteroidChip,zmaster587.advancedRocketry.item,upstream_internal
src/main/java/zmaster587/advancedRocketry/tile/multiblock/TileAstrobodyDataProcessor.java,zmaster587.advancedRocketry.tile.hatch.TileDataBus,zmaster587.advancedRocketry.tile,upstream_internal
src/main/java/zmaster587/advancedRocketry/tile/multiblock/TileAstrobodyDataProcessor.java,zmaster587.libVulpes.LibVulpes,zmaster587.libVulpes.LibVulpes,libvulpes
src/main/java/zmaster587/advancedRocketry/tile/multiblock/TileAstrobodyDataProcessor.java,zmaster587.libVulpes.block.BlockMeta,zmaster587.libVulpes.block,libvulpes
src/main/java/zmaster587/advancedRocketry/tile/multiblock/TileAstrobodyDataProcessor.java,zmaster587.libVulpes.block.multiblock.BlockMultiblockMachine,zmaster587.libVulpes.block,libvulpes
src/main/java/zmaster587/advancedRocketry/tile/multiblock/TileAstrobodyDataProcessor.java,zmaster587.libVulpes.inventory.modules.*,zmaster587.libVulpes.inventory,libvulpes
src/main/java/zmaster587/advancedRocketry/tile/multiblock/TileAstrobodyDataProcessor.java,zmaster587.libVulpes.network.PacketHandler,zmaster587.libVulpes.network,libvulpes
src/main/java/zmaster587/advancedRocketry/tile/multiblock/TileAstrobodyDataProcessor.java,zmaster587.libVulpes.network.PacketMachine,zmaster587.libVulpes.network,libvulpes
src/main/java/zmaster587/advancedRocketry/tile/multiblock/TileAstrobodyDataProcessor.java,zmaster587.libVulpes.tile.multiblock.TileMultiPowerConsumer,zmaster587.libVulpes.tile,libvulpes
src/main/java/zmaster587/advancedRocketry/tile/multiblock/TileAstrobodyDataProcessor.java,zmaster587.libVulpes.tile.multiblock.hatch.TileInputHatch,zmaster587.libVulpes.tile,libvulpes
src/main/java/zmaster587/advancedRocketry/tile/multiblock/TileAstrobodyDataProcessor.java,zmaster587.libVulpes.tile.multiblock.hatch.TileInventoryHatch,zmaster587.libVulpes.tile,libvulpes
src/main/java/zmaster587/advancedRocketry/tile/multiblock/TileAstrobodyDataProcessor.java,zmaster587.libVulpes.tile.multiblock.hatch.TileOutputHatch,zmaster587.libVulpes.tile,libvulpes
src/main/java/zmaster587/advancedRocketry/tile/multiblock/TileAstrobodyDataProcessor.java,zmaster587.libVulpes.util.EmbeddedInventory,zmaster587.libVulpes.util,libvulpes
src/main/java/zmaster587/advancedRocketry/tile/multiblock/TileAtmosphereTerraformer.java,io.netty.buffer.ByteBuf,io.netty.buffer,third_party
src/main/java/zmaster587/advancedRocketry/tile/multiblock/TileAtmosphereTerraformer.java,java.util.LinkedList,java.util.LinkedList,jdk
src/main/java/zmaster587/advancedRocketry/tile/multiblock/TileAtmosphereTerraformer.java,java.util.List,java.util.List,jdk
src/main/java/zmaster587/advancedRocketry/tile/multiblock/TileAtmosphereTerraformer.java,javax.annotation.Nonnull,javax.annotation.Nonnull,jdk
src/main/java/zmaster587/advancedRocketry/tile/multiblock/TileAtmosphereTerraformer.java,net.minecraft.client.Minecraft,net.minecraft.client,client_api
src/main/java/zmaster587/advancedRocketry/tile/multiblock/TileAtmosphereTerraformer.java,net.minecraft.entity.player.EntityPlayer,net.minecraft.entity,minecraft
src/main/java/zmaster587/advancedRocketry/tile/multiblock/TileAtmosphereTerraformer.java,net.minecraft.init.Blocks,net.minecraft.init,minecraft
src/main/java/zmaster587/advancedRocketry/tile/multiblock/TileAtmosphereTerraformer.java,net.minecraft.inventory.IInventory,net.minecraft.inventory,minecraft
src/main/java/zmaster587/advancedRocketry/tile/multiblock/TileAtmosphereTerraformer.java,net.minecraft.item.ItemStack,net.minecraft.item,minecraft
src/main/java/zmaster587/advancedRocketry/tile/multiblock/TileAtmosphereTerraformer.java,net.minecraft.nbt.NBTTagCompound,net.minecraft.nbt,minecraft
src/main/java/zmaster587/advancedRocketry/tile/multiblock/TileAtmosphereTerraformer.java,net.minecraft.network.NetworkManager,net.minecraft.network,minecraft
src/main/java/zmaster587/advancedRocketry/tile/multiblock/TileAtmosphereTerraformer.java,net.minecraft.network.play.server.SPacketUpdateTileEntity,net.minecraft.network,minecraft
src/main/java/zmaster587/advancedRocketry/tile/multiblock/TileAtmosphereTerraformer.java,net.minecraft.util.EnumFacing,net.minecraft.util,minecraft
src/main/java/zmaster587/advancedRocketry/tile/multiblock/TileAtmosphereTerraformer.java,net.minecraft.util.SoundCategory,net.minecraft.util,minecraft
src/main/java/zmaster587/advancedRocketry/tile/multiblock/TileAtmosphereTerraformer.java,net.minecraft.util.SoundEvent,net.minecraft.util,minecraft
src/main/java/zmaster587/advancedRocketry/tile/multiblock/TileAtmosphereTerraformer.java,net.minecraft.util.math.AxisAlignedBB,net.minecraft.util,minecraft
src/main/java/zmaster587/advancedRocketry/tile/multiblock/TileAtmosphereTerraformer.java,net.minecraft.util.math.BlockPos,net.minecraft.util,minecraft
src/main/java/zmaster587/advancedRocketry/tile/multiblock/TileAtmosphereTerraformer.java,net.minecraftforge.fluids.FluidStack,net.minecraftforge.fluids,minecraft
src/main/java/zmaster587/advancedRocketry/tile/multiblock/TileAtmosphereTerraformer.java,net.minecraftforge.fluids.capability.IFluidHandler,net.minecraftforge.fluids,minecraft
src/main/java/zmaster587/advancedRocketry/tile/multiblock/TileAtmosphereTerraformer.java,net.minecraftforge.fml.relauncher.Side,net.minecraftforge.fml,minecraft
src/main/java/zmaster587/advancedRocketry/tile/multiblock/TileAtmosphereTerraformer.java,zmaster587.advancedRocketry.AdvancedRocketry,zmaster587.advancedRocketry.AdvancedRocketry,upstream_internal
src/main/java/zmaster587/advancedRocketry/tile/multiblock/TileAtmosphereTerraformer.java,zmaster587.advancedRocketry.api.*,zmaster587.advancedRocketry.api,upstream_internal
src/main/java/zmaster587/advancedRocketry/tile/multiblock/TileAtmosphereTerraformer.java,zmaster587.advancedRocketry.api.satellite.SatelliteBase,zmaster587.advancedRocketry.api,upstream_internal
src/main/java/zmaster587/advancedRocketry/tile/multiblock/TileAtmosphereTerraformer.java,zmaster587.advancedRocketry.dimension.DimensionManager,zmaster587.advancedRocketry.dimension,upstream_internal
src/main/java/zmaster587/advancedRocketry/tile/multiblock/TileAtmosphereTerraformer.java,zmaster587.advancedRocketry.dimension.DimensionProperties,zmaster587.advancedRocketry.dimension,upstream_internal
src/main/java/zmaster587/advancedRocketry/tile/multiblock/TileAtmosphereTerraformer.java,zmaster587.advancedRocketry.item.ItemBiomeChanger,zmaster587.advancedRocketry.item,upstream_internal
src/main/java/zmaster587/advancedRocketry/tile/multiblock/TileAtmosphereTerraformer.java,zmaster587.advancedRocketry.item.ItemSatelliteIdentificationChip,zmaster587.advancedRocketry.item,upstream_internal
src/main/java/zmaster587/advancedRocketry/tile/multiblock/TileAtmosphereTerraformer.java,zmaster587.advancedRocketry.satellite.SatelliteBiomeChanger,zmaster587.advancedRocketry.satellite,upstream_internal
src/main/java/zmaster587/advancedRocketry/tile/multiblock/TileAtmosphereTerraformer.java,zmaster587.advancedRocketry.util.AudioRegistry,zmaster587.advancedRocketry.util,upstream_internal
src/main/java/zmaster587/advancedRocketry/tile/multiblock/TileAtmosphereTerraformer.java,zmaster587.advancedRocketry.world.provider.WorldProviderPlanet,zmaster587.advancedRocketry.world,upstream_internal
src/main/java/zmaster587/advancedRocketry/tile/multiblock/TileAtmosphereTerraformer.java,zmaster587.libVulpes.LibVulpes,zmaster587.libVulpes.LibVulpes,libvulpes
src/main/java/zmaster587/advancedRocketry/tile/multiblock/TileAtmosphereTerraformer.java,zmaster587.libVulpes.api.LibVulpesBlocks,zmaster587.libVulpes.api,libvulpes
src/main/java/zmaster587/advancedRocketry/tile/multiblock/TileAtmosphereTerraformer.java,zmaster587.libVulpes.block.RotatableBlock,zmaster587.libVulpes.block,libvulpes
src/main/java/zmaster587/advancedRocketry/tile/multiblock/TileAtmosphereTerraformer.java,zmaster587.libVulpes.gui.CommonResources,zmaster587.libVulpes.gui,libvulpes
src/main/java/zmaster587/advancedRocketry/tile/multiblock/TileAtmosphereTerraformer.java,zmaster587.libVulpes.inventory.TextureResources,zmaster587.libVulpes.inventory,libvulpes
src/main/java/zmaster587/advancedRocketry/tile/multiblock/TileAtmosphereTerraformer.java,zmaster587.libVulpes.inventory.modules.*,zmaster587.libVulpes.inventory,libvulpes
src/main/java/zmaster587/advancedRocketry/tile/multiblock/TileAtmosphereTerraformer.java,zmaster587.libVulpes.network.PacketHandler,zmaster587.libVulpes.network,libvulpes
src/main/java/zmaster587/advancedRocketry/tile/multiblock/TileAtmosphereTerraformer.java,zmaster587.libVulpes.network.PacketMachine,zmaster587.libVulpes.network,libvulpes
src/main/java/zmaster587/advancedRocketry/tile/multiblock/TileAtmosphereTerraformer.java,zmaster587.libVulpes.tile.multiblock.TileMultiPowerConsumer,zmaster587.libVulpes.tile,libvulpes
src/main/java/zmaster587/advancedRocketry/tile/multiblock/TileAtmosphereTerraformer.java,zmaster587.libVulpes.tile.multiblock.TileMultiblockMachine,zmaster587.libVulpes.tile,libvulpes
src/main/java/zmaster587/advancedRocketry/tile/multiblock/TileAtmosphereTerraformer.java,zmaster587.libVulpes.tile.multiblock.TileMultiblockMachine.NetworkPackets,zmaster587.libVulpes.tile,libvulpes
src/main/java/zmaster587/advancedRocketry/tile/multiblock/TileAtmosphereTerraformer.java,zmaster587.libVulpes.util.EmbeddedInventory,zmaster587.libVulpes.util,libvulpes
src/main/java/zmaster587/advancedRocketry/tile/multiblock/TileAtmosphereTerraformer.java,zmaster587.libVulpes.util.IconResource,zmaster587.libVulpes.util,libvulpes
src/main/java/zmaster587/advancedRocketry/tile/multiblock/TileBeacon.java,net.minecraft.block.state.IBlockState,net.minecraft.block,minecraft
src/main/java/zmaster587/advancedRocketry/tile/multiblock/TileBeacon.java,net.minecraft.init.Blocks,net.minecraft.init,minecraft
src/main/java/zmaster587/advancedRocketry/tile/multiblock/TileBeacon.java,net.minecraft.util.math.AxisAlignedBB,net.minecraft.util,minecraft
src/main/java/zmaster587/advancedRocketry/tile/multiblock/TileBeacon.java,net.minecraft.util.math.BlockPos,net.minecraft.util,minecraft
src/main/java/zmaster587/advancedRocketry/tile/multiblock/TileBeacon.java,net.minecraft.world.World,net.minecraft.world,minecraft
src/main/java/zmaster587/advancedRocketry/tile/multiblock/TileBeacon.java,zmaster587.advancedRocketry.api.AdvancedRocketryBlocks,zmaster587.advancedRocketry.api,upstream_internal
src/main/java/zmaster587/advancedRocketry/tile/multiblock/TileBeacon.java,zmaster587.advancedRocketry.dimension.DimensionManager,zmaster587.advancedRocketry.dimension,upstream_internal
src/main/java/zmaster587/advancedRocketry/tile/multiblock/TileBeacon.java,zmaster587.advancedRocketry.dimension.DimensionProperties,zmaster587.advancedRocketry.dimension,upstream_internal
src/main/java/zmaster587/advancedRocketry/tile/multiblock/TileBeacon.java,zmaster587.libVulpes.api.LibVulpesBlocks,zmaster587.libVulpes.api,libvulpes
src/main/java/zmaster587/advancedRocketry/tile/multiblock/TileBeacon.java,zmaster587.libVulpes.tile.multiblock.TileMultiPowerConsumer,zmaster587.libVulpes.tile,libvulpes
src/main/java/zmaster587/advancedRocketry/tile/multiblock/TileBeacon.java,zmaster587.libVulpes.util.HashedBlockPosition,zmaster587.libVulpes.util,libvulpes
src/main/java/zmaster587/advancedRocketry/tile/multiblock/TileBiomeScanner.java,com.mojang.realmsclient.gui.ChatFormatting,com.mojang.realmsclient,third_party
src/main/java/zmaster587/advancedRocketry/tile/multiblock/TileBiomeScanner.java,java.util.LinkedList,java.util.LinkedList,jdk
src/main/java/zmaster587/advancedRocketry/tile/multiblock/TileBiomeScanner.java,java.util.List,java.util.List,jdk
src/main/java/zmaster587/advancedRocketry/tile/multiblock/TileBiomeScanner.java,javax.annotation.Nonnull,javax.annotation.Nonnull,jdk
src/main/java/zmaster587/advancedRocketry/tile/multiblock/TileBiomeScanner.java,net.minecraft.entity.player.EntityPlayer,net.minecraft.entity,minecraft
src/main/java/zmaster587/advancedRocketry/tile/multiblock/TileBiomeScanner.java,net.minecraft.init.Blocks,net.minecraft.init,minecraft
src/main/java/zmaster587/advancedRocketry/tile/multiblock/TileBiomeScanner.java,net.minecraft.util.math.AxisAlignedBB,net.minecraft.util,minecraft
src/main/java/zmaster587/advancedRocketry/tile/multiblock/TileBiomeScanner.java,net.minecraft.util.math.BlockPos,net.minecraft.util,minecraft
src/main/java/zmaster587/advancedRocketry/tile/multiblock/TileBiomeScanner.java,net.minecraft.world.biome.Biome,net.minecraft.world,minecraft
src/main/java/zmaster587/advancedRocketry/tile/multiblock/TileBiomeScanner.java,net.minecraftforge.common.BiomeManager.BiomeEntry,net.minecraftforge.common,minecraft
src/main/java/zmaster587/advancedRocketry/tile/multiblock/TileBiomeScanner.java,zmaster587.advancedRocketry.AdvancedRocketry,zmaster587.advancedRocketry.AdvancedRocketry,upstream_internal
src/main/java/zmaster587/advancedRocketry/tile/multiblock/TileBiomeScanner.java,zmaster587.advancedRocketry.api.AdvancedRocketryBlocks,zmaster587.advancedRocketry.api,upstream_internal
src/main/java/zmaster587/advancedRocketry/tile/multiblock/TileBiomeScanner.java,zmaster587.advancedRocketry.api.stations.ISpaceObject,zmaster587.advancedRocketry.api,upstream_internal
src/main/java/zmaster587/advancedRocketry/tile/multiblock/TileBiomeScanner.java,zmaster587.advancedRocketry.dimension.DimensionManager,zmaster587.advancedRocketry.dimension,upstream_internal
src/main/java/zmaster587/advancedRocketry/tile/multiblock/TileBiomeScanner.java,zmaster587.advancedRocketry.dimension.DimensionProperties,zmaster587.advancedRocketry.dimension,upstream_internal
src/main/java/zmaster587/advancedRocketry/tile/multiblock/TileBiomeScanner.java,zmaster587.advancedRocketry.stations.SpaceObjectManager,zmaster587.advancedRocketry.stations,upstream_internal
src/main/java/zmaster587/advancedRocketry/tile/multiblock/TileBiomeScanner.java,zmaster587.libVulpes.LibVulpes,zmaster587.libVulpes.LibVulpes,libvulpes
src/main/java/zmaster587/advancedRocketry/tile/multiblock/TileBiomeScanner.java,zmaster587.libVulpes.api.LibVulpesBlocks,zmaster587.libVulpes.api,libvulpes
src/main/java/zmaster587/advancedRocketry/tile/multiblock/TileBiomeScanner.java,zmaster587.libVulpes.inventory.modules.ModuleBase,zmaster587.libVulpes.inventory,libvulpes
src/main/java/zmaster587/advancedRocketry/tile/multiblock/TileBiomeScanner.java,zmaster587.libVulpes.inventory.modules.ModuleContainerPan,zmaster587.libVulpes.inventory,libvulpes
src/main/java/zmaster587/advancedRocketry/tile/multiblock/TileBiomeScanner.java,zmaster587.libVulpes.inventory.modules.ModuleImage,zmaster587.libVulpes.inventory,libvulpes
src/main/java/zmaster587/advancedRocketry/tile/multiblock/TileBiomeScanner.java,zmaster587.libVulpes.inventory.modules.ModuleText,zmaster587.libVulpes.inventory,libvulpes
src/main/java/zmaster587/advancedRocketry/tile/multiblock/TileBiomeScanner.java,zmaster587.libVulpes.tile.multiblock.TileMultiPowerConsumer,zmaster587.libVulpes.tile,libvulpes
src/main/java/zmaster587/advancedRocketry/tile/multiblock/TileObservatory.java,io.netty.buffer.ByteBuf,io.netty.buffer,third_party
src/main/java/zmaster587/advancedRocketry/tile/multiblock/TileObservatory.java,java.util.HashMap,java.util.HashMap,jdk
src/main/java/zmaster587/advancedRocketry/tile/multiblock/TileObservatory.java,java.util.LinkedList,java.util.LinkedList,jdk
src/main/java/zmaster587/advancedRocketry/tile/multiblock/TileObservatory.java,java.util.List,java.util.List,jdk
src/main/java/zmaster587/advancedRocketry/tile/multiblock/TileObservatory.java,java.util.Random,java.util.Random,jdk
src/main/java/zmaster587/advancedRocketry/tile/multiblock/TileObservatory.java,javax.annotation.Nonnull,javax.annotation.Nonnull,jdk
src/main/java/zmaster587/advancedRocketry/tile/multiblock/TileObservatory.java,javax.annotation.Nullable,javax.annotation.Nullable,jdk
src/main/java/zmaster587/advancedRocketry/tile/multiblock/TileObservatory.java,net.minecraft.block.Block,net.minecraft.block,minecraft
src/main/java/zmaster587/advancedRocketry/tile/multiblock/TileObservatory.java,net.minecraft.block.state.IBlockState,net.minecraft.block,minecraft
src/main/java/zmaster587/advancedRocketry/tile/multiblock/TileObservatory.java,net.minecraft.entity.player.EntityPlayer,net.minecraft.entity,minecraft
src/main/java/zmaster587/advancedRocketry/tile/multiblock/TileObservatory.java,net.minecraft.init.Blocks,net.minecraft.init,minecraft
src/main/java/zmaster587/advancedRocketry/tile/multiblock/TileObservatory.java,net.minecraft.item.ItemStack,net.minecraft.item,minecraft
src/main/java/zmaster587/advancedRocketry/tile/multiblock/TileObservatory.java,net.minecraft.nbt.NBTTagCompound,net.minecraft.nbt,minecraft
src/main/java/zmaster587/advancedRocketry/tile/multiblock/TileObservatory.java,net.minecraft.tileentity.TileEntity,net.minecraft.tileentity,minecraft
src/main/java/zmaster587/advancedRocketry/tile/multiblock/TileObservatory.java,net.minecraft.util.EnumFacing,net.minecraft.util,minecraft
src/main/java/zmaster587/advancedRocketry/tile/multiblock/TileObservatory.java,net.minecraft.util.ResourceLocation,net.minecraft.util,minecraft
src/main/java/zmaster587/advancedRocketry/tile/multiblock/TileObservatory.java,net.minecraft.util.math.AxisAlignedBB,net.minecraft.util,minecraft
src/main/java/zmaster587/advancedRocketry/tile/multiblock/TileObservatory.java,net.minecraft.util.math.BlockPos,net.minecraft.util,minecraft
src/main/java/zmaster587/advancedRocketry/tile/multiblock/TileObservatory.java,net.minecraft.world.World,net.minecraft.world,minecraft
src/main/java/zmaster587/advancedRocketry/tile/multiblock/TileObservatory.java,net.minecraftforge.fml.relauncher.Side,net.minecraftforge.fml,minecraft
src/main/java/zmaster587/advancedRocketry/tile/multiblock/TileObservatory.java,zmaster587.advancedRocketry.api.ARConfiguration,zmaster587.advancedRocketry.api,upstream_internal
src/main/java/zmaster587/advancedRocketry/tile/multiblock/TileObservatory.java,zmaster587.advancedRocketry.api.AdvancedRocketryBlocks,zmaster587.advancedRocketry.api,upstream_internal
src/main/java/zmaster587/advancedRocketry/tile/multiblock/TileObservatory.java,zmaster587.advancedRocketry.api.DataStorage,zmaster587.advancedRocketry.api,upstream_internal
src/main/java/zmaster587/advancedRocketry/tile/multiblock/TileObservatory.java,zmaster587.advancedRocketry.api.DataStorage.DataType,zmaster587.advancedRocketry.api,upstream_internal
src/main/java/zmaster587/advancedRocketry/tile/multiblock/TileObservatory.java,zmaster587.advancedRocketry.inventory.TextureResources,zmaster587.advancedRocketry.inventory,upstream_internal
src/main/java/zmaster587/advancedRocketry/tile/multiblock/TileObservatory.java,zmaster587.advancedRocketry.inventory.modules.ModuleData,zmaster587.advancedRocketry.inventory,upstream_internal
src/main/java/zmaster587/advancedRocketry/tile/multiblock/TileObservatory.java,zmaster587.advancedRocketry.item.ItemAsteroidChip,zmaster587.advancedRocketry.item,upstream_internal
src/main/java/zmaster587/advancedRocketry/tile/multiblock/TileObservatory.java,zmaster587.advancedRocketry.item.ItemData,zmaster587.advancedRocketry.item,upstream_internal
src/main/java/zmaster587/advancedRocketry/tile/multiblock/TileObservatory.java,zmaster587.advancedRocketry.tile.hatch.TileDataBus,zmaster587.advancedRocketry.tile,upstream_internal
src/main/java/zmaster587/advancedRocketry/tile/multiblock/TileObservatory.java,zmaster587.advancedRocketry.util.Asteroid,zmaster587.advancedRocketry.util,upstream_internal
src/main/java/zmaster587/advancedRocketry/tile/multiblock/TileObservatory.java,zmaster587.advancedRocketry.util.Asteroid.StackEntry,zmaster587.advancedRocketry.util,upstream_internal
src/main/java/zmaster587/advancedRocketry/tile/multiblock/TileObservatory.java,zmaster587.advancedRocketry.util.IDataInventory,zmaster587.advancedRocketry.util,upstream_internal
src/main/java/zmaster587/advancedRocketry/tile/multiblock/TileObservatory.java,zmaster587.libVulpes.LibVulpes,zmaster587.libVulpes.LibVulpes,libvulpes
src/main/java/zmaster587/advancedRocketry/tile/multiblock/TileObservatory.java,zmaster587.libVulpes.api.LibVulpesBlocks,zmaster587.libVulpes.api,libvulpes
src/main/java/zmaster587/advancedRocketry/tile/multiblock/TileObservatory.java,zmaster587.libVulpes.block.BlockMeta,zmaster587.libVulpes.block,libvulpes
src/main/java/zmaster587/advancedRocketry/tile/multiblock/TileObservatory.java,zmaster587.libVulpes.block.multiblock.BlockMultiblockMachine,zmaster587.libVulpes.block,libvulpes
src/main/java/zmaster587/advancedRocketry/tile/multiblock/TileObservatory.java,zmaster587.libVulpes.client.util.ProgressBarImage,zmaster587.libVulpes.client,libvulpes
src/main/java/zmaster587/advancedRocketry/tile/multiblock/TileObservatory.java,zmaster587.libVulpes.inventory.GuiHandler,zmaster587.libVulpes.inventory,libvulpes
src/main/java/zmaster587/advancedRocketry/tile/multiblock/TileObservatory.java,zmaster587.libVulpes.inventory.modules.*,zmaster587.libVulpes.inventory,libvulpes
src/main/java/zmaster587/advancedRocketry/tile/multiblock/TileObservatory.java,zmaster587.libVulpes.network.PacketHandler,zmaster587.libVulpes.network,libvulpes
src/main/java/zmaster587/advancedRocketry/tile/multiblock/TileObservatory.java,zmaster587.libVulpes.network.PacketMachine,zmaster587.libVulpes.network,libvulpes
src/main/java/zmaster587/advancedRocketry/tile/multiblock/TileObservatory.java,zmaster587.libVulpes.tile.multiblock.TileMultiBlock,zmaster587.libVulpes.tile,libvulpes
src/main/java/zmaster587/advancedRocketry/tile/multiblock/TileObservatory.java,zmaster587.libVulpes.tile.multiblock.TileMultiPowerConsumer,zmaster587.libVulpes.tile,libvulpes
src/main/java/zmaster587/advancedRocketry/tile/multiblock/TileObservatory.java,zmaster587.libVulpes.util.EmbeddedInventory,zmaster587.libVulpes.util,libvulpes
src/main/java/zmaster587/advancedRocketry/tile/multiblock/TilePlanetSelector.java,io.netty.buffer.ByteBuf,io.netty.buffer,third_party
src/main/java/zmaster587/advancedRocketry/tile/multiblock/TilePlanetSelector.java,java.util.LinkedList,java.util.LinkedList,jdk
src/main/java/zmaster587/advancedRocketry/tile/multiblock/TilePlanetSelector.java,java.util.List,java.util.List,jdk
src/main/java/zmaster587/advancedRocketry/tile/multiblock/TilePlanetSelector.java,net.minecraft.entity.player.EntityPlayer,net.minecraft.entity,minecraft
src/main/java/zmaster587/advancedRocketry/tile/multiblock/TilePlanetSelector.java,net.minecraft.nbt.NBTTagCompound,net.minecraft.nbt,minecraft
src/main/java/zmaster587/advancedRocketry/tile/multiblock/TilePlanetSelector.java,net.minecraft.network.NetworkManager,net.minecraft.network,minecraft
src/main/java/zmaster587/advancedRocketry/tile/multiblock/TilePlanetSelector.java,net.minecraft.network.play.server.SPacketUpdateTileEntity,net.minecraft.network,minecraft
src/main/java/zmaster587/advancedRocketry/tile/multiblock/TilePlanetSelector.java,net.minecraft.tileentity.TileEntity,net.minecraft.tileentity,minecraft
src/main/java/zmaster587/advancedRocketry/tile/multiblock/TilePlanetSelector.java,net.minecraftforge.fml.relauncher.Side,net.minecraftforge.fml,minecraft
src/main/java/zmaster587/advancedRocketry/tile/multiblock/TilePlanetSelector.java,org.apache.commons.lang3.ArrayUtils,org.apache.commons,third_party
src/main/java/zmaster587/advancedRocketry/tile/multiblock/TilePlanetSelector.java,zmaster587.advancedRocketry.api.Constants,zmaster587.advancedRocketry.api,upstream_internal
src/main/java/zmaster587/advancedRocketry/tile/multiblock/TilePlanetSelector.java,zmaster587.advancedRocketry.dimension.DimensionManager,zmaster587.advancedRocketry.dimension,upstream_internal
src/main/java/zmaster587/advancedRocketry/tile/multiblock/TilePlanetSelector.java,zmaster587.advancedRocketry.dimension.DimensionProperties,zmaster587.advancedRocketry.dimension,upstream_internal
src/main/java/zmaster587/advancedRocketry/tile/multiblock/TilePlanetSelector.java,zmaster587.advancedRocketry.inventory.modules.ModulePlanetSelector,zmaster587.advancedRocketry.inventory,upstream_internal
src/main/java/zmaster587/advancedRocketry/tile/multiblock/TilePlanetSelector.java,zmaster587.advancedRocketry.util.ITilePlanetSystemSelectable,zmaster587.advancedRocketry.util,upstream_internal
src/main/java/zmaster587/advancedRocketry/tile/multiblock/TilePlanetSelector.java,zmaster587.libVulpes.inventory.TextureResources,zmaster587.libVulpes.inventory,libvulpes
src/main/java/zmaster587/advancedRocketry/tile/multiblock/TilePlanetSelector.java,zmaster587.libVulpes.inventory.modules.IModularInventory,zmaster587.libVulpes.inventory,libvulpes
src/main/java/zmaster587/advancedRocketry/tile/multiblock/TilePlanetSelector.java,zmaster587.libVulpes.inventory.modules.IProgressBar,zmaster587.libVulpes.inventory,libvulpes
src/main/java/zmaster587/advancedRocketry/tile/multiblock/TilePlanetSelector.java,zmaster587.libVulpes.inventory.modules.ISelectionNotify,zmaster587.libVulpes.inventory,libvulpes
src/main/java/zmaster587/advancedRocketry/tile/multiblock/TilePlanetSelector.java,zmaster587.libVulpes.inventory.modules.ModuleBase,zmaster587.libVulpes.inventory,libvulpes
src/main/java/zmaster587/advancedRocketry/tile/multiblock/TilePlanetSelector.java,zmaster587.libVulpes.network.PacketHandler,zmaster587.libVulpes.network,libvulpes
src/main/java/zmaster587/advancedRocketry/tile/multiblock/TilePlanetSelector.java,zmaster587.libVulpes.network.PacketMachine,zmaster587.libVulpes.network,libvulpes
src/main/java/zmaster587/advancedRocketry/tile/multiblock/TilePlanetSelector.java,zmaster587.libVulpes.tile.TilePointer,zmaster587.libVulpes.tile,libvulpes
src/main/java/zmaster587/advancedRocketry/tile/multiblock/TilePlanetSelector.java,zmaster587.libVulpes.util.INetworkMachine,zmaster587.libVulpes.util,libvulpes
src/main/java/zmaster587/advancedRocketry/tile/multiblock/TileRailgun.java,io.netty.buffer.ByteBuf,io.netty.buffer,third_party
src/main/java/zmaster587/advancedRocketry/tile/multiblock/TileRailgun.java,java.util.List,java.util.List,jdk
src/main/java/zmaster587/advancedRocketry/tile/multiblock/TileRailgun.java,javax.annotation.Nonnull,javax.annotation.Nonnull,jdk
src/main/java/zmaster587/advancedRocketry/tile/multiblock/TileRailgun.java,javax.annotation.Nullable,javax.annotation.Nullable,jdk
src/main/java/zmaster587/advancedRocketry/tile/multiblock/TileRailgun.java,net.minecraft.block.state.IBlockState,net.minecraft.block,minecraft
src/main/java/zmaster587/advancedRocketry/tile/multiblock/TileRailgun.java,net.minecraft.client.Minecraft,net.minecraft.client,client_api
src/main/java/zmaster587/advancedRocketry/tile/multiblock/TileRailgun.java,net.minecraft.entity.player.EntityPlayer,net.minecraft.entity,minecraft
src/main/java/zmaster587/advancedRocketry/tile/multiblock/TileRailgun.java,net.minecraft.inventory.IInventory,net.minecraft.inventory,minecraft
src/main/java/zmaster587/advancedRocketry/tile/multiblock/TileRailgun.java,net.minecraft.item.ItemStack,net.minecraft.item,minecraft
src/main/java/zmaster587/advancedRocketry/tile/multiblock/TileRailgun.java,net.minecraft.nbt.NBTTagCompound,net.minecraft.nbt,minecraft
src/main/java/zmaster587/advancedRocketry/tile/multiblock/TileRailgun.java,net.minecraft.tileentity.TileEntity,net.minecraft.tileentity,minecraft
src/main/java/zmaster587/advancedRocketry/tile/multiblock/TileRailgun.java,net.minecraft.util.EnumFacing,net.minecraft.util,minecraft
src/main/java/zmaster587/advancedRocketry/tile/multiblock/TileRailgun.java,net.minecraft.util.SoundCategory,net.minecraft.util,minecraft
src/main/java/zmaster587/advancedRocketry/tile/multiblock/TileRailgun.java,net.minecraft.util.math.AxisAlignedBB,net.minecraft.util,minecraft
src/main/java/zmaster587/advancedRocketry/tile/multiblock/TileRailgun.java,net.minecraft.util.math.BlockPos,net.minecraft.util,minecraft
src/main/java/zmaster587/advancedRocketry/tile/multiblock/TileRailgun.java,net.minecraft.util.math.ChunkPos,net.minecraft.util,minecraft
src/main/java/zmaster587/advancedRocketry/tile/multiblock/TileRailgun.java,net.minecraft.util.math.MathHelper,net.minecraft.util,minecraft
src/main/java/zmaster587/advancedRocketry/tile/multiblock/TileRailgun.java,net.minecraft.util.text.TextComponentTranslation,net.minecraft.util,minecraft
src/main/java/zmaster587/advancedRocketry/tile/multiblock/TileRailgun.java,net.minecraft.world.World,net.minecraft.world,minecraft
src/main/java/zmaster587/advancedRocketry/tile/multiblock/TileRailgun.java,net.minecraftforge.common.DimensionManager,net.minecraftforge.common,minecraft
src/main/java/zmaster587/advancedRocketry/tile/multiblock/TileRailgun.java,net.minecraftforge.common.ForgeChunkManager,net.minecraftforge.common,minecraft
src/main/java/zmaster587/advancedRocketry/tile/multiblock/TileRailgun.java,net.minecraftforge.common.ForgeChunkManager.Ticket,net.minecraftforge.common,minecraft
src/main/java/zmaster587/advancedRocketry/tile/multiblock/TileRailgun.java,net.minecraftforge.common.ForgeChunkManager.Type,net.minecraftforge.common,minecraft
src/main/java/zmaster587/advancedRocketry/tile/multiblock/TileRailgun.java,net.minecraftforge.fml.relauncher.Side,net.minecraftforge.fml,minecraft
src/main/java/zmaster587/advancedRocketry/tile/multiblock/TileRailgun.java,zmaster587.advancedRocketry.AdvancedRocketry,zmaster587.advancedRocketry.AdvancedRocketry,upstream_internal
src/main/java/zmaster587/advancedRocketry/tile/multiblock/TileRailgun.java,zmaster587.advancedRocketry.api.AdvancedRocketryBlocks,zmaster587.advancedRocketry.api,upstream_internal
src/main/java/zmaster587/advancedRocketry/tile/multiblock/TileRailgun.java,zmaster587.advancedRocketry.api.Constants,zmaster587.advancedRocketry.api,upstream_internal
src/main/java/zmaster587/advancedRocketry/tile/multiblock/TileRailgun.java,zmaster587.advancedRocketry.entity.EntityItemAbducted,zmaster587.advancedRocketry.entity,upstream_internal
src/main/java/zmaster587/advancedRocketry/tile/multiblock/TileRailgun.java,zmaster587.advancedRocketry.util.AudioRegistry,zmaster587.advancedRocketry.util,upstream_internal
src/main/java/zmaster587/advancedRocketry/tile/multiblock/TileRailgun.java,zmaster587.advancedRocketry.util.PlanetaryTravelHelper,zmaster587.advancedRocketry.util,upstream_internal
src/main/java/zmaster587/advancedRocketry/tile/multiblock/TileRailgun.java,zmaster587.libVulpes.LibVulpes,zmaster587.libVulpes.LibVulpes,libvulpes
src/main/java/zmaster587/advancedRocketry/tile/multiblock/TileRailgun.java,zmaster587.libVulpes.api.LibVulpesBlocks,zmaster587.libVulpes.api,libvulpes
src/main/java/zmaster587/advancedRocketry/tile/multiblock/TileRailgun.java,zmaster587.libVulpes.block.RotatableBlock,zmaster587.libVulpes.block,libvulpes
src/main/java/zmaster587/advancedRocketry/tile/multiblock/TileRailgun.java,zmaster587.libVulpes.interfaces.ILinkableTile,zmaster587.libVulpes.interfaces,libvulpes
src/main/java/zmaster587/advancedRocketry/tile/multiblock/TileRailgun.java,zmaster587.libVulpes.inventory.modules.*,zmaster587.libVulpes.inventory,libvulpes
src/main/java/zmaster587/advancedRocketry/tile/multiblock/TileRailgun.java,zmaster587.libVulpes.items.ItemLinker,zmaster587.libVulpes.items,libvulpes
src/main/java/zmaster587/advancedRocketry/tile/multiblock/TileRailgun.java,zmaster587.libVulpes.network.PacketHandler,zmaster587.libVulpes.network,libvulpes
src/main/java/zmaster587/advancedRocketry/tile/multiblock/TileRailgun.java,zmaster587.libVulpes.network.PacketMachine,zmaster587.libVulpes.network,libvulpes
src/main/java/zmaster587/advancedRocketry/tile/multiblock/TileRailgun.java,zmaster587.libVulpes.tile.multiblock.TileMultiPowerConsumer,zmaster587.libVulpes.tile,libvulpes
src/main/java/zmaster587/advancedRocketry/tile/multiblock/TileRailgun.java,zmaster587.libVulpes.util.EmbeddedInventory,zmaster587.libVulpes.util,libvulpes
src/main/java/zmaster587/advancedRocketry/tile/multiblock/TileRailgun.java,zmaster587.libVulpes.util.ZUtils,zmaster587.libVulpes.util,libvulpes
src/main/java/zmaster587/advancedRocketry/tile/multiblock/TileRailgun.java,zmaster587.libVulpes.util.ZUtils.RedstoneState,zmaster587.libVulpes.util,libvulpes
src/main/java/zmaster587/advancedRocketry/tile/multiblock/TileSpaceElevator.java,java.util.List,java.util.List,jdk
src/main/java/zmaster587/advancedRocketry/tile/multiblock/TileSpaceElevator.java,javax.annotation.Nonnull,javax.annotation.Nonnull,jdk
src/main/java/zmaster587/advancedRocketry/tile/multiblock/TileSpaceElevator.java,net.minecraft.block.state.IBlockState,net.minecraft.block,minecraft
src/main/java/zmaster587/advancedRocketry/tile/multiblock/TileSpaceElevator.java,net.minecraft.entity.Entity,net.minecraft.entity,minecraft
src/main/java/zmaster587/advancedRocketry/tile/multiblock/TileSpaceElevator.java,net.minecraft.entity.player.EntityPlayer,net.minecraft.entity,minecraft
src/main/java/zmaster587/advancedRocketry/tile/multiblock/TileSpaceElevator.java,net.minecraft.init.Blocks,net.minecraft.init,minecraft
src/main/java/zmaster587/advancedRocketry/tile/multiblock/TileSpaceElevator.java,net.minecraft.item.ItemStack,net.minecraft.item,minecraft
src/main/java/zmaster587/advancedRocketry/tile/multiblock/TileSpaceElevator.java,net.minecraft.nbt.NBTTagCompound,net.minecraft.nbt,minecraft
src/main/java/zmaster587/advancedRocketry/tile/multiblock/TileSpaceElevator.java,net.minecraft.tileentity.TileEntity,net.minecraft.tileentity,minecraft
src/main/java/zmaster587/advancedRocketry/tile/multiblock/TileSpaceElevator.java,net.minecraft.util.EnumFacing,net.minecraft.util,minecraft
src/main/java/zmaster587/advancedRocketry/tile/multiblock/TileSpaceElevator.java,net.minecraft.util.ITickable,net.minecraft.util,minecraft
src/main/java/zmaster587/advancedRocketry/tile/multiblock/TileSpaceElevator.java,net.minecraft.util.math.AxisAlignedBB,net.minecraft.util,minecraft
src/main/java/zmaster587/advancedRocketry/tile/multiblock/TileSpaceElevator.java,net.minecraft.util.math.BlockPos,net.minecraft.util,minecraft
src/main/java/zmaster587/advancedRocketry/tile/multiblock/TileSpaceElevator.java,net.minecraft.util.text.TextComponentTranslation,net.minecraft.util,minecraft
src/main/java/zmaster587/advancedRocketry/tile/multiblock/TileSpaceElevator.java,net.minecraft.world.World,net.minecraft.world,minecraft
src/main/java/zmaster587/advancedRocketry/tile/multiblock/TileSpaceElevator.java,net.minecraftforge.common.DimensionManager,net.minecraftforge.common,minecraft
src/main/java/zmaster587/advancedRocketry/tile/multiblock/TileSpaceElevator.java,net.minecraftforge.fml.relauncher.Side,net.minecraftforge.fml,minecraft
src/main/java/zmaster587/advancedRocketry/tile/multiblock/TileSpaceElevator.java,net.minecraftforge.fml.relauncher.SideOnly,net.minecraftforge.fml,minecraft
src/main/java/zmaster587/advancedRocketry/tile/multiblock/TileSpaceElevator.java,zmaster587.advancedRocketry.api.ARConfiguration,zmaster587.advancedRocketry.api,upstream_internal
src/main/java/zmaster587/advancedRocketry/tile/multiblock/TileSpaceElevator.java,zmaster587.advancedRocketry.api.AdvancedRocketryBlocks,zmaster587.advancedRocketry.api,upstream_internal
src/main/java/zmaster587/advancedRocketry/tile/multiblock/TileSpaceElevator.java,zmaster587.advancedRocketry.entity.EntityElevatorCapsule,zmaster587.advancedRocketry.entity,upstream_internal
src/main/java/zmaster587/advancedRocketry/tile/multiblock/TileSpaceElevator.java,zmaster587.advancedRocketry.stations.SpaceObjectManager,zmaster587.advancedRocketry.stations,upstream_internal
src/main/java/zmaster587/advancedRocketry/tile/multiblock/TileSpaceElevator.java,zmaster587.advancedRocketry.stations.SpaceStationObject,zmaster587.advancedRocketry.stations,upstream_internal
src/main/java/zmaster587/advancedRocketry/tile/multiblock/TileSpaceElevator.java,zmaster587.advancedRocketry.util.DimensionBlockPosition,zmaster587.advancedRocketry.util,upstream_internal
src/main/java/zmaster587/advancedRocketry/tile/multiblock/TileSpaceElevator.java,zmaster587.advancedRocketry.util.PlanetaryTravelHelper,zmaster587.advancedRocketry.util,upstream_internal
src/main/java/zmaster587/advancedRocketry/tile/multiblock/TileSpaceElevator.java,zmaster587.libVulpes.LibVulpes,zmaster587.libVulpes.LibVulpes,libvulpes
src/main/java/zmaster587/advancedRocketry/tile/multiblock/TileSpaceElevator.java,zmaster587.libVulpes.api.LibVulpesBlocks,zmaster587.libVulpes.api,libvulpes
src/main/java/zmaster587/advancedRocketry/tile/multiblock/TileSpaceElevator.java,zmaster587.libVulpes.block.RotatableBlock,zmaster587.libVulpes.block,libvulpes
src/main/java/zmaster587/advancedRocketry/tile/multiblock/TileSpaceElevator.java,zmaster587.libVulpes.interfaces.ILinkableTile,zmaster587.libVulpes.interfaces,libvulpes
src/main/java/zmaster587/advancedRocketry/tile/multiblock/TileSpaceElevator.java,zmaster587.libVulpes.inventory.GuiHandler,zmaster587.libVulpes.inventory,libvulpes
src/main/java/zmaster587/advancedRocketry/tile/multiblock/TileSpaceElevator.java,zmaster587.libVulpes.inventory.TextureResources,zmaster587.libVulpes.inventory,libvulpes
src/main/java/zmaster587/advancedRocketry/tile/multiblock/TileSpaceElevator.java,zmaster587.libVulpes.inventory.modules.IModularInventory,zmaster587.libVulpes.inventory,libvulpes
src/main/java/zmaster587/advancedRocketry/tile/multiblock/TileSpaceElevator.java,zmaster587.libVulpes.inventory.modules.ModuleBase,zmaster587.libVulpes.inventory,libvulpes
src/main/java/zmaster587/advancedRocketry/tile/multiblock/TileSpaceElevator.java,zmaster587.libVulpes.inventory.modules.ModuleButton,zmaster587.libVulpes.inventory,libvulpes
src/main/java/zmaster587/advancedRocketry/tile/multiblock/TileSpaceElevator.java,zmaster587.libVulpes.inventory.modules.ModuleText,zmaster587.libVulpes.inventory,libvulpes
src/main/java/zmaster587/advancedRocketry/tile/multiblock/TileSpaceElevator.java,zmaster587.libVulpes.items.ItemLinker,zmaster587.libVulpes.items,libvulpes
src/main/java/zmaster587/advancedRocketry/tile/multiblock/TileSpaceElevator.java,zmaster587.libVulpes.network.PacketHandler,zmaster587.libVulpes.network,libvulpes
src/main/java/zmaster587/advancedRocketry/tile/multiblock/TileSpaceElevator.java,zmaster587.libVulpes.network.PacketMachine,zmaster587.libVulpes.network,libvulpes
src/main/java/zmaster587/advancedRocketry/tile/multiblock/TileSpaceElevator.java,zmaster587.libVulpes.tile.multiblock.TileMultiPowerConsumer,zmaster587.libVulpes.tile,libvulpes
src/main/java/zmaster587/advancedRocketry/tile/multiblock/TileSpaceElevator.java,zmaster587.libVulpes.util.HashedBlockPosition,zmaster587.libVulpes.util,libvulpes
src/main/java/zmaster587/advancedRocketry/tile/multiblock/TileWarpCore.java,javax.annotation.Nonnull,javax.annotation.Nonnull,jdk
src/main/java/zmaster587/advancedRocketry/tile/multiblock/TileWarpCore.java,net.minecraft.block.state.IBlockState,net.minecraft.block,minecraft
src/main/java/zmaster587/advancedRocketry/tile/multiblock/TileWarpCore.java,net.minecraft.inventory.IInventory,net.minecraft.inventory,minecraft
src/main/java/zmaster587/advancedRocketry/tile/multiblock/TileWarpCore.java,net.minecraft.item.ItemStack,net.minecraft.item,minecraft
src/main/java/zmaster587/advancedRocketry/tile/multiblock/TileWarpCore.java,net.minecraft.util.math.AxisAlignedBB,net.minecraft.util,minecraft
src/main/java/zmaster587/advancedRocketry/tile/multiblock/TileWarpCore.java,net.minecraft.util.math.BlockPos,net.minecraft.util,minecraft
src/main/java/zmaster587/advancedRocketry/tile/multiblock/TileWarpCore.java,net.minecraft.world.World,net.minecraft.world,minecraft
src/main/java/zmaster587/advancedRocketry/tile/multiblock/TileWarpCore.java,zmaster587.advancedRocketry.api.ARConfiguration,zmaster587.advancedRocketry.api,upstream_internal
src/main/java/zmaster587/advancedRocketry/tile/multiblock/TileWarpCore.java,zmaster587.advancedRocketry.api.AdvancedRocketryBlocks,zmaster587.advancedRocketry.api,upstream_internal
src/main/java/zmaster587/advancedRocketry/tile/multiblock/TileWarpCore.java,zmaster587.advancedRocketry.api.stations.ISpaceObject,zmaster587.advancedRocketry.api,upstream_internal
src/main/java/zmaster587/advancedRocketry/tile/multiblock/TileWarpCore.java,zmaster587.advancedRocketry.stations.SpaceObjectManager,zmaster587.advancedRocketry.stations,upstream_internal
src/main/java/zmaster587/advancedRocketry/tile/multiblock/TileWarpCore.java,zmaster587.advancedRocketry.stations.SpaceStationObject,zmaster587.advancedRocketry.stations,upstream_internal
src/main/java/zmaster587/advancedRocketry/tile/multiblock/TileWarpCore.java,zmaster587.libVulpes.api.LibVulpesBlocks,zmaster587.libVulpes.api,libvulpes
src/main/java/zmaster587/advancedRocketry/tile/multiblock/TileWarpCore.java,zmaster587.libVulpes.block.BlockMeta,zmaster587.libVulpes.block,libvulpes
src/main/java/zmaster587/advancedRocketry/tile/multiblock/TileWarpCore.java,zmaster587.libVulpes.tile.multiblock.TileMultiBlock,zmaster587.libVulpes.tile,libvulpes
src/main/java/zmaster587/advancedRocketry/tile/multiblock/TileWarpCore.java,zmaster587.libVulpes.util.ZUtils,zmaster587.libVulpes.util,libvulpes
src/main/java/zmaster587/advancedRocketry/tile/multiblock/energy/TileBlackHoleGenerator.java,io.netty.buffer.ByteBuf,io.netty.buffer,third_party
src/main/java/zmaster587/advancedRocketry/tile/multiblock/energy/TileBlackHoleGenerator.java,java.util.List,java.util.List,jdk
src/main/java/zmaster587/advancedRocketry/tile/multiblock/energy/TileBlackHoleGenerator.java,java.util.Map.Entry,java.util.Map,jdk
src/main/java/zmaster587/advancedRocketry/tile/multiblock/energy/TileBlackHoleGenerator.java,javax.annotation.Nonnull,javax.annotation.Nonnull,jdk
src/main/java/zmaster587/advancedRocketry/tile/multiblock/energy/TileBlackHoleGenerator.java,net.minecraft.block.state.IBlockState,net.minecraft.block,minecraft
src/main/java/zmaster587/advancedRocketry/tile/multiblock/energy/TileBlackHoleGenerator.java,net.minecraft.entity.player.EntityPlayer,net.minecraft.entity,minecraft
src/main/java/zmaster587/advancedRocketry/tile/multiblock/energy/TileBlackHoleGenerator.java,net.minecraft.inventory.IInventory,net.minecraft.inventory,minecraft
src/main/java/zmaster587/advancedRocketry/tile/multiblock/energy/TileBlackHoleGenerator.java,net.minecraft.item.ItemStack,net.minecraft.item,minecraft
src/main/java/zmaster587/advancedRocketry/tile/multiblock/energy/TileBlackHoleGenerator.java,net.minecraft.nbt.NBTTagCompound,net.minecraft.nbt,minecraft
src/main/java/zmaster587/advancedRocketry/tile/multiblock/energy/TileBlackHoleGenerator.java,net.minecraft.network.NetworkManager,net.minecraft.network,minecraft
src/main/java/zmaster587/advancedRocketry/tile/multiblock/energy/TileBlackHoleGenerator.java,net.minecraft.network.play.server.SPacketUpdateTileEntity,net.minecraft.network,minecraft
src/main/java/zmaster587/advancedRocketry/tile/multiblock/energy/TileBlackHoleGenerator.java,net.minecraft.util.ITickable,net.minecraft.util,minecraft
src/main/java/zmaster587/advancedRocketry/tile/multiblock/energy/TileBlackHoleGenerator.java,net.minecraft.util.math.AxisAlignedBB,net.minecraft.util,minecraft
src/main/java/zmaster587/advancedRocketry/tile/multiblock/energy/TileBlackHoleGenerator.java,net.minecraft.util.math.BlockPos,net.minecraft.util,minecraft
src/main/java/zmaster587/advancedRocketry/tile/multiblock/energy/TileBlackHoleGenerator.java,net.minecraft.world.World,net.minecraft.world,minecraft
src/main/java/zmaster587/advancedRocketry/tile/multiblock/energy/TileBlackHoleGenerator.java,net.minecraftforge.fml.relauncher.Side,net.minecraftforge.fml,minecraft
src/main/java/zmaster587/advancedRocketry/tile/multiblock/energy/TileBlackHoleGenerator.java,zmaster587.advancedRocketry.api.ARConfiguration,zmaster587.advancedRocketry.api,upstream_internal
src/main/java/zmaster587/advancedRocketry/tile/multiblock/energy/TileBlackHoleGenerator.java,zmaster587.advancedRocketry.api.AdvancedRocketryBlocks,zmaster587.advancedRocketry.api,upstream_internal
src/main/java/zmaster587/advancedRocketry/tile/multiblock/energy/TileBlackHoleGenerator.java,zmaster587.advancedRocketry.api.stations.ISpaceObject,zmaster587.advancedRocketry.api,upstream_internal
src/main/java/zmaster587/advancedRocketry/tile/multiblock/energy/TileBlackHoleGenerator.java,zmaster587.advancedRocketry.dimension.DimensionProperties,zmaster587.advancedRocketry.dimension,upstream_internal
src/main/java/zmaster587/advancedRocketry/tile/multiblock/energy/TileBlackHoleGenerator.java,zmaster587.advancedRocketry.stations.SpaceObjectManager,zmaster587.advancedRocketry.stations,upstream_internal
src/main/java/zmaster587/advancedRocketry/tile/multiblock/energy/TileBlackHoleGenerator.java,zmaster587.libVulpes.LibVulpes,zmaster587.libVulpes.LibVulpes,libvulpes
src/main/java/zmaster587/advancedRocketry/tile/multiblock/energy/TileBlackHoleGenerator.java,zmaster587.libVulpes.api.LibVulpesBlocks,zmaster587.libVulpes.api,libvulpes
src/main/java/zmaster587/advancedRocketry/tile/multiblock/energy/TileBlackHoleGenerator.java,zmaster587.libVulpes.block.BlockMeta,zmaster587.libVulpes.block,libvulpes
src/main/java/zmaster587/advancedRocketry/tile/multiblock/energy/TileBlackHoleGenerator.java,zmaster587.libVulpes.inventory.modules.ModuleBase,zmaster587.libVulpes.inventory,libvulpes
src/main/java/zmaster587/advancedRocketry/tile/multiblock/energy/TileBlackHoleGenerator.java,zmaster587.libVulpes.inventory.modules.ModuleText,zmaster587.libVulpes.inventory,libvulpes
src/main/java/zmaster587/advancedRocketry/tile/multiblock/energy/TileBlackHoleGenerator.java,zmaster587.libVulpes.network.PacketHandler,zmaster587.libVulpes.network,libvulpes
src/main/java/zmaster587/advancedRocketry/tile/multiblock/energy/TileBlackHoleGenerator.java,zmaster587.libVulpes.network.PacketMachine,zmaster587.libVulpes.network,libvulpes
src/main/java/zmaster587/advancedRocketry/tile/multiblock/energy/TileBlackHoleGenerator.java,zmaster587.libVulpes.tile.multiblock.TileMultiBlock,zmaster587.libVulpes.tile,libvulpes
src/main/java/zmaster587/advancedRocketry/tile/multiblock/energy/TileBlackHoleGenerator.java,zmaster587.libVulpes.tile.multiblock.TileMultiPowerProducer,zmaster587.libVulpes.tile,libvulpes
src/main/java/zmaster587/advancedRocketry/tile/multiblock/energy/TileBlackHoleGenerator.java,zmaster587.libVulpes.util.MultiBattery,zmaster587.libVulpes.util,libvulpes
src/main/java/zmaster587/advancedRocketry/tile/multiblock/energy/TileMicrowaveReciever.java,io.netty.buffer.ByteBuf,io.netty.buffer,third_party
src/main/java/zmaster587/advancedRocketry/tile/multiblock/energy/TileMicrowaveReciever.java,java.util.LinkedList,java.util.LinkedList,jdk
src/main/java/zmaster587/advancedRocketry/tile/multiblock/energy/TileMicrowaveReciever.java,java.util.List,java.util.List,jdk
src/main/java/zmaster587/advancedRocketry/tile/multiblock/energy/TileMicrowaveReciever.java,net.minecraft.block.state.IBlockState,net.minecraft.block,minecraft
src/main/java/zmaster587/advancedRocketry/tile/multiblock/energy/TileMicrowaveReciever.java,net.minecraft.entity.Entity,net.minecraft.entity,minecraft
src/main/java/zmaster587/advancedRocketry/tile/multiblock/energy/TileMicrowaveReciever.java,net.minecraft.entity.player.EntityPlayer,net.minecraft.entity,minecraft
src/main/java/zmaster587/advancedRocketry/tile/multiblock/energy/TileMicrowaveReciever.java,net.minecraft.inventory.IInventory,net.minecraft.inventory,minecraft
src/main/java/zmaster587/advancedRocketry/tile/multiblock/energy/TileMicrowaveReciever.java,net.minecraft.item.ItemStack,net.minecraft.item,minecraft
src/main/java/zmaster587/advancedRocketry/tile/multiblock/energy/TileMicrowaveReciever.java,net.minecraft.nbt.NBTTagCompound,net.minecraft.nbt,minecraft
src/main/java/zmaster587/advancedRocketry/tile/multiblock/energy/TileMicrowaveReciever.java,net.minecraft.network.NetworkManager,net.minecraft.network,minecraft
src/main/java/zmaster587/advancedRocketry/tile/multiblock/energy/TileMicrowaveReciever.java,net.minecraft.network.play.server.SPacketUpdateTileEntity,net.minecraft.network,minecraft
src/main/java/zmaster587/advancedRocketry/tile/multiblock/energy/TileMicrowaveReciever.java,net.minecraft.util.*,net.minecraft.util,minecraft
src/main/java/zmaster587/advancedRocketry/tile/multiblock/energy/TileMicrowaveReciever.java,net.minecraft.util.math.AxisAlignedBB,net.minecraft.util,minecraft
src/main/java/zmaster587/advancedRocketry/tile/multiblock/energy/TileMicrowaveReciever.java,net.minecraft.util.math.BlockPos,net.minecraft.util,minecraft
src/main/java/zmaster587/advancedRocketry/tile/multiblock/energy/TileMicrowaveReciever.java,net.minecraft.world.World,net.minecraft.world,minecraft
src/main/java/zmaster587/advancedRocketry/tile/multiblock/energy/TileMicrowaveReciever.java,net.minecraftforge.fml.relauncher.Side,net.minecraftforge.fml,minecraft
src/main/java/zmaster587/advancedRocketry/tile/multiblock/energy/TileMicrowaveReciever.java,zmaster587.advancedRocketry.api.ARConfiguration,zmaster587.advancedRocketry.api,upstream_internal
src/main/java/zmaster587/advancedRocketry/tile/multiblock/energy/TileMicrowaveReciever.java,zmaster587.advancedRocketry.api.AdvancedRocketryBlocks,zmaster587.advancedRocketry.api,upstream_internal
src/main/java/zmaster587/advancedRocketry/tile/multiblock/energy/TileMicrowaveReciever.java,zmaster587.advancedRocketry.api.SatelliteRegistry,zmaster587.advancedRocketry.api,upstream_internal
src/main/java/zmaster587/advancedRocketry/tile/multiblock/energy/TileMicrowaveReciever.java,zmaster587.advancedRocketry.api.satellite.SatelliteBase,zmaster587.advancedRocketry.api,upstream_internal
src/main/java/zmaster587/advancedRocketry/tile/multiblock/energy/TileMicrowaveReciever.java,zmaster587.advancedRocketry.dimension.DimensionManager,zmaster587.advancedRocketry.dimension,upstream_internal
src/main/java/zmaster587/advancedRocketry/tile/multiblock/energy/TileMicrowaveReciever.java,zmaster587.advancedRocketry.dimension.DimensionProperties,zmaster587.advancedRocketry.dimension,upstream_internal
src/main/java/zmaster587/advancedRocketry/tile/multiblock/energy/TileMicrowaveReciever.java,zmaster587.advancedRocketry.item.ItemSatelliteIdentificationChip,zmaster587.advancedRocketry.item,upstream_internal
src/main/java/zmaster587/advancedRocketry/tile/multiblock/energy/TileMicrowaveReciever.java,zmaster587.advancedRocketry.stations.SpaceObjectManager,zmaster587.advancedRocketry.stations,upstream_internal
src/main/java/zmaster587/advancedRocketry/tile/multiblock/energy/TileMicrowaveReciever.java,zmaster587.advancedRocketry.stations.SpaceStationObject,zmaster587.advancedRocketry.stations,upstream_internal
src/main/java/zmaster587/advancedRocketry/tile/multiblock/energy/TileMicrowaveReciever.java,zmaster587.libVulpes.LibVulpes,zmaster587.libVulpes.LibVulpes,libvulpes
src/main/java/zmaster587/advancedRocketry/tile/multiblock/energy/TileMicrowaveReciever.java,zmaster587.libVulpes.api.IUniversalEnergyTransmitter,zmaster587.libVulpes.api,libvulpes
src/main/java/zmaster587/advancedRocketry/tile/multiblock/energy/TileMicrowaveReciever.java,zmaster587.libVulpes.block.BlockMeta,zmaster587.libVulpes.block,libvulpes
src/main/java/zmaster587/advancedRocketry/tile/multiblock/energy/TileMicrowaveReciever.java,zmaster587.libVulpes.inventory.modules.ModuleBase,zmaster587.libVulpes.inventory,libvulpes
src/main/java/zmaster587/advancedRocketry/tile/multiblock/energy/TileMicrowaveReciever.java,zmaster587.libVulpes.inventory.modules.ModuleText,zmaster587.libVulpes.inventory,libvulpes
src/main/java/zmaster587/advancedRocketry/tile/multiblock/energy/TileMicrowaveReciever.java,zmaster587.libVulpes.network.PacketHandler,zmaster587.libVulpes.network,libvulpes
src/main/java/zmaster587/advancedRocketry/tile/multiblock/energy/TileMicrowaveReciever.java,zmaster587.libVulpes.network.PacketMachine,zmaster587.libVulpes.network,libvulpes
src/main/java/zmaster587/advancedRocketry/tile/multiblock/energy/TileMicrowaveReciever.java,zmaster587.libVulpes.tile.multiblock.TileMultiBlock,zmaster587.libVulpes.tile,libvulpes
src/main/java/zmaster587/advancedRocketry/tile/multiblock/energy/TileMicrowaveReciever.java,zmaster587.libVulpes.tile.multiblock.TileMultiPowerProducer,zmaster587.libVulpes.tile,libvulpes
src/main/java/zmaster587/advancedRocketry/tile/multiblock/energy/TileMicrowaveReciever.java,zmaster587.libVulpes.util.Vector3F,zmaster587.libVulpes.util,libvulpes
src/main/java/zmaster587/advancedRocketry/tile/multiblock/energy/TileSolarArray.java,io.netty.buffer.ByteBuf,io.netty.buffer,third_party
src/main/java/zmaster587/advancedRocketry/tile/multiblock/energy/TileSolarArray.java,java.util.List,java.util.List,jdk
src/main/java/zmaster587/advancedRocketry/tile/multiblock/energy/TileSolarArray.java,net.minecraft.block.state.IBlockState,net.minecraft.block,minecraft
src/main/java/zmaster587/advancedRocketry/tile/multiblock/energy/TileSolarArray.java,net.minecraft.entity.player.EntityPlayer,net.minecraft.entity,minecraft
src/main/java/zmaster587/advancedRocketry/tile/multiblock/energy/TileSolarArray.java,net.minecraft.init.Blocks,net.minecraft.init,minecraft
src/main/java/zmaster587/advancedRocketry/tile/multiblock/energy/TileSolarArray.java,net.minecraft.nbt.NBTTagCompound,net.minecraft.nbt,minecraft
src/main/java/zmaster587/advancedRocketry/tile/multiblock/energy/TileSolarArray.java,net.minecraft.network.NetworkManager,net.minecraft.network,minecraft
src/main/java/zmaster587/advancedRocketry/tile/multiblock/energy/TileSolarArray.java,net.minecraft.network.play.server.SPacketUpdateTileEntity,net.minecraft.network,minecraft
src/main/java/zmaster587/advancedRocketry/tile/multiblock/energy/TileSolarArray.java,net.minecraft.util.EnumFacing,net.minecraft.util,minecraft
src/main/java/zmaster587/advancedRocketry/tile/multiblock/energy/TileSolarArray.java,net.minecraft.util.ITickable,net.minecraft.util,minecraft
src/main/java/zmaster587/advancedRocketry/tile/multiblock/energy/TileSolarArray.java,net.minecraft.util.math.BlockPos,net.minecraft.util,minecraft
src/main/java/zmaster587/advancedRocketry/tile/multiblock/energy/TileSolarArray.java,net.minecraft.world.World,net.minecraft.world,minecraft
src/main/java/zmaster587/advancedRocketry/tile/multiblock/energy/TileSolarArray.java,net.minecraftforge.fml.relauncher.Side,net.minecraftforge.fml,minecraft
src/main/java/zmaster587/advancedRocketry/tile/multiblock/energy/TileSolarArray.java,zmaster587.advancedRocketry.api.ARConfiguration,zmaster587.advancedRocketry.api,upstream_internal
src/main/java/zmaster587/advancedRocketry/tile/multiblock/energy/TileSolarArray.java,zmaster587.advancedRocketry.api.AdvancedRocketryBlocks,zmaster587.advancedRocketry.api,upstream_internal
src/main/java/zmaster587/advancedRocketry/tile/multiblock/energy/TileSolarArray.java,zmaster587.advancedRocketry.dimension.DimensionManager,zmaster587.advancedRocketry.dimension,upstream_internal
src/main/java/zmaster587/advancedRocketry/tile/multiblock/energy/TileSolarArray.java,zmaster587.advancedRocketry.dimension.DimensionProperties,zmaster587.advancedRocketry.dimension,upstream_internal
src/main/java/zmaster587/advancedRocketry/tile/multiblock/energy/TileSolarArray.java,zmaster587.advancedRocketry.stations.SpaceObjectManager,zmaster587.advancedRocketry.stations,upstream_internal
src/main/java/zmaster587/advancedRocketry/tile/multiblock/energy/TileSolarArray.java,zmaster587.libVulpes.LibVulpes,zmaster587.libVulpes.LibVulpes,libvulpes
src/main/java/zmaster587/advancedRocketry/tile/multiblock/energy/TileSolarArray.java,zmaster587.libVulpes.block.BlockMeta,zmaster587.libVulpes.block,libvulpes
src/main/java/zmaster587/advancedRocketry/tile/multiblock/energy/TileSolarArray.java,zmaster587.libVulpes.inventory.modules.ModuleBase,zmaster587.libVulpes.inventory,libvulpes
src/main/java/zmaster587/advancedRocketry/tile/multiblock/energy/TileSolarArray.java,zmaster587.libVulpes.inventory.modules.ModuleText,zmaster587.libVulpes.inventory,libvulpes
src/main/java/zmaster587/advancedRocketry/tile/multiblock/energy/TileSolarArray.java,zmaster587.libVulpes.network.PacketHandler,zmaster587.libVulpes.network,libvulpes
src/main/java/zmaster587/advancedRocketry/tile/multiblock/energy/TileSolarArray.java,zmaster587.libVulpes.network.PacketMachine,zmaster587.libVulpes.network,libvulpes
src/main/java/zmaster587/advancedRocketry/tile/multiblock/energy/TileSolarArray.java,zmaster587.libVulpes.tile.multiblock.TileMultiPowerProducer,zmaster587.libVulpes.tile,libvulpes
src/main/java/zmaster587/advancedRocketry/tile/multiblock/energy/TileSolarArray.java,zmaster587.libVulpes.util.Vector3F,zmaster587.libVulpes.util,libvulpes
src/main/java/zmaster587/advancedRocketry/tile/multiblock/machine/TileCentrifuge.java,java.util.HashMap,java.util.HashMap,jdk
src/main/java/zmaster587/advancedRocketry/tile/multiblock/machine/TileCentrifuge.java,java.util.LinkedList,java.util.LinkedList,jdk
src/main/java/zmaster587/advancedRocketry/tile/multiblock/machine/TileCentrifuge.java,java.util.List,java.util.List,jdk
src/main/java/zmaster587/advancedRocketry/tile/multiblock/machine/TileCentrifuge.java,net.minecraft.block.state.IBlockState,net.minecraft.block,minecraft
src/main/java/zmaster587/advancedRocketry/tile/multiblock/machine/TileCentrifuge.java,net.minecraft.entity.player.EntityPlayer,net.minecraft.entity,minecraft
src/main/java/zmaster587/advancedRocketry/tile/multiblock/machine/TileCentrifuge.java,net.minecraft.init.Blocks,net.minecraft.init,minecraft
src/main/java/zmaster587/advancedRocketry/tile/multiblock/machine/TileCentrifuge.java,net.minecraft.item.ItemStack,net.minecraft.item,minecraft
src/main/java/zmaster587/advancedRocketry/tile/multiblock/machine/TileCentrifuge.java,net.minecraft.util.SoundEvent,net.minecraft.util,minecraft
src/main/java/zmaster587/advancedRocketry/tile/multiblock/machine/TileCentrifuge.java,net.minecraft.util.math.AxisAlignedBB,net.minecraft.util,minecraft
src/main/java/zmaster587/advancedRocketry/tile/multiblock/machine/TileCentrifuge.java,net.minecraft.util.math.BlockPos,net.minecraft.util,minecraft
src/main/java/zmaster587/advancedRocketry/tile/multiblock/machine/TileCentrifuge.java,net.minecraft.world.World,net.minecraft.world,minecraft
src/main/java/zmaster587/advancedRocketry/tile/multiblock/machine/TileCentrifuge.java,net.minecraftforge.fluids.FluidRegistry,net.minecraftforge.fluids,minecraft
src/main/java/zmaster587/advancedRocketry/tile/multiblock/machine/TileCentrifuge.java,net.minecraftforge.fluids.FluidStack,net.minecraftforge.fluids,minecraft
src/main/java/zmaster587/advancedRocketry/tile/multiblock/machine/TileCentrifuge.java,net.minecraftforge.oredict.OreDictionary,net.minecraftforge.oredict,minecraft
src/main/java/zmaster587/advancedRocketry/tile/multiblock/machine/TileCentrifuge.java,zmaster587.advancedRocketry.AdvancedRocketry,zmaster587.advancedRocketry.AdvancedRocketry,upstream_internal
src/main/java/zmaster587/advancedRocketry/tile/multiblock/machine/TileCentrifuge.java,zmaster587.advancedRocketry.api.ARConfiguration,zmaster587.advancedRocketry.api,upstream_internal
src/main/java/zmaster587/advancedRocketry/tile/multiblock/machine/TileCentrifuge.java,zmaster587.advancedRocketry.api.AdvancedRocketryBlocks,zmaster587.advancedRocketry.api,upstream_internal
src/main/java/zmaster587/advancedRocketry/tile/multiblock/machine/TileCentrifuge.java,zmaster587.advancedRocketry.api.AdvancedRocketryFluids,zmaster587.advancedRocketry.api,upstream_internal
src/main/java/zmaster587/advancedRocketry/tile/multiblock/machine/TileCentrifuge.java,zmaster587.advancedRocketry.inventory.TextureResources,zmaster587.advancedRocketry.inventory,upstream_internal
src/main/java/zmaster587/advancedRocketry/tile/multiblock/machine/TileCentrifuge.java,zmaster587.advancedRocketry.util.AudioRegistry,zmaster587.advancedRocketry.util,upstream_internal
src/main/java/zmaster587/advancedRocketry/tile/multiblock/machine/TileCentrifuge.java,zmaster587.libVulpes.api.LibVulpesBlocks,zmaster587.libVulpes.api,libvulpes
src/main/java/zmaster587/advancedRocketry/tile/multiblock/machine/TileCentrifuge.java,zmaster587.libVulpes.block.BlockMeta,zmaster587.libVulpes.block,libvulpes
src/main/java/zmaster587/advancedRocketry/tile/multiblock/machine/TileCentrifuge.java,zmaster587.libVulpes.inventory.modules.ModuleBase,zmaster587.libVulpes.inventory,libvulpes
src/main/java/zmaster587/advancedRocketry/tile/multiblock/machine/TileCentrifuge.java,zmaster587.libVulpes.inventory.modules.ModuleProgress,zmaster587.libVulpes.inventory,libvulpes
src/main/java/zmaster587/advancedRocketry/tile/multiblock/machine/TileCentrifuge.java,zmaster587.libVulpes.recipe.RecipesMachine,zmaster587.libVulpes.recipe,libvulpes
src/main/java/zmaster587/advancedRocketry/tile/multiblock/machine/TileCentrifuge.java,zmaster587.libVulpes.recipe.RecipesMachine.ChanceFluidStack,zmaster587.libVulpes.recipe,libvulpes
src/main/java/zmaster587/advancedRocketry/tile/multiblock/machine/TileCentrifuge.java,zmaster587.libVulpes.tile.multiblock.TileMultiblockMachine,zmaster587.libVulpes.tile,libvulpes
src/main/java/zmaster587/advancedRocketry/tile/multiblock/machine/TileChemicalReactor.java,java.util.LinkedList,java.util.LinkedList,jdk
src/main/java/zmaster587/advancedRocketry/tile/multiblock/machine/TileChemicalReactor.java,java.util.List,java.util.List,jdk
src/main/java/zmaster587/advancedRocketry/tile/multiblock/machine/TileChemicalReactor.java,javax.annotation.Nonnull,javax.annotation.Nonnull,jdk
src/main/java/zmaster587/advancedRocketry/tile/multiblock/machine/TileChemicalReactor.java,net.minecraft.block.state.IBlockState,net.minecraft.block,minecraft
src/main/java/zmaster587/advancedRocketry/tile/multiblock/machine/TileChemicalReactor.java,net.minecraft.enchantment.EnchantmentHelper,net.minecraft.enchantment,minecraft
src/main/java/zmaster587/advancedRocketry/tile/multiblock/machine/TileChemicalReactor.java,net.minecraft.entity.player.EntityPlayer,net.minecraft.entity,minecraft
src/main/java/zmaster587/advancedRocketry/tile/multiblock/machine/TileChemicalReactor.java,net.minecraft.inventory.EntityEquipmentSlot,net.minecraft.inventory,minecraft
src/main/java/zmaster587/advancedRocketry/tile/multiblock/machine/TileChemicalReactor.java,net.minecraft.inventory.IInventory,net.minecraft.inventory,minecraft
src/main/java/zmaster587/advancedRocketry/tile/multiblock/machine/TileChemicalReactor.java,net.minecraft.item.Item,net.minecraft.item,minecraft
src/main/java/zmaster587/advancedRocketry/tile/multiblock/machine/TileChemicalReactor.java,net.minecraft.item.ItemArmor,net.minecraft.item,minecraft
src/main/java/zmaster587/advancedRocketry/tile/multiblock/machine/TileChemicalReactor.java,net.minecraft.item.ItemStack,net.minecraft.item,minecraft
src/main/java/zmaster587/advancedRocketry/tile/multiblock/machine/TileChemicalReactor.java,net.minecraft.tileentity.TileEntity,net.minecraft.tileentity,minecraft
src/main/java/zmaster587/advancedRocketry/tile/multiblock/machine/TileChemicalReactor.java,net.minecraft.util.ResourceLocation,net.minecraft.util,minecraft
src/main/java/zmaster587/advancedRocketry/tile/multiblock/machine/TileChemicalReactor.java,net.minecraft.util.SoundEvent,net.minecraft.util,minecraft
src/main/java/zmaster587/advancedRocketry/tile/multiblock/machine/TileChemicalReactor.java,net.minecraft.util.math.AxisAlignedBB,net.minecraft.util,minecraft
src/main/java/zmaster587/advancedRocketry/tile/multiblock/machine/TileChemicalReactor.java,net.minecraft.util.math.BlockPos,net.minecraft.util,minecraft
src/main/java/zmaster587/advancedRocketry/tile/multiblock/machine/TileChemicalReactor.java,net.minecraft.world.World,net.minecraft.world,minecraft
src/main/java/zmaster587/advancedRocketry/tile/multiblock/machine/TileChemicalReactor.java,net.minecraftforge.oredict.OreDictionary,net.minecraftforge.oredict,minecraft
src/main/java/zmaster587/advancedRocketry/tile/multiblock/machine/TileChemicalReactor.java,zmaster587.advancedRocketry.api.ARConfiguration,zmaster587.advancedRocketry.api,upstream_internal
src/main/java/zmaster587/advancedRocketry/tile/multiblock/machine/TileChemicalReactor.java,zmaster587.advancedRocketry.api.AdvancedRocketryAPI,zmaster587.advancedRocketry.api,upstream_internal
src/main/java/zmaster587/advancedRocketry/tile/multiblock/machine/TileChemicalReactor.java,zmaster587.advancedRocketry.api.AdvancedRocketryBlocks,zmaster587.advancedRocketry.api,upstream_internal
src/main/java/zmaster587/advancedRocketry/tile/multiblock/machine/TileChemicalReactor.java,zmaster587.advancedRocketry.api.AdvancedRocketryItems,zmaster587.advancedRocketry.api,upstream_internal
src/main/java/zmaster587/advancedRocketry/tile/multiblock/machine/TileChemicalReactor.java,zmaster587.advancedRocketry.armor.ItemSpaceArmor,zmaster587.advancedRocketry.armor,upstream_internal
src/main/java/zmaster587/advancedRocketry/tile/multiblock/machine/TileChemicalReactor.java,zmaster587.advancedRocketry.inventory.TextureResources,zmaster587.advancedRocketry.inventory,upstream_internal
src/main/java/zmaster587/advancedRocketry/tile/multiblock/machine/TileChemicalReactor.java,zmaster587.advancedRocketry.util.AudioRegistry,zmaster587.advancedRocketry.util,upstream_internal
src/main/java/zmaster587/advancedRocketry/tile/multiblock/machine/TileChemicalReactor.java,zmaster587.libVulpes.api.LibVulpesBlocks,zmaster587.libVulpes.api,libvulpes
src/main/java/zmaster587/advancedRocketry/tile/multiblock/machine/TileChemicalReactor.java,zmaster587.libVulpes.interfaces.IRecipe,zmaster587.libVulpes.interfaces,libvulpes
src/main/java/zmaster587/advancedRocketry/tile/multiblock/machine/TileChemicalReactor.java,zmaster587.libVulpes.inventory.modules.ModuleBase,zmaster587.libVulpes.inventory,libvulpes
src/main/java/zmaster587/advancedRocketry/tile/multiblock/machine/TileChemicalReactor.java,zmaster587.libVulpes.inventory.modules.ModuleProgress,zmaster587.libVulpes.inventory,libvulpes
src/main/java/zmaster587/advancedRocketry/tile/multiblock/machine/TileChemicalReactor.java,zmaster587.libVulpes.recipe.NumberedOreDictStack,zmaster587.libVulpes.recipe,libvulpes
src/main/java/zmaster587/advancedRocketry/tile/multiblock/machine/TileChemicalReactor.java,zmaster587.libVulpes.recipe.RecipesMachine,zmaster587.libVulpes.recipe,libvulpes
src/main/java/zmaster587/advancedRocketry/tile/multiblock/machine/TileChemicalReactor.java,zmaster587.libVulpes.tile.multiblock.TileMultiblockMachine,zmaster587.libVulpes.tile,libvulpes
src/main/java/zmaster587/advancedRocketry/tile/multiblock/machine/TileCrystallizer.java,java.util.List,java.util.List,jdk
src/main/java/zmaster587/advancedRocketry/tile/multiblock/machine/TileCrystallizer.java,net.minecraft.block.state.IBlockState,net.minecraft.block,minecraft
src/main/java/zmaster587/advancedRocketry/tile/multiblock/machine/TileCrystallizer.java,net.minecraft.entity.player.EntityPlayer,net.minecraft.entity,minecraft
src/main/java/zmaster587/advancedRocketry/tile/multiblock/machine/TileCrystallizer.java,net.minecraft.util.SoundEvent,net.minecraft.util,minecraft
src/main/java/zmaster587/advancedRocketry/tile/multiblock/machine/TileCrystallizer.java,net.minecraft.util.math.AxisAlignedBB,net.minecraft.util,minecraft
src/main/java/zmaster587/advancedRocketry/tile/multiblock/machine/TileCrystallizer.java,net.minecraft.util.math.BlockPos,net.minecraft.util,minecraft
src/main/java/zmaster587/advancedRocketry/tile/multiblock/machine/TileCrystallizer.java,net.minecraft.world.World,net.minecraft.world,minecraft
src/main/java/zmaster587/advancedRocketry/tile/multiblock/machine/TileCrystallizer.java,zmaster587.advancedRocketry.api.ARConfiguration,zmaster587.advancedRocketry.api,upstream_internal
src/main/java/zmaster587/advancedRocketry/tile/multiblock/machine/TileCrystallizer.java,zmaster587.advancedRocketry.api.AdvancedRocketryBlocks,zmaster587.advancedRocketry.api,upstream_internal
src/main/java/zmaster587/advancedRocketry/tile/multiblock/machine/TileCrystallizer.java,zmaster587.advancedRocketry.dimension.DimensionManager,zmaster587.advancedRocketry.dimension,upstream_internal
src/main/java/zmaster587/advancedRocketry/tile/multiblock/machine/TileCrystallizer.java,zmaster587.advancedRocketry.inventory.TextureResources,zmaster587.advancedRocketry.inventory,upstream_internal
src/main/java/zmaster587/advancedRocketry/tile/multiblock/machine/TileCrystallizer.java,zmaster587.advancedRocketry.util.AudioRegistry,zmaster587.advancedRocketry.util,upstream_internal
src/main/java/zmaster587/advancedRocketry/tile/multiblock/machine/TileCrystallizer.java,zmaster587.libVulpes.LibVulpes,zmaster587.libVulpes.LibVulpes,libvulpes
src/main/java/zmaster587/advancedRocketry/tile/multiblock/machine/TileCrystallizer.java,zmaster587.libVulpes.inventory.modules.IModularInventory,zmaster587.libVulpes.inventory,libvulpes
src/main/java/zmaster587/advancedRocketry/tile/multiblock/machine/TileCrystallizer.java,zmaster587.libVulpes.inventory.modules.ModuleBase,zmaster587.libVulpes.inventory,libvulpes
src/main/java/zmaster587/advancedRocketry/tile/multiblock/machine/TileCrystallizer.java,zmaster587.libVulpes.inventory.modules.ModuleProgress,zmaster587.libVulpes.inventory,libvulpes
src/main/java/zmaster587/advancedRocketry/tile/multiblock/machine/TileCrystallizer.java,zmaster587.libVulpes.inventory.modules.ModuleText,zmaster587.libVulpes.inventory,libvulpes
src/main/java/zmaster587/advancedRocketry/tile/multiblock/machine/TileCrystallizer.java,zmaster587.libVulpes.tile.multiblock.TileMultiblockMachine,zmaster587.libVulpes.tile,libvulpes
src/main/java/zmaster587/advancedRocketry/tile/multiblock/machine/TileCuttingMachine.java,java.util.List,java.util.List,jdk
src/main/java/zmaster587/advancedRocketry/tile/multiblock/machine/TileCuttingMachine.java,net.minecraft.block.state.IBlockState,net.minecraft.block,minecraft
src/main/java/zmaster587/advancedRocketry/tile/multiblock/machine/TileCuttingMachine.java,net.minecraft.entity.EntityLivingBase,net.minecraft.entity,minecraft
src/main/java/zmaster587/advancedRocketry/tile/multiblock/machine/TileCuttingMachine.java,net.minecraft.entity.player.EntityPlayer,net.minecraft.entity,minecraft
src/main/java/zmaster587/advancedRocketry/tile/multiblock/machine/TileCuttingMachine.java,net.minecraft.util.DamageSource,net.minecraft.util,minecraft
src/main/java/zmaster587/advancedRocketry/tile/multiblock/machine/TileCuttingMachine.java,net.minecraft.util.EnumFacing,net.minecraft.util,minecraft
src/main/java/zmaster587/advancedRocketry/tile/multiblock/machine/TileCuttingMachine.java,net.minecraft.util.SoundEvent,net.minecraft.util,minecraft
src/main/java/zmaster587/advancedRocketry/tile/multiblock/machine/TileCuttingMachine.java,net.minecraft.util.math.AxisAlignedBB,net.minecraft.util,minecraft
src/main/java/zmaster587/advancedRocketry/tile/multiblock/machine/TileCuttingMachine.java,net.minecraft.util.math.BlockPos,net.minecraft.util,minecraft
src/main/java/zmaster587/advancedRocketry/tile/multiblock/machine/TileCuttingMachine.java,net.minecraft.world.World,net.minecraft.world,minecraft
src/main/java/zmaster587/advancedRocketry/tile/multiblock/machine/TileCuttingMachine.java,zmaster587.advancedRocketry.api.AdvancedRocketryBlocks,zmaster587.advancedRocketry.api,upstream_internal
src/main/java/zmaster587/advancedRocketry/tile/multiblock/machine/TileCuttingMachine.java,zmaster587.advancedRocketry.inventory.TextureResources,zmaster587.advancedRocketry.inventory,upstream_internal
src/main/java/zmaster587/advancedRocketry/tile/multiblock/machine/TileCuttingMachine.java,zmaster587.advancedRocketry.util.AudioRegistry,zmaster587.advancedRocketry.util,upstream_internal
src/main/java/zmaster587/advancedRocketry/tile/multiblock/machine/TileCuttingMachine.java,zmaster587.libVulpes.api.LibVulpesBlocks,zmaster587.libVulpes.api,libvulpes
src/main/java/zmaster587/advancedRocketry/tile/multiblock/machine/TileCuttingMachine.java,zmaster587.libVulpes.block.RotatableBlock,zmaster587.libVulpes.block,libvulpes
src/main/java/zmaster587/advancedRocketry/tile/multiblock/machine/TileCuttingMachine.java,zmaster587.libVulpes.inventory.modules.IModularInventory,zmaster587.libVulpes.inventory,libvulpes
src/main/java/zmaster587/advancedRocketry/tile/multiblock/machine/TileCuttingMachine.java,zmaster587.libVulpes.inventory.modules.ModuleBase,zmaster587.libVulpes.inventory,libvulpes
src/main/java/zmaster587/advancedRocketry/tile/multiblock/machine/TileCuttingMachine.java,zmaster587.libVulpes.inventory.modules.ModuleProgress,zmaster587.libVulpes.inventory,libvulpes
src/main/java/zmaster587/advancedRocketry/tile/multiblock/machine/TileCuttingMachine.java,zmaster587.libVulpes.tile.multiblock.TileMultiblockMachine,zmaster587.libVulpes.tile,libvulpes
src/main/java/zmaster587/advancedRocketry/tile/multiblock/machine/TileElectricArcFurnace.java,java.util.List,java.util.List,jdk
src/main/java/zmaster587/advancedRocketry/tile/multiblock/machine/TileElectricArcFurnace.java,net.minecraft.entity.player.EntityPlayer,net.minecraft.entity,minecraft
src/main/java/zmaster587/advancedRocketry/tile/multiblock/machine/TileElectricArcFurnace.java,net.minecraft.init.Blocks,net.minecraft.init,minecraft
src/main/java/zmaster587/advancedRocketry/tile/multiblock/machine/TileElectricArcFurnace.java,net.minecraft.tileentity.TileEntity,net.minecraft.tileentity,minecraft
src/main/java/zmaster587/advancedRocketry/tile/multiblock/machine/TileElectricArcFurnace.java,net.minecraft.util.SoundEvent,net.minecraft.util,minecraft
src/main/java/zmaster587/advancedRocketry/tile/multiblock/machine/TileElectricArcFurnace.java,zmaster587.advancedRocketry.api.AdvancedRocketryBlocks,zmaster587.advancedRocketry.api,upstream_internal
src/main/java/zmaster587/advancedRocketry/tile/multiblock/machine/TileElectricArcFurnace.java,zmaster587.advancedRocketry.inventory.TextureResources,zmaster587.advancedRocketry.inventory,upstream_internal
src/main/java/zmaster587/advancedRocketry/tile/multiblock/machine/TileElectricArcFurnace.java,zmaster587.advancedRocketry.util.AudioRegistry,zmaster587.advancedRocketry.util,upstream_internal
src/main/java/zmaster587/advancedRocketry/tile/multiblock/machine/TileElectricArcFurnace.java,zmaster587.libVulpes.block.BlockMeta,zmaster587.libVulpes.block,libvulpes
src/main/java/zmaster587/advancedRocketry/tile/multiblock/machine/TileElectricArcFurnace.java,zmaster587.libVulpes.inventory.modules.IModularInventory,zmaster587.libVulpes.inventory,libvulpes
src/main/java/zmaster587/advancedRocketry/tile/multiblock/machine/TileElectricArcFurnace.java,zmaster587.libVulpes.inventory.modules.ModuleBase,zmaster587.libVulpes.inventory,libvulpes
src/main/java/zmaster587/advancedRocketry/tile/multiblock/machine/TileElectricArcFurnace.java,zmaster587.libVulpes.inventory.modules.ModuleProgress,zmaster587.libVulpes.inventory,libvulpes
src/main/java/zmaster587/advancedRocketry/tile/multiblock/machine/TileElectricArcFurnace.java,zmaster587.libVulpes.tile.multiblock.TileMultiBlock,zmaster587.libVulpes.tile,libvulpes
src/main/java/zmaster587/advancedRocketry/tile/multiblock/machine/TileElectricArcFurnace.java,zmaster587.libVulpes.tile.multiblock.TileMultiblockMachine,zmaster587.libVulpes.tile,libvulpes
src/main/java/zmaster587/advancedRocketry/tile/multiblock/machine/TileElectrolyser.java,java.util.List,java.util.List,jdk
src/main/java/zmaster587/advancedRocketry/tile/multiblock/machine/TileElectrolyser.java,net.minecraft.block.state.IBlockState,net.minecraft.block,minecraft
src/main/java/zmaster587/advancedRocketry/tile/multiblock/machine/TileElectrolyser.java,net.minecraft.entity.player.EntityPlayer,net.minecraft.entity,minecraft
src/main/java/zmaster587/advancedRocketry/tile/multiblock/machine/TileElectrolyser.java,net.minecraft.util.SoundEvent,net.minecraft.util,minecraft
src/main/java/zmaster587/advancedRocketry/tile/multiblock/machine/TileElectrolyser.java,net.minecraft.util.math.AxisAlignedBB,net.minecraft.util,minecraft
src/main/java/zmaster587/advancedRocketry/tile/multiblock/machine/TileElectrolyser.java,net.minecraft.util.math.BlockPos,net.minecraft.util,minecraft
src/main/java/zmaster587/advancedRocketry/tile/multiblock/machine/TileElectrolyser.java,net.minecraft.world.World,net.minecraft.world,minecraft
src/main/java/zmaster587/advancedRocketry/tile/multiblock/machine/TileElectrolyser.java,zmaster587.advancedRocketry.api.AdvancedRocketryBlocks,zmaster587.advancedRocketry.api,upstream_internal
src/main/java/zmaster587/advancedRocketry/tile/multiblock/machine/TileElectrolyser.java,zmaster587.advancedRocketry.inventory.TextureResources,zmaster587.advancedRocketry.inventory,upstream_internal
src/main/java/zmaster587/advancedRocketry/tile/multiblock/machine/TileElectrolyser.java,zmaster587.advancedRocketry.util.AudioRegistry,zmaster587.advancedRocketry.util,upstream_internal
src/main/java/zmaster587/advancedRocketry/tile/multiblock/machine/TileElectrolyser.java,zmaster587.libVulpes.api.LibVulpesBlocks,zmaster587.libVulpes.api,libvulpes
src/main/java/zmaster587/advancedRocketry/tile/multiblock/machine/TileElectrolyser.java,zmaster587.libVulpes.block.BlockMeta,zmaster587.libVulpes.block,libvulpes
src/main/java/zmaster587/advancedRocketry/tile/multiblock/machine/TileElectrolyser.java,zmaster587.libVulpes.inventory.modules.ModuleBase,zmaster587.libVulpes.inventory,libvulpes
src/main/java/zmaster587/advancedRocketry/tile/multiblock/machine/TileElectrolyser.java,zmaster587.libVulpes.inventory.modules.ModuleProgress,zmaster587.libVulpes.inventory,libvulpes
src/main/java/zmaster587/advancedRocketry/tile/multiblock/machine/TileElectrolyser.java,zmaster587.libVulpes.tile.multiblock.TileMultiblockMachine,zmaster587.libVulpes.tile,libvulpes
src/main/java/zmaster587/advancedRocketry/tile/multiblock/machine/TileLathe.java,java.util.List,java.util.List,jdk
src/main/java/zmaster587/advancedRocketry/tile/multiblock/machine/TileLathe.java,net.minecraft.block.state.IBlockState,net.minecraft.block,minecraft
src/main/java/zmaster587/advancedRocketry/tile/multiblock/machine/TileLathe.java,net.minecraft.entity.player.EntityPlayer,net.minecraft.entity,minecraft
src/main/java/zmaster587/advancedRocketry/tile/multiblock/machine/TileLathe.java,net.minecraft.init.Blocks,net.minecraft.init,minecraft
src/main/java/zmaster587/advancedRocketry/tile/multiblock/machine/TileLathe.java,net.minecraft.util.SoundEvent,net.minecraft.util,minecraft
src/main/java/zmaster587/advancedRocketry/tile/multiblock/machine/TileLathe.java,net.minecraft.util.math.AxisAlignedBB,net.minecraft.util,minecraft
src/main/java/zmaster587/advancedRocketry/tile/multiblock/machine/TileLathe.java,net.minecraft.util.math.BlockPos,net.minecraft.util,minecraft
src/main/java/zmaster587/advancedRocketry/tile/multiblock/machine/TileLathe.java,net.minecraft.world.World,net.minecraft.world,minecraft
src/main/java/zmaster587/advancedRocketry/tile/multiblock/machine/TileLathe.java,zmaster587.advancedRocketry.api.AdvancedRocketryBlocks,zmaster587.advancedRocketry.api,upstream_internal
src/main/java/zmaster587/advancedRocketry/tile/multiblock/machine/TileLathe.java,zmaster587.advancedRocketry.inventory.TextureResources,zmaster587.advancedRocketry.inventory,upstream_internal
src/main/java/zmaster587/advancedRocketry/tile/multiblock/machine/TileLathe.java,zmaster587.advancedRocketry.util.AudioRegistry,zmaster587.advancedRocketry.util,upstream_internal
src/main/java/zmaster587/advancedRocketry/tile/multiblock/machine/TileLathe.java,zmaster587.libVulpes.api.LibVulpesBlocks,zmaster587.libVulpes.api,libvulpes
src/main/java/zmaster587/advancedRocketry/tile/multiblock/machine/TileLathe.java,zmaster587.libVulpes.inventory.modules.IModularInventory,zmaster587.libVulpes.inventory,libvulpes
src/main/java/zmaster587/advancedRocketry/tile/multiblock/machine/TileLathe.java,zmaster587.libVulpes.inventory.modules.ModuleBase,zmaster587.libVulpes.inventory,libvulpes
src/main/java/zmaster587/advancedRocketry/tile/multiblock/machine/TileLathe.java,zmaster587.libVulpes.inventory.modules.ModuleProgress,zmaster587.libVulpes.inventory,libvulpes
src/main/java/zmaster587/advancedRocketry/tile/multiblock/machine/TileLathe.java,zmaster587.libVulpes.tile.multiblock.TileMultiblockMachine,zmaster587.libVulpes.tile,libvulpes
src/main/java/zmaster587/advancedRocketry/tile/multiblock/machine/TilePrecisionAssembler.java,java.util.List,java.util.List,jdk
src/main/java/zmaster587/advancedRocketry/tile/multiblock/machine/TilePrecisionAssembler.java,net.minecraft.block.state.IBlockState,net.minecraft.block,minecraft
src/main/java/zmaster587/advancedRocketry/tile/multiblock/machine/TilePrecisionAssembler.java,net.minecraft.entity.player.EntityPlayer,net.minecraft.entity,minecraft
src/main/java/zmaster587/advancedRocketry/tile/multiblock/machine/TilePrecisionAssembler.java,net.minecraft.init.Blocks,net.minecraft.init,minecraft
src/main/java/zmaster587/advancedRocketry/tile/multiblock/machine/TilePrecisionAssembler.java,net.minecraft.tileentity.TileEntity,net.minecraft.tileentity,minecraft
src/main/java/zmaster587/advancedRocketry/tile/multiblock/machine/TilePrecisionAssembler.java,net.minecraft.util.EnumFacing,net.minecraft.util,minecraft
src/main/java/zmaster587/advancedRocketry/tile/multiblock/machine/TilePrecisionAssembler.java,net.minecraft.util.SoundEvent,net.minecraft.util,minecraft
src/main/java/zmaster587/advancedRocketry/tile/multiblock/machine/TilePrecisionAssembler.java,net.minecraft.util.math.AxisAlignedBB,net.minecraft.util,minecraft
src/main/java/zmaster587/advancedRocketry/tile/multiblock/machine/TilePrecisionAssembler.java,net.minecraft.util.math.BlockPos,net.minecraft.util,minecraft
src/main/java/zmaster587/advancedRocketry/tile/multiblock/machine/TilePrecisionAssembler.java,net.minecraft.world.World,net.minecraft.world,minecraft
src/main/java/zmaster587/advancedRocketry/tile/multiblock/machine/TilePrecisionAssembler.java,zmaster587.advancedRocketry.api.AdvancedRocketryBlocks,zmaster587.advancedRocketry.api,upstream_internal
src/main/java/zmaster587/advancedRocketry/tile/multiblock/machine/TilePrecisionAssembler.java,zmaster587.advancedRocketry.inventory.TextureResources,zmaster587.advancedRocketry.inventory,upstream_internal
src/main/java/zmaster587/advancedRocketry/tile/multiblock/machine/TilePrecisionAssembler.java,zmaster587.advancedRocketry.util.AudioRegistry,zmaster587.advancedRocketry.util,upstream_internal
src/main/java/zmaster587/advancedRocketry/tile/multiblock/machine/TilePrecisionAssembler.java,zmaster587.libVulpes.api.LibVulpesBlocks,zmaster587.libVulpes.api,libvulpes
src/main/java/zmaster587/advancedRocketry/tile/multiblock/machine/TilePrecisionAssembler.java,zmaster587.libVulpes.block.BlockMeta,zmaster587.libVulpes.block,libvulpes
src/main/java/zmaster587/advancedRocketry/tile/multiblock/machine/TilePrecisionAssembler.java,zmaster587.libVulpes.client.util.ProgressBarImage,zmaster587.libVulpes.client,libvulpes
src/main/java/zmaster587/advancedRocketry/tile/multiblock/machine/TilePrecisionAssembler.java,zmaster587.libVulpes.inventory.modules.*,zmaster587.libVulpes.inventory,libvulpes
src/main/java/zmaster587/advancedRocketry/tile/multiblock/machine/TilePrecisionAssembler.java,zmaster587.libVulpes.tile.multiblock.TileMultiBlock,zmaster587.libVulpes.tile,libvulpes
src/main/java/zmaster587/advancedRocketry/tile/multiblock/machine/TilePrecisionAssembler.java,zmaster587.libVulpes.tile.multiblock.TileMultiblockMachine,zmaster587.libVulpes.tile,libvulpes
src/main/java/zmaster587/advancedRocketry/tile/multiblock/machine/TilePrecisionAssembler.java,zmaster587.libVulpes.util.IconResource,zmaster587.libVulpes.util,libvulpes
src/main/java/zmaster587/advancedRocketry/tile/multiblock/machine/TilePrecisionLaserEtcher.java,java.util.List,java.util.List,jdk
src/main/java/zmaster587/advancedRocketry/tile/multiblock/machine/TilePrecisionLaserEtcher.java,javax.annotation.Nonnull,javax.annotation.Nonnull,jdk
src/main/java/zmaster587/advancedRocketry/tile/multiblock/machine/TilePrecisionLaserEtcher.java,net.minecraft.block.state.IBlockState,net.minecraft.block,minecraft
src/main/java/zmaster587/advancedRocketry/tile/multiblock/machine/TilePrecisionLaserEtcher.java,net.minecraft.entity.player.EntityPlayer,net.minecraft.entity,minecraft
src/main/java/zmaster587/advancedRocketry/tile/multiblock/machine/TilePrecisionLaserEtcher.java,net.minecraft.init.Blocks,net.minecraft.init,minecraft
src/main/java/zmaster587/advancedRocketry/tile/multiblock/machine/TilePrecisionLaserEtcher.java,net.minecraft.inventory.IInventory,net.minecraft.inventory,minecraft
src/main/java/zmaster587/advancedRocketry/tile/multiblock/machine/TilePrecisionLaserEtcher.java,net.minecraft.item.ItemStack,net.minecraft.item,minecraft
src/main/java/zmaster587/advancedRocketry/tile/multiblock/machine/TilePrecisionLaserEtcher.java,net.minecraft.tileentity.TileEntity,net.minecraft.tileentity,minecraft
src/main/java/zmaster587/advancedRocketry/tile/multiblock/machine/TilePrecisionLaserEtcher.java,net.minecraft.util.SoundEvent,net.minecraft.util,minecraft
src/main/java/zmaster587/advancedRocketry/tile/multiblock/machine/TilePrecisionLaserEtcher.java,net.minecraft.util.math.AxisAlignedBB,net.minecraft.util,minecraft
src/main/java/zmaster587/advancedRocketry/tile/multiblock/machine/TilePrecisionLaserEtcher.java,net.minecraft.util.math.BlockPos,net.minecraft.util,minecraft
src/main/java/zmaster587/advancedRocketry/tile/multiblock/machine/TilePrecisionLaserEtcher.java,net.minecraft.world.World,net.minecraft.world,minecraft
src/main/java/zmaster587/advancedRocketry/tile/multiblock/machine/TilePrecisionLaserEtcher.java,net.minecraftforge.oredict.OreDictionary,net.minecraftforge.oredict,minecraft
src/main/java/zmaster587/advancedRocketry/tile/multiblock/machine/TilePrecisionLaserEtcher.java,zmaster587.advancedRocketry.api.AdvancedRocketryBlocks,zmaster587.advancedRocketry.api,upstream_internal
src/main/java/zmaster587/advancedRocketry/tile/multiblock/machine/TilePrecisionLaserEtcher.java,zmaster587.advancedRocketry.inventory.TextureResources,zmaster587.advancedRocketry.inventory,upstream_internal
src/main/java/zmaster587/advancedRocketry/tile/multiblock/machine/TilePrecisionLaserEtcher.java,zmaster587.advancedRocketry.util.AudioRegistry,zmaster587.advancedRocketry.util,upstream_internal
src/main/java/zmaster587/advancedRocketry/tile/multiblock/machine/TilePrecisionLaserEtcher.java,zmaster587.libVulpes.api.LibVulpesBlocks,zmaster587.libVulpes.api,libvulpes
src/main/java/zmaster587/advancedRocketry/tile/multiblock/machine/TilePrecisionLaserEtcher.java,zmaster587.libVulpes.interfaces.IRecipe,zmaster587.libVulpes.interfaces,libvulpes
src/main/java/zmaster587/advancedRocketry/tile/multiblock/machine/TilePrecisionLaserEtcher.java,zmaster587.libVulpes.inventory.modules.IModularInventory,zmaster587.libVulpes.inventory,libvulpes
src/main/java/zmaster587/advancedRocketry/tile/multiblock/machine/TilePrecisionLaserEtcher.java,zmaster587.libVulpes.inventory.modules.ModuleBase,zmaster587.libVulpes.inventory,libvulpes
src/main/java/zmaster587/advancedRocketry/tile/multiblock/machine/TilePrecisionLaserEtcher.java,zmaster587.libVulpes.inventory.modules.ModuleProgress,zmaster587.libVulpes.inventory,libvulpes
src/main/java/zmaster587/advancedRocketry/tile/multiblock/machine/TilePrecisionLaserEtcher.java,zmaster587.libVulpes.tile.multiblock.TileMultiblockMachine,zmaster587.libVulpes.tile,libvulpes
src/main/java/zmaster587/advancedRocketry/tile/multiblock/machine/TileRollingMachine.java,java.util.List,java.util.List,jdk
src/main/java/zmaster587/advancedRocketry/tile/multiblock/machine/TileRollingMachine.java,net.minecraft.block.state.IBlockState,net.minecraft.block,minecraft
src/main/java/zmaster587/advancedRocketry/tile/multiblock/machine/TileRollingMachine.java,net.minecraft.entity.player.EntityPlayer,net.minecraft.entity,minecraft
src/main/java/zmaster587/advancedRocketry/tile/multiblock/machine/TileRollingMachine.java,net.minecraft.init.Blocks,net.minecraft.init,minecraft
src/main/java/zmaster587/advancedRocketry/tile/multiblock/machine/TileRollingMachine.java,net.minecraft.util.SoundEvent,net.minecraft.util,minecraft
src/main/java/zmaster587/advancedRocketry/tile/multiblock/machine/TileRollingMachine.java,net.minecraft.util.math.AxisAlignedBB,net.minecraft.util,minecraft
src/main/java/zmaster587/advancedRocketry/tile/multiblock/machine/TileRollingMachine.java,net.minecraft.util.math.BlockPos,net.minecraft.util,minecraft
src/main/java/zmaster587/advancedRocketry/tile/multiblock/machine/TileRollingMachine.java,net.minecraft.world.World,net.minecraft.world,minecraft
src/main/java/zmaster587/advancedRocketry/tile/multiblock/machine/TileRollingMachine.java,zmaster587.advancedRocketry.api.AdvancedRocketryBlocks,zmaster587.advancedRocketry.api,upstream_internal
src/main/java/zmaster587/advancedRocketry/tile/multiblock/machine/TileRollingMachine.java,zmaster587.advancedRocketry.inventory.TextureResources,zmaster587.advancedRocketry.inventory,upstream_internal
src/main/java/zmaster587/advancedRocketry/tile/multiblock/machine/TileRollingMachine.java,zmaster587.advancedRocketry.util.AudioRegistry,zmaster587.advancedRocketry.util,upstream_internal
src/main/java/zmaster587/advancedRocketry/tile/multiblock/machine/TileRollingMachine.java,zmaster587.libVulpes.api.LibVulpesBlocks,zmaster587.libVulpes.api,libvulpes
src/main/java/zmaster587/advancedRocketry/tile/multiblock/machine/TileRollingMachine.java,zmaster587.libVulpes.inventory.modules.ModuleBase,zmaster587.libVulpes.inventory,libvulpes
src/main/java/zmaster587/advancedRocketry/tile/multiblock/machine/TileRollingMachine.java,zmaster587.libVulpes.inventory.modules.ModuleProgress,zmaster587.libVulpes.inventory,libvulpes
src/main/java/zmaster587/advancedRocketry/tile/multiblock/machine/TileRollingMachine.java,zmaster587.libVulpes.tile.multiblock.TileMultiblockMachine,zmaster587.libVulpes.tile,libvulpes
src/main/java/zmaster587/advancedRocketry/tile/multiblock/orbitallaserdrill/AbstractDrill.java,net.minecraft.item.ItemStack,net.minecraft.item,minecraft
src/main/java/zmaster587/advancedRocketry/tile/multiblock/orbitallaserdrill/AbstractDrill.java,net.minecraft.world.World,net.minecraft.world,minecraft
src/main/java/zmaster587/advancedRocketry/tile/multiblock/orbitallaserdrill/MiningDrill.java,net.minecraft.block.state.IBlockState,net.minecraft.block,minecraft
src/main/java/zmaster587/advancedRocketry/tile/multiblock/orbitallaserdrill/MiningDrill.java,net.minecraft.init.Blocks,net.minecraft.init,minecraft
src/main/java/zmaster587/advancedRocketry/tile/multiblock/orbitallaserdrill/MiningDrill.java,net.minecraft.item.ItemStack,net.minecraft.item,minecraft
src/main/java/zmaster587/advancedRocketry/tile/multiblock/orbitallaserdrill/MiningDrill.java,net.minecraft.util.NonNullList,net.minecraft.util,minecraft
src/main/java/zmaster587/advancedRocketry/tile/multiblock/orbitallaserdrill/MiningDrill.java,net.minecraft.util.math.BlockPos,net.minecraft.util,minecraft
src/main/java/zmaster587/advancedRocketry/tile/multiblock/orbitallaserdrill/MiningDrill.java,net.minecraft.util.math.ChunkPos,net.minecraft.util,minecraft
src/main/java/zmaster587/advancedRocketry/tile/multiblock/orbitallaserdrill/MiningDrill.java,net.minecraft.world.World,net.minecraft.world,minecraft
src/main/java/zmaster587/advancedRocketry/tile/multiblock/orbitallaserdrill/MiningDrill.java,net.minecraftforge.common.ForgeChunkManager,net.minecraftforge.common,minecraft
src/main/java/zmaster587/advancedRocketry/tile/multiblock/orbitallaserdrill/MiningDrill.java,net.minecraftforge.common.MinecraftForge,net.minecraftforge.common,minecraft
src/main/java/zmaster587/advancedRocketry/tile/multiblock/orbitallaserdrill/MiningDrill.java,zmaster587.advancedRocketry.AdvancedRocketry,zmaster587.advancedRocketry.AdvancedRocketry,upstream_internal
src/main/java/zmaster587/advancedRocketry/tile/multiblock/orbitallaserdrill/MiningDrill.java,zmaster587.advancedRocketry.api.AdvancedRocketryBlocks,zmaster587.advancedRocketry.api,upstream_internal
src/main/java/zmaster587/advancedRocketry/tile/multiblock/orbitallaserdrill/MiningDrill.java,zmaster587.advancedRocketry.entity.EntityLaserNode,zmaster587.advancedRocketry.entity,upstream_internal
src/main/java/zmaster587/advancedRocketry/tile/multiblock/orbitallaserdrill/MiningDrill.java,zmaster587.advancedRocketry.event.BlockBreakEvent,zmaster587.advancedRocketry.event,upstream_internal
src/main/java/zmaster587/advancedRocketry/tile/multiblock/orbitallaserdrill/TileOrbitalLaserDrill.java,io.netty.buffer.ByteBuf,io.netty.buffer,third_party
src/main/java/zmaster587/advancedRocketry/tile/multiblock/orbitallaserdrill/TileOrbitalLaserDrill.java,java.util.LinkedList,java.util.LinkedList,jdk
src/main/java/zmaster587/advancedRocketry/tile/multiblock/orbitallaserdrill/TileOrbitalLaserDrill.java,java.util.List,java.util.List,jdk
src/main/java/zmaster587/advancedRocketry/tile/multiblock/orbitallaserdrill/TileOrbitalLaserDrill.java,javax.annotation.Nonnull,javax.annotation.Nonnull,jdk
src/main/java/zmaster587/advancedRocketry/tile/multiblock/orbitallaserdrill/TileOrbitalLaserDrill.java,javax.annotation.Nullable,javax.annotation.Nullable,jdk
src/main/java/zmaster587/advancedRocketry/tile/multiblock/orbitallaserdrill/TileOrbitalLaserDrill.java,net.minecraft.block.state.IBlockState,net.minecraft.block,minecraft
src/main/java/zmaster587/advancedRocketry/tile/multiblock/orbitallaserdrill/TileOrbitalLaserDrill.java,net.minecraft.entity.player.EntityPlayer,net.minecraft.entity,minecraft
src/main/java/zmaster587/advancedRocketry/tile/multiblock/orbitallaserdrill/TileOrbitalLaserDrill.java,net.minecraft.inventory.ISidedInventory,net.minecraft.inventory,minecraft
src/main/java/zmaster587/advancedRocketry/tile/multiblock/orbitallaserdrill/TileOrbitalLaserDrill.java,net.minecraft.item.ItemStack,net.minecraft.item,minecraft
src/main/java/zmaster587/advancedRocketry/tile/multiblock/orbitallaserdrill/TileOrbitalLaserDrill.java,net.minecraft.nbt.NBTTagCompound,net.minecraft.nbt,minecraft
src/main/java/zmaster587/advancedRocketry/tile/multiblock/orbitallaserdrill/TileOrbitalLaserDrill.java,net.minecraft.network.NetworkManager,net.minecraft.network,minecraft
src/main/java/zmaster587/advancedRocketry/tile/multiblock/orbitallaserdrill/TileOrbitalLaserDrill.java,net.minecraft.network.play.server.SPacketUpdateTileEntity,net.minecraft.network,minecraft
src/main/java/zmaster587/advancedRocketry/tile/multiblock/orbitallaserdrill/TileOrbitalLaserDrill.java,net.minecraft.util.EnumFacing,net.minecraft.util,minecraft
src/main/java/zmaster587/advancedRocketry/tile/multiblock/orbitallaserdrill/TileOrbitalLaserDrill.java,net.minecraft.util.math.AxisAlignedBB,net.minecraft.util,minecraft
src/main/java/zmaster587/advancedRocketry/tile/multiblock/orbitallaserdrill/TileOrbitalLaserDrill.java,net.minecraft.util.math.BlockPos,net.minecraft.util,minecraft
src/main/java/zmaster587/advancedRocketry/tile/multiblock/orbitallaserdrill/TileOrbitalLaserDrill.java,net.minecraft.util.math.ChunkPos,net.minecraft.util,minecraft
src/main/java/zmaster587/advancedRocketry/tile/multiblock/orbitallaserdrill/TileOrbitalLaserDrill.java,net.minecraft.world.World,net.minecraft.world,minecraft
src/main/java/zmaster587/advancedRocketry/tile/multiblock/orbitallaserdrill/TileOrbitalLaserDrill.java,net.minecraft.world.WorldServer,net.minecraft.world,minecraft
src/main/java/zmaster587/advancedRocketry/tile/multiblock/orbitallaserdrill/TileOrbitalLaserDrill.java,net.minecraftforge.common.DimensionManager,net.minecraftforge.common,minecraft
src/main/java/zmaster587/advancedRocketry/tile/multiblock/orbitallaserdrill/TileOrbitalLaserDrill.java,net.minecraftforge.common.ForgeChunkManager,net.minecraftforge.common,minecraft
src/main/java/zmaster587/advancedRocketry/tile/multiblock/orbitallaserdrill/TileOrbitalLaserDrill.java,net.minecraftforge.common.ForgeChunkManager.Ticket,net.minecraftforge.common,minecraft
src/main/java/zmaster587/advancedRocketry/tile/multiblock/orbitallaserdrill/TileOrbitalLaserDrill.java,net.minecraftforge.common.ForgeChunkManager.Type,net.minecraftforge.common,minecraft
src/main/java/zmaster587/advancedRocketry/tile/multiblock/orbitallaserdrill/TileOrbitalLaserDrill.java,net.minecraftforge.fml.relauncher.Side,net.minecraftforge.fml,minecraft
src/main/java/zmaster587/advancedRocketry/tile/multiblock/orbitallaserdrill/TileOrbitalLaserDrill.java,net.minecraftforge.fml.relauncher.SideOnly,net.minecraftforge.fml,minecraft
src/main/java/zmaster587/advancedRocketry/tile/multiblock/orbitallaserdrill/TileOrbitalLaserDrill.java,zmaster587.advancedRocketry.AdvancedRocketry,zmaster587.advancedRocketry.AdvancedRocketry,upstream_internal
src/main/java/zmaster587/advancedRocketry/tile/multiblock/orbitallaserdrill/TileOrbitalLaserDrill.java,zmaster587.advancedRocketry.api.ARConfiguration,zmaster587.advancedRocketry.api,upstream_internal
src/main/java/zmaster587/advancedRocketry/tile/multiblock/orbitallaserdrill/TileOrbitalLaserDrill.java,zmaster587.advancedRocketry.api.AdvancedRocketryBlocks,zmaster587.advancedRocketry.api,upstream_internal
src/main/java/zmaster587/advancedRocketry/tile/multiblock/orbitallaserdrill/TileOrbitalLaserDrill.java,zmaster587.advancedRocketry.api.AdvancedRocketryItems,zmaster587.advancedRocketry.api,upstream_internal
src/main/java/zmaster587/advancedRocketry/tile/multiblock/orbitallaserdrill/TileOrbitalLaserDrill.java,zmaster587.advancedRocketry.inventory.TextureResources,zmaster587.advancedRocketry.inventory,upstream_internal
src/main/java/zmaster587/advancedRocketry/tile/multiblock/orbitallaserdrill/TileOrbitalLaserDrill.java,zmaster587.advancedRocketry.stations.SpaceObjectManager,zmaster587.advancedRocketry.stations,upstream_internal
src/main/java/zmaster587/advancedRocketry/tile/multiblock/orbitallaserdrill/TileOrbitalLaserDrill.java,zmaster587.advancedRocketry.world.provider.WorldProviderSpace,zmaster587.advancedRocketry.world,upstream_internal
src/main/java/zmaster587/advancedRocketry/tile/multiblock/orbitallaserdrill/TileOrbitalLaserDrill.java,zmaster587.libVulpes.LibVulpes,zmaster587.libVulpes.LibVulpes,libvulpes
src/main/java/zmaster587/advancedRocketry/tile/multiblock/orbitallaserdrill/TileOrbitalLaserDrill.java,zmaster587.libVulpes.api.LibVulpesBlocks,zmaster587.libVulpes.api,libvulpes
src/main/java/zmaster587/advancedRocketry/tile/multiblock/orbitallaserdrill/TileOrbitalLaserDrill.java,zmaster587.libVulpes.compat.InventoryCompat,zmaster587.libVulpes.compat,libvulpes
src/main/java/zmaster587/advancedRocketry/tile/multiblock/orbitallaserdrill/TileOrbitalLaserDrill.java,zmaster587.libVulpes.inventory.modules.*,zmaster587.libVulpes.inventory,libvulpes
src/main/java/zmaster587/advancedRocketry/tile/multiblock/orbitallaserdrill/TileOrbitalLaserDrill.java,zmaster587.libVulpes.network.PacketHandler,zmaster587.libVulpes.network,libvulpes
src/main/java/zmaster587/advancedRocketry/tile/multiblock/orbitallaserdrill/TileOrbitalLaserDrill.java,zmaster587.libVulpes.network.PacketMachine,zmaster587.libVulpes.network,libvulpes
src/main/java/zmaster587/advancedRocketry/tile/multiblock/orbitallaserdrill/TileOrbitalLaserDrill.java,zmaster587.libVulpes.tile.multiblock.TileMultiPowerConsumer,zmaster587.libVulpes.tile,libvulpes
src/main/java/zmaster587/advancedRocketry/tile/multiblock/orbitallaserdrill/TileOrbitalLaserDrill.java,zmaster587.libVulpes.util.MultiInventory,zmaster587.libVulpes.util,libvulpes
src/main/java/zmaster587/advancedRocketry/tile/multiblock/orbitallaserdrill/TileOrbitalLaserDrill.java,zmaster587.libVulpes.util.ZUtils,zmaster587.libVulpes.util,libvulpes
src/main/java/zmaster587/advancedRocketry/tile/multiblock/orbitallaserdrill/VoidDrill.java,java.util.ArrayList,java.util.ArrayList,jdk
src/main/java/zmaster587/advancedRocketry/tile/multiblock/orbitallaserdrill/VoidDrill.java,java.util.List,java.util.List,jdk
src/main/java/zmaster587/advancedRocketry/tile/multiblock/orbitallaserdrill/VoidDrill.java,java.util.Random,java.util.Random,jdk
src/main/java/zmaster587/advancedRocketry/tile/multiblock/orbitallaserdrill/VoidDrill.java,java.util.stream.Collectors,java.util.stream,jdk
src/main/java/zmaster587/advancedRocketry/tile/multiblock/orbitallaserdrill/VoidDrill.java,net.minecraft.block.Block,net.minecraft.block,minecraft
src/main/java/zmaster587/advancedRocketry/tile/multiblock/orbitallaserdrill/VoidDrill.java,net.minecraft.init.Blocks,net.minecraft.init,minecraft
src/main/java/zmaster587/advancedRocketry/tile/multiblock/orbitallaserdrill/VoidDrill.java,net.minecraft.item.Item,net.minecraft.item,minecraft
src/main/java/zmaster587/advancedRocketry/tile/multiblock/orbitallaserdrill/VoidDrill.java,net.minecraft.item.ItemStack,net.minecraft.item,minecraft
src/main/java/zmaster587/advancedRocketry/tile/multiblock/orbitallaserdrill/VoidDrill.java,net.minecraft.world.World,net.minecraft.world,minecraft
src/main/java/zmaster587/advancedRocketry/tile/multiblock/orbitallaserdrill/VoidDrill.java,net.minecraftforge.oredict.OreDictionary,net.minecraftforge.oredict,minecraft
src/main/java/zmaster587/advancedRocketry/tile/multiblock/orbitallaserdrill/VoidDrill.java,zmaster587.advancedRocketry.AdvancedRocketry,zmaster587.advancedRocketry.AdvancedRocketry,upstream_internal
src/main/java/zmaster587/advancedRocketry/tile/multiblock/orbitallaserdrill/VoidDrill.java,zmaster587.advancedRocketry.api.ARConfiguration,zmaster587.advancedRocketry.api,upstream_internal
src/main/java/zmaster587/advancedRocketry/tile/multiblock/orbitallaserdrill/VoidDrill.java,zmaster587.advancedRocketry.dimension.DimensionManager,zmaster587.advancedRocketry.dimension,upstream_internal
src/main/java/zmaster587/advancedRocketry/tile/multiblock/orbitallaserdrill/VoidDrill.java,zmaster587.advancedRocketry.dimension.DimensionProperties,zmaster587.advancedRocketry.dimension,upstream_internal
src/main/java/zmaster587/advancedRocketry/tile/satellite/TileSatelliteBuilder.java,java.util.LinkedList,java.util.LinkedList,jdk
src/main/java/zmaster587/advancedRocketry/tile/satellite/TileSatelliteBuilder.java,java.util.List,java.util.List,jdk
src/main/java/zmaster587/advancedRocketry/tile/satellite/TileSatelliteBuilder.java,javax.annotation.Nonnull,javax.annotation.Nonnull,jdk
src/main/java/zmaster587/advancedRocketry/tile/satellite/TileSatelliteBuilder.java,javax.annotation.Nullable,javax.annotation.Nullable,jdk
src/main/java/zmaster587/advancedRocketry/tile/satellite/TileSatelliteBuilder.java,net.minecraft.entity.player.EntityPlayer,net.minecraft.entity,minecraft
src/main/java/zmaster587/advancedRocketry/tile/satellite/TileSatelliteBuilder.java,net.minecraft.inventory.IInventory,net.minecraft.inventory,minecraft
src/main/java/zmaster587/advancedRocketry/tile/satellite/TileSatelliteBuilder.java,net.minecraft.item.ItemStack,net.minecraft.item,minecraft
src/main/java/zmaster587/advancedRocketry/tile/satellite/TileSatelliteBuilder.java,net.minecraft.nbt.NBTTagCompound,net.minecraft.nbt,minecraft
src/main/java/zmaster587/advancedRocketry/tile/satellite/TileSatelliteBuilder.java,net.minecraft.util.EnumFacing,net.minecraft.util,minecraft
src/main/java/zmaster587/advancedRocketry/tile/satellite/TileSatelliteBuilder.java,net.minecraftforge.fml.relauncher.Side,net.minecraftforge.fml,minecraft
src/main/java/zmaster587/advancedRocketry/tile/satellite/TileSatelliteBuilder.java,zmaster587.advancedRocketry.api.AdvancedRocketryBlocks,zmaster587.advancedRocketry.api,upstream_internal
src/main/java/zmaster587/advancedRocketry/tile/satellite/TileSatelliteBuilder.java,zmaster587.advancedRocketry.api.AdvancedRocketryItems,zmaster587.advancedRocketry.api,upstream_internal
src/main/java/zmaster587/advancedRocketry/tile/satellite/TileSatelliteBuilder.java,zmaster587.advancedRocketry.api.SatelliteRegistry,zmaster587.advancedRocketry.api,upstream_internal
src/main/java/zmaster587/advancedRocketry/tile/satellite/TileSatelliteBuilder.java,zmaster587.advancedRocketry.api.satellite.SatelliteBase,zmaster587.advancedRocketry.api,upstream_internal
src/main/java/zmaster587/advancedRocketry/tile/satellite/TileSatelliteBuilder.java,zmaster587.advancedRocketry.api.satellite.SatelliteProperties,zmaster587.advancedRocketry.api,upstream_internal
src/main/java/zmaster587/advancedRocketry/tile/satellite/TileSatelliteBuilder.java,zmaster587.advancedRocketry.dimension.DimensionManager,zmaster587.advancedRocketry.dimension,upstream_internal
src/main/java/zmaster587/advancedRocketry/tile/satellite/TileSatelliteBuilder.java,zmaster587.advancedRocketry.inventory.TextureResources,zmaster587.advancedRocketry.inventory,upstream_internal
src/main/java/zmaster587/advancedRocketry/tile/satellite/TileSatelliteBuilder.java,zmaster587.advancedRocketry.item.*,zmaster587.advancedRocketry.item,upstream_internal
src/main/java/zmaster587/advancedRocketry/tile/satellite/TileSatelliteBuilder.java,zmaster587.libVulpes.LibVulpes,zmaster587.libVulpes.LibVulpes,libvulpes
src/main/java/zmaster587/advancedRocketry/tile/satellite/TileSatelliteBuilder.java,zmaster587.libVulpes.client.util.ProgressBarImage,zmaster587.libVulpes.client,libvulpes
src/main/java/zmaster587/advancedRocketry/tile/satellite/TileSatelliteBuilder.java,zmaster587.libVulpes.inventory.modules.*,zmaster587.libVulpes.inventory,libvulpes
src/main/java/zmaster587/advancedRocketry/tile/satellite/TileSatelliteBuilder.java,zmaster587.libVulpes.network.PacketHandler,zmaster587.libVulpes.network,libvulpes
src/main/java/zmaster587/advancedRocketry/tile/satellite/TileSatelliteBuilder.java,zmaster587.libVulpes.network.PacketMachine,zmaster587.libVulpes.network,libvulpes
src/main/java/zmaster587/advancedRocketry/tile/satellite/TileSatelliteBuilder.java,zmaster587.libVulpes.tile.multiblock.TileMultiPowerConsumer,zmaster587.libVulpes.tile,libvulpes
src/main/java/zmaster587/advancedRocketry/tile/satellite/TileSatelliteBuilder.java,zmaster587.libVulpes.util.EmbeddedInventory,zmaster587.libVulpes.util,libvulpes
src/main/java/zmaster587/advancedRocketry/tile/satellite/TileSatelliteTerminal.java,io.netty.buffer.ByteBuf,io.netty.buffer,third_party
src/main/java/zmaster587/advancedRocketry/tile/satellite/TileSatelliteTerminal.java,java.util.LinkedList,java.util.LinkedList,jdk
src/main/java/zmaster587/advancedRocketry/tile/satellite/TileSatelliteTerminal.java,java.util.List,java.util.List,jdk
src/main/java/zmaster587/advancedRocketry/tile/satellite/TileSatelliteTerminal.java,javax.annotation.Nonnull,javax.annotation.Nonnull,jdk
src/main/java/zmaster587/advancedRocketry/tile/satellite/TileSatelliteTerminal.java,javax.annotation.Nullable,javax.annotation.Nullable,jdk
src/main/java/zmaster587/advancedRocketry/tile/satellite/TileSatelliteTerminal.java,net.minecraft.entity.player.EntityPlayer,net.minecraft.entity,minecraft
src/main/java/zmaster587/advancedRocketry/tile/satellite/TileSatelliteTerminal.java,net.minecraft.item.ItemStack,net.minecraft.item,minecraft
src/main/java/zmaster587/advancedRocketry/tile/satellite/TileSatelliteTerminal.java,net.minecraft.nbt.NBTTagCompound,net.minecraft.nbt,minecraft
src/main/java/zmaster587/advancedRocketry/tile/satellite/TileSatelliteTerminal.java,net.minecraft.util.EnumFacing,net.minecraft.util,minecraft
src/main/java/zmaster587/advancedRocketry/tile/satellite/TileSatelliteTerminal.java,net.minecraftforge.fml.common.Mod,net.minecraftforge.fml,minecraft
src/main/java/zmaster587/advancedRocketry/tile/satellite/TileSatelliteTerminal.java,net.minecraftforge.fml.relauncher.Side,net.minecraftforge.fml,minecraft
src/main/java/zmaster587/advancedRocketry/tile/satellite/TileSatelliteTerminal.java,zmaster587.advancedRocketry.api.AdvancedRocketryBlocks,zmaster587.advancedRocketry.api,upstream_internal
src/main/java/zmaster587/advancedRocketry/tile/satellite/TileSatelliteTerminal.java,zmaster587.advancedRocketry.api.DataStorage,zmaster587.advancedRocketry.api,upstream_internal
src/main/java/zmaster587/advancedRocketry/tile/satellite/TileSatelliteTerminal.java,zmaster587.advancedRocketry.api.DataStorage.DataType,zmaster587.advancedRocketry.api,upstream_internal
src/main/java/zmaster587/advancedRocketry/tile/satellite/TileSatelliteTerminal.java,zmaster587.advancedRocketry.api.satellite.SatelliteBase,zmaster587.advancedRocketry.api,upstream_internal
src/main/java/zmaster587/advancedRocketry/tile/satellite/TileSatelliteTerminal.java,zmaster587.advancedRocketry.dimension.DimensionManager,zmaster587.advancedRocketry.dimension,upstream_internal
src/main/java/zmaster587/advancedRocketry/tile/satellite/TileSatelliteTerminal.java,zmaster587.advancedRocketry.inventory.TextureResources,zmaster587.advancedRocketry.inventory,upstream_internal
src/main/java/zmaster587/advancedRocketry/tile/satellite/TileSatelliteTerminal.java,zmaster587.advancedRocketry.inventory.modules.ModuleData,zmaster587.advancedRocketry.inventory,upstream_internal
src/main/java/zmaster587/advancedRocketry/tile/satellite/TileSatelliteTerminal.java,zmaster587.advancedRocketry.inventory.modules.ModuleSatellite,zmaster587.advancedRocketry.inventory,upstream_internal
src/main/java/zmaster587/advancedRocketry/tile/satellite/TileSatelliteTerminal.java,zmaster587.advancedRocketry.item.ItemData,zmaster587.advancedRocketry.item,upstream_internal
src/main/java/zmaster587/advancedRocketry/tile/satellite/TileSatelliteTerminal.java,zmaster587.advancedRocketry.item.ItemSatelliteIdentificationChip,zmaster587.advancedRocketry.item,upstream_internal
src/main/java/zmaster587/advancedRocketry/tile/satellite/TileSatelliteTerminal.java,zmaster587.advancedRocketry.satellite.SatelliteData,zmaster587.advancedRocketry.satellite,upstream_internal
src/main/java/zmaster587/advancedRocketry/tile/satellite/TileSatelliteTerminal.java,zmaster587.advancedRocketry.util.IDataInventory,zmaster587.advancedRocketry.util,upstream_internal
src/main/java/zmaster587/advancedRocketry/tile/satellite/TileSatelliteTerminal.java,zmaster587.advancedRocketry.util.PlanetaryTravelHelper,zmaster587.advancedRocketry.util,upstream_internal
src/main/java/zmaster587/advancedRocketry/tile/satellite/TileSatelliteTerminal.java,zmaster587.libVulpes.LibVulpes,zmaster587.libVulpes.LibVulpes,libvulpes
src/main/java/zmaster587/advancedRocketry/tile/satellite/TileSatelliteTerminal.java,zmaster587.libVulpes.inventory.modules.*,zmaster587.libVulpes.inventory,libvulpes
src/main/java/zmaster587/advancedRocketry/tile/satellite/TileSatelliteTerminal.java,zmaster587.libVulpes.network.PacketHandler,zmaster587.libVulpes.network,libvulpes
src/main/java/zmaster587/advancedRocketry/tile/satellite/TileSatelliteTerminal.java,zmaster587.libVulpes.network.PacketMachine,zmaster587.libVulpes.network,libvulpes
src/main/java/zmaster587/advancedRocketry/tile/satellite/TileSatelliteTerminal.java,zmaster587.libVulpes.tile.TileInventoriedRFConsumer,zmaster587.libVulpes.tile,libvulpes
src/main/java/zmaster587/advancedRocketry/tile/satellite/TileSatelliteTerminal.java,zmaster587.libVulpes.util.INetworkMachine,zmaster587.libVulpes.util,libvulpes
src/main/java/zmaster587/advancedRocketry/tile/station/TileDockingPort.java,io.netty.buffer.ByteBuf,io.netty.buffer,third_party
src/main/java/zmaster587/advancedRocketry/tile/station/TileDockingPort.java,java.util.LinkedList,java.util.LinkedList,jdk
src/main/java/zmaster587/advancedRocketry/tile/station/TileDockingPort.java,java.util.List,java.util.List,jdk
src/main/java/zmaster587/advancedRocketry/tile/station/TileDockingPort.java,net.minecraft.entity.player.EntityPlayer,net.minecraft.entity,minecraft
src/main/java/zmaster587/advancedRocketry/tile/station/TileDockingPort.java,net.minecraft.nbt.NBTTagCompound,net.minecraft.nbt,minecraft
src/main/java/zmaster587/advancedRocketry/tile/station/TileDockingPort.java,net.minecraft.network.NetworkManager,net.minecraft.network,minecraft
src/main/java/zmaster587/advancedRocketry/tile/station/TileDockingPort.java,net.minecraft.network.PacketBuffer,net.minecraft.network,minecraft
src/main/java/zmaster587/advancedRocketry/tile/station/TileDockingPort.java,net.minecraft.network.play.server.SPacketUpdateTileEntity,net.minecraft.network,minecraft
src/main/java/zmaster587/advancedRocketry/tile/station/TileDockingPort.java,net.minecraft.tileentity.TileEntity,net.minecraft.tileentity,minecraft
src/main/java/zmaster587/advancedRocketry/tile/station/TileDockingPort.java,net.minecraft.util.math.BlockPos,net.minecraft.util,minecraft
src/main/java/zmaster587/advancedRocketry/tile/station/TileDockingPort.java,net.minecraft.world.World,net.minecraft.world,minecraft
src/main/java/zmaster587/advancedRocketry/tile/station/TileDockingPort.java,net.minecraftforge.fml.relauncher.Side,net.minecraftforge.fml,minecraft
src/main/java/zmaster587/advancedRocketry/tile/station/TileDockingPort.java,zmaster587.advancedRocketry.api.ARConfiguration,zmaster587.advancedRocketry.api,upstream_internal
src/main/java/zmaster587/advancedRocketry/tile/station/TileDockingPort.java,zmaster587.advancedRocketry.api.AdvancedRocketryBlocks,zmaster587.advancedRocketry.api,upstream_internal
src/main/java/zmaster587/advancedRocketry/tile/station/TileDockingPort.java,zmaster587.advancedRocketry.api.stations.ISpaceObject,zmaster587.advancedRocketry.api,upstream_internal
src/main/java/zmaster587/advancedRocketry/tile/station/TileDockingPort.java,zmaster587.advancedRocketry.stations.SpaceObjectManager,zmaster587.advancedRocketry.stations,upstream_internal
src/main/java/zmaster587/advancedRocketry/tile/station/TileDockingPort.java,zmaster587.advancedRocketry.stations.SpaceStationObject,zmaster587.advancedRocketry.stations,upstream_internal
src/main/java/zmaster587/advancedRocketry/tile/station/TileDockingPort.java,zmaster587.libVulpes.LibVulpes,zmaster587.libVulpes.LibVulpes,libvulpes
src/main/java/zmaster587/advancedRocketry/tile/station/TileDockingPort.java,zmaster587.libVulpes.inventory.modules.*,zmaster587.libVulpes.inventory,libvulpes
src/main/java/zmaster587/advancedRocketry/tile/station/TileDockingPort.java,zmaster587.libVulpes.network.PacketHandler,zmaster587.libVulpes.network,libvulpes
src/main/java/zmaster587/advancedRocketry/tile/station/TileDockingPort.java,zmaster587.libVulpes.network.PacketMachine,zmaster587.libVulpes.network,libvulpes
src/main/java/zmaster587/advancedRocketry/tile/station/TileDockingPort.java,zmaster587.libVulpes.util.INetworkMachine,zmaster587.libVulpes.util,libvulpes
src/main/java/zmaster587/advancedRocketry/tile/station/TileHolographicPlanetSelector.java,io.netty.buffer.ByteBuf,io.netty.buffer,third_party
src/main/java/zmaster587/advancedRocketry/tile/station/TileHolographicPlanetSelector.java,java.util.Collection,java.util.Collection,jdk
src/main/java/zmaster587/advancedRocketry/tile/station/TileHolographicPlanetSelector.java,java.util.LinkedList,java.util.LinkedList,jdk
src/main/java/zmaster587/advancedRocketry/tile/station/TileHolographicPlanetSelector.java,java.util.List,java.util.List,jdk
src/main/java/zmaster587/advancedRocketry/tile/station/TileHolographicPlanetSelector.java,net.minecraft.entity.player.EntityPlayer,net.minecraft.entity,minecraft
src/main/java/zmaster587/advancedRocketry/tile/station/TileHolographicPlanetSelector.java,net.minecraft.nbt.NBTTagCompound,net.minecraft.nbt,minecraft
src/main/java/zmaster587/advancedRocketry/tile/station/TileHolographicPlanetSelector.java,net.minecraft.tileentity.TileEntity,net.minecraft.tileentity,minecraft
src/main/java/zmaster587/advancedRocketry/tile/station/TileHolographicPlanetSelector.java,net.minecraft.util.ITickable,net.minecraft.util,minecraft
src/main/java/zmaster587/advancedRocketry/tile/station/TileHolographicPlanetSelector.java,net.minecraft.util.math.MathHelper,net.minecraft.util,minecraft
src/main/java/zmaster587/advancedRocketry/tile/station/TileHolographicPlanetSelector.java,net.minecraftforge.fml.relauncher.Side,net.minecraftforge.fml,minecraft
src/main/java/zmaster587/advancedRocketry/tile/station/TileHolographicPlanetSelector.java,zmaster587.advancedRocketry.api.AdvancedRocketryBlocks,zmaster587.advancedRocketry.api,upstream_internal
src/main/java/zmaster587/advancedRocketry/tile/station/TileHolographicPlanetSelector.java,zmaster587.advancedRocketry.api.Constants,zmaster587.advancedRocketry.api,upstream_internal
src/main/java/zmaster587/advancedRocketry/tile/station/TileHolographicPlanetSelector.java,zmaster587.advancedRocketry.api.dimension.IDimensionProperties,zmaster587.advancedRocketry.api,upstream_internal
src/main/java/zmaster587/advancedRocketry/tile/station/TileHolographicPlanetSelector.java,zmaster587.advancedRocketry.api.dimension.solar.StellarBody,zmaster587.advancedRocketry.api,upstream_internal
src/main/java/zmaster587/advancedRocketry/tile/station/TileHolographicPlanetSelector.java,zmaster587.advancedRocketry.api.stations.ISpaceObject,zmaster587.advancedRocketry.api,upstream_internal
src/main/java/zmaster587/advancedRocketry/tile/station/TileHolographicPlanetSelector.java,zmaster587.advancedRocketry.dimension.DimensionManager,zmaster587.advancedRocketry.dimension,upstream_internal
src/main/java/zmaster587/advancedRocketry/tile/station/TileHolographicPlanetSelector.java,zmaster587.advancedRocketry.dimension.DimensionProperties,zmaster587.advancedRocketry.dimension,upstream_internal
src/main/java/zmaster587/advancedRocketry/tile/station/TileHolographicPlanetSelector.java,zmaster587.advancedRocketry.entity.EntityUIButton,zmaster587.advancedRocketry.entity,upstream_internal
src/main/java/zmaster587/advancedRocketry/tile/station/TileHolographicPlanetSelector.java,zmaster587.advancedRocketry.entity.EntityUIPlanet,zmaster587.advancedRocketry.entity,upstream_internal
src/main/java/zmaster587/advancedRocketry/tile/station/TileHolographicPlanetSelector.java,zmaster587.advancedRocketry.entity.EntityUIStar,zmaster587.advancedRocketry.entity,upstream_internal
src/main/java/zmaster587/advancedRocketry/tile/station/TileHolographicPlanetSelector.java,zmaster587.advancedRocketry.inventory.TextureResources,zmaster587.advancedRocketry.inventory,upstream_internal
src/main/java/zmaster587/advancedRocketry/tile/station/TileHolographicPlanetSelector.java,zmaster587.advancedRocketry.stations.SpaceObjectManager,zmaster587.advancedRocketry.stations,upstream_internal
src/main/java/zmaster587/advancedRocketry/tile/station/TileHolographicPlanetSelector.java,zmaster587.libVulpes.LibVulpes,zmaster587.libVulpes.LibVulpes,libvulpes
src/main/java/zmaster587/advancedRocketry/tile/station/TileHolographicPlanetSelector.java,zmaster587.libVulpes.inventory.modules.*,zmaster587.libVulpes.inventory,libvulpes
src/main/java/zmaster587/advancedRocketry/tile/station/TileHolographicPlanetSelector.java,zmaster587.libVulpes.network.PacketHandler,zmaster587.libVulpes.network,libvulpes
src/main/java/zmaster587/advancedRocketry/tile/station/TileHolographicPlanetSelector.java,zmaster587.libVulpes.network.PacketMachine,zmaster587.libVulpes.network,libvulpes
src/main/java/zmaster587/advancedRocketry/tile/station/TileHolographicPlanetSelector.java,zmaster587.libVulpes.util.INetworkMachine,zmaster587.libVulpes.util,libvulpes
src/main/java/zmaster587/advancedRocketry/tile/station/TileHolographicPlanetSelector.java,zmaster587.libVulpes.util.ZUtils.RedstoneState,zmaster587.libVulpes.util,libvulpes
src/main/java/zmaster587/advancedRocketry/tile/station/TileLandingPad.java,io.netty.buffer.ByteBuf,io.netty.buffer,third_party
src/main/java/zmaster587/advancedRocketry/tile/station/TileLandingPad.java,java.util.Iterator,java.util.Iterator,jdk
src/main/java/zmaster587/advancedRocketry/tile/station/TileLandingPad.java,java.util.LinkedList,java.util.LinkedList,jdk
src/main/java/zmaster587/advancedRocketry/tile/station/TileLandingPad.java,java.util.List,java.util.List,jdk
src/main/java/zmaster587/advancedRocketry/tile/station/TileLandingPad.java,javax.annotation.Nonnull,javax.annotation.Nonnull,jdk
src/main/java/zmaster587/advancedRocketry/tile/station/TileLandingPad.java,net.minecraft.entity.player.EntityPlayer,net.minecraft.entity,minecraft
src/main/java/zmaster587/advancedRocketry/tile/station/TileLandingPad.java,net.minecraft.item.ItemStack,net.minecraft.item,minecraft
src/main/java/zmaster587/advancedRocketry/tile/station/TileLandingPad.java,net.minecraft.nbt.NBTTagCompound,net.minecraft.nbt,minecraft
src/main/java/zmaster587/advancedRocketry/tile/station/TileLandingPad.java,net.minecraft.network.NetworkManager,net.minecraft.network,minecraft
src/main/java/zmaster587/advancedRocketry/tile/station/TileLandingPad.java,net.minecraft.network.PacketBuffer,net.minecraft.network,minecraft
src/main/java/zmaster587/advancedRocketry/tile/station/TileLandingPad.java,net.minecraft.network.play.server.SPacketUpdateTileEntity,net.minecraft.network,minecraft
src/main/java/zmaster587/advancedRocketry/tile/station/TileLandingPad.java,net.minecraft.tileentity.TileEntity,net.minecraft.tileentity,minecraft
src/main/java/zmaster587/advancedRocketry/tile/station/TileLandingPad.java,net.minecraft.util.math.AxisAlignedBB,net.minecraft.util,minecraft
src/main/java/zmaster587/advancedRocketry/tile/station/TileLandingPad.java,net.minecraft.util.math.BlockPos,net.minecraft.util,minecraft
src/main/java/zmaster587/advancedRocketry/tile/station/TileLandingPad.java,net.minecraft.util.text.TextComponentTranslation,net.minecraft.util,minecraft
src/main/java/zmaster587/advancedRocketry/tile/station/TileLandingPad.java,net.minecraft.world.World,net.minecraft.world,minecraft
src/main/java/zmaster587/advancedRocketry/tile/station/TileLandingPad.java,net.minecraftforge.common.MinecraftForge,net.minecraftforge.common,minecraft
src/main/java/zmaster587/advancedRocketry/tile/station/TileLandingPad.java,net.minecraftforge.fml.common.eventhandler.SubscribeEvent,net.minecraftforge.fml,minecraft
src/main/java/zmaster587/advancedRocketry/tile/station/TileLandingPad.java,net.minecraftforge.fml.relauncher.Side,net.minecraftforge.fml,minecraft
src/main/java/zmaster587/advancedRocketry/tile/station/TileLandingPad.java,zmaster587.advancedRocketry.api.*,zmaster587.advancedRocketry.api,upstream_internal
src/main/java/zmaster587/advancedRocketry/tile/station/TileLandingPad.java,zmaster587.advancedRocketry.api.RocketEvent.RocketDismantleEvent,zmaster587.advancedRocketry.api,upstream_internal
src/main/java/zmaster587/advancedRocketry/tile/station/TileLandingPad.java,zmaster587.advancedRocketry.api.RocketEvent.RocketLandedEvent,zmaster587.advancedRocketry.api,upstream_internal
src/main/java/zmaster587/advancedRocketry/tile/station/TileLandingPad.java,zmaster587.advancedRocketry.api.RocketEvent.RocketPreLaunchEvent,zmaster587.advancedRocketry.api,upstream_internal
src/main/java/zmaster587/advancedRocketry/tile/station/TileLandingPad.java,zmaster587.advancedRocketry.api.stations.ISpaceObject,zmaster587.advancedRocketry.api,upstream_internal
src/main/java/zmaster587/advancedRocketry/tile/station/TileLandingPad.java,zmaster587.advancedRocketry.entity.EntityRocket,zmaster587.advancedRocketry.entity,upstream_internal
src/main/java/zmaster587/advancedRocketry/tile/station/TileLandingPad.java,zmaster587.advancedRocketry.stations.SpaceObjectManager,zmaster587.advancedRocketry.stations,upstream_internal
src/main/java/zmaster587/advancedRocketry/tile/station/TileLandingPad.java,zmaster587.advancedRocketry.stations.SpaceStationObject,zmaster587.advancedRocketry.stations,upstream_internal
src/main/java/zmaster587/advancedRocketry/tile/station/TileLandingPad.java,zmaster587.advancedRocketry.util.StationLandingLocation,zmaster587.advancedRocketry.util,upstream_internal
src/main/java/zmaster587/advancedRocketry/tile/station/TileLandingPad.java,zmaster587.libVulpes.LibVulpes,zmaster587.libVulpes.LibVulpes,libvulpes
src/main/java/zmaster587/advancedRocketry/tile/station/TileLandingPad.java,zmaster587.libVulpes.api.LibVulpesItems,zmaster587.libVulpes.api,libvulpes
src/main/java/zmaster587/advancedRocketry/tile/station/TileLandingPad.java,zmaster587.libVulpes.interfaces.ILinkableTile,zmaster587.libVulpes.interfaces,libvulpes
src/main/java/zmaster587/advancedRocketry/tile/station/TileLandingPad.java,zmaster587.libVulpes.inventory.modules.IGuiCallback,zmaster587.libVulpes.inventory,libvulpes
src/main/java/zmaster587/advancedRocketry/tile/station/TileLandingPad.java,zmaster587.libVulpes.inventory.modules.ModuleBase,zmaster587.libVulpes.inventory,libvulpes
src/main/java/zmaster587/advancedRocketry/tile/station/TileLandingPad.java,zmaster587.libVulpes.inventory.modules.ModuleText,zmaster587.libVulpes.inventory,libvulpes
src/main/java/zmaster587/advancedRocketry/tile/station/TileLandingPad.java,zmaster587.libVulpes.inventory.modules.ModuleTextBox,zmaster587.libVulpes.inventory,libvulpes
src/main/java/zmaster587/advancedRocketry/tile/station/TileLandingPad.java,zmaster587.libVulpes.items.ItemLinker,zmaster587.libVulpes.items,libvulpes
src/main/java/zmaster587/advancedRocketry/tile/station/TileLandingPad.java,zmaster587.libVulpes.network.PacketHandler,zmaster587.libVulpes.network,libvulpes
src/main/java/zmaster587/advancedRocketry/tile/station/TileLandingPad.java,zmaster587.libVulpes.network.PacketMachine,zmaster587.libVulpes.network,libvulpes
src/main/java/zmaster587/advancedRocketry/tile/station/TileLandingPad.java,zmaster587.libVulpes.tile.IMultiblock,zmaster587.libVulpes.tile,libvulpes
src/main/java/zmaster587/advancedRocketry/tile/station/TileLandingPad.java,zmaster587.libVulpes.tile.multiblock.hatch.TileInventoryHatch,zmaster587.libVulpes.tile,libvulpes
src/main/java/zmaster587/advancedRocketry/tile/station/TileLandingPad.java,zmaster587.libVulpes.util.HashedBlockPosition,zmaster587.libVulpes.util,libvulpes
src/main/java/zmaster587/advancedRocketry/tile/station/TileLandingPad.java,zmaster587.libVulpes.util.INetworkMachine,zmaster587.libVulpes.util,libvulpes
src/main/java/zmaster587/advancedRocketry/tile/station/TileStationAltitudeController.java,io.netty.buffer.ByteBuf,io.netty.buffer,third_party
src/main/java/zmaster587/advancedRocketry/tile/station/TileStationAltitudeController.java,java.util.LinkedList,java.util.LinkedList,jdk
src/main/java/zmaster587/advancedRocketry/tile/station/TileStationAltitudeController.java,java.util.List,java.util.List,jdk
src/main/java/zmaster587/advancedRocketry/tile/station/TileStationAltitudeController.java,net.minecraft.entity.player.EntityPlayer,net.minecraft.entity,minecraft
src/main/java/zmaster587/advancedRocketry/tile/station/TileStationAltitudeController.java,net.minecraft.nbt.NBTTagCompound,net.minecraft.nbt,minecraft
src/main/java/zmaster587/advancedRocketry/tile/station/TileStationAltitudeController.java,net.minecraft.network.NetworkManager,net.minecraft.network,minecraft
src/main/java/zmaster587/advancedRocketry/tile/station/TileStationAltitudeController.java,net.minecraft.network.play.server.SPacketUpdateTileEntity,net.minecraft.network,minecraft
src/main/java/zmaster587/advancedRocketry/tile/station/TileStationAltitudeController.java,net.minecraft.tileentity.TileEntity,net.minecraft.tileentity,minecraft
src/main/java/zmaster587/advancedRocketry/tile/station/TileStationAltitudeController.java,net.minecraft.util.ITickable,net.minecraft.util,minecraft
src/main/java/zmaster587/advancedRocketry/tile/station/TileStationAltitudeController.java,net.minecraftforge.fml.relauncher.Side,net.minecraftforge.fml,minecraft
src/main/java/zmaster587/advancedRocketry/tile/station/TileStationAltitudeController.java,zmaster587.advancedRocketry.api.AdvancedRocketryBlocks,zmaster587.advancedRocketry.api,upstream_internal
src/main/java/zmaster587/advancedRocketry/tile/station/TileStationAltitudeController.java,zmaster587.advancedRocketry.api.stations.ISpaceObject,zmaster587.advancedRocketry.api,upstream_internal
src/main/java/zmaster587/advancedRocketry/tile/station/TileStationAltitudeController.java,zmaster587.advancedRocketry.inventory.TextureResources,zmaster587.advancedRocketry.inventory,upstream_internal
src/main/java/zmaster587/advancedRocketry/tile/station/TileStationAltitudeController.java,zmaster587.advancedRocketry.network.PacketStationUpdate,zmaster587.advancedRocketry.network,upstream_internal
src/main/java/zmaster587/advancedRocketry/tile/station/TileStationAltitudeController.java,zmaster587.advancedRocketry.stations.SpaceObjectManager,zmaster587.advancedRocketry.stations,upstream_internal
src/main/java/zmaster587/advancedRocketry/tile/station/TileStationAltitudeController.java,zmaster587.advancedRocketry.stations.SpaceStationObject,zmaster587.advancedRocketry.stations,upstream_internal
src/main/java/zmaster587/advancedRocketry/tile/station/TileStationAltitudeController.java,zmaster587.advancedRocketry.world.provider.WorldProviderSpace,zmaster587.advancedRocketry.world,upstream_internal
src/main/java/zmaster587/advancedRocketry/tile/station/TileStationAltitudeController.java,zmaster587.libVulpes.LibVulpes,zmaster587.libVulpes.LibVulpes,libvulpes
src/main/java/zmaster587/advancedRocketry/tile/station/TileStationAltitudeController.java,zmaster587.libVulpes.inventory.modules.*,zmaster587.libVulpes.inventory,libvulpes
src/main/java/zmaster587/advancedRocketry/tile/station/TileStationAltitudeController.java,zmaster587.libVulpes.network.PacketHandler,zmaster587.libVulpes.network,libvulpes
src/main/java/zmaster587/advancedRocketry/tile/station/TileStationAltitudeController.java,zmaster587.libVulpes.network.PacketMachine,zmaster587.libVulpes.network,libvulpes
src/main/java/zmaster587/advancedRocketry/tile/station/TileStationAltitudeController.java,zmaster587.libVulpes.tile.IComparatorOverride,zmaster587.libVulpes.tile,libvulpes
src/main/java/zmaster587/advancedRocketry/tile/station/TileStationAltitudeController.java,zmaster587.libVulpes.util.INetworkMachine,zmaster587.libVulpes.util,libvulpes
src/main/java/zmaster587/advancedRocketry/tile/station/TileStationAltitudeController.java,zmaster587.libVulpes.util.ZUtils.RedstoneState,zmaster587.libVulpes.util,libvulpes
src/main/java/zmaster587/advancedRocketry/tile/station/TileStationGravityController.java,io.netty.buffer.ByteBuf,io.netty.buffer,third_party
src/main/java/zmaster587/advancedRocketry/tile/station/TileStationGravityController.java,java.util.LinkedList,java.util.LinkedList,jdk
src/main/java/zmaster587/advancedRocketry/tile/station/TileStationGravityController.java,java.util.List,java.util.List,jdk
src/main/java/zmaster587/advancedRocketry/tile/station/TileStationGravityController.java,net.minecraft.entity.player.EntityPlayer,net.minecraft.entity,minecraft
src/main/java/zmaster587/advancedRocketry/tile/station/TileStationGravityController.java,net.minecraft.nbt.NBTTagCompound,net.minecraft.nbt,minecraft
src/main/java/zmaster587/advancedRocketry/tile/station/TileStationGravityController.java,net.minecraft.network.NetworkManager,net.minecraft.network,minecraft
src/main/java/zmaster587/advancedRocketry/tile/station/TileStationGravityController.java,net.minecraft.network.play.server.SPacketUpdateTileEntity,net.minecraft.network,minecraft
src/main/java/zmaster587/advancedRocketry/tile/station/TileStationGravityController.java,net.minecraft.tileentity.TileEntity,net.minecraft.tileentity,minecraft
src/main/java/zmaster587/advancedRocketry/tile/station/TileStationGravityController.java,net.minecraft.util.ITickable,net.minecraft.util,minecraft
src/main/java/zmaster587/advancedRocketry/tile/station/TileStationGravityController.java,net.minecraftforge.fml.relauncher.Side,net.minecraftforge.fml,minecraft
src/main/java/zmaster587/advancedRocketry/tile/station/TileStationGravityController.java,zmaster587.advancedRocketry.api.ARConfiguration,zmaster587.advancedRocketry.api,upstream_internal
src/main/java/zmaster587/advancedRocketry/tile/station/TileStationGravityController.java,zmaster587.advancedRocketry.api.AdvancedRocketryBlocks,zmaster587.advancedRocketry.api,upstream_internal
src/main/java/zmaster587/advancedRocketry/tile/station/TileStationGravityController.java,zmaster587.advancedRocketry.api.stations.ISpaceObject,zmaster587.advancedRocketry.api,upstream_internal
src/main/java/zmaster587/advancedRocketry/tile/station/TileStationGravityController.java,zmaster587.advancedRocketry.inventory.TextureResources,zmaster587.advancedRocketry.inventory,upstream_internal
src/main/java/zmaster587/advancedRocketry/tile/station/TileStationGravityController.java,zmaster587.advancedRocketry.network.PacketStationUpdate,zmaster587.advancedRocketry.network,upstream_internal
src/main/java/zmaster587/advancedRocketry/tile/station/TileStationGravityController.java,zmaster587.advancedRocketry.stations.SpaceObjectManager,zmaster587.advancedRocketry.stations,upstream_internal
src/main/java/zmaster587/advancedRocketry/tile/station/TileStationGravityController.java,zmaster587.advancedRocketry.stations.SpaceStationObject,zmaster587.advancedRocketry.stations,upstream_internal
src/main/java/zmaster587/advancedRocketry/tile/station/TileStationGravityController.java,zmaster587.advancedRocketry.world.provider.WorldProviderSpace,zmaster587.advancedRocketry.world,upstream_internal
src/main/java/zmaster587/advancedRocketry/tile/station/TileStationGravityController.java,zmaster587.libVulpes.LibVulpes,zmaster587.libVulpes.LibVulpes,libvulpes
src/main/java/zmaster587/advancedRocketry/tile/station/TileStationGravityController.java,zmaster587.libVulpes.inventory.modules.*,zmaster587.libVulpes.inventory,libvulpes
src/main/java/zmaster587/advancedRocketry/tile/station/TileStationGravityController.java,zmaster587.libVulpes.network.PacketHandler,zmaster587.libVulpes.network,libvulpes
src/main/java/zmaster587/advancedRocketry/tile/station/TileStationGravityController.java,zmaster587.libVulpes.network.PacketMachine,zmaster587.libVulpes.network,libvulpes
src/main/java/zmaster587/advancedRocketry/tile/station/TileStationGravityController.java,zmaster587.libVulpes.tile.IComparatorOverride,zmaster587.libVulpes.tile,libvulpes
src/main/java/zmaster587/advancedRocketry/tile/station/TileStationGravityController.java,zmaster587.libVulpes.util.INetworkMachine,zmaster587.libVulpes.util,libvulpes
src/main/java/zmaster587/advancedRocketry/tile/station/TileStationGravityController.java,zmaster587.libVulpes.util.ZUtils.RedstoneState,zmaster587.libVulpes.util,libvulpes
src/main/java/zmaster587/advancedRocketry/tile/station/TileStationOrientationController.java,io.netty.buffer.ByteBuf,io.netty.buffer,third_party
src/main/java/zmaster587/advancedRocketry/tile/station/TileStationOrientationController.java,java.util.LinkedList,java.util.LinkedList,jdk
src/main/java/zmaster587/advancedRocketry/tile/station/TileStationOrientationController.java,java.util.List,java.util.List,jdk
src/main/java/zmaster587/advancedRocketry/tile/station/TileStationOrientationController.java,net.minecraft.entity.player.EntityPlayer,net.minecraft.entity,minecraft
src/main/java/zmaster587/advancedRocketry/tile/station/TileStationOrientationController.java,net.minecraft.nbt.NBTTagCompound,net.minecraft.nbt,minecraft
src/main/java/zmaster587/advancedRocketry/tile/station/TileStationOrientationController.java,net.minecraft.tileentity.TileEntity,net.minecraft.tileentity,minecraft
src/main/java/zmaster587/advancedRocketry/tile/station/TileStationOrientationController.java,net.minecraft.util.EnumFacing,net.minecraft.util,minecraft
src/main/java/zmaster587/advancedRocketry/tile/station/TileStationOrientationController.java,net.minecraft.util.ITickable,net.minecraft.util,minecraft
src/main/java/zmaster587/advancedRocketry/tile/station/TileStationOrientationController.java,net.minecraftforge.fml.relauncher.Side,net.minecraftforge.fml,minecraft
src/main/java/zmaster587/advancedRocketry/tile/station/TileStationOrientationController.java,zmaster587.advancedRocketry.api.AdvancedRocketryBlocks,zmaster587.advancedRocketry.api,upstream_internal
src/main/java/zmaster587/advancedRocketry/tile/station/TileStationOrientationController.java,zmaster587.advancedRocketry.api.stations.ISpaceObject,zmaster587.advancedRocketry.api,upstream_internal
src/main/java/zmaster587/advancedRocketry/tile/station/TileStationOrientationController.java,zmaster587.advancedRocketry.inventory.TextureResources,zmaster587.advancedRocketry.inventory,upstream_internal
src/main/java/zmaster587/advancedRocketry/tile/station/TileStationOrientationController.java,zmaster587.advancedRocketry.network.PacketStationUpdate,zmaster587.advancedRocketry.network,upstream_internal
src/main/java/zmaster587/advancedRocketry/tile/station/TileStationOrientationController.java,zmaster587.advancedRocketry.stations.SpaceObjectManager,zmaster587.advancedRocketry.stations,upstream_internal
src/main/java/zmaster587/advancedRocketry/tile/station/TileStationOrientationController.java,zmaster587.advancedRocketry.stations.SpaceStationObject,zmaster587.advancedRocketry.stations,upstream_internal
src/main/java/zmaster587/advancedRocketry/tile/station/TileStationOrientationController.java,zmaster587.advancedRocketry.world.provider.WorldProviderSpace,zmaster587.advancedRocketry.world,upstream_internal
src/main/java/zmaster587/advancedRocketry/tile/station/TileStationOrientationController.java,zmaster587.libVulpes.LibVulpes,zmaster587.libVulpes.LibVulpes,libvulpes
src/main/java/zmaster587/advancedRocketry/tile/station/TileStationOrientationController.java,zmaster587.libVulpes.inventory.modules.*,zmaster587.libVulpes.inventory,libvulpes
src/main/java/zmaster587/advancedRocketry/tile/station/TileStationOrientationController.java,zmaster587.libVulpes.network.PacketHandler,zmaster587.libVulpes.network,libvulpes
src/main/java/zmaster587/advancedRocketry/tile/station/TileStationOrientationController.java,zmaster587.libVulpes.network.PacketMachine,zmaster587.libVulpes.network,libvulpes
src/main/java/zmaster587/advancedRocketry/tile/station/TileStationOrientationController.java,zmaster587.libVulpes.util.INetworkMachine,zmaster587.libVulpes.util,libvulpes
src/main/java/zmaster587/advancedRocketry/tile/station/TileWarpController.java,com.google.common.base.Predicate,com.google.common,third_party
src/main/java/zmaster587/advancedRocketry/tile/station/TileWarpController.java,io.netty.buffer.ByteBuf,io.netty.buffer,third_party
src/main/java/zmaster587/advancedRocketry/tile/station/TileWarpController.java,java.util.LinkedList,java.util.LinkedList,jdk
src/main/java/zmaster587/advancedRocketry/tile/station/TileWarpController.java,java.util.List,java.util.List,jdk
src/main/java/zmaster587/advancedRocketry/tile/station/TileWarpController.java,javax.annotation.Nonnull,javax.annotation.Nonnull,jdk
src/main/java/zmaster587/advancedRocketry/tile/station/TileWarpController.java,net.minecraft.entity.player.EntityPlayer,net.minecraft.entity,minecraft
src/main/java/zmaster587/advancedRocketry/tile/station/TileWarpController.java,net.minecraft.entity.player.EntityPlayerMP,net.minecraft.entity,minecraft
src/main/java/zmaster587/advancedRocketry/tile/station/TileWarpController.java,net.minecraft.item.ItemStack,net.minecraft.item,minecraft
src/main/java/zmaster587/advancedRocketry/tile/station/TileWarpController.java,net.minecraft.nbt.NBTTagCompound,net.minecraft.nbt,minecraft
src/main/java/zmaster587/advancedRocketry/tile/station/TileWarpController.java,net.minecraft.tileentity.TileEntity,net.minecraft.tileentity,minecraft
src/main/java/zmaster587/advancedRocketry/tile/station/TileWarpController.java,net.minecraft.util.EnumFacing,net.minecraft.util,minecraft
src/main/java/zmaster587/advancedRocketry/tile/station/TileWarpController.java,net.minecraft.util.ITickable,net.minecraft.util,minecraft
src/main/java/zmaster587/advancedRocketry/tile/station/TileWarpController.java,net.minecraft.util.ResourceLocation,net.minecraft.util,minecraft
src/main/java/zmaster587/advancedRocketry/tile/station/TileWarpController.java,net.minecraft.util.math.MathHelper,net.minecraft.util,minecraft
src/main/java/zmaster587/advancedRocketry/tile/station/TileWarpController.java,net.minecraftforge.fml.relauncher.Side,net.minecraftforge.fml,minecraft
src/main/java/zmaster587/advancedRocketry/tile/station/TileWarpController.java,zmaster587.advancedRocketry.advancements.ARAdvancements,zmaster587.advancedRocketry.advancements,upstream_internal
src/main/java/zmaster587/advancedRocketry/tile/station/TileWarpController.java,zmaster587.advancedRocketry.api.ARConfiguration,zmaster587.advancedRocketry.api,upstream_internal
src/main/java/zmaster587/advancedRocketry/tile/station/TileWarpController.java,zmaster587.advancedRocketry.api.AdvancedRocketryBlocks,zmaster587.advancedRocketry.api,upstream_internal
src/main/java/zmaster587/advancedRocketry/tile/station/TileWarpController.java,zmaster587.advancedRocketry.api.Constants,zmaster587.advancedRocketry.api,upstream_internal
src/main/java/zmaster587/advancedRocketry/tile/station/TileWarpController.java,zmaster587.advancedRocketry.api.DataStorage.DataType,zmaster587.advancedRocketry.api,upstream_internal
src/main/java/zmaster587/advancedRocketry/tile/station/TileWarpController.java,zmaster587.advancedRocketry.api.dimension.IDimensionProperties,zmaster587.advancedRocketry.api,upstream_internal
src/main/java/zmaster587/advancedRocketry/tile/station/TileWarpController.java,zmaster587.advancedRocketry.api.dimension.solar.StellarBody,zmaster587.advancedRocketry.api,upstream_internal
src/main/java/zmaster587/advancedRocketry/tile/station/TileWarpController.java,zmaster587.advancedRocketry.api.stations.ISpaceObject,zmaster587.advancedRocketry.api,upstream_internal
src/main/java/zmaster587/advancedRocketry/tile/station/TileWarpController.java,zmaster587.advancedRocketry.dimension.DimensionManager,zmaster587.advancedRocketry.dimension,upstream_internal
src/main/java/zmaster587/advancedRocketry/tile/station/TileWarpController.java,zmaster587.advancedRocketry.dimension.DimensionProperties,zmaster587.advancedRocketry.dimension,upstream_internal
src/main/java/zmaster587/advancedRocketry/tile/station/TileWarpController.java,zmaster587.advancedRocketry.inventory.IPlanetDefiner,zmaster587.advancedRocketry.inventory,upstream_internal
src/main/java/zmaster587/advancedRocketry/tile/station/TileWarpController.java,zmaster587.advancedRocketry.inventory.TextureResources,zmaster587.advancedRocketry.inventory,upstream_internal
src/main/java/zmaster587/advancedRocketry/tile/station/TileWarpController.java,zmaster587.advancedRocketry.inventory.modules.ModuleData,zmaster587.advancedRocketry.inventory,upstream_internal
src/main/java/zmaster587/advancedRocketry/tile/station/TileWarpController.java,zmaster587.advancedRocketry.inventory.modules.ModulePlanetImage,zmaster587.advancedRocketry.inventory,upstream_internal
src/main/java/zmaster587/advancedRocketry/tile/station/TileWarpController.java,zmaster587.advancedRocketry.inventory.modules.ModulePlanetSelector,zmaster587.advancedRocketry.inventory,upstream_internal
src/main/java/zmaster587/advancedRocketry/tile/station/TileWarpController.java,zmaster587.advancedRocketry.item.ItemData,zmaster587.advancedRocketry.item,upstream_internal
src/main/java/zmaster587/advancedRocketry/tile/station/TileWarpController.java,zmaster587.advancedRocketry.item.ItemPlanetIdentificationChip,zmaster587.advancedRocketry.item,upstream_internal
src/main/java/zmaster587/advancedRocketry/tile/station/TileWarpController.java,zmaster587.advancedRocketry.network.PacketSpaceStationInfo,zmaster587.advancedRocketry.network,upstream_internal
src/main/java/zmaster587/advancedRocketry/tile/station/TileWarpController.java,zmaster587.advancedRocketry.stations.SpaceObjectManager,zmaster587.advancedRocketry.stations,upstream_internal
src/main/java/zmaster587/advancedRocketry/tile/station/TileWarpController.java,zmaster587.advancedRocketry.stations.SpaceStationObject,zmaster587.advancedRocketry.stations,upstream_internal
src/main/java/zmaster587/advancedRocketry/tile/station/TileWarpController.java,zmaster587.advancedRocketry.tile.multiblock.TileWarpCore,zmaster587.advancedRocketry.tile,upstream_internal
src/main/java/zmaster587/advancedRocketry/tile/station/TileWarpController.java,zmaster587.advancedRocketry.util.IDataInventory,zmaster587.advancedRocketry.util,upstream_internal
src/main/java/zmaster587/advancedRocketry/tile/station/TileWarpController.java,zmaster587.advancedRocketry.world.util.MultiData,zmaster587.advancedRocketry.world,upstream_internal
src/main/java/zmaster587/advancedRocketry/tile/station/TileWarpController.java,zmaster587.libVulpes.LibVulpes,zmaster587.libVulpes.LibVulpes,libvulpes
src/main/java/zmaster587/advancedRocketry/tile/station/TileWarpController.java,zmaster587.libVulpes.client.util.IndicatorBarImage,zmaster587.libVulpes.client,libvulpes
src/main/java/zmaster587/advancedRocketry/tile/station/TileWarpController.java,zmaster587.libVulpes.inventory.GuiHandler,zmaster587.libVulpes.inventory,libvulpes
src/main/java/zmaster587/advancedRocketry/tile/station/TileWarpController.java,zmaster587.libVulpes.inventory.GuiHandler.guiId,zmaster587.libVulpes.inventory,libvulpes
src/main/java/zmaster587/advancedRocketry/tile/station/TileWarpController.java,zmaster587.libVulpes.inventory.modules.*,zmaster587.libVulpes.inventory,libvulpes
src/main/java/zmaster587/advancedRocketry/tile/station/TileWarpController.java,zmaster587.libVulpes.network.PacketHandler,zmaster587.libVulpes.network,libvulpes
src/main/java/zmaster587/advancedRocketry/tile/station/TileWarpController.java,zmaster587.libVulpes.network.PacketMachine,zmaster587.libVulpes.network,libvulpes
src/main/java/zmaster587/advancedRocketry/tile/station/TileWarpController.java,zmaster587.libVulpes.util.EmbeddedInventory,zmaster587.libVulpes.util,libvulpes
src/main/java/zmaster587/advancedRocketry/tile/station/TileWarpController.java,zmaster587.libVulpes.util.HashedBlockPosition,zmaster587.libVulpes.util,libvulpes
src/main/java/zmaster587/advancedRocketry/tile/station/TileWarpController.java,zmaster587.libVulpes.util.INetworkMachine,zmaster587.libVulpes.util,libvulpes
src/main/java/zmaster587/advancedRocketry/unit/BuildRocketTest.java,java.util.List,java.util.List,jdk
src/main/java/zmaster587/advancedRocketry/unit/BuildRocketTest.java,net.minecraft.entity.player.EntityPlayer,net.minecraft.entity,minecraft
src/main/java/zmaster587/advancedRocketry/unit/BuildRocketTest.java,net.minecraft.item.ItemStack,net.minecraft.item,minecraft
src/main/java/zmaster587/advancedRocketry/unit/BuildRocketTest.java,net.minecraft.nbt.NBTTagCompound,net.minecraft.nbt,minecraft
src/main/java/zmaster587/advancedRocketry/unit/BuildRocketTest.java,net.minecraft.tileentity.TileEntity,net.minecraft.tileentity,minecraft
src/main/java/zmaster587/advancedRocketry/unit/BuildRocketTest.java,net.minecraft.util.EnumFacing,net.minecraft.util,minecraft
src/main/java/zmaster587/advancedRocketry/unit/BuildRocketTest.java,net.minecraft.util.math.AxisAlignedBB,net.minecraft.util,minecraft
src/main/java/zmaster587/advancedRocketry/unit/BuildRocketTest.java,net.minecraft.util.math.BlockPos,net.minecraft.util,minecraft
src/main/java/zmaster587/advancedRocketry/unit/BuildRocketTest.java,net.minecraft.world.World,net.minecraft.world,minecraft
src/main/java/zmaster587/advancedRocketry/unit/BuildRocketTest.java,net.minecraftforge.fml.relauncher.Side,net.minecraftforge.fml,minecraft
src/main/java/zmaster587/advancedRocketry/unit/BuildRocketTest.java,zmaster587.advancedRocketry.api.AdvancedRocketryBlocks,zmaster587.advancedRocketry.api,upstream_internal
src/main/java/zmaster587/advancedRocketry/unit/BuildRocketTest.java,zmaster587.advancedRocketry.api.AdvancedRocketryItems,zmaster587.advancedRocketry.api,upstream_internal
src/main/java/zmaster587/advancedRocketry/unit/BuildRocketTest.java,zmaster587.advancedRocketry.api.fuel.FuelRegistry,zmaster587.advancedRocketry.api,upstream_internal
src/main/java/zmaster587/advancedRocketry/unit/BuildRocketTest.java,zmaster587.advancedRocketry.entity.EntityRocket,zmaster587.advancedRocketry.entity,upstream_internal
src/main/java/zmaster587/advancedRocketry/unit/BuildRocketTest.java,zmaster587.advancedRocketry.item.ItemStationChip,zmaster587.advancedRocketry.item,upstream_internal
src/main/java/zmaster587/advancedRocketry/unit/BuildRocketTest.java,zmaster587.advancedRocketry.tile.TileRocketAssemblingMachine,zmaster587.advancedRocketry.tile,upstream_internal
src/main/java/zmaster587/advancedRocketry/unit/BuildRocketTest.java,zmaster587.advancedRocketry.world.provider.WorldProviderSpace,zmaster587.advancedRocketry.world,upstream_internal
src/main/java/zmaster587/advancedRocketry/unit/BuildRocketTest.java,zmaster587.libVulpes.api.LibVulpesBlocks,zmaster587.libVulpes.api,libvulpes
src/main/java/zmaster587/advancedRocketry/unit/BuildRocketTest.java,zmaster587.libVulpes.block.RotatableBlock,zmaster587.libVulpes.block,libvulpes
src/main/java/zmaster587/advancedRocketry/unit/IngameTestOrchestrator.java,java.lang.reflect.Method,java.lang.reflect,jdk
src/main/java/zmaster587/advancedRocketry/unit/IngameTestOrchestrator.java,java.util.HashMap,java.util.HashMap,jdk
src/main/java/zmaster587/advancedRocketry/unit/IngameTestOrchestrator.java,java.util.Iterator,java.util.Iterator,jdk
src/main/java/zmaster587/advancedRocketry/unit/IngameTestOrchestrator.java,java.util.Map,java.util.Map,jdk
src/main/java/zmaster587/advancedRocketry/unit/IngameTestOrchestrator.java,java.util.Map.Entry,java.util.Map,jdk
src/main/java/zmaster587/advancedRocketry/unit/IngameTestOrchestrator.java,net.minecraft.entity.player.EntityPlayer,net.minecraft.entity,minecraft
src/main/java/zmaster587/advancedRocketry/unit/IngameTestOrchestrator.java,net.minecraft.util.text.TextComponentString,net.minecraft.util,minecraft
src/main/java/zmaster587/advancedRocketry/unit/IngameTestOrchestrator.java,net.minecraft.world.World,net.minecraft.world,minecraft
src/main/java/zmaster587/advancedRocketry/unit/IngameTestOrchestrator.java,net.minecraftforge.fml.common.eventhandler.SubscribeEvent,net.minecraftforge.fml,minecraft
src/main/java/zmaster587/advancedRocketry/unit/IngameTestOrchestrator.java,net.minecraftforge.fml.common.gameevent.TickEvent,net.minecraftforge.fml,minecraft
src/main/java/zmaster587/advancedRocketry/unit/IngameTestOrchestrator.java,zmaster587.advancedRocketry.AdvancedRocketry,zmaster587.advancedRocketry.AdvancedRocketry,upstream_internal
src/main/java/zmaster587/advancedRocketry/unit/RotationTest.java,net.minecraft.util.EnumFacing,net.minecraft.util,minecraft
src/main/java/zmaster587/advancedRocketry/util/Asteroid.java,java.util.LinkedList,java.util.LinkedList,jdk
src/main/java/zmaster587/advancedRocketry/util/Asteroid.java,java.util.List,java.util.List,jdk
src/main/java/zmaster587/advancedRocketry/util/Asteroid.java,java.util.Random,java.util.Random,jdk
src/main/java/zmaster587/advancedRocketry/util/Asteroid.java,net.minecraft.item.ItemStack,net.minecraft.item,minecraft
src/main/java/zmaster587/advancedRocketry/util/AstronomicalBodyHelper.java,org.lwjgl.Sys,org.lwjgl.Sys,third_party
src/main/java/zmaster587/advancedRocketry/util/AstronomicalBodyHelper.java,zmaster587.advancedRocketry.AdvancedRocketry,zmaster587.advancedRocketry.AdvancedRocketry,upstream_internal
src/main/java/zmaster587/advancedRocketry/util/AstronomicalBodyHelper.java,zmaster587.advancedRocketry.api.dimension.solar.StellarBody,zmaster587.advancedRocketry.api,upstream_internal
src/main/java/zmaster587/advancedRocketry/util/AtmosphereBlob.java,java.util.*,java.util.*,jdk
src/main/java/zmaster587/advancedRocketry/util/AtmosphereBlob.java,java.util.concurrent.LinkedBlockingQueue,java.util.concurrent,jdk
src/main/java/zmaster587/advancedRocketry/util/AtmosphereBlob.java,java.util.concurrent.RejectedExecutionException,java.util.concurrent,jdk
src/main/java/zmaster587/advancedRocketry/util/AtmosphereBlob.java,java.util.concurrent.ThreadPoolExecutor,java.util.concurrent,jdk
src/main/java/zmaster587/advancedRocketry/util/AtmosphereBlob.java,java.util.concurrent.TimeUnit,java.util.concurrent,jdk
src/main/java/zmaster587/advancedRocketry/util/AtmosphereBlob.java,javax.annotation.Nonnull,javax.annotation.Nonnull,jdk
src/main/java/zmaster587/advancedRocketry/util/AtmosphereBlob.java,net.minecraft.block.BlockTorch,net.minecraft.block,minecraft
src/main/java/zmaster587/advancedRocketry/util/AtmosphereBlob.java,net.minecraft.block.state.IBlockState,net.minecraft.block,minecraft
src/main/java/zmaster587/advancedRocketry/util/AtmosphereBlob.java,net.minecraft.entity.item.EntityItem,net.minecraft.entity,minecraft
src/main/java/zmaster587/advancedRocketry/util/AtmosphereBlob.java,net.minecraft.init.Blocks,net.minecraft.init,minecraft
src/main/java/zmaster587/advancedRocketry/util/AtmosphereBlob.java,net.minecraft.item.ItemStack,net.minecraft.item,minecraft
src/main/java/zmaster587/advancedRocketry/util/AtmosphereBlob.java,net.minecraft.util.EnumFacing,net.minecraft.util,minecraft
src/main/java/zmaster587/advancedRocketry/util/AtmosphereBlob.java,net.minecraft.world.World,net.minecraft.world,minecraft
src/main/java/zmaster587/advancedRocketry/util/AtmosphereBlob.java,zmaster587.advancedRocketry.AdvancedRocketry,zmaster587.advancedRocketry.AdvancedRocketry,upstream_internal
src/main/java/zmaster587/advancedRocketry/util/AtmosphereBlob.java,zmaster587.advancedRocketry.api.ARConfiguration,zmaster587.advancedRocketry.api,upstream_internal
src/main/java/zmaster587/advancedRocketry/util/AtmosphereBlob.java,zmaster587.advancedRocketry.api.AdvancedRocketryBlocks,zmaster587.advancedRocketry.api,upstream_internal
src/main/java/zmaster587/advancedRocketry/util/AtmosphereBlob.java,zmaster587.advancedRocketry.api.AreaBlob,zmaster587.advancedRocketry.api,upstream_internal
src/main/java/zmaster587/advancedRocketry/util/AtmosphereBlob.java,zmaster587.advancedRocketry.api.util.IBlobHandler,zmaster587.advancedRocketry.api,upstream_internal
src/main/java/zmaster587/advancedRocketry/util/AtmosphereBlob.java,zmaster587.advancedRocketry.atmosphere.AtmosphereHandler,zmaster587.advancedRocketry.atmosphere,upstream_internal
src/main/java/zmaster587/advancedRocketry/util/AtmosphereBlob.java,zmaster587.advancedRocketry.network.PacketAirParticle,zmaster587.advancedRocketry.network,upstream_internal
src/main/java/zmaster587/advancedRocketry/util/AtmosphereBlob.java,zmaster587.libVulpes.network.PacketHandler,zmaster587.libVulpes.network,libvulpes
src/main/java/zmaster587/advancedRocketry/util/AtmosphereBlob.java,zmaster587.libVulpes.util.HashedBlockPosition,zmaster587.libVulpes.util,libvulpes
src/main/java/zmaster587/advancedRocketry/util/AudioRegistry.java,net.minecraft.util.ResourceLocation,net.minecraft.util,minecraft
src/main/java/zmaster587/advancedRocketry/util/AudioRegistry.java,net.minecraft.util.SoundEvent,net.minecraft.util,minecraft
src/main/java/zmaster587/advancedRocketry/util/AudioRegistry.java,net.minecraftforge.event.RegistryEvent,net.minecraftforge.event,minecraft
src/main/java/zmaster587/advancedRocketry/util/AudioRegistry.java,net.minecraftforge.fml.common.Mod,net.minecraftforge.fml,minecraft
src/main/java/zmaster587/advancedRocketry/util/AudioRegistry.java,net.minecraftforge.fml.common.eventhandler.SubscribeEvent,net.minecraftforge.fml,minecraft
src/main/java/zmaster587/advancedRocketry/util/BiomeHandler.java,net.minecraft.util.math.BlockPos,net.minecraft.util,minecraft
src/main/java/zmaster587/advancedRocketry/util/BiomeHandler.java,net.minecraft.world.World,net.minecraft.world,minecraft
src/main/java/zmaster587/advancedRocketry/util/BiomeHandler.java,net.minecraft.world.biome.Biome,net.minecraft.world,minecraft
src/main/java/zmaster587/advancedRocketry/util/BiomeHandler.java,net.minecraft.world.chunk.Chunk,net.minecraft.world,minecraft
src/main/java/zmaster587/advancedRocketry/util/BiomeHandler.java,zmaster587.advancedRocketry.network.PacketBiomeIDChange,zmaster587.advancedRocketry.network,upstream_internal
src/main/java/zmaster587/advancedRocketry/util/BiomeHandler.java,zmaster587.libVulpes.network.PacketHandler,zmaster587.libVulpes.network,libvulpes
src/main/java/zmaster587/advancedRocketry/util/BiomeHandler.java,zmaster587.libVulpes.util.HashedBlockPosition,zmaster587.libVulpes.util,libvulpes
src/main/java/zmaster587/advancedRocketry/util/DimensionBlockPosition.java,zmaster587.libVulpes.util.HashedBlockPosition,zmaster587.libVulpes.util,libvulpes
src/main/java/zmaster587/advancedRocketry/util/FluidGasGiantGas.java,net.minecraftforge.fluids.Fluid,net.minecraftforge.fluids,minecraft
src/main/java/zmaster587/advancedRocketry/util/GravityHandler.java,java.lang.reflect.InvocationTargetException,java.lang.reflect,jdk
src/main/java/zmaster587/advancedRocketry/util/GravityHandler.java,java.lang.reflect.Method,java.lang.reflect,jdk
src/main/java/zmaster587/advancedRocketry/util/GravityHandler.java,java.util.WeakHashMap,java.util.WeakHashMap,jdk
src/main/java/zmaster587/advancedRocketry/util/GravityHandler.java,net.minecraft.entity.Entity,net.minecraft.entity,minecraft
src/main/java/zmaster587/advancedRocketry/util/GravityHandler.java,net.minecraft.entity.EntityFlying,net.minecraft.entity,minecraft
src/main/java/zmaster587/advancedRocketry/util/GravityHandler.java,net.minecraft.entity.EntityLivingBase,net.minecraft.entity,minecraft
src/main/java/zmaster587/advancedRocketry/util/GravityHandler.java,net.minecraft.entity.item.*,net.minecraft.entity,minecraft
src/main/java/zmaster587/advancedRocketry/util/GravityHandler.java,net.minecraft.entity.player.EntityPlayer,net.minecraft.entity,minecraft
src/main/java/zmaster587/advancedRocketry/util/GravityHandler.java,net.minecraft.entity.projectile.EntityArrow,net.minecraft.entity,minecraft
src/main/java/zmaster587/advancedRocketry/util/GravityHandler.java,net.minecraft.entity.projectile.EntityThrowable,net.minecraft.entity,minecraft
src/main/java/zmaster587/advancedRocketry/util/GravityHandler.java,zmaster587.advancedRocketry.AdvancedRocketry,zmaster587.advancedRocketry.AdvancedRocketry,upstream_internal
src/main/java/zmaster587/advancedRocketry/util/GravityHandler.java,zmaster587.advancedRocketry.api.AdvancedRocketryAPI,zmaster587.advancedRocketry.api,upstream_internal
src/main/java/zmaster587/advancedRocketry/util/GravityHandler.java,zmaster587.advancedRocketry.api.IGravityManager,zmaster587.advancedRocketry.api,upstream_internal
src/main/java/zmaster587/advancedRocketry/util/GravityHandler.java,zmaster587.advancedRocketry.api.IPlanetaryProvider,zmaster587.advancedRocketry.api,upstream_internal
src/main/java/zmaster587/advancedRocketry/util/GravityHandler.java,zmaster587.advancedRocketry.dimension.DimensionManager,zmaster587.advancedRocketry.dimension,upstream_internal
src/main/java/zmaster587/advancedRocketry/util/GravityHandler.java,zmaster587.advancedRocketry.world.provider.WorldProviderSpace,zmaster587.advancedRocketry.world,upstream_internal
src/main/java/zmaster587/advancedRocketry/util/IDataInventory.java,net.minecraft.inventory.IInventory,net.minecraft.inventory,minecraft
src/main/java/zmaster587/advancedRocketry/util/IDataInventory.java,zmaster587.advancedRocketry.api.satellite.IDataHandler,zmaster587.advancedRocketry.api,upstream_internal
src/main/java/zmaster587/advancedRocketry/util/ITilePlanetSystemSelectable.java,java.util.List,java.util.List,jdk
src/main/java/zmaster587/advancedRocketry/util/ITilePlanetSystemSelectable.java,javax.annotation.Nonnull,javax.annotation.Nonnull,jdk
src/main/java/zmaster587/advancedRocketry/util/ITilePlanetSystemSelectable.java,net.minecraft.item.ItemStack,net.minecraft.item,minecraft
src/main/java/zmaster587/advancedRocketry/util/ItemAirUtils.java,javax.annotation.Nonnull,javax.annotation.Nonnull,jdk
src/main/java/zmaster587/advancedRocketry/util/ItemAirUtils.java,net.minecraft.enchantment.Enchantment,net.minecraft.enchantment,minecraft
src/main/java/zmaster587/advancedRocketry/util/ItemAirUtils.java,net.minecraft.inventory.EntityEquipmentSlot,net.minecraft.inventory,minecraft
src/main/java/zmaster587/advancedRocketry/util/ItemAirUtils.java,net.minecraft.item.ItemArmor,net.minecraft.item,minecraft
src/main/java/zmaster587/advancedRocketry/util/ItemAirUtils.java,net.minecraft.item.ItemStack,net.minecraft.item,minecraft
src/main/java/zmaster587/advancedRocketry/util/ItemAirUtils.java,net.minecraft.nbt.NBTTagCompound,net.minecraft.nbt,minecraft
src/main/java/zmaster587/advancedRocketry/util/ItemAirUtils.java,net.minecraft.nbt.NBTTagList,net.minecraft.nbt,minecraft
src/main/java/zmaster587/advancedRocketry/util/ItemAirUtils.java,zmaster587.advancedRocketry.api.ARConfiguration,zmaster587.advancedRocketry.api,upstream_internal
src/main/java/zmaster587/advancedRocketry/util/ItemAirUtils.java,zmaster587.advancedRocketry.api.AdvancedRocketryAPI,zmaster587.advancedRocketry.api,upstream_internal
src/main/java/zmaster587/advancedRocketry/util/ItemAirUtils.java,zmaster587.advancedRocketry.api.IAtmosphere,zmaster587.advancedRocketry.api,upstream_internal
src/main/java/zmaster587/advancedRocketry/util/ItemAirUtils.java,zmaster587.advancedRocketry.api.armor.IFillableArmor,zmaster587.advancedRocketry.api,upstream_internal
src/main/java/zmaster587/advancedRocketry/util/ItemAirUtils.java,zmaster587.advancedRocketry.api.armor.IProtectiveArmor,zmaster587.advancedRocketry.api,upstream_internal
src/main/java/zmaster587/advancedRocketry/util/MobileAABB.java,net.minecraft.block.Block,net.minecraft.block,minecraft
src/main/java/zmaster587/advancedRocketry/util/MobileAABB.java,net.minecraft.util.math.AxisAlignedBB,net.minecraft.util,minecraft
src/main/java/zmaster587/advancedRocketry/util/MobileAABB.java,net.minecraft.util.math.BlockPos,net.minecraft.util,minecraft
src/main/java/zmaster587/advancedRocketry/util/NBTStorableListList.java,java.util.LinkedList,java.util.LinkedList,jdk
src/main/java/zmaster587/advancedRocketry/util/NBTStorableListList.java,java.util.List,java.util.List,jdk
src/main/java/zmaster587/advancedRocketry/util/NBTStorableListList.java,net.minecraft.nbt.NBTTagCompound,net.minecraft.nbt,minecraft
src/main/java/zmaster587/advancedRocketry/util/NBTStorableListList.java,net.minecraft.nbt.NBTTagList,net.minecraft.nbt,minecraft
src/main/java/zmaster587/advancedRocketry/util/NBTStorableListList.java,net.minecraftforge.common.util.Constants.NBT,net.minecraftforge.common,minecraft
src/main/java/zmaster587/advancedRocketry/util/NBTStorableListList.java,zmaster587.libVulpes.util.HashedBlockPosition,zmaster587.libVulpes.util,libvulpes
src/main/java/zmaster587/advancedRocketry/util/OreGenProperties.java,java.util.LinkedList,java.util.LinkedList,jdk
src/main/java/zmaster587/advancedRocketry/util/OreGenProperties.java,java.util.List,java.util.List,jdk
src/main/java/zmaster587/advancedRocketry/util/OreGenProperties.java,net.minecraft.block.state.IBlockState,net.minecraft.block,minecraft
src/main/java/zmaster587/advancedRocketry/util/OreGenProperties.java,zmaster587.advancedRocketry.dimension.DimensionProperties,zmaster587.advancedRocketry.dimension,upstream_internal
src/main/java/zmaster587/advancedRocketry/util/OreGenProperties.java,zmaster587.advancedRocketry.dimension.DimensionProperties.AtmosphereTypes,zmaster587.advancedRocketry.dimension,upstream_internal
src/main/java/zmaster587/advancedRocketry/util/OreGenProperties.java,zmaster587.advancedRocketry.dimension.DimensionProperties.Temps,zmaster587.advancedRocketry.dimension,upstream_internal
src/main/java/zmaster587/advancedRocketry/util/PlanetaryTravelHelper.java,zmaster587.advancedRocketry.api.ARConfiguration,zmaster587.advancedRocketry.api,upstream_internal
src/main/java/zmaster587/advancedRocketry/util/PlanetaryTravelHelper.java,zmaster587.advancedRocketry.api.dimension.IDimensionProperties,zmaster587.advancedRocketry.api,upstream_internal
src/main/java/zmaster587/advancedRocketry/util/PlanetaryTravelHelper.java,zmaster587.advancedRocketry.dimension.DimensionManager,zmaster587.advancedRocketry.dimension,upstream_internal
src/main/java/zmaster587/advancedRocketry/util/PlanetaryTravelHelper.java,zmaster587.advancedRocketry.stations.SpaceStationObject,zmaster587.advancedRocketry.stations,upstream_internal
src/main/java/zmaster587/advancedRocketry/util/RecipeHandler.java,java.util.*,java.util.*,jdk
src/main/java/zmaster587/advancedRocketry/util/RecipeHandler.java,java.util.Map.Entry,java.util.Map,jdk
src/main/java/zmaster587/advancedRocketry/util/RecipeHandler.java,net.minecraft.init.Blocks,net.minecraft.init,minecraft
src/main/java/zmaster587/advancedRocketry/util/RecipeHandler.java,net.minecraft.item.ItemStack,net.minecraft.item,minecraft
src/main/java/zmaster587/advancedRocketry/util/RecipeHandler.java,net.minecraftforge.fluids.FluidRegistry,net.minecraftforge.fluids,minecraft
src/main/java/zmaster587/advancedRocketry/util/RecipeHandler.java,net.minecraftforge.fluids.FluidStack,net.minecraftforge.fluids,minecraft
src/main/java/zmaster587/advancedRocketry/util/RecipeHandler.java,net.minecraftforge.fml.common.registry.GameRegistry,net.minecraftforge.fml,minecraft
src/main/java/zmaster587/advancedRocketry/util/RecipeHandler.java,net.minecraftforge.oredict.OreDictionary,net.minecraftforge.oredict,minecraft
src/main/java/zmaster587/advancedRocketry/util/RecipeHandler.java,net.minecraftforge.oredict.ShapedOreRecipe,net.minecraftforge.oredict,minecraft
src/main/java/zmaster587/advancedRocketry/util/RecipeHandler.java,net.minecraftforge.oredict.ShapelessOreRecipe,net.minecraftforge.oredict,minecraft
src/main/java/zmaster587/advancedRocketry/util/RecipeHandler.java,net.minecraftforge.registries.GameData,net.minecraftforge.registries,minecraft
src/main/java/zmaster587/advancedRocketry/util/RecipeHandler.java,zmaster587.advancedRocketry.block.BlockSmallPlatePress,zmaster587.advancedRocketry.block,upstream_internal
src/main/java/zmaster587/advancedRocketry/util/RecipeHandler.java,zmaster587.advancedRocketry.tile.multiblock.machine.*,zmaster587.advancedRocketry.tile,upstream_internal
src/main/java/zmaster587/advancedRocketry/util/RecipeHandler.java,zmaster587.libVulpes.LibVulpes,zmaster587.libVulpes.LibVulpes,libvulpes
src/main/java/zmaster587/advancedRocketry/util/RecipeHandler.java,zmaster587.libVulpes.api.material.AllowedProducts,zmaster587.libVulpes.api,libvulpes
src/main/java/zmaster587/advancedRocketry/util/RecipeHandler.java,zmaster587.libVulpes.api.material.MaterialRegistry,zmaster587.libVulpes.api,libvulpes
src/main/java/zmaster587/advancedRocketry/util/RecipeHandler.java,zmaster587.libVulpes.recipe.RecipesMachine,zmaster587.libVulpes.recipe,libvulpes
src/main/java/zmaster587/advancedRocketry/util/RecipeHandler.java,zmaster587.libVulpes.tile.multiblock.TileMultiblockMachine,zmaster587.libVulpes.tile,libvulpes
src/main/java/zmaster587/advancedRocketry/util/RocketInventoryHelper.java,java.lang.ref.WeakReference,java.lang.ref,jdk
src/main/java/zmaster587/advancedRocketry/util/RocketInventoryHelper.java,java.util.HashSet,java.util.HashSet,jdk
src/main/java/zmaster587/advancedRocketry/util/RocketInventoryHelper.java,java.util.WeakHashMap,java.util.WeakHashMap,jdk
src/main/java/zmaster587/advancedRocketry/util/RocketInventoryHelper.java,net.minecraft.entity.player.EntityPlayer,net.minecraft.entity,minecraft
src/main/java/zmaster587/advancedRocketry/util/RocketInventoryHelper.java,net.minecraft.util.math.BlockPos,net.minecraft.util,minecraft
src/main/java/zmaster587/advancedRocketry/util/SealableBlockHandler.java,java.util.ArrayList,java.util.ArrayList,jdk
src/main/java/zmaster587/advancedRocketry/util/SealableBlockHandler.java,java.util.HashSet,java.util.HashSet,jdk
src/main/java/zmaster587/advancedRocketry/util/SealableBlockHandler.java,java.util.List,java.util.List,jdk
src/main/java/zmaster587/advancedRocketry/util/SealableBlockHandler.java,javax.annotation.Nonnull,javax.annotation.Nonnull,jdk
src/main/java/zmaster587/advancedRocketry/util/SealableBlockHandler.java,net.minecraft.block.Block,net.minecraft.block,minecraft
src/main/java/zmaster587/advancedRocketry/util/SealableBlockHandler.java,net.minecraft.block.BlockDoor,net.minecraft.block,minecraft
src/main/java/zmaster587/advancedRocketry/util/SealableBlockHandler.java,net.minecraft.block.BlockDoor.EnumDoorHalf,net.minecraft.block,minecraft
src/main/java/zmaster587/advancedRocketry/util/SealableBlockHandler.java,net.minecraft.block.material.Material,net.minecraft.block,minecraft
src/main/java/zmaster587/advancedRocketry/util/SealableBlockHandler.java,net.minecraft.block.state.IBlockState,net.minecraft.block,minecraft
src/main/java/zmaster587/advancedRocketry/util/SealableBlockHandler.java,net.minecraft.util.EnumFacing,net.minecraft.util,minecraft
src/main/java/zmaster587/advancedRocketry/util/SealableBlockHandler.java,net.minecraft.util.math.AxisAlignedBB,net.minecraft.util,minecraft
src/main/java/zmaster587/advancedRocketry/util/SealableBlockHandler.java,net.minecraft.util.math.BlockPos,net.minecraft.util,minecraft
src/main/java/zmaster587/advancedRocketry/util/SealableBlockHandler.java,net.minecraft.world.IBlockAccess,net.minecraft.world,minecraft
src/main/java/zmaster587/advancedRocketry/util/SealableBlockHandler.java,net.minecraft.world.World,net.minecraft.world,minecraft
src/main/java/zmaster587/advancedRocketry/util/SealableBlockHandler.java,net.minecraft.world.WorldServer,net.minecraft.world,minecraft
src/main/java/zmaster587/advancedRocketry/util/SealableBlockHandler.java,net.minecraftforge.fluids.IFluidBlock,net.minecraftforge.fluids,minecraft
src/main/java/zmaster587/advancedRocketry/util/SealableBlockHandler.java,zmaster587.advancedRocketry.api.AdvancedRocketryBlocks,zmaster587.advancedRocketry.api,upstream_internal
src/main/java/zmaster587/advancedRocketry/util/SealableBlockHandler.java,zmaster587.advancedRocketry.api.atmosphere.IAtmosphereSealHandler,zmaster587.advancedRocketry.api,upstream_internal
src/main/java/zmaster587/advancedRocketry/util/SealableBlockHandler.java,zmaster587.libVulpes.util.HashedBlockPosition,zmaster587.libVulpes.util,libvulpes
src/main/java/zmaster587/advancedRocketry/util/SpacePosition.java,net.minecraft.nbt.NBTTagCompound,net.minecraft.nbt,minecraft
src/main/java/zmaster587/advancedRocketry/util/SpacePosition.java,net.minecraft.util.math.Vec3d,net.minecraft.util,minecraft
src/main/java/zmaster587/advancedRocketry/util/SpacePosition.java,zmaster587.advancedRocketry.api.dimension.solar.StellarBody,zmaster587.advancedRocketry.api,upstream_internal
src/main/java/zmaster587/advancedRocketry/util/SpacePosition.java,zmaster587.advancedRocketry.dimension.DimensionManager,zmaster587.advancedRocketry.dimension,upstream_internal
src/main/java/zmaster587/advancedRocketry/util/SpacePosition.java,zmaster587.advancedRocketry.dimension.DimensionProperties,zmaster587.advancedRocketry.dimension,upstream_internal
src/main/java/zmaster587/advancedRocketry/util/SpaceTravelInteraction.java,net.minecraft.entity.Entity,net.minecraft.entity,minecraft
src/main/java/zmaster587/advancedRocketry/util/SpaceTravelInteraction.java,zmaster587.advancedRocketry.api.dimension.IDimensionProperties,zmaster587.advancedRocketry.api,upstream_internal
src/main/java/zmaster587/advancedRocketry/util/SpaceTravelInteraction.java,zmaster587.advancedRocketry.dimension.DimensionProperties,zmaster587.advancedRocketry.dimension,upstream_internal
src/main/java/zmaster587/advancedRocketry/util/SpawnListEntryNBT.java,java.util.UUID,java.util.UUID,jdk
src/main/java/zmaster587/advancedRocketry/util/SpawnListEntryNBT.java,net.minecraft.entity.EntityLiving,net.minecraft.entity,minecraft
src/main/java/zmaster587/advancedRocketry/util/SpawnListEntryNBT.java,net.minecraft.nbt.JsonToNBT,net.minecraft.nbt,minecraft
src/main/java/zmaster587/advancedRocketry/util/SpawnListEntryNBT.java,net.minecraft.nbt.NBTException,net.minecraft.nbt,minecraft
src/main/java/zmaster587/advancedRocketry/util/SpawnListEntryNBT.java,net.minecraft.nbt.NBTTagCompound,net.minecraft.nbt,minecraft
src/main/java/zmaster587/advancedRocketry/util/SpawnListEntryNBT.java,net.minecraft.world.World,net.minecraft.world,minecraft
src/main/java/zmaster587/advancedRocketry/util/SpawnListEntryNBT.java,net.minecraft.world.biome.Biome.SpawnListEntry,net.minecraft.world,minecraft
src/main/java/zmaster587/advancedRocketry/util/SpawnListEntryNBT.java,org.w3c.dom.DOMException,org.w3c.dom,third_party
src/main/java/zmaster587/advancedRocketry/util/StationLandingLocation.java,zmaster587.libVulpes.util.HashedBlockPosition,zmaster587.libVulpes.util,libvulpes
src/main/java/zmaster587/advancedRocketry/util/StorageChunk.java,io.netty.buffer.ByteBuf,io.netty.buffer,third_party
src/main/java/zmaster587/advancedRocketry/util/StorageChunk.java,java.util.ArrayList,java.util.ArrayList,jdk
src/main/java/zmaster587/advancedRocketry/util/StorageChunk.java,java.util.Iterator,java.util.Iterator,jdk
src/main/java/zmaster587/advancedRocketry/util/StorageChunk.java,java.util.LinkedList,java.util.LinkedList,jdk
src/main/java/zmaster587/advancedRocketry/util/StorageChunk.java,java.util.List,java.util.List,jdk
src/main/java/zmaster587/advancedRocketry/util/StorageChunk.java,javax.annotation.Nonnull,javax.annotation.Nonnull,jdk
src/main/java/zmaster587/advancedRocketry/util/StorageChunk.java,javax.annotation.Nullable,javax.annotation.Nullable,jdk
src/main/java/zmaster587/advancedRocketry/util/StorageChunk.java,net.minecraft.block.Block,net.minecraft.block,minecraft
src/main/java/zmaster587/advancedRocketry/util/StorageChunk.java,net.minecraft.block.state.IBlockState,net.minecraft.block,minecraft
src/main/java/zmaster587/advancedRocketry/util/StorageChunk.java,net.minecraft.entity.Entity,net.minecraft.entity,minecraft
src/main/java/zmaster587/advancedRocketry/util/StorageChunk.java,net.minecraft.entity.item.EntityItem,net.minecraft.entity,minecraft
src/main/java/zmaster587/advancedRocketry/util/StorageChunk.java,net.minecraft.init.Biomes,net.minecraft.init,minecraft
src/main/java/zmaster587/advancedRocketry/util/StorageChunk.java,net.minecraft.init.Blocks,net.minecraft.init,minecraft
src/main/java/zmaster587/advancedRocketry/util/StorageChunk.java,net.minecraft.inventory.IInventory,net.minecraft.inventory,minecraft
src/main/java/zmaster587/advancedRocketry/util/StorageChunk.java,net.minecraft.item.ItemStack,net.minecraft.item,minecraft
src/main/java/zmaster587/advancedRocketry/util/StorageChunk.java,net.minecraft.nbt.NBTTagCompound,net.minecraft.nbt,minecraft
src/main/java/zmaster587/advancedRocketry/util/StorageChunk.java,net.minecraft.nbt.NBTTagIntArray,net.minecraft.nbt,minecraft
src/main/java/zmaster587/advancedRocketry/util/StorageChunk.java,net.minecraft.nbt.NBTTagList,net.minecraft.nbt,minecraft
src/main/java/zmaster587/advancedRocketry/util/StorageChunk.java,net.minecraft.network.PacketBuffer,net.minecraft.network,minecraft
src/main/java/zmaster587/advancedRocketry/util/StorageChunk.java,net.minecraft.tileentity.TileEntity,net.minecraft.tileentity,minecraft
src/main/java/zmaster587/advancedRocketry/util/StorageChunk.java,net.minecraft.util.EnumFacing,net.minecraft.util,minecraft
src/main/java/zmaster587/advancedRocketry/util/StorageChunk.java,net.minecraft.util.math.AxisAlignedBB,net.minecraft.util,minecraft
src/main/java/zmaster587/advancedRocketry/util/StorageChunk.java,net.minecraft.util.math.BlockPos,net.minecraft.util,minecraft
src/main/java/zmaster587/advancedRocketry/util/StorageChunk.java,net.minecraft.world.IBlockAccess,net.minecraft.world,minecraft
src/main/java/zmaster587/advancedRocketry/util/StorageChunk.java,net.minecraft.world.World,net.minecraft.world,minecraft
src/main/java/zmaster587/advancedRocketry/util/StorageChunk.java,net.minecraft.world.WorldType,net.minecraft.world,minecraft
src/main/java/zmaster587/advancedRocketry/util/StorageChunk.java,net.minecraft.world.biome.Biome,net.minecraft.world,minecraft
src/main/java/zmaster587/advancedRocketry/util/StorageChunk.java,net.minecraft.world.chunk.Chunk,net.minecraft.world,minecraft
src/main/java/zmaster587/advancedRocketry/util/StorageChunk.java,net.minecraftforge.common.util.Constants.NBT,net.minecraftforge.common,minecraft
src/main/java/zmaster587/advancedRocketry/util/StorageChunk.java,net.minecraftforge.fluids.capability.CapabilityFluidHandler,net.minecraftforge.fluids,minecraft
src/main/java/zmaster587/advancedRocketry/util/StorageChunk.java,net.minecraftforge.fluids.capability.IFluidHandler,net.minecraftforge.fluids,minecraft
src/main/java/zmaster587/advancedRocketry/util/StorageChunk.java,net.minecraftforge.items.CapabilityItemHandler,net.minecraftforge.items,minecraft
src/main/java/zmaster587/advancedRocketry/util/StorageChunk.java,zmaster587.advancedRocketry.AdvancedRocketry,zmaster587.advancedRocketry.AdvancedRocketry,upstream_internal
src/main/java/zmaster587/advancedRocketry/util/StorageChunk.java,zmaster587.advancedRocketry.api.Constants,zmaster587.advancedRocketry.api,upstream_internal
src/main/java/zmaster587/advancedRocketry/util/StorageChunk.java,zmaster587.advancedRocketry.api.EntityRocketBase,zmaster587.advancedRocketry.api,upstream_internal
src/main/java/zmaster587/advancedRocketry/util/StorageChunk.java,zmaster587.advancedRocketry.api.satellite.SatelliteBase,zmaster587.advancedRocketry.api,upstream_internal
src/main/java/zmaster587/advancedRocketry/util/StorageChunk.java,zmaster587.advancedRocketry.api.stations.IStorageChunk,zmaster587.advancedRocketry.api,upstream_internal
src/main/java/zmaster587/advancedRocketry/util/StorageChunk.java,zmaster587.advancedRocketry.tile.TileGuidanceComputer,zmaster587.advancedRocketry.tile,upstream_internal
src/main/java/zmaster587/advancedRocketry/util/StorageChunk.java,zmaster587.advancedRocketry.tile.hatch.TileSatelliteHatch,zmaster587.advancedRocketry.tile,upstream_internal
src/main/java/zmaster587/advancedRocketry/util/StorageChunk.java,zmaster587.advancedRocketry.world.util.WorldDummy,zmaster587.advancedRocketry.world,upstream_internal
src/main/java/zmaster587/advancedRocketry/util/StorageChunk.java,zmaster587.libVulpes.util.HashedBlockPosition,zmaster587.libVulpes.util,libvulpes
src/main/java/zmaster587/advancedRocketry/util/StorageChunk.java,zmaster587.libVulpes.util.Vector3F,zmaster587.libVulpes.util,libvulpes
src/main/java/zmaster587/advancedRocketry/util/StorageChunk.java,zmaster587.libVulpes.util.ZUtils,zmaster587.libVulpes.util,libvulpes
src/main/java/zmaster587/advancedRocketry/util/TransitionEntity.java,net.minecraft.entity.Entity,net.minecraft.entity,minecraft
src/main/java/zmaster587/advancedRocketry/util/TransitionEntity.java,net.minecraft.util.math.BlockPos,net.minecraft.util,minecraft
src/main/java/zmaster587/advancedRocketry/util/XMLAsteroidLoader.java,java.io.File,java.io.File,jdk
src/main/java/zmaster587/advancedRocketry/util/XMLAsteroidLoader.java,java.io.IOException,java.io.IOException,jdk
src/main/java/zmaster587/advancedRocketry/util/XMLAsteroidLoader.java,java.util.LinkedList,java.util.LinkedList,jdk
src/main/java/zmaster587/advancedRocketry/util/XMLAsteroidLoader.java,java.util.List,java.util.List,jdk
src/main/java/zmaster587/advancedRocketry/util/XMLAsteroidLoader.java,javax.annotation.Nonnull,javax.annotation.Nonnull,jdk
src/main/java/zmaster587/advancedRocketry/util/XMLAsteroidLoader.java,javax.xml.parsers.DocumentBuilder,javax.xml.parsers,jdk
src/main/java/zmaster587/advancedRocketry/util/XMLAsteroidLoader.java,javax.xml.parsers.DocumentBuilderFactory,javax.xml.parsers,jdk
src/main/java/zmaster587/advancedRocketry/util/XMLAsteroidLoader.java,javax.xml.parsers.ParserConfigurationException,javax.xml.parsers,jdk
src/main/java/zmaster587/advancedRocketry/util/XMLAsteroidLoader.java,net.minecraft.block.Block,net.minecraft.block,minecraft
src/main/java/zmaster587/advancedRocketry/util/XMLAsteroidLoader.java,net.minecraft.init.Blocks,net.minecraft.init,minecraft
src/main/java/zmaster587/advancedRocketry/util/XMLAsteroidLoader.java,net.minecraft.item.Item,net.minecraft.item,minecraft
src/main/java/zmaster587/advancedRocketry/util/XMLAsteroidLoader.java,net.minecraft.item.ItemStack,net.minecraft.item,minecraft
src/main/java/zmaster587/advancedRocketry/util/XMLAsteroidLoader.java,org.w3c.dom.Document,org.w3c.dom,third_party
src/main/java/zmaster587/advancedRocketry/util/XMLAsteroidLoader.java,org.w3c.dom.NamedNodeMap,org.w3c.dom,third_party
src/main/java/zmaster587/advancedRocketry/util/XMLAsteroidLoader.java,org.w3c.dom.Node,org.w3c.dom,third_party
src/main/java/zmaster587/advancedRocketry/util/XMLAsteroidLoader.java,org.xml.sax.SAXException,org.xml.sax,third_party
src/main/java/zmaster587/advancedRocketry/util/XMLAsteroidLoader.java,zmaster587.advancedRocketry.AdvancedRocketry,zmaster587.advancedRocketry.AdvancedRocketry,upstream_internal
src/main/java/zmaster587/advancedRocketry/util/XMLOreLoader.java,java.io.File,java.io.File,jdk
src/main/java/zmaster587/advancedRocketry/util/XMLOreLoader.java,java.io.IOException,java.io.IOException,jdk
src/main/java/zmaster587/advancedRocketry/util/XMLOreLoader.java,java.util.LinkedList,java.util.LinkedList,jdk
src/main/java/zmaster587/advancedRocketry/util/XMLOreLoader.java,java.util.List,java.util.List,jdk
src/main/java/zmaster587/advancedRocketry/util/XMLOreLoader.java,javax.xml.parsers.DocumentBuilder,javax.xml.parsers,jdk
src/main/java/zmaster587/advancedRocketry/util/XMLOreLoader.java,javax.xml.parsers.DocumentBuilderFactory,javax.xml.parsers,jdk
src/main/java/zmaster587/advancedRocketry/util/XMLOreLoader.java,javax.xml.parsers.ParserConfigurationException,javax.xml.parsers,jdk
src/main/java/zmaster587/advancedRocketry/util/XMLOreLoader.java,net.minecraft.block.Block,net.minecraft.block,minecraft
src/main/java/zmaster587/advancedRocketry/util/XMLOreLoader.java,net.minecraft.util.math.MathHelper,net.minecraft.util,minecraft
src/main/java/zmaster587/advancedRocketry/util/XMLOreLoader.java,org.w3c.dom.Document,org.w3c.dom,third_party
src/main/java/zmaster587/advancedRocketry/util/XMLOreLoader.java,org.w3c.dom.Element,org.w3c.dom,third_party
src/main/java/zmaster587/advancedRocketry/util/XMLOreLoader.java,org.w3c.dom.NamedNodeMap,org.w3c.dom,third_party
src/main/java/zmaster587/advancedRocketry/util/XMLOreLoader.java,org.w3c.dom.Node,org.w3c.dom,third_party
src/main/java/zmaster587/advancedRocketry/util/XMLOreLoader.java,org.xml.sax.SAXException,org.xml.sax,third_party
src/main/java/zmaster587/advancedRocketry/util/XMLOreLoader.java,zmaster587.advancedRocketry.AdvancedRocketry,zmaster587.advancedRocketry.AdvancedRocketry,upstream_internal
src/main/java/zmaster587/advancedRocketry/util/XMLOreLoader.java,zmaster587.advancedRocketry.dimension.DimensionProperties.AtmosphereTypes,zmaster587.advancedRocketry.dimension,upstream_internal
src/main/java/zmaster587/advancedRocketry/util/XMLOreLoader.java,zmaster587.advancedRocketry.dimension.DimensionProperties.Temps,zmaster587.advancedRocketry.dimension,upstream_internal
src/main/java/zmaster587/advancedRocketry/util/XMLOreLoader.java,zmaster587.advancedRocketry.util.OreGenProperties.OreEntry,zmaster587.advancedRocketry.util,upstream_internal
src/main/java/zmaster587/advancedRocketry/util/XMLOreLoader.java,zmaster587.libVulpes.util.HashedBlockPosition,zmaster587.libVulpes.util,libvulpes
src/main/java/zmaster587/advancedRocketry/util/XMLOreLoader.java,zmaster587.libVulpes.util.SingleEntry,zmaster587.libVulpes.util,libvulpes
src/main/java/zmaster587/advancedRocketry/util/XMLPlanetLoader.java,java.io.ByteArrayOutputStream,java.io.ByteArrayOutputStream,jdk
src/main/java/zmaster587/advancedRocketry/util/XMLPlanetLoader.java,java.io.File,java.io.File,jdk
src/main/java/zmaster587/advancedRocketry/util/XMLPlanetLoader.java,java.io.IOException,java.io.IOException,jdk
src/main/java/zmaster587/advancedRocketry/util/XMLPlanetLoader.java,java.io.OutputStream,java.io.OutputStream,jdk
src/main/java/zmaster587/advancedRocketry/util/XMLPlanetLoader.java,java.util.*,java.util.*,jdk
src/main/java/zmaster587/advancedRocketry/util/XMLPlanetLoader.java,java.util.stream.Collectors,java.util.stream,jdk
src/main/java/zmaster587/advancedRocketry/util/XMLPlanetLoader.java,javax.annotation.Nonnull,javax.annotation.Nonnull,jdk
src/main/java/zmaster587/advancedRocketry/util/XMLPlanetLoader.java,javax.xml.parsers.DocumentBuilder,javax.xml.parsers,jdk
src/main/java/zmaster587/advancedRocketry/util/XMLPlanetLoader.java,javax.xml.parsers.DocumentBuilderFactory,javax.xml.parsers,jdk
src/main/java/zmaster587/advancedRocketry/util/XMLPlanetLoader.java,javax.xml.parsers.ParserConfigurationException,javax.xml.parsers,jdk
src/main/java/zmaster587/advancedRocketry/util/XMLPlanetLoader.java,javax.xml.transform.*,javax.xml.transform,jdk
src/main/java/zmaster587/advancedRocketry/util/XMLPlanetLoader.java,javax.xml.transform.dom.DOMSource,javax.xml.transform,jdk
src/main/java/zmaster587/advancedRocketry/util/XMLPlanetLoader.java,javax.xml.transform.stream.StreamResult,javax.xml.transform,jdk
src/main/java/zmaster587/advancedRocketry/util/XMLPlanetLoader.java,net.minecraft.block.Block,net.minecraft.block,minecraft
src/main/java/zmaster587/advancedRocketry/util/XMLPlanetLoader.java,net.minecraft.entity.Entity,net.minecraft.entity,minecraft
src/main/java/zmaster587/advancedRocketry/util/XMLPlanetLoader.java,net.minecraft.entity.EntityList,net.minecraft.entity,minecraft
src/main/java/zmaster587/advancedRocketry/util/XMLPlanetLoader.java,net.minecraft.init.Blocks,net.minecraft.init,minecraft
src/main/java/zmaster587/advancedRocketry/util/XMLPlanetLoader.java,net.minecraft.item.Item,net.minecraft.item,minecraft
src/main/java/zmaster587/advancedRocketry/util/XMLPlanetLoader.java,net.minecraft.item.ItemStack,net.minecraft.item,minecraft
src/main/java/zmaster587/advancedRocketry/util/XMLPlanetLoader.java,net.minecraft.nbt.NBTException,net.minecraft.nbt,minecraft
src/main/java/zmaster587/advancedRocketry/util/XMLPlanetLoader.java,net.minecraft.util.ResourceLocation,net.minecraft.util,minecraft
src/main/java/zmaster587/advancedRocketry/util/XMLPlanetLoader.java,net.minecraft.world.biome.Biome,net.minecraft.world,minecraft
src/main/java/zmaster587/advancedRocketry/util/XMLPlanetLoader.java,net.minecraftforge.common.BiomeManager.BiomeEntry,net.minecraftforge.common,minecraft
src/main/java/zmaster587/advancedRocketry/util/XMLPlanetLoader.java,net.minecraftforge.fluids.Fluid,net.minecraftforge.fluids,minecraft
src/main/java/zmaster587/advancedRocketry/util/XMLPlanetLoader.java,net.minecraftforge.fluids.FluidRegistry,net.minecraftforge.fluids,minecraft
src/main/java/zmaster587/advancedRocketry/util/XMLPlanetLoader.java,net.minecraftforge.fml.common.registry.EntityRegistry,net.minecraftforge.fml,minecraft
src/main/java/zmaster587/advancedRocketry/util/XMLPlanetLoader.java,net.minecraftforge.oredict.OreDictionary,net.minecraftforge.oredict,minecraft
src/main/java/zmaster587/advancedRocketry/util/XMLPlanetLoader.java,org.w3c.dom.*,org.w3c.dom,third_party
src/main/java/zmaster587/advancedRocketry/util/XMLPlanetLoader.java,org.xml.sax.SAXException,org.xml.sax,third_party
src/main/java/zmaster587/advancedRocketry/util/XMLPlanetLoader.java,zmaster587.advancedRocketry.AdvancedRocketry,zmaster587.advancedRocketry.AdvancedRocketry,upstream_internal
src/main/java/zmaster587/advancedRocketry/util/XMLPlanetLoader.java,zmaster587.advancedRocketry.api.ARConfiguration,zmaster587.advancedRocketry.api,upstream_internal
src/main/java/zmaster587/advancedRocketry/util/XMLPlanetLoader.java,zmaster587.advancedRocketry.api.dimension.IDimensionProperties,zmaster587.advancedRocketry.api,upstream_internal
src/main/java/zmaster587/advancedRocketry/util/XMLPlanetLoader.java,zmaster587.advancedRocketry.api.dimension.solar.IGalaxy,zmaster587.advancedRocketry.api,upstream_internal
src/main/java/zmaster587/advancedRocketry/util/XMLPlanetLoader.java,zmaster587.advancedRocketry.api.dimension.solar.StellarBody,zmaster587.advancedRocketry.api,upstream_internal
src/main/java/zmaster587/advancedRocketry/util/XMLPlanetLoader.java,zmaster587.advancedRocketry.dimension.DimensionManager,zmaster587.advancedRocketry.dimension,upstream_internal
src/main/java/zmaster587/advancedRocketry/util/XMLPlanetLoader.java,zmaster587.advancedRocketry.dimension.DimensionProperties,zmaster587.advancedRocketry.dimension,upstream_internal
src/main/java/zmaster587/advancedRocketry/world/ChunkManagerPlanet.java,it.unimi.dsi.fastutil.longs.Long2ObjectOpenHashMap,it.unimi.dsi,third_party
src/main/java/zmaster587/advancedRocketry/world/ChunkManagerPlanet.java,java.lang.reflect.Field,java.lang.reflect,jdk
src/main/java/zmaster587/advancedRocketry/world/ChunkManagerPlanet.java,java.util.List,java.util.List,jdk
src/main/java/zmaster587/advancedRocketry/world/ChunkManagerPlanet.java,javax.annotation.Nonnull,javax.annotation.Nonnull,jdk
src/main/java/zmaster587/advancedRocketry/world/ChunkManagerPlanet.java,javax.annotation.Nullable,javax.annotation.Nullable,jdk
src/main/java/zmaster587/advancedRocketry/world/ChunkManagerPlanet.java,net.minecraft.crash.CrashReport,net.minecraft.crash,minecraft
src/main/java/zmaster587/advancedRocketry/world/ChunkManagerPlanet.java,net.minecraft.crash.CrashReportCategory,net.minecraft.crash,minecraft
src/main/java/zmaster587/advancedRocketry/world/ChunkManagerPlanet.java,net.minecraft.init.Biomes,net.minecraft.init,minecraft
src/main/java/zmaster587/advancedRocketry/world/ChunkManagerPlanet.java,net.minecraft.util.ReportedException,net.minecraft.util,minecraft
src/main/java/zmaster587/advancedRocketry/world/ChunkManagerPlanet.java,net.minecraft.world.World,net.minecraft.world,minecraft
src/main/java/zmaster587/advancedRocketry/world/ChunkManagerPlanet.java,net.minecraft.world.WorldType,net.minecraft.world,minecraft
src/main/java/zmaster587/advancedRocketry/world/ChunkManagerPlanet.java,net.minecraft.world.biome.Biome,net.minecraft.world,minecraft
src/main/java/zmaster587/advancedRocketry/world/ChunkManagerPlanet.java,net.minecraft.world.biome.BiomeCache,net.minecraft.world,minecraft
src/main/java/zmaster587/advancedRocketry/world/ChunkManagerPlanet.java,net.minecraft.world.biome.BiomeProvider,net.minecraft.world,minecraft
src/main/java/zmaster587/advancedRocketry/world/ChunkManagerPlanet.java,net.minecraft.world.gen.ChunkGeneratorSettings,net.minecraft.world,minecraft
src/main/java/zmaster587/advancedRocketry/world/ChunkManagerPlanet.java,net.minecraft.world.gen.layer.*,net.minecraft.world,minecraft
src/main/java/zmaster587/advancedRocketry/world/ChunkManagerPlanet.java,net.minecraftforge.common.BiomeManager.BiomeEntry,net.minecraftforge.common,minecraft
src/main/java/zmaster587/advancedRocketry/world/ChunkManagerPlanet.java,net.minecraftforge.fml.relauncher.ReflectionHelper,net.minecraftforge.fml,minecraft
src/main/java/zmaster587/advancedRocketry/world/ChunkManagerPlanet.java,zmaster587.advancedRocketry.AdvancedRocketry,zmaster587.advancedRocketry.AdvancedRocketry,upstream_internal
src/main/java/zmaster587/advancedRocketry/world/ChunkManagerPlanet.java,zmaster587.advancedRocketry.dimension.DimensionManager,zmaster587.advancedRocketry.dimension,upstream_internal
src/main/java/zmaster587/advancedRocketry/world/ChunkManagerPlanet.java,zmaster587.advancedRocketry.dimension.DimensionProperties,zmaster587.advancedRocketry.dimension,upstream_internal
src/main/java/zmaster587/advancedRocketry/world/ChunkProviderAsteroids.java,java.util.List,java.util.List,jdk
src/main/java/zmaster587/advancedRocketry/world/ChunkProviderAsteroids.java,java.util.Random,java.util.Random,jdk
src/main/java/zmaster587/advancedRocketry/world/ChunkProviderAsteroids.java,net.minecraft.block.BlockFalling,net.minecraft.block,minecraft
src/main/java/zmaster587/advancedRocketry/world/ChunkProviderAsteroids.java,net.minecraft.block.state.IBlockState,net.minecraft.block,minecraft
src/main/java/zmaster587/advancedRocketry/world/ChunkProviderAsteroids.java,net.minecraft.entity.EnumCreatureType,net.minecraft.entity,minecraft
src/main/java/zmaster587/advancedRocketry/world/ChunkProviderAsteroids.java,net.minecraft.init.Blocks,net.minecraft.init,minecraft
src/main/java/zmaster587/advancedRocketry/world/ChunkProviderAsteroids.java,net.minecraft.util.math.BlockPos,net.minecraft.util,minecraft
src/main/java/zmaster587/advancedRocketry/world/ChunkProviderAsteroids.java,net.minecraft.util.math.MathHelper,net.minecraft.util,minecraft
src/main/java/zmaster587/advancedRocketry/world/ChunkProviderAsteroids.java,net.minecraft.world.World,net.minecraft.world,minecraft
src/main/java/zmaster587/advancedRocketry/world/ChunkProviderAsteroids.java,net.minecraft.world.biome.Biome,net.minecraft.world,minecraft
src/main/java/zmaster587/advancedRocketry/world/ChunkProviderAsteroids.java,net.minecraft.world.biome.Biome.SpawnListEntry,net.minecraft.world,minecraft
src/main/java/zmaster587/advancedRocketry/world/ChunkProviderAsteroids.java,net.minecraft.world.chunk.Chunk,net.minecraft.world,minecraft
src/main/java/zmaster587/advancedRocketry/world/ChunkProviderAsteroids.java,net.minecraft.world.chunk.ChunkPrimer,net.minecraft.world,minecraft
src/main/java/zmaster587/advancedRocketry/world/ChunkProviderAsteroids.java,net.minecraft.world.gen.MapGenBase,net.minecraft.world,minecraft
src/main/java/zmaster587/advancedRocketry/world/ChunkProviderAsteroids.java,net.minecraft.world.gen.MapGenCavesHell,net.minecraft.world,minecraft
src/main/java/zmaster587/advancedRocketry/world/ChunkProviderAsteroids.java,net.minecraft.world.gen.NoiseGeneratorOctaves,net.minecraft.world,minecraft
src/main/java/zmaster587/advancedRocketry/world/ChunkProviderAsteroids.java,net.minecraft.world.gen.NoiseGeneratorSimplex,net.minecraft.world,minecraft
src/main/java/zmaster587/advancedRocketry/world/ChunkProviderAsteroids.java,zmaster587.advancedRocketry.dimension.DimensionManager,zmaster587.advancedRocketry.dimension,upstream_internal
src/main/java/zmaster587/advancedRocketry/world/ChunkProviderAsteroids.java,zmaster587.advancedRocketry.dimension.DimensionProperties,zmaster587.advancedRocketry.dimension,upstream_internal
src/main/java/zmaster587/advancedRocketry/world/ChunkProviderAsteroids.java,zmaster587.advancedRocketry.util.OreGenProperties,zmaster587.advancedRocketry.util,upstream_internal
src/main/java/zmaster587/advancedRocketry/world/ChunkProviderAsteroids.java,zmaster587.advancedRocketry.util.OreGenProperties.OreEntry,zmaster587.advancedRocketry.util,upstream_internal
src/main/java/zmaster587/advancedRocketry/world/ChunkProviderAsteroids.java,zmaster587.advancedRocketry.world.ore.CustomizableOreGen,zmaster587.advancedRocketry.world,upstream_internal
src/main/java/zmaster587/advancedRocketry/world/ChunkProviderCavePlanet.java,java.util.List,java.util.List,jdk
src/main/java/zmaster587/advancedRocketry/world/ChunkProviderCavePlanet.java,java.util.Random,java.util.Random,jdk
src/main/java/zmaster587/advancedRocketry/world/ChunkProviderCavePlanet.java,net.minecraft.block.material.Material,net.minecraft.block,minecraft
src/main/java/zmaster587/advancedRocketry/world/ChunkProviderCavePlanet.java,net.minecraft.block.state.IBlockState,net.minecraft.block,minecraft
src/main/java/zmaster587/advancedRocketry/world/ChunkProviderCavePlanet.java,net.minecraft.entity.EnumCreatureType,net.minecraft.entity,minecraft
src/main/java/zmaster587/advancedRocketry/world/ChunkProviderCavePlanet.java,net.minecraft.init.Blocks,net.minecraft.init,minecraft
src/main/java/zmaster587/advancedRocketry/world/ChunkProviderCavePlanet.java,net.minecraft.util.math.BlockPos,net.minecraft.util,minecraft
src/main/java/zmaster587/advancedRocketry/world/ChunkProviderCavePlanet.java,net.minecraft.util.math.MathHelper,net.minecraft.util,minecraft
src/main/java/zmaster587/advancedRocketry/world/ChunkProviderCavePlanet.java,net.minecraft.world.World,net.minecraft.world,minecraft
src/main/java/zmaster587/advancedRocketry/world/ChunkProviderCavePlanet.java,net.minecraft.world.biome.Biome,net.minecraft.world,minecraft
src/main/java/zmaster587/advancedRocketry/world/ChunkProviderCavePlanet.java,net.minecraft.world.biome.Biome.SpawnListEntry,net.minecraft.world,minecraft
src/main/java/zmaster587/advancedRocketry/world/ChunkProviderCavePlanet.java,net.minecraft.world.chunk.Chunk,net.minecraft.world,minecraft
src/main/java/zmaster587/advancedRocketry/world/ChunkProviderCavePlanet.java,net.minecraft.world.chunk.ChunkPrimer,net.minecraft.world,minecraft
src/main/java/zmaster587/advancedRocketry/world/ChunkProviderCavePlanet.java,net.minecraft.world.gen.MapGenBase,net.minecraft.world,minecraft
src/main/java/zmaster587/advancedRocketry/world/ChunkProviderCavePlanet.java,net.minecraft.world.gen.MapGenCavesHell,net.minecraft.world,minecraft
src/main/java/zmaster587/advancedRocketry/world/ChunkProviderCavePlanet.java,net.minecraft.world.gen.NoiseGeneratorOctaves,net.minecraft.world,minecraft
src/main/java/zmaster587/advancedRocketry/world/ChunkProviderCavePlanet.java,zmaster587.advancedRocketry.dimension.DimensionManager,zmaster587.advancedRocketry.dimension,upstream_internal
src/main/java/zmaster587/advancedRocketry/world/ChunkProviderCavePlanet.java,zmaster587.advancedRocketry.dimension.DimensionProperties,zmaster587.advancedRocketry.dimension,upstream_internal
src/main/java/zmaster587/advancedRocketry/world/ChunkProviderCavePlanet.java,zmaster587.advancedRocketry.world.decoration.MapGenHighCaves,zmaster587.advancedRocketry.world,upstream_internal
src/main/java/zmaster587/advancedRocketry/world/ChunkProviderCavePlanet.java,zmaster587.advancedRocketry.world.decoration.MapGenMassiveRavine,zmaster587.advancedRocketry.world,upstream_internal
src/main/java/zmaster587/advancedRocketry/world/ChunkProviderPlanet.java,java.util.List,java.util.List,jdk
src/main/java/zmaster587/advancedRocketry/world/ChunkProviderPlanet.java,java.util.Random,java.util.Random,jdk
src/main/java/zmaster587/advancedRocketry/world/ChunkProviderPlanet.java,javax.annotation.Nullable,javax.annotation.Nullable,jdk
src/main/java/zmaster587/advancedRocketry/world/ChunkProviderPlanet.java,net.minecraft.block.BlockFalling,net.minecraft.block,minecraft
src/main/java/zmaster587/advancedRocketry/world/ChunkProviderPlanet.java,net.minecraft.block.state.IBlockState,net.minecraft.block,minecraft
src/main/java/zmaster587/advancedRocketry/world/ChunkProviderPlanet.java,net.minecraft.entity.EnumCreatureType,net.minecraft.entity,minecraft
src/main/java/zmaster587/advancedRocketry/world/ChunkProviderPlanet.java,net.minecraft.init.Biomes,net.minecraft.init,minecraft
src/main/java/zmaster587/advancedRocketry/world/ChunkProviderPlanet.java,net.minecraft.init.Blocks,net.minecraft.init,minecraft
src/main/java/zmaster587/advancedRocketry/world/ChunkProviderPlanet.java,net.minecraft.util.math.BlockPos,net.minecraft.util,minecraft
src/main/java/zmaster587/advancedRocketry/world/ChunkProviderPlanet.java,net.minecraft.util.math.ChunkPos,net.minecraft.util,minecraft
src/main/java/zmaster587/advancedRocketry/world/ChunkProviderPlanet.java,net.minecraft.util.math.MathHelper,net.minecraft.util,minecraft
src/main/java/zmaster587/advancedRocketry/world/ChunkProviderPlanet.java,net.minecraft.world.World,net.minecraft.world,minecraft
src/main/java/zmaster587/advancedRocketry/world/ChunkProviderPlanet.java,net.minecraft.world.WorldEntitySpawner,net.minecraft.world,minecraft
src/main/java/zmaster587/advancedRocketry/world/ChunkProviderPlanet.java,net.minecraft.world.WorldType,net.minecraft.world,minecraft
src/main/java/zmaster587/advancedRocketry/world/ChunkProviderPlanet.java,net.minecraft.world.biome.Biome,net.minecraft.world,minecraft
src/main/java/zmaster587/advancedRocketry/world/ChunkProviderPlanet.java,net.minecraft.world.biome.Biome.SpawnListEntry,net.minecraft.world,minecraft
src/main/java/zmaster587/advancedRocketry/world/ChunkProviderPlanet.java,net.minecraft.world.chunk.Chunk,net.minecraft.world,minecraft
src/main/java/zmaster587/advancedRocketry/world/ChunkProviderPlanet.java,net.minecraft.world.chunk.ChunkPrimer,net.minecraft.world,minecraft
src/main/java/zmaster587/advancedRocketry/world/ChunkProviderPlanet.java,net.minecraft.world.gen.*,net.minecraft.world,minecraft
src/main/java/zmaster587/advancedRocketry/world/ChunkProviderPlanet.java,net.minecraft.world.gen.feature.WorldGenDungeons,net.minecraft.world,minecraft
src/main/java/zmaster587/advancedRocketry/world/ChunkProviderPlanet.java,net.minecraft.world.gen.feature.WorldGenLakes,net.minecraft.world,minecraft
src/main/java/zmaster587/advancedRocketry/world/ChunkProviderPlanet.java,net.minecraft.world.gen.structure.*,net.minecraft.world,minecraft
src/main/java/zmaster587/advancedRocketry/world/ChunkProviderPlanet.java,net.minecraftforge.event.terraingen.InitMapGenEvent.EventType.*,net.minecraftforge.event,minecraft
src/main/java/zmaster587/advancedRocketry/world/ChunkProviderPlanet.java,net.minecraftforge.event.terraingen.TerrainGen,net.minecraftforge.event,minecraft
src/main/java/zmaster587/advancedRocketry/world/ChunkProviderPlanet.java,zmaster587.advancedRocketry.api.ARConfiguration,zmaster587.advancedRocketry.api,upstream_internal
src/main/java/zmaster587/advancedRocketry/world/ChunkProviderPlanet.java,zmaster587.advancedRocketry.dimension.DimensionManager,zmaster587.advancedRocketry.dimension,upstream_internal
src/main/java/zmaster587/advancedRocketry/world/ChunkProviderPlanet.java,zmaster587.advancedRocketry.dimension.DimensionProperties,zmaster587.advancedRocketry.dimension,upstream_internal
src/main/java/zmaster587/advancedRocketry/world/ChunkProviderPlanet.java,zmaster587.advancedRocketry.event.PlanetEventHandler,zmaster587.advancedRocketry.event,upstream_internal
src/main/java/zmaster587/advancedRocketry/world/ChunkProviderPlanet.java,zmaster587.advancedRocketry.util.OreGenProperties,zmaster587.advancedRocketry.util,upstream_internal
src/main/java/zmaster587/advancedRocketry/world/ChunkProviderPlanet.java,zmaster587.advancedRocketry.util.OreGenProperties.OreEntry,zmaster587.advancedRocketry.util,upstream_internal
src/main/java/zmaster587/advancedRocketry/world/ChunkProviderPlanet.java,zmaster587.advancedRocketry.world.decoration.*,zmaster587.advancedRocketry.world,upstream_internal
src/main/java/zmaster587/advancedRocketry/world/ChunkProviderPlanet.java,zmaster587.advancedRocketry.world.ore.CustomizableOreGen,zmaster587.advancedRocketry.world,upstream_internal
src/main/java/zmaster587/advancedRocketry/world/ChunkProviderPlanet.java,zmaster587.advancedRocketry.world.provider.WorldProviderPlanet,zmaster587.advancedRocketry.world,upstream_internal
src/main/java/zmaster587/advancedRocketry/world/ChunkProviderSpace.java,java.util.Arrays,java.util.Arrays,jdk
src/main/java/zmaster587/advancedRocketry/world/ChunkProviderSpace.java,java.util.List,java.util.List,jdk
src/main/java/zmaster587/advancedRocketry/world/ChunkProviderSpace.java,net.minecraft.block.Block,net.minecraft.block,minecraft
src/main/java/zmaster587/advancedRocketry/world/ChunkProviderSpace.java,net.minecraft.entity.EnumCreatureType,net.minecraft.entity,minecraft
src/main/java/zmaster587/advancedRocketry/world/ChunkProviderSpace.java,net.minecraft.util.math.BlockPos,net.minecraft.util,minecraft
src/main/java/zmaster587/advancedRocketry/world/ChunkProviderSpace.java,net.minecraft.world.World,net.minecraft.world,minecraft
src/main/java/zmaster587/advancedRocketry/world/ChunkProviderSpace.java,net.minecraft.world.biome.Biome,net.minecraft.world,minecraft
src/main/java/zmaster587/advancedRocketry/world/ChunkProviderSpace.java,net.minecraft.world.biome.Biome.SpawnListEntry,net.minecraft.world,minecraft
src/main/java/zmaster587/advancedRocketry/world/ChunkProviderSpace.java,net.minecraft.world.chunk.Chunk,net.minecraft.world,minecraft
src/main/java/zmaster587/advancedRocketry/world/ChunkProviderSpace.java,net.minecraft.world.chunk.ChunkPrimer,net.minecraft.world,minecraft
src/main/java/zmaster587/advancedRocketry/world/ChunkProviderSpace.java,net.minecraft.world.gen.IChunkGenerator,net.minecraft.world,minecraft
src/main/java/zmaster587/advancedRocketry/world/ChunkProviderSpace.java,zmaster587.advancedRocketry.api.AdvancedRocketryBiomes,zmaster587.advancedRocketry.api,upstream_internal
src/main/java/zmaster587/advancedRocketry/world/GenLayerBiomePlanet.java,java.util.ArrayList,java.util.ArrayList,jdk
src/main/java/zmaster587/advancedRocketry/world/GenLayerBiomePlanet.java,java.util.List,java.util.List,jdk
src/main/java/zmaster587/advancedRocketry/world/GenLayerBiomePlanet.java,net.minecraft.init.Biomes,net.minecraft.init,minecraft
src/main/java/zmaster587/advancedRocketry/world/GenLayerBiomePlanet.java,net.minecraft.util.WeightedRandom,net.minecraft.util,minecraft
src/main/java/zmaster587/advancedRocketry/world/GenLayerBiomePlanet.java,net.minecraft.world.WorldType,net.minecraft.world,minecraft
src/main/java/zmaster587/advancedRocketry/world/GenLayerBiomePlanet.java,net.minecraft.world.biome.Biome,net.minecraft.world,minecraft
src/main/java/zmaster587/advancedRocketry/world/GenLayerBiomePlanet.java,net.minecraft.world.gen.layer.GenLayer,net.minecraft.world,minecraft
src/main/java/zmaster587/advancedRocketry/world/GenLayerBiomePlanet.java,net.minecraft.world.gen.layer.IntCache,net.minecraft.world,minecraft
src/main/java/zmaster587/advancedRocketry/world/GenLayerBiomePlanet.java,net.minecraftforge.common.BiomeManager.BiomeEntry,net.minecraftforge.common,minecraft
src/main/java/zmaster587/advancedRocketry/world/biome/BiomeGenAlienForest.java,java.util.Random,java.util.Random,jdk
src/main/java/zmaster587/advancedRocketry/world/biome/BiomeGenAlienForest.java,javax.annotation.Nonnull,javax.annotation.Nonnull,jdk
src/main/java/zmaster587/advancedRocketry/world/biome/BiomeGenAlienForest.java,javax.annotation.ParametersAreNonnullByDefault,javax.annotation.ParametersAreNonnullByDefault,jdk
src/main/java/zmaster587/advancedRocketry/world/biome/BiomeGenAlienForest.java,net.minecraft.init.Blocks,net.minecraft.init,minecraft
src/main/java/zmaster587/advancedRocketry/world/biome/BiomeGenAlienForest.java,net.minecraft.util.math.BlockPos,net.minecraft.util,minecraft
src/main/java/zmaster587/advancedRocketry/world/biome/BiomeGenAlienForest.java,net.minecraft.world.World,net.minecraft.world,minecraft
src/main/java/zmaster587/advancedRocketry/world/biome/BiomeGenAlienForest.java,net.minecraft.world.biome.Biome,net.minecraft.world,minecraft
src/main/java/zmaster587/advancedRocketry/world/biome/BiomeGenAlienForest.java,net.minecraft.world.gen.feature.WorldGenAbstractTree,net.minecraft.world,minecraft
src/main/java/zmaster587/advancedRocketry/world/biome/BiomeGenAlienForest.java,zmaster587.advancedRocketry.world.gen.WorldGenAlienTree,zmaster587.advancedRocketry.world,upstream_internal
src/main/java/zmaster587/advancedRocketry/world/biome/BiomeGenAlienForest.java,zmaster587.advancedRocketry.world.gen.WorldGenNoTree,zmaster587.advancedRocketry.world,upstream_internal
src/main/java/zmaster587/advancedRocketry/world/biome/BiomeGenBarrenVolcanic.java,net.minecraft.entity.monster.EntityCreeper,net.minecraft.entity,minecraft
src/main/java/zmaster587/advancedRocketry/world/biome/BiomeGenBarrenVolcanic.java,net.minecraft.util.math.BlockPos,net.minecraft.util,minecraft
src/main/java/zmaster587/advancedRocketry/world/biome/BiomeGenBarrenVolcanic.java,net.minecraft.world.biome.Biome,net.minecraft.world,minecraft
src/main/java/zmaster587/advancedRocketry/world/biome/BiomeGenBarrenVolcanic.java,net.minecraft.world.gen.MapGenBase,net.minecraft.world,minecraft
src/main/java/zmaster587/advancedRocketry/world/biome/BiomeGenBarrenVolcanic.java,zmaster587.advancedRocketry.api.AdvancedRocketryBlocks,zmaster587.advancedRocketry.api,upstream_internal
src/main/java/zmaster587/advancedRocketry/world/biome/BiomeGenBarrenVolcanic.java,zmaster587.advancedRocketry.world.decoration.MapGenVolcano,zmaster587.advancedRocketry.world,upstream_internal
src/main/java/zmaster587/advancedRocketry/world/biome/BiomeGenCrystal.java,java.util.Random,java.util.Random,jdk
src/main/java/zmaster587/advancedRocketry/world/biome/BiomeGenCrystal.java,javax.annotation.Nonnull,javax.annotation.Nonnull,jdk
src/main/java/zmaster587/advancedRocketry/world/biome/BiomeGenCrystal.java,net.minecraft.init.Blocks,net.minecraft.init,minecraft
src/main/java/zmaster587/advancedRocketry/world/biome/BiomeGenCrystal.java,net.minecraft.world.World,net.minecraft.world,minecraft
src/main/java/zmaster587/advancedRocketry/world/biome/BiomeGenCrystal.java,net.minecraft.world.biome.Biome,net.minecraft.world,minecraft
src/main/java/zmaster587/advancedRocketry/world/biome/BiomeGenCrystal.java,net.minecraft.world.chunk.ChunkPrimer,net.minecraft.world,minecraft
src/main/java/zmaster587/advancedRocketry/world/biome/BiomeGenCrystal.java,net.minecraft.world.gen.MapGenBase,net.minecraft.world,minecraft
src/main/java/zmaster587/advancedRocketry/world/biome/BiomeGenCrystal.java,net.minecraft.world.gen.feature.WorldGenerator,net.minecraft.world,minecraft
src/main/java/zmaster587/advancedRocketry/world/biome/BiomeGenCrystal.java,zmaster587.advancedRocketry.api.AdvancedRocketryBlocks,zmaster587.advancedRocketry.api,upstream_internal
src/main/java/zmaster587/advancedRocketry/world/biome/BiomeGenCrystal.java,zmaster587.advancedRocketry.world.decoration.MapGenLargeCrystal,zmaster587.advancedRocketry.world,upstream_internal
src/main/java/zmaster587/advancedRocketry/world/biome/BiomeGenCrystal.java,zmaster587.advancedRocketry.world.gen.WorldGenLargeCrystal,zmaster587.advancedRocketry.world,upstream_internal
src/main/java/zmaster587/advancedRocketry/world/biome/BiomeGenDeepSwamp.java,java.util.Random,java.util.Random,jdk
src/main/java/zmaster587/advancedRocketry/world/biome/BiomeGenDeepSwamp.java,javax.annotation.Nonnull,javax.annotation.Nonnull,jdk
src/main/java/zmaster587/advancedRocketry/world/biome/BiomeGenDeepSwamp.java,net.minecraft.block.BlockFlower.EnumFlowerType,net.minecraft.block,minecraft
src/main/java/zmaster587/advancedRocketry/world/biome/BiomeGenDeepSwamp.java,net.minecraft.block.material.Material,net.minecraft.block,minecraft
src/main/java/zmaster587/advancedRocketry/world/biome/BiomeGenDeepSwamp.java,net.minecraft.entity.monster.EntitySlime,net.minecraft.entity,minecraft
src/main/java/zmaster587/advancedRocketry/world/biome/BiomeGenDeepSwamp.java,net.minecraft.init.Blocks,net.minecraft.init,minecraft
src/main/java/zmaster587/advancedRocketry/world/biome/BiomeGenDeepSwamp.java,net.minecraft.util.math.BlockPos,net.minecraft.util,minecraft
src/main/java/zmaster587/advancedRocketry/world/biome/BiomeGenDeepSwamp.java,net.minecraft.world.World,net.minecraft.world,minecraft
src/main/java/zmaster587/advancedRocketry/world/biome/BiomeGenDeepSwamp.java,net.minecraft.world.biome.Biome,net.minecraft.world,minecraft
src/main/java/zmaster587/advancedRocketry/world/biome/BiomeGenDeepSwamp.java,net.minecraft.world.chunk.ChunkPrimer,net.minecraft.world,minecraft
src/main/java/zmaster587/advancedRocketry/world/biome/BiomeGenDeepSwamp.java,net.minecraft.world.gen.feature.WorldGenAbstractTree,net.minecraft.world,minecraft
src/main/java/zmaster587/advancedRocketry/world/biome/BiomeGenDeepSwamp.java,net.minecraftforge.fml.relauncher.Side,net.minecraftforge.fml,minecraft
src/main/java/zmaster587/advancedRocketry/world/biome/BiomeGenDeepSwamp.java,net.minecraftforge.fml.relauncher.SideOnly,net.minecraftforge.fml,minecraft
src/main/java/zmaster587/advancedRocketry/world/biome/BiomeGenDeepSwamp.java,zmaster587.advancedRocketry.world.gen.WorldGenNoTree,zmaster587.advancedRocketry.world,upstream_internal
src/main/java/zmaster587/advancedRocketry/world/biome/BiomeGenHotDryRock.java,net.minecraft.world.biome.Biome,net.minecraft.world,minecraft
src/main/java/zmaster587/advancedRocketry/world/biome/BiomeGenHotDryRock.java,zmaster587.advancedRocketry.api.AdvancedRocketryBlocks,zmaster587.advancedRocketry.api,upstream_internal
src/main/java/zmaster587/advancedRocketry/world/biome/BiomeGenMarsh.java,java.util.Random,java.util.Random,jdk
src/main/java/zmaster587/advancedRocketry/world/biome/BiomeGenMarsh.java,javax.annotation.Nonnull,javax.annotation.Nonnull,jdk
src/main/java/zmaster587/advancedRocketry/world/biome/BiomeGenMarsh.java,net.minecraft.init.Blocks,net.minecraft.init,minecraft
src/main/java/zmaster587/advancedRocketry/world/biome/BiomeGenMarsh.java,net.minecraft.world.World,net.minecraft.world,minecraft
src/main/java/zmaster587/advancedRocketry/world/biome/BiomeGenMarsh.java,net.minecraft.world.biome.Biome,net.minecraft.world,minecraft
src/main/java/zmaster587/advancedRocketry/world/biome/BiomeGenMarsh.java,net.minecraft.world.chunk.ChunkPrimer,net.minecraft.world,minecraft
src/main/java/zmaster587/advancedRocketry/world/biome/BiomeGenMarsh.java,net.minecraft.world.gen.feature.WorldGenAbstractTree,net.minecraft.world,minecraft
src/main/java/zmaster587/advancedRocketry/world/biome/BiomeGenMarsh.java,net.minecraft.world.gen.feature.WorldGenShrub,net.minecraft.world,minecraft
src/main/java/zmaster587/advancedRocketry/world/biome/BiomeGenMoon.java,java.util.LinkedList,java.util.LinkedList,jdk
src/main/java/zmaster587/advancedRocketry/world/biome/BiomeGenMoon.java,java.util.List,java.util.List,jdk
src/main/java/zmaster587/advancedRocketry/world/biome/BiomeGenMoon.java,javax.annotation.Nonnull,javax.annotation.Nonnull,jdk
src/main/java/zmaster587/advancedRocketry/world/biome/BiomeGenMoon.java,net.minecraft.entity.EnumCreatureType,net.minecraft.entity,minecraft
src/main/java/zmaster587/advancedRocketry/world/biome/BiomeGenMoon.java,net.minecraft.world.biome.Biome,net.minecraft.world,minecraft
src/main/java/zmaster587/advancedRocketry/world/biome/BiomeGenMoon.java,zmaster587.advancedRocketry.api.AdvancedRocketryBlocks,zmaster587.advancedRocketry.api,upstream_internal
src/main/java/zmaster587/advancedRocketry/world/biome/BiomeGenMoonDark.java,java.util.LinkedList,java.util.LinkedList,jdk
src/main/java/zmaster587/advancedRocketry/world/biome/BiomeGenMoonDark.java,java.util.List,java.util.List,jdk
src/main/java/zmaster587/advancedRocketry/world/biome/BiomeGenMoonDark.java,javax.annotation.Nonnull,javax.annotation.Nonnull,jdk
src/main/java/zmaster587/advancedRocketry/world/biome/BiomeGenMoonDark.java,net.minecraft.entity.EnumCreatureType,net.minecraft.entity,minecraft
src/main/java/zmaster587/advancedRocketry/world/biome/BiomeGenMoonDark.java,net.minecraft.world.biome.Biome,net.minecraft.world,minecraft
src/main/java/zmaster587/advancedRocketry/world/biome/BiomeGenMoonDark.java,zmaster587.advancedRocketry.api.AdvancedRocketryBlocks,zmaster587.advancedRocketry.api,upstream_internal
src/main/java/zmaster587/advancedRocketry/world/biome/BiomeGenOceanSpires.java,java.util.Random,java.util.Random,jdk
src/main/java/zmaster587/advancedRocketry/world/biome/BiomeGenOceanSpires.java,net.minecraft.init.Blocks,net.minecraft.init,minecraft
src/main/java/zmaster587/advancedRocketry/world/biome/BiomeGenOceanSpires.java,net.minecraft.world.World,net.minecraft.world,minecraft
src/main/java/zmaster587/advancedRocketry/world/biome/BiomeGenOceanSpires.java,net.minecraft.world.biome.Biome,net.minecraft.world,minecraft
src/main/java/zmaster587/advancedRocketry/world/biome/BiomeGenOceanSpires.java,net.minecraft.world.chunk.ChunkPrimer,net.minecraft.world,minecraft
src/main/java/zmaster587/advancedRocketry/world/biome/BiomeGenOceanSpires.java,net.minecraft.world.gen.MapGenBase,net.minecraft.world,minecraft
src/main/java/zmaster587/advancedRocketry/world/biome/BiomeGenOceanSpires.java,net.minecraft.world.gen.feature.WorldGenAbstractTree,net.minecraft.world,minecraft
src/main/java/zmaster587/advancedRocketry/world/biome/BiomeGenOceanSpires.java,net.minecraft.world.gen.feature.WorldGenShrub,net.minecraft.world,minecraft
src/main/java/zmaster587/advancedRocketry/world/biome/BiomeGenOceanSpires.java,zmaster587.advancedRocketry.world.decoration.MapGenInvertedPillar,zmaster587.advancedRocketry.world,upstream_internal
src/main/java/zmaster587/advancedRocketry/world/biome/BiomeGenPumpkin.java,net.minecraft.entity.monster.EntitySkeleton,net.minecraft.entity,minecraft
src/main/java/zmaster587/advancedRocketry/world/biome/BiomeGenPumpkin.java,net.minecraft.init.Blocks,net.minecraft.init,minecraft
src/main/java/zmaster587/advancedRocketry/world/biome/BiomeGenPumpkin.java,net.minecraft.util.math.BlockPos,net.minecraft.util,minecraft
src/main/java/zmaster587/advancedRocketry/world/biome/BiomeGenPumpkin.java,net.minecraft.world.biome.Biome,net.minecraft.world,minecraft
src/main/java/zmaster587/advancedRocketry/world/biome/BiomeGenSpace.java,java.util.LinkedList,java.util.LinkedList,jdk
src/main/java/zmaster587/advancedRocketry/world/biome/BiomeGenSpace.java,java.util.List,java.util.List,jdk
src/main/java/zmaster587/advancedRocketry/world/biome/BiomeGenSpace.java,javax.annotation.Nonnull,javax.annotation.Nonnull,jdk
src/main/java/zmaster587/advancedRocketry/world/biome/BiomeGenSpace.java,net.minecraft.entity.EnumCreatureType,net.minecraft.entity,minecraft
src/main/java/zmaster587/advancedRocketry/world/biome/BiomeGenSpace.java,net.minecraft.init.Blocks,net.minecraft.init,minecraft
src/main/java/zmaster587/advancedRocketry/world/biome/BiomeGenSpace.java,net.minecraft.world.biome.Biome,net.minecraft.world,minecraft
src/main/java/zmaster587/advancedRocketry/world/biome/BiomeGenStormland.java,java.util.Random,java.util.Random,jdk
src/main/java/zmaster587/advancedRocketry/world/biome/BiomeGenStormland.java,net.minecraft.entity.monster.EntityCreeper,net.minecraft.entity,minecraft
src/main/java/zmaster587/advancedRocketry/world/biome/BiomeGenStormland.java,net.minecraft.util.math.BlockPos,net.minecraft.util,minecraft
src/main/java/zmaster587/advancedRocketry/world/biome/BiomeGenStormland.java,net.minecraft.world.World,net.minecraft.world,minecraft
src/main/java/zmaster587/advancedRocketry/world/biome/BiomeGenStormland.java,net.minecraft.world.biome.Biome,net.minecraft.world,minecraft
src/main/java/zmaster587/advancedRocketry/world/biome/BiomeGenStormland.java,net.minecraft.world.gen.feature.WorldGenAbstractTree,net.minecraft.world,minecraft
src/main/java/zmaster587/advancedRocketry/world/biome/BiomeGenStormland.java,net.minecraftforge.fml.relauncher.Side,net.minecraftforge.fml,minecraft
src/main/java/zmaster587/advancedRocketry/world/biome/BiomeGenStormland.java,net.minecraftforge.fml.relauncher.SideOnly,net.minecraftforge.fml,minecraft
src/main/java/zmaster587/advancedRocketry/world/biome/BiomeGenStormland.java,zmaster587.advancedRocketry.api.AdvancedRocketryBlocks,zmaster587.advancedRocketry.api,upstream_internal
src/main/java/zmaster587/advancedRocketry/world/biome/BiomeGenStormland.java,zmaster587.advancedRocketry.world.gen.WorldGenCharredTree,zmaster587.advancedRocketry.world,upstream_internal
src/main/java/zmaster587/advancedRocketry/world/biome/BiomeGenStormland.java,zmaster587.advancedRocketry.world.gen.WorldGenElectricMushroom,zmaster587.advancedRocketry.world,upstream_internal
src/main/java/zmaster587/advancedRocketry/world/biome/BiomeGenVolcanic.java,java.util.Random,java.util.Random,jdk
src/main/java/zmaster587/advancedRocketry/world/biome/BiomeGenVolcanic.java,net.minecraft.entity.monster.EntityCreeper,net.minecraft.entity,minecraft
src/main/java/zmaster587/advancedRocketry/world/biome/BiomeGenVolcanic.java,net.minecraft.util.math.BlockPos,net.minecraft.util,minecraft
src/main/java/zmaster587/advancedRocketry/world/biome/BiomeGenVolcanic.java,net.minecraft.world.biome.Biome,net.minecraft.world,minecraft
src/main/java/zmaster587/advancedRocketry/world/biome/BiomeGenVolcanic.java,net.minecraft.world.gen.MapGenBase,net.minecraft.world,minecraft
src/main/java/zmaster587/advancedRocketry/world/biome/BiomeGenVolcanic.java,net.minecraft.world.gen.feature.WorldGenAbstractTree,net.minecraft.world,minecraft
src/main/java/zmaster587/advancedRocketry/world/biome/BiomeGenVolcanic.java,zmaster587.advancedRocketry.api.AdvancedRocketryBlocks,zmaster587.advancedRocketry.api,upstream_internal
src/main/java/zmaster587/advancedRocketry/world/biome/BiomeGenVolcanic.java,zmaster587.advancedRocketry.world.decoration.MapGenVolcano,zmaster587.advancedRocketry.world,upstream_internal
src/main/java/zmaster587/advancedRocketry/world/biome/BiomeGenVolcanic.java,zmaster587.advancedRocketry.world.gen.WorldGenCharredTree,zmaster587.advancedRocketry.world,upstream_internal
src/main/java/zmaster587/advancedRocketry/world/biome/BiomeGenWatermelon.java,net.minecraft.entity.monster.EntityEnderman,net.minecraft.entity,minecraft
src/main/java/zmaster587/advancedRocketry/world/biome/BiomeGenWatermelon.java,net.minecraft.init.Blocks,net.minecraft.init,minecraft
src/main/java/zmaster587/advancedRocketry/world/biome/BiomeGenWatermelon.java,net.minecraft.world.biome.Biome,net.minecraft.world,minecraft
src/main/java/zmaster587/advancedRocketry/world/decoration/MapGenCaveExt.java,net.minecraft.block.state.IBlockState,net.minecraft.block,minecraft
src/main/java/zmaster587/advancedRocketry/world/decoration/MapGenCaveExt.java,net.minecraft.world.chunk.ChunkPrimer,net.minecraft.world,minecraft
src/main/java/zmaster587/advancedRocketry/world/decoration/MapGenCaveExt.java,net.minecraft.world.gen.MapGenCaves,net.minecraft.world,minecraft
src/main/java/zmaster587/advancedRocketry/world/decoration/MapGenCrater.java,java.util.List,java.util.List,jdk
src/main/java/zmaster587/advancedRocketry/world/decoration/MapGenCrater.java,java.util.stream.Collectors,java.util.stream,jdk
src/main/java/zmaster587/advancedRocketry/world/decoration/MapGenCrater.java,net.minecraft.block.Block,net.minecraft.block,minecraft
src/main/java/zmaster587/advancedRocketry/world/decoration/MapGenCrater.java,net.minecraft.block.BlockLiquid,net.minecraft.block,minecraft
src/main/java/zmaster587/advancedRocketry/world/decoration/MapGenCrater.java,net.minecraft.block.state.IBlockState,net.minecraft.block,minecraft
src/main/java/zmaster587/advancedRocketry/world/decoration/MapGenCrater.java,net.minecraft.init.Blocks,net.minecraft.init,minecraft
src/main/java/zmaster587/advancedRocketry/world/decoration/MapGenCrater.java,net.minecraft.util.math.BlockPos,net.minecraft.util,minecraft
src/main/java/zmaster587/advancedRocketry/world/decoration/MapGenCrater.java,net.minecraft.world.World,net.minecraft.world,minecraft
src/main/java/zmaster587/advancedRocketry/world/decoration/MapGenCrater.java,net.minecraft.world.biome.Biome,net.minecraft.world,minecraft
src/main/java/zmaster587/advancedRocketry/world/decoration/MapGenCrater.java,net.minecraft.world.chunk.ChunkPrimer,net.minecraft.world,minecraft
src/main/java/zmaster587/advancedRocketry/world/decoration/MapGenCrater.java,net.minecraft.world.gen.MapGenBase,net.minecraft.world,minecraft
src/main/java/zmaster587/advancedRocketry/world/decoration/MapGenCrater.java,net.minecraftforge.common.BiomeManager,net.minecraftforge.common,minecraft
src/main/java/zmaster587/advancedRocketry/world/decoration/MapGenCrater.java,net.minecraftforge.fluids.IFluidBlock,net.minecraftforge.fluids,minecraft
src/main/java/zmaster587/advancedRocketry/world/decoration/MapGenCrater.java,net.minecraftforge.oredict.OreDictionary,net.minecraftforge.oredict,minecraft
src/main/java/zmaster587/advancedRocketry/world/decoration/MapGenCrater.java,zmaster587.advancedRocketry.dimension.DimensionManager,zmaster587.advancedRocketry.dimension,upstream_internal
src/main/java/zmaster587/advancedRocketry/world/decoration/MapGenCrater.java,zmaster587.advancedRocketry.dimension.DimensionProperties,zmaster587.advancedRocketry.dimension,upstream_internal
src/main/java/zmaster587/advancedRocketry/world/decoration/MapGenCrater.java,zmaster587.libVulpes.block.BlockMeta,zmaster587.libVulpes.block,libvulpes
src/main/java/zmaster587/advancedRocketry/world/decoration/MapGenCraterHuge.java,java.util.List,java.util.List,jdk
src/main/java/zmaster587/advancedRocketry/world/decoration/MapGenCraterHuge.java,java.util.stream.Collectors,java.util.stream,jdk
src/main/java/zmaster587/advancedRocketry/world/decoration/MapGenCraterHuge.java,net.minecraft.block.Block,net.minecraft.block,minecraft
src/main/java/zmaster587/advancedRocketry/world/decoration/MapGenCraterHuge.java,net.minecraft.block.BlockLiquid,net.minecraft.block,minecraft
src/main/java/zmaster587/advancedRocketry/world/decoration/MapGenCraterHuge.java,net.minecraft.block.state.IBlockState,net.minecraft.block,minecraft
src/main/java/zmaster587/advancedRocketry/world/decoration/MapGenCraterHuge.java,net.minecraft.init.Blocks,net.minecraft.init,minecraft
src/main/java/zmaster587/advancedRocketry/world/decoration/MapGenCraterHuge.java,net.minecraft.util.math.BlockPos,net.minecraft.util,minecraft
src/main/java/zmaster587/advancedRocketry/world/decoration/MapGenCraterHuge.java,net.minecraft.world.World,net.minecraft.world,minecraft
src/main/java/zmaster587/advancedRocketry/world/decoration/MapGenCraterHuge.java,net.minecraft.world.biome.Biome,net.minecraft.world,minecraft
src/main/java/zmaster587/advancedRocketry/world/decoration/MapGenCraterHuge.java,net.minecraft.world.chunk.ChunkPrimer,net.minecraft.world,minecraft
src/main/java/zmaster587/advancedRocketry/world/decoration/MapGenCraterHuge.java,net.minecraft.world.gen.MapGenBase,net.minecraft.world,minecraft
src/main/java/zmaster587/advancedRocketry/world/decoration/MapGenCraterHuge.java,net.minecraftforge.common.BiomeManager,net.minecraftforge.common,minecraft
src/main/java/zmaster587/advancedRocketry/world/decoration/MapGenCraterHuge.java,net.minecraftforge.fluids.IFluidBlock,net.minecraftforge.fluids,minecraft
src/main/java/zmaster587/advancedRocketry/world/decoration/MapGenCraterHuge.java,net.minecraftforge.oredict.OreDictionary,net.minecraftforge.oredict,minecraft
src/main/java/zmaster587/advancedRocketry/world/decoration/MapGenCraterHuge.java,zmaster587.advancedRocketry.dimension.DimensionManager,zmaster587.advancedRocketry.dimension,upstream_internal
src/main/java/zmaster587/advancedRocketry/world/decoration/MapGenCraterHuge.java,zmaster587.advancedRocketry.dimension.DimensionProperties,zmaster587.advancedRocketry.dimension,upstream_internal
src/main/java/zmaster587/advancedRocketry/world/decoration/MapGenCraterHuge.java,zmaster587.libVulpes.block.BlockMeta,zmaster587.libVulpes.block,libvulpes
src/main/java/zmaster587/advancedRocketry/world/decoration/MapGenCraterSmall.java,java.util.List,java.util.List,jdk
src/main/java/zmaster587/advancedRocketry/world/decoration/MapGenCraterSmall.java,java.util.stream.Collectors,java.util.stream,jdk
src/main/java/zmaster587/advancedRocketry/world/decoration/MapGenCraterSmall.java,net.minecraft.block.Block,net.minecraft.block,minecraft
src/main/java/zmaster587/advancedRocketry/world/decoration/MapGenCraterSmall.java,net.minecraft.block.BlockLiquid,net.minecraft.block,minecraft
src/main/java/zmaster587/advancedRocketry/world/decoration/MapGenCraterSmall.java,net.minecraft.block.state.IBlockState,net.minecraft.block,minecraft
src/main/java/zmaster587/advancedRocketry/world/decoration/MapGenCraterSmall.java,net.minecraft.init.Blocks,net.minecraft.init,minecraft
src/main/java/zmaster587/advancedRocketry/world/decoration/MapGenCraterSmall.java,net.minecraft.util.math.BlockPos,net.minecraft.util,minecraft
src/main/java/zmaster587/advancedRocketry/world/decoration/MapGenCraterSmall.java,net.minecraft.world.World,net.minecraft.world,minecraft
src/main/java/zmaster587/advancedRocketry/world/decoration/MapGenCraterSmall.java,net.minecraft.world.biome.Biome,net.minecraft.world,minecraft
src/main/java/zmaster587/advancedRocketry/world/decoration/MapGenCraterSmall.java,net.minecraft.world.chunk.ChunkPrimer,net.minecraft.world,minecraft
src/main/java/zmaster587/advancedRocketry/world/decoration/MapGenCraterSmall.java,net.minecraft.world.gen.MapGenBase,net.minecraft.world,minecraft
src/main/java/zmaster587/advancedRocketry/world/decoration/MapGenCraterSmall.java,net.minecraftforge.common.BiomeManager,net.minecraftforge.common,minecraft
src/main/java/zmaster587/advancedRocketry/world/decoration/MapGenCraterSmall.java,net.minecraftforge.fluids.IFluidBlock,net.minecraftforge.fluids,minecraft
src/main/java/zmaster587/advancedRocketry/world/decoration/MapGenCraterSmall.java,net.minecraftforge.oredict.OreDictionary,net.minecraftforge.oredict,minecraft
src/main/java/zmaster587/advancedRocketry/world/decoration/MapGenCraterSmall.java,zmaster587.advancedRocketry.dimension.DimensionManager,zmaster587.advancedRocketry.dimension,upstream_internal
src/main/java/zmaster587/advancedRocketry/world/decoration/MapGenCraterSmall.java,zmaster587.advancedRocketry.dimension.DimensionProperties,zmaster587.advancedRocketry.dimension,upstream_internal
src/main/java/zmaster587/advancedRocketry/world/decoration/MapGenCraterSmall.java,zmaster587.libVulpes.block.BlockMeta,zmaster587.libVulpes.block,libvulpes
src/main/java/zmaster587/advancedRocketry/world/decoration/MapGenGeode.java,java.util.ArrayList,java.util.ArrayList,jdk
src/main/java/zmaster587/advancedRocketry/world/decoration/MapGenGeode.java,java.util.List,java.util.List,jdk
src/main/java/zmaster587/advancedRocketry/world/decoration/MapGenGeode.java,java.util.stream.Collectors,java.util.stream,jdk
src/main/java/zmaster587/advancedRocketry/world/decoration/MapGenGeode.java,net.minecraft.block.Block,net.minecraft.block,minecraft
src/main/java/zmaster587/advancedRocketry/world/decoration/MapGenGeode.java,net.minecraft.init.Blocks,net.minecraft.init,minecraft
src/main/java/zmaster587/advancedRocketry/world/decoration/MapGenGeode.java,net.minecraft.item.ItemStack,net.minecraft.item,minecraft
src/main/java/zmaster587/advancedRocketry/world/decoration/MapGenGeode.java,net.minecraft.util.math.BlockPos,net.minecraft.util,minecraft
src/main/java/zmaster587/advancedRocketry/world/decoration/MapGenGeode.java,net.minecraft.world.World,net.minecraft.world,minecraft
src/main/java/zmaster587/advancedRocketry/world/decoration/MapGenGeode.java,net.minecraft.world.chunk.ChunkPrimer,net.minecraft.world,minecraft
src/main/java/zmaster587/advancedRocketry/world/decoration/MapGenGeode.java,net.minecraft.world.gen.MapGenBase,net.minecraft.world,minecraft
src/main/java/zmaster587/advancedRocketry/world/decoration/MapGenGeode.java,net.minecraftforge.common.BiomeDictionary,net.minecraftforge.common,minecraft
src/main/java/zmaster587/advancedRocketry/world/decoration/MapGenGeode.java,net.minecraftforge.oredict.OreDictionary,net.minecraftforge.oredict,minecraft
src/main/java/zmaster587/advancedRocketry/world/decoration/MapGenGeode.java,zmaster587.advancedRocketry.api.ARConfiguration,zmaster587.advancedRocketry.api,upstream_internal
src/main/java/zmaster587/advancedRocketry/world/decoration/MapGenGeode.java,zmaster587.advancedRocketry.api.AdvancedRocketryBlocks,zmaster587.advancedRocketry.api,upstream_internal
src/main/java/zmaster587/advancedRocketry/world/decoration/MapGenGeode.java,zmaster587.advancedRocketry.dimension.DimensionManager,zmaster587.advancedRocketry.dimension,upstream_internal
src/main/java/zmaster587/advancedRocketry/world/decoration/MapGenGeode.java,zmaster587.advancedRocketry.dimension.DimensionProperties,zmaster587.advancedRocketry.dimension,upstream_internal
src/main/java/zmaster587/advancedRocketry/world/decoration/MapGenGeode.java,zmaster587.libVulpes.block.BlockMeta,zmaster587.libVulpes.block,libvulpes
src/main/java/zmaster587/advancedRocketry/world/decoration/MapGenHighCaves.java,net.minecraft.world.World,net.minecraft.world,minecraft
src/main/java/zmaster587/advancedRocketry/world/decoration/MapGenHighCaves.java,net.minecraft.world.chunk.ChunkPrimer,net.minecraft.world,minecraft
src/main/java/zmaster587/advancedRocketry/world/decoration/MapGenInvertedPillar.java,net.minecraft.block.state.IBlockState,net.minecraft.block,minecraft
src/main/java/zmaster587/advancedRocketry/world/decoration/MapGenInvertedPillar.java,net.minecraft.init.Blocks,net.minecraft.init,minecraft
src/main/java/zmaster587/advancedRocketry/world/decoration/MapGenInvertedPillar.java,net.minecraft.world.World,net.minecraft.world,minecraft
src/main/java/zmaster587/advancedRocketry/world/decoration/MapGenInvertedPillar.java,net.minecraft.world.chunk.ChunkPrimer,net.minecraft.world,minecraft
src/main/java/zmaster587/advancedRocketry/world/decoration/MapGenInvertedPillar.java,net.minecraft.world.gen.MapGenBase,net.minecraft.world,minecraft
src/main/java/zmaster587/advancedRocketry/world/decoration/MapGenLander.java,net.minecraft.block.BlockSlab,net.minecraft.block,minecraft
src/main/java/zmaster587/advancedRocketry/world/decoration/MapGenLander.java,net.minecraft.block.BlockSlab.EnumBlockHalf,net.minecraft.block,minecraft
src/main/java/zmaster587/advancedRocketry/world/decoration/MapGenLander.java,net.minecraft.init.Blocks,net.minecraft.init,minecraft
src/main/java/zmaster587/advancedRocketry/world/decoration/MapGenLander.java,net.minecraft.util.math.BlockPos,net.minecraft.util,minecraft
src/main/java/zmaster587/advancedRocketry/world/decoration/MapGenLander.java,net.minecraft.world.World,net.minecraft.world,minecraft
src/main/java/zmaster587/advancedRocketry/world/decoration/MapGenLander.java,net.minecraftforge.event.terraingen.PopulateChunkEvent,net.minecraftforge.event,minecraft
src/main/java/zmaster587/advancedRocketry/world/decoration/MapGenLander.java,net.minecraftforge.fml.common.eventhandler.SubscribeEvent,net.minecraftforge.fml,minecraft
src/main/java/zmaster587/advancedRocketry/world/decoration/MapGenLander.java,zmaster587.advancedRocketry.api.AdvancedRocketryBlocks,zmaster587.advancedRocketry.api,upstream_internal
src/main/java/zmaster587/advancedRocketry/world/decoration/MapGenLander.java,zmaster587.advancedRocketry.dimension.DimensionManager,zmaster587.advancedRocketry.dimension,upstream_internal
src/main/java/zmaster587/advancedRocketry/world/decoration/MapGenLargeCrystal.java,net.minecraft.block.Block,net.minecraft.block,minecraft
src/main/java/zmaster587/advancedRocketry/world/decoration/MapGenLargeCrystal.java,net.minecraft.block.state.IBlockState,net.minecraft.block,minecraft
src/main/java/zmaster587/advancedRocketry/world/decoration/MapGenLargeCrystal.java,net.minecraft.init.Blocks,net.minecraft.init,minecraft
src/main/java/zmaster587/advancedRocketry/world/decoration/MapGenLargeCrystal.java,net.minecraft.world.World,net.minecraft.world,minecraft
src/main/java/zmaster587/advancedRocketry/world/decoration/MapGenLargeCrystal.java,net.minecraft.world.chunk.ChunkPrimer,net.minecraft.world,minecraft
src/main/java/zmaster587/advancedRocketry/world/decoration/MapGenLargeCrystal.java,net.minecraft.world.gen.MapGenBase,net.minecraft.world,minecraft
src/main/java/zmaster587/advancedRocketry/world/decoration/MapGenLargeCrystal.java,zmaster587.advancedRocketry.block.BlockCrystal,zmaster587.advancedRocketry.block,upstream_internal
src/main/java/zmaster587/advancedRocketry/world/decoration/MapGenMassiveRavine.java,net.minecraft.world.World,net.minecraft.world,minecraft
src/main/java/zmaster587/advancedRocketry/world/decoration/MapGenMassiveRavine.java,net.minecraft.world.chunk.ChunkPrimer,net.minecraft.world,minecraft
src/main/java/zmaster587/advancedRocketry/world/decoration/MapGenRavineExt.java,net.minecraft.block.state.IBlockState,net.minecraft.block,minecraft
src/main/java/zmaster587/advancedRocketry/world/decoration/MapGenRavineExt.java,net.minecraft.init.Blocks,net.minecraft.init,minecraft
src/main/java/zmaster587/advancedRocketry/world/decoration/MapGenRavineExt.java,net.minecraft.util.math.BlockPos,net.minecraft.util,minecraft
src/main/java/zmaster587/advancedRocketry/world/decoration/MapGenRavineExt.java,net.minecraft.world.chunk.ChunkPrimer,net.minecraft.world,minecraft
src/main/java/zmaster587/advancedRocketry/world/decoration/MapGenRavineExt.java,net.minecraft.world.gen.MapGenRavine,net.minecraft.world,minecraft
src/main/java/zmaster587/advancedRocketry/world/decoration/MapGenSpaceStation.java,net.minecraft.block.BlockPistonBase,net.minecraft.block,minecraft
src/main/java/zmaster587/advancedRocketry/world/decoration/MapGenSpaceStation.java,net.minecraft.init.Blocks,net.minecraft.init,minecraft
src/main/java/zmaster587/advancedRocketry/world/decoration/MapGenSpaceStation.java,net.minecraft.util.EnumFacing,net.minecraft.util,minecraft
src/main/java/zmaster587/advancedRocketry/world/decoration/MapGenSpaceStation.java,net.minecraft.util.math.BlockPos,net.minecraft.util,minecraft
src/main/java/zmaster587/advancedRocketry/world/decoration/MapGenSpaceStation.java,net.minecraft.world.World,net.minecraft.world,minecraft
src/main/java/zmaster587/advancedRocketry/world/decoration/MapGenSpaceStation.java,zmaster587.advancedRocketry.api.AdvancedRocketryBlocks,zmaster587.advancedRocketry.api,upstream_internal
src/main/java/zmaster587/advancedRocketry/world/decoration/MapGenSpaceVillage.java,java.util.Arrays,java.util.Arrays,jdk
src/main/java/zmaster587/advancedRocketry/world/decoration/MapGenSpaceVillage.java,java.util.List,java.util.List,jdk
src/main/java/zmaster587/advancedRocketry/world/decoration/MapGenSpaceVillage.java,java.util.Random,java.util.Random,jdk
src/main/java/zmaster587/advancedRocketry/world/decoration/MapGenSpaceVillage.java,net.minecraft.init.Biomes,net.minecraft.init,minecraft
src/main/java/zmaster587/advancedRocketry/world/decoration/MapGenSpaceVillage.java,net.minecraft.world.biome.Biome,net.minecraft.world,minecraft
src/main/java/zmaster587/advancedRocketry/world/decoration/MapGenSpaceVillage.java,net.minecraft.world.gen.structure.MapGenVillage,net.minecraft.world,minecraft
src/main/java/zmaster587/advancedRocketry/world/decoration/MapGenSwampTree.java,java.util.HashMap,java.util.HashMap,jdk
src/main/java/zmaster587/advancedRocketry/world/decoration/MapGenSwampTree.java,java.util.Map,java.util.Map,jdk
src/main/java/zmaster587/advancedRocketry/world/decoration/MapGenSwampTree.java,java.util.Map.Entry,java.util.Map,jdk
src/main/java/zmaster587/advancedRocketry/world/decoration/MapGenSwampTree.java,java.util.Random,java.util.Random,jdk
src/main/java/zmaster587/advancedRocketry/world/decoration/MapGenSwampTree.java,net.minecraft.block.BlockLeaves,net.minecraft.block,minecraft
src/main/java/zmaster587/advancedRocketry/world/decoration/MapGenSwampTree.java,net.minecraft.block.BlockLog,net.minecraft.block,minecraft
src/main/java/zmaster587/advancedRocketry/world/decoration/MapGenSwampTree.java,net.minecraft.block.state.IBlockState,net.minecraft.block,minecraft
src/main/java/zmaster587/advancedRocketry/world/decoration/MapGenSwampTree.java,net.minecraft.init.Blocks,net.minecraft.init,minecraft
src/main/java/zmaster587/advancedRocketry/world/decoration/MapGenSwampTree.java,net.minecraft.util.math.BlockPos,net.minecraft.util,minecraft
src/main/java/zmaster587/advancedRocketry/world/decoration/MapGenSwampTree.java,net.minecraft.world.World,net.minecraft.world,minecraft
src/main/java/zmaster587/advancedRocketry/world/decoration/MapGenSwampTree.java,net.minecraft.world.chunk.ChunkPrimer,net.minecraft.world,minecraft
src/main/java/zmaster587/advancedRocketry/world/decoration/MapGenSwampTree.java,net.minecraft.world.gen.MapGenBase,net.minecraft.world,minecraft
src/main/java/zmaster587/advancedRocketry/world/decoration/MapGenSwampTree.java,zmaster587.advancedRocketry.world.biome.BiomeGenDeepSwamp,zmaster587.advancedRocketry.world,upstream_internal
src/main/java/zmaster587/advancedRocketry/world/decoration/MapGenVolcano.java,net.minecraft.block.Block,net.minecraft.block,minecraft
src/main/java/zmaster587/advancedRocketry/world/decoration/MapGenVolcano.java,net.minecraft.world.World,net.minecraft.world,minecraft
src/main/java/zmaster587/advancedRocketry/world/decoration/MapGenVolcano.java,net.minecraft.world.chunk.ChunkPrimer,net.minecraft.world,minecraft
src/main/java/zmaster587/advancedRocketry/world/decoration/MapGenVolcano.java,net.minecraft.world.gen.MapGenBase,net.minecraft.world,minecraft
src/main/java/zmaster587/advancedRocketry/world/decoration/MapGenVolcano.java,zmaster587.advancedRocketry.api.AdvancedRocketryBlocks,zmaster587.advancedRocketry.api,upstream_internal
src/main/java/zmaster587/advancedRocketry/world/gen/GenLayerVoronoiExtended.java,net.minecraft.world.gen.layer.GenLayer,net.minecraft.world,minecraft
src/main/java/zmaster587/advancedRocketry/world/gen/GenLayerVoronoiExtended.java,net.minecraft.world.gen.layer.IntCache,net.minecraft.world,minecraft
src/main/java/zmaster587/advancedRocketry/world/gen/WorldGenAlienTree.java,java.util.Random,java.util.Random,jdk
src/main/java/zmaster587/advancedRocketry/world/gen/WorldGenAlienTree.java,javax.annotation.Nonnull,javax.annotation.Nonnull,jdk
src/main/java/zmaster587/advancedRocketry/world/gen/WorldGenAlienTree.java,net.minecraft.block.Block,net.minecraft.block,minecraft
src/main/java/zmaster587/advancedRocketry/world/gen/WorldGenAlienTree.java,net.minecraft.block.BlockLog,net.minecraft.block,minecraft
src/main/java/zmaster587/advancedRocketry/world/gen/WorldGenAlienTree.java,net.minecraft.block.BlockSapling,net.minecraft.block,minecraft
src/main/java/zmaster587/advancedRocketry/world/gen/WorldGenAlienTree.java,net.minecraft.block.state.IBlockState,net.minecraft.block,minecraft
src/main/java/zmaster587/advancedRocketry/world/gen/WorldGenAlienTree.java,net.minecraft.init.Blocks,net.minecraft.init,minecraft
src/main/java/zmaster587/advancedRocketry/world/gen/WorldGenAlienTree.java,net.minecraft.util.EnumFacing,net.minecraft.util,minecraft
src/main/java/zmaster587/advancedRocketry/world/gen/WorldGenAlienTree.java,net.minecraft.util.math.BlockPos,net.minecraft.util,minecraft
src/main/java/zmaster587/advancedRocketry/world/gen/WorldGenAlienTree.java,net.minecraft.world.World,net.minecraft.world,minecraft
src/main/java/zmaster587/advancedRocketry/world/gen/WorldGenAlienTree.java,net.minecraft.world.gen.feature.WorldGenAbstractTree,net.minecraft.world,minecraft
src/main/java/zmaster587/advancedRocketry/world/gen/WorldGenAlienTree.java,zmaster587.advancedRocketry.api.AdvancedRocketryBlocks,zmaster587.advancedRocketry.api,upstream_internal
src/main/java/zmaster587/advancedRocketry/world/gen/WorldGenCharredTree.java,java.util.Random,java.util.Random,jdk
src/main/java/zmaster587/advancedRocketry/world/gen/WorldGenCharredTree.java,net.minecraft.block.Block,net.minecraft.block,minecraft
src/main/java/zmaster587/advancedRocketry/world/gen/WorldGenCharredTree.java,net.minecraft.block.BlockLog,net.minecraft.block,minecraft
src/main/java/zmaster587/advancedRocketry/world/gen/WorldGenCharredTree.java,net.minecraft.block.state.IBlockState,net.minecraft.block,minecraft
src/main/java/zmaster587/advancedRocketry/world/gen/WorldGenCharredTree.java,net.minecraft.util.math.BlockPos,net.minecraft.util,minecraft
src/main/java/zmaster587/advancedRocketry/world/gen/WorldGenCharredTree.java,net.minecraft.world.World,net.minecraft.world,minecraft
src/main/java/zmaster587/advancedRocketry/world/gen/WorldGenCharredTree.java,net.minecraft.world.gen.feature.WorldGenAbstractTree,net.minecraft.world,minecraft
src/main/java/zmaster587/advancedRocketry/world/gen/WorldGenCharredTree.java,zmaster587.advancedRocketry.api.AdvancedRocketryBlocks,zmaster587.advancedRocketry.api,upstream_internal
src/main/java/zmaster587/advancedRocketry/world/gen/WorldGenElectricMushroom.java,java.util.Random,java.util.Random,jdk
src/main/java/zmaster587/advancedRocketry/world/gen/WorldGenElectricMushroom.java,net.minecraft.block.Block,net.minecraft.block,minecraft
src/main/java/zmaster587/advancedRocketry/world/gen/WorldGenElectricMushroom.java,net.minecraft.block.state.IBlockState,net.minecraft.block,minecraft
src/main/java/zmaster587/advancedRocketry/world/gen/WorldGenElectricMushroom.java,net.minecraft.util.math.BlockPos,net.minecraft.util,minecraft
src/main/java/zmaster587/advancedRocketry/world/gen/WorldGenElectricMushroom.java,net.minecraft.world.World,net.minecraft.world,minecraft
src/main/java/zmaster587/advancedRocketry/world/gen/WorldGenElectricMushroom.java,net.minecraft.world.gen.feature.WorldGenerator,net.minecraft.world,minecraft
src/main/java/zmaster587/advancedRocketry/world/gen/WorldGenElectricMushroom.java,zmaster587.advancedRocketry.block.BlockElectricMushroom,zmaster587.advancedRocketry.block,upstream_internal
src/main/java/zmaster587/advancedRocketry/world/gen/WorldGenLargeCrystal.java,java.util.Random,java.util.Random,jdk
src/main/java/zmaster587/advancedRocketry/world/gen/WorldGenLargeCrystal.java,javax.annotation.Nonnull,javax.annotation.Nonnull,jdk
src/main/java/zmaster587/advancedRocketry/world/gen/WorldGenLargeCrystal.java,net.minecraft.block.Block,net.minecraft.block,minecraft
src/main/java/zmaster587/advancedRocketry/world/gen/WorldGenLargeCrystal.java,net.minecraft.block.state.IBlockState,net.minecraft.block,minecraft
src/main/java/zmaster587/advancedRocketry/world/gen/WorldGenLargeCrystal.java,net.minecraft.util.math.BlockPos,net.minecraft.util,minecraft
src/main/java/zmaster587/advancedRocketry/world/gen/WorldGenLargeCrystal.java,net.minecraft.world.World,net.minecraft.world,minecraft
src/main/java/zmaster587/advancedRocketry/world/gen/WorldGenLargeCrystal.java,net.minecraft.world.chunk.Chunk,net.minecraft.world,minecraft
src/main/java/zmaster587/advancedRocketry/world/gen/WorldGenLargeCrystal.java,net.minecraft.world.gen.feature.WorldGenerator,net.minecraft.world,minecraft
src/main/java/zmaster587/advancedRocketry/world/gen/WorldGenLargeCrystal.java,zmaster587.advancedRocketry.api.AdvancedRocketryBlocks,zmaster587.advancedRocketry.api,upstream_internal
src/main/java/zmaster587/advancedRocketry/world/gen/WorldGenLargeCrystal.java,zmaster587.advancedRocketry.block.BlockCrystal,zmaster587.advancedRocketry.block,upstream_internal
src/main/java/zmaster587/advancedRocketry/world/gen/WorldGenNoTree.java,java.util.Random,java.util.Random,jdk
src/main/java/zmaster587/advancedRocketry/world/gen/WorldGenNoTree.java,net.minecraft.util.math.BlockPos,net.minecraft.util,minecraft
src/main/java/zmaster587/advancedRocketry/world/gen/WorldGenNoTree.java,net.minecraft.world.World,net.minecraft.world,minecraft
src/main/java/zmaster587/advancedRocketry/world/gen/WorldGenNoTree.java,net.minecraft.world.gen.feature.WorldGenAbstractTree,net.minecraft.world,minecraft
src/main/java/zmaster587/advancedRocketry/world/ore/CustomizableOreGen.java,com.google.common.base.Predicate,com.google.common,third_party
src/main/java/zmaster587/advancedRocketry/world/ore/CustomizableOreGen.java,java.util.Random,java.util.Random,jdk
src/main/java/zmaster587/advancedRocketry/world/ore/CustomizableOreGen.java,net.minecraft.block.BlockStone,net.minecraft.block,minecraft
src/main/java/zmaster587/advancedRocketry/world/ore/CustomizableOreGen.java,net.minecraft.block.state.IBlockState,net.minecraft.block,minecraft
src/main/java/zmaster587/advancedRocketry/world/ore/CustomizableOreGen.java,net.minecraft.init.Blocks,net.minecraft.init,minecraft
src/main/java/zmaster587/advancedRocketry/world/ore/CustomizableOreGen.java,net.minecraft.util.math.BlockPos,net.minecraft.util,minecraft
src/main/java/zmaster587/advancedRocketry/world/ore/CustomizableOreGen.java,net.minecraft.world.World,net.minecraft.world,minecraft
src/main/java/zmaster587/advancedRocketry/world/ore/CustomizableOreGen.java,net.minecraft.world.chunk.IChunkProvider,net.minecraft.world,minecraft
src/main/java/zmaster587/advancedRocketry/world/ore/CustomizableOreGen.java,net.minecraft.world.gen.IChunkGenerator,net.minecraft.world,minecraft
src/main/java/zmaster587/advancedRocketry/world/ore/CustomizableOreGen.java,net.minecraft.world.gen.feature.WorldGenMinable,net.minecraft.world,minecraft
src/main/java/zmaster587/advancedRocketry/world/ore/CustomizableOreGen.java,net.minecraftforge.fml.common.IWorldGenerator,net.minecraftforge.fml,minecraft
src/main/java/zmaster587/advancedRocketry/world/ore/CustomizableOreGen.java,zmaster587.advancedRocketry.dimension.DimensionManager,zmaster587.advancedRocketry.dimension,upstream_internal
src/main/java/zmaster587/advancedRocketry/world/ore/CustomizableOreGen.java,zmaster587.advancedRocketry.util.OreGenProperties,zmaster587.advancedRocketry.util,upstream_internal
src/main/java/zmaster587/advancedRocketry/world/ore/OreGenerator.java,java.util.Random,java.util.Random,jdk
src/main/java/zmaster587/advancedRocketry/world/ore/OreGenerator.java,net.minecraft.block.Block,net.minecraft.block,minecraft
src/main/java/zmaster587/advancedRocketry/world/ore/OreGenerator.java,net.minecraft.block.state.IBlockState,net.minecraft.block,minecraft
src/main/java/zmaster587/advancedRocketry/world/ore/OreGenerator.java,net.minecraft.util.math.BlockPos,net.minecraft.util,minecraft
src/main/java/zmaster587/advancedRocketry/world/ore/OreGenerator.java,net.minecraft.world.World,net.minecraft.world,minecraft
src/main/java/zmaster587/advancedRocketry/world/ore/OreGenerator.java,net.minecraft.world.chunk.IChunkProvider,net.minecraft.world,minecraft
src/main/java/zmaster587/advancedRocketry/world/ore/OreGenerator.java,net.minecraft.world.gen.IChunkGenerator,net.minecraft.world,minecraft
src/main/java/zmaster587/advancedRocketry/world/ore/OreGenerator.java,net.minecraft.world.gen.feature.WorldGenMinable,net.minecraft.world,minecraft
src/main/java/zmaster587/advancedRocketry/world/ore/OreGenerator.java,net.minecraft.world.gen.feature.WorldGenerator,net.minecraft.world,minecraft
src/main/java/zmaster587/advancedRocketry/world/ore/OreGenerator.java,net.minecraftforge.common.MinecraftForge,net.minecraftforge.common,minecraft
src/main/java/zmaster587/advancedRocketry/world/ore/OreGenerator.java,net.minecraftforge.event.terraingen.OreGenEvent,net.minecraftforge.event,minecraft
src/main/java/zmaster587/advancedRocketry/world/ore/OreGenerator.java,net.minecraftforge.event.terraingen.OreGenEvent.GenerateMinable.EventType,net.minecraftforge.event,minecraft
src/main/java/zmaster587/advancedRocketry/world/ore/OreGenerator.java,net.minecraftforge.fml.common.IWorldGenerator,net.minecraftforge.fml,minecraft
src/main/java/zmaster587/advancedRocketry/world/ore/OreGenerator.java,net.minecraftforge.fml.common.eventhandler.Event.Result,net.minecraftforge.fml,minecraft
src/main/java/zmaster587/advancedRocketry/world/ore/OreGenerator.java,zmaster587.advancedRocketry.api.ARConfiguration,zmaster587.advancedRocketry.api,upstream_internal
src/main/java/zmaster587/advancedRocketry/world/ore/OreGenerator.java,zmaster587.advancedRocketry.dimension.DimensionManager,zmaster587.advancedRocketry.dimension,upstream_internal
src/main/java/zmaster587/advancedRocketry/world/ore/OreGenerator.java,zmaster587.advancedRocketry.dimension.DimensionProperties,zmaster587.advancedRocketry.dimension,upstream_internal
src/main/java/zmaster587/advancedRocketry/world/ore/OreGenerator.java,zmaster587.advancedRocketry.world.provider.WorldProviderPlanet,zmaster587.advancedRocketry.world,upstream_internal
src/main/java/zmaster587/advancedRocketry/world/ore/OreGenerator.java,zmaster587.libVulpes.api.material.AllowedProducts,zmaster587.libVulpes.api,libvulpes
src/main/java/zmaster587/advancedRocketry/world/ore/OreGenerator.java,zmaster587.libVulpes.api.material.Material,zmaster587.libVulpes.api,libvulpes
src/main/java/zmaster587/advancedRocketry/world/ore/OreGenerator.java,zmaster587.libVulpes.api.material.MaterialRegistry,zmaster587.libVulpes.api,libvulpes
src/main/java/zmaster587/advancedRocketry/world/provider/WorldProviderAsteroid.java,net.minecraft.util.math.BlockPos,net.minecraft.util,minecraft
src/main/java/zmaster587/advancedRocketry/world/provider/WorldProviderAsteroid.java,net.minecraft.world.biome.BiomeProviderSingle,net.minecraft.world,minecraft
src/main/java/zmaster587/advancedRocketry/world/provider/WorldProviderAsteroid.java,net.minecraft.world.gen.IChunkGenerator,net.minecraft.world,minecraft
src/main/java/zmaster587/advancedRocketry/world/provider/WorldProviderAsteroid.java,net.minecraftforge.client.IRenderHandler,net.minecraftforge.client,client_api
src/main/java/zmaster587/advancedRocketry/world/provider/WorldProviderAsteroid.java,net.minecraftforge.fml.relauncher.Side,net.minecraftforge.fml,minecraft
src/main/java/zmaster587/advancedRocketry/world/provider/WorldProviderAsteroid.java,net.minecraftforge.fml.relauncher.SideOnly,net.minecraftforge.fml,minecraft
src/main/java/zmaster587/advancedRocketry/world/provider/WorldProviderAsteroid.java,zmaster587.advancedRocketry.AdvancedRocketry,zmaster587.advancedRocketry.AdvancedRocketry,upstream_internal
src/main/java/zmaster587/advancedRocketry/world/provider/WorldProviderAsteroid.java,zmaster587.advancedRocketry.api.ARConfiguration,zmaster587.advancedRocketry.api,upstream_internal
src/main/java/zmaster587/advancedRocketry/world/provider/WorldProviderAsteroid.java,zmaster587.advancedRocketry.api.AdvancedRocketryBiomes,zmaster587.advancedRocketry.api,upstream_internal
src/main/java/zmaster587/advancedRocketry/world/provider/WorldProviderAsteroid.java,zmaster587.advancedRocketry.client.render.planet.RenderAsteroidSky,zmaster587.advancedRocketry.client,upstream_internal
src/main/java/zmaster587/advancedRocketry/world/provider/WorldProviderAsteroid.java,zmaster587.advancedRocketry.world.ChunkProviderAsteroids,zmaster587.advancedRocketry.world,upstream_internal
src/main/java/zmaster587/advancedRocketry/world/provider/WorldProviderPlanet.java,java.util.Set,java.util.Set,jdk
src/main/java/zmaster587/advancedRocketry/world/provider/WorldProviderPlanet.java,javax.annotation.Nonnull,javax.annotation.Nonnull,jdk
src/main/java/zmaster587/advancedRocketry/world/provider/WorldProviderPlanet.java,javax.annotation.Nullable,javax.annotation.Nullable,jdk
src/main/java/zmaster587/advancedRocketry/world/provider/WorldProviderPlanet.java,net.minecraft.client.Minecraft,net.minecraft.client,client_api
src/main/java/zmaster587/advancedRocketry/world/provider/WorldProviderPlanet.java,net.minecraft.entity.Entity,net.minecraft.entity,minecraft
src/main/java/zmaster587/advancedRocketry/world/provider/WorldProviderPlanet.java,net.minecraft.entity.player.EntityPlayer,net.minecraft.entity,minecraft
src/main/java/zmaster587/advancedRocketry/world/provider/WorldProviderPlanet.java,net.minecraft.entity.player.EntityPlayerMP,net.minecraft.entity,minecraft
src/main/java/zmaster587/advancedRocketry/world/provider/WorldProviderPlanet.java,net.minecraft.item.ItemStack,net.minecraft.item,minecraft
src/main/java/zmaster587/advancedRocketry/world/provider/WorldProviderPlanet.java,net.minecraft.util.math.BlockPos,net.minecraft.util,minecraft
src/main/java/zmaster587/advancedRocketry/world/provider/WorldProviderPlanet.java,net.minecraft.util.math.MathHelper,net.minecraft.util,minecraft
src/main/java/zmaster587/advancedRocketry/world/provider/WorldProviderPlanet.java,net.minecraft.util.math.Vec3d,net.minecraft.util,minecraft
src/main/java/zmaster587/advancedRocketry/world/provider/WorldProviderPlanet.java,net.minecraft.world.DimensionType,net.minecraft.world,minecraft
src/main/java/zmaster587/advancedRocketry/world/provider/WorldProviderPlanet.java,net.minecraft.world.WorldProvider,net.minecraft.world,minecraft
src/main/java/zmaster587/advancedRocketry/world/provider/WorldProviderPlanet.java,net.minecraft.world.biome.BiomeProvider,net.minecraft.world,minecraft
src/main/java/zmaster587/advancedRocketry/world/provider/WorldProviderPlanet.java,net.minecraft.world.chunk.Chunk,net.minecraft.world,minecraft
src/main/java/zmaster587/advancedRocketry/world/provider/WorldProviderPlanet.java,net.minecraft.world.gen.IChunkGenerator,net.minecraft.world,minecraft
src/main/java/zmaster587/advancedRocketry/world/provider/WorldProviderPlanet.java,net.minecraft.world.storage.DerivedWorldInfo,net.minecraft.world,minecraft
src/main/java/zmaster587/advancedRocketry/world/provider/WorldProviderPlanet.java,net.minecraft.world.storage.WorldInfo,net.minecraft.world,minecraft
src/main/java/zmaster587/advancedRocketry/world/provider/WorldProviderPlanet.java,net.minecraftforge.client.IRenderHandler,net.minecraftforge.client,client_api
src/main/java/zmaster587/advancedRocketry/world/provider/WorldProviderPlanet.java,net.minecraftforge.fml.relauncher.ReflectionHelper,net.minecraftforge.fml,minecraft
src/main/java/zmaster587/advancedRocketry/world/provider/WorldProviderPlanet.java,net.minecraftforge.fml.relauncher.Side,net.minecraftforge.fml,minecraft
src/main/java/zmaster587/advancedRocketry/world/provider/WorldProviderPlanet.java,net.minecraftforge.fml.relauncher.SideOnly,net.minecraftforge.fml,minecraft
src/main/java/zmaster587/advancedRocketry/world/provider/WorldProviderPlanet.java,org.apache.commons.lang3.ArrayUtils,org.apache.commons,third_party
src/main/java/zmaster587/advancedRocketry/world/provider/WorldProviderPlanet.java,zmaster587.advancedRocketry.AdvancedRocketry,zmaster587.advancedRocketry.AdvancedRocketry,upstream_internal
src/main/java/zmaster587/advancedRocketry/world/provider/WorldProviderPlanet.java,zmaster587.advancedRocketry.api.ARConfiguration,zmaster587.advancedRocketry.api,upstream_internal
src/main/java/zmaster587/advancedRocketry/world/provider/WorldProviderPlanet.java,zmaster587.advancedRocketry.api.AdvancedRocketryItems,zmaster587.advancedRocketry.api,upstream_internal
src/main/java/zmaster587/advancedRocketry/world/provider/WorldProviderPlanet.java,zmaster587.advancedRocketry.api.IAtmosphere,zmaster587.advancedRocketry.api,upstream_internal
src/main/java/zmaster587/advancedRocketry/world/provider/WorldProviderPlanet.java,zmaster587.advancedRocketry.api.IPlanetaryProvider,zmaster587.advancedRocketry.api,upstream_internal
src/main/java/zmaster587/advancedRocketry/world/provider/WorldProviderPlanet.java,zmaster587.advancedRocketry.api.dimension.solar.StellarBody,zmaster587.advancedRocketry.api,upstream_internal
src/main/java/zmaster587/advancedRocketry/world/provider/WorldProviderPlanet.java,zmaster587.advancedRocketry.armor.ItemSpaceArmor,zmaster587.advancedRocketry.armor,upstream_internal
src/main/java/zmaster587/advancedRocketry/world/provider/WorldProviderPlanet.java,zmaster587.advancedRocketry.atmosphere.AtmosphereHandler,zmaster587.advancedRocketry.atmosphere,upstream_internal
src/main/java/zmaster587/advancedRocketry/world/provider/WorldProviderPlanet.java,zmaster587.advancedRocketry.capability.DimensionCompat,zmaster587.advancedRocketry.capability,upstream_internal
src/main/java/zmaster587/advancedRocketry/world/provider/WorldProviderPlanet.java,zmaster587.advancedRocketry.client.render.planet.RenderPlanetarySky,zmaster587.advancedRocketry.client,upstream_internal
src/main/java/zmaster587/advancedRocketry/world/provider/WorldProviderPlanet.java,zmaster587.advancedRocketry.dimension.DimensionManager,zmaster587.advancedRocketry.dimension,upstream_internal
src/main/java/zmaster587/advancedRocketry/world/provider/WorldProviderPlanet.java,zmaster587.advancedRocketry.dimension.DimensionProperties,zmaster587.advancedRocketry.dimension,upstream_internal
src/main/java/zmaster587/advancedRocketry/world/provider/WorldProviderPlanet.java,zmaster587.advancedRocketry.integration.CompatibilityMgr,zmaster587.advancedRocketry.integration,upstream_internal
src/main/java/zmaster587/advancedRocketry/world/provider/WorldProviderPlanet.java,zmaster587.advancedRocketry.util.AstronomicalBodyHelper,zmaster587.advancedRocketry.util,upstream_internal
src/main/java/zmaster587/advancedRocketry/world/provider/WorldProviderPlanet.java,zmaster587.advancedRocketry.world.ChunkManagerPlanet,zmaster587.advancedRocketry.world,upstream_internal
src/main/java/zmaster587/advancedRocketry/world/provider/WorldProviderPlanet.java,zmaster587.advancedRocketry.world.ChunkProviderCavePlanet,zmaster587.advancedRocketry.world,upstream_internal
src/main/java/zmaster587/advancedRocketry/world/provider/WorldProviderPlanet.java,zmaster587.advancedRocketry.world.ChunkProviderPlanet,zmaster587.advancedRocketry.world,upstream_internal
src/main/java/zmaster587/advancedRocketry/world/provider/WorldProviderSpace.java,net.minecraft.client.Minecraft,net.minecraft.client,client_api
src/main/java/zmaster587/advancedRocketry/world/provider/WorldProviderSpace.java,net.minecraft.client.entity.EntityPlayerSP,net.minecraft.client,client_api
src/main/java/zmaster587/advancedRocketry/world/provider/WorldProviderSpace.java,net.minecraft.entity.Entity,net.minecraft.entity,minecraft
src/main/java/zmaster587/advancedRocketry/world/provider/WorldProviderSpace.java,net.minecraft.util.math.BlockPos,net.minecraft.util,minecraft
src/main/java/zmaster587/advancedRocketry/world/provider/WorldProviderSpace.java,net.minecraft.world.biome.BiomeProviderSingle,net.minecraft.world,minecraft
src/main/java/zmaster587/advancedRocketry/world/provider/WorldProviderSpace.java,net.minecraft.world.gen.IChunkGenerator,net.minecraft.world,minecraft
src/main/java/zmaster587/advancedRocketry/world/provider/WorldProviderSpace.java,net.minecraftforge.client.IRenderHandler,net.minecraftforge.client,client_api
src/main/java/zmaster587/advancedRocketry/world/provider/WorldProviderSpace.java,net.minecraftforge.fml.relauncher.Side,net.minecraftforge.fml,minecraft
src/main/java/zmaster587/advancedRocketry/world/provider/WorldProviderSpace.java,net.minecraftforge.fml.relauncher.SideOnly,net.minecraftforge.fml,minecraft
src/main/java/zmaster587/advancedRocketry/world/provider/WorldProviderSpace.java,zmaster587.advancedRocketry.AdvancedRocketry,zmaster587.advancedRocketry.AdvancedRocketry,upstream_internal
src/main/java/zmaster587/advancedRocketry/world/provider/WorldProviderSpace.java,zmaster587.advancedRocketry.api.ARConfiguration,zmaster587.advancedRocketry.api,upstream_internal
src/main/java/zmaster587/advancedRocketry/world/provider/WorldProviderSpace.java,zmaster587.advancedRocketry.api.AdvancedRocketryBiomes,zmaster587.advancedRocketry.api,upstream_internal
src/main/java/zmaster587/advancedRocketry/world/provider/WorldProviderSpace.java,zmaster587.advancedRocketry.api.stations.ISpaceObject,zmaster587.advancedRocketry.api,upstream_internal
src/main/java/zmaster587/advancedRocketry/world/provider/WorldProviderSpace.java,zmaster587.advancedRocketry.client.render.planet.RenderSpaceSky,zmaster587.advancedRocketry.client,upstream_internal
src/main/java/zmaster587/advancedRocketry/world/provider/WorldProviderSpace.java,zmaster587.advancedRocketry.client.render.planet.RenderSpaceTravelSky,zmaster587.advancedRocketry.client,upstream_internal
src/main/java/zmaster587/advancedRocketry/world/provider/WorldProviderSpace.java,zmaster587.advancedRocketry.dimension.DimensionManager,zmaster587.advancedRocketry.dimension,upstream_internal
src/main/java/zmaster587/advancedRocketry/world/provider/WorldProviderSpace.java,zmaster587.advancedRocketry.dimension.DimensionProperties,zmaster587.advancedRocketry.dimension,upstream_internal
src/main/java/zmaster587/advancedRocketry/world/provider/WorldProviderSpace.java,zmaster587.advancedRocketry.entity.EntityRocket,zmaster587.advancedRocketry.entity,upstream_internal
src/main/java/zmaster587/advancedRocketry/world/provider/WorldProviderSpace.java,zmaster587.advancedRocketry.stations.SpaceObjectManager,zmaster587.advancedRocketry.stations,upstream_internal
src/main/java/zmaster587/advancedRocketry/world/provider/WorldProviderSpace.java,zmaster587.advancedRocketry.stations.SpaceStationObject,zmaster587.advancedRocketry.stations,upstream_internal
src/main/java/zmaster587/advancedRocketry/world/provider/WorldProviderSpace.java,zmaster587.advancedRocketry.util.AstronomicalBodyHelper,zmaster587.advancedRocketry.util,upstream_internal
src/main/java/zmaster587/advancedRocketry/world/provider/WorldProviderSpace.java,zmaster587.advancedRocketry.world.ChunkProviderSpace,zmaster587.advancedRocketry.world,upstream_internal
src/main/java/zmaster587/advancedRocketry/world/type/WorldTypePlanetGen.java,net.minecraft.world.World,net.minecraft.world,minecraft
src/main/java/zmaster587/advancedRocketry/world/type/WorldTypePlanetGen.java,net.minecraft.world.WorldType,net.minecraft.world,minecraft
src/main/java/zmaster587/advancedRocketry/world/type/WorldTypePlanetGen.java,net.minecraft.world.biome.BiomeProvider,net.minecraft.world,minecraft
src/main/java/zmaster587/advancedRocketry/world/type/WorldTypePlanetGen.java,net.minecraft.world.gen.ChunkGeneratorSettings,net.minecraft.world,minecraft
src/main/java/zmaster587/advancedRocketry/world/type/WorldTypePlanetGen.java,net.minecraft.world.gen.IChunkGenerator,net.minecraft.world,minecraft
src/main/java/zmaster587/advancedRocketry/world/type/WorldTypePlanetGen.java,net.minecraft.world.gen.layer.GenLayer,net.minecraft.world,minecraft
src/main/java/zmaster587/advancedRocketry/world/type/WorldTypePlanetGen.java,net.minecraft.world.gen.layer.GenLayerZoom,net.minecraft.world,minecraft
src/main/java/zmaster587/advancedRocketry/world/type/WorldTypePlanetGen.java,zmaster587.advancedRocketry.api.ARConfiguration,zmaster587.advancedRocketry.api,upstream_internal
src/main/java/zmaster587/advancedRocketry/world/type/WorldTypePlanetGen.java,zmaster587.advancedRocketry.world.ChunkProviderPlanet,zmaster587.advancedRocketry.world,upstream_internal
src/main/java/zmaster587/advancedRocketry/world/type/WorldTypePlanetGen.java,zmaster587.advancedRocketry.world.GenLayerBiomePlanet,zmaster587.advancedRocketry.world,upstream_internal
src/main/java/zmaster587/advancedRocketry/world/type/WorldTypeSpace.java,net.minecraft.world.WorldType,net.minecraft.world,minecraft
src/main/java/zmaster587/advancedRocketry/world/util/ChunkProviderDummy.java,net.minecraft.world.World,net.minecraft.world,minecraft
src/main/java/zmaster587/advancedRocketry/world/util/ChunkProviderDummy.java,net.minecraft.world.chunk.Chunk,net.minecraft.world,minecraft
src/main/java/zmaster587/advancedRocketry/world/util/ChunkProviderDummy.java,net.minecraft.world.chunk.IChunkProvider,net.minecraft.world,minecraft
src/main/java/zmaster587/advancedRocketry/world/util/ChunkProviderDummy.java,zmaster587.advancedRocketry.util.StorageChunk,zmaster587.advancedRocketry.util,upstream_internal
src/main/java/zmaster587/advancedRocketry/world/util/DummySaveHandler.java,java.io.File,java.io.File,jdk
src/main/java/zmaster587/advancedRocketry/world/util/DummySaveHandler.java,net.minecraft.nbt.NBTTagCompound,net.minecraft.nbt,minecraft
src/main/java/zmaster587/advancedRocketry/world/util/DummySaveHandler.java,net.minecraft.world.WorldProvider,net.minecraft.world,minecraft
src/main/java/zmaster587/advancedRocketry/world/util/DummySaveHandler.java,net.minecraft.world.chunk.storage.IChunkLoader,net.minecraft.world,minecraft
src/main/java/zmaster587/advancedRocketry/world/util/DummySaveHandler.java,net.minecraft.world.gen.structure.template.TemplateManager,net.minecraft.world,minecraft
src/main/java/zmaster587/advancedRocketry/world/util/DummySaveHandler.java,net.minecraft.world.storage.IPlayerFileData,net.minecraft.world,minecraft
src/main/java/zmaster587/advancedRocketry/world/util/DummySaveHandler.java,net.minecraft.world.storage.ISaveHandler,net.minecraft.world,minecraft
src/main/java/zmaster587/advancedRocketry/world/util/DummySaveHandler.java,net.minecraft.world.storage.WorldInfo,net.minecraft.world,minecraft
src/main/java/zmaster587/advancedRocketry/world/util/DummySaveHandler.java,net.minecraftforge.common.DimensionManager,net.minecraftforge.common,minecraft
src/main/java/zmaster587/advancedRocketry/world/util/MapStorageDummy.java,javax.annotation.Nullable,javax.annotation.Nullable,jdk
src/main/java/zmaster587/advancedRocketry/world/util/MapStorageDummy.java,net.minecraft.world.storage.ISaveHandler,net.minecraft.world,minecraft
src/main/java/zmaster587/advancedRocketry/world/util/MapStorageDummy.java,net.minecraft.world.storage.MapStorage,net.minecraft.world,minecraft
src/main/java/zmaster587/advancedRocketry/world/util/MapStorageDummy.java,net.minecraft.world.storage.WorldSavedData,net.minecraft.world,minecraft
src/main/java/zmaster587/advancedRocketry/world/util/MultiData.java,java.util.HashMap,java.util.HashMap,jdk
src/main/java/zmaster587/advancedRocketry/world/util/MultiData.java,net.minecraft.nbt.NBTTagCompound,net.minecraft.nbt,minecraft
src/main/java/zmaster587/advancedRocketry/world/util/MultiData.java,net.minecraft.util.EnumFacing,net.minecraft.util,minecraft
src/main/java/zmaster587/advancedRocketry/world/util/MultiData.java,zmaster587.advancedRocketry.api.DataStorage,zmaster587.advancedRocketry.api,upstream_internal
src/main/java/zmaster587/advancedRocketry/world/util/MultiData.java,zmaster587.advancedRocketry.api.DataStorage.DataType,zmaster587.advancedRocketry.api,upstream_internal
src/main/java/zmaster587/advancedRocketry/world/util/MultiData.java,zmaster587.advancedRocketry.api.satellite.IDataHandler,zmaster587.advancedRocketry.api,upstream_internal
src/main/java/zmaster587/advancedRocketry/world/util/ProviderDummy.java,net.minecraft.world.DimensionType,net.minecraft.world,minecraft
src/main/java/zmaster587/advancedRocketry/world/util/ProviderDummy.java,net.minecraft.world.WorldProvider,net.minecraft.world,minecraft
src/main/java/zmaster587/advancedRocketry/world/util/TeleporterNoPortal.java,net.minecraft.entity.Entity,net.minecraft.entity,minecraft
src/main/java/zmaster587/advancedRocketry/world/util/TeleporterNoPortal.java,net.minecraft.world.Teleporter,net.minecraft.world,minecraft
src/main/java/zmaster587/advancedRocketry/world/util/TeleporterNoPortal.java,net.minecraft.world.WorldServer,net.minecraft.world,minecraft
src/main/java/zmaster587/advancedRocketry/world/util/TeleporterNoPortalSeekBlock.java,net.minecraft.entity.Entity,net.minecraft.entity,minecraft
src/main/java/zmaster587/advancedRocketry/world/util/TeleporterNoPortalSeekBlock.java,net.minecraft.entity.player.EntityPlayerMP,net.minecraft.entity,minecraft
src/main/java/zmaster587/advancedRocketry/world/util/TeleporterNoPortalSeekBlock.java,net.minecraft.util.math.BlockPos.MutableBlockPos,net.minecraft.util,minecraft
src/main/java/zmaster587/advancedRocketry/world/util/TeleporterNoPortalSeekBlock.java,net.minecraft.world.Teleporter,net.minecraft.world,minecraft
src/main/java/zmaster587/advancedRocketry/world/util/TeleporterNoPortalSeekBlock.java,net.minecraft.world.WorldServer,net.minecraft.world,minecraft
src/main/java/zmaster587/advancedRocketry/world/util/WorldDummy.java,javax.annotation.Nullable,javax.annotation.Nullable,jdk
src/main/java/zmaster587/advancedRocketry/world/util/WorldDummy.java,net.minecraft.block.state.IBlockState,net.minecraft.block,minecraft
src/main/java/zmaster587/advancedRocketry/world/util/WorldDummy.java,net.minecraft.client.multiplayer.ChunkProviderClient,net.minecraft.client,client_api
src/main/java/zmaster587/advancedRocketry/world/util/WorldDummy.java,net.minecraft.entity.Entity,net.minecraft.entity,minecraft
src/main/java/zmaster587/advancedRocketry/world/util/WorldDummy.java,net.minecraft.nbt.NBTTagCompound,net.minecraft.nbt,minecraft
src/main/java/zmaster587/advancedRocketry/world/util/WorldDummy.java,net.minecraft.profiler.Profiler,net.minecraft.profiler,minecraft
src/main/java/zmaster587/advancedRocketry/world/util/WorldDummy.java,net.minecraft.tileentity.TileEntity,net.minecraft.tileentity,minecraft
src/main/java/zmaster587/advancedRocketry/world/util/WorldDummy.java,net.minecraft.util.EnumFacing,net.minecraft.util,minecraft
src/main/java/zmaster587/advancedRocketry/world/util/WorldDummy.java,net.minecraft.util.math.BlockPos,net.minecraft.util,minecraft
src/main/java/zmaster587/advancedRocketry/world/util/WorldDummy.java,net.minecraft.world.EnumSkyBlock,net.minecraft.world,minecraft
src/main/java/zmaster587/advancedRocketry/world/util/WorldDummy.java,net.minecraft.world.World,net.minecraft.world,minecraft
src/main/java/zmaster587/advancedRocketry/world/util/WorldDummy.java,net.minecraft.world.biome.Biome,net.minecraft.world,minecraft
src/main/java/zmaster587/advancedRocketry/world/util/WorldDummy.java,net.minecraft.world.chunk.IChunkProvider,net.minecraft.world,minecraft
src/main/java/zmaster587/advancedRocketry/world/util/WorldDummy.java,net.minecraft.world.storage.WorldInfo,net.minecraft.world,minecraft
src/main/java/zmaster587/advancedRocketry/world/util/WorldDummy.java,net.minecraftforge.common.capabilities.CapabilityDispatcher,net.minecraftforge.common,minecraft
src/main/java/zmaster587/advancedRocketry/world/util/WorldDummy.java,net.minecraftforge.event.ForgeEventFactory,net.minecraftforge.event,minecraft
src/main/java/zmaster587/advancedRocketry/world/util/WorldDummy.java,net.minecraftforge.fml.relauncher.Side,net.minecraftforge.fml,minecraft
src/main/java/zmaster587/advancedRocketry/world/util/WorldDummy.java,net.minecraftforge.fml.relauncher.SideOnly,net.minecraftforge.fml,minecraft
src/main/java/zmaster587/advancedRocketry/world/util/WorldDummy.java,zmaster587.advancedRocketry.api.AdvancedRocketryBiomes,zmaster587.advancedRocketry.api,upstream_internal
src/main/java/zmaster587/advancedRocketry/world/util/WorldDummy.java,zmaster587.advancedRocketry.util.StorageChunk,zmaster587.advancedRocketry.util,upstream_internal
