path,package,lines,bytes,sha256,primary_domain,imports_libvulpes,imports_client,has_static_mutable_state,has_nbt,has_network,has_dimension_logic,notes
src/main/java/zmaster587/advancedRocketry/AdvancedRocketry.java,zmaster587.advancedRocketry,1258,99339,18233911ff7ff03a66aa9fa7ec4f67d0eac07628487e377b5dcdd30275c41d53,root,true,true,true,false,false,true,over_800_lines;client_import_outside_client_domain;static_mutable_candidate
src/main/java/zmaster587/advancedRocketry/Test.java,zmaster587.advancedRocketry,112,3594,6f3258a7963371e23e15b6aa67e0a10469870b9a8b14a33870d2b980be7ee850,root,false,false,false,false,false,false,
src/main/java/zmaster587/advancedRocketry/advancements/ARAdvancements.java,zmaster587.advancedRocketry.advancements,41,1435,464f1fc6cee53aced1c52bc02da35bbc3f6d81a7af513523cf3d797ceda1f620,advancements,false,false,false,false,false,false,
src/main/java/zmaster587/advancedRocketry/advancements/CustomTrigger.java,zmaster587.advancedRocketry.advancements,218,6382,0295c43dd6fe489ed1051078382afcdb2694c1ba1706d08a8d7211977273bf74,advancements,false,false,false,false,false,false,
src/main/java/zmaster587/advancedRocketry/api/ARConfiguration.java,zmaster587.advancedRocketry.api,1159,50202,f831024d7fdc120a6ef183dac3b317a16175ef25e5149086111dca1173932de0,api,false,false,true,false,false,true,over_800_lines;static_mutable_candidate
src/main/java/zmaster587/advancedRocketry/api/AdvancedRocketryAPI.java,zmaster587.advancedRocketry.api,19,747,3794dca770a6d8ba52e3060efd8d003edfcb2e1b787c085696fdcddb87fbb7c2,api,false,false,false,false,false,false,
src/main/java/zmaster587/advancedRocketry/api/AdvancedRocketryBiomes.java,zmaster587.advancedRocketry.api,153,4529,c8001b6c9fe4f2aa2856213a004b4427a178568b427174d5c5666c01f6534413,api,false,false,true,false,false,false,static_mutable_candidate
src/main/java/zmaster587/advancedRocketry/api/AdvancedRocketryBlocks.java,zmaster587.advancedRocketry.api,109,4389,b129bce217a9f769b1945e91477fe8e7ab41fe9d0abd656fde90d10f8be48e1b,api,false,false,false,false,false,false,
src/main/java/zmaster587/advancedRocketry/api/AdvancedRocketryFluids.java,zmaster587.advancedRocketry.api,50,1292,63f17b302598ec28368118bf841300486e6690f3721972110564bcb8488cbe73,api,false,false,true,false,false,false,static_mutable_candidate
src/main/java/zmaster587/advancedRocketry/api/AdvancedRocketryItems.java,zmaster587.advancedRocketry.api,53,2035,3b73eed3ca268637f38dfec82054a2244edb2e8e76604d7914dd5d129e8367cb,api,false,false,false,false,false,false,
src/main/java/zmaster587/advancedRocketry/api/AreaBlob.java,zmaster587.advancedRocketry.api,164,4408,3db957706876876d6d42c5c8b72609e32320d9e3c3c5adf3dc9b4f217bd2bc80,api,true,false,false,false,false,false,
src/main/java/zmaster587/advancedRocketry/api/Constants.java,zmaster587.advancedRocketry.api,8,323,29866f4fb26ca8567ccde79a1c07b7f1626ba17c68a9a8c3d091a045410c470b,api,false,false,false,false,false,false,
src/main/java/zmaster587/advancedRocketry/api/DataStorage.java,zmaster587.advancedRocketry.api,149,3357,da037ade2b268cdfbdfb0179bf99d73026817284129ed9041a0d18072cce11b2,api,false,false,false,true,false,false,
src/main/java/zmaster587/advancedRocketry/api/EntityRocketBase.java,zmaster587.advancedRocketry.api,145,4306,aafde7ae0776eba279b2cf8cf50388e8fd1e95f6950ccd8f14f73e16e15cb765,api,true,false,false,false,false,true,
src/main/java/zmaster587/advancedRocketry/api/IAtmosphere.java,zmaster587.advancedRocketry.api,54,1696,2411ceed035e65e784b1bf58b97c8f0e032983adaa07c3b944a024d822f4f707,api,false,false,false,false,false,false,
src/main/java/zmaster587/advancedRocketry/api/IFuelTank.java,zmaster587.advancedRocketry.api,20,450,adf9b3778f58a0969ed6269ba92f21af6f493895488580ae4b81dff51ddce70d,api,false,false,false,false,false,false,
src/main/java/zmaster587/advancedRocketry/api/IGravityManager.java,zmaster587.advancedRocketry.api,18,586,d0a70302ada5c8b1c997b4384fb5abba3ed1e4ede004ee8763a3c92287b1e988,api,false,false,false,false,false,false,
src/main/java/zmaster587/advancedRocketry/api/IInfrastructure.java,zmaster587.advancedRocketry.api,50,1108,deb6e99c3dff558a2815019c70aedb98a128575c3a6b48f071d668bbaf3a4f5c,api,false,false,false,false,false,false,
src/main/java/zmaster587/advancedRocketry/api/IIntake.java,zmaster587.advancedRocketry.api,7,163,17569edd484c666a21c1df7e33f82541878c49d99a454372f849326c1ed0e5aa,api,false,false,false,false,false,false,
src/main/java/zmaster587/advancedRocketry/api/IMiningDrill.java,zmaster587.advancedRocketry.api,16,362,ed5848cfd8e8819356be44d18a2128deca26febe2d824dbede5c90e0255fe0a1,api,false,false,false,false,false,false,
src/main/java/zmaster587/advancedRocketry/api/IMission.java,zmaster587.advancedRocketry.api,30,570,424b45c9c112a41f0e6f803475ebf8850c51b8980bc2ef1faf22dfc7dc91798b,api,false,false,false,false,false,false,
src/main/java/zmaster587/advancedRocketry/api/IPlanetaryProvider.java,zmaster587.advancedRocketry.api,83,1916,1da102ef4c6e83887ab173222fc680ce7cde113d9581efc143bf2d6fb93de67e,api,false,false,false,false,false,false,
src/main/java/zmaster587/advancedRocketry/api/IRocketEngine.java,zmaster587.advancedRocketry.api,21,507,63836d1a3a3372e05ce9e957714092300f1190c1f7ce22b2935ab8765f2641f5,api,false,false,false,false,false,false,
src/main/java/zmaster587/advancedRocketry/api/IRocketNuclearCore.java,zmaster587.advancedRocketry.api,16,390,57ba260e256a7549ea5b9153ec2f7f223fc0af73839ddefd741bae4eae19cdec,api,false,false,false,false,false,false,
src/main/java/zmaster587/advancedRocketry/api/ISatelliteIdItem.java,zmaster587.advancedRocketry.api,10,310,bcf82830477ce0de248398f11b6068fecc53a22fcb6e1892ee9501d1f2a73c87,api,false,false,false,false,false,false,
src/main/java/zmaster587/advancedRocketry/api/ISpaceObjectManager.java,zmaster587.advancedRocketry.api,8,255,a3bc01292e907d690b4d57466fab030a9b7a221961638affb79f7b25c35733ff,api,false,false,false,false,false,false,
src/main/java/zmaster587/advancedRocketry/api/MaterialGeode.java,zmaster587.advancedRocketry.api,15,378,2437d31936ae37d92034830f25567ecf5b20a56a3c9b0196178691b1f043e6a6,api,false,false,false,false,false,false,
src/main/java/zmaster587/advancedRocketry/api/RocketEvent.java,zmaster587.advancedRocketry.api,74,1957,c0aecc65da515dc4bc56778eeee062d97ea751856fcb43438083093d6cc86a68,api,false,false,false,false,false,false,
src/main/java/zmaster587/advancedRocketry/api/SatelliteRegistry.java,zmaster587.advancedRocketry.api,147,5152,393663bf1cf6c54cf5461fdd948487007020fa64cf385ec2507c8319253385ba,api,false,false,true,true,false,true,static_mutable_candidate
src/main/java/zmaster587/advancedRocketry/api/StatsRocket.java,zmaster587.advancedRocketry.api,699,22606,15eb2d8508e5f5f1f0ed727b1ef4dbdfb466ad3d2e214b0aa398cbbc0e7d978a,api,true,false,false,true,false,false,over_500_lines
src/main/java/zmaster587/advancedRocketry/api/armor/IFillableArmor.java,zmaster587.advancedRocketry.api.armor,43,1237,1d906f5f1456042671675cdc5fa2d0d2259af0fe98aae2766c9b4d960379c87d,api,false,false,false,false,false,false,
src/main/java/zmaster587/advancedRocketry/api/armor/IProtectiveArmor.java,zmaster587.advancedRocketry.api.armor,16,716,417ddd492590d490479e3719a5b84ce1a22818a0d019a53c79e1c0e9386c8bab,api,false,false,false,false,false,false,
src/main/java/zmaster587/advancedRocketry/api/atmosphere/AtmosphereRegister.java,zmaster587.advancedRocketry.api.atmosphere,62,1747,17ce5b92f68c676004481e5a2bb327480c40784b49a0795a38d9bd730272c0d3,api,false,false,false,false,false,false,
src/main/java/zmaster587/advancedRocketry/api/atmosphere/IAtmosphereSealHandler.java,zmaster587.advancedRocketry.api.atmosphere,46,1497,ee35469d931bf991b5abc2f305b3735ed3a5e03fb5a8157f5c0e0b29aacf13bd,api,false,false,false,false,false,false,
src/main/java/zmaster587/advancedRocketry/api/capability/CapabilitySpaceArmor.java,zmaster587.advancedRocketry.api.capability,39,1257,d7cec75772f031f594b0034c8991350f26c1a46c5af485ea03b5266ba727d297,api,false,false,false,true,false,false,
src/main/java/zmaster587/advancedRocketry/api/dimension/IDimensionProperties.java,zmaster587.advancedRocketry.api.dimension,220,5183,e8b3c634abd0bd7771c6dc6980e3f5088bcae72a4f85a786bca2c28f2ad5aba8,api,false,false,false,true,false,false,
src/main/java/zmaster587/advancedRocketry/api/dimension/solar/IGalaxy.java,zmaster587.advancedRocketry.api.dimension.solar,55,1527,9e6b73ff696b883e5455097318b1606c166409ce2d06f901fafa9dd312927ab5,api,false,false,false,false,false,true,
src/main/java/zmaster587/advancedRocketry/api/dimension/solar/StellarBody.java,zmaster587.advancedRocketry.api.dimension.solar,280,6511,25807f35e1a88a3e8d3c3d004498234d36be59190d52363eaaf5af7ffafc1c58,api,false,false,false,true,false,false,
src/main/java/zmaster587/advancedRocketry/api/event/AtmosphereEvent.java,zmaster587.advancedRocketry.api.event,29,879,9f232dee7dc3f45229405d28a81bcd781f4863b60efc4e3e70eac326ec05f099,api,false,false,false,false,false,false,
src/main/java/zmaster587/advancedRocketry/api/fuel/FuelRegistry.java,zmaster587.advancedRocketry.api.fuel,229,6248,b7f813f0df5432de1dd761708b354894347b82a4db7ed642d8ded5e3d1f982b0,api,false,false,false,false,false,false,
src/main/java/zmaster587/advancedRocketry/api/satellite/IDataHandler.java,zmaster587.advancedRocketry.api.satellite,32,1252,72e69c2c1d08df22d9c75893f99017ace3aa34bf8aead0207612648ebb806616,api,false,false,false,false,false,false,
src/main/java/zmaster587/advancedRocketry/api/satellite/SatelliteBase.java,zmaster587.advancedRocketry.api.satellite,241,6951,18272d486b591f790baf6f610ff6582f59390719c761c280b0c889f9bd1c41be,api,true,false,false,true,true,true,
src/main/java/zmaster587/advancedRocketry/api/satellite/SatelliteProperties.java,zmaster587.advancedRocketry.api.satellite,161,3690,c0f3e17a39057f0be86af21b67267328e838ec5aaf2e5d83adf26bcafd865ad4,api,false,false,false,true,false,false,
src/main/java/zmaster587/advancedRocketry/api/stations/ISpaceObject.java,zmaster587.advancedRocketry.api.stations,169,3815,d1da32aa368346209f060a43ee168e0ed8e231c7530a02275aeafaeec7b54ad6,api,true,false,false,false,false,false,
src/main/java/zmaster587/advancedRocketry/api/stations/IStorageChunk.java,zmaster587.advancedRocketry.api.stations,26,614,309673eb89ee1b115f7ddf733d3532ffbb717efec54f08bf639ffaf0f3fdd982,api,false,false,false,false,false,false,
src/main/java/zmaster587/advancedRocketry/api/util/IBlobHandler.java,zmaster587.advancedRocketry.api.util,53,1357,e879cbfbae86b82e37f6b5017f6b3c91d8fd2baeb85754d6df6d6f509d43783a,api,true,false,false,false,false,false,
src/main/java/zmaster587/advancedRocketry/armor/ItemSpaceArmor.java,zmaster587.advancedRocketry.armor,293,9747,2cb7955d71a201a10c46e08ba991204decdb8e37c5e913cc0792b55c42756af5,armor,true,true,false,true,false,false,client_import_outside_client_domain
src/main/java/zmaster587/advancedRocketry/armor/ItemSpaceChest.java,zmaster587.advancedRocketry.armor,285,9514,2f044405aec3cc1bed566c341194dc8d7e4b9884ed1b75cb40f88a24f24ee52d,armor,true,false,false,true,false,false,
src/main/java/zmaster587/advancedRocketry/asm/AdvancedRocketryPlugin.java,zmaster587.advancedRocketry.asm,44,1091,34bf9fa2bae3bf3870bac2876033e3344cc1071717b5a4425666d0411b61273f,asm,false,false,false,false,false,false,
src/main/java/zmaster587/advancedRocketry/asm/ClassTransformer.java,zmaster587.advancedRocketry.asm,842,39382,090d5cb0d85aaabecc65dbc00c8dbaf909c5a8b93f061876f0c3021f6519c4ce,asm,false,false,true,false,false,true,over_800_lines;static_mutable_candidate
src/main/java/zmaster587/advancedRocketry/asm/ModContainer.java,zmaster587.advancedRocketry.asm,57,1749,929fe80365a50e92cf69da8b8c19bd410e236a39d06fdb9058bf886205cdb614,asm,false,false,false,false,false,false,
src/main/java/zmaster587/advancedRocketry/atmosphere/AtmosphereHandler.java,zmaster587.advancedRocketry.atmosphere,474,18266,5ad5b2c500a2da6c3a9b1e9d465c7e20421f4c17b3cd5769c87109d0ef6933f2,atmosphere,true,false,true,false,false,true,static_mutable_candidate
src/main/java/zmaster587/advancedRocketry/atmosphere/AtmosphereHighPressure.java,zmaster587.advancedRocketry.atmosphere,34,987,212d89168139b42deaf00ec6f11b554a8c9566da105e50669d2e6722e56f37cd,atmosphere,true,false,false,false,false,false,
src/main/java/zmaster587/advancedRocketry/atmosphere/AtmosphereHighPressureNoOxygen.java,zmaster587.advancedRocketry.atmosphere,46,1649,abe6fb1b6b9115e17d5a707e7f25c53437c80b2d84b65b0c5e0203efa86c0278,atmosphere,true,false,false,false,false,false,
src/main/java/zmaster587/advancedRocketry/atmosphere/AtmosphereLowOxygen.java,zmaster587.advancedRocketry.atmosphere,39,1335,b9a4f404f7c641cc25c56da06651b38c6eab0861c2542438898801d312900542,atmosphere,true,false,false,false,false,false,
src/main/java/zmaster587/advancedRocketry/atmosphere/AtmosphereNeedsSuit.java,zmaster587.advancedRocketry.atmosphere,49,2434,8b23cbd43c50a119eabe78d436b2a7353f97554f7c2a552e0c8145c1345ef445,atmosphere,false,false,false,false,false,false,
src/main/java/zmaster587/advancedRocketry/atmosphere/AtmosphereNoOxygen.java,zmaster587.advancedRocketry.atmosphere,45,1615,86faa19747d23ce444db801f6cf963e516b1c2562f69ac0f85a562c9ce503357,atmosphere,true,false,false,false,false,false,
src/main/java/zmaster587/advancedRocketry/atmosphere/AtmosphereSuperHighPressure.java,zmaster587.advancedRocketry.atmosphere,40,1357,28c47eebe5a6e2f4c3422515132e9c2cf73d891d32f2451f984332ceeed4c161,atmosphere,true,false,false,false,false,false,
src/main/java/zmaster587/advancedRocketry/atmosphere/AtmosphereSuperHighPressureNoOxygen.java,zmaster587.advancedRocketry.atmosphere,48,1806,1afc3cc5a8e9a5f6266a57c26c04e93b99d6ebae39734412da7bd7a4c040094c,atmosphere,true,false,false,false,false,false,
src/main/java/zmaster587/advancedRocketry/atmosphere/AtmosphereSuperheated.java,zmaster587.advancedRocketry.atmosphere,35,1019,22cf33e1a93d5273673ed35b649234e262c73eaa5eb540a800e8c97ef51beb6b,atmosphere,true,false,false,false,false,false,
src/main/java/zmaster587/advancedRocketry/atmosphere/AtmosphereSuperheatedNoOxygen.java,zmaster587.advancedRocketry.atmosphere,49,1789,2476e52762080db196dc8e78d27bebcfae65de10bccd0257837f582065ce8845,atmosphere,true,false,false,false,false,false,
src/main/java/zmaster587/advancedRocketry/atmosphere/AtmosphereType.java,zmaster587.advancedRocketry.atmosphere,130,5239,3308e82e5e5cc9d6bdfbcf460a2161b543233929a933510f8f43014f162fa536,atmosphere,false,false,false,false,false,false,
src/main/java/zmaster587/advancedRocketry/atmosphere/AtmosphereVacuum.java,zmaster587.advancedRocketry.atmosphere,43,1496,7d8a62d532645c1d91d4a079ec2974919a4ece2506f78f2e02092f81ade82ca5,atmosphere,true,false,false,false,false,false,
src/main/java/zmaster587/advancedRocketry/atmosphere/AtmosphereVeryHot.java,zmaster587.advancedRocketry.atmosphere,35,982,ff95024407f478ff4f3204fbb355b8037c8f3c37bb601901b058c581ee3db982,atmosphere,true,false,false,false,false,false,
src/main/java/zmaster587/advancedRocketry/atmosphere/AtmosphereVeryHotNoOxygen.java,zmaster587.advancedRocketry.atmosphere,49,1780,05970eb7a4cda92c11323b7b7fc34c885fd839cfdb7cf495580414a46ec30bc8,atmosphere,true,false,false,false,false,false,
src/main/java/zmaster587/advancedRocketry/backwardCompat/Face.java,zmaster587.advancedRocketry.backwardCompat,85,2859,1defcb128a7c37fa8cb6802ce581d5e50416a4b62ecf3624d5775a90e4388058,backwardCompat,false,true,false,false,false,false,client_import_outside_client_domain
src/main/java/zmaster587/advancedRocketry/backwardCompat/GroupObject.java,zmaster587.advancedRocketry.backwardCompat,56,1402,5b17664e8f5b4d87e5570521b44c90f4c7ac31b41b325a1fe64ef5d04eea4a53,backwardCompat,false,true,false,false,false,false,client_import_outside_client_domain
src/main/java/zmaster587/advancedRocketry/backwardCompat/ModelFormatException.java,zmaster587.advancedRocketry.backwardCompat,19,399,bf16592391cf12e180a251cdf54c1feddf87a83e7ffc05bc1ca1372a195e9e94,backwardCompat,false,false,false,false,false,false,
src/main/java/zmaster587/advancedRocketry/backwardCompat/TextureCoordinate.java,zmaster587.advancedRocketry.backwardCompat,17,344,80f580692d3b1e9b01f34dfaa073d2ba7a463a6e8dadd5fe5fd60627d4abf97c,backwardCompat,false,false,false,false,false,false,
src/main/java/zmaster587/advancedRocketry/backwardCompat/Vertex.java,zmaster587.advancedRocketry.backwardCompat,17,311,4daf068c20173b092fafa901ad52ffdd7d452dbf73862ab200d85de2c989403e,backwardCompat,false,false,false,false,false,false,
src/main/java/zmaster587/advancedRocketry/backwardCompat/WavefrontObject.java,zmaster587.advancedRocketry.backwardCompat,641,23342,cbf3b23acf025c6f4aedf3726bae7dc412a720d18b936f286c63e87c484f86a0,backwardCompat,false,true,false,false,false,false,over_500_lines;client_import_outside_client_domain
src/main/java/zmaster587/advancedRocketry/block/BlockAdvancedBipropellantRocketMotor.java,zmaster587.advancedRocketry.block,22,536,bc2ca8285878d8c2ad070ee25b82332d38bdbf640d82566ad119a675bf30d2b5,block,false,false,false,false,false,false,
src/main/java/zmaster587/advancedRocketry/block/BlockAdvancedRocketMotor.java,zmaster587.advancedRocketry.block,22,500,ced9e2296456911ad6fdd833137d3b947fe8de115ec1c03a55f4aadd0f234137,block,false,false,false,false,false,false,
src/main/java/zmaster587/advancedRocketry/block/BlockBeacon.java,zmaster587.advancedRocketry.block,43,1976,c2c3d835fafdd6e293969d268b51bd7535400caa000e70fbc0a1453a909d707d,block,true,false,false,false,false,true,
src/main/java/zmaster587/advancedRocketry/block/BlockBipropellantFuelTank.java,zmaster587.advancedRocketry.block,82,2316,e3c34a8f21cfa5028b7f3694a8325d13d45663c6099a9964d83c4b002053d8a8,block,false,false,false,false,false,false,
src/main/java/zmaster587/advancedRocketry/block/BlockBipropellantRocketMotor.java,zmaster587.advancedRocketry.block,41,1252,1ca4338a6ca8e54b8bc83b83df3d9f5f7bafb167e1a150a243b8516583b6725c,block,true,false,false,false,false,false,
src/main/java/zmaster587/advancedRocketry/block/BlockCharcoalLog.java,zmaster587.advancedRocketry.block,104,2577,328924a83910443a38e9cd05af2d20bd2a0c55f108d7dd3f53b5e1ceeee6f064,block,false,false,false,false,false,false,
src/main/java/zmaster587/advancedRocketry/block/BlockCrystal.java,zmaster587.advancedRocketry.block,150,4357,8ba42ca7d41e919ca279a5c411671959d8b4d68ce136db0d287b12ef0abd39cb,block,true,false,false,false,false,false,
src/main/java/zmaster587/advancedRocketry/block/BlockDoor2.java,zmaster587.advancedRocketry.block,49,1572,b53eec2fc0202d21d0e3212aa607542daeb7734f590b46b14d7a603a6dd4c7aa,block,false,false,false,false,false,false,
src/main/java/zmaster587/advancedRocketry/block/BlockElectricMushroom.java,zmaster587.advancedRocketry.block,84,3445,bde5ee782c30e4af3b1cd9d8de1905f4e836a566ec7ae9496ac2f6e39ebabf6e,block,false,true,false,false,false,false,client_import_outside_client_domain
src/main/java/zmaster587/advancedRocketry/block/BlockEnrichedLava.java,zmaster587.advancedRocketry.block,14,314,ad43b6caea36ce32d2b201b45255513a1b2fc90404b54efc80a0183b00717d14,block,false,false,false,false,false,false,
src/main/java/zmaster587/advancedRocketry/block/BlockFluid.java,zmaster587.advancedRocketry.block,23,569,b3eefa0eaede5f15a2ca990df04f16248a1156e32016b450e551d33e931263e0,block,false,false,false,false,false,false,
src/main/java/zmaster587/advancedRocketry/block/BlockForceField.java,zmaster587.advancedRocketry.block,54,1644,e1da1f975f7167a4c799c2c0897283a1a1731aa8b154f6ac23ffa053b321fccb,block,false,false,false,false,false,false,
src/main/java/zmaster587/advancedRocketry/block/BlockForceFieldProjector.java,zmaster587.advancedRocketry.block,37,1074,6ff0980c0143d1573a9c72f0d1b769d813d3a0a088b10399fd75a7869242f4bf,block,true,false,false,false,false,false,
src/main/java/zmaster587/advancedRocketry/block/BlockFuelTank.java,zmaster587.advancedRocketry.block,86,2368,18cd527dfae427d19ce15a528312b8e978488c644a54b3069e0d57658e3ee84a,block,false,false,false,false,false,false,
src/main/java/zmaster587/advancedRocketry/block/BlockHalfTile.java,zmaster587.advancedRocketry.block,23,692,7896b1f31295f1d776d9cb3fdb6ff1a84a56340bf34caddca58175cf341186e5,block,true,false,false,false,false,false,
src/main/java/zmaster587/advancedRocketry/block/BlockIntake.java,zmaster587.advancedRocketry.block,19,439,12eb35c09e3c434fe853783655505a3deff70d4ce7762a79f031a0dcb84db837,block,false,false,false,false,false,false,
src/main/java/zmaster587/advancedRocketry/block/BlockLandingPad.java,zmaster587.advancedRocketry.block,59,1852,7df43e937e1361574ef32f28d9c055c1d4d72fd6baffec857768c9ce09def45f,block,true,false,false,false,false,false,
src/main/java/zmaster587/advancedRocketry/block/BlockLens.java,zmaster587.advancedRocketry.block,15,439,8e158cf0f1c321273d0cea083c821029c1c16b87ac4cf208381af2be1d352541,block,false,false,false,false,false,false,
src/main/java/zmaster587/advancedRocketry/block/BlockLightSource.java,zmaster587.advancedRocketry.block,48,1148,55f03aa2e235f2f2dbed34f63af33ff61abe1c83d73fb114381af50ee789e6ca,block,false,false,false,false,false,false,
src/main/java/zmaster587/advancedRocketry/block/BlockLinkedHorizontalTexture.java,zmaster587.advancedRocketry.block,85,2429,b6cfce7b4f4f2ad82060e96f6922aa4be9c7a2da998b684ff7ff0645c764d414,block,false,false,false,false,false,false,
src/main/java/zmaster587/advancedRocketry/block/BlockMiningDrill.java,zmaster587.advancedRocketry.block,32,901,d367ece37752c496148c50c2a0232a54781675e175f04ba24006ad9e3c1164f7,block,true,false,false,false,false,false,
src/main/java/zmaster587/advancedRocketry/block/BlockNuclearCore.java,zmaster587.advancedRocketry.block,20,622,7ffb593a111fc0d9ac4e0e248d76a418dd7c895a1011c5b95dd4f8b09c2488d7,block,false,false,false,false,false,false,
src/main/java/zmaster587/advancedRocketry/block/BlockNuclearFuelTank.java,zmaster587.advancedRocketry.block,82,2306,96163c8d67aed0d114bc272d76b15fefa5c7ce0e2cd56c45de3fd36bdb9f3a99,block,false,false,false,false,false,false,
src/main/java/zmaster587/advancedRocketry/block/BlockNuclearRocketMotor.java,zmaster587.advancedRocketry.block,22,498,7a42a76729a828203e857791b78e1f8c310b78e412b93dad072c40d299ff69f1,block,false,false,false,false,false,false,
src/main/java/zmaster587/advancedRocketry/block/BlockOrbitalLaserDrill.java,zmaster587.advancedRocketry.block,67,2320,ae6e5966f58a92ecde4d703dd9722a5a3ecd6a0530d96d4ac69ed4cd44c18e63,block,true,false,false,false,false,false,
src/main/java/zmaster587/advancedRocketry/block/BlockOxidizerFuelTank.java,zmaster587.advancedRocketry.block,86,2384,8987d3b0567d00e35d6e796d7a3332e7526a8a43635d025d625fadc1691bb18e,block,false,false,false,false,false,false,
src/main/java/zmaster587/advancedRocketry/block/BlockPressurizedFluidTank.java,zmaster587.advancedRocketry.block,160,5525,29af9e98bf6b1f2213e661d29f87632ec1ab9a26b188980621625ceb56148dee,block,true,false,false,false,false,false,
src/main/java/zmaster587/advancedRocketry/block/BlockQuartzCrucible.java,zmaster587.advancedRocketry.block,63,1930,a6c0f3679621836f697c6845bef2668280d4a869fa518b553ca1d9f4576b8fad,block,false,false,false,false,false,false,
src/main/java/zmaster587/advancedRocketry/block/BlockRedstoneEmitter.java,zmaster587.advancedRocketry.block,94,2897,0800e531b435041e9efbb8df35ea1b60128a488dfc903b0196e71c9b9f5c5dc1,block,true,false,false,false,false,false,
src/main/java/zmaster587/advancedRocketry/block/BlockRegolith.java,zmaster587.advancedRocketry.block,32,784,5ea59ed224f0f2e9e71f10003b8e89500fa91fe24b832851a1cb22e4abf8f4b2,block,false,false,false,false,false,false,
src/main/java/zmaster587/advancedRocketry/block/BlockRocketFire.java,zmaster587.advancedRocketry.block,197,6673,ec7954221099d61c10b944b4a67d33a284b003e972a8ce71d87d6547cb87143e,block,false,false,false,false,false,false,
src/main/java/zmaster587/advancedRocketry/block/BlockRocketMotor.java,zmaster587.advancedRocketry.block,41,1228,364459f99c4fcc3aaa75e9df3d96b6fe146fa10e1f0a39615fa432d0086e4f0d,block,true,false,false,false,false,false,
src/main/java/zmaster587/advancedRocketry/block/BlockSeal.java,zmaster587.advancedRocketry.block,198,6198,7c250b9874ac5aad26cf54cbf1557ed68c5709c3478dcd73f4c5c63f48249c1a,block,true,false,false,false,false,true,
src/main/java/zmaster587/advancedRocketry/block/BlockSeat.java,zmaster587.advancedRocketry.block,111,3226,469f181067164df49f8a28702758f47227510fb7937ebaa2747408d7cc887a3d,block,false,false,false,false,false,false,
src/main/java/zmaster587/advancedRocketry/block/BlockSmallPlatePress.java,zmaster587.advancedRocketry.block,288,9551,a9e3201cadb2193a517e854129c678145d2070c846b4b0e8b63c615b07769507,block,true,true,false,false,false,false,client_import_outside_client_domain
src/main/java/zmaster587/advancedRocketry/block/BlockSolarGenerator.java,zmaster587.advancedRocketry.block,25,683,8948729e43a7682c7cbf3f3ee977ed45a41be0f4c6626cff1763fa276e148863,block,true,false,false,false,false,false,
src/main/java/zmaster587/advancedRocketry/block/BlockStationModuleDockingPort.java,zmaster587.advancedRocketry.block,69,2379,1edaae60e610fbaf06320970f57e9a7a66baeb54a2d8692b1274c9c064e1b900,block,true,false,false,false,false,false,
src/main/java/zmaster587/advancedRocketry/block/BlockSuitWorkstation.java,zmaster587.advancedRocketry.block,63,1998,f70189b97aca95ef6a522d10492b306c5930d21d5582fdffb4a435b47f1fd8c6,block,true,false,false,false,false,false,
src/main/java/zmaster587/advancedRocketry/block/BlockThermiteTorch.java,zmaster587.advancedRocketry.block,7,147,aa94f4c6baafd9fe7d27b67af867095b2f39e9c20cdf0b9fd54b0ee3bae76eec,block,false,false,false,false,false,false,
src/main/java/zmaster587/advancedRocketry/block/BlockTileNeighborUpdate.java,zmaster587.advancedRocketry.block,27,852,41f2783448a7f896da2a6298c041ace89872421a111c8fea817cec91e445909a,block,true,false,false,false,false,false,
src/main/java/zmaster587/advancedRocketry/block/BlockTileRedstoneEmitter.java,zmaster587.advancedRocketry.block,36,1086,57110a24265e861e4120cae2e1053856a412fbbe53cbc3bd011e0451e4ecc662,block,true,false,false,false,false,false,
src/main/java/zmaster587/advancedRocketry/block/BlockTileWithMultitooltip.java,zmaster587.advancedRocketry.block,28,1052,f14698359a66c1122f6fb53d60ad1282eb184b32bda4314481168be5a5140e04,block,true,true,false,false,false,false,client_import_outside_client_domain
src/main/java/zmaster587/advancedRocketry/block/BlockTorchUnlit.java,zmaster587.advancedRocketry.block,89,2931,4a19b189a81933a195854f55b658f5ff4824367d8f7b9d9b0b9d68edceb382fc,block,false,false,false,false,false,true,
src/main/java/zmaster587/advancedRocketry/block/BlockTransciever.java,zmaster587.advancedRocketry.block,40,1117,81e2a6592574666468b041de28aa0946924beca951c4cc60c340cf0379e8c0bc,block,true,false,false,false,false,false,
src/main/java/zmaster587/advancedRocketry/block/BlockWarpController.java,zmaster587.advancedRocketry.block,33,1218,7507ac7b2d9eb5dc3edc3816ffc9fcd74748ce8888c330253e1276532ce72a93,block,true,false,false,false,false,false,
src/main/java/zmaster587/advancedRocketry/block/BlockWarpCore.java,zmaster587.advancedRocketry.block,49,1961,348b59dd3b41757bb9d655bce27af729a97e0bffb91ac3fad07adb7a7d6200a8,block,true,false,false,false,false,true,
src/main/java/zmaster587/advancedRocketry/block/CrystalColorizer.java,zmaster587.advancedRocketry.block,26,808,5da9c67fad83bc9ac2c709625cb2ed4b8084cef731e2e04f838792c4a46b68c1,block,false,true,false,false,false,false,client_import_outside_client_domain
src/main/java/zmaster587/advancedRocketry/block/cable/BlockDataCable.java,zmaster587.advancedRocketry.block.cable,21,538,72d0df19a98e368b45b8f40b08a538ba6a02c1aa8a12ae79089bb466d9735066,block,false,false,false,false,false,false,
src/main/java/zmaster587/advancedRocketry/block/cable/BlockEnergyCable.java,zmaster587.advancedRocketry.block.cable,20,543,afcc21e8701bf615772cdacadf7f6db4c043cda04d631b37c8d2fee41a05ad03,block,false,false,false,false,false,false,
src/main/java/zmaster587/advancedRocketry/block/cable/BlockLiquidPipe.java,zmaster587.advancedRocketry.block.cable,21,545,affbc30a173d55da094344e361aa31338b2319cf1671dbadeff5dd52c73f886c,block,false,false,false,false,false,false,
src/main/java/zmaster587/advancedRocketry/block/cable/BlockPipe.java,zmaster587.advancedRocketry.block.cable,96,2536,a6515b4c6e7180b7b2baf81b6c45f2c3f6275137cc65c248dc5ff81d537f7574,block,false,false,false,false,false,false,
src/main/java/zmaster587/advancedRocketry/block/multiblock/BlockARHatch.java,zmaster587.advancedRocketry.block.multiblock,100,3456,db7257144b772cd82bc8c9041853b03439e87d5af31a23ae8cf8567f1fa16177,block,true,false,false,false,false,false,
src/main/java/zmaster587/advancedRocketry/block/plant/BlockLightwoodLeaves.java,zmaster587.advancedRocketry.block.plant,111,3419,518b9f3fe37ec74df8048b220ea1ba3dac6f64cd5598c5611149be3fa2c6160d,block,false,false,false,false,false,false,
src/main/java/zmaster587/advancedRocketry/block/plant/BlockLightwoodPlanks.java,zmaster587.advancedRocketry.block.plant,124,3964,7314dea47d38733a214f038e65233d40e0906a8530ad94c17cfedc6bff569390,block,false,false,false,false,false,false,
src/main/java/zmaster587/advancedRocketry/block/plant/BlockLightwoodSapling.java,zmaster587.advancedRocketry.block.plant,107,3450,6968b9b0ad53214573fcff0a2277c906bff10a5fa37d45679e1915d9436284db,block,false,false,false,false,false,false,
src/main/java/zmaster587/advancedRocketry/block/plant/BlockLightwoodWood.java,zmaster587.advancedRocketry.block.plant,77,1968,0c7718913fdfe4340737b4c0cf34e442ae854e6f6b313634313bbba39fdf7b82,block,false,false,false,false,false,false,
src/main/java/zmaster587/advancedRocketry/cable/CableNetwork.java,zmaster587.advancedRocketry.cable,198,4871,d18d7e3170940d8c0a2da80030562a03a3a9de2bcc4d79f797336fa414ba10d0,cable,true,false,true,true,false,false,static_mutable_candidate
src/main/java/zmaster587/advancedRocketry/cable/DataNetwork.java,zmaster587.advancedRocketry.cable,95,2601,256b68d3e20c5b7acba4ed5a7bfce61eaea2f06f89ef22611f732fe485a97e51,cable,false,false,false,false,false,false,
src/main/java/zmaster587/advancedRocketry/cable/EnergyNetwork.java,zmaster587.advancedRocketry.cable,150,3832,e30e45f66a5b5b4492286aff32daf2db4e9a37916a223a2b961c11aa58cd1563,cable,true,false,false,false,false,false,
src/main/java/zmaster587/advancedRocketry/cable/HandlerCableNetwork.java,zmaster587.advancedRocketry.cable,136,4139,eab3f0fb4b500d2ab6a791823194a5a27ac019496c51aafc7796d736cda48944,cable,false,false,false,true,false,false,
src/main/java/zmaster587/advancedRocketry/cable/HandlerDataNetwork.java,zmaster587.advancedRocketry.cable,30,663,44288db321d793fe33831c2c0dcd22c97c060eaf56a3d9d8efe5ff57967c0886,cable,false,false,false,false,false,false,
src/main/java/zmaster587/advancedRocketry/cable/HandlerEnergyNetwork.java,zmaster587.advancedRocketry.cable,22,506,6a3ad5a61ed12848bab058f26926cd91464ed597cc22f862465469f18a43264f,cable,false,false,false,false,false,false,
src/main/java/zmaster587/advancedRocketry/cable/HandlerLiquidNetwork.java,zmaster587.advancedRocketry.cable,22,497,3207192a4c18a28010a97f701a651d0e2caa72a38937d197f3fbabecf0a71f10,cable,false,false,false,false,false,false,
src/main/java/zmaster587/advancedRocketry/cable/LiquidNetwork.java,zmaster587.advancedRocketry.cable,141,4471,8b4246e1de6f20429b7893a21565faeef26cb1c0d72a7ce71504f03444f8f67a,cable,true,false,false,false,false,false,
src/main/java/zmaster587/advancedRocketry/cable/NetworkRegistry.java,zmaster587.advancedRocketry.cable,20,575,a6abd0f7205641a95a0fac0a5b9c674a9408a1f3f5277eca728d6b815be6c724,cable,false,false,false,false,false,false,
src/main/java/zmaster587/advancedRocketry/capability/CapabilityProtectiveArmor.java,zmaster587.advancedRocketry.capability,33,1075,acaf2e122affc4896f3d5a68fe706e5519216d773cd13632e03a44842902c529,capability,false,false,false,false,false,false,
src/main/java/zmaster587/advancedRocketry/capability/DimensionCompat.java,zmaster587.advancedRocketry.capability,39,1024,213d90e2fbab4ff319b7f67b7b31473facb56061ed32d7f67b7ca1a9e761083c,capability,false,false,false,false,false,false,
src/main/java/zmaster587/advancedRocketry/capability/TankCapabilityItemStack.java,zmaster587.advancedRocketry.capability,34,1155,1d3a7cc47dd72ffa616c429d9745fb227c3324668d70d4e80a34ef0c9d25e1ed,capability,false,false,false,false,false,false,
src/main/java/zmaster587/advancedRocketry/client/ClientHelper.java,zmaster587.advancedRocketry.client,742,22016,012341774156c1b8370a43181f2d37e928322a476c34310f4cce236415dac776,client,false,false,false,false,false,false,over_500_lines
src/main/java/zmaster587/advancedRocketry/client/ClientProxy.java,zmaster587.advancedRocketry.client,460,28993,87b3ae1076035368a35f1e260991e86bf3ee932e6d86e3e578ffc251ebfe632a,client,true,true,false,false,false,true,
src/main/java/zmaster587/advancedRocketry/client/ClientRenderHelper.java,zmaster587.advancedRocketry.client,40,1085,fd2629213699a1f0aa207fa8923ece7e942be6176a1d0f48c3ec440a056e5f6a,client,false,true,false,false,false,false,
src/main/java/zmaster587/advancedRocketry/client/KeyBindings.java,zmaster587.advancedRocketry.client,116,6010,09434bee2dc0fedb827d63813e6ba0c72d45b7f0dbbafd080bbf85886dca0ef3,client,true,true,false,false,false,false,
src/main/java/zmaster587/advancedRocketry/client/ModelLoader.java,zmaster587.advancedRocketry.client,49,1828,5d8b958047208b12cc8fa4f11f29846cc6f38f2df2b4ee9f1b92bb1483d60e79,client,false,true,false,false,false,false,
src/main/java/zmaster587/advancedRocketry/client/SoundRocketEngine.java,zmaster587.advancedRocketry.client,38,996,cdfdba780631e250366a0f613b2c33b82eb982ee6faf489042c66a3e9924b00c,client,false,true,false,false,false,false,
src/main/java/zmaster587/advancedRocketry/client/model/ModelRocket.java,zmaster587.advancedRocketry.client.model,76,2253,78d97900ed691e440f41dbc23c02b226b0501e836cd382476929e6ca3615c7df,client,false,true,false,false,false,false,
src/main/java/zmaster587/advancedRocketry/client/render/ClientDynamicTexture.java,zmaster587.advancedRocketry.client.render,133,4415,ba7b2abfb8fa9876161bef3fc8a5b24921a19e01d4ecf836c2eeacc37b9f10b5,client,false,false,false,false,false,false,
src/main/java/zmaster587/advancedRocketry/client/render/RenderComponents.java,zmaster587.advancedRocketry.client.render,31,1234,efd3f831cc4d08d115ed8ccf834fa5bd8a8425887222c401a5e3291db76e2f5b,client,true,true,false,false,false,false,
src/main/java/zmaster587/advancedRocketry/client/render/RenderLaser.java,zmaster587.advancedRocketry.client.render,177,6317,d1905d1eac4b90d17e297789e24bdf79073a8deb94b232aca207f0aab1934071,client,true,true,false,false,false,false,
src/main/java/zmaster587/advancedRocketry/client/render/RenderOrbitalLaserDrillTile.java,zmaster587.advancedRocketry.client.render,63,2281,02df2a815bbd6b91a6b86093a7f947067dcdd5146d50005b13e6aca485156409,client,false,true,false,false,false,false,
src/main/java/zmaster587/advancedRocketry/client/render/RenderTank.java,zmaster587.advancedRocketry.client.render,78,2875,9a9c8ca77af252209dd16312709629d2ee6e396910156815b53797477e361038,client,true,true,false,false,false,false,
src/main/java/zmaster587/advancedRocketry/client/render/RendererPhantomBlock.java,zmaster587.advancedRocketry.client.render,83,3985,38ab584c93da66440bf5778959659869d2c8c6acaf41a504e2c40779c73e658d,client,true,true,false,false,false,false,
src/main/java/zmaster587/advancedRocketry/client/render/RendererPipe.java,zmaster587.advancedRocketry.client.render,67,1999,2af47becbd42038c6111ee427cb0630a070e44b1f1dd6f218183a0e1bc979b8c,client,true,true,false,false,false,false,
src/main/java/zmaster587/advancedRocketry/client/render/RendererRocket.java,zmaster587.advancedRocketry.client.render,233,9357,db7e44882c1210711449258f009b42c804907d3638f2e54674e95ee0ceb5f1cb,client,false,true,false,false,false,false,
src/main/java/zmaster587/advancedRocketry/client/render/RendererRocketAssemblingMachine.java,zmaster587.advancedRocketry.client.render,175,6850,510f7ac2fa82615046075714f838b1f599d058413f00fb323facf3856c258060,client,true,true,false,false,false,false,
src/main/java/zmaster587/advancedRocketry/client/render/RocketRenderHelper.java,zmaster587.advancedRocketry.client.render,26,1245,12e60554994d8ce28a020939f66409308fb5c8cedda8589c01e252793d875370,client,false,false,false,false,false,false,
src/main/java/zmaster587/advancedRocketry/client/render/armor/RenderJetPack.java,zmaster587.advancedRocketry.client.render.armor,63,1991,04e325c39ab7529f98fc3d753aaeac2dd57a7455dd9fbc7dffcbb09f59443dad,client,false,true,false,false,false,false,
src/main/java/zmaster587/advancedRocketry/client/render/entity/RenderButtonUIEntity.java,zmaster587.advancedRocketry.client.render.entity,45,1564,6cc36a9b77e4ba9a6f2f275027aac400a0566e61a420bb16899f7cfb8a43ee18,client,true,true,false,false,false,false,
src/main/java/zmaster587/advancedRocketry/client/render/entity/RenderElevatorCapsule.java,zmaster587.advancedRocketry.client.render.entity,64,2117,48ff09057584917bed4debde4c904a631d24482ed208bfa5dd60e17cc51465e0,client,false,true,false,false,false,false,
src/main/java/zmaster587/advancedRocketry/client/render/entity/RenderHoverCraft.java,zmaster587.advancedRocketry.client.render.entity,100,3838,04e4d62c400b95fcfefe2382ed54a656cb998611a02d271793f1c8ee174d9747,client,true,true,false,false,false,false,
src/main/java/zmaster587/advancedRocketry/client/render/entity/RenderPlanetUIEntity.java,zmaster587.advancedRocketry.client.render.entity,247,9595,4f1d641edafeaf66d214640b1c23faacb892e9eee262280120cdcffc6a9917b2,client,true,true,false,false,false,false,
src/main/java/zmaster587/advancedRocketry/client/render/entity/RenderStarUIEntity.java,zmaster587.advancedRocketry.client.render.entity,182,7138,44e9fc1073ef07a782391dd00c036f47ae2ec2bd4ff2582ad80a8555f7cd1161,client,true,true,false,false,false,false,
src/main/java/zmaster587/advancedRocketry/client/render/entity/RendererItem.java,zmaster587.advancedRocketry.client.render.entity,62,2798,cf1359146c2797e9e69f84b507bce7a6b4759922d75a63b183577e054bf21990,client,false,true,false,false,false,false,
src/main/java/zmaster587/advancedRocketry/client/render/multiblocks/RenderAreaGravityController.java,zmaster587.advancedRocketry.client.render.multiblocks,86,2871,5d9cf31297d501dd18d5971b31f36ccd3cd4fb2e749c2d8220835b61e3507a71,client,true,true,false,false,false,false,
src/main/java/zmaster587/advancedRocketry/client/render/multiblocks/RenderAstrobodyDataProcessor.java,zmaster587.advancedRocketry.client.render.multiblocks,50,1855,177b3ff9dd424e42bdae68e7a5106090be181082b98f140eb8b96a054671ac21,client,true,true,false,false,false,false,
src/main/java/zmaster587/advancedRocketry/client/render/multiblocks/RenderBeacon.java,zmaster587.advancedRocketry.client.render.multiblocks,66,2176,424697f918feb60154bd0b512996f6804d02311e92bfadf9284fde1377b36c9b,client,true,true,false,false,false,false,
src/main/java/zmaster587/advancedRocketry/client/render/multiblocks/RenderBiomeScanner.java,zmaster587.advancedRocketry.client.render.multiblocks,50,1628,b31bf020057e85011c89a3a826c29cd3d3eeb09bac1a99912b5d3f2e7279cca1,client,true,true,false,false,false,false,
src/main/java/zmaster587/advancedRocketry/client/render/multiblocks/RenderBlackHoleGenerator.java,zmaster587.advancedRocketry.client.render.multiblocks,90,3220,695dc59050a2b22ecd19a4f79793085e207fc38098380ab4d0d130e9fc48a220,client,true,true,false,false,false,false,
src/main/java/zmaster587/advancedRocketry/client/render/multiblocks/RenderCentrifuge.java,zmaster587.advancedRocketry.client.render.multiblocks,68,1998,66685ae624c97db55bed0a6082f190ec608182f418c697fbea73eb514a0b92de,client,true,true,false,false,false,false,
src/main/java/zmaster587/advancedRocketry/client/render/multiblocks/RenderOrbitalLaserDrill.java,zmaster587.advancedRocketry.client.render.multiblocks,99,3687,175fa9f86e10981e06efd709339d2a39a4f660560b2ed0059721dc369250455b,client,true,true,false,false,false,false,
src/main/java/zmaster587/advancedRocketry/client/render/multiblocks/RenderTerraformerAtm.java,zmaster587.advancedRocketry.client.render.multiblocks,78,2665,3cdaedabceb7e31364e4994135d619d6a92380502aabb6692a2231971560bce0,client,true,true,false,false,false,false,
src/main/java/zmaster587/advancedRocketry/client/render/multiblocks/RendererChemicalReactor.java,zmaster587.advancedRocketry.client.render.multiblocks,48,1748,ffa728965267b4d1a2476800bd77c9f4bb4bacc97ca9bcee2af1633cf315134c,client,true,true,false,false,false,false,
src/main/java/zmaster587/advancedRocketry/client/render/multiblocks/RendererCrystallizer.java,zmaster587.advancedRocketry.client.render.multiblocks,128,4314,6958ac8661cc14d364dd366532bdedb36e0c6f06b5a04f4aad26207513ab70f2,client,true,true,false,false,false,false,
src/main/java/zmaster587/advancedRocketry/client/render/multiblocks/RendererCuttingMachine.java,zmaster587.advancedRocketry.client.render.multiblocks,108,3497,0c33802db1fdcaf773143687d2329eb1d21ebe2c19665f75e8b59c6f48d5d505,client,true,true,false,false,false,false,
src/main/java/zmaster587/advancedRocketry/client/render/multiblocks/RendererElectrolyser.java,zmaster587.advancedRocketry.client.render.multiblocks,109,3833,eda96414a2448779c1580d1f534fbd50b79ea5281ddf93f51bbba51fa243b2ba,client,true,true,false,false,false,false,
src/main/java/zmaster587/advancedRocketry/client/render/multiblocks/RendererLathe.java,zmaster587.advancedRocketry.client.render.multiblocks,103,3380,215a76162612fa69e1d4e96bc2b48581bced63f7398cafde56778491abebb8ef,client,true,true,false,false,false,false,
src/main/java/zmaster587/advancedRocketry/client/render/multiblocks/RendererMicrowaveReciever.java,zmaster587.advancedRocketry.client.render.multiblocks,149,5987,145bfad697e826d281314b2fe550fb9026e803ef1445c8e1099192d7f486cefd,client,true,true,false,false,false,false,
src/main/java/zmaster587/advancedRocketry/client/render/multiblocks/RendererObservatory.java,zmaster587.advancedRocketry.client.render.multiblocks,82,2751,6e9bfdb348d0cd56be98f82097478ac1a8a0edf91a8021dd88bccbe50e8741b2,client,true,true,false,false,false,false,
src/main/java/zmaster587/advancedRocketry/client/render/multiblocks/RendererPrecisionAssembler.java,zmaster587.advancedRocketry.client.render.multiblocks,154,4153,c39f622543f811c4a762dc4f725f3c18d37e367c0470e597ddfb2b33d10389b3,client,true,true,false,false,false,false,
src/main/java/zmaster587/advancedRocketry/client/render/multiblocks/RendererPrecisionLaserEtcher.java,zmaster587.advancedRocketry.client.render.multiblocks,85,2703,cf5671d4e15808517e4cdf171f74c3bd8d5ff9383d187295b40a6be831ca23db,client,true,true,false,false,false,false,
src/main/java/zmaster587/advancedRocketry/client/render/multiblocks/RendererRailgun.java,zmaster587.advancedRocketry.client.render.multiblocks,59,1940,3422977f21279f48a14fd4fc7cb8583795327b048c1a90814165cc4bdcf00cdb,client,true,true,false,false,false,false,
src/main/java/zmaster587/advancedRocketry/client/render/multiblocks/RendererRollingMachine.java,zmaster587.advancedRocketry.client.render.multiblocks,92,2971,b972ab91141d4e3b58079dc37f6439bda74686e40959aea40dc3ed3038f341b8,client,true,true,false,false,false,false,
src/main/java/zmaster587/advancedRocketry/client/render/multiblocks/RendererSolarArray.java,zmaster587.advancedRocketry.client.render.multiblocks,50,1647,f9a89aa8d8d53de678f611ef3dafed68537ddcb3b7069850172955709d28e001,client,true,true,false,false,false,false,
src/main/java/zmaster587/advancedRocketry/client/render/multiblocks/RendererSpaceElevator.java,zmaster587.advancedRocketry.client.render.multiblocks,123,4532,8d9dde44f5b5401e5fd0b1a73b208b0e06d0e4eaf51b8d3d9064f77ad5d52ab8,client,true,true,false,false,false,false,
src/main/java/zmaster587/advancedRocketry/client/render/multiblocks/RendererWarpCore.java,zmaster587.advancedRocketry.client.render.multiblocks,132,5059,439dfe3f33eb1e231c184f1f16f8978a5401a94d55b0de994cfd32c75359dc77,client,true,true,false,false,false,true,
src/main/java/zmaster587/advancedRocketry/client/render/planet/RenderAsteroidSky.java,zmaster587.advancedRocketry.client.render.planet,955,36387,cc1f4b9944d5f45a2d5b17ed919c215e2ddfe9f549bd8c6bdbda401f8be02fa8,client,true,true,false,false,false,true,over_800_lines
src/main/java/zmaster587/advancedRocketry/client/render/planet/RenderPlanetarySky.java,zmaster587.advancedRocketry.client.render.planet,958,39592,240321a84a2d4c910522d4e61f963c2955231c5004e712ac5e3ca21ebedd0996,client,true,true,false,false,false,true,over_800_lines
src/main/java/zmaster587/advancedRocketry/client/render/planet/RenderSpaceSky.java,zmaster587.advancedRocketry.client.render.planet,327,13749,8a16d3564733bb699b5a6bfefe0a8f05a0e474befa4e334af5ba6a9bfbda0a0d,client,true,true,false,false,false,false,
src/main/java/zmaster587/advancedRocketry/client/render/planet/RenderSpaceTravelSky.java,zmaster587.advancedRocketry.client.render.planet,1016,39071,732750e08b277031ea774da8bedc34e787bc8476d468f35a83c50c8959706d6b,client,true,true,false,false,false,true,over_800_lines
src/main/java/zmaster587/advancedRocketry/command/WorldCommand.java,zmaster587.advancedRocketry.command,1052,41055,b3c194b851e56b60cb6dcb1025c2953eca021340cc7c95f1ef35c1030e2a43f6,command,true,false,false,false,false,true,over_800_lines
src/main/java/zmaster587/advancedRocketry/common/CommonProxy.java,zmaster587.advancedRocketry.common,103,2740,64209e194f50b696ccc7581c2ee3d54bc8219e3dfa9d53aec7bf980cadc3564d,common,true,false,false,false,false,true,
src/main/java/zmaster587/advancedRocketry/dimension/DimensionManager.java,zmaster587.advancedRocketry.dimension,1164,44282,5f6a3f43f6f59246d144772f5485af998b1cafa96a15130af8bd6df271a36395,dimension,true,false,false,true,false,true,over_800_lines
src/main/java/zmaster587/advancedRocketry/dimension/DimensionProperties.java,zmaster587.advancedRocketry.dimension,2024,63588,2862cdbaa80c7ac16dbb51fb61abf459d1def9cdc1fc34e29f78a18d3b028db3,dimension,true,false,false,true,false,true,over_1500_lines
src/main/java/zmaster587/advancedRocketry/enchant/EnchantmentSpaceBreathing.java,zmaster587.advancedRocketry.enchant,37,1028,9db7cb4abf134493cd6706897ad9fbd22a03b6a311a765060547a5cc21555e6a,enchant,false,false,false,false,false,false,
src/main/java/zmaster587/advancedRocketry/entity/EntityDummy.java,zmaster587.advancedRocketry.entity,68,1394,49226d73da5c731b4c4195a59d4ac59bfad519075f90f930f394dac71eb9f6f3,entity,false,false,false,false,false,false,
src/main/java/zmaster587/advancedRocketry/entity/EntityElevatorCapsule.java,zmaster587.advancedRocketry.entity,552,18143,d769519b919477f3e6d99eddc1d33143dc67e4ff5b84911c619b1eb9c639c03f,entity,true,false,false,true,true,true,over_500_lines
src/main/java/zmaster587/advancedRocketry/entity/EntityHoverCraft.java,zmaster587.advancedRocketry.entity,330,8718,3ce366f2884a08143e4c4a3ae38bf2c6eb8095ec236e15e83c59f9ac821bbaa0,entity,true,false,false,true,true,false,
src/main/java/zmaster587/advancedRocketry/entity/EntityItemAbducted.java,zmaster587.advancedRocketry.entity,162,4330,f0e3a4c797cc8da1b7442b40284c845ee23497f25cc29ed4eb6b71d7959b1d8f,entity,false,false,false,true,false,false,
src/main/java/zmaster587/advancedRocketry/entity/EntityLaserNode.java,zmaster587.advancedRocketry.entity,127,4610,990096b9a175f9d83c32238747a5de71fb7acc60644abdfff0c3b5a8a300ea90,entity,true,true,false,false,false,false,client_import_outside_client_domain
src/main/java/zmaster587/advancedRocketry/entity/EntityRocket.java,zmaster587.advancedRocketry.entity,2433,91772,901b139f82287884258665584ebcd746458da2e042910f0845194f57741a18c6,entity,true,true,false,true,true,true,over_1500_lines;client_import_outside_client_domain
src/main/java/zmaster587/advancedRocketry/entity/EntityStationDeployedRocket.java,zmaster587.advancedRocketry.entity,482,17251,123804ea7e5a249f03cd92675d084a6df36ddd7f3ec8176a6564759cfa29dbf8,entity,true,true,false,false,true,true,client_import_outside_client_domain
src/main/java/zmaster587/advancedRocketry/entity/EntityUIButton.java,zmaster587.advancedRocketry.entity,43,1071,c01b4b8f8b3a4a47e12b3040c2ef797a3e8d2e070fbd34e3c1398653f7cd8eb6,entity,false,false,false,false,false,false,
src/main/java/zmaster587/advancedRocketry/entity/EntityUIPlanet.java,zmaster587.advancedRocketry.entity,148,4426,b9f39167fdbf60be40684022d1a719dc58d8e15259e8f71f620bd459a4f60d90,entity,false,false,false,true,false,true,
src/main/java/zmaster587/advancedRocketry/entity/EntityUIStar.java,zmaster587.advancedRocketry.entity,91,2913,37218999e938688c162418ab0658e41b5b6a9419d6e704aa63c8147b62074676,entity,false,false,false,false,false,true,
src/main/java/zmaster587/advancedRocketry/entity/FxSkyLaser.java,zmaster587.advancedRocketry.entity,54,1623,acdad134db79f56577957ec04f5e1f9d97c664e1b571f392314c90bd504dcabf,entity,false,true,false,false,false,false,client_import_outside_client_domain
src/main/java/zmaster587/advancedRocketry/entity/fx/FxElectricArc.java,zmaster587.advancedRocketry.entity.fx,85,3416,6090019763d97dfdda8236599ffbe3547bf07a083481345b8b60e23772e3e446,entity,false,true,false,false,false,false,client_import_outside_client_domain
src/main/java/zmaster587/advancedRocketry/entity/fx/FxGravityEffect.java,zmaster587.advancedRocketry.entity.fx,89,4022,71327f810c59c3797f7049a8749c881935fd3609982c2821eb4a1bb5d0d2d9f4,entity,false,true,false,false,false,false,client_import_outside_client_domain
src/main/java/zmaster587/advancedRocketry/entity/fx/FxLaser.java,zmaster587.advancedRocketry.entity.fx,91,3323,b0bbc7262187e96c57f6acdd07868213a8a38931b75d02bba9c9d0b2d23408ae,entity,false,true,false,false,false,false,client_import_outside_client_domain
src/main/java/zmaster587/advancedRocketry/entity/fx/FxLaserHeat.java,zmaster587.advancedRocketry.entity.fx,85,2690,f79ae9d24035d8efd4115e5e75f7ddcd4fbcd9400808b14dc1d6b0865427eb6d,entity,true,true,false,false,false,false,client_import_outside_client_domain
src/main/java/zmaster587/advancedRocketry/entity/fx/FxLaserSpark.java,zmaster587.advancedRocketry.entity.fx,90,2847,c882964f18cbaee060d7c3baa1b14717bc9f991d3dc4f73ffad5fd7913250e4d,entity,false,true,false,false,false,false,client_import_outside_client_domain
src/main/java/zmaster587/advancedRocketry/entity/fx/FxSystemElectricArc.java,zmaster587.advancedRocketry.entity.fx,55,2075,356f76b40b2c765408c89d25b5a1af8e93a3fb4e05481a97249eddbe3e9a5590,entity,true,false,false,false,false,false,
src/main/java/zmaster587/advancedRocketry/entity/fx/InverseTrailFluid.java,zmaster587.advancedRocketry.entity.fx,51,1843,01baeef3d90f05a5100821e53bbbb2fe9dfb1946292c525625eb6b42ccf161a5,entity,false,false,false,false,false,false,
src/main/java/zmaster587/advancedRocketry/entity/fx/InverseTrailFx.java,zmaster587.advancedRocketry.entity.fx,97,4303,1ad4f0bfc7a95617cb73ca7f9483fc686d321bb4e73bcf62f3eebcca079718b7,entity,false,true,false,false,false,false,client_import_outside_client_domain
src/main/java/zmaster587/advancedRocketry/entity/fx/OxygenCloudFX.java,zmaster587.advancedRocketry.entity.fx,99,4492,0db2e2499e7da36831b42e36eaed6f312bfad478369220ee2c578acde049fede,entity,false,true,false,false,false,false,client_import_outside_client_domain
src/main/java/zmaster587/advancedRocketry/entity/fx/OxygenTraceFX.java,zmaster587.advancedRocketry.entity.fx,99,4498,d44cdc7bd230b512602688c6763bb2851c8f1309a3184132b04aecb0b8c631d3,entity,false,true,false,false,false,false,client_import_outside_client_domain
src/main/java/zmaster587/advancedRocketry/entity/fx/RocketFx.java,zmaster587.advancedRocketry.entity.fx,118,5542,981f1959ce3bd2f0e2b6f967aecfd160cf3d94b2cb3a66ef72879792adbe53fc,entity,false,true,false,false,false,false,client_import_outside_client_domain
src/main/java/zmaster587/advancedRocketry/entity/fx/TrailFx.java,zmaster587.advancedRocketry.entity.fx,56,1628,6cc1f3edeecacb68008edf007d2eb5aecadec6306e451a26fa089403e8d2b128,entity,false,false,false,false,false,false,
src/main/java/zmaster587/advancedRocketry/event/BlockBreakEvent.java,zmaster587.advancedRocketry.event,29,611,37b66980cafcf09fc6fc89f86c3ae201d9977cd3395f12d328998e238d9e40d5,event,false,false,false,false,false,false,
src/main/java/zmaster587/advancedRocketry/event/CableTickHandler.java,zmaster587.advancedRocketry.event,103,3464,2ad328ccf60adfe7fb03d375608a0b65c2ba541ae510d7caf07bfbeb4968041e,event,false,false,false,false,false,false,
src/main/java/zmaster587/advancedRocketry/event/PlanetEventHandler.java,zmaster587.advancedRocketry.event,595,25544,18c05c423374dd84ec70547447c1321186e0629b1dbc0cf05c83ecd9777ae1de,event,true,true,true,false,false,true,over_500_lines;client_import_outside_client_domain;static_mutable_candidate
src/main/java/zmaster587/advancedRocketry/event/RocketEventHandler.java,zmaster587.advancedRocketry.event,695,25718,91246c7af8d578628a5e5440d9da4dd286fcea265d131b578579333459ecb830,event,true,true,false,false,false,true,over_500_lines;client_import_outside_client_domain
src/main/java/zmaster587/advancedRocketry/event/WorldEvents.java,zmaster587.advancedRocketry.event,15,383,1632dacb264e6c5aaf8dafe2ee3ac5ecb4cdc163fd251a10e045cf69bbf9e81f,event,false,false,false,false,false,false,
src/main/java/zmaster587/advancedRocketry/integration/CompatibilityMgr.java,zmaster587.advancedRocketry.integration,31,804,d11c595122bb53182d69fa35a5747a2213cface727c39434426c48004aa3aa4b,integration,false,false,false,false,false,false,
src/main/java/zmaster587/advancedRocketry/integration/GalacticCraftHandler.java,zmaster587.advancedRocketry.integration,39,1294,ab1fe0717e15da48f3826d07cc3c823645b7e52a9030ad5db2f6621d3163532c,integration,false,true,false,false,false,false,client_import_outside_client_domain
src/main/java/zmaster587/advancedRocketry/integration/jei/ARPlugin.java,zmaster587.advancedRocketry.integration.jei,159,9506,a5ddf1649dfe0a32bd15316e571456ff386f4f0a82af0f34be6ca4c9fd1f3130,integration,true,false,false,false,false,false,
src/main/java/zmaster587/advancedRocketry/integration/jei/DrawableProgressBarWrapper.java,zmaster587.advancedRocketry.integration.jei,36,779,1a1eb3724d2b66818950eb3846ba95a7cef5202db18837c570d0d6b054d3e398,integration,true,true,false,false,false,false,client_import_outside_client_domain
src/main/java/zmaster587/advancedRocketry/integration/jei/MachineCategoryTemplate.java,zmaster587.advancedRocketry.integration.jei,89,3450,29d89906a2f929ce4213b721931ebf33e0e80af39767c29d0a7e9e2c70e1354e,integration,true,true,false,false,false,false,client_import_outside_client_domain
src/main/java/zmaster587/advancedRocketry/integration/jei/MachineRecipe.java,zmaster587.advancedRocketry.integration.jei,94,2848,7b28cad394463b2f1a27e6593ebd5106c207853ec52d5b59292721d5f00b435d,integration,true,true,false,false,false,false,client_import_outside_client_domain
src/main/java/zmaster587/advancedRocketry/integration/jei/arcFurnace/ArcFurnaceCategory.java,zmaster587.advancedRocketry.integration.jei.arcFurnace,36,924,909d9ab06e794991fb480b6445956a12939dcfa580b84889c81528cb7f0b5f88,integration,true,false,false,false,false,false,
src/main/java/zmaster587/advancedRocketry/integration/jei/arcFurnace/ArcFurnaceRecipeHandler.java,zmaster587.advancedRocketry.integration.jei.arcFurnace,35,864,88b6d5e5d4c28a8e38083624534ce47b1bdea173ab1850d8ea2cc644d66ab302,integration,false,false,false,false,false,false,
src/main/java/zmaster587/advancedRocketry/integration/jei/arcFurnace/ArcFurnaceRecipeMaker.java,zmaster587.advancedRocketry.integration.jei.arcFurnace,21,596,0b2d1a80c01ceba2679542178d495446d00df60a8a7c09eaf37a10077ce2c6ed,integration,true,false,true,false,false,false,static_mutable_candidate
src/main/java/zmaster587/advancedRocketry/integration/jei/arcFurnace/ArcFurnaceWrapper.java,zmaster587.advancedRocketry.integration.jei.arcFurnace,12,302,d877c8d4a2ebd048db37c74e1f1baed3176e386760a5ca5426da7b9194c8f086,integration,true,false,false,false,false,false,
src/main/java/zmaster587/advancedRocketry/integration/jei/centrifuge/CentrifugeCategory.java,zmaster587.advancedRocketry.integration.jei.centrifuge,31,849,7f31371af43d85d08790e4b0b5aa994a9d8c70e559553971718efa2cabc9a89f,integration,true,false,false,false,false,false,
src/main/java/zmaster587/advancedRocketry/integration/jei/centrifuge/CentrifugeRecipeHandler.java,zmaster587.advancedRocketry.integration.jei.centrifuge,29,731,ea8e3211a464c205fe0ac91df1b7e124a89ab5a543c0208e5b5898849a4b1c79,integration,false,false,false,false,false,false,
src/main/java/zmaster587/advancedRocketry/integration/jei/centrifuge/CentrifugeRecipeMaker.java,zmaster587.advancedRocketry.integration.jei.centrifuge,21,596,53667673367c632003344b6465e5c36ef89d7e83b551c8984beed562834f5d94,integration,true,false,true,false,false,false,static_mutable_candidate
src/main/java/zmaster587/advancedRocketry/integration/jei/centrifuge/CentrifugeWrapper.java,zmaster587.advancedRocketry.integration.jei.centrifuge,12,302,a120ff94c2af8354f2cac9302aea7efe287bb3e224efd38fced515c05efb15db,integration,true,false,false,false,false,false,
src/main/java/zmaster587/advancedRocketry/integration/jei/chemicalReactor/ChemicalReactorCategory.java,zmaster587.advancedRocketry.integration.jei.chemicalReactor,98,2945,a20c4fd0a561e14b1f46d6149aa5f3d7675d9115d996f7e7328022effb6fff94,integration,true,false,false,false,false,false,
src/main/java/zmaster587/advancedRocketry/integration/jei/chemicalReactor/ChemicalReactorRecipeHandler.java,zmaster587.advancedRocketry.integration.jei.chemicalReactor,29,782,439109eede59292029fea7bf622abbe44efd448a11cac197c07d2551b52e39e4,integration,false,false,false,false,false,false,
src/main/java/zmaster587/advancedRocketry/integration/jei/chemicalReactor/ChemicalReactorRecipeMaker.java,zmaster587.advancedRocketry.integration.jei.chemicalReactor,22,628,80404840fd6704aa2944afc891856f7cb77c404209b9b1dc0bb4cf8efb7c2799,integration,true,false,true,false,false,false,static_mutable_candidate
src/main/java/zmaster587/advancedRocketry/integration/jei/chemicalReactor/ChemicalReactorlWrapper.java,zmaster587.advancedRocketry.integration.jei.chemicalReactor,12,319,6fba6a0514fd00666bbfc6b301b3926cf32e20586ec102d087202e4673b241a3,integration,true,false,false,false,false,false,
src/main/java/zmaster587/advancedRocketry/integration/jei/crystallizer/CrystallizerCategory.java,zmaster587.advancedRocketry.integration.jei.crystallizer,31,861,6aef9aba52b84031dd5f0bb83de597857c32575b164318d70d4540dfece03f69,integration,true,false,false,false,false,false,
src/main/java/zmaster587/advancedRocketry/integration/jei/crystallizer/CrystallizerRecipeHandler.java,zmaster587.advancedRocketry.integration.jei.crystallizer,29,749,646d4137f15922af93cee12a0cd97e786b943361e8c92644c8fa3bf157b9392f,integration,false,false,false,false,false,false,
src/main/java/zmaster587/advancedRocketry/integration/jei/crystallizer/CrystallizerRecipeMaker.java,zmaster587.advancedRocketry.integration.jei.crystallizer,21,606,c603f17694b2912715cab1e9a41e9d7b259be595421e94ab1358807e0e37dd2f,integration,true,false,true,false,false,false,static_mutable_candidate
src/main/java/zmaster587/advancedRocketry/integration/jei/crystallizer/CrystallizerWrapper.java,zmaster587.advancedRocketry.integration.jei.crystallizer,12,308,38e206f466edbcb28680dfd3d7c25eb76027adc2e1d7dd3d7292eab658ec6525,integration,true,false,false,false,false,false,
src/main/java/zmaster587/advancedRocketry/integration/jei/electrolyser/ElectrolyzerCategory.java,zmaster587.advancedRocketry.integration.jei.electrolyser,31,861,f787d899da54058936e56c21dc6db72847402fc009f35c6e5f4a192b5abc82e7,integration,true,false,false,false,false,false,
src/main/java/zmaster587/advancedRocketry/integration/jei/electrolyser/ElectrolyzerRecipeHandler.java,zmaster587.advancedRocketry.integration.jei.electrolyser,29,750,d3575339188ec9ce864c1ed6cb10ddabd8cb4987314a79ccffa921c92b363e9e,integration,false,false,false,false,false,false,
src/main/java/zmaster587/advancedRocketry/integration/jei/electrolyser/ElectrolyzerRecipeMaker.java,zmaster587.advancedRocketry.integration.jei.electrolyser,22,610,b2d1ac5cc78dbf7056723bf96642cd79640c4af29942bbf8b362e2e301728b15,integration,true,false,true,false,false,false,static_mutable_candidate
src/main/java/zmaster587/advancedRocketry/integration/jei/electrolyser/ElectrolyzerWrapper.java,zmaster587.advancedRocketry.integration.jei.electrolyser,12,308,0a8a722df2fee88ab46e5f2227da9670fbb6a1039838b8d708069191ac26142f,integration,true,false,false,false,false,false,
src/main/java/zmaster587/advancedRocketry/integration/jei/lathe/LatheCategory.java,zmaster587.advancedRocketry.integration.jei.lathe,31,812,9862d73925a7396e6001bf349dcfcc4bf0c77e4a1a1e7b3a1430ed0e50a96a3e,integration,true,false,false,false,false,false,
src/main/java/zmaster587/advancedRocketry/integration/jei/lathe/LatheRecipeHandler.java,zmaster587.advancedRocketry.integration.jei.lathe,29,686,d92757c5b65681bbb270888bcdc50c896142200022b34506c43770f5285604ac,integration,false,false,false,false,false,false,
src/main/java/zmaster587/advancedRocketry/integration/jei/lathe/LatheRecipeMaker.java,zmaster587.advancedRocketry.integration.jei.lathe,21,571,bd27ead0a861c8a6349f221f7afc3ba6c640f0feb4477e8af5d1e046c26381d7,integration,true,false,true,false,false,false,static_mutable_candidate
src/main/java/zmaster587/advancedRocketry/integration/jei/lathe/LatheWrapper.java,zmaster587.advancedRocketry.integration.jei.lathe,12,287,49b6c656bb9ca15e274682b6a97d442cc3a687b7ac32fe93552e4c1212b53d7a,integration,true,false,false,false,false,false,
src/main/java/zmaster587/advancedRocketry/integration/jei/platePresser/PlatePressCategory.java,zmaster587.advancedRocketry.integration.jei.platePresser,31,847,7c775710d340f509a826fe1a5972722cd068721dbe8792dbdb331c2f34cd1537,integration,true,false,false,false,false,false,
src/main/java/zmaster587/advancedRocketry/integration/jei/platePresser/PlatePressRecipeHandler.java,zmaster587.advancedRocketry.integration.jei.platePresser,29,731,d855b4cebf780dab66190df9ef9cf90fa86742c9fb53cd91b55419de616e25b8,integration,false,false,false,false,false,false,
src/main/java/zmaster587/advancedRocketry/integration/jei/platePresser/PlatePressRecipeMaker.java,zmaster587.advancedRocketry.integration.jei.platePresser,21,598,c1a47833321329f1fa0148b590fb4f8bcb9ec7bf4dd11218f778258a4ba82b12,integration,true,false,true,false,false,false,static_mutable_candidate
src/main/java/zmaster587/advancedRocketry/integration/jei/platePresser/PlatePressWrapper.java,zmaster587.advancedRocketry.integration.jei.platePresser,12,304,c206d5ad3483d922dc5fc44d3e50f388062b1cbf0e87b849830f5276df5ec648,integration,true,false,false,false,false,false,
src/main/java/zmaster587/advancedRocketry/integration/jei/precisionAssembler/PrecisionAssemblerCategory.java,zmaster587.advancedRocketry.integration.jei.precisionAssembler,33,1064,cdb3bb51a6d1eca770f19acfb14ee303a1a94351efa4cd375b49da1e5ddb6d82,integration,true,false,false,false,false,false,
src/main/java/zmaster587/advancedRocketry/integration/jei/precisionAssembler/PrecisionAssemblerRecipeHandler.java,zmaster587.advancedRocketry.integration.jei.precisionAssembler,29,803,ea051bd2e14976cb316a42963268c483d7faabe6624a8f624155a428c4b713dc,integration,false,false,false,false,false,false,
src/main/java/zmaster587/advancedRocketry/integration/jei/precisionAssembler/PrecisionAssemblerRecipeMaker.java,zmaster587.advancedRocketry.integration.jei.precisionAssembler,21,636,79ed8307c3e5901cc27dc54519c4af0e283087f4c5ee9d0f90a5a1216dea5214,integration,true,false,true,false,false,false,static_mutable_candidate
src/main/java/zmaster587/advancedRocketry/integration/jei/precisionAssembler/PrecisionAssemblerWrapper.java,zmaster587.advancedRocketry.integration.jei.precisionAssembler,12,326,7ae0e952d4d3667e98a7dd3bcae526c3c66361371af8838685049085d963ee47,integration,true,false,false,false,false,false,
src/main/java/zmaster587/advancedRocketry/integration/jei/precisionLaserEtcher/PrecisionLaserEtcherCategory.java,zmaster587.advancedRocketry.integration.jei.precisionLaserEtcher,31,904,cd87ab7369264b1139598a1accf594597039c896796b8c071f4ab81a40bcc3eb,integration,true,false,false,false,false,false,
src/main/java/zmaster587/advancedRocketry/integration/jei/precisionLaserEtcher/PrecisionLaserEtcherRecipeHandler.java,zmaster587.advancedRocketry.integration.jei.precisionLaserEtcher,27,818,7a94baf4466eeb4b2603aae6c672ac2c0467478168782f25a57a28008a359bb1,integration,false,false,false,false,false,false,
src/main/java/zmaster587/advancedRocketry/integration/jei/precisionLaserEtcher/PrecisionLaserEtcherRecipeMaker.java,zmaster587.advancedRocketry.integration.jei.precisionLaserEtcher,21,644,5466f6ad6c6e8e88a29265a8068f17f1f36cd64ce1200e5eb02c1954daeb7c83,integration,true,false,true,false,false,false,static_mutable_candidate
src/main/java/zmaster587/advancedRocketry/integration/jei/precisionLaserEtcher/PrecisionLaserEtcherWrapper.java,zmaster587.advancedRocketry.integration.jei.precisionLaserEtcher,12,332,e85a5ddd05437a25365c9fcfa016f91e43df11eb95b1a0e037ffebb74858237c,integration,true,false,false,false,false,false,
src/main/java/zmaster587/advancedRocketry/integration/jei/rollingMachine/RollingMachineCategory.java,zmaster587.advancedRocketry.integration.jei.rollingMachine,31,875,9149174dba8af83c14a7f38652a4c180ecc1cc3eb0b124adc5ccef513bcd8616,integration,true,false,false,false,false,false,
src/main/java/zmaster587/advancedRocketry/integration/jei/rollingMachine/RollingMachineRecipeHandler.java,zmaster587.advancedRocketry.integration.jei.rollingMachine,30,769,96a1c6290a79e575b37fbfbecd747256106cd998b88a318da43174d8aebd6421,integration,false,false,false,false,false,false,
src/main/java/zmaster587/advancedRocketry/integration/jei/rollingMachine/RollingMachineRecipeMaker.java,zmaster587.advancedRocketry.integration.jei.rollingMachine,21,616,449d17d547cb1961495695de6287ff2038805626d3b24367983098d658b665d8,integration,true,false,true,false,false,false,static_mutable_candidate
src/main/java/zmaster587/advancedRocketry/integration/jei/rollingMachine/RollingMachineWrapper.java,zmaster587.advancedRocketry.integration.jei.rollingMachine,12,314,76657350fc5d0c7ced40deed3a7819a7a5ec17573778200f0d3317315ce9bde8,integration,true,false,false,false,false,false,
src/main/java/zmaster587/advancedRocketry/integration/jei/sawmill/SawMillCategory.java,zmaster587.advancedRocketry.integration.jei.sawmill,31,840,f411a5f0ed4aa561e81c8bf7a5343457f2c9779a955a3b6f8d82172bb535e5d8,integration,true,false,false,false,false,false,
src/main/java/zmaster587/advancedRocketry/integration/jei/sawmill/SawMillRecipeHandler.java,zmaster587.advancedRocketry.integration.jei.sawmill,29,704,e0d5b04cfb4d31c7d26047efd9dada4c304241ef55b4ed1b55ecf5e4b01c828c,integration,false,false,false,false,false,false,
src/main/java/zmaster587/advancedRocketry/integration/jei/sawmill/SawMillRecipeMaker.java,zmaster587.advancedRocketry.integration.jei.sawmill,21,581,e237d769f68e0b5edab79713ea4bc7c715aa1d5e38fee95c8bc7fd41f486cd62,integration,true,false,true,false,false,false,static_mutable_candidate
src/main/java/zmaster587/advancedRocketry/integration/jei/sawmill/SawMillWrapper.java,zmaster587.advancedRocketry.integration.jei.sawmill,12,293,727c7e1d3b1decef00a7825fb435db557f161f58146c227cfdbf380683f41774,integration,true,false,false,false,false,false,
src/main/java/zmaster587/advancedRocketry/inventory/ContainerOrbitalLaserDrill.java,zmaster587.advancedRocketry.inventory,172,5075,61532ee8fe185cd25416f5aa3f32b4e4047e3a406325f2cc69394b167beb07d6,inventory,true,false,false,false,false,false,
src/main/java/zmaster587/advancedRocketry/inventory/ContainerOreMappingSatellite.java,zmaster587.advancedRocketry.inventory,99,2705,18ad0b7fd6c99e0d0d81c7a1f8d333e33538ebd87a295baeb8d2c7ebaf0127d1,inventory,false,false,false,false,false,false,
src/main/java/zmaster587/advancedRocketry/inventory/ContainerTypes.java,zmaster587.advancedRocketry.inventory,5,86,db8f29711a4d5fec326b87048858289fcbeaa75b0b10849a1f4237bedc1afed0,inventory,false,false,false,false,false,false,
src/main/java/zmaster587/advancedRocketry/inventory/GuiHandler.java,zmaster587.advancedRocketry.inventory,73,2336,7f83a94739fc79db49f313be98c1a269717ba2e13d81797c1e265cd2979ee3a3,inventory,true,false,false,false,false,true,
src/main/java/zmaster587/advancedRocketry/inventory/GuiOrbitalLaserDrill.java,zmaster587.advancedRocketry.inventory,203,6963,0ce5cdcd4896c8cc7d4449353abd9faac22df6e8c1717b08dac08ffcd5bdd2d5,inventory,true,true,false,false,false,false,client_import_outside_client_domain
src/main/java/zmaster587/advancedRocketry/inventory/GuiOreMappingSatellite.java,zmaster587.advancedRocketry.inventory,376,12785,f16ff06ab7738113dad102015ee9bc0e9b82e6a6d438bbe096c2d23c0ae5d290,inventory,true,true,false,false,false,false,client_import_outside_client_domain
src/main/java/zmaster587/advancedRocketry/inventory/GuiPlanetButton.java,zmaster587.advancedRocketry.inventory,68,3338,65bd14933fa7c50fa5ff62f22eb3a2a00b0381fc5682687e85573d0f3a2ae3ad,inventory,true,true,false,false,false,false,client_import_outside_client_domain
src/main/java/zmaster587/advancedRocketry/inventory/GuiProgressBarContainer.java,zmaster587.advancedRocketry.inventory,67,3119,a0758c9d38d7778542110d6e043060554f617244979368a347906877ce3ed87d,inventory,true,true,false,false,false,false,client_import_outside_client_domain
src/main/java/zmaster587/advancedRocketry/inventory/GuiSpySatellite.java,zmaster587.advancedRocketry.inventory,13,363,eb4bb8a80e6711f52986b93c195eb3c9ed2c9f39ec232e8dc18f5fb1f0435202,inventory,false,true,false,false,false,false,client_import_outside_client_domain
src/main/java/zmaster587/advancedRocketry/inventory/IPlanetDefiner.java,zmaster587.advancedRocketry.inventory,11,336,45d2d93c8b7c4bd7b40e105ea40efc4fee6d11c7fc2babdcbe655a9a3158514a,inventory,false,false,false,false,false,false,
src/main/java/zmaster587/advancedRocketry/inventory/TextureResources.java,zmaster587.advancedRocketry.inventory,85,9909,ecaf5d02b674f6507d37942f0d0d1c9baacfb532be2a1b31b25528b2fa2f31e2,inventory,true,false,true,false,false,false,static_mutable_candidate
src/main/java/zmaster587/advancedRocketry/inventory/modules/ModuleAutoData.java,zmaster587.advancedRocketry.inventory.modules,137,4496,1ddd69bcc96acd99b308b002cb66dc5418caa3e91da922fac7e8c73171b22808,inventory,true,true,false,false,false,false,client_import_outside_client_domain
src/main/java/zmaster587/advancedRocketry/inventory/modules/ModuleButtonPlanet.java,zmaster587.advancedRocketry.inventory.modules,47,1350,003686e784d0bfbd8e97e02a51a2b4b2a979e8b281031caaafd08f9dc54c1c13,inventory,true,true,false,false,false,false,client_import_outside_client_domain
src/main/java/zmaster587/advancedRocketry/inventory/modules/ModuleData.java,zmaster587.advancedRocketry.inventory.modules,168,5680,7d901779cbfb136c862e018eae811f4661d1412503ce31afc39a9a916058387e,inventory,true,true,false,false,false,false,client_import_outside_client_domain
src/main/java/zmaster587/advancedRocketry/inventory/modules/ModuleOreMapper.java,zmaster587.advancedRocketry.inventory.modules,221,8586,cd774059f399cc39d578e380d01fa617398a6a0cba61c4bd714e60460ed604c7,inventory,true,true,false,false,false,false,client_import_outside_client_domain
src/main/java/zmaster587/advancedRocketry/inventory/modules/ModulePlanetImage.java,zmaster587.advancedRocketry.inventory.modules,43,1823,63716fb0d772b8a8b8d0681ca197c73afcc3da75cc97c74ffffaa7ddaefcf73f,inventory,true,true,false,false,false,false,client_import_outside_client_domain
src/main/java/zmaster587/advancedRocketry/inventory/modules/ModulePlanetSelector.java,zmaster587.advancedRocketry.inventory.modules,681,25517,4736cd49129afe7d6ae39fbb706dcc5ae3f4486a647b2a324b44a5860077eb0a,inventory,true,true,false,false,false,true,over_500_lines;client_import_outside_client_domain
src/main/java/zmaster587/advancedRocketry/inventory/modules/ModuleSatellite.java,zmaster587.advancedRocketry.inventory.modules,73,2113,8a0336f5c7d75db3fd5841187bb4833a88d78cc42325798522f6f2fb84bddfb9,inventory,true,true,false,false,false,false,client_import_outside_client_domain
src/main/java/zmaster587/advancedRocketry/inventory/modules/ModuleStellarBackground.java,zmaster587.advancedRocketry.inventory.modules,28,979,cd0f52e5b308cae757ef5864768f369be62a9ce3e2eb0c286726770fe76a438d,inventory,true,true,false,false,false,false,client_import_outside_client_domain
src/main/java/zmaster587/advancedRocketry/inventory/modules/SlotData.java,zmaster587.advancedRocketry.inventory.modules,25,662,38d454442ab9d6b2bffb4f8ee40bd50602c7fcc65607917fdc8acc46f7b873cc,inventory,false,false,false,false,false,false,
src/main/java/zmaster587/advancedRocketry/item/ItemAsteroidChip.java,zmaster587.advancedRocketry.item,89,2305,2b1886252de80e7c8f8d0ec9405e9836951c48500950817b7b6b30c8051c5c1d,item,true,true,false,false,false,false,client_import_outside_client_domain
src/main/java/zmaster587/advancedRocketry/item/ItemAtmosphereAnalzer.java,zmaster587.advancedRocketry.item,153,6805,1e3a171edf110668ccd66d4e87053c92e48b4bffcebac17510faafe6c1d7636a,item,true,true,false,false,false,true,client_import_outside_client_domain
src/main/java/zmaster587/advancedRocketry/item/ItemBeaconFinder.java,zmaster587.advancedRocketry.item,103,3913,3c78c6b6b7f0f5838bcfcfbd7f27cb0e1ab7965b77b329b14a0387abbb3b9352,item,true,true,false,false,false,true,client_import_outside_client_domain
src/main/java/zmaster587/advancedRocketry/item/ItemBiomeChanger.java,zmaster587.advancedRocketry.item,181,6579,51653eeadb786d00576f01042ce46682671a3d10cc4747b036042a9da2290ea5,item,true,true,false,false,true,true,client_import_outside_client_domain
src/main/java/zmaster587/advancedRocketry/item/ItemBlockCrystal.java,zmaster587.advancedRocketry.item,20,584,9fb4d5003f27af3f15bfcf6e20333d32283b0fb7c2d30e072bea587ef6608607,item,true,false,false,false,false,false,
src/main/java/zmaster587/advancedRocketry/item/ItemBlockFluidTank.java,zmaster587.advancedRocketry.item,108,3181,f61299b3511349792815bf7f66b76e16bfedfcf16cbd87d0913d9ca4f33a79fc,item,false,true,false,true,false,false,client_import_outside_client_domain
src/main/java/zmaster587/advancedRocketry/item/ItemData.java,zmaster587.advancedRocketry.item,103,2732,cf60e9b8e39bef9f20925763a1c99b47c9c4fbdcfa527630eac215546078c1f4,item,true,true,false,true,false,false,client_import_outside_client_domain
src/main/java/zmaster587/advancedRocketry/item/ItemHovercraft.java,zmaster587.advancedRocketry.item,120,5115,b64d85b0fd3b8b1a401f6ce6ebbf5110297e7fa0ac1c00bd80365f469d213e1a,item,true,true,false,false,false,false,client_import_outside_client_domain
src/main/java/zmaster587/advancedRocketry/item/ItemIdWithName.java,zmaster587.advancedRocketry.item,46,1216,aeefd4460c6441fe4f8085d84e0bf866771934c3e11baffedc4cc75dc040cea0,item,false,true,false,false,false,false,client_import_outside_client_domain
src/main/java/zmaster587/advancedRocketry/item/ItemJackHammer.java,zmaster587.advancedRocketry.item,44,1974,03382dd6d160d134fae56e0bc5d0d6caa8428bb3218aa3fb2006e15d573c55c1,item,false,false,true,false,false,false,static_mutable_candidate
src/main/java/zmaster587/advancedRocketry/item/ItemMultiData.java,zmaster587.advancedRocketry.item,127,3420,d1cc0dd2d00173f1e69e19e788896d6a8b336ec1c30df512936fa66f4c95efe0,item,false,true,false,true,false,false,client_import_outside_client_domain
src/main/java/zmaster587/advancedRocketry/item/ItemOreScanner.java,zmaster587.advancedRocketry.item,139,4987,4dd98a6fb7e409672245b136211fbfa23a7305c05adf0e6e005ea2e00bc3fc14,item,true,true,false,false,false,true,client_import_outside_client_domain
src/main/java/zmaster587/advancedRocketry/item/ItemPackedStructure.java,zmaster587.advancedRocketry.item,41,1019,e80c5f994562734996e0b4eae7d528994f6dbee030f55b2fcb5015ec45d0091f,item,false,false,false,true,false,false,
src/main/java/zmaster587/advancedRocketry/item/ItemPlanetIdentificationChip.java,zmaster587.advancedRocketry.item,170,5564,eabfbd22766b9f3d26186361099d9cc809c05605a4752e13a70f571267009ab2,item,true,true,false,false,false,true,client_import_outside_client_domain
src/main/java/zmaster587/advancedRocketry/item/ItemSatellite.java,zmaster587.advancedRocketry.item,100,3739,8db0be42060c30f65f0ecad238342735a4d7e714d6d7e58586b7999c4dfed796,item,true,true,false,true,false,true,client_import_outside_client_domain
src/main/java/zmaster587/advancedRocketry/item/ItemSatelliteIdentificationChip.java,zmaster587.advancedRocketry.item,154,4935,cb730e38daa83e8a0c77d56faf660335d1f4a7136f5607254403b9c3dfbcfba6,item,true,true,false,false,false,true,client_import_outside_client_domain
src/main/java/zmaster587/advancedRocketry/item/ItemSealDetector.java,zmaster587.advancedRocketry.item,70,2732,2af9d9bf320dc3cc2a836cbcbd21eec9bb69c323e127c4108f77c95027a47a61,item,false,false,false,false,false,false,
src/main/java/zmaster587/advancedRocketry/item/ItemSpaceElevatorChip.java,zmaster587.advancedRocketry.item,66,1750,2f983139f844d859ab2538854b52ae9a5eeea5df3c7d8cf2e58a61fde4752a4d,item,true,true,false,true,false,false,client_import_outside_client_domain
src/main/java/zmaster587/advancedRocketry/item/ItemStationChip.java,zmaster587.advancedRocketry.item,456,14931,725087f63126798053b58032808b4af8e743975044df7d16624973431d6011e0,item,true,true,false,true,true,true,client_import_outside_client_domain
src/main/java/zmaster587/advancedRocketry/item/ItemThermite.java,zmaster587.advancedRocketry.item,15,297,0717de03fa50e74a623b7c3cc0729582e40a60dfb1d346df4e2d76674c936970,item,false,false,false,false,false,false,
src/main/java/zmaster587/advancedRocketry/item/components/ItemJetpack.java,zmaster587.advancedRocketry.item.components,362,11387,7daf3126cc032153216eaece16a20d6c682cc49fc773f8da770aa9a1989609ae,item,true,true,false,false,false,false,client_import_outside_client_domain
src/main/java/zmaster587/advancedRocketry/item/components/ItemPressureTank.java,zmaster587.advancedRocketry.item.components,101,3194,8d32d3748bb57a62ce77e9f35002dc09a280dc25b99add4b44791b806aec9815,item,true,true,false,false,false,false,client_import_outside_client_domain
src/main/java/zmaster587/advancedRocketry/item/components/ItemUpgrade.java,zmaster587.advancedRocketry.item.components,112,4280,887707545dcf14155bc65b3c974695c030bcdedd881f7ff5f5374f81fadf9864,item,true,true,false,false,false,true,client_import_outside_client_domain
src/main/java/zmaster587/advancedRocketry/item/tools/ItemBasicLaserGun.java,zmaster587.advancedRocketry.item.tools,282,8692,c64622dd8a804b86648f447938c5799d63a32e46c4c0356afa8d9337c3bbe898,item,true,true,false,false,false,false,client_import_outside_client_domain
src/main/java/zmaster587/advancedRocketry/mission/MissionGasCollection.java,zmaster587.advancedRocketry.mission,99,3622,41cc109ba66e3df79ad31fe2cd85e044bbbff3cf69cd9ad4bd3559c8d655f93a,mission,true,false,false,true,false,true,
src/main/java/zmaster587/advancedRocketry/mission/MissionOreMining.java,zmaster587.advancedRocketry.mission,134,5550,4a8328d31e57eac5e5b8ebd43ef26d58cce9dc3d570f5f0ac906b90bfdb96a81,mission,true,false,false,false,false,true,
src/main/java/zmaster587/advancedRocketry/mission/MissionResourceCollection.java,zmaster587.advancedRocketry.mission,189,5602,78bf898f0e35ed27a81f15318fdc200ad7820f9c7652155abd26fdaa067fa463,mission,true,false,false,true,false,true,
src/main/java/zmaster587/advancedRocketry/network/PacketAirParticle.java,zmaster587.advancedRocketry.network,64,1960,aed11eb0f82b4fa86952e0525b13f6cd0c9797912d660e6f9f0dac992064860a,network,true,true,false,false,true,false,client_import_outside_client_domain
src/main/java/zmaster587/advancedRocketry/network/PacketAsteroidInfo.java,zmaster587.advancedRocketry.network,89,2946,1ccade44e40803b0368e1b55fc0dc036f73909dd787ce80f6216e3d079769cb6,network,true,false,false,false,true,false,
src/main/java/zmaster587/advancedRocketry/network/PacketAtmSync.java,zmaster587.advancedRocketry.network,68,1712,db6785910303d03e58244d176a0d5d433ba430a01fd57a60008b87b9138f8bb5,network,true,false,false,false,true,false,
src/main/java/zmaster587/advancedRocketry/network/PacketBiomeIDChange.java,zmaster587.advancedRocketry.network,82,2219,ac6db721b3451b0412a7051342d6b04aa6a82dcbbfb7ac43000e7d18c261cddf,network,true,true,false,false,true,true,client_import_outside_client_domain
src/main/java/zmaster587/advancedRocketry/network/PacketConfigSync.java,zmaster587.advancedRocketry.network,55,1309,2a3d938d383a8ee7969d852080f958da219452800f4cef8c854b3f465284a747,network,true,false,false,false,true,false,
src/main/java/zmaster587/advancedRocketry/network/PacketDimInfo.java,zmaster587.advancedRocketry.network,159,4949,6c95aaf06191859caeb82a54ec6769db9814a0e25f7d9dfa1de1359764430a51,network,true,false,false,true,true,true,
src/main/java/zmaster587/advancedRocketry/network/PacketFluidParticle.java,zmaster587.advancedRocketry.network,77,2472,df49ded83a60aac16394efebbfb9943d1d6444cc34f0f67ec9b9af23bf28682d,network,true,true,false,false,true,false,client_import_outside_client_domain
src/main/java/zmaster587/advancedRocketry/network/PacketInvalidLocationNotify.java,zmaster587.advancedRocketry.network,55,1361,5c3d8e68de2ff2da3b6b4b8519492947e27ab9d8e7d7d717605259d42cd4226e,network,true,true,false,false,true,false,client_import_outside_client_domain
src/main/java/zmaster587/advancedRocketry/network/PacketLaserGun.java,zmaster587.advancedRocketry.network,57,1320,05188b7beb6b666365783307f81241dc0b99bfc78de154fc4180f4637e974ad1,network,true,false,false,false,true,false,
src/main/java/zmaster587/advancedRocketry/network/PacketMoveRocketInSpace.java,zmaster587.advancedRocketry.network,69,1507,050d89167615281be991cb20426e65db95288ecd276c722cfc1c6067a362810c,network,true,false,false,false,true,false,
src/main/java/zmaster587/advancedRocketry/network/PacketOxygenState.java,zmaster587.advancedRocketry.network,43,1053,f5b7d155cf01362e1d4d5958566295a1bef409bd460d21a5cd1e6332e48ff4b4,network,true,true,false,false,true,false,client_import_outside_client_domain
src/main/java/zmaster587/advancedRocketry/network/PacketSatellite.java,zmaster587.advancedRocketry.network,76,1877,8b7ffae7ff632d9b14e4661445ff6776c024ecb84fed277596fa04512b2c3096,network,true,false,false,true,true,true,
src/main/java/zmaster587/advancedRocketry/network/PacketSpaceStationInfo.java,zmaster587.advancedRocketry.network,137,4635,8545606d48084d8f544168c35948f34873c3162cdd629d08d3355dce35817ba5,network,true,false,false,true,true,true,
src/main/java/zmaster587/advancedRocketry/network/PacketStationUpdate.java,zmaster587.advancedRocketry.network,175,5165,44b3168dc9ddda326fa8f8a6c1c2dec017d06d11d5cbb29ea9b66df005294a65,network,true,true,false,true,true,true,client_import_outside_client_domain
src/main/java/zmaster587/advancedRocketry/network/PacketStellarInfo.java,zmaster587.advancedRocketry.network,87,2085,d50fc8da67b56ad6a483dbcd55af7acf35332755488c26fbaa7c0ccab8fbe210,network,true,false,false,true,true,true,
src/main/java/zmaster587/advancedRocketry/network/PacketStorageTileUpdate.java,zmaster587.advancedRocketry.network,118,3087,21be71852e3e0d6d28c4c775a1cf8f9d5cb9e33362d17aeeab83f89c83d5303e,network,true,true,false,false,true,true,client_import_outside_client_domain
src/main/java/zmaster587/advancedRocketry/recipe/RecipeCentrifuge.java,zmaster587.advancedRocketry.recipe,12,328,2fde9c561ae646ee1beae82a03bdf259f3d91c01169d18a35c03bc6c567ebf90,recipe,true,false,false,false,false,false,
src/main/java/zmaster587/advancedRocketry/recipe/RecipeChemicalReactor.java,zmaster587.advancedRocketry.recipe,12,343,ec24009d932e3c28e081bc91b4d41fc692893c6649d895c8d31acd84a05cb17c,recipe,true,false,false,false,false,false,
src/main/java/zmaster587/advancedRocketry/recipe/RecipeCrystallizer.java,zmaster587.advancedRocketry.recipe,12,334,e47e2723190c14cd54709f90efd5ce2209fbf890d68ce6ab51121ebeae689b3f,recipe,true,false,false,false,false,false,
src/main/java/zmaster587/advancedRocketry/recipe/RecipeCuttingMachine.java,zmaster587.advancedRocketry.recipe,12,340,9ab2fce560fcac9988216cba10c618f744eae26fff9047be8547f14026ad3b88,recipe,true,false,false,false,false,false,
src/main/java/zmaster587/advancedRocketry/recipe/RecipeElectricArcFurnace.java,zmaster587.advancedRocketry.recipe,12,352,cc7b9a949abf4302e0fe93698d6b82f19209243ccd8785dbc016898284904caa,recipe,true,false,false,false,false,false,
src/main/java/zmaster587/advancedRocketry/recipe/RecipeElectrolyser.java,zmaster587.advancedRocketry.recipe,12,334,75ff1cb1ec5106c27f1f01420cee4fc7159b7dbe832bc32914af94e9977a68eb,recipe,true,false,false,false,false,false,
src/main/java/zmaster587/advancedRocketry/recipe/RecipeLathe.java,zmaster587.advancedRocketry.recipe,12,313,1f3aeff4b5fa151ab24896025ba602c3df83baa345c22dc40a6405b1de4a8506,recipe,true,false,false,false,false,false,
src/main/java/zmaster587/advancedRocketry/recipe/RecipePrecisionAssembler.java,zmaster587.advancedRocketry.recipe,12,352,68e1ff8b1509fe36936f707800f189389b718e61a2f32e58b821f3428a3d0658,recipe,true,false,false,false,false,false,
src/main/java/zmaster587/advancedRocketry/recipe/RecipePrecisionLaserEtcher.java,zmaster587.advancedRocketry.recipe,12,358,fa83da3970be0aa5792378d63a0aeaf91d6b4dbf0e6c39dba01f84a504cfd6a1,recipe,true,false,false,false,false,false,
src/main/java/zmaster587/advancedRocketry/recipe/RecipeRollingMachine.java,zmaster587.advancedRocketry.recipe,12,340,e9b7dfdd383763a0183dd7f8239e50d764255238d165419469696cb7916bc1dd,recipe,true,false,false,false,false,false,
src/main/java/zmaster587/advancedRocketry/satellite/SatelliteBiomeChanger.java,zmaster587.advancedRocketry.satellite,207,5836,0177ece771c14756447723831528cd780d7fe7dd42424616fcdf3793925f1e68,satellite,true,false,false,true,false,true,
src/main/java/zmaster587/advancedRocketry/satellite/SatelliteComposition.java,zmaster587.advancedRocketry.satellite,22,481,ac26dd3c4fba7bc3fe1af92912bd925347acfa07d1ea298a1846491360e4dc6c,satellite,false,false,false,false,false,false,
src/main/java/zmaster587/advancedRocketry/satellite/SatelliteData.java,zmaster587.advancedRocketry.satellite,149,5324,06e09001cca5ec3d8260a6913cf3ccf15fc79311144da6409f64821c6896dd4e,satellite,true,false,false,true,false,false,
src/main/java/zmaster587/advancedRocketry/satellite/SatelliteDefunct.java,zmaster587.advancedRocketry.satellite,34,799,009257495010e7e0e1d369070e32c1856c6d37193bc0fb7c08293e29975c43d3,satellite,false,false,false,false,false,false,
src/main/java/zmaster587/advancedRocketry/satellite/SatelliteDensity.java,zmaster587.advancedRocketry.satellite,23,483,9c62d0fe3d826954bc393c5d671b283339e26de83e744b6cced82a9298c7b1eb,satellite,false,false,false,false,false,false,
src/main/java/zmaster587/advancedRocketry/satellite/SatelliteMassScanner.java,zmaster587.advancedRocketry.satellite,23,462,ca637cc7b59d0176073ab74f4dff14872a933177d7a2650614d109ea68195328,satellite,false,false,false,false,false,false,
src/main/java/zmaster587/advancedRocketry/satellite/SatelliteMicrowaveEnergy.java,zmaster587.advancedRocketry.satellite,76,1946,1a5d035fa77da8ff045de2dc35fcedcb7240db89774b7c21ed83a071ee8060cd,satellite,true,false,false,true,false,false,
src/main/java/zmaster587/advancedRocketry/satellite/SatelliteOptical.java,zmaster587.advancedRocketry.satellite,23,515,fd2347fb0ac4babf6f13a8093e432ad5863dc30b3843f1a734a913ad81df9fab,satellite,false,false,false,false,false,false,
src/main/java/zmaster587/advancedRocketry/satellite/SatelliteOreMapping.java,zmaster587.advancedRocketry.satellite,215,7114,5d9ece74f3bb56369b570f9111f1a3276c37e53e681f752f64421a129a3bf161,satellite,false,false,true,false,false,false,static_mutable_candidate
src/main/java/zmaster587/advancedRocketry/satellite/SatelliteSpyTelescope.java,zmaster587.advancedRocketry.satellite,100,3883,0bba619aaf4def67ca8860d24c78a30444576ddf5b35f6d0e5b1aff5669dd5ce,satellite,false,false,false,true,false,true,
src/main/java/zmaster587/advancedRocketry/stations/SpaceObjectBase.java,zmaster587.advancedRocketry.stations,314,8406,3719f9040af8fe8abba9875f1f9381d6dd314c0e911a437efec7ec92442a887d,stations,true,false,false,true,false,true,
src/main/java/zmaster587/advancedRocketry/stations/SpaceObjectManager.java,zmaster587.advancedRocketry.stations,464,18020,9a5856c79596cb9e51730621c36080258b777ac68427947d5fffd554af1e3801,stations,true,false,false,true,false,true,
src/main/java/zmaster587/advancedRocketry/stations/SpaceStationObject.java,zmaster587.advancedRocketry.stations,841,26674,0d46de4aaf2506ff4eae848b5f6b55e847beb00d38934a13b61990caa973b1cc,stations,true,false,false,true,false,true,over_800_lines
src/main/java/zmaster587/advancedRocketry/tile/TileFluidTank.java,zmaster587.advancedRocketry.tile,193,5624,152be0f4d27a9c6480e829678f4bef34b4bf733d65313795e0d591ac5ed2a328,tile,true,false,false,true,false,false,
src/main/java/zmaster587/advancedRocketry/tile/TileForceFieldProjector.java,zmaster587.advancedRocketry.tile,101,3244,237560eee7836c6ea4551603e58d4991bb35c734c5007c6a0997ffae65910e1d,tile,true,false,false,true,false,false,
src/main/java/zmaster587/advancedRocketry/tile/TileGuidanceComputer.java,zmaster587.advancedRocketry.tile,361,13923,86c9a1d905552379c0458cf07be885f1d56a70c3e6043e9f61247a80abd0feda,tile,true,false,false,true,false,true,
src/main/java/zmaster587/advancedRocketry/tile/TilePump.java,zmaster587.advancedRocketry.tile,217,6715,5727af2c1ab1ceec581c54d07d4cd42e39c63e3e513c1e9e03a3a3e90f064d9a,tile,true,false,false,false,false,true,
src/main/java/zmaster587/advancedRocketry/tile/TileRocketAssemblingMachine.java,zmaster587.advancedRocketry.tile,1023,37530,6ef2e48143d78b1b12ba448897b2635cee75f3146f5bb413d1bcb490d2408f19,tile,true,false,false,true,true,true,over_800_lines
src/main/java/zmaster587/advancedRocketry/tile/TileSolarPanel.java,zmaster587.advancedRocketry.tile,83,2940,37e7dce9bfceb693060929d8830759bac3d33fbe6964be0cad8b03ac8dd01fb0,tile,true,false,false,false,false,true,
src/main/java/zmaster587/advancedRocketry/tile/TileStationAssembler.java,zmaster587.advancedRocketry.tile,319,8707,ff6a912f96b1d270cc87e4e45514f48c184cd67d711644a8d9d2afa7a847b54f,tile,true,false,false,true,false,false,
src/main/java/zmaster587/advancedRocketry/tile/TileSuitWorkStation.java,zmaster587.advancedRocketry.tile,223,6701,8bbfe720e0ccbce65edc3a444e051a2b0abe87fecb766a9c53911eefbb76bb89,tile,true,false,false,true,false,false,
src/main/java/zmaster587/advancedRocketry/tile/TileUnmannedVehicleAssembler.java,zmaster587.advancedRocketry.tile,322,13695,be69f37eec8bf4dc134444347d5226b723eeb7a8f2cd911f04ab80c0b0a3667d,tile,true,false,false,true,false,true,
src/main/java/zmaster587/advancedRocketry/tile/atmosphere/TileAtmosphereDetector.java,zmaster587.advancedRocketry.tile.atmosphere,147,5124,eee3ffe377e9ec11629d5f9be2ad307bd53d435b2e9f43791688fce15a6ce3f0,tile,true,false,false,true,true,true,
src/main/java/zmaster587/advancedRocketry/tile/atmosphere/TileCO2Scrubber.java,zmaster587.advancedRocketry.tile.atmosphere,48,1440,042cd2dd17cb24381bfc6439470e2204bde4a7a9c771389d3a518e26f379bfdf,tile,true,false,false,false,false,false,
src/main/java/zmaster587/advancedRocketry/tile/atmosphere/TileGasChargePad.java,zmaster587.advancedRocketry.tile.atmosphere,164,5599,2719c3c75692fc0b53b1187c7a04fb6d2a5787c3719e972e3a9df21f3d71c9be,tile,true,false,false,false,false,false,
src/main/java/zmaster587/advancedRocketry/tile/atmosphere/TileOxygenVent.java,zmaster587.advancedRocketry.tile.atmosphere,504,15392,97721d61269da5c2ac33026b0182a867e584ad992f4575dab532086dab95a65a,tile,true,false,false,true,true,true,over_500_lines
src/main/java/zmaster587/advancedRocketry/tile/atmosphere/TileSeal.java,zmaster587.advancedRocketry.tile.atmosphere,28,840,38b62e7014b189e6dfe13bce871c42271905cf58a3b1c6049ea000e205984bd1,tile,false,false,false,false,false,false,
src/main/java/zmaster587/advancedRocketry/tile/cables/TileDataPipe.java,zmaster587.advancedRocketry.tile.cables,25,704,a39d2fb2ca9a87f9a1441caf6c8e8f0b3991441d1d09a517aacd66ba818d3905,tile,false,false,false,false,false,false,
src/main/java/zmaster587/advancedRocketry/tile/cables/TileEnergyPipe.java,zmaster587.advancedRocketry.tile.cables,117,3300,a5e4b84e5b90684273de4566a431a13f56e1df0af974ec6b961d072d78710471,tile,true,false,false,false,false,false,
src/main/java/zmaster587/advancedRocketry/tile/cables/TileLiquidPipe.java,zmaster587.advancedRocketry.tile.cables,26,801,6d088234166b69eb68005e85e6c2f6f8f643752d0e2e26cfc53052d5239feb15,tile,false,false,false,false,false,false,
src/main/java/zmaster587/advancedRocketry/tile/cables/TilePipe.java,zmaster587.advancedRocketry.tile.cables,313,7606,3cbb277681fca40848113c74ad99ae5d996ef313ccc8bcc62f9b367478ac84db,tile,false,false,false,false,false,false,
src/main/java/zmaster587/advancedRocketry/tile/cables/TileWaterPipe.java,zmaster587.advancedRocketry.tile.cables,6,107,d179680619753ba9486ac70124c1e22a55400a2e14d770ca753dc0227e076140,tile,false,false,false,false,false,false,
src/main/java/zmaster587/advancedRocketry/tile/cables/TileWirelessTransciever.java,zmaster587.advancedRocketry.tile.cables,345,9966,d055d08c6b5c78f6c7317cdebcbfd1503367ae9a1f1418d3870456d509398299,tile,true,false,false,true,true,false,
src/main/java/zmaster587/advancedRocketry/tile/hatch/TileDataBus.java,zmaster587.advancedRocketry.tile.hatch,185,5714,5d4621f1241085bf48bce45657aedeba44cdd2dfdfa542b32be29bfde2c2ec22,tile,true,false,false,true,true,false,
src/main/java/zmaster587/advancedRocketry/tile/hatch/TileSatelliteHatch.java,zmaster587.advancedRocketry.tile.hatch,48,1448,3ea2ace9086a97be8b0c7e7df65306bdbc7a8d56004bd4622ae9488b6a28884c,tile,true,false,false,false,false,true,
src/main/java/zmaster587/advancedRocketry/tile/infrastructure/TileFuelingStation.java,zmaster587.advancedRocketry.tile.infrastructure,371,13236,2c4ca4b7b7f23965d13abfeef0a27fb29f684755fa932e415e366d3feff75870,tile,true,true,false,true,true,false,client_import_outside_client_domain
src/main/java/zmaster587/advancedRocketry/tile/infrastructure/TileGuidanceComputerAccessHatch.java,zmaster587.advancedRocketry.tile.infrastructure,452,13687,504dbb9be6527687184b87386d36119031475a6fe66dbc1589c764fbd17986f5,tile,true,true,false,true,true,false,client_import_outside_client_domain
src/main/java/zmaster587/advancedRocketry/tile/infrastructure/TileRocketFluidLoader.java,zmaster587.advancedRocketry.tile.infrastructure,312,10584,16ed8ff3d60c0f149b8a2d0fd9ea1422b563feb2e4ce05cbc4a1ae81f8fbc5af,tile,true,true,false,true,true,false,client_import_outside_client_domain
src/main/java/zmaster587/advancedRocketry/tile/infrastructure/TileRocketFluidUnloader.java,zmaster587.advancedRocketry.tile.infrastructure,69,2341,53c8d4777df3a0c04ec9b2e5ff83eff8f29ddb1f895242e0c92f79de520a1ca6,tile,true,false,false,false,false,false,
src/main/java/zmaster587/advancedRocketry/tile/infrastructure/TileRocketLoader.java,zmaster587.advancedRocketry.tile.infrastructure,379,13660,eeb8eea2471d473b4004dc0e7fe5fcaf6b3e53951b82f211bb12aa4333435751,tile,true,true,false,true,true,false,client_import_outside_client_domain
src/main/java/zmaster587/advancedRocketry/tile/infrastructure/TileRocketMonitoringStation.java,zmaster587.advancedRocketry.tile.infrastructure,397,12272,9cea23e823701e343a1a52dff0cb5b1088ce458fd855bf792d5ad809a02a3b1c,tile,true,true,false,true,true,true,client_import_outside_client_domain
src/main/java/zmaster587/advancedRocketry/tile/infrastructure/TileRocketUnloader.java,zmaster587.advancedRocketry.tile.infrastructure,93,3158,8edf61f376406826b219940f62860a0300677ae571b0d19fb4683831db92c1cc,tile,true,false,false,false,false,false,
src/main/java/zmaster587/advancedRocketry/tile/multiblock/TileAreaGravityController.java,zmaster587.advancedRocketry.tile.multiblock,396,12496,25d0e78fac75224d456d3398c65b2f7269ff0c7b8c959e27ed2b89b56f42fb35,tile,true,true,false,true,true,false,client_import_outside_client_domain
src/main/java/zmaster587/advancedRocketry/tile/multiblock/TileAstrobodyDataProcessor.java,zmaster587.advancedRocketry.tile.multiblock,577,18265,2c2bf470e3fa607d801fc0f8c94c4f4fde8550e16b230ac1098bab17f04a1ba5,tile,true,false,false,true,true,true,over_500_lines
src/main/java/zmaster587/advancedRocketry/tile/multiblock/TileAtmosphereTerraformer.java,zmaster587.advancedRocketry.tile.multiblock,646,123953,e1a275899ed0a6540109e6193444c18ce4a5c5348657d30fbb1016a19b4a78a2,tile,true,true,false,true,true,true,over_500_lines;client_import_outside_client_domain
src/main/java/zmaster587/advancedRocketry/tile/multiblock/TileBeacon.java,zmaster587.advancedRocketry.tile.multiblock,83,2641,98b61f68e027d7df4dd767ad93e9c2b606db659f07ce8e99ed0a88e00531de99,tile,true,false,false,false,false,true,
src/main/java/zmaster587/advancedRocketry/tile/multiblock/TileBiomeScanner.java,zmaster587.advancedRocketry.tile.multiblock,126,5041,a5413e41fe7c8d8c4e6e0d3c665adedd01906b7dd7954d87d62b82efc6b27727,tile,true,false,false,false,false,true,
src/main/java/zmaster587/advancedRocketry/tile/multiblock/TileObservatory.java,zmaster587.advancedRocketry.tile.multiblock,727,25857,804990618eb3081566886fcf471919b40e2ecedf7ca27f8267d39e1dc6bb15f2,tile,true,false,false,true,true,true,over_500_lines
src/main/java/zmaster587/advancedRocketry/tile/multiblock/TilePlanetSelector.java,zmaster587.advancedRocketry.tile.multiblock,221,6121,658700e9dc570ec0f30b2256cb5987651276cb1ad079d06ff10603dbeca09948,tile,true,false,false,false,true,true,
src/main/java/zmaster587/advancedRocketry/tile/multiblock/TileRailgun.java,zmaster587.advancedRocketry.tile.multiblock,590,21351,9791ad8facfb1a76517730f728a4f096a270749bcb912205e95722542ac34aa4,tile,true,true,false,true,true,true,over_500_lines;client_import_outside_client_domain
src/main/java/zmaster587/advancedRocketry/tile/multiblock/TileSpaceElevator.java,zmaster587.advancedRocketry.tile.multiblock,421,16548,fcba2cd154bdf40a3870cc8eceeecac9d21240f38d15dcda85083f383cf6b90c,tile,true,false,false,true,false,true,
src/main/java/zmaster587/advancedRocketry/tile/multiblock/TileWarpCore.java,zmaster587.advancedRocketry.tile.multiblock,99,3621,e02d8d4b3be0b4759bbaebffd027acdc88e02531dd41441d674cdb5112db2cf4,tile,true,false,false,false,false,true,
src/main/java/zmaster587/advancedRocketry/tile/multiblock/energy/TileBlackHoleGenerator.java,zmaster587.advancedRocketry.tile.multiblock.energy,304,8955,49a5ba6232f542d82bab6b7afdb928de65872e546a2b402c073a77f9b8c08554,tile,true,false,false,true,true,true,
src/main/java/zmaster587/advancedRocketry/tile/multiblock/energy/TileMicrowaveReciever.java,zmaster587.advancedRocketry.tile.multiblock.energy,299,10905,5c0bae66cca76113dbdf785443006fe86ef8f5923defcab288184da8ac7d12e0,tile,true,false,false,true,true,true,
src/main/java/zmaster587/advancedRocketry/tile/multiblock/energy/TileSolarArray.java,zmaster587.advancedRocketry.tile.multiblock.energy,235,7727,49d10d7878415e74a628ed0ec20a9dc55f7643410f346d094b2acf894093ce6e,tile,true,false,false,true,true,true,
src/main/java/zmaster587/advancedRocketry/tile/multiblock/machine/TileCentrifuge.java,zmaster587.advancedRocketry.tile.multiblock.machine,131,5451,928870da4ead766caee6087914e79ba4871b8f243588f3869c3e0eb6a79dc536,tile,true,false,false,false,false,false,
src/main/java/zmaster587/advancedRocketry/tile/multiblock/machine/TileChemicalReactor.java,zmaster587.advancedRocketry.tile.multiblock.machine,239,8748,b2acbf80db41b6c5f4a4f99ccb295f9b37d23671072f515805ade26d034ecad3,tile,true,false,true,false,false,false,static_mutable_candidate
src/main/java/zmaster587/advancedRocketry/tile/multiblock/machine/TileCrystallizer.java,zmaster587.advancedRocketry.tile.multiblock.machine,85,2924,beefb8081d3ae7aac809176fce57a38eb1c7488e7f13032b605799cbd196b4e4,tile,true,false,false,false,false,true,
src/main/java/zmaster587/advancedRocketry/tile/multiblock/machine/TileCuttingMachine.java,zmaster587.advancedRocketry.tile.multiblock.machine,81,2725,a382f6a8d67648a7cfa7a27500acc83e45768824fb7b7cd91cf3381f73d11ba7,tile,true,false,false,false,false,false,
src/main/java/zmaster587/advancedRocketry/tile/multiblock/machine/TileElectricArcFurnace.java,zmaster587.advancedRocketry.tile.multiblock.machine,98,5430,46c3f47e3a9d2a6d85630184a8ab998094a1b98de143e3ba25991697c9e1e93c,tile,true,false,false,false,false,false,
src/main/java/zmaster587/advancedRocketry/tile/multiblock/machine/TileElectrolyser.java,zmaster587.advancedRocketry.tile.multiblock.machine,62,1938,b026b132abfedcd67e82841fa6f58ae73544a65b892199896e58510faedee2d2,tile,true,false,false,false,false,false,
src/main/java/zmaster587/advancedRocketry/tile/multiblock/machine/TileLathe.java,zmaster587.advancedRocketry.tile.multiblock.machine,66,2015,0375ca91f9b6453b8d2cdef5d6f7ac7948793389099ddf7912f7c7256d22b882,tile,true,false,false,false,false,false,
src/main/java/zmaster587/advancedRocketry/tile/multiblock/machine/TilePrecisionAssembler.java,zmaster587.advancedRocketry.tile.multiblock.machine,137,5170,94e4c0c66900b1051aecdecaffb1ac2d700f7d7cf447a5caee9a26651a96d22d,tile,true,false,false,false,false,false,
src/main/java/zmaster587/advancedRocketry/tile/multiblock/machine/TilePrecisionLaserEtcher.java,zmaster587.advancedRocketry.tile.multiblock.machine,119,4080,31a3fc4268bd0e95310eea867b353ab0ec315a0ac496298b9b24249e7aa7f1fe,tile,true,false,false,false,false,false,
src/main/java/zmaster587/advancedRocketry/tile/multiblock/machine/TileRollingMachine.java,zmaster587.advancedRocketry.tile.multiblock.machine,70,2551,bfe564cf831e5828d672760c8a1a72b081d1a17858bccd0fc9694d48769f9db0,tile,true,false,false,false,false,false,
src/main/java/zmaster587/advancedRocketry/tile/multiblock/orbitallaserdrill/AbstractDrill.java,zmaster587.advancedRocketry.tile.multiblock.orbitallaserdrill,17,391,017c6aceeb0847f30bc97c3c4a01b4ed2001d69ecb2eb10cfd72df183b9ced9b,tile,false,false,false,false,false,false,
src/main/java/zmaster587/advancedRocketry/tile/multiblock/orbitallaserdrill/MiningDrill.java,zmaster587.advancedRocketry.tile.multiblock.orbitallaserdrill,150,4351,7b8e75dfd4731a0b7bb53e2a5bbb8c25eb0663e5f59720c019c2eda434feb125,tile,false,false,false,false,false,false,
src/main/java/zmaster587/advancedRocketry/tile/multiblock/orbitallaserdrill/TileOrbitalLaserDrill.java,zmaster587.advancedRocketry.tile.multiblock.orbitallaserdrill,757,25125,aa73efbbab12a0e37289b99a9b19d33fb31b7bc3f28a35b11697ff4f8363f0fa,tile,true,false,false,true,true,true,over_500_lines
src/main/java/zmaster587/advancedRocketry/tile/multiblock/orbitallaserdrill/VoidDrill.java,zmaster587.advancedRocketry.tile.multiblock.orbitallaserdrill,134,4214,854a453e7e27fa872b8be013d53a6c37b291a642f5fdc71441d605c294c5a57c,tile,false,false,false,false,false,true,
src/main/java/zmaster587/advancedRocketry/tile/satellite/TileSatelliteBuilder.java,zmaster587.advancedRocketry.tile.satellite,380,14048,af41f08eb0d9679e8bb5390c252d03a5d027eb2d1eeae060e55e0925479a57ec,tile,true,false,false,true,false,true,
src/main/java/zmaster587/advancedRocketry/tile/satellite/TileSatelliteTerminal.java,zmaster587.advancedRocketry.tile.satellite,255,8297,74ec1baa81fbbe8a40277391b5a072e3fb655fd48298b6cb074e5aff6d1431fe,tile,true,false,false,true,true,true,
src/main/java/zmaster587/advancedRocketry/tile/station/TileDockingPort.java,zmaster587.advancedRocketry.tile.station,208,6165,8dcab1d70bf08e62a6d257390d6902e07320ca740c38f15dda02f4bb9ea6c026,tile,true,false,false,true,true,true,
src/main/java/zmaster587/advancedRocketry/tile/station/TileHolographicPlanetSelector.java,zmaster587.advancedRocketry.tile.station,476,14768,a55789eb69266321ac8ab0498c3567dcf5effa6bfd4d60624d3aba1577e9061a,tile,true,false,false,true,true,true,
src/main/java/zmaster587/advancedRocketry/tile/station/TileLandingPad.java,zmaster587.advancedRocketry.tile.station,389,13735,fdd488fb98dab5188d5e43c3b586463aecbbc0089baf8023fa0b3b48233d9a6a,tile,true,false,false,true,true,true,
src/main/java/zmaster587/advancedRocketry/tile/station/TileStationAltitudeController.java,zmaster587.advancedRocketry.tile.station,246,8453,028da2bdf1273df0842a309ea06866df2910e48b59e365f9fe65f92f9071f3fe,tile,true,false,false,true,true,true,
src/main/java/zmaster587/advancedRocketry/tile/station/TileStationGravityController.java,zmaster587.advancedRocketry.tile.station,256,8932,75e78e39b900e95b202570021ea47e8b9aea9abc2a875d10512a9bb076f4ecde,tile,true,false,false,true,true,true,
src/main/java/zmaster587/advancedRocketry/tile/station/TileStationOrientationController.java,zmaster587.advancedRocketry.tile.station,219,7760,7158a50d4c412d27214cb9883a6e7659e232db4aa87fc88ad6a8fdc683ee5385,tile,true,false,false,true,true,true,
src/main/java/zmaster587/advancedRocketry/tile/station/TileWarpController.java,zmaster587.advancedRocketry.tile.station,977,34601,3a40d7ba6abe13a568912e3b5d3a3b6516c8261510fdf00c7eb09c95a9de206f,tile,true,false,false,true,true,true,over_800_lines
src/main/java/zmaster587/advancedRocketry/unit/BaseTest.java,zmaster587.advancedRocketry.unit,27,331,b5e4f8afeee846f6b959ddc90453c142bfe47844f2597ed5563a0f96149cb500,unit,false,false,false,false,false,false,
src/main/java/zmaster587/advancedRocketry/unit/BuildRocketTest.java,zmaster587.advancedRocketry.unit,229,7971,7f4f82b71d4cfc8a6f61825a70ef2b5165fe7d870dfd564d046f166cb9a32384,unit,true,false,false,false,false,true,
src/main/java/zmaster587/advancedRocketry/unit/IngameTestOrchestrator.java,zmaster587.advancedRocketry.unit,95,2938,62463827f2e128f6ff2ce072dee3ac1aac82a046be8573f3ebf28bafdd1c922d,unit,false,false,true,false,false,true,static_mutable_candidate
src/main/java/zmaster587/advancedRocketry/unit/RotationTest.java,zmaster587.advancedRocketry.unit,15,391,b3f39595cb1f4bfc5156ad53def9661c657a1af3b197bf98bf27e26dc93badb6,unit,false,false,false,false,false,false,
src/main/java/zmaster587/advancedRocketry/util/Asteroid.java,zmaster587.advancedRocketry.util,127,3738,d332bef19369ea0c98ce990e43579f741240e9cd2c600c2b86f4c629e09b727b,util,false,false,false,false,false,false,
src/main/java/zmaster587/advancedRocketry/util/AstronomicalBodyHelper.java,zmaster587.advancedRocketry.util,142,7917,97ee4d0c79caaf802862fd5cd58d5ad5b1b5df019d209a2700aba3ab52007486,util,false,false,false,false,false,false,
src/main/java/zmaster587/advancedRocketry/util/AtmosphereBlob.java,zmaster587.advancedRocketry.util,212,7703,f68c69907c43d9134241cf15c3cdefc7d2037f3e358a730504a49478657896b9,util,true,false,false,false,false,true,
src/main/java/zmaster587/advancedRocketry/util/AudioRegistry.java,zmaster587.advancedRocketry.util,38,2012,d4836e5424e876d767a7eedeaf74ef165f3132d3fab6a6ae992281e6b39962ad,util,false,false,false,false,false,false,
src/main/java/zmaster587/advancedRocketry/util/BiomeHandler.java,zmaster587.advancedRocketry.util,41,1303,65a177fca63369db8460e7d2acbcd270016f3ba1c08d7ef7dba3b95fcc22983c,util,true,false,false,false,false,true,
src/main/java/zmaster587/advancedRocketry/util/DimensionBlockPosition.java,zmaster587.advancedRocketry.util,36,902,878e90a974b4ceb93a48404fc6f2179728d203806375a689c3dd447502b0e7cc,util,true,false,false,false,false,false,
src/main/java/zmaster587/advancedRocketry/util/FluidGasGiantGas.java,zmaster587.advancedRocketry.util,28,657,6d039076d23b54eb3ac25f30a28f3904b702077d9685881cdeb240317b188d24,util,false,false,false,false,false,false,
src/main/java/zmaster587/advancedRocketry/util/GravityHandler.java,zmaster587.advancedRocketry.util,111,5112,91955d8041bf287aad219b10ba89c23678aa5084a3db001f2e014fd7214df179,util,false,false,true,false,false,true,static_mutable_candidate
src/main/java/zmaster587/advancedRocketry/util/IDataInventory.java,zmaster587.advancedRocketry.util,19,417,c659ea80ddae4477c3f5a78a72c6970cd999b8a8905cd658cd2cf9b62ad4c7f9,util,false,false,false,false,false,false,
src/main/java/zmaster587/advancedRocketry/util/ITilePlanetSystemSelectable.java,zmaster587.advancedRocketry.util,15,321,500cc4fdbf24295c781d62d71d4ed494b31fc490c1e9fab6994b3948a9739637,util,false,false,false,false,false,false,
src/main/java/zmaster587/advancedRocketry/util/ItemAirUtils.java,zmaster587.advancedRocketry.util,177,4983,24521d106ae0282263fb1d97c20c89b5b49d5162f52c1bf91405a23661e186ab,util,false,false,false,false,false,false,
src/main/java/zmaster587/advancedRocketry/util/MobileAABB.java,zmaster587.advancedRocketry.util,305,10250,39ac3c4f9782da42c2471f63e302d18c8c0dbd907dbddbb8407613e6d44220c8,util,false,false,false,false,false,false,
src/main/java/zmaster587/advancedRocketry/util/NBTStorableListList.java,zmaster587.advancedRocketry.util,51,1392,521b31d83e8824a7048c314c23704931a9c7dd4a9df993634edf59eaeb8a6d2a,util,true,false,false,true,false,false,
src/main/java/zmaster587/advancedRocketry/util/OreGenProperties.java,zmaster587.advancedRocketry.util,92,2804,dd4382e1b243c2d0d05bf9536bfd6fe84f64c9d4baf98a642f56226740ebc571,util,false,false,false,false,false,false,
src/main/java/zmaster587/advancedRocketry/util/PlanetaryTravelHelper.java,zmaster587.advancedRocketry.util,110,6004,4c74bf7bfc50f49f9a726de27909f0a7b05b7ef399b87cef8e353949776aff42,util,false,false,false,false,false,true,
src/main/java/zmaster587/advancedRocketry/util/RecipeHandler.java,zmaster587.advancedRocketry.util,248,14699,12e78808a2154eb11aed915020ed733ce63e27a56df8b8891d2a8bca9f31aee1,util,true,false,false,false,false,false,
src/main/java/zmaster587/advancedRocketry/util/RocketInventoryHelper.java,zmaster587.advancedRocketry.util,59,2435,7028e08de4c8e0504450bf5279c5e8b5f388f11cab6070c2248f04471740807b,util,false,false,true,false,false,false,static_mutable_candidate
src/main/java/zmaster587/advancedRocketry/util/SealableBlockHandler.java,zmaster587.advancedRocketry.util,246,8322,d5816bfd30d7f044fdad598aa8834560969081b854dbf0fe7e19221ccd82166a,util,true,false,false,false,false,false,
src/main/java/zmaster587/advancedRocketry/util/SpacePosition.java,zmaster587.advancedRocketry.util,102,2777,29ccbccdb709edb0d25cf03cb43706c5709da4aea3076368000d73d87f6a48ee,util,false,false,false,true,false,true,
src/main/java/zmaster587/advancedRocketry/util/SpaceTravelInteraction.java,zmaster587.advancedRocketry.util,83,2564,0e22e85a0401978b72ffd98e4a0dd7cb06b15cde4864bd0e3f638bd64ca6400c,util,false,false,false,false,false,false,
src/main/java/zmaster587/advancedRocketry/util/SpawnListEntryNBT.java,zmaster587.advancedRocketry.util,50,1383,0818beb5cb302bb04a7e6ab0bddb7b1496a261ededd8a8426644ad8e66cadbb1,util,false,false,false,true,false,false,
src/main/java/zmaster587/advancedRocketry/util/StationLandingLocation.java,zmaster587.advancedRocketry.util,70,1528,8788181afb000e1aec35ea5a8a21df5e24f5b0c12cbc9bb3b5b5c16c566076e5,util,true,false,false,false,false,false,
src/main/java/zmaster587/advancedRocketry/util/StorageChunk.java,zmaster587.advancedRocketry.util,823,23717,42638ef870ff45a32634a305522a296f064bc480963735bd7ebdfd77e1ed891b,util,true,false,false,true,true,false,over_800_lines
src/main/java/zmaster587/advancedRocketry/util/TransitionEntity.java,zmaster587.advancedRocketry.util,20,524,db6ff0998da43dda0a3c2f961aad603d40f57f856909867e3bb8cefab90dfa40,util,false,false,false,false,false,false,
src/main/java/zmaster587/advancedRocketry/util/XMLAsteroidLoader.java,zmaster587.advancedRocketry.util,239,7476,d1cfac93750e30cefb5a760f64995e90f513160bf30a3cef18efba57e491f977,util,false,false,false,false,false,false,
src/main/java/zmaster587/advancedRocketry/util/XMLOreLoader.java,zmaster587.advancedRocketry.util,333,10696,4dc61939404f964518a26f55bf1df4f508978dd3776617caffd32a7404fb43e7,util,true,false,false,false,false,false,
src/main/java/zmaster587/advancedRocketry/util/XMLPlanetLoader.java,zmaster587.advancedRocketry.util,1114,46829,2e032027f20566be5d69984c0eb28dea9b50c9a23ca7bf6c3687b55c4c03fa22,util,false,false,false,false,false,true,over_800_lines
src/main/java/zmaster587/advancedRocketry/world/ChunkManagerPlanet.java,zmaster587.advancedRocketry.world,288,10786,00ac9ed8470682ac1f379276e107b9018aae124acc3beaa406d7ada5be215fe3,world,false,false,false,false,false,true,
src/main/java/zmaster587/advancedRocketry/world/ChunkProviderAsteroids.java,zmaster587.advancedRocketry.world,340,14451,3e77442a833a7f212b308e51dedb500d8bf78ba3c1299adbd6e65c6f314a8801,world,false,false,false,false,false,true,
src/main/java/zmaster587/advancedRocketry/world/ChunkProviderCavePlanet.java,zmaster587.advancedRocketry.world,414,13794,6ece2d8e9b5793b94e0878fc44cecaa483c0843ca2f16e166a74db231ba9ce6d,world,false,false,false,false,false,true,
src/main/java/zmaster587/advancedRocketry/world/ChunkProviderPlanet.java,zmaster587.advancedRocketry.world,651,26191,754d535d3e5a755800cba797914360a7e3e47bc2e6ae4bc13a03f7b79a910b9e,world,false,false,false,false,false,true,over_500_lines
src/main/java/zmaster587/advancedRocketry/world/ChunkProviderSpace.java,zmaster587.advancedRocketry.world,79,2144,1ab2856bc09fe910b07ef61f200ac4c0c4769d45c4f2d7ec6f382865dd55b597,world,false,false,false,false,false,false,
src/main/java/zmaster587/advancedRocketry/world/GenLayerBiomePlanet.java,zmaster587.advancedRocketry.world,73,2116,3c323cde8017d67cae335e24e46b5350de4d1ceaa5d5052ed0a4e8b29d98d477,world,false,false,true,false,false,false,static_mutable_candidate
src/main/java/zmaster587/advancedRocketry/world/biome/BiomeGenAlienForest.java,zmaster587.advancedRocketry.world.biome,59,1673,f258fdb6cd7f59f90772e22d78ea6e6c445d03587ce8a43aae4c659e5e44df34,world,false,false,false,false,false,false,
src/main/java/zmaster587/advancedRocketry/world/biome/BiomeGenBarrenVolcanic.java,zmaster587.advancedRocketry.world.biome,41,1217,3695df4edfca5013ab066e34d8a8340b5621b1a424343b17c5b23f08f24ca8bd,world,false,false,false,false,false,false,
src/main/java/zmaster587/advancedRocketry/world/biome/BiomeGenCrystal.java,zmaster587.advancedRocketry.world.biome,46,1649,5a242197999a97bb33e00039eb7ff0087e12d7cd6afff6bf07e04c15dbb14d23,world,false,false,false,false,false,false,
src/main/java/zmaster587/advancedRocketry/world/biome/BiomeGenDeepSwamp.java,zmaster587.advancedRocketry.world.biome,103,3468,c70af6150a6ca11b7f5abab83d7013a7f8ab6bbc6e43a007e156b1c63b3d62c7,world,false,false,false,false,false,false,
src/main/java/zmaster587/advancedRocketry/world/biome/BiomeGenHotDryRock.java,zmaster587.advancedRocketry.world.biome,29,774,43925540d3ad600f2813506bcef451e9db86021245ab02e14df411185c696b63,world,false,false,false,false,false,false,
src/main/java/zmaster587/advancedRocketry/world/biome/BiomeGenMarsh.java,zmaster587.advancedRocketry.world.biome,55,1687,e4b25da6c309e81131e4d83e873bb1375a9196dd14d81ac1dd87a3f5250f6890,world,false,false,false,false,false,false,
src/main/java/zmaster587/advancedRocketry/world/biome/BiomeGenMoon.java,zmaster587.advancedRocketry.world.biome,35,954,99f5ea73560b1169eaabcc984088987af9d46c9d7e31cc6ca3c7486b6eb1cf7f,world,false,false,false,false,false,false,
src/main/java/zmaster587/advancedRocketry/world/biome/BiomeGenMoonDark.java,zmaster587.advancedRocketry.world.biome,37,972,0e6cbf64a4512056a8f8c58ed8ab8dc22a6acee9a5c3fc205c54197a7d4720e2,world,false,false,false,false,false,false,
src/main/java/zmaster587/advancedRocketry/world/biome/BiomeGenOceanSpires.java,zmaster587.advancedRocketry.world.biome,48,1671,46d6f60a505e9928db8ff8a0899a5da8ac25312a3c5e1b81b423007a29e711a0,world,false,false,false,false,false,false,
src/main/java/zmaster587/advancedRocketry/world/biome/BiomeGenPumpkin.java,zmaster587.advancedRocketry.world.biome,46,1412,863f890ff46b7e6b0019ec29b455a2fa28a580ff94fe499df20c5ff524a9ed7a,world,false,false,false,false,false,false,
src/main/java/zmaster587/advancedRocketry/world/biome/BiomeGenSpace.java,zmaster587.advancedRocketry.world.biome,34,899,4138e74d46cae8953c4420429a4e0d371e041f351f01e151e7fc2904a2aeb9ac,world,false,false,false,false,false,false,
src/main/java/zmaster587/advancedRocketry/world/biome/BiomeGenStormland.java,zmaster587.advancedRocketry.world.biome,66,1973,49e7ec8a86f7f559469885a8ed0328d7b27d3cca4e70c755fef9616bd24e03f5,world,false,false,false,false,false,false,
src/main/java/zmaster587/advancedRocketry/world/biome/BiomeGenVolcanic.java,zmaster587.advancedRocketry.world.biome,50,1532,55474fbbe90c35e6d52ee6201e28126d820c6ac162cd9cee7e6f56a67b18f809,world,false,false,false,false,false,false,
src/main/java/zmaster587/advancedRocketry/world/biome/BiomeGenWatermelon.java,zmaster587.advancedRocketry.world.biome,29,905,f598053cda8bf933e5aa30c89b6c839601de3e642c2a23864a62abd851868b73,world,false,false,false,false,false,false,
src/main/java/zmaster587/advancedRocketry/world/decoration/MapGenCaveExt.java,zmaster587.advancedRocketry.world.decoration,39,1136,9e969e2c8483c2a2423af83d1a7e5573d5efe3f29f8f054f7ed7d3abff587957,world,false,false,false,false,false,false,
src/main/java/zmaster587/advancedRocketry/world/decoration/MapGenCrater.java,zmaster587.advancedRocketry.world.decoration,211,9487,cd078176a366954f10fce0bba23451fb3e6946ecbbbf4ee2716d5ce78f282ee8,world,true,false,false,false,false,true,
src/main/java/zmaster587/advancedRocketry/world/decoration/MapGenCraterHuge.java,zmaster587.advancedRocketry.world.decoration,227,10167,4f657371a293f51bf2b59b7d9cfbd33b46e86c6ffc2b9b247ec58f2ec46cf6af,world,true,false,false,false,false,true,
src/main/java/zmaster587/advancedRocketry/world/decoration/MapGenCraterSmall.java,zmaster587.advancedRocketry.world.decoration,181,7950,6a0944a7cdf02d1d2f9adc4b7556f305ca581808a57404f6f0581770cb58d5c7,world,true,false,false,false,false,true,
src/main/java/zmaster587/advancedRocketry/world/decoration/MapGenGeode.java,zmaster587.advancedRocketry.world.decoration,127,5145,33df1292ca14efab32a2359d397f06313876291b4928812bb2a9a0c154b124c9,world,true,false,false,false,false,true,
src/main/java/zmaster587/advancedRocketry/world/decoration/MapGenHighCaves.java,zmaster587.advancedRocketry.world.decoration,50,1710,a1242844db1ab50a2220727965773ae73436bcd6221c564ab8ebec6c5b165344,world,false,false,false,false,false,false,
src/main/java/zmaster587/advancedRocketry/world/decoration/MapGenInvertedPillar.java,zmaster587.advancedRocketry.world.decoration,91,3310,6a50a498284bbf7a44bbbfbffed7b17fe6a86f766aa5e71a2ba9a1778e596225,world,false,false,false,false,false,false,
src/main/java/zmaster587/advancedRocketry/world/decoration/MapGenLander.java,zmaster587.advancedRocketry.world.decoration,81,4419,03e49c1004cda64414138868b8b3840f234a87fc057f7ac595d896cb3c6d02e0,world,false,false,false,false,false,true,
src/main/java/zmaster587/advancedRocketry/world/decoration/MapGenLargeCrystal.java,zmaster587.advancedRocketry.world.decoration,171,6462,8f4cab49cffa26479986f6e2bc55ab1a8253e08f516fb15356145308e46d5f2a,world,false,false,false,false,false,false,
src/main/java/zmaster587/advancedRocketry/world/decoration/MapGenMassiveRavine.java,zmaster587.advancedRocketry.world.decoration,30,1152,585319e2378d18efaff215c66bf3f3c93e6fa5c4b0607a21fc9b039b53c16d81,world,false,false,false,false,false,false,
src/main/java/zmaster587/advancedRocketry/world/decoration/MapGenRavineExt.java,zmaster587.advancedRocketry.world.decoration,58,2073,99afe7e4e4290f5577c8a30eb8fa06c2714364ccfd4353425965239823117e6c,world,false,false,false,false,false,false,
src/main/java/zmaster587/advancedRocketry/world/decoration/MapGenSpaceStation.java,zmaster587.advancedRocketry.world.decoration,37,1468,cc96586b7ab33ec9ea37530543715ec6cad1463b760ab7e1a4750deb461737b2,world,false,false,false,false,false,false,
src/main/java/zmaster587/advancedRocketry/world/decoration/MapGenSpaceVillage.java,zmaster587.advancedRocketry.world.decoration,57,1513,6d892f3e6e680883f3a2f3be1bb155f06f896ce51400554a97d42383aa344836,world,false,false,true,false,false,false,static_mutable_candidate
src/main/java/zmaster587/advancedRocketry/world/decoration/MapGenSwampTree.java,zmaster587.advancedRocketry.world.decoration,384,17671,506e9c837dce2755a4d377ac390f7768f52e2000b2c6d21371132d56f635814d,world,false,false,false,false,false,false,
src/main/java/zmaster587/advancedRocketry/world/decoration/MapGenVolcano.java,zmaster587.advancedRocketry.world.decoration,98,3700,33ac17f305a150fb5a79f2b85439ff35ceb222c3c1314ec2225d49b9058e6679,world,false,false,false,false,false,false,
src/main/java/zmaster587/advancedRocketry/world/gen/GenLayerVoronoiExtended.java,zmaster587.advancedRocketry.world.gen,99,4268,d76bdebfa244a55ba11c251d1144e6a90bde17a5d02c47d3a506984b9d4aaa7c,world,false,false,false,false,false,false,
src/main/java/zmaster587/advancedRocketry/world/gen/WorldGenAlienTree.java,zmaster587.advancedRocketry.world.gen,278,11412,4226246e7644f30e00377177519c1427c20b743695e361cd9efa1dec9ea319de,world,false,false,false,false,false,false,
src/main/java/zmaster587/advancedRocketry/world/gen/WorldGenCharredTree.java,zmaster587.advancedRocketry.world.gen,96,3119,7ab3391c7d3549bbfcd9fcf080eae7639e4fef60999ee5ac7238fcf6d23119ad,world,false,false,false,false,false,false,
src/main/java/zmaster587/advancedRocketry/world/gen/WorldGenElectricMushroom.java,zmaster587.advancedRocketry.world.gen,35,1212,d5050a446ef86f4a03504b02a274b66abec39ac4e9898dd11c4832b94205ae4a,world,false,false,false,false,false,false,
src/main/java/zmaster587/advancedRocketry/world/gen/WorldGenLargeCrystal.java,zmaster587.advancedRocketry.world.gen,150,5933,7b981a6fa129adf9db8e52215e330295eb5ec2d73846d65bc2f66ab0fe9cc893,world,false,false,false,false,false,false,
src/main/java/zmaster587/advancedRocketry/world/gen/WorldGenNoTree.java,zmaster587.advancedRocketry.world.gen,20,506,6d84fcbd666c0ed6480e805893217531bde115c0ecb6d10dcc2018d9b9b3f718,world,false,false,false,false,false,false,
src/main/java/zmaster587/advancedRocketry/world/ore/CustomizableOreGen.java,zmaster587.advancedRocketry.world.ore,89,2942,51471ac6c796747e531b66a1d27bd8e97370e877db6a8f2dfb661b0bfe128590,world,false,false,false,false,false,true,
src/main/java/zmaster587/advancedRocketry/world/ore/OreGenerator.java,zmaster587.advancedRocketry.world.ore,88,4714,213cabc5c321a243f259014b83c57d0a433ea842b4266760f0d00541f4abcc35,world,true,false,false,false,false,true,
src/main/java/zmaster587/advancedRocketry/world/provider/WorldProviderAsteroid.java,zmaster587.advancedRocketry.world.provider,60,1972,483c3a466ccba656ea5cdb0f466740726910cfeb54c8d797221850c29b7b0d2b,world,false,true,false,false,false,true,client_import_outside_client_domain
src/main/java/zmaster587/advancedRocketry/world/provider/WorldProviderPlanet.java,zmaster587.advancedRocketry.world.provider,481,17612,8392c990a75a5df07181d4741284e5d731a57c49d87cee395fe65155440d61ac,world,false,true,false,false,false,true,client_import_outside_client_domain
src/main/java/zmaster587/advancedRocketry/world/provider/WorldProviderSpace.java,zmaster587.advancedRocketry.world.provider,123,4503,97f9b1a4a9bdfd5914c3145a631a002386214ac956713a6c8a981750bbb7cdd9,world,false,true,false,false,false,true,client_import_outside_client_domain
src/main/java/zmaster587/advancedRocketry/world/type/WorldTypePlanetGen.java,zmaster587.advancedRocketry.world.type,57,1872,3a7e077b765023ccdcda0741198856f78019e05e37c974fa9a93200d362844c5,world,false,false,false,false,false,false,
src/main/java/zmaster587/advancedRocketry/world/type/WorldTypeSpace.java,zmaster587.advancedRocketry.world.type,16,281,0dfe5eaeec277b341c194543fbb7ef5368ee3abfbde83fecaca27ccf215623f2,world,false,false,false,false,false,false,
src/main/java/zmaster587/advancedRocketry/world/util/ChunkProviderDummy.java,zmaster587.advancedRocketry.world.util,45,912,fa2ae6a3148ea2c7fb02f93ee14ae7280090e8855007525e8d0e196734f94f78,world,false,false,false,false,false,false,
src/main/java/zmaster587/advancedRocketry/world/util/DummySaveHandler.java,zmaster587.advancedRocketry.world.util,67,1398,ba298fa69e2be9515730685479c041a1319a1dfda92c34a9c484aabff466ec36,world,false,false,false,false,false,true,
src/main/java/zmaster587/advancedRocketry/world/util/MapStorageDummy.java,zmaster587.advancedRocketry.world.util,37,803,b7b4beacbed7e89e8c87d687cae6248a3963304fe26e96606f536dd5bc31c5a0,world,false,false,false,false,false,false,
src/main/java/zmaster587/advancedRocketry/world/util/MultiData.java,zmaster587.advancedRocketry.world.util,96,2657,525a2d2e94bf975d6a36c13f937d80fd6738be10484eef86b841902c6c733d54,world,false,false,false,true,false,false,
src/main/java/zmaster587/advancedRocketry/world/util/ProviderDummy.java,zmaster587.advancedRocketry.world.util,14,292,12aaeec8ff44a7164e02c690a42d2fce39cf62c7b8311b31cb80c8861e87ef14,world,false,false,false,false,false,true,
src/main/java/zmaster587/advancedRocketry/world/util/TeleporterNoPortal.java,zmaster587.advancedRocketry.world.util,38,915,6055cea87e5e0bdfaf400f4b5844f8e86727f524048ec848443e44f9dada88db,world,false,false,false,false,false,false,
src/main/java/zmaster587/advancedRocketry/world/util/TeleporterNoPortalSeekBlock.java,zmaster587.advancedRocketry.world.util,64,1692,d48042fd7980da59b9e7dd5c35cd5e767636f3679f82897a56aa2e9fd67c0e37,world,false,false,false,false,false,false,
src/main/java/zmaster587/advancedRocketry/world/util/WorldDummy.java,zmaster587.advancedRocketry.world.util,145,3891,b72b22abe8c39b05bfc33736ca13301401f490036855b1def0ae9727ba4a8b7c,world,false,true,false,false,false,false,client_import_outside_client_domain
