path,line,symbol,usage
src/main/java/zmaster587/advancedRocketry/AdvancedRocketry.java,113,zmaster587.libVulpes.LibVulpes,import
src/main/java/zmaster587/advancedRocketry/AdvancedRocketry.java,114,zmaster587.libVulpes.api.LibVulpesBlocks,import
src/main/java/zmaster587/advancedRocketry/AdvancedRocketry.java,115,zmaster587.libVulpes.api.LibVulpesItems,import
src/main/java/zmaster587/advancedRocketry/AdvancedRocketry.java,116,zmaster587.libVulpes.api.material.AllowedProducts,import
src/main/java/zmaster587/advancedRocketry/AdvancedRocketry.java,117,zmaster587.libVulpes.api.material.MaterialRegistry,import
src/main/java/zmaster587/advancedRocketry/AdvancedRocketry.java,118,zmaster587.libVulpes.api.material.MixedMaterial,import
src/main/java/zmaster587/advancedRocketry/AdvancedRocketry.java,119,zmaster587.libVulpes.block,import
src/main/java/zmaster587/advancedRocketry/AdvancedRocketry.java,120,zmaster587.libVulpes.block.multiblock.BlockMultiBlockComponentVisible,import
src/main/java/zmaster587/advancedRocketry/AdvancedRocketry.java,121,zmaster587.libVulpes.block.multiblock.BlockMultiBlockComponentVisibleAlphaTexture,import
src/main/java/zmaster587/advancedRocketry/AdvancedRocketry.java,122,zmaster587.libVulpes.block.multiblock.BlockMultiblockMachine,import
src/main/java/zmaster587/advancedRocketry/AdvancedRocketry.java,123,zmaster587.libVulpes.inventory.GuiHandler,import
src/main/java/zmaster587/advancedRocketry/AdvancedRocketry.java,124,zmaster587.libVulpes.items.ItemBlockMeta,import
src/main/java/zmaster587/advancedRocketry/AdvancedRocketry.java,125,zmaster587.libVulpes.items.ItemIngredient,import
src/main/java/zmaster587/advancedRocketry/AdvancedRocketry.java,126,zmaster587.libVulpes.items.ItemProjector,import
src/main/java/zmaster587/advancedRocketry/AdvancedRocketry.java,127,zmaster587.libVulpes.network.PacketHandler,import
src/main/java/zmaster587/advancedRocketry/AdvancedRocketry.java,128,zmaster587.libVulpes.network.PacketItemModifcation,import
src/main/java/zmaster587/advancedRocketry/AdvancedRocketry.java,129,zmaster587.libVulpes.recipe.RecipesMachine,import
src/main/java/zmaster587/advancedRocketry/AdvancedRocketry.java,130,zmaster587.libVulpes.tile.TileMaterial,import
src/main/java/zmaster587/advancedRocketry/AdvancedRocketry.java,131,zmaster587.libVulpes.tile.multiblock.TileMultiBlock,import
src/main/java/zmaster587/advancedRocketry/AdvancedRocketry.java,132,zmaster587.libVulpes.util.FluidUtils,import
src/main/java/zmaster587/advancedRocketry/AdvancedRocketry.java,133,zmaster587.libVulpes.util.HashedBlockPosition,import
src/main/java/zmaster587/advancedRocketry/AdvancedRocketry.java,134,zmaster587.libVulpes.util.InputSyncHandler,import
src/main/java/zmaster587/advancedRocketry/AdvancedRocketry.java,135,zmaster587.libVulpes.util.SingleEntry,import
src/main/java/zmaster587/advancedRocketry/AdvancedRocketry.java,897,zmaster587.libVulpes.api.material.Material,reference
src/main/java/zmaster587/advancedRocketry/AdvancedRocketry.java,898,zmaster587.libVulpes.api.material.Material,reference
src/main/java/zmaster587/advancedRocketry/api/AreaBlob.java,6,zmaster587.libVulpes.util.AdjacencyGraph,import
src/main/java/zmaster587/advancedRocketry/api/AreaBlob.java,7,zmaster587.libVulpes.util.HashedBlockPosition,import
src/main/java/zmaster587/advancedRocketry/api/EntityRocketBase.java,8,zmaster587.libVulpes.util.HashedBlockPosition,import
src/main/java/zmaster587/advancedRocketry/api/StatsRocket.java,8,zmaster587.libVulpes.util.HashedBlockPosition,import
src/main/java/zmaster587/advancedRocketry/api/StatsRocket.java,9,zmaster587.libVulpes.util.Vector3F,import
src/main/java/zmaster587/advancedRocketry/api/satellite/SatelliteBase.java,16,zmaster587.libVulpes.util.UniversalBattery,import
src/main/java/zmaster587/advancedRocketry/api/stations/ISpaceObject.java,6,zmaster587.libVulpes.util.HashedBlockPosition,import
src/main/java/zmaster587/advancedRocketry/api/util/IBlobHandler.java,5,zmaster587.libVulpes.util.HashedBlockPosition,import
src/main/java/zmaster587/advancedRocketry/armor/ItemSpaceArmor.java,30,zmaster587.libVulpes.LibVulpes,import
src/main/java/zmaster587/advancedRocketry/armor/ItemSpaceArmor.java,31,zmaster587.libVulpes.api.IArmorComponent,import
src/main/java/zmaster587/advancedRocketry/armor/ItemSpaceArmor.java,32,zmaster587.libVulpes.api.IJetPack,import
src/main/java/zmaster587/advancedRocketry/armor/ItemSpaceArmor.java,33,zmaster587.libVulpes.api.IModularArmor,import
src/main/java/zmaster587/advancedRocketry/armor/ItemSpaceArmor.java,34,zmaster587.libVulpes.util.EmbeddedInventory,import
src/main/java/zmaster587/advancedRocketry/armor/ItemSpaceArmor.java,35,zmaster587.libVulpes.util.IconResource,import
src/main/java/zmaster587/advancedRocketry/armor/ItemSpaceChest.java,14,zmaster587.libVulpes.util.EmbeddedInventory,import
src/main/java/zmaster587/advancedRocketry/armor/ItemSpaceChest.java,15,zmaster587.libVulpes.util.FluidUtils,import
src/main/java/zmaster587/advancedRocketry/armor/ItemSpaceChest.java,16,zmaster587.libVulpes.util.IconResource,import
src/main/java/zmaster587/advancedRocketry/atmosphere/AtmosphereHandler.java,28,zmaster587.libVulpes.network.PacketHandler,import
src/main/java/zmaster587/advancedRocketry/atmosphere/AtmosphereHandler.java,29,zmaster587.libVulpes.util.HashedBlockPosition,import
src/main/java/zmaster587/advancedRocketry/atmosphere/AtmosphereHighPressure.java,6,zmaster587.libVulpes.LibVulpes,import
src/main/java/zmaster587/advancedRocketry/atmosphere/AtmosphereHighPressureNoOxygen.java,10,zmaster587.libVulpes.network.PacketHandler,import
src/main/java/zmaster587/advancedRocketry/atmosphere/AtmosphereHighPressureNoOxygen.java,9,zmaster587.libVulpes.LibVulpes,import
src/main/java/zmaster587/advancedRocketry/atmosphere/AtmosphereLowOxygen.java,8,zmaster587.libVulpes.LibVulpes,import
src/main/java/zmaster587/advancedRocketry/atmosphere/AtmosphereLowOxygen.java,9,zmaster587.libVulpes.network.PacketHandler,import
src/main/java/zmaster587/advancedRocketry/atmosphere/AtmosphereNoOxygen.java,10,zmaster587.libVulpes.network.PacketHandler,import
src/main/java/zmaster587/advancedRocketry/atmosphere/AtmosphereNoOxygen.java,9,zmaster587.libVulpes.LibVulpes,import
src/main/java/zmaster587/advancedRocketry/atmosphere/AtmosphereSuperHighPressure.java,8,zmaster587.libVulpes.LibVulpes,import
src/main/java/zmaster587/advancedRocketry/atmosphere/AtmosphereSuperHighPressure.java,9,zmaster587.libVulpes.network.PacketHandler,import
src/main/java/zmaster587/advancedRocketry/atmosphere/AtmosphereSuperHighPressureNoOxygen.java,10,zmaster587.libVulpes.network.PacketHandler,import
src/main/java/zmaster587/advancedRocketry/atmosphere/AtmosphereSuperHighPressureNoOxygen.java,9,zmaster587.libVulpes.LibVulpes,import
src/main/java/zmaster587/advancedRocketry/atmosphere/AtmosphereSuperheated.java,6,zmaster587.libVulpes.LibVulpes,import
src/main/java/zmaster587/advancedRocketry/atmosphere/AtmosphereSuperheatedNoOxygen.java,10,zmaster587.libVulpes.network.PacketHandler,import
src/main/java/zmaster587/advancedRocketry/atmosphere/AtmosphereSuperheatedNoOxygen.java,9,zmaster587.libVulpes.LibVulpes,import
src/main/java/zmaster587/advancedRocketry/atmosphere/AtmosphereVacuum.java,10,zmaster587.libVulpes.network.PacketHandler,import
src/main/java/zmaster587/advancedRocketry/atmosphere/AtmosphereVacuum.java,9,zmaster587.libVulpes.LibVulpes,import
src/main/java/zmaster587/advancedRocketry/atmosphere/AtmosphereVeryHot.java,6,zmaster587.libVulpes.LibVulpes,import
src/main/java/zmaster587/advancedRocketry/atmosphere/AtmosphereVeryHotNoOxygen.java,10,zmaster587.libVulpes.network.PacketHandler,import
src/main/java/zmaster587/advancedRocketry/atmosphere/AtmosphereVeryHotNoOxygen.java,9,zmaster587.libVulpes.LibVulpes,import
src/main/java/zmaster587/advancedRocketry/block/BlockBeacon.java,13,zmaster587.libVulpes.block.multiblock.BlockMultiblockMachine,import
src/main/java/zmaster587/advancedRocketry/block/BlockBeacon.java,14,zmaster587.libVulpes.tile.multiblock.TileMultiBlock,import
src/main/java/zmaster587/advancedRocketry/block/BlockBeacon.java,15,zmaster587.libVulpes.util.HashedBlockPosition,import
src/main/java/zmaster587/advancedRocketry/block/BlockBipropellantRocketMotor.java,11,zmaster587.libVulpes.block.BlockFullyRotatable,import
src/main/java/zmaster587/advancedRocketry/block/BlockCrystal.java,20,zmaster587.libVulpes.block.INamedMetaBlock,import
src/main/java/zmaster587/advancedRocketry/block/BlockForceFieldProjector.java,9,zmaster587.libVulpes.block.BlockFullyRotatable,import
src/main/java/zmaster587/advancedRocketry/block/BlockHalfTile.java,8,zmaster587.libVulpes.block.BlockTile,import
src/main/java/zmaster587/advancedRocketry/block/BlockLandingPad.java,13,zmaster587.libVulpes.LibVulpes,import
src/main/java/zmaster587/advancedRocketry/block/BlockLandingPad.java,14,zmaster587.libVulpes.inventory.GuiHandler,import
src/main/java/zmaster587/advancedRocketry/block/BlockMiningDrill.java,14,zmaster587.libVulpes.inventory.GuiHandler.guiId.MODULAR.ordinal,reference
src/main/java/zmaster587/advancedRocketry/block/BlockMiningDrill.java,8,zmaster587.libVulpes.block.BlockFullyRotatable,import
src/main/java/zmaster587/advancedRocketry/block/BlockOrbitalLaserDrill.java,10,zmaster587.libVulpes.block.multiblock.BlockMultiblockMachine,import
src/main/java/zmaster587/advancedRocketry/block/BlockOrbitalLaserDrill.java,11,zmaster587.libVulpes.inventory.GuiHandler,import
src/main/java/zmaster587/advancedRocketry/block/BlockPressurizedFluidTank.java,24,zmaster587.libVulpes.LibVulpes,import
src/main/java/zmaster587/advancedRocketry/block/BlockPressurizedFluidTank.java,25,zmaster587.libVulpes.inventory.GuiHandler.guiId,import
src/main/java/zmaster587/advancedRocketry/block/BlockPressurizedFluidTank.java,26,zmaster587.libVulpes.tile.multiblock.hatch.TileFluidHatch,import
src/main/java/zmaster587/advancedRocketry/block/BlockPressurizedFluidTank.java,27,zmaster587.libVulpes.util.FluidUtils,import
src/main/java/zmaster587/advancedRocketry/block/BlockRedstoneEmitter.java,16,zmaster587.libVulpes.LibVulpes,import
src/main/java/zmaster587/advancedRocketry/block/BlockRedstoneEmitter.java,17,zmaster587.libVulpes.inventory.GuiHandler,import
src/main/java/zmaster587/advancedRocketry/block/BlockRocketMotor.java,11,zmaster587.libVulpes.block.BlockFullyRotatable,import
src/main/java/zmaster587/advancedRocketry/block/BlockSeal.java,14,zmaster587.libVulpes.util.HashedBlockPosition,import
src/main/java/zmaster587/advancedRocketry/block/BlockSmallPlatePress.java,22,zmaster587.libVulpes.LibVulpes,import
src/main/java/zmaster587/advancedRocketry/block/BlockSmallPlatePress.java,23,zmaster587.libVulpes.interfaces.IRecipe,import
src/main/java/zmaster587/advancedRocketry/block/BlockSmallPlatePress.java,24,zmaster587.libVulpes.recipe.RecipesMachine,import
src/main/java/zmaster587/advancedRocketry/block/BlockSolarGenerator.java,5,zmaster587.libVulpes.block.BlockTile,import
src/main/java/zmaster587/advancedRocketry/block/BlockStationModuleDockingPort.java,15,zmaster587.libVulpes.LibVulpes,import
src/main/java/zmaster587/advancedRocketry/block/BlockStationModuleDockingPort.java,16,zmaster587.libVulpes.block.BlockFullyRotatable,import
src/main/java/zmaster587/advancedRocketry/block/BlockStationModuleDockingPort.java,17,zmaster587.libVulpes.inventory.GuiHandler,import
src/main/java/zmaster587/advancedRocketry/block/BlockSuitWorkstation.java,10,zmaster587.libVulpes.block.BlockTile,import
src/main/java/zmaster587/advancedRocketry/block/BlockTileNeighborUpdate.java,6,zmaster587.libVulpes.block.BlockTileComparatorOverride,import
src/main/java/zmaster587/advancedRocketry/block/BlockTileNeighborUpdate.java,7,zmaster587.libVulpes.util.IAdjBlockUpdate,import
src/main/java/zmaster587/advancedRocketry/block/BlockTileRedstoneEmitter.java,9,zmaster587.libVulpes.block.BlockTile,import
src/main/java/zmaster587/advancedRocketry/block/BlockTileWithMultitooltip.java,10,zmaster587.libVulpes.LibVulpes,import
src/main/java/zmaster587/advancedRocketry/block/BlockTileWithMultitooltip.java,11,zmaster587.libVulpes.block.BlockTile,import
src/main/java/zmaster587/advancedRocketry/block/BlockTransciever.java,8,zmaster587.libVulpes.block.BlockTile,import
src/main/java/zmaster587/advancedRocketry/block/BlockWarpController.java,12,zmaster587.libVulpes.block.BlockTile,import
src/main/java/zmaster587/advancedRocketry/block/BlockWarpCore.java,12,zmaster587.libVulpes.block.multiblock.BlockMultiblockMachine,import
src/main/java/zmaster587/advancedRocketry/block/BlockWarpCore.java,13,zmaster587.libVulpes.tile.multiblock.TileMultiBlock,import
src/main/java/zmaster587/advancedRocketry/block/BlockWarpCore.java,14,zmaster587.libVulpes.util.HashedBlockPosition,import
src/main/java/zmaster587/advancedRocketry/block/multiblock/BlockARHatch.java,16,zmaster587.libVulpes.block.multiblock.BlockHatch,import
src/main/java/zmaster587/advancedRocketry/block/multiblock/BlockARHatch.java,17,zmaster587.libVulpes.tile.TilePointer,import
src/main/java/zmaster587/advancedRocketry/cable/CableNetwork.java,7,zmaster587.libVulpes.util.SingleEntry,import
src/main/java/zmaster587/advancedRocketry/cable/EnergyNetwork.java,7,zmaster587.libVulpes.api.IUniversalEnergy,import
src/main/java/zmaster587/advancedRocketry/cable/EnergyNetwork.java,8,zmaster587.libVulpes.util.UniversalBattery,import
src/main/java/zmaster587/advancedRocketry/cable/LiquidNetwork.java,11,zmaster587.libVulpes.util.FluidUtils,import
src/main/java/zmaster587/advancedRocketry/client/ClientProxy.java,61,zmaster587.libVulpes.entity.fx.FxErrorBlock,import
src/main/java/zmaster587/advancedRocketry/client/ClientProxy.java,62,zmaster587.libVulpes.inventory.modules.ModuleContainerPan,import
src/main/java/zmaster587/advancedRocketry/client/ClientProxy.java,63,zmaster587.libVulpes.tile.TileSchematic,import
src/main/java/zmaster587/advancedRocketry/client/KeyBindings.java,17,zmaster587.libVulpes.LibVulpes,import
src/main/java/zmaster587/advancedRocketry/client/KeyBindings.java,18,zmaster587.libVulpes.interfaces.INetworkEntity,import
src/main/java/zmaster587/advancedRocketry/client/KeyBindings.java,19,zmaster587.libVulpes.network.PacketChangeKeyState,import
src/main/java/zmaster587/advancedRocketry/client/KeyBindings.java,20,zmaster587.libVulpes.network.PacketEntity,import
src/main/java/zmaster587/advancedRocketry/client/KeyBindings.java,21,zmaster587.libVulpes.network.PacketHandler,import
src/main/java/zmaster587/advancedRocketry/client/KeyBindings.java,22,zmaster587.libVulpes.util.InputSyncHandler,import
src/main/java/zmaster587/advancedRocketry/client/render/RenderComponents.java,9,zmaster587.libVulpes.api.IModularArmor,import
src/main/java/zmaster587/advancedRocketry/client/render/RenderLaser.java,17,zmaster587.libVulpes.render.RenderHelper,import
src/main/java/zmaster587/advancedRocketry/client/render/RenderTank.java,17,zmaster587.libVulpes.render.RenderHelper,import
src/main/java/zmaster587/advancedRocketry/client/render/RendererPhantomBlock.java,17,zmaster587.libVulpes.render.RenderHelper,import
src/main/java/zmaster587/advancedRocketry/client/render/RendererPhantomBlock.java,18,zmaster587.libVulpes.tile.multiblock.TilePlaceholder,import
src/main/java/zmaster587/advancedRocketry/client/render/RendererPipe.java,13,zmaster587.libVulpes.render.RenderHelper,import
src/main/java/zmaster587/advancedRocketry/client/render/RendererRocketAssemblingMachine.java,16,zmaster587.libVulpes.render.RenderHelper,import
src/main/java/zmaster587/advancedRocketry/client/render/entity/RenderButtonUIEntity.java,12,zmaster587.libVulpes.render.RenderHelper,import
src/main/java/zmaster587/advancedRocketry/client/render/entity/RenderHoverCraft.java,16,zmaster587.libVulpes.render.RenderHelper,import
src/main/java/zmaster587/advancedRocketry/client/render/entity/RenderPlanetUIEntity.java,19,zmaster587.libVulpes.render.RenderHelper,import
src/main/java/zmaster587/advancedRocketry/client/render/entity/RenderStarUIEntity.java,19,zmaster587.libVulpes.render.RenderHelper,import
src/main/java/zmaster587/advancedRocketry/client/render/multiblocks/RenderAreaGravityController.java,12,zmaster587.libVulpes.block.RotatableBlock,import
src/main/java/zmaster587/advancedRocketry/client/render/multiblocks/RenderAstrobodyDataProcessor.java,10,zmaster587.libVulpes.block.RotatableBlock,import
src/main/java/zmaster587/advancedRocketry/client/render/multiblocks/RenderAstrobodyDataProcessor.java,11,zmaster587.libVulpes.tile.multiblock.TileMultiPowerConsumer,import
src/main/java/zmaster587/advancedRocketry/client/render/multiblocks/RenderBeacon.java,11,zmaster587.libVulpes.block.RotatableBlock,import
src/main/java/zmaster587/advancedRocketry/client/render/multiblocks/RenderBeacon.java,12,zmaster587.libVulpes.tile.multiblock.TileMultiPowerConsumer,import
src/main/java/zmaster587/advancedRocketry/client/render/multiblocks/RenderBiomeScanner.java,10,zmaster587.libVulpes.block.RotatableBlock,import
src/main/java/zmaster587/advancedRocketry/client/render/multiblocks/RenderBiomeScanner.java,11,zmaster587.libVulpes.tile.multiblock.TileMultiPowerConsumer,import
src/main/java/zmaster587/advancedRocketry/client/render/multiblocks/RenderBlackHoleGenerator.java,15,zmaster587.libVulpes.block.RotatableBlock,import
src/main/java/zmaster587/advancedRocketry/client/render/multiblocks/RenderBlackHoleGenerator.java,16,zmaster587.libVulpes.render.RenderHelper,import
src/main/java/zmaster587/advancedRocketry/client/render/multiblocks/RenderCentrifuge.java,12,zmaster587.libVulpes.block.RotatableBlock,import
src/main/java/zmaster587/advancedRocketry/client/render/multiblocks/RenderOrbitalLaserDrill.java,15,zmaster587.libVulpes.block.RotatableBlock,import
src/main/java/zmaster587/advancedRocketry/client/render/multiblocks/RenderOrbitalLaserDrill.java,16,zmaster587.libVulpes.tile.multiblock.TileMultiBlock,import
src/main/java/zmaster587/advancedRocketry/client/render/multiblocks/RenderTerraformerAtm.java,13,zmaster587.libVulpes.block.RotatableBlock,import
src/main/java/zmaster587/advancedRocketry/client/render/multiblocks/RenderTerraformerAtm.java,14,zmaster587.libVulpes.tile.multiblock.TileMultiBlock,import
src/main/java/zmaster587/advancedRocketry/client/render/multiblocks/RendererChemicalReactor.java,11,zmaster587.libVulpes.block.RotatableBlock,import
src/main/java/zmaster587/advancedRocketry/client/render/multiblocks/RendererCrystallizer.java,13,zmaster587.libVulpes.block.RotatableBlock,import
src/main/java/zmaster587/advancedRocketry/client/render/multiblocks/RendererCrystallizer.java,14,zmaster587.libVulpes.tile.multiblock.TileMultiblockMachine,import
src/main/java/zmaster587/advancedRocketry/client/render/multiblocks/RendererCrystallizer.java,74,zmaster587.libVulpes.render.RenderHelper.renderItem,reference
src/main/java/zmaster587/advancedRocketry/client/render/multiblocks/RendererCrystallizer.java,81,zmaster587.libVulpes.render.RenderHelper.renderItem,reference
src/main/java/zmaster587/advancedRocketry/client/render/multiblocks/RendererCrystallizer.java,88,zmaster587.libVulpes.render.RenderHelper.renderItem,reference
src/main/java/zmaster587/advancedRocketry/client/render/multiblocks/RendererCuttingMachine.java,12,zmaster587.libVulpes.block.RotatableBlock,import
src/main/java/zmaster587/advancedRocketry/client/render/multiblocks/RendererCuttingMachine.java,13,zmaster587.libVulpes.render.RenderHelper,import
src/main/java/zmaster587/advancedRocketry/client/render/multiblocks/RendererCuttingMachine.java,14,zmaster587.libVulpes.tile.multiblock.TileMultiblockMachine,import
src/main/java/zmaster587/advancedRocketry/client/render/multiblocks/RendererElectrolyser.java,16,zmaster587.libVulpes.block.RotatableBlock,import
src/main/java/zmaster587/advancedRocketry/client/render/multiblocks/RendererElectrolyser.java,17,zmaster587.libVulpes.render.RenderHelper,import
src/main/java/zmaster587/advancedRocketry/client/render/multiblocks/RendererElectrolyser.java,18,zmaster587.libVulpes.tile.multiblock.TileMultiblockMachine,import
src/main/java/zmaster587/advancedRocketry/client/render/multiblocks/RendererLathe.java,11,zmaster587.libVulpes.api.material.MaterialRegistry,import
src/main/java/zmaster587/advancedRocketry/client/render/multiblocks/RendererLathe.java,12,zmaster587.libVulpes.block.RotatableBlock,import
src/main/java/zmaster587/advancedRocketry/client/render/multiblocks/RendererLathe.java,13,zmaster587.libVulpes.tile.multiblock.TileMultiblockMachine,import
src/main/java/zmaster587/advancedRocketry/client/render/multiblocks/RendererMicrowaveReciever.java,16,zmaster587.libVulpes.render.RenderHelper,import
src/main/java/zmaster587/advancedRocketry/client/render/multiblocks/RendererObservatory.java,13,zmaster587.libVulpes.block.RotatableBlock,import
src/main/java/zmaster587/advancedRocketry/client/render/multiblocks/RendererPrecisionAssembler.java,13,zmaster587.libVulpes.block.RotatableBlock,import
src/main/java/zmaster587/advancedRocketry/client/render/multiblocks/RendererPrecisionAssembler.java,14,zmaster587.libVulpes.render.RenderHelper,import
src/main/java/zmaster587/advancedRocketry/client/render/multiblocks/RendererPrecisionAssembler.java,15,zmaster587.libVulpes.tile.multiblock.TileMultiblockMachine,import
src/main/java/zmaster587/advancedRocketry/client/render/multiblocks/RendererPrecisionLaserEtcher.java,10,zmaster587.libVulpes.block.RotatableBlock,import
src/main/java/zmaster587/advancedRocketry/client/render/multiblocks/RendererPrecisionLaserEtcher.java,11,zmaster587.libVulpes.tile.multiblock.TileMultiblockMachine,import
src/main/java/zmaster587/advancedRocketry/client/render/multiblocks/RendererRailgun.java,11,zmaster587.libVulpes.block.RotatableBlock,import
src/main/java/zmaster587/advancedRocketry/client/render/multiblocks/RendererRollingMachine.java,11,zmaster587.libVulpes.block.RotatableBlock,import
src/main/java/zmaster587/advancedRocketry/client/render/multiblocks/RendererRollingMachine.java,12,zmaster587.libVulpes.tile.multiblock.TileMultiblockMachine,import
src/main/java/zmaster587/advancedRocketry/client/render/multiblocks/RendererSolarArray.java,11,zmaster587.libVulpes.block.RotatableBlock,import
src/main/java/zmaster587/advancedRocketry/client/render/multiblocks/RendererSpaceElevator.java,17,zmaster587.libVulpes.block.RotatableBlock,import
src/main/java/zmaster587/advancedRocketry/client/render/multiblocks/RendererSpaceElevator.java,18,zmaster587.libVulpes.render.RenderHelper,import
src/main/java/zmaster587/advancedRocketry/client/render/multiblocks/RendererWarpCore.java,20,zmaster587.libVulpes.block.RotatableBlock,import
src/main/java/zmaster587/advancedRocketry/client/render/multiblocks/RendererWarpCore.java,21,zmaster587.libVulpes.render.RenderHelper,import
src/main/java/zmaster587/advancedRocketry/client/render/multiblocks/RendererWarpCore.java,22,zmaster587.libVulpes.tile.multiblock.TileMultiBlock,import
src/main/java/zmaster587/advancedRocketry/client/render/planet/RenderAsteroidSky.java,28,zmaster587.libVulpes.util.Vector3F,import
src/main/java/zmaster587/advancedRocketry/client/render/planet/RenderPlanetarySky.java,28,zmaster587.libVulpes.util.Vector3F,import
src/main/java/zmaster587/advancedRocketry/client/render/planet/RenderSpaceSky.java,21,zmaster587.libVulpes.render.RenderHelper,import
src/main/java/zmaster587/advancedRocketry/client/render/planet/RenderSpaceSky.java,22,zmaster587.libVulpes.util.Vector3F,import
src/main/java/zmaster587/advancedRocketry/client/render/planet/RenderSpaceTravelSky.java,33,zmaster587.libVulpes.render.RenderHelper,import
src/main/java/zmaster587/advancedRocketry/client/render/planet/RenderSpaceTravelSky.java,34,zmaster587.libVulpes.util.Vector3F,import
src/main/java/zmaster587/advancedRocketry/command/WorldCommand.java,40,zmaster587.libVulpes.network.PacketHandler,import
src/main/java/zmaster587/advancedRocketry/command/WorldCommand.java,41,zmaster587.libVulpes.util.HashedBlockPosition,import
src/main/java/zmaster587/advancedRocketry/common/CommonProxy.java,14,zmaster587.libVulpes.network.PacketHandler,import
src/main/java/zmaster587/advancedRocketry/dimension/DimensionManager.java,41,zmaster587.libVulpes.network.PacketHandler,import
src/main/java/zmaster587/advancedRocketry/dimension/DimensionProperties.java,42,zmaster587.libVulpes.network.PacketHandler,import
src/main/java/zmaster587/advancedRocketry/dimension/DimensionProperties.java,43,zmaster587.libVulpes.util.HashedBlockPosition,import
src/main/java/zmaster587/advancedRocketry/dimension/DimensionProperties.java,44,zmaster587.libVulpes.util.VulpineMath,import
src/main/java/zmaster587/advancedRocketry/dimension/DimensionProperties.java,45,zmaster587.libVulpes.util.ZUtils,import
src/main/java/zmaster587/advancedRocketry/entity/EntityElevatorCapsule.java,31,zmaster587.libVulpes.LibVulpes,import
src/main/java/zmaster587/advancedRocketry/entity/EntityElevatorCapsule.java,32,zmaster587.libVulpes.interfaces.INetworkEntity,import
src/main/java/zmaster587/advancedRocketry/entity/EntityElevatorCapsule.java,33,zmaster587.libVulpes.network.PacketEntity,import
src/main/java/zmaster587/advancedRocketry/entity/EntityElevatorCapsule.java,34,zmaster587.libVulpes.network.PacketHandler,import
src/main/java/zmaster587/advancedRocketry/entity/EntityElevatorCapsule.java,35,zmaster587.libVulpes.util.HashedBlockPosition,import
src/main/java/zmaster587/advancedRocketry/entity/EntityHoverCraft.java,17,zmaster587.libVulpes.interfaces.INetworkEntity,import
src/main/java/zmaster587/advancedRocketry/entity/EntityHoverCraft.java,18,zmaster587.libVulpes.network.PacketEntity,import
src/main/java/zmaster587/advancedRocketry/entity/EntityHoverCraft.java,19,zmaster587.libVulpes.network.PacketHandler,import
src/main/java/zmaster587/advancedRocketry/entity/EntityHoverCraft.java,20,zmaster587.libVulpes.util.EmbeddedInventory,import
src/main/java/zmaster587/advancedRocketry/entity/EntityLaserNode.java,15,zmaster587.libVulpes.LibVulpes,import
src/main/java/zmaster587/advancedRocketry/entity/EntityRocket.java,2259,zmaster587.libVulpes.inventory.TextureResources.buttonBuild,reference
src/main/java/zmaster587/advancedRocketry/entity/EntityRocket.java,2264,zmaster587.libVulpes.inventory.TextureResources.buttonBuild,reference
src/main/java/zmaster587/advancedRocketry/entity/EntityRocket.java,2273,zmaster587.libVulpes.inventory.TextureResources.starryBG,reference
src/main/java/zmaster587/advancedRocketry/entity/EntityRocket.java,2308,zmaster587.libVulpes.inventory.TextureResources.starryBG,reference
src/main/java/zmaster587/advancedRocketry/entity/EntityRocket.java,2310,zmaster587.libVulpes.inventory.TextureResources.starryBG,reference
src/main/java/zmaster587/advancedRocketry/entity/EntityRocket.java,72,zmaster587.libVulpes.LibVulpes,import
src/main/java/zmaster587/advancedRocketry/entity/EntityRocket.java,73,zmaster587.libVulpes.client.util.ProgressBarImage,import
src/main/java/zmaster587/advancedRocketry/entity/EntityRocket.java,74,zmaster587.libVulpes.gui.CommonResources,import
src/main/java/zmaster587/advancedRocketry/entity/EntityRocket.java,75,zmaster587.libVulpes.interfaces.INetworkEntity,import
src/main/java/zmaster587/advancedRocketry/entity/EntityRocket.java,76,zmaster587.libVulpes.inventory.GuiHandler,import
src/main/java/zmaster587/advancedRocketry/entity/EntityRocket.java,77,zmaster587.libVulpes.inventory.modules,import
src/main/java/zmaster587/advancedRocketry/entity/EntityRocket.java,78,zmaster587.libVulpes.items.ItemLinker,import
src/main/java/zmaster587/advancedRocketry/entity/EntityRocket.java,79,zmaster587.libVulpes.network.PacketEntity,import
src/main/java/zmaster587/advancedRocketry/entity/EntityRocket.java,80,zmaster587.libVulpes.network.PacketHandler,import
src/main/java/zmaster587/advancedRocketry/entity/EntityRocket.java,81,zmaster587.libVulpes.util,import
src/main/java/zmaster587/advancedRocketry/entity/EntityStationDeployedRocket.java,307,zmaster587.libVulpes.inventory.TextureResources.buttonLeft,reference
src/main/java/zmaster587/advancedRocketry/entity/EntityStationDeployedRocket.java,309,zmaster587.libVulpes.inventory.TextureResources.buttonRight,reference
src/main/java/zmaster587/advancedRocketry/entity/EntityStationDeployedRocket.java,38,zmaster587.libVulpes.LibVulpes,import
src/main/java/zmaster587/advancedRocketry/entity/EntityStationDeployedRocket.java,39,zmaster587.libVulpes.inventory.modules.ModuleBase,import
src/main/java/zmaster587/advancedRocketry/entity/EntityStationDeployedRocket.java,40,zmaster587.libVulpes.inventory.modules.ModuleButton,import
src/main/java/zmaster587/advancedRocketry/entity/EntityStationDeployedRocket.java,41,zmaster587.libVulpes.inventory.modules.ModuleText,import
src/main/java/zmaster587/advancedRocketry/entity/EntityStationDeployedRocket.java,42,zmaster587.libVulpes.network.PacketEntity,import
src/main/java/zmaster587/advancedRocketry/entity/EntityStationDeployedRocket.java,43,zmaster587.libVulpes.network.PacketHandler,import
src/main/java/zmaster587/advancedRocketry/entity/EntityStationDeployedRocket.java,44,zmaster587.libVulpes.util.HashedBlockPosition,import
src/main/java/zmaster587/advancedRocketry/entity/EntityStationDeployedRocket.java,45,zmaster587.libVulpes.util.Vector3F,import
src/main/java/zmaster587/advancedRocketry/entity/fx/FxLaserHeat.java,12,zmaster587.libVulpes.render.RenderHelper,import
src/main/java/zmaster587/advancedRocketry/entity/fx/FxSystemElectricArc.java,5,zmaster587.libVulpes.util.Vector3F,import
src/main/java/zmaster587/advancedRocketry/event/PlanetEventHandler.java,70,zmaster587.libVulpes.LibVulpes,import
src/main/java/zmaster587/advancedRocketry/event/PlanetEventHandler.java,71,zmaster587.libVulpes.api.IModularArmor,import
src/main/java/zmaster587/advancedRocketry/event/PlanetEventHandler.java,72,zmaster587.libVulpes.network.PacketHandler,import
src/main/java/zmaster587/advancedRocketry/event/PlanetEventHandler.java,73,zmaster587.libVulpes.util.HashedBlockPosition,import
src/main/java/zmaster587/advancedRocketry/event/RocketEventHandler.java,43,zmaster587.libVulpes.api.IArmorComponent,import
src/main/java/zmaster587/advancedRocketry/event/RocketEventHandler.java,44,zmaster587.libVulpes.api.IModularArmor,import
src/main/java/zmaster587/advancedRocketry/event/RocketEventHandler.java,45,zmaster587.libVulpes.client.ResourceIcon,import
src/main/java/zmaster587/advancedRocketry/event/RocketEventHandler.java,46,zmaster587.libVulpes.render.RenderHelper,import
src/main/java/zmaster587/advancedRocketry/event/RocketEventHandler.java,47,zmaster587.libVulpes.util.ZUtils,import
src/main/java/zmaster587/advancedRocketry/integration/jei/ARPlugin.java,45,zmaster587.libVulpes.inventory.GuiModular,import
src/main/java/zmaster587/advancedRocketry/integration/jei/DrawableProgressBarWrapper.java,5,zmaster587.libVulpes.client.util.ProgressBarImage,import
src/main/java/zmaster587/advancedRocketry/integration/jei/MachineCategoryTemplate.java,15,zmaster587.libVulpes.client.util.ProgressBarImage,import
src/main/java/zmaster587/advancedRocketry/integration/jei/MachineRecipe.java,10,zmaster587.libVulpes.recipe.RecipesMachine.ChanceItemStack,import
src/main/java/zmaster587/advancedRocketry/integration/jei/MachineRecipe.java,11,zmaster587.libVulpes.recipe.RecipesMachine.Recipe,import
src/main/java/zmaster587/advancedRocketry/integration/jei/MachineRecipe.java,9,zmaster587.libVulpes.interfaces.IRecipe,import
src/main/java/zmaster587/advancedRocketry/integration/jei/arcFurnace/ArcFurnaceCategory.java,7,zmaster587.libVulpes.LibVulpes,import
src/main/java/zmaster587/advancedRocketry/integration/jei/arcFurnace/ArcFurnaceRecipeMaker.java,4,zmaster587.libVulpes.interfaces.IRecipe,import
src/main/java/zmaster587/advancedRocketry/integration/jei/arcFurnace/ArcFurnaceRecipeMaker.java,5,zmaster587.libVulpes.recipe.RecipesMachine,import
src/main/java/zmaster587/advancedRocketry/integration/jei/arcFurnace/ArcFurnaceWrapper.java,4,zmaster587.libVulpes.interfaces.IRecipe,import
src/main/java/zmaster587/advancedRocketry/integration/jei/centrifuge/CentrifugeCategory.java,7,zmaster587.libVulpes.LibVulpes,import
src/main/java/zmaster587/advancedRocketry/integration/jei/centrifuge/CentrifugeRecipeMaker.java,4,zmaster587.libVulpes.interfaces.IRecipe,import
src/main/java/zmaster587/advancedRocketry/integration/jei/centrifuge/CentrifugeRecipeMaker.java,5,zmaster587.libVulpes.recipe.RecipesMachine,import
src/main/java/zmaster587/advancedRocketry/integration/jei/centrifuge/CentrifugeWrapper.java,4,zmaster587.libVulpes.interfaces.IRecipe,import
src/main/java/zmaster587/advancedRocketry/integration/jei/chemicalReactor/ChemicalReactorCategory.java,17,zmaster587.libVulpes.LibVulpes,import
src/main/java/zmaster587/advancedRocketry/integration/jei/chemicalReactor/ChemicalReactorRecipeMaker.java,4,zmaster587.libVulpes.interfaces.IRecipe,import
src/main/java/zmaster587/advancedRocketry/integration/jei/chemicalReactor/ChemicalReactorRecipeMaker.java,5,zmaster587.libVulpes.recipe.RecipesMachine,import
src/main/java/zmaster587/advancedRocketry/integration/jei/chemicalReactor/ChemicalReactorlWrapper.java,4,zmaster587.libVulpes.interfaces.IRecipe,import
src/main/java/zmaster587/advancedRocketry/integration/jei/crystallizer/CrystallizerCategory.java,7,zmaster587.libVulpes.LibVulpes,import
src/main/java/zmaster587/advancedRocketry/integration/jei/crystallizer/CrystallizerRecipeMaker.java,4,zmaster587.libVulpes.interfaces.IRecipe,import
src/main/java/zmaster587/advancedRocketry/integration/jei/crystallizer/CrystallizerRecipeMaker.java,5,zmaster587.libVulpes.recipe.RecipesMachine,import
src/main/java/zmaster587/advancedRocketry/integration/jei/crystallizer/CrystallizerWrapper.java,4,zmaster587.libVulpes.interfaces.IRecipe,import
src/main/java/zmaster587/advancedRocketry/integration/jei/electrolyser/ElectrolyzerCategory.java,7,zmaster587.libVulpes.LibVulpes,import
src/main/java/zmaster587/advancedRocketry/integration/jei/electrolyser/ElectrolyzerRecipeMaker.java,4,zmaster587.libVulpes.interfaces.IRecipe,import
src/main/java/zmaster587/advancedRocketry/integration/jei/electrolyser/ElectrolyzerRecipeMaker.java,5,zmaster587.libVulpes.recipe.RecipesMachine,import
src/main/java/zmaster587/advancedRocketry/integration/jei/electrolyser/ElectrolyzerWrapper.java,4,zmaster587.libVulpes.interfaces.IRecipe,import
src/main/java/zmaster587/advancedRocketry/integration/jei/lathe/LatheCategory.java,7,zmaster587.libVulpes.LibVulpes,import
src/main/java/zmaster587/advancedRocketry/integration/jei/lathe/LatheRecipeMaker.java,4,zmaster587.libVulpes.interfaces.IRecipe,import
src/main/java/zmaster587/advancedRocketry/integration/jei/lathe/LatheRecipeMaker.java,5,zmaster587.libVulpes.recipe.RecipesMachine,import
src/main/java/zmaster587/advancedRocketry/integration/jei/lathe/LatheWrapper.java,4,zmaster587.libVulpes.interfaces.IRecipe,import
src/main/java/zmaster587/advancedRocketry/integration/jei/platePresser/PlatePressCategory.java,7,zmaster587.libVulpes.LibVulpes,import
src/main/java/zmaster587/advancedRocketry/integration/jei/platePresser/PlatePressRecipeMaker.java,4,zmaster587.libVulpes.interfaces.IRecipe,import
src/main/java/zmaster587/advancedRocketry/integration/jei/platePresser/PlatePressRecipeMaker.java,5,zmaster587.libVulpes.recipe.RecipesMachine,import
src/main/java/zmaster587/advancedRocketry/integration/jei/platePresser/PlatePressWrapper.java,4,zmaster587.libVulpes.interfaces.IRecipe,import
src/main/java/zmaster587/advancedRocketry/integration/jei/precisionAssembler/PrecisionAssemblerCategory.java,8,zmaster587.libVulpes.LibVulpes,import
src/main/java/zmaster587/advancedRocketry/integration/jei/precisionAssembler/PrecisionAssemblerCategory.java,9,zmaster587.libVulpes.client.util.ProgressBarImage,import
src/main/java/zmaster587/advancedRocketry/integration/jei/precisionAssembler/PrecisionAssemblerRecipeMaker.java,4,zmaster587.libVulpes.interfaces.IRecipe,import
src/main/java/zmaster587/advancedRocketry/integration/jei/precisionAssembler/PrecisionAssemblerRecipeMaker.java,5,zmaster587.libVulpes.recipe.RecipesMachine,import
src/main/java/zmaster587/advancedRocketry/integration/jei/precisionAssembler/PrecisionAssemblerWrapper.java,4,zmaster587.libVulpes.interfaces.IRecipe,import
src/main/java/zmaster587/advancedRocketry/integration/jei/precisionLaserEtcher/PrecisionLaserEtcherCategory.java,7,zmaster587.libVulpes.LibVulpes,import
src/main/java/zmaster587/advancedRocketry/integration/jei/precisionLaserEtcher/PrecisionLaserEtcherRecipeMaker.java,4,zmaster587.libVulpes.interfaces.IRecipe,import
src/main/java/zmaster587/advancedRocketry/integration/jei/precisionLaserEtcher/PrecisionLaserEtcherRecipeMaker.java,5,zmaster587.libVulpes.recipe.RecipesMachine,import
src/main/java/zmaster587/advancedRocketry/integration/jei/precisionLaserEtcher/PrecisionLaserEtcherWrapper.java,4,zmaster587.libVulpes.interfaces.IRecipe,import
src/main/java/zmaster587/advancedRocketry/integration/jei/rollingMachine/RollingMachineCategory.java,7,zmaster587.libVulpes.LibVulpes,import
src/main/java/zmaster587/advancedRocketry/integration/jei/rollingMachine/RollingMachineRecipeMaker.java,4,zmaster587.libVulpes.interfaces.IRecipe,import
src/main/java/zmaster587/advancedRocketry/integration/jei/rollingMachine/RollingMachineRecipeMaker.java,5,zmaster587.libVulpes.recipe.RecipesMachine,import
src/main/java/zmaster587/advancedRocketry/integration/jei/rollingMachine/RollingMachineWrapper.java,4,zmaster587.libVulpes.interfaces.IRecipe,import
src/main/java/zmaster587/advancedRocketry/integration/jei/sawmill/SawMillCategory.java,7,zmaster587.libVulpes.LibVulpes,import
src/main/java/zmaster587/advancedRocketry/integration/jei/sawmill/SawMillRecipeMaker.java,4,zmaster587.libVulpes.interfaces.IRecipe,import
src/main/java/zmaster587/advancedRocketry/integration/jei/sawmill/SawMillRecipeMaker.java,5,zmaster587.libVulpes.recipe.RecipesMachine,import
src/main/java/zmaster587/advancedRocketry/integration/jei/sawmill/SawMillWrapper.java,4,zmaster587.libVulpes.interfaces.IRecipe,import
src/main/java/zmaster587/advancedRocketry/inventory/ContainerOrbitalLaserDrill.java,11,zmaster587.libVulpes.gui.SlotSingleItem,import
src/main/java/zmaster587/advancedRocketry/inventory/GuiHandler.java,11,zmaster587.libVulpes.inventory.modules.IModularInventory,import
src/main/java/zmaster587/advancedRocketry/inventory/GuiOrbitalLaserDrill.java,10,zmaster587.libVulpes.gui.GuiImageButton,import
src/main/java/zmaster587/advancedRocketry/inventory/GuiOrbitalLaserDrill.java,11,zmaster587.libVulpes.network.PacketHandler,import
src/main/java/zmaster587/advancedRocketry/inventory/GuiOrbitalLaserDrill.java,12,zmaster587.libVulpes.network.PacketMachine,import
src/main/java/zmaster587/advancedRocketry/inventory/GuiOrbitalLaserDrill.java,57,zmaster587.libVulpes.inventory.TextureResources.buttonLeft,reference
src/main/java/zmaster587/advancedRocketry/inventory/GuiOrbitalLaserDrill.java,58,zmaster587.libVulpes.inventory.TextureResources.buttonRight,reference
src/main/java/zmaster587/advancedRocketry/inventory/GuiOreMappingSatellite.java,17,zmaster587.libVulpes.LibVulpes,import
src/main/java/zmaster587/advancedRocketry/inventory/GuiOreMappingSatellite.java,18,zmaster587.libVulpes.render.RenderHelper,import
src/main/java/zmaster587/advancedRocketry/inventory/GuiOreMappingSatellite.java,19,zmaster587.libVulpes.util.VulpineMath,import
src/main/java/zmaster587/advancedRocketry/inventory/GuiPlanetButton.java,9,zmaster587.libVulpes.gui.GuiImageButton,import
src/main/java/zmaster587/advancedRocketry/inventory/GuiProgressBarContainer.java,10,zmaster587.libVulpes.render.RenderHelper,import
src/main/java/zmaster587/advancedRocketry/inventory/TextureResources.java,10,zmaster587.libVulpes.util.IconResource,import
src/main/java/zmaster587/advancedRocketry/inventory/TextureResources.java,8,zmaster587.libVulpes.client.util.IndicatorBarImage,import
src/main/java/zmaster587/advancedRocketry/inventory/TextureResources.java,9,zmaster587.libVulpes.client.util.ProgressBarImage,import
src/main/java/zmaster587/advancedRocketry/inventory/modules/ModuleAutoData.java,13,zmaster587.libVulpes.inventory.modules.ModuleBase,import
src/main/java/zmaster587/advancedRocketry/inventory/modules/ModuleAutoData.java,14,zmaster587.libVulpes.util.IconResource,import
src/main/java/zmaster587/advancedRocketry/inventory/modules/ModuleButtonPlanet.java,8,zmaster587.libVulpes.inventory.modules.IButtonInventory,import
src/main/java/zmaster587/advancedRocketry/inventory/modules/ModuleButtonPlanet.java,9,zmaster587.libVulpes.inventory.modules.ModuleButton,import
src/main/java/zmaster587/advancedRocketry/inventory/modules/ModuleData.java,14,zmaster587.libVulpes.inventory.TextureResources,import
src/main/java/zmaster587/advancedRocketry/inventory/modules/ModuleData.java,15,zmaster587.libVulpes.inventory.modules.IButtonInventory,import
src/main/java/zmaster587/advancedRocketry/inventory/modules/ModuleData.java,16,zmaster587.libVulpes.inventory.modules.ModuleBase,import
src/main/java/zmaster587/advancedRocketry/inventory/modules/ModuleData.java,17,zmaster587.libVulpes.inventory.modules.ModuleButton,import
src/main/java/zmaster587/advancedRocketry/inventory/modules/ModuleData.java,18,zmaster587.libVulpes.util.IconResource,import
src/main/java/zmaster587/advancedRocketry/inventory/modules/ModuleOreMapper.java,18,zmaster587.libVulpes.inventory.modules.ModuleBase,import
src/main/java/zmaster587/advancedRocketry/inventory/modules/ModuleOreMapper.java,19,zmaster587.libVulpes.render.RenderHelper,import
src/main/java/zmaster587/advancedRocketry/inventory/modules/ModulePlanetImage.java,11,zmaster587.libVulpes.inventory.modules.ModuleBase,import
src/main/java/zmaster587/advancedRocketry/inventory/modules/ModulePlanetSelector.java,105,zmaster587.libVulpes.inventory.TextureResources.buttonScan,reference
src/main/java/zmaster587/advancedRocketry/inventory/modules/ModulePlanetSelector.java,28,zmaster587.libVulpes.inventory.GuiModular,import
src/main/java/zmaster587/advancedRocketry/inventory/modules/ModulePlanetSelector.java,29,zmaster587.libVulpes.inventory.modules,import
src/main/java/zmaster587/advancedRocketry/inventory/modules/ModulePlanetSelector.java,30,zmaster587.libVulpes.render.RenderHelper,import
src/main/java/zmaster587/advancedRocketry/inventory/modules/ModulePlanetSelector.java,88,zmaster587.libVulpes.inventory.TextureResources.buttonBuild,reference
src/main/java/zmaster587/advancedRocketry/inventory/modules/ModulePlanetSelector.java,89,zmaster587.libVulpes.inventory.TextureResources.buttonBuild,reference
src/main/java/zmaster587/advancedRocketry/inventory/modules/ModulePlanetSelector.java,90,zmaster587.libVulpes.inventory.TextureResources.buttonBuild,reference
src/main/java/zmaster587/advancedRocketry/inventory/modules/ModuleSatellite.java,11,zmaster587.libVulpes.inventory.modules.ModuleSlotArray,import
src/main/java/zmaster587/advancedRocketry/inventory/modules/ModuleSatellite.java,12,zmaster587.libVulpes.util.IconResource,import
src/main/java/zmaster587/advancedRocketry/inventory/modules/ModuleStellarBackground.java,7,zmaster587.libVulpes.inventory.modules.ModuleBase,import
src/main/java/zmaster587/advancedRocketry/item/ItemAsteroidChip.java,8,zmaster587.libVulpes.LibVulpes,import
src/main/java/zmaster587/advancedRocketry/item/ItemAtmosphereAnalzer.java,32,zmaster587.libVulpes.LibVulpes,import
src/main/java/zmaster587/advancedRocketry/item/ItemAtmosphereAnalzer.java,33,zmaster587.libVulpes.api.IArmorComponent,import
src/main/java/zmaster587/advancedRocketry/item/ItemAtmosphereAnalzer.java,34,zmaster587.libVulpes.client.ResourceIcon,import
src/main/java/zmaster587/advancedRocketry/item/ItemAtmosphereAnalzer.java,35,zmaster587.libVulpes.render.RenderHelper,import
src/main/java/zmaster587/advancedRocketry/item/ItemBeaconFinder.java,23,zmaster587.libVulpes.api.IArmorComponent,import
src/main/java/zmaster587/advancedRocketry/item/ItemBeaconFinder.java,24,zmaster587.libVulpes.client.ResourceIcon,import
src/main/java/zmaster587/advancedRocketry/item/ItemBeaconFinder.java,25,zmaster587.libVulpes.inventory.TextureResources,import
src/main/java/zmaster587/advancedRocketry/item/ItemBeaconFinder.java,26,zmaster587.libVulpes.render.RenderHelper,import
src/main/java/zmaster587/advancedRocketry/item/ItemBeaconFinder.java,27,zmaster587.libVulpes.util.HashedBlockPosition,import
src/main/java/zmaster587/advancedRocketry/item/ItemBiomeChanger.java,23,zmaster587.libVulpes.LibVulpes,import
src/main/java/zmaster587/advancedRocketry/item/ItemBiomeChanger.java,24,zmaster587.libVulpes.inventory.GuiHandler,import
src/main/java/zmaster587/advancedRocketry/item/ItemBiomeChanger.java,25,zmaster587.libVulpes.inventory.TextureResources,import
src/main/java/zmaster587/advancedRocketry/item/ItemBiomeChanger.java,26,zmaster587.libVulpes.inventory.modules,import
src/main/java/zmaster587/advancedRocketry/item/ItemBiomeChanger.java,27,zmaster587.libVulpes.network.INetworkItem,import
src/main/java/zmaster587/advancedRocketry/item/ItemBiomeChanger.java,28,zmaster587.libVulpes.network.PacketHandler,import
src/main/java/zmaster587/advancedRocketry/item/ItemBiomeChanger.java,29,zmaster587.libVulpes.network.PacketItemModifcation,import
src/main/java/zmaster587/advancedRocketry/item/ItemBlockCrystal.java,5,zmaster587.libVulpes.block.INamedMetaBlock,import
src/main/java/zmaster587/advancedRocketry/item/ItemBlockCrystal.java,6,zmaster587.libVulpes.items.ItemBlockMeta,import
src/main/java/zmaster587/advancedRocketry/item/ItemData.java,11,zmaster587.libVulpes.items.ItemIngredient,import
src/main/java/zmaster587/advancedRocketry/item/ItemHovercraft.java,20,zmaster587.libVulpes.LibVulpes,import
src/main/java/zmaster587/advancedRocketry/item/ItemOreScanner.java,19,zmaster587.libVulpes.LibVulpes,import
src/main/java/zmaster587/advancedRocketry/item/ItemOreScanner.java,20,zmaster587.libVulpes.inventory.modules.IModularInventory,import
src/main/java/zmaster587/advancedRocketry/item/ItemOreScanner.java,21,zmaster587.libVulpes.inventory.modules.ModuleBase,import
src/main/java/zmaster587/advancedRocketry/item/ItemPlanetIdentificationChip.java,11,zmaster587.libVulpes.LibVulpes,import
src/main/java/zmaster587/advancedRocketry/item/ItemSatellite.java,12,zmaster587.libVulpes.LibVulpes,import
src/main/java/zmaster587/advancedRocketry/item/ItemSatellite.java,13,zmaster587.libVulpes.util.EmbeddedInventory,import
src/main/java/zmaster587/advancedRocketry/item/ItemSatellite.java,14,zmaster587.libVulpes.util.ZUtils,import
src/main/java/zmaster587/advancedRocketry/item/ItemSatelliteIdentificationChip.java,13,zmaster587.libVulpes.LibVulpes,import
src/main/java/zmaster587/advancedRocketry/item/ItemSpaceElevatorChip.java,10,zmaster587.libVulpes.LibVulpes,import
src/main/java/zmaster587/advancedRocketry/item/ItemStationChip.java,26,zmaster587.libVulpes.LibVulpes,import
src/main/java/zmaster587/advancedRocketry/item/ItemStationChip.java,27,zmaster587.libVulpes.inventory.GuiHandler,import
src/main/java/zmaster587/advancedRocketry/item/ItemStationChip.java,28,zmaster587.libVulpes.inventory.modules,import
src/main/java/zmaster587/advancedRocketry/item/ItemStationChip.java,29,zmaster587.libVulpes.network.INetworkItem,import
src/main/java/zmaster587/advancedRocketry/item/ItemStationChip.java,30,zmaster587.libVulpes.network.PacketHandler,import
src/main/java/zmaster587/advancedRocketry/item/ItemStationChip.java,31,zmaster587.libVulpes.network.PacketItemModifcation,import
src/main/java/zmaster587/advancedRocketry/item/ItemStationChip.java,32,zmaster587.libVulpes.util.Vector3F,import
src/main/java/zmaster587/advancedRocketry/item/ItemStationChip.java,79,zmaster587.libVulpes.inventory.TextureResources.starryBG,reference
src/main/java/zmaster587/advancedRocketry/item/components/ItemJetpack.java,27,zmaster587.libVulpes.api.IArmorComponent,import
src/main/java/zmaster587/advancedRocketry/item/components/ItemJetpack.java,28,zmaster587.libVulpes.api.IJetPack,import
src/main/java/zmaster587/advancedRocketry/item/components/ItemJetpack.java,29,zmaster587.libVulpes.api.IModularArmor,import
src/main/java/zmaster587/advancedRocketry/item/components/ItemJetpack.java,30,zmaster587.libVulpes.client.ResourceIcon,import
src/main/java/zmaster587/advancedRocketry/item/components/ItemJetpack.java,31,zmaster587.libVulpes.util.FluidUtils,import
src/main/java/zmaster587/advancedRocketry/item/components/ItemJetpack.java,32,zmaster587.libVulpes.util.InputSyncHandler,import
src/main/java/zmaster587/advancedRocketry/item/components/ItemPressureTank.java,19,zmaster587.libVulpes.LibVulpes,import
src/main/java/zmaster587/advancedRocketry/item/components/ItemPressureTank.java,20,zmaster587.libVulpes.api.IArmorComponent,import
src/main/java/zmaster587/advancedRocketry/item/components/ItemPressureTank.java,21,zmaster587.libVulpes.client.ResourceIcon,import
src/main/java/zmaster587/advancedRocketry/item/components/ItemPressureTank.java,22,zmaster587.libVulpes.items.ItemIngredient,import
src/main/java/zmaster587/advancedRocketry/item/components/ItemPressureTank.java,23,zmaster587.libVulpes.util.FluidUtils,import
src/main/java/zmaster587/advancedRocketry/item/components/ItemUpgrade.java,17,zmaster587.libVulpes.api.IArmorComponent,import
src/main/java/zmaster587/advancedRocketry/item/components/ItemUpgrade.java,18,zmaster587.libVulpes.client.ResourceIcon,import
src/main/java/zmaster587/advancedRocketry/item/components/ItemUpgrade.java,19,zmaster587.libVulpes.items.ItemIngredient,import
src/main/java/zmaster587/advancedRocketry/item/tools/ItemBasicLaserGun.java,23,zmaster587.libVulpes.LibVulpes,import
src/main/java/zmaster587/advancedRocketry/mission/MissionGasCollection.java,19,zmaster587.libVulpes.LibVulpes,import
src/main/java/zmaster587/advancedRocketry/mission/MissionGasCollection.java,20,zmaster587.libVulpes.util.HashedBlockPosition,import
src/main/java/zmaster587/advancedRocketry/mission/MissionOreMining.java,22,zmaster587.libVulpes.util.HashedBlockPosition,import
src/main/java/zmaster587/advancedRocketry/mission/MissionResourceCollection.java,18,zmaster587.libVulpes.LibVulpes,import
src/main/java/zmaster587/advancedRocketry/mission/MissionResourceCollection.java,19,zmaster587.libVulpes.util.HashedBlockPosition,import
src/main/java/zmaster587/advancedRocketry/network/PacketAirParticle.java,11,zmaster587.libVulpes.network.BasePacket,import
src/main/java/zmaster587/advancedRocketry/network/PacketAirParticle.java,12,zmaster587.libVulpes.util.HashedBlockPosition,import
src/main/java/zmaster587/advancedRocketry/network/PacketAsteroidInfo.java,10,zmaster587.libVulpes.network.BasePacket,import
src/main/java/zmaster587/advancedRocketry/network/PacketAtmSync.java,10,zmaster587.libVulpes.network.BasePacket,import
src/main/java/zmaster587/advancedRocketry/network/PacketBiomeIDChange.java,11,zmaster587.libVulpes.network.BasePacket,import
src/main/java/zmaster587/advancedRocketry/network/PacketBiomeIDChange.java,12,zmaster587.libVulpes.util.HashedBlockPosition,import
src/main/java/zmaster587/advancedRocketry/network/PacketConfigSync.java,8,zmaster587.libVulpes.network.BasePacket,import
src/main/java/zmaster587/advancedRocketry/network/PacketDimInfo.java,12,zmaster587.libVulpes.network.BasePacket,import
src/main/java/zmaster587/advancedRocketry/network/PacketFluidParticle.java,11,zmaster587.libVulpes.network.BasePacket,import
src/main/java/zmaster587/advancedRocketry/network/PacketInvalidLocationNotify.java,10,zmaster587.libVulpes.network.BasePacket,import
src/main/java/zmaster587/advancedRocketry/network/PacketInvalidLocationNotify.java,11,zmaster587.libVulpes.util.HashedBlockPosition,import
src/main/java/zmaster587/advancedRocketry/network/PacketInvalidLocationNotify.java,9,zmaster587.libVulpes.entity.fx.FxErrorBlock,import
src/main/java/zmaster587/advancedRocketry/network/PacketLaserGun.java,9,zmaster587.libVulpes.network.BasePacket,import
src/main/java/zmaster587/advancedRocketry/network/PacketMoveRocketInSpace.java,7,zmaster587.libVulpes.network.BasePacket,import
src/main/java/zmaster587/advancedRocketry/network/PacketOxygenState.java,10,zmaster587.libVulpes.network.BasePacket,import
src/main/java/zmaster587/advancedRocketry/network/PacketSatellite.java,12,zmaster587.libVulpes.network.BasePacket,import
src/main/java/zmaster587/advancedRocketry/network/PacketSpaceStationInfo.java,14,zmaster587.libVulpes.network.BasePacket,import
src/main/java/zmaster587/advancedRocketry/network/PacketStationUpdate.java,15,zmaster587.libVulpes.network.BasePacket,import
src/main/java/zmaster587/advancedRocketry/network/PacketStellarInfo.java,10,zmaster587.libVulpes.network.BasePacket,import
src/main/java/zmaster587/advancedRocketry/network/PacketStorageTileUpdate.java,19,zmaster587.libVulpes.interfaces.INetworkEntity,import
src/main/java/zmaster587/advancedRocketry/network/PacketStorageTileUpdate.java,20,zmaster587.libVulpes.network.BasePacket,import
src/main/java/zmaster587/advancedRocketry/recipe/RecipeCentrifuge.java,4,zmaster587.libVulpes.recipe.RecipeMachineFactory,import
src/main/java/zmaster587/advancedRocketry/recipe/RecipeChemicalReactor.java,4,zmaster587.libVulpes.recipe.RecipeMachineFactory,import
src/main/java/zmaster587/advancedRocketry/recipe/RecipeCrystallizer.java,4,zmaster587.libVulpes.recipe.RecipeMachineFactory,import
src/main/java/zmaster587/advancedRocketry/recipe/RecipeCuttingMachine.java,4,zmaster587.libVulpes.recipe.RecipeMachineFactory,import
src/main/java/zmaster587/advancedRocketry/recipe/RecipeElectricArcFurnace.java,4,zmaster587.libVulpes.recipe.RecipeMachineFactory,import
src/main/java/zmaster587/advancedRocketry/recipe/RecipeElectrolyser.java,4,zmaster587.libVulpes.recipe.RecipeMachineFactory,import
src/main/java/zmaster587/advancedRocketry/recipe/RecipeLathe.java,4,zmaster587.libVulpes.recipe.RecipeMachineFactory,import
src/main/java/zmaster587/advancedRocketry/recipe/RecipePrecisionAssembler.java,4,zmaster587.libVulpes.recipe.RecipeMachineFactory,import
src/main/java/zmaster587/advancedRocketry/recipe/RecipePrecisionLaserEtcher.java,4,zmaster587.libVulpes.recipe.RecipeMachineFactory,import
src/main/java/zmaster587/advancedRocketry/recipe/RecipeRollingMachine.java,4,zmaster587.libVulpes.recipe.RecipeMachineFactory,import
src/main/java/zmaster587/advancedRocketry/satellite/SatelliteBiomeChanger.java,16,zmaster587.libVulpes.api.IUniversalEnergy,import
src/main/java/zmaster587/advancedRocketry/satellite/SatelliteBiomeChanger.java,17,zmaster587.libVulpes.util.HashedBlockPosition,import
src/main/java/zmaster587/advancedRocketry/satellite/SatelliteData.java,19,zmaster587.libVulpes.util.ZUtils,import
src/main/java/zmaster587/advancedRocketry/satellite/SatelliteMicrowaveEnergy.java,11,zmaster587.libVulpes.LibVulpes,import
src/main/java/zmaster587/advancedRocketry/satellite/SatelliteMicrowaveEnergy.java,12,zmaster587.libVulpes.api.IUniversalEnergyTransmitter,import
src/main/java/zmaster587/advancedRocketry/stations/SpaceObjectBase.java,16,zmaster587.libVulpes.network.PacketHandler,import
src/main/java/zmaster587/advancedRocketry/stations/SpaceObjectBase.java,17,zmaster587.libVulpes.util.HashedBlockPosition,import
src/main/java/zmaster587/advancedRocketry/stations/SpaceObjectManager.java,22,zmaster587.libVulpes.network.PacketHandler,import
src/main/java/zmaster587/advancedRocketry/stations/SpaceObjectManager.java,23,zmaster587.libVulpes.util.HashedBlockPosition,import
src/main/java/zmaster587/advancedRocketry/stations/SpaceStationObject.java,30,zmaster587.libVulpes.block.BlockFullyRotatable,import
src/main/java/zmaster587/advancedRocketry/stations/SpaceStationObject.java,31,zmaster587.libVulpes.network.PacketHandler,import
src/main/java/zmaster587/advancedRocketry/stations/SpaceStationObject.java,32,zmaster587.libVulpes.util.HashedBlockPosition,import
src/main/java/zmaster587/advancedRocketry/tile/TileFluidTank.java,13,zmaster587.libVulpes.tile.multiblock.hatch.TileFluidHatch,import
src/main/java/zmaster587/advancedRocketry/tile/TileForceFieldProjector.java,11,zmaster587.libVulpes.block.BlockFullyRotatable,import
src/main/java/zmaster587/advancedRocketry/tile/TileGuidanceComputer.java,26,zmaster587.libVulpes.api.LibVulpesItems,import
src/main/java/zmaster587/advancedRocketry/tile/TileGuidanceComputer.java,27,zmaster587.libVulpes.inventory.modules.IModularInventory,import
src/main/java/zmaster587/advancedRocketry/tile/TileGuidanceComputer.java,28,zmaster587.libVulpes.inventory.modules.ModuleBase,import
src/main/java/zmaster587/advancedRocketry/tile/TileGuidanceComputer.java,29,zmaster587.libVulpes.items.ItemLinker,import
src/main/java/zmaster587/advancedRocketry/tile/TileGuidanceComputer.java,30,zmaster587.libVulpes.tile.multiblock.hatch.TileInventoryHatch,import
src/main/java/zmaster587/advancedRocketry/tile/TileGuidanceComputer.java,31,zmaster587.libVulpes.util.HashedBlockPosition,import
src/main/java/zmaster587/advancedRocketry/tile/TileGuidanceComputer.java,32,zmaster587.libVulpes.util.Vector3F,import
src/main/java/zmaster587/advancedRocketry/tile/TilePump.java,19,zmaster587.libVulpes.cap.FluidCapability,import
src/main/java/zmaster587/advancedRocketry/tile/TilePump.java,20,zmaster587.libVulpes.inventory.modules.IModularInventory,import
src/main/java/zmaster587/advancedRocketry/tile/TilePump.java,21,zmaster587.libVulpes.inventory.modules.ModuleBase,import
src/main/java/zmaster587/advancedRocketry/tile/TilePump.java,22,zmaster587.libVulpes.network.PacketHandler,import
src/main/java/zmaster587/advancedRocketry/tile/TilePump.java,23,zmaster587.libVulpes.tile.TileEntityRFConsumer,import
src/main/java/zmaster587/advancedRocketry/tile/TileRocketAssemblingMachine.java,32,zmaster587.libVulpes.LibVulpes,import
src/main/java/zmaster587/advancedRocketry/tile/TileRocketAssemblingMachine.java,33,zmaster587.libVulpes.block.RotatableBlock,import
src/main/java/zmaster587/advancedRocketry/tile/TileRocketAssemblingMachine.java,34,zmaster587.libVulpes.client.util.ProgressBarImage,import
src/main/java/zmaster587/advancedRocketry/tile/TileRocketAssemblingMachine.java,35,zmaster587.libVulpes.interfaces.ILinkableTile,import
src/main/java/zmaster587/advancedRocketry/tile/TileRocketAssemblingMachine.java,36,zmaster587.libVulpes.inventory.modules,import
src/main/java/zmaster587/advancedRocketry/tile/TileRocketAssemblingMachine.java,37,zmaster587.libVulpes.items.ItemLinker,import
src/main/java/zmaster587/advancedRocketry/tile/TileRocketAssemblingMachine.java,38,zmaster587.libVulpes.network.PacketEntity,import
src/main/java/zmaster587/advancedRocketry/tile/TileRocketAssemblingMachine.java,39,zmaster587.libVulpes.network.PacketHandler,import
src/main/java/zmaster587/advancedRocketry/tile/TileRocketAssemblingMachine.java,40,zmaster587.libVulpes.network.PacketMachine,import
src/main/java/zmaster587/advancedRocketry/tile/TileRocketAssemblingMachine.java,41,zmaster587.libVulpes.tile.IMultiblock,import
src/main/java/zmaster587/advancedRocketry/tile/TileRocketAssemblingMachine.java,42,zmaster587.libVulpes.tile.TileEntityRFConsumer,import
src/main/java/zmaster587/advancedRocketry/tile/TileRocketAssemblingMachine.java,43,zmaster587.libVulpes.util.HashedBlockPosition,import
src/main/java/zmaster587/advancedRocketry/tile/TileRocketAssemblingMachine.java,44,zmaster587.libVulpes.util.INetworkMachine,import
src/main/java/zmaster587/advancedRocketry/tile/TileRocketAssemblingMachine.java,45,zmaster587.libVulpes.util.IconResource,import
src/main/java/zmaster587/advancedRocketry/tile/TileRocketAssemblingMachine.java,46,zmaster587.libVulpes.util.ZUtils,import
src/main/java/zmaster587/advancedRocketry/tile/TileRocketAssemblingMachine.java,785,zmaster587.libVulpes.inventory.TextureResources.buttonScan,reference
src/main/java/zmaster587/advancedRocketry/tile/TileRocketAssemblingMachine.java,788,zmaster587.libVulpes.inventory.TextureResources.buttonBuild,reference
src/main/java/zmaster587/advancedRocketry/tile/TileSolarPanel.java,10,zmaster587.libVulpes.inventory.modules.ModuleBase,import
src/main/java/zmaster587/advancedRocketry/tile/TileSolarPanel.java,11,zmaster587.libVulpes.inventory.modules.ModuleText,import
src/main/java/zmaster587/advancedRocketry/tile/TileSolarPanel.java,12,zmaster587.libVulpes.tile.TileInventoriedForgePowerMachine,import
src/main/java/zmaster587/advancedRocketry/tile/TileSolarPanel.java,9,zmaster587.libVulpes.LibVulpes,import
src/main/java/zmaster587/advancedRocketry/tile/TileStationAssembler.java,172,zmaster587.libVulpes.inventory.TextureResources.buttonScan,reference
src/main/java/zmaster587/advancedRocketry/tile/TileStationAssembler.java,175,zmaster587.libVulpes.inventory.TextureResources.buttonBuild,reference
src/main/java/zmaster587/advancedRocketry/tile/TileStationAssembler.java,20,zmaster587.libVulpes.LibVulpes,import
src/main/java/zmaster587/advancedRocketry/tile/TileStationAssembler.java,21,zmaster587.libVulpes.inventory.modules,import
src/main/java/zmaster587/advancedRocketry/tile/TileStationAssembler.java,22,zmaster587.libVulpes.util.EmbeddedInventory,import
src/main/java/zmaster587/advancedRocketry/tile/TileSuitWorkStation.java,10,zmaster587.libVulpes.api.IArmorComponent,import
src/main/java/zmaster587/advancedRocketry/tile/TileSuitWorkStation.java,11,zmaster587.libVulpes.api.IModularArmor,import
src/main/java/zmaster587/advancedRocketry/tile/TileSuitWorkStation.java,12,zmaster587.libVulpes.inventory.modules,import
src/main/java/zmaster587/advancedRocketry/tile/TileSuitWorkStation.java,13,zmaster587.libVulpes.util.EmbeddedInventory,import
src/main/java/zmaster587/advancedRocketry/tile/TileUnmannedVehicleAssembler.java,20,zmaster587.libVulpes.block.BlockFullyRotatable,import
src/main/java/zmaster587/advancedRocketry/tile/TileUnmannedVehicleAssembler.java,21,zmaster587.libVulpes.block.RotatableBlock,import
src/main/java/zmaster587/advancedRocketry/tile/TileUnmannedVehicleAssembler.java,22,zmaster587.libVulpes.network.PacketEntity,import
src/main/java/zmaster587/advancedRocketry/tile/TileUnmannedVehicleAssembler.java,23,zmaster587.libVulpes.network.PacketHandler,import
src/main/java/zmaster587/advancedRocketry/tile/TileUnmannedVehicleAssembler.java,24,zmaster587.libVulpes.util.ZUtils,import
src/main/java/zmaster587/advancedRocketry/tile/atmosphere/TileAtmosphereDetector.java,20,zmaster587.libVulpes.LibVulpes,import
src/main/java/zmaster587/advancedRocketry/tile/atmosphere/TileAtmosphereDetector.java,21,zmaster587.libVulpes.inventory.modules,import
src/main/java/zmaster587/advancedRocketry/tile/atmosphere/TileAtmosphereDetector.java,22,zmaster587.libVulpes.network.PacketHandler,import
src/main/java/zmaster587/advancedRocketry/tile/atmosphere/TileAtmosphereDetector.java,23,zmaster587.libVulpes.network.PacketMachine,import
src/main/java/zmaster587/advancedRocketry/tile/atmosphere/TileAtmosphereDetector.java,24,zmaster587.libVulpes.util.INetworkMachine,import
src/main/java/zmaster587/advancedRocketry/tile/atmosphere/TileAtmosphereDetector.java,80,zmaster587.libVulpes.inventory.TextureResources.buttonBuild,reference
src/main/java/zmaster587/advancedRocketry/tile/atmosphere/TileAtmosphereDetector.java,84,zmaster587.libVulpes.inventory.TextureResources.starryBG,reference
src/main/java/zmaster587/advancedRocketry/tile/atmosphere/TileCO2Scrubber.java,6,zmaster587.libVulpes.tile.IComparatorOverride,import
src/main/java/zmaster587/advancedRocketry/tile/atmosphere/TileCO2Scrubber.java,7,zmaster587.libVulpes.tile.multiblock.hatch.TileInventoryHatch,import
src/main/java/zmaster587/advancedRocketry/tile/atmosphere/TileGasChargePad.java,16,zmaster587.libVulpes.api.IModularArmor,import
src/main/java/zmaster587/advancedRocketry/tile/atmosphere/TileGasChargePad.java,17,zmaster587.libVulpes.gui.CommonResources,import
src/main/java/zmaster587/advancedRocketry/tile/atmosphere/TileGasChargePad.java,18,zmaster587.libVulpes.inventory.modules,import
src/main/java/zmaster587/advancedRocketry/tile/atmosphere/TileGasChargePad.java,19,zmaster587.libVulpes.tile.TileInventoriedRFConsumerTank,import
src/main/java/zmaster587/advancedRocketry/tile/atmosphere/TileGasChargePad.java,20,zmaster587.libVulpes.util.FluidUtils,import
src/main/java/zmaster587/advancedRocketry/tile/atmosphere/TileGasChargePad.java,21,zmaster587.libVulpes.util.IconResource,import
src/main/java/zmaster587/advancedRocketry/tile/atmosphere/TileOxygenVent.java,29,zmaster587.libVulpes.LibVulpes,import
src/main/java/zmaster587/advancedRocketry/tile/atmosphere/TileOxygenVent.java,30,zmaster587.libVulpes.api.IToggleableMachine,import
src/main/java/zmaster587/advancedRocketry/tile/atmosphere/TileOxygenVent.java,31,zmaster587.libVulpes.block.BlockTile,import
src/main/java/zmaster587/advancedRocketry/tile/atmosphere/TileOxygenVent.java,32,zmaster587.libVulpes.client.RepeatingSound,import
src/main/java/zmaster587/advancedRocketry/tile/atmosphere/TileOxygenVent.java,33,zmaster587.libVulpes.inventory.modules,import
src/main/java/zmaster587/advancedRocketry/tile/atmosphere/TileOxygenVent.java,34,zmaster587.libVulpes.network.PacketHandler,import
src/main/java/zmaster587/advancedRocketry/tile/atmosphere/TileOxygenVent.java,35,zmaster587.libVulpes.network.PacketMachine,import
src/main/java/zmaster587/advancedRocketry/tile/atmosphere/TileOxygenVent.java,36,zmaster587.libVulpes.tile.TileInventoriedRFConsumerTank,import
src/main/java/zmaster587/advancedRocketry/tile/atmosphere/TileOxygenVent.java,37,zmaster587.libVulpes.util.FluidUtils,import
src/main/java/zmaster587/advancedRocketry/tile/atmosphere/TileOxygenVent.java,38,zmaster587.libVulpes.util.HashedBlockPosition,import
src/main/java/zmaster587/advancedRocketry/tile/atmosphere/TileOxygenVent.java,39,zmaster587.libVulpes.util.IAdjBlockUpdate,import
src/main/java/zmaster587/advancedRocketry/tile/atmosphere/TileOxygenVent.java,40,zmaster587.libVulpes.util.INetworkMachine,import
src/main/java/zmaster587/advancedRocketry/tile/atmosphere/TileOxygenVent.java,41,zmaster587.libVulpes.util.ZUtils.RedstoneState,import
src/main/java/zmaster587/advancedRocketry/tile/cables/TileEnergyPipe.java,10,zmaster587.libVulpes.api.IUniversalEnergy,import
src/main/java/zmaster587/advancedRocketry/tile/cables/TileEnergyPipe.java,11,zmaster587.libVulpes.cap.ForgePowerCapability,import
src/main/java/zmaster587/advancedRocketry/tile/cables/TileEnergyPipe.java,12,zmaster587.libVulpes.cap.TeslaHandler,import
src/main/java/zmaster587/advancedRocketry/tile/cables/TileWirelessTransciever.java,23,zmaster587.libVulpes.LibVulpes,import
src/main/java/zmaster587/advancedRocketry/tile/cables/TileWirelessTransciever.java,24,zmaster587.libVulpes.block.RotatableBlock,import
src/main/java/zmaster587/advancedRocketry/tile/cables/TileWirelessTransciever.java,25,zmaster587.libVulpes.interfaces.ILinkableTile,import
src/main/java/zmaster587/advancedRocketry/tile/cables/TileWirelessTransciever.java,26,zmaster587.libVulpes.inventory.modules.IModularInventory,import
src/main/java/zmaster587/advancedRocketry/tile/cables/TileWirelessTransciever.java,27,zmaster587.libVulpes.inventory.modules.IToggleButton,import
src/main/java/zmaster587/advancedRocketry/tile/cables/TileWirelessTransciever.java,28,zmaster587.libVulpes.inventory.modules.ModuleBase,import
src/main/java/zmaster587/advancedRocketry/tile/cables/TileWirelessTransciever.java,29,zmaster587.libVulpes.inventory.modules.ModuleToggleSwitch,import
src/main/java/zmaster587/advancedRocketry/tile/cables/TileWirelessTransciever.java,30,zmaster587.libVulpes.items.ItemLinker,import
src/main/java/zmaster587/advancedRocketry/tile/cables/TileWirelessTransciever.java,31,zmaster587.libVulpes.network.PacketHandler,import
src/main/java/zmaster587/advancedRocketry/tile/cables/TileWirelessTransciever.java,32,zmaster587.libVulpes.network.PacketMachine,import
src/main/java/zmaster587/advancedRocketry/tile/cables/TileWirelessTransciever.java,33,zmaster587.libVulpes.util.INetworkMachine,import
src/main/java/zmaster587/advancedRocketry/tile/cables/TileWirelessTransciever.java,55,zmaster587.libVulpes.inventory.TextureResources.buttonToggleImage,reference
src/main/java/zmaster587/advancedRocketry/tile/hatch/TileDataBus.java,14,zmaster587.libVulpes.inventory.modules.ModuleBase,import
src/main/java/zmaster587/advancedRocketry/tile/hatch/TileDataBus.java,15,zmaster587.libVulpes.tile.multiblock.TileMultiBlock,import
src/main/java/zmaster587/advancedRocketry/tile/hatch/TileDataBus.java,16,zmaster587.libVulpes.tile.multiblock.hatch.TileInventoryHatch,import
src/main/java/zmaster587/advancedRocketry/tile/hatch/TileDataBus.java,17,zmaster587.libVulpes.util.INetworkMachine,import
src/main/java/zmaster587/advancedRocketry/tile/hatch/TileSatelliteHatch.java,9,zmaster587.libVulpes.tile.multiblock.hatch.TileInventoryHatch,import
src/main/java/zmaster587/advancedRocketry/tile/infrastructure/TileFuelingStation.java,25,zmaster587.libVulpes.LibVulpes,import
src/main/java/zmaster587/advancedRocketry/tile/infrastructure/TileFuelingStation.java,26,zmaster587.libVulpes.gui.CommonResources,import
src/main/java/zmaster587/advancedRocketry/tile/infrastructure/TileFuelingStation.java,27,zmaster587.libVulpes.interfaces.ILinkableTile,import
src/main/java/zmaster587/advancedRocketry/tile/infrastructure/TileFuelingStation.java,28,zmaster587.libVulpes.inventory.modules,import
src/main/java/zmaster587/advancedRocketry/tile/infrastructure/TileFuelingStation.java,29,zmaster587.libVulpes.items.ItemLinker,import
src/main/java/zmaster587/advancedRocketry/tile/infrastructure/TileFuelingStation.java,30,zmaster587.libVulpes.network.PacketHandler,import
src/main/java/zmaster587/advancedRocketry/tile/infrastructure/TileFuelingStation.java,31,zmaster587.libVulpes.network.PacketMachine,import
src/main/java/zmaster587/advancedRocketry/tile/infrastructure/TileFuelingStation.java,32,zmaster587.libVulpes.tile.IMultiblock,import
src/main/java/zmaster587/advancedRocketry/tile/infrastructure/TileFuelingStation.java,33,zmaster587.libVulpes.tile.TileInventoriedRFConsumerTank,import
src/main/java/zmaster587/advancedRocketry/tile/infrastructure/TileFuelingStation.java,34,zmaster587.libVulpes.util.FluidUtils,import
src/main/java/zmaster587/advancedRocketry/tile/infrastructure/TileFuelingStation.java,35,zmaster587.libVulpes.util.HashedBlockPosition,import
src/main/java/zmaster587/advancedRocketry/tile/infrastructure/TileFuelingStation.java,36,zmaster587.libVulpes.util.INetworkMachine,import
src/main/java/zmaster587/advancedRocketry/tile/infrastructure/TileFuelingStation.java,37,zmaster587.libVulpes.util.IconResource,import
src/main/java/zmaster587/advancedRocketry/tile/infrastructure/TileFuelingStation.java,38,zmaster587.libVulpes.util.ZUtils.RedstoneState,import
src/main/java/zmaster587/advancedRocketry/tile/infrastructure/TileGuidanceComputerAccessHatch.java,29,zmaster587.libVulpes.LibVulpes,import
src/main/java/zmaster587/advancedRocketry/tile/infrastructure/TileGuidanceComputerAccessHatch.java,30,zmaster587.libVulpes.inventory.modules,import
src/main/java/zmaster587/advancedRocketry/tile/infrastructure/TileGuidanceComputerAccessHatch.java,31,zmaster587.libVulpes.items.ItemLinker,import
src/main/java/zmaster587/advancedRocketry/tile/infrastructure/TileGuidanceComputerAccessHatch.java,32,zmaster587.libVulpes.network.PacketHandler,import
src/main/java/zmaster587/advancedRocketry/tile/infrastructure/TileGuidanceComputerAccessHatch.java,33,zmaster587.libVulpes.network.PacketMachine,import
src/main/java/zmaster587/advancedRocketry/tile/infrastructure/TileGuidanceComputerAccessHatch.java,34,zmaster587.libVulpes.tile.TilePointer,import
src/main/java/zmaster587/advancedRocketry/tile/infrastructure/TileGuidanceComputerAccessHatch.java,35,zmaster587.libVulpes.util.INetworkMachine,import
src/main/java/zmaster587/advancedRocketry/tile/infrastructure/TileGuidanceComputerAccessHatch.java,36,zmaster587.libVulpes.util.ZUtils,import
src/main/java/zmaster587/advancedRocketry/tile/infrastructure/TileGuidanceComputerAccessHatch.java,37,zmaster587.libVulpes.util.ZUtils.RedstoneState,import
src/main/java/zmaster587/advancedRocketry/tile/infrastructure/TileRocketFluidLoader.java,27,zmaster587.libVulpes.LibVulpes,import
src/main/java/zmaster587/advancedRocketry/tile/infrastructure/TileRocketFluidLoader.java,28,zmaster587.libVulpes.inventory.modules,import
src/main/java/zmaster587/advancedRocketry/tile/infrastructure/TileRocketFluidLoader.java,29,zmaster587.libVulpes.items.ItemLinker,import
src/main/java/zmaster587/advancedRocketry/tile/infrastructure/TileRocketFluidLoader.java,30,zmaster587.libVulpes.network.PacketHandler,import
src/main/java/zmaster587/advancedRocketry/tile/infrastructure/TileRocketFluidLoader.java,31,zmaster587.libVulpes.network.PacketMachine,import
src/main/java/zmaster587/advancedRocketry/tile/infrastructure/TileRocketFluidLoader.java,32,zmaster587.libVulpes.tile.multiblock.hatch.TileFluidHatch,import
src/main/java/zmaster587/advancedRocketry/tile/infrastructure/TileRocketFluidLoader.java,33,zmaster587.libVulpes.util.INetworkMachine,import
src/main/java/zmaster587/advancedRocketry/tile/infrastructure/TileRocketFluidLoader.java,34,zmaster587.libVulpes.util.ZUtils.RedstoneState,import
src/main/java/zmaster587/advancedRocketry/tile/infrastructure/TileRocketFluidUnloader.java,10,zmaster587.libVulpes.util.INetworkMachine,import
src/main/java/zmaster587/advancedRocketry/tile/infrastructure/TileRocketFluidUnloader.java,11,zmaster587.libVulpes.util.ZUtils.RedstoneState,import
src/main/java/zmaster587/advancedRocketry/tile/infrastructure/TileRocketFluidUnloader.java,9,zmaster587.libVulpes.inventory.modules.IButtonInventory,import
src/main/java/zmaster587/advancedRocketry/tile/infrastructure/TileRocketLoader.java,28,zmaster587.libVulpes.LibVulpes,import
src/main/java/zmaster587/advancedRocketry/tile/infrastructure/TileRocketLoader.java,29,zmaster587.libVulpes.inventory.modules,import
src/main/java/zmaster587/advancedRocketry/tile/infrastructure/TileRocketLoader.java,30,zmaster587.libVulpes.items.ItemLinker,import
src/main/java/zmaster587/advancedRocketry/tile/infrastructure/TileRocketLoader.java,31,zmaster587.libVulpes.network.PacketHandler,import
src/main/java/zmaster587/advancedRocketry/tile/infrastructure/TileRocketLoader.java,32,zmaster587.libVulpes.network.PacketMachine,import
src/main/java/zmaster587/advancedRocketry/tile/infrastructure/TileRocketLoader.java,33,zmaster587.libVulpes.tile.multiblock.hatch.TileInventoryHatch,import
src/main/java/zmaster587/advancedRocketry/tile/infrastructure/TileRocketLoader.java,34,zmaster587.libVulpes.util.INetworkMachine,import
src/main/java/zmaster587/advancedRocketry/tile/infrastructure/TileRocketLoader.java,35,zmaster587.libVulpes.util.ZUtils.RedstoneState,import
src/main/java/zmaster587/advancedRocketry/tile/infrastructure/TileRocketMonitoringStation.java,20,zmaster587.libVulpes.LibVulpes,import
src/main/java/zmaster587/advancedRocketry/tile/infrastructure/TileRocketMonitoringStation.java,21,zmaster587.libVulpes.client.util.IndicatorBarImage,import
src/main/java/zmaster587/advancedRocketry/tile/infrastructure/TileRocketMonitoringStation.java,22,zmaster587.libVulpes.client.util.ProgressBarImage,import
src/main/java/zmaster587/advancedRocketry/tile/infrastructure/TileRocketMonitoringStation.java,23,zmaster587.libVulpes.interfaces.ILinkableTile,import
src/main/java/zmaster587/advancedRocketry/tile/infrastructure/TileRocketMonitoringStation.java,232,zmaster587.libVulpes.inventory.TextureResources.buttonBuild,reference
src/main/java/zmaster587/advancedRocketry/tile/infrastructure/TileRocketMonitoringStation.java,24,zmaster587.libVulpes.inventory.modules,import
src/main/java/zmaster587/advancedRocketry/tile/infrastructure/TileRocketMonitoringStation.java,25,zmaster587.libVulpes.items.ItemLinker,import
src/main/java/zmaster587/advancedRocketry/tile/infrastructure/TileRocketMonitoringStation.java,26,zmaster587.libVulpes.network.PacketHandler,import
src/main/java/zmaster587/advancedRocketry/tile/infrastructure/TileRocketMonitoringStation.java,27,zmaster587.libVulpes.network.PacketMachine,import
src/main/java/zmaster587/advancedRocketry/tile/infrastructure/TileRocketMonitoringStation.java,28,zmaster587.libVulpes.tile.IComparatorOverride,import
src/main/java/zmaster587/advancedRocketry/tile/infrastructure/TileRocketMonitoringStation.java,29,zmaster587.libVulpes.util.IAdjBlockUpdate,import
src/main/java/zmaster587/advancedRocketry/tile/infrastructure/TileRocketMonitoringStation.java,30,zmaster587.libVulpes.util.INetworkMachine,import
src/main/java/zmaster587/advancedRocketry/tile/infrastructure/TileRocketMonitoringStation.java,31,zmaster587.libVulpes.util.ZUtils.RedstoneState,import
src/main/java/zmaster587/advancedRocketry/tile/infrastructure/TileRocketUnloader.java,10,zmaster587.libVulpes.inventory.modules.ModuleRedstoneOutputButton,import
src/main/java/zmaster587/advancedRocketry/tile/infrastructure/TileRocketUnloader.java,11,zmaster587.libVulpes.util.INetworkMachine,import
src/main/java/zmaster587/advancedRocketry/tile/infrastructure/TileRocketUnloader.java,12,zmaster587.libVulpes.util.ZUtils.RedstoneState,import
src/main/java/zmaster587/advancedRocketry/tile/infrastructure/TileRocketUnloader.java,9,zmaster587.libVulpes.inventory.modules.IButtonInventory,import
src/main/java/zmaster587/advancedRocketry/tile/multiblock/TileAreaGravityController.java,23,zmaster587.libVulpes.LibVulpes,import
src/main/java/zmaster587/advancedRocketry/tile/multiblock/TileAreaGravityController.java,24,zmaster587.libVulpes.api.LibVulpesBlocks,import
src/main/java/zmaster587/advancedRocketry/tile/multiblock/TileAreaGravityController.java,25,zmaster587.libVulpes.inventory.modules,import
src/main/java/zmaster587/advancedRocketry/tile/multiblock/TileAreaGravityController.java,26,zmaster587.libVulpes.network.PacketHandler,import
src/main/java/zmaster587/advancedRocketry/tile/multiblock/TileAreaGravityController.java,27,zmaster587.libVulpes.network.PacketMachine,import
src/main/java/zmaster587/advancedRocketry/tile/multiblock/TileAreaGravityController.java,28,zmaster587.libVulpes.tile.multiblock.TileMultiPowerConsumer,import
src/main/java/zmaster587/advancedRocketry/tile/multiblock/TileAreaGravityController.java,29,zmaster587.libVulpes.util.ZUtils.RedstoneState,import
src/main/java/zmaster587/advancedRocketry/tile/multiblock/TileAreaGravityController.java,81,zmaster587.libVulpes.inventory.TextureResources.buttonToggleImage,reference
src/main/java/zmaster587/advancedRocketry/tile/multiblock/TileAstrobodyDataProcessor.java,24,zmaster587.libVulpes.LibVulpes,import
src/main/java/zmaster587/advancedRocketry/tile/multiblock/TileAstrobodyDataProcessor.java,25,zmaster587.libVulpes.block.BlockMeta,import
src/main/java/zmaster587/advancedRocketry/tile/multiblock/TileAstrobodyDataProcessor.java,26,zmaster587.libVulpes.block.multiblock.BlockMultiblockMachine,import
src/main/java/zmaster587/advancedRocketry/tile/multiblock/TileAstrobodyDataProcessor.java,27,zmaster587.libVulpes.inventory.modules,import
src/main/java/zmaster587/advancedRocketry/tile/multiblock/TileAstrobodyDataProcessor.java,28,zmaster587.libVulpes.network.PacketHandler,import
src/main/java/zmaster587/advancedRocketry/tile/multiblock/TileAstrobodyDataProcessor.java,29,zmaster587.libVulpes.network.PacketMachine,import
src/main/java/zmaster587/advancedRocketry/tile/multiblock/TileAstrobodyDataProcessor.java,30,zmaster587.libVulpes.tile.multiblock.TileMultiPowerConsumer,import
src/main/java/zmaster587/advancedRocketry/tile/multiblock/TileAstrobodyDataProcessor.java,31,zmaster587.libVulpes.tile.multiblock.hatch.TileInputHatch,import
src/main/java/zmaster587/advancedRocketry/tile/multiblock/TileAstrobodyDataProcessor.java,32,zmaster587.libVulpes.tile.multiblock.hatch.TileInventoryHatch,import
src/main/java/zmaster587/advancedRocketry/tile/multiblock/TileAstrobodyDataProcessor.java,33,zmaster587.libVulpes.tile.multiblock.hatch.TileOutputHatch,import
src/main/java/zmaster587/advancedRocketry/tile/multiblock/TileAstrobodyDataProcessor.java,34,zmaster587.libVulpes.util.EmbeddedInventory,import
src/main/java/zmaster587/advancedRocketry/tile/multiblock/TileAstrobodyDataProcessor.java,374,zmaster587.libVulpes.inventory.TextureResources.buttonToggleImage,reference
src/main/java/zmaster587/advancedRocketry/tile/multiblock/TileAstrobodyDataProcessor.java,375,zmaster587.libVulpes.inventory.TextureResources.buttonToggleImage,reference
src/main/java/zmaster587/advancedRocketry/tile/multiblock/TileAstrobodyDataProcessor.java,376,zmaster587.libVulpes.inventory.TextureResources.buttonToggleImage,reference
src/main/java/zmaster587/advancedRocketry/tile/multiblock/TileAtmosphereTerraformer.java,30,zmaster587.libVulpes.LibVulpes,import
src/main/java/zmaster587/advancedRocketry/tile/multiblock/TileAtmosphereTerraformer.java,31,zmaster587.libVulpes.api.LibVulpesBlocks,import
src/main/java/zmaster587/advancedRocketry/tile/multiblock/TileAtmosphereTerraformer.java,32,zmaster587.libVulpes.block.RotatableBlock,import
src/main/java/zmaster587/advancedRocketry/tile/multiblock/TileAtmosphereTerraformer.java,33,zmaster587.libVulpes.gui.CommonResources,import
src/main/java/zmaster587/advancedRocketry/tile/multiblock/TileAtmosphereTerraformer.java,34,zmaster587.libVulpes.inventory.TextureResources,import
src/main/java/zmaster587/advancedRocketry/tile/multiblock/TileAtmosphereTerraformer.java,35,zmaster587.libVulpes.inventory.modules,import
src/main/java/zmaster587/advancedRocketry/tile/multiblock/TileAtmosphereTerraformer.java,36,zmaster587.libVulpes.network.PacketHandler,import
src/main/java/zmaster587/advancedRocketry/tile/multiblock/TileAtmosphereTerraformer.java,37,zmaster587.libVulpes.network.PacketMachine,import
src/main/java/zmaster587/advancedRocketry/tile/multiblock/TileAtmosphereTerraformer.java,38,zmaster587.libVulpes.tile.multiblock.TileMultiPowerConsumer,import
src/main/java/zmaster587/advancedRocketry/tile/multiblock/TileAtmosphereTerraformer.java,39,zmaster587.libVulpes.tile.multiblock.TileMultiblockMachine,import
src/main/java/zmaster587/advancedRocketry/tile/multiblock/TileAtmosphereTerraformer.java,40,zmaster587.libVulpes.tile.multiblock.TileMultiblockMachine.NetworkPackets,import
src/main/java/zmaster587/advancedRocketry/tile/multiblock/TileAtmosphereTerraformer.java,41,zmaster587.libVulpes.util.EmbeddedInventory,import
src/main/java/zmaster587/advancedRocketry/tile/multiblock/TileAtmosphereTerraformer.java,42,zmaster587.libVulpes.util.IconResource,import
src/main/java/zmaster587/advancedRocketry/tile/multiblock/TileBeacon.java,11,zmaster587.libVulpes.api.LibVulpesBlocks,import
src/main/java/zmaster587/advancedRocketry/tile/multiblock/TileBeacon.java,12,zmaster587.libVulpes.tile.multiblock.TileMultiPowerConsumer,import
src/main/java/zmaster587/advancedRocketry/tile/multiblock/TileBeacon.java,13,zmaster587.libVulpes.util.HashedBlockPosition,import
src/main/java/zmaster587/advancedRocketry/tile/multiblock/TileBiomeScanner.java,16,zmaster587.libVulpes.LibVulpes,import
src/main/java/zmaster587/advancedRocketry/tile/multiblock/TileBiomeScanner.java,17,zmaster587.libVulpes.api.LibVulpesBlocks,import
src/main/java/zmaster587/advancedRocketry/tile/multiblock/TileBiomeScanner.java,18,zmaster587.libVulpes.inventory.modules.ModuleBase,import
src/main/java/zmaster587/advancedRocketry/tile/multiblock/TileBiomeScanner.java,19,zmaster587.libVulpes.inventory.modules.ModuleContainerPan,import
src/main/java/zmaster587/advancedRocketry/tile/multiblock/TileBiomeScanner.java,20,zmaster587.libVulpes.inventory.modules.ModuleImage,import
src/main/java/zmaster587/advancedRocketry/tile/multiblock/TileBiomeScanner.java,21,zmaster587.libVulpes.inventory.modules.ModuleText,import
src/main/java/zmaster587/advancedRocketry/tile/multiblock/TileBiomeScanner.java,22,zmaster587.libVulpes.tile.multiblock.TileMultiPowerConsumer,import
src/main/java/zmaster587/advancedRocketry/tile/multiblock/TileObservatory.java,29,zmaster587.libVulpes.LibVulpes,import
src/main/java/zmaster587/advancedRocketry/tile/multiblock/TileObservatory.java,30,zmaster587.libVulpes.api.LibVulpesBlocks,import
src/main/java/zmaster587/advancedRocketry/tile/multiblock/TileObservatory.java,31,zmaster587.libVulpes.block.BlockMeta,import
src/main/java/zmaster587/advancedRocketry/tile/multiblock/TileObservatory.java,312,zmaster587.libVulpes.inventory.TextureResources.buttonNull,reference
src/main/java/zmaster587/advancedRocketry/tile/multiblock/TileObservatory.java,315,zmaster587.libVulpes.inventory.TextureResources.buttonBuild,reference
src/main/java/zmaster587/advancedRocketry/tile/multiblock/TileObservatory.java,32,zmaster587.libVulpes.block.multiblock.BlockMultiblockMachine,import
src/main/java/zmaster587/advancedRocketry/tile/multiblock/TileObservatory.java,33,zmaster587.libVulpes.client.util.ProgressBarImage,import
src/main/java/zmaster587/advancedRocketry/tile/multiblock/TileObservatory.java,34,zmaster587.libVulpes.inventory.GuiHandler,import
src/main/java/zmaster587/advancedRocketry/tile/multiblock/TileObservatory.java,35,zmaster587.libVulpes.inventory.modules,import
src/main/java/zmaster587/advancedRocketry/tile/multiblock/TileObservatory.java,36,zmaster587.libVulpes.network.PacketHandler,import
src/main/java/zmaster587/advancedRocketry/tile/multiblock/TileObservatory.java,37,zmaster587.libVulpes.network.PacketMachine,import
src/main/java/zmaster587/advancedRocketry/tile/multiblock/TileObservatory.java,38,zmaster587.libVulpes.tile.multiblock.TileMultiBlock,import
src/main/java/zmaster587/advancedRocketry/tile/multiblock/TileObservatory.java,39,zmaster587.libVulpes.tile.multiblock.TileMultiPowerConsumer,import
src/main/java/zmaster587/advancedRocketry/tile/multiblock/TileObservatory.java,40,zmaster587.libVulpes.util.EmbeddedInventory,import
src/main/java/zmaster587/advancedRocketry/tile/multiblock/TileObservatory.java,420,zmaster587.libVulpes.inventory.TextureResources.buttonToggleImage,reference
src/main/java/zmaster587/advancedRocketry/tile/multiblock/TilePlanetSelector.java,16,zmaster587.libVulpes.inventory.TextureResources,import
src/main/java/zmaster587/advancedRocketry/tile/multiblock/TilePlanetSelector.java,17,zmaster587.libVulpes.inventory.modules.IModularInventory,import
src/main/java/zmaster587/advancedRocketry/tile/multiblock/TilePlanetSelector.java,18,zmaster587.libVulpes.inventory.modules.IProgressBar,import
src/main/java/zmaster587/advancedRocketry/tile/multiblock/TilePlanetSelector.java,19,zmaster587.libVulpes.inventory.modules.ISelectionNotify,import
src/main/java/zmaster587/advancedRocketry/tile/multiblock/TilePlanetSelector.java,20,zmaster587.libVulpes.inventory.modules.ModuleBase,import
src/main/java/zmaster587/advancedRocketry/tile/multiblock/TilePlanetSelector.java,21,zmaster587.libVulpes.network.PacketHandler,import
src/main/java/zmaster587/advancedRocketry/tile/multiblock/TilePlanetSelector.java,22,zmaster587.libVulpes.network.PacketMachine,import
src/main/java/zmaster587/advancedRocketry/tile/multiblock/TilePlanetSelector.java,23,zmaster587.libVulpes.tile.TilePointer,import
src/main/java/zmaster587/advancedRocketry/tile/multiblock/TilePlanetSelector.java,24,zmaster587.libVulpes.util.INetworkMachine,import
src/main/java/zmaster587/advancedRocketry/tile/multiblock/TileRailgun.java,30,zmaster587.libVulpes.LibVulpes,import
src/main/java/zmaster587/advancedRocketry/tile/multiblock/TileRailgun.java,31,zmaster587.libVulpes.api.LibVulpesBlocks,import
src/main/java/zmaster587/advancedRocketry/tile/multiblock/TileRailgun.java,32,zmaster587.libVulpes.block.RotatableBlock,import
src/main/java/zmaster587/advancedRocketry/tile/multiblock/TileRailgun.java,33,zmaster587.libVulpes.interfaces.ILinkableTile,import
src/main/java/zmaster587/advancedRocketry/tile/multiblock/TileRailgun.java,34,zmaster587.libVulpes.inventory.modules,import
src/main/java/zmaster587/advancedRocketry/tile/multiblock/TileRailgun.java,35,zmaster587.libVulpes.items.ItemLinker,import
src/main/java/zmaster587/advancedRocketry/tile/multiblock/TileRailgun.java,36,zmaster587.libVulpes.network.PacketHandler,import
src/main/java/zmaster587/advancedRocketry/tile/multiblock/TileRailgun.java,37,zmaster587.libVulpes.network.PacketMachine,import
src/main/java/zmaster587/advancedRocketry/tile/multiblock/TileRailgun.java,38,zmaster587.libVulpes.tile.multiblock.TileMultiPowerConsumer,import
src/main/java/zmaster587/advancedRocketry/tile/multiblock/TileRailgun.java,39,zmaster587.libVulpes.util.EmbeddedInventory,import
src/main/java/zmaster587/advancedRocketry/tile/multiblock/TileRailgun.java,40,zmaster587.libVulpes.util.ZUtils,import
src/main/java/zmaster587/advancedRocketry/tile/multiblock/TileRailgun.java,41,zmaster587.libVulpes.util.ZUtils.RedstoneState,import
src/main/java/zmaster587/advancedRocketry/tile/multiblock/TileSpaceElevator.java,26,zmaster587.libVulpes.LibVulpes,import
src/main/java/zmaster587/advancedRocketry/tile/multiblock/TileSpaceElevator.java,27,zmaster587.libVulpes.api.LibVulpesBlocks,import
src/main/java/zmaster587/advancedRocketry/tile/multiblock/TileSpaceElevator.java,28,zmaster587.libVulpes.block.RotatableBlock,import
src/main/java/zmaster587/advancedRocketry/tile/multiblock/TileSpaceElevator.java,29,zmaster587.libVulpes.interfaces.ILinkableTile,import
src/main/java/zmaster587/advancedRocketry/tile/multiblock/TileSpaceElevator.java,30,zmaster587.libVulpes.inventory.GuiHandler,import
src/main/java/zmaster587/advancedRocketry/tile/multiblock/TileSpaceElevator.java,31,zmaster587.libVulpes.inventory.TextureResources,import
src/main/java/zmaster587/advancedRocketry/tile/multiblock/TileSpaceElevator.java,32,zmaster587.libVulpes.inventory.modules.IModularInventory,import
src/main/java/zmaster587/advancedRocketry/tile/multiblock/TileSpaceElevator.java,33,zmaster587.libVulpes.inventory.modules.ModuleBase,import
src/main/java/zmaster587/advancedRocketry/tile/multiblock/TileSpaceElevator.java,34,zmaster587.libVulpes.inventory.modules.ModuleButton,import
src/main/java/zmaster587/advancedRocketry/tile/multiblock/TileSpaceElevator.java,35,zmaster587.libVulpes.inventory.modules.ModuleText,import
src/main/java/zmaster587/advancedRocketry/tile/multiblock/TileSpaceElevator.java,36,zmaster587.libVulpes.items.ItemLinker,import
src/main/java/zmaster587/advancedRocketry/tile/multiblock/TileSpaceElevator.java,37,zmaster587.libVulpes.network.PacketHandler,import
src/main/java/zmaster587/advancedRocketry/tile/multiblock/TileSpaceElevator.java,38,zmaster587.libVulpes.network.PacketMachine,import
src/main/java/zmaster587/advancedRocketry/tile/multiblock/TileSpaceElevator.java,39,zmaster587.libVulpes.tile.multiblock.TileMultiPowerConsumer,import
src/main/java/zmaster587/advancedRocketry/tile/multiblock/TileSpaceElevator.java,40,zmaster587.libVulpes.util.HashedBlockPosition,import
src/main/java/zmaster587/advancedRocketry/tile/multiblock/TileWarpCore.java,14,zmaster587.libVulpes.api.LibVulpesBlocks,import
src/main/java/zmaster587/advancedRocketry/tile/multiblock/TileWarpCore.java,15,zmaster587.libVulpes.block.BlockMeta,import
src/main/java/zmaster587/advancedRocketry/tile/multiblock/TileWarpCore.java,16,zmaster587.libVulpes.tile.multiblock.TileMultiBlock,import
src/main/java/zmaster587/advancedRocketry/tile/multiblock/TileWarpCore.java,17,zmaster587.libVulpes.util.ZUtils,import
src/main/java/zmaster587/advancedRocketry/tile/multiblock/energy/TileBlackHoleGenerator.java,21,zmaster587.libVulpes.LibVulpes,import
src/main/java/zmaster587/advancedRocketry/tile/multiblock/energy/TileBlackHoleGenerator.java,22,zmaster587.libVulpes.api.LibVulpesBlocks,import
src/main/java/zmaster587/advancedRocketry/tile/multiblock/energy/TileBlackHoleGenerator.java,23,zmaster587.libVulpes.block.BlockMeta,import
src/main/java/zmaster587/advancedRocketry/tile/multiblock/energy/TileBlackHoleGenerator.java,24,zmaster587.libVulpes.inventory.modules.ModuleBase,import
src/main/java/zmaster587/advancedRocketry/tile/multiblock/energy/TileBlackHoleGenerator.java,25,zmaster587.libVulpes.inventory.modules.ModuleText,import
src/main/java/zmaster587/advancedRocketry/tile/multiblock/energy/TileBlackHoleGenerator.java,26,zmaster587.libVulpes.network.PacketHandler,import
src/main/java/zmaster587/advancedRocketry/tile/multiblock/energy/TileBlackHoleGenerator.java,27,zmaster587.libVulpes.network.PacketMachine,import
src/main/java/zmaster587/advancedRocketry/tile/multiblock/energy/TileBlackHoleGenerator.java,28,zmaster587.libVulpes.tile.multiblock.TileMultiBlock,import
src/main/java/zmaster587/advancedRocketry/tile/multiblock/energy/TileBlackHoleGenerator.java,29,zmaster587.libVulpes.tile.multiblock.TileMultiPowerProducer,import
src/main/java/zmaster587/advancedRocketry/tile/multiblock/energy/TileBlackHoleGenerator.java,30,zmaster587.libVulpes.util.MultiBattery,import
src/main/java/zmaster587/advancedRocketry/tile/multiblock/energy/TileMicrowaveReciever.java,26,zmaster587.libVulpes.LibVulpes,import
src/main/java/zmaster587/advancedRocketry/tile/multiblock/energy/TileMicrowaveReciever.java,27,zmaster587.libVulpes.api.IUniversalEnergyTransmitter,import
src/main/java/zmaster587/advancedRocketry/tile/multiblock/energy/TileMicrowaveReciever.java,28,zmaster587.libVulpes.block.BlockMeta,import
src/main/java/zmaster587/advancedRocketry/tile/multiblock/energy/TileMicrowaveReciever.java,29,zmaster587.libVulpes.inventory.modules.ModuleBase,import
src/main/java/zmaster587/advancedRocketry/tile/multiblock/energy/TileMicrowaveReciever.java,30,zmaster587.libVulpes.inventory.modules.ModuleText,import
src/main/java/zmaster587/advancedRocketry/tile/multiblock/energy/TileMicrowaveReciever.java,31,zmaster587.libVulpes.network.PacketHandler,import
src/main/java/zmaster587/advancedRocketry/tile/multiblock/energy/TileMicrowaveReciever.java,32,zmaster587.libVulpes.network.PacketMachine,import
src/main/java/zmaster587/advancedRocketry/tile/multiblock/energy/TileMicrowaveReciever.java,33,zmaster587.libVulpes.tile.multiblock.TileMultiBlock,import
src/main/java/zmaster587/advancedRocketry/tile/multiblock/energy/TileMicrowaveReciever.java,34,zmaster587.libVulpes.tile.multiblock.TileMultiPowerProducer,import
src/main/java/zmaster587/advancedRocketry/tile/multiblock/energy/TileMicrowaveReciever.java,35,zmaster587.libVulpes.util.Vector3F,import
src/main/java/zmaster587/advancedRocketry/tile/multiblock/energy/TileSolarArray.java,20,zmaster587.libVulpes.LibVulpes,import
src/main/java/zmaster587/advancedRocketry/tile/multiblock/energy/TileSolarArray.java,21,zmaster587.libVulpes.block.BlockMeta,import
src/main/java/zmaster587/advancedRocketry/tile/multiblock/energy/TileSolarArray.java,22,zmaster587.libVulpes.inventory.modules.ModuleBase,import
src/main/java/zmaster587/advancedRocketry/tile/multiblock/energy/TileSolarArray.java,23,zmaster587.libVulpes.inventory.modules.ModuleText,import
src/main/java/zmaster587/advancedRocketry/tile/multiblock/energy/TileSolarArray.java,24,zmaster587.libVulpes.network.PacketHandler,import
src/main/java/zmaster587/advancedRocketry/tile/multiblock/energy/TileSolarArray.java,25,zmaster587.libVulpes.network.PacketMachine,import
src/main/java/zmaster587/advancedRocketry/tile/multiblock/energy/TileSolarArray.java,26,zmaster587.libVulpes.tile.multiblock.TileMultiPowerProducer,import
src/main/java/zmaster587/advancedRocketry/tile/multiblock/energy/TileSolarArray.java,27,zmaster587.libVulpes.util.Vector3F,import
src/main/java/zmaster587/advancedRocketry/tile/multiblock/machine/TileCentrifuge.java,20,zmaster587.libVulpes.api.LibVulpesBlocks,import
src/main/java/zmaster587/advancedRocketry/tile/multiblock/machine/TileCentrifuge.java,21,zmaster587.libVulpes.block.BlockMeta,import
src/main/java/zmaster587/advancedRocketry/tile/multiblock/machine/TileCentrifuge.java,22,zmaster587.libVulpes.inventory.modules.ModuleBase,import
src/main/java/zmaster587/advancedRocketry/tile/multiblock/machine/TileCentrifuge.java,23,zmaster587.libVulpes.inventory.modules.ModuleProgress,import
src/main/java/zmaster587/advancedRocketry/tile/multiblock/machine/TileCentrifuge.java,24,zmaster587.libVulpes.recipe.RecipesMachine,import
src/main/java/zmaster587/advancedRocketry/tile/multiblock/machine/TileCentrifuge.java,25,zmaster587.libVulpes.recipe.RecipesMachine.ChanceFluidStack,import
src/main/java/zmaster587/advancedRocketry/tile/multiblock/machine/TileCentrifuge.java,26,zmaster587.libVulpes.tile.multiblock.TileMultiblockMachine,import
src/main/java/zmaster587/advancedRocketry/tile/multiblock/machine/TileChemicalReactor.java,25,zmaster587.libVulpes.api.LibVulpesBlocks,import
src/main/java/zmaster587/advancedRocketry/tile/multiblock/machine/TileChemicalReactor.java,26,zmaster587.libVulpes.interfaces.IRecipe,import
src/main/java/zmaster587/advancedRocketry/tile/multiblock/machine/TileChemicalReactor.java,27,zmaster587.libVulpes.inventory.modules.ModuleBase,import
src/main/java/zmaster587/advancedRocketry/tile/multiblock/machine/TileChemicalReactor.java,28,zmaster587.libVulpes.inventory.modules.ModuleProgress,import
src/main/java/zmaster587/advancedRocketry/tile/multiblock/machine/TileChemicalReactor.java,29,zmaster587.libVulpes.recipe.NumberedOreDictStack,import
src/main/java/zmaster587/advancedRocketry/tile/multiblock/machine/TileChemicalReactor.java,30,zmaster587.libVulpes.recipe.RecipesMachine,import
src/main/java/zmaster587/advancedRocketry/tile/multiblock/machine/TileChemicalReactor.java,31,zmaster587.libVulpes.tile.multiblock.TileMultiblockMachine,import
src/main/java/zmaster587/advancedRocketry/tile/multiblock/machine/TileCrystallizer.java,14,zmaster587.libVulpes.LibVulpes,import
src/main/java/zmaster587/advancedRocketry/tile/multiblock/machine/TileCrystallizer.java,15,zmaster587.libVulpes.inventory.modules.IModularInventory,import
src/main/java/zmaster587/advancedRocketry/tile/multiblock/machine/TileCrystallizer.java,16,zmaster587.libVulpes.inventory.modules.ModuleBase,import
src/main/java/zmaster587/advancedRocketry/tile/multiblock/machine/TileCrystallizer.java,17,zmaster587.libVulpes.inventory.modules.ModuleProgress,import
src/main/java/zmaster587/advancedRocketry/tile/multiblock/machine/TileCrystallizer.java,18,zmaster587.libVulpes.inventory.modules.ModuleText,import
src/main/java/zmaster587/advancedRocketry/tile/multiblock/machine/TileCrystallizer.java,19,zmaster587.libVulpes.tile.multiblock.TileMultiblockMachine,import
src/main/java/zmaster587/advancedRocketry/tile/multiblock/machine/TileCuttingMachine.java,15,zmaster587.libVulpes.api.LibVulpesBlocks,import
src/main/java/zmaster587/advancedRocketry/tile/multiblock/machine/TileCuttingMachine.java,16,zmaster587.libVulpes.block.RotatableBlock,import
src/main/java/zmaster587/advancedRocketry/tile/multiblock/machine/TileCuttingMachine.java,17,zmaster587.libVulpes.inventory.modules.IModularInventory,import
src/main/java/zmaster587/advancedRocketry/tile/multiblock/machine/TileCuttingMachine.java,18,zmaster587.libVulpes.inventory.modules.ModuleBase,import
src/main/java/zmaster587/advancedRocketry/tile/multiblock/machine/TileCuttingMachine.java,19,zmaster587.libVulpes.inventory.modules.ModuleProgress,import
src/main/java/zmaster587/advancedRocketry/tile/multiblock/machine/TileCuttingMachine.java,20,zmaster587.libVulpes.tile.multiblock.TileMultiblockMachine,import
src/main/java/zmaster587/advancedRocketry/tile/multiblock/machine/TileElectricArcFurnace.java,10,zmaster587.libVulpes.block.BlockMeta,import
src/main/java/zmaster587/advancedRocketry/tile/multiblock/machine/TileElectricArcFurnace.java,11,zmaster587.libVulpes.inventory.modules.IModularInventory,import
src/main/java/zmaster587/advancedRocketry/tile/multiblock/machine/TileElectricArcFurnace.java,12,zmaster587.libVulpes.inventory.modules.ModuleBase,import
src/main/java/zmaster587/advancedRocketry/tile/multiblock/machine/TileElectricArcFurnace.java,13,zmaster587.libVulpes.inventory.modules.ModuleProgress,import
src/main/java/zmaster587/advancedRocketry/tile/multiblock/machine/TileElectricArcFurnace.java,14,zmaster587.libVulpes.tile.multiblock.TileMultiBlock,import
src/main/java/zmaster587/advancedRocketry/tile/multiblock/machine/TileElectricArcFurnace.java,15,zmaster587.libVulpes.tile.multiblock.TileMultiblockMachine,import
src/main/java/zmaster587/advancedRocketry/tile/multiblock/machine/TileElectrolyser.java,12,zmaster587.libVulpes.api.LibVulpesBlocks,import
src/main/java/zmaster587/advancedRocketry/tile/multiblock/machine/TileElectrolyser.java,13,zmaster587.libVulpes.block.BlockMeta,import
src/main/java/zmaster587/advancedRocketry/tile/multiblock/machine/TileElectrolyser.java,14,zmaster587.libVulpes.inventory.modules.ModuleBase,import
src/main/java/zmaster587/advancedRocketry/tile/multiblock/machine/TileElectrolyser.java,15,zmaster587.libVulpes.inventory.modules.ModuleProgress,import
src/main/java/zmaster587/advancedRocketry/tile/multiblock/machine/TileElectrolyser.java,16,zmaster587.libVulpes.tile.multiblock.TileMultiblockMachine,import
src/main/java/zmaster587/advancedRocketry/tile/multiblock/machine/TileLathe.java,13,zmaster587.libVulpes.api.LibVulpesBlocks,import
src/main/java/zmaster587/advancedRocketry/tile/multiblock/machine/TileLathe.java,14,zmaster587.libVulpes.inventory.modules.IModularInventory,import
src/main/java/zmaster587/advancedRocketry/tile/multiblock/machine/TileLathe.java,15,zmaster587.libVulpes.inventory.modules.ModuleBase,import
src/main/java/zmaster587/advancedRocketry/tile/multiblock/machine/TileLathe.java,16,zmaster587.libVulpes.inventory.modules.ModuleProgress,import
src/main/java/zmaster587/advancedRocketry/tile/multiblock/machine/TileLathe.java,17,zmaster587.libVulpes.tile.multiblock.TileMultiblockMachine,import
src/main/java/zmaster587/advancedRocketry/tile/multiblock/machine/TilePrecisionAssembler.java,15,zmaster587.libVulpes.api.LibVulpesBlocks,import
src/main/java/zmaster587/advancedRocketry/tile/multiblock/machine/TilePrecisionAssembler.java,16,zmaster587.libVulpes.block.BlockMeta,import
src/main/java/zmaster587/advancedRocketry/tile/multiblock/machine/TilePrecisionAssembler.java,17,zmaster587.libVulpes.client.util.ProgressBarImage,import
src/main/java/zmaster587/advancedRocketry/tile/multiblock/machine/TilePrecisionAssembler.java,18,zmaster587.libVulpes.inventory.modules,import
src/main/java/zmaster587/advancedRocketry/tile/multiblock/machine/TilePrecisionAssembler.java,19,zmaster587.libVulpes.tile.multiblock.TileMultiBlock,import
src/main/java/zmaster587/advancedRocketry/tile/multiblock/machine/TilePrecisionAssembler.java,20,zmaster587.libVulpes.tile.multiblock.TileMultiblockMachine,import
src/main/java/zmaster587/advancedRocketry/tile/multiblock/machine/TilePrecisionAssembler.java,21,zmaster587.libVulpes.util.IconResource,import
src/main/java/zmaster587/advancedRocketry/tile/multiblock/machine/TilePrecisionLaserEtcher.java,17,zmaster587.libVulpes.api.LibVulpesBlocks,import
src/main/java/zmaster587/advancedRocketry/tile/multiblock/machine/TilePrecisionLaserEtcher.java,18,zmaster587.libVulpes.interfaces.IRecipe,import
src/main/java/zmaster587/advancedRocketry/tile/multiblock/machine/TilePrecisionLaserEtcher.java,19,zmaster587.libVulpes.inventory.modules.IModularInventory,import
src/main/java/zmaster587/advancedRocketry/tile/multiblock/machine/TilePrecisionLaserEtcher.java,20,zmaster587.libVulpes.inventory.modules.ModuleBase,import
src/main/java/zmaster587/advancedRocketry/tile/multiblock/machine/TilePrecisionLaserEtcher.java,21,zmaster587.libVulpes.inventory.modules.ModuleProgress,import
src/main/java/zmaster587/advancedRocketry/tile/multiblock/machine/TilePrecisionLaserEtcher.java,22,zmaster587.libVulpes.tile.multiblock.TileMultiblockMachine,import
src/main/java/zmaster587/advancedRocketry/tile/multiblock/machine/TileRollingMachine.java,13,zmaster587.libVulpes.api.LibVulpesBlocks,import
src/main/java/zmaster587/advancedRocketry/tile/multiblock/machine/TileRollingMachine.java,14,zmaster587.libVulpes.inventory.modules.ModuleBase,import
src/main/java/zmaster587/advancedRocketry/tile/multiblock/machine/TileRollingMachine.java,15,zmaster587.libVulpes.inventory.modules.ModuleProgress,import
src/main/java/zmaster587/advancedRocketry/tile/multiblock/machine/TileRollingMachine.java,16,zmaster587.libVulpes.tile.multiblock.TileMultiblockMachine,import
src/main/java/zmaster587/advancedRocketry/tile/multiblock/orbitallaserdrill/TileOrbitalLaserDrill.java,30,zmaster587.libVulpes.LibVulpes,import
src/main/java/zmaster587/advancedRocketry/tile/multiblock/orbitallaserdrill/TileOrbitalLaserDrill.java,31,zmaster587.libVulpes.api.LibVulpesBlocks,import
src/main/java/zmaster587/advancedRocketry/tile/multiblock/orbitallaserdrill/TileOrbitalLaserDrill.java,32,zmaster587.libVulpes.compat.InventoryCompat,import
src/main/java/zmaster587/advancedRocketry/tile/multiblock/orbitallaserdrill/TileOrbitalLaserDrill.java,33,zmaster587.libVulpes.inventory.modules,import
src/main/java/zmaster587/advancedRocketry/tile/multiblock/orbitallaserdrill/TileOrbitalLaserDrill.java,34,zmaster587.libVulpes.network.PacketHandler,import
src/main/java/zmaster587/advancedRocketry/tile/multiblock/orbitallaserdrill/TileOrbitalLaserDrill.java,35,zmaster587.libVulpes.network.PacketMachine,import
src/main/java/zmaster587/advancedRocketry/tile/multiblock/orbitallaserdrill/TileOrbitalLaserDrill.java,36,zmaster587.libVulpes.tile.multiblock.TileMultiPowerConsumer,import
src/main/java/zmaster587/advancedRocketry/tile/multiblock/orbitallaserdrill/TileOrbitalLaserDrill.java,37,zmaster587.libVulpes.util.MultiInventory,import
src/main/java/zmaster587/advancedRocketry/tile/multiblock/orbitallaserdrill/TileOrbitalLaserDrill.java,38,zmaster587.libVulpes.util.ZUtils,import
src/main/java/zmaster587/advancedRocketry/tile/multiblock/orbitallaserdrill/TileOrbitalLaserDrill.java,688,zmaster587.libVulpes.inventory.TextureResources.buttonLeft,reference
src/main/java/zmaster587/advancedRocketry/tile/multiblock/orbitallaserdrill/TileOrbitalLaserDrill.java,689,zmaster587.libVulpes.inventory.TextureResources.buttonRight,reference
src/main/java/zmaster587/advancedRocketry/tile/multiblock/orbitallaserdrill/TileOrbitalLaserDrill.java,690,zmaster587.libVulpes.inventory.TextureResources.buttonBuild,reference
src/main/java/zmaster587/advancedRocketry/tile/satellite/TileSatelliteBuilder.java,17,zmaster587.libVulpes.LibVulpes,import
src/main/java/zmaster587/advancedRocketry/tile/satellite/TileSatelliteBuilder.java,18,zmaster587.libVulpes.client.util.ProgressBarImage,import
src/main/java/zmaster587/advancedRocketry/tile/satellite/TileSatelliteBuilder.java,19,zmaster587.libVulpes.inventory.modules,import
src/main/java/zmaster587/advancedRocketry/tile/satellite/TileSatelliteBuilder.java,196,zmaster587.libVulpes.inventory.TextureResources.buttonBuild,reference
src/main/java/zmaster587/advancedRocketry/tile/satellite/TileSatelliteBuilder.java,20,zmaster587.libVulpes.network.PacketHandler,import
src/main/java/zmaster587/advancedRocketry/tile/satellite/TileSatelliteBuilder.java,21,zmaster587.libVulpes.network.PacketMachine,import
src/main/java/zmaster587/advancedRocketry/tile/satellite/TileSatelliteBuilder.java,22,zmaster587.libVulpes.tile.multiblock.TileMultiPowerConsumer,import
src/main/java/zmaster587/advancedRocketry/tile/satellite/TileSatelliteBuilder.java,23,zmaster587.libVulpes.util.EmbeddedInventory,import
src/main/java/zmaster587/advancedRocketry/tile/satellite/TileSatelliteTerminal.java,148,zmaster587.libVulpes.inventory.TextureResources.buttonBuild,reference
src/main/java/zmaster587/advancedRocketry/tile/satellite/TileSatelliteTerminal.java,23,zmaster587.libVulpes.LibVulpes,import
src/main/java/zmaster587/advancedRocketry/tile/satellite/TileSatelliteTerminal.java,24,zmaster587.libVulpes.inventory.modules,import
src/main/java/zmaster587/advancedRocketry/tile/satellite/TileSatelliteTerminal.java,25,zmaster587.libVulpes.network.PacketHandler,import
src/main/java/zmaster587/advancedRocketry/tile/satellite/TileSatelliteTerminal.java,26,zmaster587.libVulpes.network.PacketMachine,import
src/main/java/zmaster587/advancedRocketry/tile/satellite/TileSatelliteTerminal.java,27,zmaster587.libVulpes.tile.TileInventoriedRFConsumer,import
src/main/java/zmaster587/advancedRocketry/tile/satellite/TileSatelliteTerminal.java,28,zmaster587.libVulpes.util.INetworkMachine,import
src/main/java/zmaster587/advancedRocketry/tile/station/TileDockingPort.java,18,zmaster587.libVulpes.LibVulpes,import
src/main/java/zmaster587/advancedRocketry/tile/station/TileDockingPort.java,19,zmaster587.libVulpes.inventory.modules,import
src/main/java/zmaster587/advancedRocketry/tile/station/TileDockingPort.java,20,zmaster587.libVulpes.network.PacketHandler,import
src/main/java/zmaster587/advancedRocketry/tile/station/TileDockingPort.java,21,zmaster587.libVulpes.network.PacketMachine,import
src/main/java/zmaster587/advancedRocketry/tile/station/TileDockingPort.java,22,zmaster587.libVulpes.util.INetworkMachine,import
src/main/java/zmaster587/advancedRocketry/tile/station/TileHolographicPlanetSelector.java,22,zmaster587.libVulpes.LibVulpes,import
src/main/java/zmaster587/advancedRocketry/tile/station/TileHolographicPlanetSelector.java,23,zmaster587.libVulpes.inventory.modules,import
src/main/java/zmaster587/advancedRocketry/tile/station/TileHolographicPlanetSelector.java,24,zmaster587.libVulpes.network.PacketHandler,import
src/main/java/zmaster587/advancedRocketry/tile/station/TileHolographicPlanetSelector.java,25,zmaster587.libVulpes.network.PacketMachine,import
src/main/java/zmaster587/advancedRocketry/tile/station/TileHolographicPlanetSelector.java,26,zmaster587.libVulpes.util.INetworkMachine,import
src/main/java/zmaster587/advancedRocketry/tile/station/TileHolographicPlanetSelector.java,27,zmaster587.libVulpes.util.ZUtils.RedstoneState,import
src/main/java/zmaster587/advancedRocketry/tile/station/TileLandingPad.java,27,zmaster587.libVulpes.LibVulpes,import
src/main/java/zmaster587/advancedRocketry/tile/station/TileLandingPad.java,28,zmaster587.libVulpes.api.LibVulpesItems,import
src/main/java/zmaster587/advancedRocketry/tile/station/TileLandingPad.java,29,zmaster587.libVulpes.interfaces.ILinkableTile,import
src/main/java/zmaster587/advancedRocketry/tile/station/TileLandingPad.java,30,zmaster587.libVulpes.inventory.modules.IGuiCallback,import
src/main/java/zmaster587/advancedRocketry/tile/station/TileLandingPad.java,31,zmaster587.libVulpes.inventory.modules.ModuleBase,import
src/main/java/zmaster587/advancedRocketry/tile/station/TileLandingPad.java,32,zmaster587.libVulpes.inventory.modules.ModuleText,import
src/main/java/zmaster587/advancedRocketry/tile/station/TileLandingPad.java,33,zmaster587.libVulpes.inventory.modules.ModuleTextBox,import
src/main/java/zmaster587/advancedRocketry/tile/station/TileLandingPad.java,34,zmaster587.libVulpes.items.ItemLinker,import
src/main/java/zmaster587/advancedRocketry/tile/station/TileLandingPad.java,35,zmaster587.libVulpes.network.PacketHandler,import
src/main/java/zmaster587/advancedRocketry/tile/station/TileLandingPad.java,36,zmaster587.libVulpes.network.PacketMachine,import
src/main/java/zmaster587/advancedRocketry/tile/station/TileLandingPad.java,37,zmaster587.libVulpes.tile.IMultiblock,import
src/main/java/zmaster587/advancedRocketry/tile/station/TileLandingPad.java,38,zmaster587.libVulpes.tile.multiblock.hatch.TileInventoryHatch,import
src/main/java/zmaster587/advancedRocketry/tile/station/TileLandingPad.java,39,zmaster587.libVulpes.util.HashedBlockPosition,import
src/main/java/zmaster587/advancedRocketry/tile/station/TileLandingPad.java,40,zmaster587.libVulpes.util.INetworkMachine,import
src/main/java/zmaster587/advancedRocketry/tile/station/TileStationAltitudeController.java,18,zmaster587.libVulpes.LibVulpes,import
src/main/java/zmaster587/advancedRocketry/tile/station/TileStationAltitudeController.java,19,zmaster587.libVulpes.inventory.modules,import
src/main/java/zmaster587/advancedRocketry/tile/station/TileStationAltitudeController.java,20,zmaster587.libVulpes.network.PacketHandler,import
src/main/java/zmaster587/advancedRocketry/tile/station/TileStationAltitudeController.java,21,zmaster587.libVulpes.network.PacketMachine,import
src/main/java/zmaster587/advancedRocketry/tile/station/TileStationAltitudeController.java,22,zmaster587.libVulpes.tile.IComparatorOverride,import
src/main/java/zmaster587/advancedRocketry/tile/station/TileStationAltitudeController.java,23,zmaster587.libVulpes.util.INetworkMachine,import
src/main/java/zmaster587/advancedRocketry/tile/station/TileStationAltitudeController.java,24,zmaster587.libVulpes.util.ZUtils.RedstoneState,import
src/main/java/zmaster587/advancedRocketry/tile/station/TileStationGravityController.java,19,zmaster587.libVulpes.LibVulpes,import
src/main/java/zmaster587/advancedRocketry/tile/station/TileStationGravityController.java,20,zmaster587.libVulpes.inventory.modules,import
src/main/java/zmaster587/advancedRocketry/tile/station/TileStationGravityController.java,21,zmaster587.libVulpes.network.PacketHandler,import
src/main/java/zmaster587/advancedRocketry/tile/station/TileStationGravityController.java,22,zmaster587.libVulpes.network.PacketMachine,import
src/main/java/zmaster587/advancedRocketry/tile/station/TileStationGravityController.java,23,zmaster587.libVulpes.tile.IComparatorOverride,import
src/main/java/zmaster587/advancedRocketry/tile/station/TileStationGravityController.java,24,zmaster587.libVulpes.util.INetworkMachine,import
src/main/java/zmaster587/advancedRocketry/tile/station/TileStationGravityController.java,25,zmaster587.libVulpes.util.ZUtils.RedstoneState,import
src/main/java/zmaster587/advancedRocketry/tile/station/TileStationOrientationController.java,17,zmaster587.libVulpes.LibVulpes,import
src/main/java/zmaster587/advancedRocketry/tile/station/TileStationOrientationController.java,18,zmaster587.libVulpes.inventory.modules,import
src/main/java/zmaster587/advancedRocketry/tile/station/TileStationOrientationController.java,19,zmaster587.libVulpes.network.PacketHandler,import
src/main/java/zmaster587/advancedRocketry/tile/station/TileStationOrientationController.java,20,zmaster587.libVulpes.network.PacketMachine,import
src/main/java/zmaster587/advancedRocketry/tile/station/TileStationOrientationController.java,21,zmaster587.libVulpes.util.INetworkMachine,import
src/main/java/zmaster587/advancedRocketry/tile/station/TileStationOrientationController.java,56,zmaster587.libVulpes.inventory.TextureResources.buttonBuild,reference
src/main/java/zmaster587/advancedRocketry/tile/station/TileWarpController.java,210,zmaster587.libVulpes.inventory.TextureResources.starryBG,reference
src/main/java/zmaster587/advancedRocketry/tile/station/TileWarpController.java,226,zmaster587.libVulpes.inventory.TextureResources.buttonBuild,reference
src/main/java/zmaster587/advancedRocketry/tile/station/TileWarpController.java,254,zmaster587.libVulpes.inventory.TextureResources.buttonBuild,reference
src/main/java/zmaster587/advancedRocketry/tile/station/TileWarpController.java,272,zmaster587.libVulpes.inventory.TextureResources.starryBG,reference
src/main/java/zmaster587/advancedRocketry/tile/station/TileWarpController.java,305,zmaster587.libVulpes.inventory.TextureResources.buttonBuild,reference
src/main/java/zmaster587/advancedRocketry/tile/station/TileWarpController.java,306,zmaster587.libVulpes.inventory.TextureResources.buttonBuild,reference
src/main/java/zmaster587/advancedRocketry/tile/station/TileWarpController.java,317,zmaster587.libVulpes.inventory.TextureResources.starryBG,reference
src/main/java/zmaster587/advancedRocketry/tile/station/TileWarpController.java,38,zmaster587.libVulpes.LibVulpes,import
src/main/java/zmaster587/advancedRocketry/tile/station/TileWarpController.java,39,zmaster587.libVulpes.client.util.IndicatorBarImage,import
src/main/java/zmaster587/advancedRocketry/tile/station/TileWarpController.java,40,zmaster587.libVulpes.inventory.GuiHandler,import
src/main/java/zmaster587/advancedRocketry/tile/station/TileWarpController.java,41,zmaster587.libVulpes.inventory.GuiHandler.guiId,import
src/main/java/zmaster587/advancedRocketry/tile/station/TileWarpController.java,42,zmaster587.libVulpes.inventory.modules,import
src/main/java/zmaster587/advancedRocketry/tile/station/TileWarpController.java,43,zmaster587.libVulpes.network.PacketHandler,import
src/main/java/zmaster587/advancedRocketry/tile/station/TileWarpController.java,44,zmaster587.libVulpes.network.PacketMachine,import
src/main/java/zmaster587/advancedRocketry/tile/station/TileWarpController.java,45,zmaster587.libVulpes.util.EmbeddedInventory,import
src/main/java/zmaster587/advancedRocketry/tile/station/TileWarpController.java,46,zmaster587.libVulpes.util.HashedBlockPosition,import
src/main/java/zmaster587/advancedRocketry/tile/station/TileWarpController.java,47,zmaster587.libVulpes.util.INetworkMachine,import
src/main/java/zmaster587/advancedRocketry/unit/BuildRocketTest.java,19,zmaster587.libVulpes.api.LibVulpesBlocks,import
src/main/java/zmaster587/advancedRocketry/unit/BuildRocketTest.java,20,zmaster587.libVulpes.block.RotatableBlock,import
src/main/java/zmaster587/advancedRocketry/util/AtmosphereBlob.java,17,zmaster587.libVulpes.network.PacketHandler,import
src/main/java/zmaster587/advancedRocketry/util/AtmosphereBlob.java,18,zmaster587.libVulpes.util.HashedBlockPosition,import
src/main/java/zmaster587/advancedRocketry/util/BiomeHandler.java,8,zmaster587.libVulpes.network.PacketHandler,import
src/main/java/zmaster587/advancedRocketry/util/BiomeHandler.java,9,zmaster587.libVulpes.util.HashedBlockPosition,import
src/main/java/zmaster587/advancedRocketry/util/DimensionBlockPosition.java,3,zmaster587.libVulpes.util.HashedBlockPosition,import
src/main/java/zmaster587/advancedRocketry/util/NBTStorableListList.java,6,zmaster587.libVulpes.util.HashedBlockPosition,import
src/main/java/zmaster587/advancedRocketry/util/RecipeHandler.java,14,zmaster587.libVulpes.LibVulpes,import
src/main/java/zmaster587/advancedRocketry/util/RecipeHandler.java,15,zmaster587.libVulpes.api.material.AllowedProducts,import
src/main/java/zmaster587/advancedRocketry/util/RecipeHandler.java,16,zmaster587.libVulpes.api.material.MaterialRegistry,import
src/main/java/zmaster587/advancedRocketry/util/RecipeHandler.java,17,zmaster587.libVulpes.recipe.RecipesMachine,import
src/main/java/zmaster587/advancedRocketry/util/RecipeHandler.java,18,zmaster587.libVulpes.tile.multiblock.TileMultiblockMachine,import
src/main/java/zmaster587/advancedRocketry/util/RecipeHandler.java,196,zmaster587.libVulpes.api.material.Material,reference
src/main/java/zmaster587/advancedRocketry/util/RecipeHandler.java,196,zmaster587.libVulpes.api.material.Material,reference
src/main/java/zmaster587/advancedRocketry/util/RecipeHandler.java,216,zmaster587.libVulpes.api.material.Material,reference
src/main/java/zmaster587/advancedRocketry/util/RecipeHandler.java,216,zmaster587.libVulpes.api.material.Material,reference
src/main/java/zmaster587/advancedRocketry/util/RecipeHandler.java,69,zmaster587.libVulpes.api.material.Material,reference
src/main/java/zmaster587/advancedRocketry/util/SealableBlockHandler.java,17,zmaster587.libVulpes.util.HashedBlockPosition,import
src/main/java/zmaster587/advancedRocketry/util/StationLandingLocation.java,3,zmaster587.libVulpes.util.HashedBlockPosition,import
src/main/java/zmaster587/advancedRocketry/util/StorageChunk.java,42,zmaster587.libVulpes.util.HashedBlockPosition,import
src/main/java/zmaster587/advancedRocketry/util/StorageChunk.java,43,zmaster587.libVulpes.util.Vector3F,import
src/main/java/zmaster587/advancedRocketry/util/StorageChunk.java,44,zmaster587.libVulpes.util.ZUtils,import
src/main/java/zmaster587/advancedRocketry/util/XMLOreLoader.java,14,zmaster587.libVulpes.util.HashedBlockPosition,import
src/main/java/zmaster587/advancedRocketry/util/XMLOreLoader.java,15,zmaster587.libVulpes.util.SingleEntry,import
src/main/java/zmaster587/advancedRocketry/world/decoration/MapGenCrater.java,17,zmaster587.libVulpes.block.BlockMeta,import
src/main/java/zmaster587/advancedRocketry/world/decoration/MapGenCraterHuge.java,17,zmaster587.libVulpes.block.BlockMeta,import
src/main/java/zmaster587/advancedRocketry/world/decoration/MapGenCraterSmall.java,17,zmaster587.libVulpes.block.BlockMeta,import
src/main/java/zmaster587/advancedRocketry/world/decoration/MapGenGeode.java,16,zmaster587.libVulpes.block.BlockMeta,import
src/main/java/zmaster587/advancedRocketry/world/ore/OreGenerator.java,20,zmaster587.libVulpes.api.material.AllowedProducts,import
src/main/java/zmaster587/advancedRocketry/world/ore/OreGenerator.java,21,zmaster587.libVulpes.api.material.Material,import
src/main/java/zmaster587/advancedRocketry/world/ore/OreGenerator.java,22,zmaster587.libVulpes.api.material.MaterialRegistry,import
