source_path,line,reference,reference_kind,target_path,status
src/main/resources/assets/advancedrocketry/advancements/normal/beer.json,0,advancedrocketry:normal/root,parent,src/main/resources/assets/advancedrocketry/models/normal/root.json,MISSING
src/main/resources/assets/advancedrocketry/advancements/normal/blockpresser.json,0,advancedrocketry:normal/root,parent,src/main/resources/assets/advancedrocketry/models/normal/root.json,MISSING
src/main/resources/assets/advancedrocketry/advancements/normal/crystalline.json,0,advancedrocketry:normal/holographic,parent,src/main/resources/assets/advancedrocketry/models/normal/holographic.json,MISSING
src/main/resources/assets/advancedrocketry/advancements/normal/dilithium.json,0,advancedrocketry:normal/root,parent,src/main/resources/assets/advancedrocketry/models/normal/root.json,MISSING
src/main/resources/assets/advancedrocketry/advancements/normal/electrifying.json,0,advancedrocketry:normal/holographic,parent,src/main/resources/assets/advancedrocketry/models/normal/holographic.json,MISSING
src/main/resources/assets/advancedrocketry/advancements/normal/feeltheheat.json,0,advancedrocketry:normal/holographic,parent,src/main/resources/assets/advancedrocketry/models/normal/holographic.json,MISSING
src/main/resources/assets/advancedrocketry/advancements/normal/flightofpheonix.json,0,advancedrocketry:normal/warp,parent,src/main/resources/assets/advancedrocketry/models/normal/warp.json,MISSING
src/main/resources/assets/advancedrocketry/advancements/normal/givingitallshesgot.json,0,advancedrocketry:normal/warp,parent,src/main/resources/assets/advancedrocketry/models/normal/warp.json,MISSING
src/main/resources/assets/advancedrocketry/advancements/normal/holographic.json,0,advancedrocketry:normal/blockpresser,parent,src/main/resources/assets/advancedrocketry/models/normal/blockpresser.json,MISSING
src/main/resources/assets/advancedrocketry/advancements/normal/moonlanding.json,0,advancedrocketry:normal/root,parent,src/main/resources/assets/advancedrocketry/models/normal/root.json,MISSING
src/main/resources/assets/advancedrocketry/advancements/normal/onesmallstep.json,0,advancedrocketry:normal/moonlanding,parent,src/main/resources/assets/advancedrocketry/models/normal/moonlanding.json,MISSING
src/main/resources/assets/advancedrocketry/advancements/normal/rollin.json,0,advancedrocketry:normal/holographic,parent,src/main/resources/assets/advancedrocketry/models/normal/holographic.json,MISSING
src/main/resources/assets/advancedrocketry/advancements/normal/spindoctor.json,0,advancedrocketry:normal/holographic,parent,src/main/resources/assets/advancedrocketry/models/normal/holographic.json,MISSING
src/main/resources/assets/advancedrocketry/advancements/normal/suitedup.json,0,advancedrocketry:normal/root,parent,src/main/resources/assets/advancedrocketry/models/normal/root.json,MISSING
src/main/resources/assets/advancedrocketry/advancements/normal/warp.json,0,advancedrocketry:normal/dilithium,parent,src/main/resources/assets/advancedrocketry/models/normal/dilithium.json,MISSING
src/main/resources/assets/advancedrocketry/advancements/normal/wenttothemoon.json,0,advancedrocketry:normal/moonlanding,parent,src/main/resources/assets/advancedrocketry/models/normal/moonlanding.json,MISSING
src/main/resources/assets/advancedrocketry/blockstates/advbipropellantrocketmotor.json,0,advancedrocketry:/models/advbipropellantcombustion,texture,src/main/resources/assets/advancedrocketry/textures//models/advbipropellantcombustion.png,MISSING
src/main/resources/assets/advancedrocketry/blockstates/advbipropellantrocketmotor.json,0,advancedrocketry:models/advbipropellantrocketmotor.obj,model,src/main/resources/assets/advancedrocketry/models/models/advbipropellantrocketmotor.obj.json,MISSING
src/main/resources/assets/advancedrocketry/blockstates/advbipropellantrocketmotor.json,0,advancedrocketry:models/advbipropellantrocketmotor.obj,model,src/main/resources/assets/advancedrocketry/models/models/advbipropellantrocketmotor.obj.json,MISSING
src/main/resources/assets/advancedrocketry/blockstates/advbipropellantrocketmotor.json,0,advancedrocketry:models/advbipropellantrocketmotor.obj,model,src/main/resources/assets/advancedrocketry/models/models/advbipropellantrocketmotor.obj.json,MISSING
src/main/resources/assets/advancedrocketry/blockstates/advbipropellantrocketmotor.json,0,advancedrocketry:models/advbipropellantrocketmotor.obj,model,src/main/resources/assets/advancedrocketry/models/models/advbipropellantrocketmotor.obj.json,MISSING
src/main/resources/assets/advancedrocketry/blockstates/advbipropellantrocketmotor.json,0,advancedrocketry:models/advbipropellantrocketmotor.obj,model,src/main/resources/assets/advancedrocketry/models/models/advbipropellantrocketmotor.obj.json,MISSING
src/main/resources/assets/advancedrocketry/blockstates/advbipropellantrocketmotor.json,0,advancedrocketry:models/advbipropellantrocketmotor.obj,model,src/main/resources/assets/advancedrocketry/models/models/advbipropellantrocketmotor.obj.json,MISSING
src/main/resources/assets/advancedrocketry/blockstates/advbipropellantrocketmotor.json,0,advancedrocketry:models/advbipropellantrocketmotor.obj,model,src/main/resources/assets/advancedrocketry/models/models/advbipropellantrocketmotor.obj.json,MISSING
src/main/resources/assets/advancedrocketry/blockstates/advbipropellantrocketmotor.json,0,advancedrocketry:models/advbipropellantrocketmotor.obj,model,src/main/resources/assets/advancedrocketry/models/models/advbipropellantrocketmotor.obj.json,MISSING
src/main/resources/assets/advancedrocketry/blockstates/advbipropellantrocketmotor.json,0,advancedrocketry:textures/models/advbipropellantcombustion,model,src/main/resources/assets/advancedrocketry/models/textures/models/advbipropellantcombustion.json,MISSING
src/main/resources/assets/advancedrocketry/blockstates/advbipropellantrocketmotor.json,0,advancedrocketry:textures/models/advbipropellantcombustion,model,src/main/resources/assets/advancedrocketry/models/textures/models/advbipropellantcombustion.json,MISSING
src/main/resources/assets/advancedrocketry/blockstates/advbipropellantrocketmotor.json,0,advancedrocketry:textures/models/advbipropellantcombustion,model,src/main/resources/assets/advancedrocketry/models/textures/models/advbipropellantcombustion.json,MISSING
src/main/resources/assets/advancedrocketry/blockstates/advbipropellantrocketmotor.json,0,advancedrocketry:textures/models/advbipropellantcombustion,model,src/main/resources/assets/advancedrocketry/models/textures/models/advbipropellantcombustion.json,MISSING
src/main/resources/assets/advancedrocketry/blockstates/advbipropellantrocketmotor.json,0,advancedrocketry:textures/models/advbipropellantcombustion,model,src/main/resources/assets/advancedrocketry/models/textures/models/advbipropellantcombustion.json,MISSING
src/main/resources/assets/advancedrocketry/blockstates/advbipropellantrocketmotor.json,0,advancedrocketry:textures/models/advbipropellantcombustion,model,src/main/resources/assets/advancedrocketry/models/textures/models/advbipropellantcombustion.json,MISSING
src/main/resources/assets/advancedrocketry/blockstates/advbipropellantrocketmotor.json,0,advancedrocketry:textures/models/advbipropellantcombustion,model,src/main/resources/assets/advancedrocketry/models/textures/models/advbipropellantcombustion.json,MISSING
src/main/resources/assets/advancedrocketry/blockstates/advrocketmotor.json,0,advancedrocketry:/models/advcombustion,texture,src/main/resources/assets/advancedrocketry/textures//models/advcombustion.png,MISSING
src/main/resources/assets/advancedrocketry/blockstates/advrocketmotor.json,0,advancedrocketry:models/advrocketmotor.obj,model,src/main/resources/assets/advancedrocketry/models/models/advrocketmotor.obj.json,MISSING
src/main/resources/assets/advancedrocketry/blockstates/advrocketmotor.json,0,advancedrocketry:models/advrocketmotor.obj,model,src/main/resources/assets/advancedrocketry/models/models/advrocketmotor.obj.json,MISSING
src/main/resources/assets/advancedrocketry/blockstates/advrocketmotor.json,0,advancedrocketry:models/advrocketmotor.obj,model,src/main/resources/assets/advancedrocketry/models/models/advrocketmotor.obj.json,MISSING
src/main/resources/assets/advancedrocketry/blockstates/advrocketmotor.json,0,advancedrocketry:models/advrocketmotor.obj,model,src/main/resources/assets/advancedrocketry/models/models/advrocketmotor.obj.json,MISSING
src/main/resources/assets/advancedrocketry/blockstates/advrocketmotor.json,0,advancedrocketry:models/advrocketmotor.obj,model,src/main/resources/assets/advancedrocketry/models/models/advrocketmotor.obj.json,MISSING
src/main/resources/assets/advancedrocketry/blockstates/advrocketmotor.json,0,advancedrocketry:models/advrocketmotor.obj,model,src/main/resources/assets/advancedrocketry/models/models/advrocketmotor.obj.json,MISSING
src/main/resources/assets/advancedrocketry/blockstates/advrocketmotor.json,0,advancedrocketry:models/advrocketmotor.obj,model,src/main/resources/assets/advancedrocketry/models/models/advrocketmotor.obj.json,MISSING
src/main/resources/assets/advancedrocketry/blockstates/advrocketmotor.json,0,advancedrocketry:models/advrocketmotor.obj,model,src/main/resources/assets/advancedrocketry/models/models/advrocketmotor.obj.json,MISSING
src/main/resources/assets/advancedrocketry/blockstates/advrocketmotor.json,0,advancedrocketry:textures/models/advcombustion,model,src/main/resources/assets/advancedrocketry/models/textures/models/advcombustion.json,MISSING
src/main/resources/assets/advancedrocketry/blockstates/advrocketmotor.json,0,advancedrocketry:textures/models/advcombustion,model,src/main/resources/assets/advancedrocketry/models/textures/models/advcombustion.json,MISSING
src/main/resources/assets/advancedrocketry/blockstates/advrocketmotor.json,0,advancedrocketry:textures/models/advcombustion,model,src/main/resources/assets/advancedrocketry/models/textures/models/advcombustion.json,MISSING
src/main/resources/assets/advancedrocketry/blockstates/advrocketmotor.json,0,advancedrocketry:textures/models/advcombustion,model,src/main/resources/assets/advancedrocketry/models/textures/models/advcombustion.json,MISSING
src/main/resources/assets/advancedrocketry/blockstates/advrocketmotor.json,0,advancedrocketry:textures/models/advcombustion,model,src/main/resources/assets/advancedrocketry/models/textures/models/advcombustion.json,MISSING
src/main/resources/assets/advancedrocketry/blockstates/advrocketmotor.json,0,advancedrocketry:textures/models/advcombustion,model,src/main/resources/assets/advancedrocketry/models/textures/models/advcombustion.json,MISSING
src/main/resources/assets/advancedrocketry/blockstates/advrocketmotor.json,0,advancedrocketry:textures/models/advcombustion,model,src/main/resources/assets/advancedrocketry/models/textures/models/advcombustion.json,MISSING
src/main/resources/assets/advancedrocketry/blockstates/airlock_door.json,0,advancedrocketry:airlock_door_bottom,model,src/main/resources/assets/advancedrocketry/models/airlock_door_bottom.json,MISSING
src/main/resources/assets/advancedrocketry/blockstates/airlock_door.json,0,advancedrocketry:airlock_door_bottom,model,src/main/resources/assets/advancedrocketry/models/airlock_door_bottom.json,MISSING
src/main/resources/assets/advancedrocketry/blockstates/airlock_door.json,0,advancedrocketry:airlock_door_bottom,model,src/main/resources/assets/advancedrocketry/models/airlock_door_bottom.json,MISSING
src/main/resources/assets/advancedrocketry/blockstates/airlock_door.json,0,advancedrocketry:airlock_door_bottom,model,src/main/resources/assets/advancedrocketry/models/airlock_door_bottom.json,MISSING
src/main/resources/assets/advancedrocketry/blockstates/airlock_door.json,0,advancedrocketry:airlock_door_bottom,model,src/main/resources/assets/advancedrocketry/models/airlock_door_bottom.json,MISSING
src/main/resources/assets/advancedrocketry/blockstates/airlock_door.json,0,advancedrocketry:airlock_door_bottom,model,src/main/resources/assets/advancedrocketry/models/airlock_door_bottom.json,MISSING
src/main/resources/assets/advancedrocketry/blockstates/airlock_door.json,0,advancedrocketry:airlock_door_bottom,model,src/main/resources/assets/advancedrocketry/models/airlock_door_bottom.json,MISSING
src/main/resources/assets/advancedrocketry/blockstates/airlock_door.json,0,advancedrocketry:airlock_door_bottom,model,src/main/resources/assets/advancedrocketry/models/airlock_door_bottom.json,MISSING
src/main/resources/assets/advancedrocketry/blockstates/airlock_door.json,0,advancedrocketry:airlock_door_bottom,model,src/main/resources/assets/advancedrocketry/models/airlock_door_bottom.json,MISSING
src/main/resources/assets/advancedrocketry/blockstates/airlock_door.json,0,advancedrocketry:airlock_door_bottom,model,src/main/resources/assets/advancedrocketry/models/airlock_door_bottom.json,MISSING
src/main/resources/assets/advancedrocketry/blockstates/airlock_door.json,0,advancedrocketry:airlock_door_bottom,model,src/main/resources/assets/advancedrocketry/models/airlock_door_bottom.json,MISSING
src/main/resources/assets/advancedrocketry/blockstates/airlock_door.json,0,advancedrocketry:airlock_door_bottom,model,src/main/resources/assets/advancedrocketry/models/airlock_door_bottom.json,MISSING
src/main/resources/assets/advancedrocketry/blockstates/airlock_door.json,0,advancedrocketry:airlock_door_bottom,model,src/main/resources/assets/advancedrocketry/models/airlock_door_bottom.json,MISSING
src/main/resources/assets/advancedrocketry/blockstates/airlock_door.json,0,advancedrocketry:airlock_door_bottom,model,src/main/resources/assets/advancedrocketry/models/airlock_door_bottom.json,MISSING
src/main/resources/assets/advancedrocketry/blockstates/airlock_door.json,0,advancedrocketry:airlock_door_bottom,model,src/main/resources/assets/advancedrocketry/models/airlock_door_bottom.json,MISSING
src/main/resources/assets/advancedrocketry/blockstates/airlock_door.json,0,advancedrocketry:airlock_door_bottom,model,src/main/resources/assets/advancedrocketry/models/airlock_door_bottom.json,MISSING
src/main/resources/assets/advancedrocketry/blockstates/airlock_door.json,0,advancedrocketry:airlock_door_bottom_rh,model,src/main/resources/assets/advancedrocketry/models/airlock_door_bottom_rh.json,MISSING
src/main/resources/assets/advancedrocketry/blockstates/airlock_door.json,0,advancedrocketry:airlock_door_bottom_rh,model,src/main/resources/assets/advancedrocketry/models/airlock_door_bottom_rh.json,MISSING
src/main/resources/assets/advancedrocketry/blockstates/airlock_door.json,0,advancedrocketry:airlock_door_bottom_rh,model,src/main/resources/assets/advancedrocketry/models/airlock_door_bottom_rh.json,MISSING
src/main/resources/assets/advancedrocketry/blockstates/airlock_door.json,0,advancedrocketry:airlock_door_bottom_rh,model,src/main/resources/assets/advancedrocketry/models/airlock_door_bottom_rh.json,MISSING
src/main/resources/assets/advancedrocketry/blockstates/airlock_door.json,0,advancedrocketry:airlock_door_bottom_rh,model,src/main/resources/assets/advancedrocketry/models/airlock_door_bottom_rh.json,MISSING
src/main/resources/assets/advancedrocketry/blockstates/airlock_door.json,0,advancedrocketry:airlock_door_bottom_rh,model,src/main/resources/assets/advancedrocketry/models/airlock_door_bottom_rh.json,MISSING
src/main/resources/assets/advancedrocketry/blockstates/airlock_door.json,0,advancedrocketry:airlock_door_bottom_rh,model,src/main/resources/assets/advancedrocketry/models/airlock_door_bottom_rh.json,MISSING
src/main/resources/assets/advancedrocketry/blockstates/airlock_door.json,0,advancedrocketry:airlock_door_bottom_rh,model,src/main/resources/assets/advancedrocketry/models/airlock_door_bottom_rh.json,MISSING
src/main/resources/assets/advancedrocketry/blockstates/airlock_door.json,0,advancedrocketry:airlock_door_bottom_rh,model,src/main/resources/assets/advancedrocketry/models/airlock_door_bottom_rh.json,MISSING
src/main/resources/assets/advancedrocketry/blockstates/airlock_door.json,0,advancedrocketry:airlock_door_bottom_rh,model,src/main/resources/assets/advancedrocketry/models/airlock_door_bottom_rh.json,MISSING
src/main/resources/assets/advancedrocketry/blockstates/airlock_door.json,0,advancedrocketry:airlock_door_bottom_rh,model,src/main/resources/assets/advancedrocketry/models/airlock_door_bottom_rh.json,MISSING
src/main/resources/assets/advancedrocketry/blockstates/airlock_door.json,0,advancedrocketry:airlock_door_bottom_rh,model,src/main/resources/assets/advancedrocketry/models/airlock_door_bottom_rh.json,MISSING
src/main/resources/assets/advancedrocketry/blockstates/airlock_door.json,0,advancedrocketry:airlock_door_bottom_rh,model,src/main/resources/assets/advancedrocketry/models/airlock_door_bottom_rh.json,MISSING
src/main/resources/assets/advancedrocketry/blockstates/airlock_door.json,0,advancedrocketry:airlock_door_bottom_rh,model,src/main/resources/assets/advancedrocketry/models/airlock_door_bottom_rh.json,MISSING
src/main/resources/assets/advancedrocketry/blockstates/airlock_door.json,0,advancedrocketry:airlock_door_bottom_rh,model,src/main/resources/assets/advancedrocketry/models/airlock_door_bottom_rh.json,MISSING
src/main/resources/assets/advancedrocketry/blockstates/airlock_door.json,0,advancedrocketry:airlock_door_bottom_rh,model,src/main/resources/assets/advancedrocketry/models/airlock_door_bottom_rh.json,MISSING
src/main/resources/assets/advancedrocketry/blockstates/airlock_door.json,0,advancedrocketry:airlock_door_top,model,src/main/resources/assets/advancedrocketry/models/airlock_door_top.json,MISSING
src/main/resources/assets/advancedrocketry/blockstates/airlock_door.json,0,advancedrocketry:airlock_door_top,model,src/main/resources/assets/advancedrocketry/models/airlock_door_top.json,MISSING
src/main/resources/assets/advancedrocketry/blockstates/airlock_door.json,0,advancedrocketry:airlock_door_top,model,src/main/resources/assets/advancedrocketry/models/airlock_door_top.json,MISSING
src/main/resources/assets/advancedrocketry/blockstates/airlock_door.json,0,advancedrocketry:airlock_door_top,model,src/main/resources/assets/advancedrocketry/models/airlock_door_top.json,MISSING
src/main/resources/assets/advancedrocketry/blockstates/airlock_door.json,0,advancedrocketry:airlock_door_top,model,src/main/resources/assets/advancedrocketry/models/airlock_door_top.json,MISSING
src/main/resources/assets/advancedrocketry/blockstates/airlock_door.json,0,advancedrocketry:airlock_door_top,model,src/main/resources/assets/advancedrocketry/models/airlock_door_top.json,MISSING
src/main/resources/assets/advancedrocketry/blockstates/airlock_door.json,0,advancedrocketry:airlock_door_top,model,src/main/resources/assets/advancedrocketry/models/airlock_door_top.json,MISSING
src/main/resources/assets/advancedrocketry/blockstates/airlock_door.json,0,advancedrocketry:airlock_door_top,model,src/main/resources/assets/advancedrocketry/models/airlock_door_top.json,MISSING
src/main/resources/assets/advancedrocketry/blockstates/airlock_door.json,0,advancedrocketry:airlock_door_top,model,src/main/resources/assets/advancedrocketry/models/airlock_door_top.json,MISSING
src/main/resources/assets/advancedrocketry/blockstates/airlock_door.json,0,advancedrocketry:airlock_door_top,model,src/main/resources/assets/advancedrocketry/models/airlock_door_top.json,MISSING
src/main/resources/assets/advancedrocketry/blockstates/airlock_door.json,0,advancedrocketry:airlock_door_top,model,src/main/resources/assets/advancedrocketry/models/airlock_door_top.json,MISSING
src/main/resources/assets/advancedrocketry/blockstates/airlock_door.json,0,advancedrocketry:airlock_door_top,model,src/main/resources/assets/advancedrocketry/models/airlock_door_top.json,MISSING
src/main/resources/assets/advancedrocketry/blockstates/airlock_door.json,0,advancedrocketry:airlock_door_top,model,src/main/resources/assets/advancedrocketry/models/airlock_door_top.json,MISSING
src/main/resources/assets/advancedrocketry/blockstates/airlock_door.json,0,advancedrocketry:airlock_door_top,model,src/main/resources/assets/advancedrocketry/models/airlock_door_top.json,MISSING
src/main/resources/assets/advancedrocketry/blockstates/airlock_door.json,0,advancedrocketry:airlock_door_top,model,src/main/resources/assets/advancedrocketry/models/airlock_door_top.json,MISSING
src/main/resources/assets/advancedrocketry/blockstates/airlock_door.json,0,advancedrocketry:airlock_door_top,model,src/main/resources/assets/advancedrocketry/models/airlock_door_top.json,MISSING
src/main/resources/assets/advancedrocketry/blockstates/airlock_door.json,0,advancedrocketry:airlock_door_top_rh,model,src/main/resources/assets/advancedrocketry/models/airlock_door_top_rh.json,MISSING
src/main/resources/assets/advancedrocketry/blockstates/airlock_door.json,0,advancedrocketry:airlock_door_top_rh,model,src/main/resources/assets/advancedrocketry/models/airlock_door_top_rh.json,MISSING
src/main/resources/assets/advancedrocketry/blockstates/airlock_door.json,0,advancedrocketry:airlock_door_top_rh,model,src/main/resources/assets/advancedrocketry/models/airlock_door_top_rh.json,MISSING
src/main/resources/assets/advancedrocketry/blockstates/airlock_door.json,0,advancedrocketry:airlock_door_top_rh,model,src/main/resources/assets/advancedrocketry/models/airlock_door_top_rh.json,MISSING
src/main/resources/assets/advancedrocketry/blockstates/airlock_door.json,0,advancedrocketry:airlock_door_top_rh,model,src/main/resources/assets/advancedrocketry/models/airlock_door_top_rh.json,MISSING
src/main/resources/assets/advancedrocketry/blockstates/airlock_door.json,0,advancedrocketry:airlock_door_top_rh,model,src/main/resources/assets/advancedrocketry/models/airlock_door_top_rh.json,MISSING
src/main/resources/assets/advancedrocketry/blockstates/airlock_door.json,0,advancedrocketry:airlock_door_top_rh,model,src/main/resources/assets/advancedrocketry/models/airlock_door_top_rh.json,MISSING
src/main/resources/assets/advancedrocketry/blockstates/airlock_door.json,0,advancedrocketry:airlock_door_top_rh,model,src/main/resources/assets/advancedrocketry/models/airlock_door_top_rh.json,MISSING
src/main/resources/assets/advancedrocketry/blockstates/airlock_door.json,0,advancedrocketry:airlock_door_top_rh,model,src/main/resources/assets/advancedrocketry/models/airlock_door_top_rh.json,MISSING
src/main/resources/assets/advancedrocketry/blockstates/airlock_door.json,0,advancedrocketry:airlock_door_top_rh,model,src/main/resources/assets/advancedrocketry/models/airlock_door_top_rh.json,MISSING
src/main/resources/assets/advancedrocketry/blockstates/airlock_door.json,0,advancedrocketry:airlock_door_top_rh,model,src/main/resources/assets/advancedrocketry/models/airlock_door_top_rh.json,MISSING
src/main/resources/assets/advancedrocketry/blockstates/airlock_door.json,0,advancedrocketry:airlock_door_top_rh,model,src/main/resources/assets/advancedrocketry/models/airlock_door_top_rh.json,MISSING
src/main/resources/assets/advancedrocketry/blockstates/airlock_door.json,0,advancedrocketry:airlock_door_top_rh,model,src/main/resources/assets/advancedrocketry/models/airlock_door_top_rh.json,MISSING
src/main/resources/assets/advancedrocketry/blockstates/airlock_door.json,0,advancedrocketry:airlock_door_top_rh,model,src/main/resources/assets/advancedrocketry/models/airlock_door_top_rh.json,MISSING
src/main/resources/assets/advancedrocketry/blockstates/airlock_door.json,0,advancedrocketry:airlock_door_top_rh,model,src/main/resources/assets/advancedrocketry/models/airlock_door_top_rh.json,MISSING
src/main/resources/assets/advancedrocketry/blockstates/airlock_door.json,0,advancedrocketry:airlock_door_top_rh,model,src/main/resources/assets/advancedrocketry/models/airlock_door_top_rh.json,MISSING
src/main/resources/assets/advancedrocketry/blockstates/aliensapling.json,0,advancedrocketry:blocks/sapling_blueTree,texture,src/main/resources/assets/advancedrocketry/textures/blocks/sapling_blueTree.png,MISSING
src/main/resources/assets/advancedrocketry/blockstates/altitudecontroller.json,0,advancedrocketry:blocks/machineOrientationControl,texture,src/main/resources/assets/advancedrocketry/textures/blocks/machineOrientationControl.png,MISSING
src/main/resources/assets/advancedrocketry/blockstates/altitudecontroller.json,0,advancedrocketry:blocks/machineOrientationControl,texture,src/main/resources/assets/advancedrocketry/textures/blocks/machineOrientationControl.png,MISSING
src/main/resources/assets/advancedrocketry/blockstates/biomescanner.json,0,advancedrocketry:orientablebottom,model,src/main/resources/assets/advancedrocketry/models/orientablebottom.json,MISSING
src/main/resources/assets/advancedrocketry/blockstates/biomescanner.json,0,advancedrocketry:orientablebottom,model,src/main/resources/assets/advancedrocketry/models/orientablebottom.json,MISSING
src/main/resources/assets/advancedrocketry/blockstates/biomescanner.json,0,advancedrocketry:orientablebottom,model,src/main/resources/assets/advancedrocketry/models/orientablebottom.json,MISSING
src/main/resources/assets/advancedrocketry/blockstates/biomescanner.json,0,advancedrocketry:orientablebottom,model,src/main/resources/assets/advancedrocketry/models/orientablebottom.json,MISSING
src/main/resources/assets/advancedrocketry/blockstates/biomescanner.json,0,advancedrocketry:orientablebottom,model,src/main/resources/assets/advancedrocketry/models/orientablebottom.json,MISSING
src/main/resources/assets/advancedrocketry/blockstates/biomescanner.json,0,advancedrocketry:orientablebottom,model,src/main/resources/assets/advancedrocketry/models/orientablebottom.json,MISSING
src/main/resources/assets/advancedrocketry/blockstates/biomescanner.json,0,advancedrocketry:orientablebottom,model,src/main/resources/assets/advancedrocketry/models/orientablebottom.json,MISSING
src/main/resources/assets/advancedrocketry/blockstates/bipropellantfueltank.json,0,advancedrocketry:models/bottomtank.obj,model,src/main/resources/assets/advancedrocketry/models/models/bottomtank.obj.json,MISSING
src/main/resources/assets/advancedrocketry/blockstates/bipropellantfueltank.json,0,advancedrocketry:models/middletank.obj,model,src/main/resources/assets/advancedrocketry/models/models/middletank.obj.json,MISSING
src/main/resources/assets/advancedrocketry/blockstates/bipropellantfueltank.json,0,advancedrocketry:models/middletank.obj,model,src/main/resources/assets/advancedrocketry/models/models/middletank.obj.json,MISSING
src/main/resources/assets/advancedrocketry/blockstates/bipropellantfueltank.json,0,advancedrocketry:models/middletank.obj,model,src/main/resources/assets/advancedrocketry/models/models/middletank.obj.json,MISSING
src/main/resources/assets/advancedrocketry/blockstates/bipropellantfueltank.json,0,advancedrocketry:models/toptank.obj,model,src/main/resources/assets/advancedrocketry/models/models/toptank.obj.json,MISSING
src/main/resources/assets/advancedrocketry/blockstates/bipropellantfueltank.json,0,advancedrocketry:textures/models/tank,texture,src/main/resources/assets/advancedrocketry/textures/textures/models/tank.png,MISSING
src/main/resources/assets/advancedrocketry/blockstates/bipropellantrocketmotor.json,0,advancedrocketry:/models/bipropellantcombustion,texture,src/main/resources/assets/advancedrocketry/textures//models/bipropellantcombustion.png,MISSING
src/main/resources/assets/advancedrocketry/blockstates/bipropellantrocketmotor.json,0,advancedrocketry:models/bipropellantrocketmotor.obj,model,src/main/resources/assets/advancedrocketry/models/models/bipropellantrocketmotor.obj.json,MISSING
src/main/resources/assets/advancedrocketry/blockstates/bipropellantrocketmotor.json,0,advancedrocketry:models/bipropellantrocketmotor.obj,model,src/main/resources/assets/advancedrocketry/models/models/bipropellantrocketmotor.obj.json,MISSING
src/main/resources/assets/advancedrocketry/blockstates/bipropellantrocketmotor.json,0,advancedrocketry:models/bipropellantrocketmotor.obj,model,src/main/resources/assets/advancedrocketry/models/models/bipropellantrocketmotor.obj.json,MISSING
src/main/resources/assets/advancedrocketry/blockstates/bipropellantrocketmotor.json,0,advancedrocketry:models/bipropellantrocketmotor.obj,model,src/main/resources/assets/advancedrocketry/models/models/bipropellantrocketmotor.obj.json,MISSING
src/main/resources/assets/advancedrocketry/blockstates/bipropellantrocketmotor.json,0,advancedrocketry:models/bipropellantrocketmotor.obj,model,src/main/resources/assets/advancedrocketry/models/models/bipropellantrocketmotor.obj.json,MISSING
src/main/resources/assets/advancedrocketry/blockstates/bipropellantrocketmotor.json,0,advancedrocketry:models/bipropellantrocketmotor.obj,model,src/main/resources/assets/advancedrocketry/models/models/bipropellantrocketmotor.obj.json,MISSING
src/main/resources/assets/advancedrocketry/blockstates/bipropellantrocketmotor.json,0,advancedrocketry:models/bipropellantrocketmotor.obj,model,src/main/resources/assets/advancedrocketry/models/models/bipropellantrocketmotor.obj.json,MISSING
src/main/resources/assets/advancedrocketry/blockstates/bipropellantrocketmotor.json,0,advancedrocketry:models/bipropellantrocketmotor.obj,model,src/main/resources/assets/advancedrocketry/models/models/bipropellantrocketmotor.obj.json,MISSING
src/main/resources/assets/advancedrocketry/blockstates/bipropellantrocketmotor.json,0,advancedrocketry:textures/models/bipropellantcombustion.png,model,src/main/resources/assets/advancedrocketry/models/textures/models/bipropellantcombustion.png.json,MISSING
src/main/resources/assets/advancedrocketry/blockstates/bipropellantrocketmotor.json,0,advancedrocketry:textures/models/bipropellantcombustion.png,model,src/main/resources/assets/advancedrocketry/models/textures/models/bipropellantcombustion.png.json,MISSING
src/main/resources/assets/advancedrocketry/blockstates/bipropellantrocketmotor.json,0,advancedrocketry:textures/models/bipropellantcombustion.png,model,src/main/resources/assets/advancedrocketry/models/textures/models/bipropellantcombustion.png.json,MISSING
src/main/resources/assets/advancedrocketry/blockstates/bipropellantrocketmotor.json,0,advancedrocketry:textures/models/bipropellantcombustion.png,model,src/main/resources/assets/advancedrocketry/models/textures/models/bipropellantcombustion.png.json,MISSING
src/main/resources/assets/advancedrocketry/blockstates/bipropellantrocketmotor.json,0,advancedrocketry:textures/models/bipropellantcombustion.png,model,src/main/resources/assets/advancedrocketry/models/textures/models/bipropellantcombustion.png.json,MISSING
src/main/resources/assets/advancedrocketry/blockstates/bipropellantrocketmotor.json,0,advancedrocketry:textures/models/bipropellantcombustion.png,model,src/main/resources/assets/advancedrocketry/models/textures/models/bipropellantcombustion.png.json,MISSING
src/main/resources/assets/advancedrocketry/blockstates/bipropellantrocketmotor.json,0,advancedrocketry:textures/models/bipropellantcombustion.png,texture,src/main/resources/assets/advancedrocketry/textures/textures/models/bipropellantcombustion.png.png,MISSING
src/main/resources/assets/advancedrocketry/blockstates/blockpump.json,0,advancedrocketry:orientablebottom,model,src/main/resources/assets/advancedrocketry/models/orientablebottom.json,MISSING
src/main/resources/assets/advancedrocketry/blockstates/blockpump.json,0,advancedrocketry:orientablebottom,model,src/main/resources/assets/advancedrocketry/models/orientablebottom.json,MISSING
src/main/resources/assets/advancedrocketry/blockstates/blockpump.json,0,advancedrocketry:orientablebottom,model,src/main/resources/assets/advancedrocketry/models/orientablebottom.json,MISSING
src/main/resources/assets/advancedrocketry/blockstates/blockpump.json,0,advancedrocketry:orientablebottom,model,src/main/resources/assets/advancedrocketry/models/orientablebottom.json,MISSING
src/main/resources/assets/advancedrocketry/blockstates/blockpump.json,0,advancedrocketry:orientablebottom,model,src/main/resources/assets/advancedrocketry/models/orientablebottom.json,MISSING
src/main/resources/assets/advancedrocketry/blockstates/blockpump.json,0,advancedrocketry:orientablebottom,model,src/main/resources/assets/advancedrocketry/models/orientablebottom.json,MISSING
src/main/resources/assets/advancedrocketry/blockstates/blockpump.json,0,advancedrocketry:orientablebottom,model,src/main/resources/assets/advancedrocketry/models/orientablebottom.json,MISSING
src/main/resources/assets/advancedrocketry/blockstates/datapipe.json,0,advancedrocketry:dataPipe,model,src/main/resources/assets/advancedrocketry/models/dataPipe.json,MISSING
src/main/resources/assets/advancedrocketry/blockstates/energypipe.json,0,advancedrocketry:energyPipe,model,src/main/resources/assets/advancedrocketry/models/energyPipe.json,MISSING
src/main/resources/assets/advancedrocketry/blockstates/forcefieldprojector.json,0,advancedrocketry:blocks/forceFieldProjectorFront,texture,src/main/resources/assets/advancedrocketry/textures/blocks/forceFieldProjectorFront.png,MISSING
src/main/resources/assets/advancedrocketry/blockstates/forcefieldprojector.json,0,advancedrocketry:blocks/forcefieldProjector,texture,src/main/resources/assets/advancedrocketry/textures/blocks/forcefieldProjector.png,MISSING
src/main/resources/assets/advancedrocketry/blockstates/forcefieldprojector.json,0,advancedrocketry:blocks/forcefieldProjector,texture,src/main/resources/assets/advancedrocketry/textures/blocks/forcefieldProjector.png,MISSING
src/main/resources/assets/advancedrocketry/blockstates/forcefieldprojector.json,0,advancedrocketry:blocks/forcefieldProjector,texture,src/main/resources/assets/advancedrocketry/textures/blocks/forcefieldProjector.png,MISSING
src/main/resources/assets/advancedrocketry/blockstates/forcefieldprojector.json,0,advancedrocketry:blocks/forcefieldProjector,texture,src/main/resources/assets/advancedrocketry/textures/blocks/forcefieldProjector.png,MISSING
src/main/resources/assets/advancedrocketry/blockstates/forcefieldprojector.json,0,advancedrocketry:blocks/machineGeneric,texture,src/main/resources/assets/advancedrocketry/textures/blocks/machineGeneric.png,MISSING
src/main/resources/assets/advancedrocketry/blockstates/forcefieldprojector.json,0,advancedrocketry:blocks/machineGeneric,texture,src/main/resources/assets/advancedrocketry/textures/blocks/machineGeneric.png,MISSING
src/main/resources/assets/advancedrocketry/blockstates/fueltank.json,0,advancedrocketry:models/bottomtank.obj,model,src/main/resources/assets/advancedrocketry/models/models/bottomtank.obj.json,MISSING
src/main/resources/assets/advancedrocketry/blockstates/fueltank.json,0,advancedrocketry:models/middletank.obj,model,src/main/resources/assets/advancedrocketry/models/models/middletank.obj.json,MISSING
src/main/resources/assets/advancedrocketry/blockstates/fueltank.json,0,advancedrocketry:models/middletank.obj,model,src/main/resources/assets/advancedrocketry/models/models/middletank.obj.json,MISSING
src/main/resources/assets/advancedrocketry/blockstates/fueltank.json,0,advancedrocketry:models/middletank.obj,model,src/main/resources/assets/advancedrocketry/models/models/middletank.obj.json,MISSING
src/main/resources/assets/advancedrocketry/blockstates/fueltank.json,0,advancedrocketry:models/toptank.obj,model,src/main/resources/assets/advancedrocketry/models/models/toptank.obj.json,MISSING
src/main/resources/assets/advancedrocketry/blockstates/fueltank.json,0,advancedrocketry:textures/models/tank,texture,src/main/resources/assets/advancedrocketry/textures/textures/models/tank.png,MISSING
src/main/resources/assets/advancedrocketry/blockstates/launchpad.json,0,advancedrocketry:launchpad_all,model,src/main/resources/assets/advancedrocketry/models/launchpad_all.json,MISSING
src/main/resources/assets/advancedrocketry/blockstates/launchpad.json,0,advancedrocketry:launchpad_all,model,src/main/resources/assets/advancedrocketry/models/launchpad_all.json,MISSING
src/main/resources/assets/advancedrocketry/blockstates/launchpad.json,0,advancedrocketry:launchpad_blCorner,model,src/main/resources/assets/advancedrocketry/models/launchpad_blCorner.json,MISSING
src/main/resources/assets/advancedrocketry/blockstates/launchpad.json,0,advancedrocketry:launchpad_bottomEdge,model,src/main/resources/assets/advancedrocketry/models/launchpad_bottomEdge.json,MISSING
src/main/resources/assets/advancedrocketry/blockstates/launchpad.json,0,advancedrocketry:launchpad_brCorner,model,src/main/resources/assets/advancedrocketry/models/launchpad_brCorner.json,MISSING
src/main/resources/assets/advancedrocketry/blockstates/launchpad.json,0,advancedrocketry:launchpad_leftEdge,model,src/main/resources/assets/advancedrocketry/models/launchpad_leftEdge.json,MISSING
src/main/resources/assets/advancedrocketry/blockstates/launchpad.json,0,advancedrocketry:launchpad_nbEdge,model,src/main/resources/assets/advancedrocketry/models/launchpad_nbEdge.json,MISSING
src/main/resources/assets/advancedrocketry/blockstates/launchpad.json,0,advancedrocketry:launchpad_nlEdge,model,src/main/resources/assets/advancedrocketry/models/launchpad_nlEdge.json,MISSING
src/main/resources/assets/advancedrocketry/blockstates/launchpad.json,0,advancedrocketry:launchpad_noEdge,model,src/main/resources/assets/advancedrocketry/models/launchpad_noEdge.json,MISSING
src/main/resources/assets/advancedrocketry/blockstates/launchpad.json,0,advancedrocketry:launchpad_nrEdge,model,src/main/resources/assets/advancedrocketry/models/launchpad_nrEdge.json,MISSING
src/main/resources/assets/advancedrocketry/blockstates/launchpad.json,0,advancedrocketry:launchpad_ntEdge,model,src/main/resources/assets/advancedrocketry/models/launchpad_ntEdge.json,MISSING
src/main/resources/assets/advancedrocketry/blockstates/launchpad.json,0,advancedrocketry:launchpad_rightEdge,model,src/main/resources/assets/advancedrocketry/models/launchpad_rightEdge.json,MISSING
src/main/resources/assets/advancedrocketry/blockstates/launchpad.json,0,advancedrocketry:launchpad_tlCorner,model,src/main/resources/assets/advancedrocketry/models/launchpad_tlCorner.json,MISSING
src/main/resources/assets/advancedrocketry/blockstates/launchpad.json,0,advancedrocketry:launchpad_topEdge,model,src/main/resources/assets/advancedrocketry/models/launchpad_topEdge.json,MISSING
src/main/resources/assets/advancedrocketry/blockstates/launchpad.json,0,advancedrocketry:launchpad_trCorner,model,src/main/resources/assets/advancedrocketry/models/launchpad_trCorner.json,MISSING
src/main/resources/assets/advancedrocketry/blockstates/launchpad.json,0,advancedrocketry:launchpad_xCross,model,src/main/resources/assets/advancedrocketry/models/launchpad_xCross.json,MISSING
src/main/resources/assets/advancedrocketry/blockstates/launchpad.json,0,advancedrocketry:launchpad_yCross,model,src/main/resources/assets/advancedrocketry/models/launchpad_yCross.json,MISSING
src/main/resources/assets/advancedrocketry/blockstates/liquidpipe.json,0,advancedrocketry:liquidPipe,model,src/main/resources/assets/advancedrocketry/models/liquidPipe.json,MISSING
src/main/resources/assets/advancedrocketry/blockstates/liquidtank.json,0,advancedrocketry:liquidTank,model,src/main/resources/assets/advancedrocketry/models/liquidTank.json,MISSING
src/main/resources/assets/advancedrocketry/blockstates/loader.json,0,advancedrocketry:databus,model,src/main/resources/assets/advancedrocketry/models/databus.json,MISSING
src/main/resources/assets/advancedrocketry/blockstates/loader.json,0,advancedrocketry:databus,model,src/main/resources/assets/advancedrocketry/models/databus.json,MISSING
src/main/resources/assets/advancedrocketry/blockstates/loader.json,0,advancedrocketry:guidancecomputeraccesshatch,model,src/main/resources/assets/advancedrocketry/models/guidancecomputeraccesshatch.json,MISSING
src/main/resources/assets/advancedrocketry/blockstates/loader.json,0,advancedrocketry:guidancecomputeraccesshatch,model,src/main/resources/assets/advancedrocketry/models/guidancecomputeraccesshatch.json,MISSING
src/main/resources/assets/advancedrocketry/blockstates/loader.json,0,advancedrocketry:satelliteHatch,model,src/main/resources/assets/advancedrocketry/models/satelliteHatch.json,MISSING
src/main/resources/assets/advancedrocketry/blockstates/loader.json,0,advancedrocketry:satelliteHatch,model,src/main/resources/assets/advancedrocketry/models/satelliteHatch.json,MISSING
src/main/resources/assets/advancedrocketry/blockstates/metal0.json,0,advancedrocketry:blockTitaniumAluminide,model,src/main/resources/assets/advancedrocketry/models/blockTitaniumAluminide.json,MISSING
src/main/resources/assets/advancedrocketry/blockstates/metal0.json,0,advancedrocketry:blockTitaniumIridium,model,src/main/resources/assets/advancedrocketry/models/blockTitaniumIridium.json,MISSING
src/main/resources/assets/advancedrocketry/blockstates/nuclearfueltank.json,0,advancedrocketry:models/bottomtank.obj,model,src/main/resources/assets/advancedrocketry/models/models/bottomtank.obj.json,MISSING
src/main/resources/assets/advancedrocketry/blockstates/nuclearfueltank.json,0,advancedrocketry:models/middletank.obj,model,src/main/resources/assets/advancedrocketry/models/models/middletank.obj.json,MISSING
src/main/resources/assets/advancedrocketry/blockstates/nuclearfueltank.json,0,advancedrocketry:models/middletank.obj,model,src/main/resources/assets/advancedrocketry/models/models/middletank.obj.json,MISSING
src/main/resources/assets/advancedrocketry/blockstates/nuclearfueltank.json,0,advancedrocketry:models/middletank.obj,model,src/main/resources/assets/advancedrocketry/models/models/middletank.obj.json,MISSING
src/main/resources/assets/advancedrocketry/blockstates/nuclearfueltank.json,0,advancedrocketry:models/toptank.obj,model,src/main/resources/assets/advancedrocketry/models/models/toptank.obj.json,MISSING
src/main/resources/assets/advancedrocketry/blockstates/nuclearfueltank.json,0,advancedrocketry:textures/models/tank,texture,src/main/resources/assets/advancedrocketry/textures/textures/models/tank.png,MISSING
src/main/resources/assets/advancedrocketry/blockstates/nuclearrocketmotor.json,0,advancedrocketry:/models/nuclearcombustion,texture,src/main/resources/assets/advancedrocketry/textures//models/nuclearcombustion.png,MISSING
src/main/resources/assets/advancedrocketry/blockstates/nuclearrocketmotor.json,0,advancedrocketry:models/bipropellantrocketmotor.obj,model,src/main/resources/assets/advancedrocketry/models/models/bipropellantrocketmotor.obj.json,MISSING
src/main/resources/assets/advancedrocketry/blockstates/nuclearrocketmotor.json,0,advancedrocketry:models/bipropellantrocketmotor.obj,model,src/main/resources/assets/advancedrocketry/models/models/bipropellantrocketmotor.obj.json,MISSING
src/main/resources/assets/advancedrocketry/blockstates/nuclearrocketmotor.json,0,advancedrocketry:models/nuclearrocketmotor.obj,model,src/main/resources/assets/advancedrocketry/models/models/nuclearrocketmotor.obj.json,MISSING
src/main/resources/assets/advancedrocketry/blockstates/nuclearrocketmotor.json,0,advancedrocketry:models/nuclearrocketmotor.obj,model,src/main/resources/assets/advancedrocketry/models/models/nuclearrocketmotor.obj.json,MISSING
src/main/resources/assets/advancedrocketry/blockstates/nuclearrocketmotor.json,0,advancedrocketry:models/nuclearrocketmotor.obj,model,src/main/resources/assets/advancedrocketry/models/models/nuclearrocketmotor.obj.json,MISSING
src/main/resources/assets/advancedrocketry/blockstates/nuclearrocketmotor.json,0,advancedrocketry:models/nuclearrocketmotor.obj,model,src/main/resources/assets/advancedrocketry/models/models/nuclearrocketmotor.obj.json,MISSING
src/main/resources/assets/advancedrocketry/blockstates/nuclearrocketmotor.json,0,advancedrocketry:models/nuclearrocketmotor.obj,model,src/main/resources/assets/advancedrocketry/models/models/nuclearrocketmotor.obj.json,MISSING
src/main/resources/assets/advancedrocketry/blockstates/nuclearrocketmotor.json,0,advancedrocketry:models/nuclearrocketmotor.obj,model,src/main/resources/assets/advancedrocketry/models/models/nuclearrocketmotor.obj.json,MISSING
src/main/resources/assets/advancedrocketry/blockstates/nuclearrocketmotor.json,0,advancedrocketry:textures/models/nuclearcombustion.png,model,src/main/resources/assets/advancedrocketry/models/textures/models/nuclearcombustion.png.json,MISSING
src/main/resources/assets/advancedrocketry/blockstates/nuclearrocketmotor.json,0,advancedrocketry:textures/models/nuclearcombustion.png,model,src/main/resources/assets/advancedrocketry/models/textures/models/nuclearcombustion.png.json,MISSING
src/main/resources/assets/advancedrocketry/blockstates/nuclearrocketmotor.json,0,advancedrocketry:textures/models/nuclearcombustion.png,model,src/main/resources/assets/advancedrocketry/models/textures/models/nuclearcombustion.png.json,MISSING
src/main/resources/assets/advancedrocketry/blockstates/nuclearrocketmotor.json,0,advancedrocketry:textures/models/nuclearcombustion.png,model,src/main/resources/assets/advancedrocketry/models/textures/models/nuclearcombustion.png.json,MISSING
src/main/resources/assets/advancedrocketry/blockstates/nuclearrocketmotor.json,0,advancedrocketry:textures/models/nuclearcombustion.png,model,src/main/resources/assets/advancedrocketry/models/textures/models/nuclearcombustion.png.json,MISSING
src/main/resources/assets/advancedrocketry/blockstates/nuclearrocketmotor.json,0,advancedrocketry:textures/models/nuclearcombustion.png,model,src/main/resources/assets/advancedrocketry/models/textures/models/nuclearcombustion.png.json,MISSING
src/main/resources/assets/advancedrocketry/blockstates/nuclearrocketmotor.json,0,advancedrocketry:textures/models/nuclearcombustion.png,texture,src/main/resources/assets/advancedrocketry/textures/textures/models/nuclearcombustion.png.png,MISSING
src/main/resources/assets/advancedrocketry/blockstates/oxidizerfueltank.json,0,advancedrocketry:models/bottomtank.obj,model,src/main/resources/assets/advancedrocketry/models/models/bottomtank.obj.json,MISSING
src/main/resources/assets/advancedrocketry/blockstates/oxidizerfueltank.json,0,advancedrocketry:models/middletank.obj,model,src/main/resources/assets/advancedrocketry/models/models/middletank.obj.json,MISSING
src/main/resources/assets/advancedrocketry/blockstates/oxidizerfueltank.json,0,advancedrocketry:models/middletank.obj,model,src/main/resources/assets/advancedrocketry/models/models/middletank.obj.json,MISSING
src/main/resources/assets/advancedrocketry/blockstates/oxidizerfueltank.json,0,advancedrocketry:models/middletank.obj,model,src/main/resources/assets/advancedrocketry/models/models/middletank.obj.json,MISSING
src/main/resources/assets/advancedrocketry/blockstates/oxidizerfueltank.json,0,advancedrocketry:models/toptank.obj,model,src/main/resources/assets/advancedrocketry/models/models/toptank.obj.json,MISSING
src/main/resources/assets/advancedrocketry/blockstates/oxidizerfueltank.json,0,advancedrocketry:textures/models/tank,texture,src/main/resources/assets/advancedrocketry/textures/textures/models/tank.png,MISSING
src/main/resources/assets/advancedrocketry/blockstates/platepress.json,0,advancedrocketry:platepresser_extended_normal,model,src/main/resources/assets/advancedrocketry/models/platepresser_extended_normal.json,MISSING
src/main/resources/assets/advancedrocketry/blockstates/platepress.json,0,advancedrocketry:platepresser_extended_normal,model,src/main/resources/assets/advancedrocketry/models/platepresser_extended_normal.json,MISSING
src/main/resources/assets/advancedrocketry/blockstates/platepress.json,0,advancedrocketry:platepresser_extended_normal,model,src/main/resources/assets/advancedrocketry/models/platepresser_extended_normal.json,MISSING
src/main/resources/assets/advancedrocketry/blockstates/platepress.json,0,advancedrocketry:platepresser_extended_normal,model,src/main/resources/assets/advancedrocketry/models/platepresser_extended_normal.json,MISSING
src/main/resources/assets/advancedrocketry/blockstates/platepress.json,0,advancedrocketry:platepresser_extended_normal,model,src/main/resources/assets/advancedrocketry/models/platepresser_extended_normal.json,MISSING
src/main/resources/assets/advancedrocketry/blockstates/platepress.json,0,advancedrocketry:platepresser_extended_normal,model,src/main/resources/assets/advancedrocketry/models/platepresser_extended_normal.json,MISSING
src/main/resources/assets/advancedrocketry/blockstates/platepress.json,0,advancedrocketry:platepresser_inventory_normal,model,src/main/resources/assets/advancedrocketry/models/platepresser_inventory_normal.json,MISSING
src/main/resources/assets/advancedrocketry/blockstates/platepress.json,0,advancedrocketry:platepresser_normal,model,src/main/resources/assets/advancedrocketry/models/platepresser_normal.json,MISSING
src/main/resources/assets/advancedrocketry/blockstates/platepress.json,0,advancedrocketry:platepresser_normal,model,src/main/resources/assets/advancedrocketry/models/platepresser_normal.json,MISSING
src/main/resources/assets/advancedrocketry/blockstates/platepress.json,0,advancedrocketry:platepresser_normal,model,src/main/resources/assets/advancedrocketry/models/platepresser_normal.json,MISSING
src/main/resources/assets/advancedrocketry/blockstates/platepress.json,0,advancedrocketry:platepresser_normal,model,src/main/resources/assets/advancedrocketry/models/platepresser_normal.json,MISSING
src/main/resources/assets/advancedrocketry/blockstates/platepress.json,0,advancedrocketry:platepresser_normal,model,src/main/resources/assets/advancedrocketry/models/platepresser_normal.json,MISSING
src/main/resources/assets/advancedrocketry/blockstates/platepress.json,0,advancedrocketry:platepresser_normal,model,src/main/resources/assets/advancedrocketry/models/platepresser_normal.json,MISSING
src/main/resources/assets/advancedrocketry/blockstates/quartzcrucible.json,0,advancedrocketry:quartzcrucible,model,src/main/resources/assets/advancedrocketry/models/quartzcrucible.json,MISSING
src/main/resources/assets/advancedrocketry/blockstates/quartzcrucible.json,0,advancedrocketry:quartzcrucible,model,src/main/resources/assets/advancedrocketry/models/quartzcrucible.json,MISSING
src/main/resources/assets/advancedrocketry/blockstates/quartzcrucible.json,0,advancedrocketry:quartzcrucible,model,src/main/resources/assets/advancedrocketry/models/quartzcrucible.json,MISSING
src/main/resources/assets/advancedrocketry/blockstates/quartzcrucible.json,0,advancedrocketry:quartzcrucible,model,src/main/resources/assets/advancedrocketry/models/quartzcrucible.json,MISSING
src/main/resources/assets/advancedrocketry/blockstates/quartzcrucible.json,0,advancedrocketry:quartzcrucible,model,src/main/resources/assets/advancedrocketry/models/quartzcrucible.json,MISSING
src/main/resources/assets/advancedrocketry/blockstates/rocketfire.json,0,advancedrocketry:ar_empty,model,src/main/resources/assets/advancedrocketry/models/ar_empty.json,MISSING
src/main/resources/assets/advancedrocketry/blockstates/rocketfire.json,0,advancedrocketry:ar_empty,model,src/main/resources/assets/advancedrocketry/models/ar_empty.json,MISSING
src/main/resources/assets/advancedrocketry/blockstates/rocketfire.json,0,advancedrocketry:ar_empty,model,src/main/resources/assets/advancedrocketry/models/ar_empty.json,MISSING
src/main/resources/assets/advancedrocketry/blockstates/rocketfire.json,0,advancedrocketry:ar_empty,model,src/main/resources/assets/advancedrocketry/models/ar_empty.json,MISSING
src/main/resources/assets/advancedrocketry/blockstates/rocketfire.json,0,advancedrocketry:ar_empty,model,src/main/resources/assets/advancedrocketry/models/ar_empty.json,MISSING
src/main/resources/assets/advancedrocketry/blockstates/rocketfire.json,0,advancedrocketry:ar_empty,model,src/main/resources/assets/advancedrocketry/models/ar_empty.json,MISSING
src/main/resources/assets/advancedrocketry/blockstates/rocketfire.json,0,advancedrocketry:ar_empty,model,src/main/resources/assets/advancedrocketry/models/ar_empty.json,MISSING
src/main/resources/assets/advancedrocketry/blockstates/rocketfire.json,0,advancedrocketry:ar_empty,model,src/main/resources/assets/advancedrocketry/models/ar_empty.json,MISSING
src/main/resources/assets/advancedrocketry/blockstates/rocketfire.json,0,advancedrocketry:ar_empty,model,src/main/resources/assets/advancedrocketry/models/ar_empty.json,MISSING
src/main/resources/assets/advancedrocketry/blockstates/rocketfire.json,0,advancedrocketry:ar_empty,model,src/main/resources/assets/advancedrocketry/models/ar_empty.json,MISSING
src/main/resources/assets/advancedrocketry/blockstates/rocketfire.json,0,advancedrocketry:fire,model,src/main/resources/assets/advancedrocketry/models/fire.json,MISSING
src/main/resources/assets/advancedrocketry/blockstates/rocketfire.json,0,advancedrocketry:fire,model,src/main/resources/assets/advancedrocketry/models/fire.json,MISSING
src/main/resources/assets/advancedrocketry/blockstates/rocketfire.json,0,advancedrocketry:fire,model,src/main/resources/assets/advancedrocketry/models/fire.json,MISSING
src/main/resources/assets/advancedrocketry/blockstates/rocketfire.json,0,advancedrocketry:fire,model,src/main/resources/assets/advancedrocketry/models/fire.json,MISSING
src/main/resources/assets/advancedrocketry/blockstates/rocketfire.json,0,advancedrocketry:fire,model,src/main/resources/assets/advancedrocketry/models/fire.json,MISSING
src/main/resources/assets/advancedrocketry/blockstates/rocketfire.json,0,advancedrocketry:fire,model,src/main/resources/assets/advancedrocketry/models/fire.json,MISSING
src/main/resources/assets/advancedrocketry/blockstates/rocketmotor.json,0,advancedrocketry:/models/combustion,texture,src/main/resources/assets/advancedrocketry/textures//models/combustion.png,MISSING
src/main/resources/assets/advancedrocketry/blockstates/rocketmotor.json,0,advancedrocketry:models/rocketmotor.obj,model,src/main/resources/assets/advancedrocketry/models/models/rocketmotor.obj.json,MISSING
src/main/resources/assets/advancedrocketry/blockstates/rocketmotor.json,0,advancedrocketry:models/rocketmotor.obj,model,src/main/resources/assets/advancedrocketry/models/models/rocketmotor.obj.json,MISSING
src/main/resources/assets/advancedrocketry/blockstates/rocketmotor.json,0,advancedrocketry:models/rocketmotor.obj,model,src/main/resources/assets/advancedrocketry/models/models/rocketmotor.obj.json,MISSING
src/main/resources/assets/advancedrocketry/blockstates/rocketmotor.json,0,advancedrocketry:models/rocketmotor.obj,model,src/main/resources/assets/advancedrocketry/models/models/rocketmotor.obj.json,MISSING
src/main/resources/assets/advancedrocketry/blockstates/rocketmotor.json,0,advancedrocketry:models/rocketmotor.obj,model,src/main/resources/assets/advancedrocketry/models/models/rocketmotor.obj.json,MISSING
src/main/resources/assets/advancedrocketry/blockstates/rocketmotor.json,0,advancedrocketry:models/rocketmotor.obj,model,src/main/resources/assets/advancedrocketry/models/models/rocketmotor.obj.json,MISSING
src/main/resources/assets/advancedrocketry/blockstates/rocketmotor.json,0,advancedrocketry:models/rocketmotor.obj,model,src/main/resources/assets/advancedrocketry/models/models/rocketmotor.obj.json,MISSING
src/main/resources/assets/advancedrocketry/blockstates/rocketmotor.json,0,advancedrocketry:models/rocketmotor.obj,model,src/main/resources/assets/advancedrocketry/models/models/rocketmotor.obj.json,MISSING
src/main/resources/assets/advancedrocketry/blockstates/rocketmotor.json,0,advancedrocketry:textures/models/combustion.png,model,src/main/resources/assets/advancedrocketry/models/textures/models/combustion.png.json,MISSING
src/main/resources/assets/advancedrocketry/blockstates/rocketmotor.json,0,advancedrocketry:textures/models/combustion.png,model,src/main/resources/assets/advancedrocketry/models/textures/models/combustion.png.json,MISSING
src/main/resources/assets/advancedrocketry/blockstates/rocketmotor.json,0,advancedrocketry:textures/models/combustion.png,model,src/main/resources/assets/advancedrocketry/models/textures/models/combustion.png.json,MISSING
src/main/resources/assets/advancedrocketry/blockstates/rocketmotor.json,0,advancedrocketry:textures/models/combustion.png,model,src/main/resources/assets/advancedrocketry/models/textures/models/combustion.png.json,MISSING
src/main/resources/assets/advancedrocketry/blockstates/rocketmotor.json,0,advancedrocketry:textures/models/combustion.png,model,src/main/resources/assets/advancedrocketry/models/textures/models/combustion.png.json,MISSING
src/main/resources/assets/advancedrocketry/blockstates/rocketmotor.json,0,advancedrocketry:textures/models/combustion.png,model,src/main/resources/assets/advancedrocketry/models/textures/models/combustion.png.json,MISSING
src/main/resources/assets/advancedrocketry/blockstates/rocketmotor.json,0,advancedrocketry:textures/models/combustion.png,texture,src/main/resources/assets/advancedrocketry/textures/textures/models/combustion.png.png,MISSING
src/main/resources/assets/advancedrocketry/blockstates/sawblade.json,0,advancedrocketry:/models/cuttingmachine2,texture,src/main/resources/assets/advancedrocketry/textures//models/cuttingmachine2.png,MISSING
src/main/resources/assets/advancedrocketry/blockstates/sawblade.json,0,advancedrocketry:models/sawblade.obj,model,src/main/resources/assets/advancedrocketry/models/models/sawblade.obj.json,MISSING
src/main/resources/assets/advancedrocketry/blockstates/sawblade.json,0,advancedrocketry:models/sawblade.obj,model,src/main/resources/assets/advancedrocketry/models/models/sawblade.obj.json,MISSING
src/main/resources/assets/advancedrocketry/blockstates/sawblade.json,0,advancedrocketry:models/sawblade.obj,model,src/main/resources/assets/advancedrocketry/models/models/sawblade.obj.json,MISSING
src/main/resources/assets/advancedrocketry/blockstates/sawblade.json,0,advancedrocketry:models/sawblade.obj,model,src/main/resources/assets/advancedrocketry/models/models/sawblade.obj.json,MISSING
src/main/resources/assets/advancedrocketry/blockstates/sawblade.json,0,advancedrocketry:models/sawblade.obj,model,src/main/resources/assets/advancedrocketry/models/models/sawblade.obj.json,MISSING
src/main/resources/assets/advancedrocketry/blockstates/sawblade.json,0,advancedrocketry:models/sawblade.obj,model,src/main/resources/assets/advancedrocketry/models/models/sawblade.obj.json,MISSING
src/main/resources/assets/advancedrocketry/blockstates/sawblade.json,0,advancedrocketry:models/sawblade.obj,model,src/main/resources/assets/advancedrocketry/models/models/sawblade.obj.json,MISSING
src/main/resources/assets/advancedrocketry/blockstates/sawblade.json,0,advancedrocketry:models/sawblade.obj,model,src/main/resources/assets/advancedrocketry/models/models/sawblade.obj.json,MISSING
src/main/resources/assets/advancedrocketry/blockstates/seat.json,0,advancedrocketry:seat,model,src/main/resources/assets/advancedrocketry/models/seat.json,MISSING
src/main/resources/assets/advancedrocketry/blockstates/seat.json,0,advancedrocketry:seat,model,src/main/resources/assets/advancedrocketry/models/seat.json,MISSING
src/main/resources/assets/advancedrocketry/blockstates/solararraypanel.json,0,advancedrocketry:solararraypanel,model,src/main/resources/assets/advancedrocketry/models/solararraypanel.json,MISSING
src/main/resources/assets/advancedrocketry/blockstates/solararraypanel.json,0,advancedrocketry:solararraypanel,model,src/main/resources/assets/advancedrocketry/models/solararraypanel.json,MISSING
src/main/resources/assets/advancedrocketry/blockstates/solararraypanel.json,0,advancedrocketry:solararraypanel,model,src/main/resources/assets/advancedrocketry/models/solararraypanel.json,MISSING
src/main/resources/assets/advancedrocketry/blockstates/solararraypanel.json,0,advancedrocketry:solararraypanel,model,src/main/resources/assets/advancedrocketry/models/solararraypanel.json,MISSING
src/main/resources/assets/advancedrocketry/blockstates/solararraypanel.json,0,advancedrocketry:solararraypanel,model,src/main/resources/assets/advancedrocketry/models/solararraypanel.json,MISSING
src/main/resources/assets/advancedrocketry/blockstates/solararraypanel.json,0,advancedrocketry:solararraypanel,model,src/main/resources/assets/advancedrocketry/models/solararraypanel.json,MISSING
src/main/resources/assets/advancedrocketry/blockstates/solararraypanel.json,0,advancedrocketry:solararraypanel,model,src/main/resources/assets/advancedrocketry/models/solararraypanel.json,MISSING
src/main/resources/assets/advancedrocketry/blockstates/solararraypanel.json,0,advancedrocketry:solararraypanel,model,src/main/resources/assets/advancedrocketry/models/solararraypanel.json,MISSING
src/main/resources/assets/advancedrocketry/blockstates/solararraypanel.json,0,advancedrocketry:solararraypanel,model,src/main/resources/assets/advancedrocketry/models/solararraypanel.json,MISSING
src/main/resources/assets/advancedrocketry/blockstates/solararraypanel.json,0,advancedrocketry:solararraypanel,model,src/main/resources/assets/advancedrocketry/models/solararraypanel.json,MISSING
src/main/resources/assets/advancedrocketry/blockstates/solararraypanel.json,0,advancedrocketry:solararraypanel,model,src/main/resources/assets/advancedrocketry/models/solararraypanel.json,MISSING
src/main/resources/assets/advancedrocketry/blockstates/solararraypanel.json,0,advancedrocketry:solararraypanel,model,src/main/resources/assets/advancedrocketry/models/solararraypanel.json,MISSING
src/main/resources/assets/advancedrocketry/blockstates/solararraypanel.json,0,advancedrocketry:solararraypanel,model,src/main/resources/assets/advancedrocketry/models/solararraypanel.json,MISSING
src/main/resources/assets/advancedrocketry/blockstates/solararraypanel.json,0,advancedrocketry:solararraypanel,model,src/main/resources/assets/advancedrocketry/models/solararraypanel.json,MISSING
src/main/resources/assets/advancedrocketry/blockstates/solararraypanel.json,0,advancedrocketry:solararraypanel,model,src/main/resources/assets/advancedrocketry/models/solararraypanel.json,MISSING
src/main/resources/assets/advancedrocketry/blockstates/solararraypanel.json,0,advancedrocketry:solararraypanel,model,src/main/resources/assets/advancedrocketry/models/solararraypanel.json,MISSING
src/main/resources/assets/advancedrocketry/blockstates/solararraypanel.json,0,advancedrocketry:solararraypanel,model,src/main/resources/assets/advancedrocketry/models/solararraypanel.json,MISSING
src/main/resources/assets/advancedrocketry/blockstates/solargenerator.json,0,advancedrocketry:orientablebottom,model,src/main/resources/assets/advancedrocketry/models/orientablebottom.json,MISSING
src/main/resources/assets/advancedrocketry/blockstates/solargenerator.json,0,advancedrocketry:orientablebottom,model,src/main/resources/assets/advancedrocketry/models/orientablebottom.json,MISSING
src/main/resources/assets/advancedrocketry/blockstates/solargenerator.json,0,advancedrocketry:orientablebottom,model,src/main/resources/assets/advancedrocketry/models/orientablebottom.json,MISSING
src/main/resources/assets/advancedrocketry/blockstates/solargenerator.json,0,advancedrocketry:orientablebottom,model,src/main/resources/assets/advancedrocketry/models/orientablebottom.json,MISSING
src/main/resources/assets/advancedrocketry/blockstates/solarpanel.json,0,advancedrocketry:orientablebottom,model,src/main/resources/assets/advancedrocketry/models/orientablebottom.json,MISSING
src/main/resources/assets/advancedrocketry/blockstates/spacelaser.json,0,advancedrocketry:orientablebottom,model,src/main/resources/assets/advancedrocketry/models/orientablebottom.json,MISSING
src/main/resources/assets/advancedrocketry/blockstates/spacelaser.json,0,advancedrocketry:orientablebottom,model,src/main/resources/assets/advancedrocketry/models/orientablebottom.json,MISSING
src/main/resources/assets/advancedrocketry/blockstates/spacelaser.json,0,advancedrocketry:orientablebottom,model,src/main/resources/assets/advancedrocketry/models/orientablebottom.json,MISSING
src/main/resources/assets/advancedrocketry/blockstates/spacelaser.json,0,advancedrocketry:orientablebottom,model,src/main/resources/assets/advancedrocketry/models/orientablebottom.json,MISSING
src/main/resources/assets/advancedrocketry/blockstates/spacelaser.json,0,advancedrocketry:orientablebottom,model,src/main/resources/assets/advancedrocketry/models/orientablebottom.json,MISSING
src/main/resources/assets/advancedrocketry/blockstates/spacelaser.json,0,advancedrocketry:orientablebottom,model,src/main/resources/assets/advancedrocketry/models/orientablebottom.json,MISSING
src/main/resources/assets/advancedrocketry/blockstates/spacelaser.json,0,advancedrocketry:orientablebottom,model,src/main/resources/assets/advancedrocketry/models/orientablebottom.json,MISSING
src/main/resources/assets/advancedrocketry/blockstates/suitworkstation.json,0,advancedrocketry:orientablebottom,model,src/main/resources/assets/advancedrocketry/models/orientablebottom.json,MISSING
src/main/resources/assets/advancedrocketry/blockstates/suitworkstation.json,0,advancedrocketry:orientablebottom,model,src/main/resources/assets/advancedrocketry/models/orientablebottom.json,MISSING
src/main/resources/assets/advancedrocketry/blockstates/suitworkstation.json,0,advancedrocketry:orientablebottom,model,src/main/resources/assets/advancedrocketry/models/orientablebottom.json,MISSING
src/main/resources/assets/advancedrocketry/blockstates/suitworkstation.json,0,advancedrocketry:orientablebottom,model,src/main/resources/assets/advancedrocketry/models/orientablebottom.json,MISSING
src/main/resources/assets/advancedrocketry/blockstates/thermitetorch.json,0,advancedrocketry:normal_thermite_torch,model,src/main/resources/assets/advancedrocketry/models/normal_thermite_torch.json,MISSING
src/main/resources/assets/advancedrocketry/blockstates/thermitetorch.json,0,advancedrocketry:normal_thermite_torch,model,src/main/resources/assets/advancedrocketry/models/normal_thermite_torch.json,MISSING
src/main/resources/assets/advancedrocketry/blockstates/thermitetorch.json,0,advancedrocketry:normal_thermite_torch_wall,model,src/main/resources/assets/advancedrocketry/models/normal_thermite_torch_wall.json,MISSING
src/main/resources/assets/advancedrocketry/blockstates/thermitetorch.json,0,advancedrocketry:normal_thermite_torch_wall,model,src/main/resources/assets/advancedrocketry/models/normal_thermite_torch_wall.json,MISSING
src/main/resources/assets/advancedrocketry/blockstates/thermitetorch.json,0,advancedrocketry:normal_thermite_torch_wall,model,src/main/resources/assets/advancedrocketry/models/normal_thermite_torch_wall.json,MISSING
src/main/resources/assets/advancedrocketry/blockstates/thermitetorch.json,0,advancedrocketry:normal_thermite_torch_wall,model,src/main/resources/assets/advancedrocketry/models/normal_thermite_torch_wall.json,MISSING
src/main/resources/assets/advancedrocketry/blockstates/vacuumlaser.json,0,advancedrocketry:blocks/machineGeneric,texture,src/main/resources/assets/advancedrocketry/textures/blocks/machineGeneric.png,MISSING
src/main/resources/assets/advancedrocketry/blockstates/wirelesstransciever.json,0,advancedrocketry:wirelesstransciever,model,src/main/resources/assets/advancedrocketry/models/wirelesstransciever.json,MISSING
src/main/resources/assets/advancedrocketry/blockstates/wirelesstransciever.json,0,advancedrocketry:wirelesstransciever,model,src/main/resources/assets/advancedrocketry/models/wirelesstransciever.json,MISSING
src/main/resources/assets/advancedrocketry/blockstates/wirelesstransciever.json,0,advancedrocketry:wirelesstransciever,model,src/main/resources/assets/advancedrocketry/models/wirelesstransciever.json,MISSING
src/main/resources/assets/advancedrocketry/blockstates/wirelesstransciever.json,0,advancedrocketry:wirelesstransciever,model,src/main/resources/assets/advancedrocketry/models/wirelesstransciever.json,MISSING
src/main/resources/assets/advancedrocketry/blockstates/wirelesstransciever.json,0,advancedrocketry:wirelesstransciever,model,src/main/resources/assets/advancedrocketry/models/wirelesstransciever.json,MISSING
src/main/resources/assets/advancedrocketry/blockstates/wirelesstransciever.json,0,advancedrocketry:wirelesstransciever,model,src/main/resources/assets/advancedrocketry/models/wirelesstransciever.json,MISSING
src/main/resources/assets/advancedrocketry/blockstates/wirelesstransciever.json,0,advancedrocketry:wirelesstransciever,model,src/main/resources/assets/advancedrocketry/models/wirelesstransciever.json,MISSING
src/main/resources/assets/advancedrocketry/blockstates/wirelesstransciever.json,0,advancedrocketry:wirelesstransciever,model,src/main/resources/assets/advancedrocketry/models/wirelesstransciever.json,MISSING
src/main/resources/assets/advancedrocketry/blockstates/wirelesstransciever.json,0,advancedrocketry:wirelesstransciever,model,src/main/resources/assets/advancedrocketry/models/wirelesstransciever.json,MISSING
src/main/resources/assets/advancedrocketry/models/areagravitycontroller.obj,3,area_gravity_controller.mtl,mtl,src/main/resources/assets/advancedrocketry/models/area_gravity_controller.mtl,MISSING
src/main/resources/assets/advancedrocketry/models/astrobodydataprocessor.obj,3,astrobody_data_processor.mtl,mtl,src/main/resources/assets/advancedrocketry/models/astrobody_data_processor.mtl,MISSING
src/main/resources/assets/advancedrocketry/models/beacon.obj,3,beacon.mtl,mtl,src/main/resources/assets/advancedrocketry/models/beacon.mtl,MISSING
src/main/resources/assets/advancedrocketry/models/biomescanner.obj,3,biomescanner.mtl,mtl,src/main/resources/assets/advancedrocketry/models/biomescanner.mtl,MISSING
src/main/resources/assets/advancedrocketry/models/blackholegenerator.obj,3,black_hole_generator.mtl,mtl,src/main/resources/assets/advancedrocketry/models/black_hole_generator.mtl,MISSING
src/main/resources/assets/advancedrocketry/models/block/airlock_door_bottom.json,0,advancedrocketry:blocks/smallAirlockDoor_lower,texture,src/main/resources/assets/advancedrocketry/textures/blocks/smallAirlockDoor_lower.png,MISSING
src/main/resources/assets/advancedrocketry/models/block/airlock_door_bottom.json,0,advancedrocketry:blocks/smallAirlockDoor_upper,texture,src/main/resources/assets/advancedrocketry/textures/blocks/smallAirlockDoor_upper.png,MISSING
src/main/resources/assets/advancedrocketry/models/block/airlock_door_bottom_rh.json,0,advancedrocketry:blocks/smallAirlockDoor_lower,texture,src/main/resources/assets/advancedrocketry/textures/blocks/smallAirlockDoor_lower.png,MISSING
src/main/resources/assets/advancedrocketry/models/block/airlock_door_bottom_rh.json,0,advancedrocketry:blocks/smallAirlockDoor_upper,texture,src/main/resources/assets/advancedrocketry/textures/blocks/smallAirlockDoor_upper.png,MISSING
src/main/resources/assets/advancedrocketry/models/block/airlock_door_top.json,0,advancedrocketry:blocks/smallAirlockDoor_lower,texture,src/main/resources/assets/advancedrocketry/textures/blocks/smallAirlockDoor_lower.png,MISSING
src/main/resources/assets/advancedrocketry/models/block/airlock_door_top.json,0,advancedrocketry:blocks/smallAirlockDoor_upper,texture,src/main/resources/assets/advancedrocketry/textures/blocks/smallAirlockDoor_upper.png,MISSING
src/main/resources/assets/advancedrocketry/models/block/airlock_door_top_rh.json,0,advancedrocketry:blocks/smallAirlockDoor_lower,texture,src/main/resources/assets/advancedrocketry/textures/blocks/smallAirlockDoor_lower.png,MISSING
src/main/resources/assets/advancedrocketry/models/block/airlock_door_top_rh.json,0,advancedrocketry:blocks/smallAirlockDoor_upper,texture,src/main/resources/assets/advancedrocketry/textures/blocks/smallAirlockDoor_upper.png,MISSING
src/main/resources/assets/advancedrocketry/models/block/databus.json,0,advancedrocketry:blocks/dataHatch,texture,src/main/resources/assets/advancedrocketry/textures/blocks/dataHatch.png,MISSING
src/main/resources/assets/advancedrocketry/models/block/datapipe.json,0,advancedrocketry:blocks/pipeData,texture,src/main/resources/assets/advancedrocketry/textures/blocks/pipeData.png,MISSING
src/main/resources/assets/advancedrocketry/models/block/energypipe.json,0,advancedrocketry:blocks/pipeEnergy,texture,src/main/resources/assets/advancedrocketry/textures/blocks/pipeEnergy.png,MISSING
src/main/resources/assets/advancedrocketry/models/block/launchpad_all.json,0,advancedrocketry:blocks/rocketPad_,texture,src/main/resources/assets/advancedrocketry/textures/blocks/rocketPad_.png,MISSING
src/main/resources/assets/advancedrocketry/models/block/launchpad_all.json,0,advancedrocketry:blocks/rocketPad_,texture,src/main/resources/assets/advancedrocketry/textures/blocks/rocketPad_.png,MISSING
src/main/resources/assets/advancedrocketry/models/block/launchpad_all.json,0,advancedrocketry:blocks/rocketPad_xCross,texture,src/main/resources/assets/advancedrocketry/textures/blocks/rocketPad_xCross.png,MISSING
src/main/resources/assets/advancedrocketry/models/block/launchpad_blcorner.json,0,advancedrocketry:blocks/rocketPad_blCorner,texture,src/main/resources/assets/advancedrocketry/textures/blocks/rocketPad_blCorner.png,MISSING
src/main/resources/assets/advancedrocketry/models/block/launchpad_blcorner.json,0,advancedrocketry:blocks/rocketPad_tlCorner,texture,src/main/resources/assets/advancedrocketry/textures/blocks/rocketPad_tlCorner.png,MISSING
src/main/resources/assets/advancedrocketry/models/block/launchpad_blcorner.json,0,advancedrocketry:blocks/rocketPad_xCross,texture,src/main/resources/assets/advancedrocketry/textures/blocks/rocketPad_xCross.png,MISSING
src/main/resources/assets/advancedrocketry/models/block/launchpad_bottomedge.json,0,advancedrocketry:blocks/rocketPad_bottomEdge,texture,src/main/resources/assets/advancedrocketry/textures/blocks/rocketPad_bottomEdge.png,MISSING
src/main/resources/assets/advancedrocketry/models/block/launchpad_bottomedge.json,0,advancedrocketry:blocks/rocketPad_topEdge,texture,src/main/resources/assets/advancedrocketry/textures/blocks/rocketPad_topEdge.png,MISSING
src/main/resources/assets/advancedrocketry/models/block/launchpad_bottomedge.json,0,advancedrocketry:blocks/rocketPad_xCross,texture,src/main/resources/assets/advancedrocketry/textures/blocks/rocketPad_xCross.png,MISSING
src/main/resources/assets/advancedrocketry/models/block/launchpad_brcorner.json,0,advancedrocketry:blocks/rocketPad_brCorner,texture,src/main/resources/assets/advancedrocketry/textures/blocks/rocketPad_brCorner.png,MISSING
src/main/resources/assets/advancedrocketry/models/block/launchpad_brcorner.json,0,advancedrocketry:blocks/rocketPad_trCorner,texture,src/main/resources/assets/advancedrocketry/textures/blocks/rocketPad_trCorner.png,MISSING
src/main/resources/assets/advancedrocketry/models/block/launchpad_brcorner.json,0,advancedrocketry:blocks/rocketPad_xCross,texture,src/main/resources/assets/advancedrocketry/textures/blocks/rocketPad_xCross.png,MISSING
src/main/resources/assets/advancedrocketry/models/block/launchpad_leftedge.json,0,advancedrocketry:blocks/rocketPad_leftEdge,texture,src/main/resources/assets/advancedrocketry/textures/blocks/rocketPad_leftEdge.png,MISSING
src/main/resources/assets/advancedrocketry/models/block/launchpad_leftedge.json,0,advancedrocketry:blocks/rocketPad_leftEdge,texture,src/main/resources/assets/advancedrocketry/textures/blocks/rocketPad_leftEdge.png,MISSING
src/main/resources/assets/advancedrocketry/models/block/launchpad_leftedge.json,0,advancedrocketry:blocks/rocketPad_xCross,texture,src/main/resources/assets/advancedrocketry/textures/blocks/rocketPad_xCross.png,MISSING
src/main/resources/assets/advancedrocketry/models/block/launchpad_nbedge.json,0,advancedrocketry:blocks/rocketPad_nbEdge,texture,src/main/resources/assets/advancedrocketry/textures/blocks/rocketPad_nbEdge.png,MISSING
src/main/resources/assets/advancedrocketry/models/block/launchpad_nbedge.json,0,advancedrocketry:blocks/rocketPad_ntEdge,texture,src/main/resources/assets/advancedrocketry/textures/blocks/rocketPad_ntEdge.png,MISSING
src/main/resources/assets/advancedrocketry/models/block/launchpad_nbedge.json,0,advancedrocketry:blocks/rocketPad_xCross,texture,src/main/resources/assets/advancedrocketry/textures/blocks/rocketPad_xCross.png,MISSING
src/main/resources/assets/advancedrocketry/models/block/launchpad_nledge.json,0,advancedrocketry:blocks/rocketPad_nlEdge,texture,src/main/resources/assets/advancedrocketry/textures/blocks/rocketPad_nlEdge.png,MISSING
src/main/resources/assets/advancedrocketry/models/block/launchpad_nledge.json,0,advancedrocketry:blocks/rocketPad_nlEdge,texture,src/main/resources/assets/advancedrocketry/textures/blocks/rocketPad_nlEdge.png,MISSING
src/main/resources/assets/advancedrocketry/models/block/launchpad_nledge.json,0,advancedrocketry:blocks/rocketPad_xCross,texture,src/main/resources/assets/advancedrocketry/textures/blocks/rocketPad_xCross.png,MISSING
src/main/resources/assets/advancedrocketry/models/block/launchpad_noedge.json,0,advancedrocketry:blocks/rocketPad_noEdge,texture,src/main/resources/assets/advancedrocketry/textures/blocks/rocketPad_noEdge.png,MISSING
src/main/resources/assets/advancedrocketry/models/block/launchpad_noedge.json,0,advancedrocketry:blocks/rocketPad_noEdge,texture,src/main/resources/assets/advancedrocketry/textures/blocks/rocketPad_noEdge.png,MISSING
src/main/resources/assets/advancedrocketry/models/block/launchpad_noedge.json,0,advancedrocketry:blocks/rocketPad_xCross,texture,src/main/resources/assets/advancedrocketry/textures/blocks/rocketPad_xCross.png,MISSING
src/main/resources/assets/advancedrocketry/models/block/launchpad_nredge.json,0,advancedrocketry:blocks/rocketPad_nrEdge,texture,src/main/resources/assets/advancedrocketry/textures/blocks/rocketPad_nrEdge.png,MISSING
src/main/resources/assets/advancedrocketry/models/block/launchpad_nredge.json,0,advancedrocketry:blocks/rocketPad_nrEdge,texture,src/main/resources/assets/advancedrocketry/textures/blocks/rocketPad_nrEdge.png,MISSING
src/main/resources/assets/advancedrocketry/models/block/launchpad_nredge.json,0,advancedrocketry:blocks/rocketPad_xCross,texture,src/main/resources/assets/advancedrocketry/textures/blocks/rocketPad_xCross.png,MISSING
src/main/resources/assets/advancedrocketry/models/block/launchpad_ntedge.json,0,advancedrocketry:blocks/rocketPad_nbEdge,texture,src/main/resources/assets/advancedrocketry/textures/blocks/rocketPad_nbEdge.png,MISSING
src/main/resources/assets/advancedrocketry/models/block/launchpad_ntedge.json,0,advancedrocketry:blocks/rocketPad_ntEdge,texture,src/main/resources/assets/advancedrocketry/textures/blocks/rocketPad_ntEdge.png,MISSING
src/main/resources/assets/advancedrocketry/models/block/launchpad_ntedge.json,0,advancedrocketry:blocks/rocketPad_xCross,texture,src/main/resources/assets/advancedrocketry/textures/blocks/rocketPad_xCross.png,MISSING
src/main/resources/assets/advancedrocketry/models/block/launchpad_rightedge.json,0,advancedrocketry:blocks/rocketPad_rightEdge,texture,src/main/resources/assets/advancedrocketry/textures/blocks/rocketPad_rightEdge.png,MISSING
src/main/resources/assets/advancedrocketry/models/block/launchpad_rightedge.json,0,advancedrocketry:blocks/rocketPad_rightEdge,texture,src/main/resources/assets/advancedrocketry/textures/blocks/rocketPad_rightEdge.png,MISSING
src/main/resources/assets/advancedrocketry/models/block/launchpad_rightedge.json,0,advancedrocketry:blocks/rocketPad_xCross,texture,src/main/resources/assets/advancedrocketry/textures/blocks/rocketPad_xCross.png,MISSING
src/main/resources/assets/advancedrocketry/models/block/launchpad_tlcorner.json,0,advancedrocketry:blocks/rocketPad_blCorner,texture,src/main/resources/assets/advancedrocketry/textures/blocks/rocketPad_blCorner.png,MISSING
src/main/resources/assets/advancedrocketry/models/block/launchpad_tlcorner.json,0,advancedrocketry:blocks/rocketPad_tlCorner,texture,src/main/resources/assets/advancedrocketry/textures/blocks/rocketPad_tlCorner.png,MISSING
src/main/resources/assets/advancedrocketry/models/block/launchpad_tlcorner.json,0,advancedrocketry:blocks/rocketPad_xCross,texture,src/main/resources/assets/advancedrocketry/textures/blocks/rocketPad_xCross.png,MISSING
src/main/resources/assets/advancedrocketry/models/block/launchpad_topedge.json,0,advancedrocketry:blocks/rocketPad_bottomEdge,texture,src/main/resources/assets/advancedrocketry/textures/blocks/rocketPad_bottomEdge.png,MISSING
src/main/resources/assets/advancedrocketry/models/block/launchpad_topedge.json,0,advancedrocketry:blocks/rocketPad_topEdge,texture,src/main/resources/assets/advancedrocketry/textures/blocks/rocketPad_topEdge.png,MISSING
src/main/resources/assets/advancedrocketry/models/block/launchpad_topedge.json,0,advancedrocketry:blocks/rocketPad_xCross,texture,src/main/resources/assets/advancedrocketry/textures/blocks/rocketPad_xCross.png,MISSING
src/main/resources/assets/advancedrocketry/models/block/launchpad_trcorner.json,0,advancedrocketry:blocks/rocketPad_brCorner,texture,src/main/resources/assets/advancedrocketry/textures/blocks/rocketPad_brCorner.png,MISSING
src/main/resources/assets/advancedrocketry/models/block/launchpad_trcorner.json,0,advancedrocketry:blocks/rocketPad_trCorner,texture,src/main/resources/assets/advancedrocketry/textures/blocks/rocketPad_trCorner.png,MISSING
src/main/resources/assets/advancedrocketry/models/block/launchpad_trcorner.json,0,advancedrocketry:blocks/rocketPad_xCross,texture,src/main/resources/assets/advancedrocketry/textures/blocks/rocketPad_xCross.png,MISSING
src/main/resources/assets/advancedrocketry/models/block/launchpad_xcross.json,0,advancedrocketry:blocks/rocketPad_xCross,texture,src/main/resources/assets/advancedrocketry/textures/blocks/rocketPad_xCross.png,MISSING
src/main/resources/assets/advancedrocketry/models/block/launchpad_xcross.json,0,advancedrocketry:blocks/rocketPad_xCross,texture,src/main/resources/assets/advancedrocketry/textures/blocks/rocketPad_xCross.png,MISSING
src/main/resources/assets/advancedrocketry/models/block/launchpad_xcross.json,0,advancedrocketry:blocks/rocketPad_xCross,texture,src/main/resources/assets/advancedrocketry/textures/blocks/rocketPad_xCross.png,MISSING
src/main/resources/assets/advancedrocketry/models/block/launchpad_ycross.json,0,advancedrocketry:blocks/rocketPad_yCross,texture,src/main/resources/assets/advancedrocketry/textures/blocks/rocketPad_yCross.png,MISSING
src/main/resources/assets/advancedrocketry/models/block/launchpad_ycross.json,0,advancedrocketry:blocks/rocketPad_yCross,texture,src/main/resources/assets/advancedrocketry/textures/blocks/rocketPad_yCross.png,MISSING
src/main/resources/assets/advancedrocketry/models/block/launchpad_ycross.json,0,advancedrocketry:blocks/rocketPad_yCross,texture,src/main/resources/assets/advancedrocketry/textures/blocks/rocketPad_yCross.png,MISSING
src/main/resources/assets/advancedrocketry/models/block/liquidpipe.json,0,advancedrocketry:blocks/pipeLiquid,texture,src/main/resources/assets/advancedrocketry/textures/blocks/pipeLiquid.png,MISSING
src/main/resources/assets/advancedrocketry/models/block/liquidtank.json,0,advancedrocketry:blocks/liquidTank,texture,src/main/resources/assets/advancedrocketry/textures/blocks/liquidTank.png,MISSING
src/main/resources/assets/advancedrocketry/models/block/models/advbipropellantrocketmotor.mtl,5,advancedrocketry:models/advbipropellantcombustion,texture_path,src/main/resources/assets/advancedrocketry/models/block/models/advancedrocketry:models/advbipropellantcombustion,MISSING
src/main/resources/assets/advancedrocketry/models/block/models/advrocketmotor.mtl,5,advancedrocketry:models/advcombustion,texture_path,src/main/resources/assets/advancedrocketry/models/block/models/advancedrocketry:models/advcombustion,MISSING
src/main/resources/assets/advancedrocketry/models/block/models/bipropellantrocketmotor.mtl,5,advancedrocketry:models/bipropellantcombustion,texture_path,src/main/resources/assets/advancedrocketry/models/block/models/advancedrocketry:models/bipropellantcombustion,MISSING
src/main/resources/assets/advancedrocketry/models/block/models/bottomtank.mtl,8,advancedrocketry:models/tank,texture_path,src/main/resources/assets/advancedrocketry/models/block/models/advancedrocketry:models/tank,MISSING
src/main/resources/assets/advancedrocketry/models/block/models/bottomtank.obj,3,bottomTank.mtl,mtl,src/main/resources/assets/advancedrocketry/models/block/models/bottomTank.mtl,MISSING
src/main/resources/assets/advancedrocketry/models/block/models/endtank.mtl,8,advancedrocketry:models/tank.png,texture_path,src/main/resources/assets/advancedrocketry/models/block/models/advancedrocketry:models/tank.png,MISSING
src/main/resources/assets/advancedrocketry/models/block/models/middletank.mtl,8,advancedrocketry:models/tank,texture_path,src/main/resources/assets/advancedrocketry/models/block/models/advancedrocketry:models/tank,MISSING
src/main/resources/assets/advancedrocketry/models/block/models/middletank.obj,3,middleTank.mtl,mtl,src/main/resources/assets/advancedrocketry/models/block/models/middleTank.mtl,MISSING
src/main/resources/assets/advancedrocketry/models/block/models/nuclearrocketmotor.mtl,5,advancedrocketry:models/nuclearengine,texture_path,src/main/resources/assets/advancedrocketry/models/block/models/advancedrocketry:models/nuclearengine,MISSING
src/main/resources/assets/advancedrocketry/models/block/models/rocketmotor.mtl,5,advancedrocketry:models/combustion,texture_path,src/main/resources/assets/advancedrocketry/models/block/models/advancedrocketry:models/combustion,MISSING
src/main/resources/assets/advancedrocketry/models/block/models/sawblade.mtl,8,advancedrocketry:models/cuttingmachine2,texture_path,src/main/resources/assets/advancedrocketry/models/block/models/advancedrocketry:models/cuttingmachine2,MISSING
src/main/resources/assets/advancedrocketry/models/block/models/sawblade.obj,3,sawBlade.mtl,mtl,src/main/resources/assets/advancedrocketry/models/block/models/sawBlade.mtl,MISSING
src/main/resources/assets/advancedrocketry/models/block/models/toptank.mtl,8,advancedrocketry:models/tank,texture_path,src/main/resources/assets/advancedrocketry/models/block/models/advancedrocketry:models/tank,MISSING
src/main/resources/assets/advancedrocketry/models/block/models/toptank.obj,3,topTank.mtl,mtl,src/main/resources/assets/advancedrocketry/models/block/models/topTank.mtl,MISSING
src/main/resources/assets/advancedrocketry/models/block/satellitehatch.json,0,advancedrocketry:blocks/satelliteBay,texture,src/main/resources/assets/advancedrocketry/textures/blocks/satelliteBay.png,MISSING
src/main/resources/assets/advancedrocketry/models/block/seat.json,0,advancedrocketry:blocks/panelSide,texture,src/main/resources/assets/advancedrocketry/textures/blocks/panelSide.png,MISSING
src/main/resources/assets/advancedrocketry/models/block/solararraypanel.json,0,advancedrocketry:blocks/panelSide,texture,src/main/resources/assets/advancedrocketry/textures/blocks/panelSide.png,MISSING
src/main/resources/assets/advancedrocketry/models/centrifuge.obj,3,centrifuge.mtl,mtl,src/main/resources/assets/advancedrocketry/models/centrifuge.mtl,MISSING
src/main/resources/assets/advancedrocketry/models/chemicalreactor.obj,3,chemical_reactor.mtl,mtl,src/main/resources/assets/advancedrocketry/models/chemical_reactor.mtl,MISSING
src/main/resources/assets/advancedrocketry/models/crystalliser.obj,3,crystalliser.mtl,mtl,src/main/resources/assets/advancedrocketry/models/crystalliser.mtl,MISSING
src/main/resources/assets/advancedrocketry/models/cuttingmachine.obj,3,cuttingmachine.mtl,mtl,src/main/resources/assets/advancedrocketry/models/cuttingmachine.mtl,MISSING
src/main/resources/assets/advancedrocketry/models/electrolyser.obj,3,electrolyser.mtl,mtl,src/main/resources/assets/advancedrocketry/models/electrolyser.mtl,MISSING
src/main/resources/assets/advancedrocketry/models/item/advancedcircuit.json,0,advancedrocketry:items/advancedCircuit,texture,src/main/resources/assets/advancedrocketry/textures/items/advancedCircuit.png,MISSING
src/main/resources/assets/advancedrocketry/models/item/advancedcircuitplate.json,0,advancedrocketry:items/advancedCircuitPlate,texture,src/main/resources/assets/advancedrocketry/textures/items/advancedCircuitPlate.png,MISSING
src/main/resources/assets/advancedrocketry/models/item/advancedsolarpanel.json,0,advancedrocketry:items/advancedSolarPanel,texture,src/main/resources/assets/advancedrocketry/textures/items/advancedSolarPanel.png,MISSING
src/main/resources/assets/advancedrocketry/models/item/advrocketmotor.json,0,advancedrocketry:items/advCombustionEngine,texture,src/main/resources/assets/advancedrocketry/textures/items/advCombustionEngine.png,MISSING
src/main/resources/assets/advancedrocketry/models/item/airlock_door.json,0,advancedrocketry:items/smallAirlock,texture,src/main/resources/assets/advancedrocketry/textures/items/smallAirlock.png,MISSING
src/main/resources/assets/advancedrocketry/models/item/antifogvisor.json,0,advancedrocketry:items/antiFogVisor,texture,src/main/resources/assets/advancedrocketry/textures/items/antiFogVisor.png,MISSING
src/main/resources/assets/advancedrocketry/models/item/asteroidchip.json,0,advancedrocketry:items/asteroidIdChip,texture,src/main/resources/assets/advancedrocketry/textures/items/asteroidIdChip.png,MISSING
src/main/resources/assets/advancedrocketry/models/item/atmanalyser.json,0,advancedrocketry:items/atmAnalyzer,texture,src/main/resources/assets/advancedrocketry/textures/items/atmAnalyzer.png,MISSING
src/main/resources/assets/advancedrocketry/models/item/basiccircuit.json,0,advancedrocketry:items/basicCircuit,texture,src/main/resources/assets/advancedrocketry/textures/items/basicCircuit.png,MISSING
src/main/resources/assets/advancedrocketry/models/item/basiccircuitplate.json,0,advancedrocketry:items/basicCircuitPlate,texture,src/main/resources/assets/advancedrocketry/textures/items/basicCircuitPlate.png,MISSING
src/main/resources/assets/advancedrocketry/models/item/basiclasergun.json,0,advancedrocketry:items/basicLaserGun,texture,src/main/resources/assets/advancedrocketry/textures/items/basicLaserGun.png,MISSING
src/main/resources/assets/advancedrocketry/models/item/basiclens.json,0,advancedrocketry:items/basicLens,texture,src/main/resources/assets/advancedrocketry/textures/items/basicLens.png,MISSING
src/main/resources/assets/advancedrocketry/models/item/basicsolarpanel.json,0,advancedrocketry:items/basicSolarPanel,texture,src/main/resources/assets/advancedrocketry/textures/items/basicSolarPanel.png,MISSING
src/main/resources/assets/advancedrocketry/models/item/beacon.json,0,advancedrocketry:block/beacon,parent,src/main/resources/assets/advancedrocketry/models/block/beacon.json,MISSING
src/main/resources/assets/advancedrocketry/models/item/beaconfinder.json,0,advancedrocketry:items/beaconFinder,texture,src/main/resources/assets/advancedrocketry/textures/items/beaconFinder.png,MISSING
src/main/resources/assets/advancedrocketry/models/item/biomechanger.json,0,advancedrocketry:items/biomeChanger,texture,src/main/resources/assets/advancedrocketry/textures/items/biomeChanger.png,MISSING
src/main/resources/assets/advancedrocketry/models/item/biomechangersat.json,0,advancedrocketry:items/biomeChangerSat,texture,src/main/resources/assets/advancedrocketry/textures/items/biomeChangerSat.png,MISSING
src/main/resources/assets/advancedrocketry/models/item/bioniclegs.json,0,advancedrocketry:items/bionicLegs,texture,src/main/resources/assets/advancedrocketry/textures/items/bionicLegs.png,MISSING
src/main/resources/assets/advancedrocketry/models/item/blocktitaniumaluminide.json,0,advancedrocketry:block/blockTitaniumAluminide,parent,src/main/resources/assets/advancedrocketry/models/block/blockTitaniumAluminide.json,MISSING
src/main/resources/assets/advancedrocketry/models/item/blocktitaniumiridium.json,0,advancedrocketry:block/blockTitaniumIridium,parent,src/main/resources/assets/advancedrocketry/models/block/blockTitaniumIridium.json,MISSING
src/main/resources/assets/advancedrocketry/models/item/carbonbrick.json,0,advancedrocketry:items/carbonBrick,texture,src/main/resources/assets/advancedrocketry/textures/items/carbonBrick.png,MISSING
src/main/resources/assets/advancedrocketry/models/item/carboncartridge.json,0,advancedrocketry:items/carbonScrubberCartrige,texture,src/main/resources/assets/advancedrocketry/textures/items/carbonScrubberCartrige.png,MISSING
src/main/resources/assets/advancedrocketry/models/item/carbonscrubbercartridge.json,0,advancedrocketry:items/carbonScrubberCartrige,texture,src/main/resources/assets/advancedrocketry/textures/items/carbonScrubberCartrige.png,MISSING
src/main/resources/assets/advancedrocketry/models/item/compositionsensor.json,0,advancedrocketry:items/compositionSensor,texture,src/main/resources/assets/advancedrocketry/textures/items/compositionSensor.png,MISSING
src/main/resources/assets/advancedrocketry/models/item/controliocircuit.json,0,advancedrocketry:items/controlIOCircuit,texture,src/main/resources/assets/advancedrocketry/textures/items/controlIOCircuit.png,MISSING
src/main/resources/assets/advancedrocketry/models/item/controlpanel.json,0,advancedrocketry:block/controlPanel,parent,src/main/resources/assets/advancedrocketry/models/block/controlPanel.json,MISSING
src/main/resources/assets/advancedrocketry/models/item/datapipe.json,0,advancedrocketry:block/dataPipe,parent,src/main/resources/assets/advancedrocketry/models/block/dataPipe.json,MISSING
src/main/resources/assets/advancedrocketry/models/item/datastorageunit.json,0,advancedrocketry:items/dataStorageUnit,texture,src/main/resources/assets/advancedrocketry/textures/items/dataStorageUnit.png,MISSING
src/main/resources/assets/advancedrocketry/models/item/dataunit.json,0,advancedrocketry:items/dataStorageUnit,texture,src/main/resources/assets/advancedrocketry/textures/items/dataStorageUnit.png,MISSING
src/main/resources/assets/advancedrocketry/models/item/elevatorchip.json,0,advancedrocketry:items/elevatorChip,texture,src/main/resources/assets/advancedrocketry/textures/items/elevatorChip.png,MISSING
src/main/resources/assets/advancedrocketry/models/item/energypipe.json,0,advancedrocketry:block/energyPipe,parent,src/main/resources/assets/advancedrocketry/models/block/energyPipe.json,MISSING
src/main/resources/assets/advancedrocketry/models/item/flightspeedupgrade.json,0,advancedrocketry:items/flightSpeedUpgrade,texture,src/main/resources/assets/advancedrocketry/textures/items/flightSpeedUpgrade.png,MISSING
src/main/resources/assets/advancedrocketry/models/item/fueltank.json,0,advancedrocketry:items/tank,texture,src/main/resources/assets/advancedrocketry/textures/items/tank.png,MISSING
src/main/resources/assets/advancedrocketry/models/item/hoverupgrade.json,0,advancedrocketry:items/hoverUpgrade,texture,src/main/resources/assets/advancedrocketry/textures/items/hoverUpgrade.png,MISSING
src/main/resources/assets/advancedrocketry/models/item/itemcircuitplate.json,0,advancedrocketry:items/basicCircuitPlate,texture,src/main/resources/assets/advancedrocketry/textures/items/basicCircuitPlate.png,MISSING
src/main/resources/assets/advancedrocketry/models/item/itemiocircuit.json,0,advancedrocketry:items/itemIOCircuit,texture,src/main/resources/assets/advancedrocketry/textures/items/itemIOCircuit.png,MISSING
src/main/resources/assets/advancedrocketry/models/item/jackhammer.json,0,advancedrocketry:items/jackHammer,texture,src/main/resources/assets/advancedrocketry/textures/items/jackHammer.png,MISSING
src/main/resources/assets/advancedrocketry/models/item/jetpack.json,0,advancedrocketry:items/jetPack,texture,src/main/resources/assets/advancedrocketry/textures/items/jetPack.png,MISSING
src/main/resources/assets/advancedrocketry/models/item/landingboots.json,0,advancedrocketry:items/landingBoots,texture,src/main/resources/assets/advancedrocketry/textures/items/landingBoots.png,MISSING
src/main/resources/assets/advancedrocketry/models/item/launchpad.json,0,advancedrocketry:items/launchpad_all,texture,src/main/resources/assets/advancedrocketry/textures/items/launchpad_all.png,MISSING
src/main/resources/assets/advancedrocketry/models/item/launchpad_blcorner.json,0,advancedrocketry:block/launchpad_blCorner,parent,src/main/resources/assets/advancedrocketry/models/block/launchpad_blCorner.json,MISSING
src/main/resources/assets/advancedrocketry/models/item/launchpad_bottomedge.json,0,advancedrocketry:block/launchpad_bottomEdge,parent,src/main/resources/assets/advancedrocketry/models/block/launchpad_bottomEdge.json,MISSING
src/main/resources/assets/advancedrocketry/models/item/launchpad_brcorner.json,0,advancedrocketry:block/launchpad_brCorner,parent,src/main/resources/assets/advancedrocketry/models/block/launchpad_brCorner.json,MISSING
src/main/resources/assets/advancedrocketry/models/item/launchpad_leftedge.json,0,advancedrocketry:block/launchpad_leftEdge,parent,src/main/resources/assets/advancedrocketry/models/block/launchpad_leftEdge.json,MISSING
src/main/resources/assets/advancedrocketry/models/item/launchpad_nbedge.json,0,advancedrocketry:block/launchpad_nbEdge,parent,src/main/resources/assets/advancedrocketry/models/block/launchpad_nbEdge.json,MISSING
src/main/resources/assets/advancedrocketry/models/item/launchpad_nledge.json,0,advancedrocketry:block/launchpad_nlEdge,parent,src/main/resources/assets/advancedrocketry/models/block/launchpad_nlEdge.json,MISSING
src/main/resources/assets/advancedrocketry/models/item/launchpad_noedge.json,0,advancedrocketry:block/launchpad_noEdge,parent,src/main/resources/assets/advancedrocketry/models/block/launchpad_noEdge.json,MISSING
src/main/resources/assets/advancedrocketry/models/item/launchpad_nredge.json,0,advancedrocketry:block/launchpad_nrEdge,parent,src/main/resources/assets/advancedrocketry/models/block/launchpad_nrEdge.json,MISSING
src/main/resources/assets/advancedrocketry/models/item/launchpad_ntedge.json,0,advancedrocketry:block/launchpad_ntEdge,parent,src/main/resources/assets/advancedrocketry/models/block/launchpad_ntEdge.json,MISSING
src/main/resources/assets/advancedrocketry/models/item/launchpad_rightedge.json,0,advancedrocketry:block/launchpad_rightEdge,parent,src/main/resources/assets/advancedrocketry/models/block/launchpad_rightEdge.json,MISSING
src/main/resources/assets/advancedrocketry/models/item/launchpad_tlcorner.json,0,advancedrocketry:block/launchpad_tlCorner,parent,src/main/resources/assets/advancedrocketry/models/block/launchpad_tlCorner.json,MISSING
src/main/resources/assets/advancedrocketry/models/item/launchpad_topedge.json,0,advancedrocketry:block/launchpad_topEdge,parent,src/main/resources/assets/advancedrocketry/models/block/launchpad_topEdge.json,MISSING
src/main/resources/assets/advancedrocketry/models/item/launchpad_trcorner.json,0,advancedrocketry:block/launchpad_trCorner,parent,src/main/resources/assets/advancedrocketry/models/block/launchpad_trCorner.json,MISSING
src/main/resources/assets/advancedrocketry/models/item/launchpad_xcross.json,0,advancedrocketry:block/launchpad_xCross,parent,src/main/resources/assets/advancedrocketry/models/block/launchpad_xCross.json,MISSING
src/main/resources/assets/advancedrocketry/models/item/launchpad_ycross.json,0,advancedrocketry:block/launchpad_yCross,parent,src/main/resources/assets/advancedrocketry/models/block/launchpad_yCross.json,MISSING
src/main/resources/assets/advancedrocketry/models/item/liquidiocircuit.json,0,advancedrocketry:items/liquidIOCircuit,texture,src/main/resources/assets/advancedrocketry/textures/items/liquidIOCircuit.png,MISSING
src/main/resources/assets/advancedrocketry/models/item/liquidpipe.json,0,advancedrocketry:block/liquidPipe,parent,src/main/resources/assets/advancedrocketry/models/block/liquidPipe.json,MISSING
src/main/resources/assets/advancedrocketry/models/item/liquidtank.json,0,advancedrocketry:block/liquidTank,parent,src/main/resources/assets/advancedrocketry/models/block/liquidTank.json,MISSING
src/main/resources/assets/advancedrocketry/models/item/loader.json,0,advancedrocketry:block/satelliteHatch,parent,src/main/resources/assets/advancedrocketry/models/block/satelliteHatch.json,MISSING
src/main/resources/assets/advancedrocketry/models/item/massdetector.json,0,advancedrocketry:items/massDetector,texture,src/main/resources/assets/advancedrocketry/textures/items/massDetector.png,MISSING
src/main/resources/assets/advancedrocketry/models/item/microwavetransmitter.json,0,advancedrocketry:items/microwaveTransmitter,texture,src/main/resources/assets/advancedrocketry/textures/items/microwaveTransmitter.png,MISSING
src/main/resources/assets/advancedrocketry/models/item/miscpart1.json,0,advancedrocketry:items/carbonBrick,texture,src/main/resources/assets/advancedrocketry/textures/items/carbonBrick.png,MISSING
src/main/resources/assets/advancedrocketry/models/item/models/advRocketmotor.mtl,13,advancedrocketry:models/combustion,texture_path,src/main/resources/assets/advancedrocketry/models/item/models/advancedrocketry:models/combustion,MISSING
src/main/resources/assets/advancedrocketry/models/item/models/basicLaserGun.mtl,13,advancedrocketry:models/basicLaserGun,texture_path,src/main/resources/assets/advancedrocketry/models/item/models/advancedrocketry:models/basicLaserGun,MISSING
src/main/resources/assets/advancedrocketry/models/item/models/basicLaserGun.mtl,24,advancedrocketry:models/basicLaserGun,texture_path,src/main/resources/assets/advancedrocketry/models/item/models/advancedrocketry:models/basicLaserGun,MISSING
src/main/resources/assets/advancedrocketry/models/item/models/bottomTank.mtl,11,advancedrocketry:models/tank,texture_path,src/main/resources/assets/advancedrocketry/models/item/models/advancedrocketry:models/tank,MISSING
src/main/resources/assets/advancedrocketry/models/item/models/endTank.mtl,11,advancedrocketry:models/tank.png,texture_path,src/main/resources/assets/advancedrocketry/models/item/models/advancedrocketry:models/tank.png,MISSING
src/main/resources/assets/advancedrocketry/models/item/models/middleTank.mtl,11,advancedrocketry:models/tank,texture_path,src/main/resources/assets/advancedrocketry/models/item/models/advancedrocketry:models/tank,MISSING
src/main/resources/assets/advancedrocketry/models/item/models/motor.mtl,13,advancedrocketry:models/motor,texture_path,src/main/resources/assets/advancedrocketry/models/item/models/advancedrocketry:models/motor,MISSING
src/main/resources/assets/advancedrocketry/models/item/models/rocketmotor.mtl,13,advancedrocketry:models/combustion,texture_path,src/main/resources/assets/advancedrocketry/models/item/models/advancedrocketry:models/combustion,MISSING
src/main/resources/assets/advancedrocketry/models/item/models/sawBlade.mtl,13,advancedrocketry:models/cuttingMachine2,texture_path,src/main/resources/assets/advancedrocketry/models/item/models/advancedrocketry:models/cuttingMachine2,MISSING
src/main/resources/assets/advancedrocketry/models/item/models/topTank.mtl,11,advancedrocketry:models/tank,texture_path,src/main/resources/assets/advancedrocketry/models/item/models/advancedrocketry:models/tank,MISSING
src/main/resources/assets/advancedrocketry/models/item/opticalsensor.json,0,advancedrocketry:items/opticalSensor,texture,src/main/resources/assets/advancedrocketry/textures/items/opticalSensor.png,MISSING
src/main/resources/assets/advancedrocketry/models/item/oremapper.json,0,advancedrocketry:items/oreMapper,texture,src/main/resources/assets/advancedrocketry/textures/items/oreMapper.png,MISSING
src/main/resources/assets/advancedrocketry/models/item/orescanner.json,0,advancedrocketry:items/oreScanner,texture,src/main/resources/assets/advancedrocketry/textures/items/oreScanner.png,MISSING
src/main/resources/assets/advancedrocketry/models/item/planetidchip.json,0,advancedrocketry:items/planetIdChip,texture,src/main/resources/assets/advancedrocketry/textures/items/planetIdChip.png,MISSING
src/main/resources/assets/advancedrocketry/models/item/pressuretank0.json,0,advancedrocketry:items/pressureTank0,texture,src/main/resources/assets/advancedrocketry/textures/items/pressureTank0.png,MISSING
src/main/resources/assets/advancedrocketry/models/item/pressuretank1.json,0,advancedrocketry:items/pressureTank1,texture,src/main/resources/assets/advancedrocketry/textures/items/pressureTank1.png,MISSING
src/main/resources/assets/advancedrocketry/models/item/pressuretank2.json,0,advancedrocketry:items/pressureTank2,texture,src/main/resources/assets/advancedrocketry/textures/items/pressureTank2.png,MISSING
src/main/resources/assets/advancedrocketry/models/item/pressuretank3.json,0,advancedrocketry:items/pressureTank3,texture,src/main/resources/assets/advancedrocketry/textures/items/pressureTank3.png,MISSING
src/main/resources/assets/advancedrocketry/models/item/quartzcrucible.json,0,advancedrocketry:block/quartzCrucible,parent,src/main/resources/assets/advancedrocketry/models/block/quartzCrucible.json,MISSING
src/main/resources/assets/advancedrocketry/models/item/rocketmotor.json,0,advancedrocketry:items/combustionEngine,texture,src/main/resources/assets/advancedrocketry/textures/items/combustionEngine.png,MISSING
src/main/resources/assets/advancedrocketry/models/item/satellitehatch.json,0,advancedrocketry:block/satelliteHatch,parent,src/main/resources/assets/advancedrocketry/models/block/satelliteHatch.json,MISSING
src/main/resources/assets/advancedrocketry/models/item/satelliteidchip.json,0,advancedrocketry:items/satelliteIdChip,texture,src/main/resources/assets/advancedrocketry/textures/items/satelliteIdChip.png,MISSING
src/main/resources/assets/advancedrocketry/models/item/sawblade.json,0,advancedrocketry:items/sawBladeAssembly,texture,src/main/resources/assets/advancedrocketry/textures/items/sawBladeAssembly.png,MISSING
src/main/resources/assets/advancedrocketry/models/item/sawbladeiron.json,0,advancedrocketry:items/sawBladeIron,texture,src/main/resources/assets/advancedrocketry/textures/items/sawBladeIron.png,MISSING
src/main/resources/assets/advancedrocketry/models/item/sealdetector.json,0,advancedrocketry:items/sealDetector,texture,src/main/resources/assets/advancedrocketry/textures/items/sealDetector.png,MISSING
src/main/resources/assets/advancedrocketry/models/item/siliconwafer.json,0,advancedrocketry:items/siliconWafer,texture,src/main/resources/assets/advancedrocketry/textures/items/siliconWafer.png,MISSING
src/main/resources/assets/advancedrocketry/models/item/smallairlockdoor.json,0,advancedrocketry:items/smallAirlock,texture,src/main/resources/assets/advancedrocketry/textures/items/smallAirlock.png,MISSING
src/main/resources/assets/advancedrocketry/models/item/spaceboots.json,0,advancedrocketry:items/spaceBoots,texture,src/main/resources/assets/advancedrocketry/textures/items/spaceBoots.png,MISSING
src/main/resources/assets/advancedrocketry/models/item/spaceboots.json,0,advancedrocketry:items/spaceBoots_overlay,texture,src/main/resources/assets/advancedrocketry/textures/items/spaceBoots_overlay.png,MISSING
src/main/resources/assets/advancedrocketry/models/item/spacechestplate.json,0,advancedrocketry:items/spaceChestplate,texture,src/main/resources/assets/advancedrocketry/textures/items/spaceChestplate.png,MISSING
src/main/resources/assets/advancedrocketry/models/item/spacechestplate.json,0,advancedrocketry:items/spaceChestplate_overlay,texture,src/main/resources/assets/advancedrocketry/textures/items/spaceChestplate_overlay.png,MISSING
src/main/resources/assets/advancedrocketry/models/item/spacehelmet.json,0,advancedrocketry:items/spaceHelmet,texture,src/main/resources/assets/advancedrocketry/textures/items/spaceHelmet.png,MISSING
src/main/resources/assets/advancedrocketry/models/item/spacehelmet.json,0,advancedrocketry:items/spaceHelmet_overlay,texture,src/main/resources/assets/advancedrocketry/textures/items/spaceHelmet_overlay.png,MISSING
src/main/resources/assets/advancedrocketry/models/item/spaceleggings.json,0,advancedrocketry:items/spaceLeggings,texture,src/main/resources/assets/advancedrocketry/textures/items/spaceLeggings.png,MISSING
src/main/resources/assets/advancedrocketry/models/item/spacestation.json,0,advancedrocketry:items/spaceStationContainer,texture,src/main/resources/assets/advancedrocketry/textures/items/spaceStationContainer.png,MISSING
src/main/resources/assets/advancedrocketry/models/item/trackingcircuit.json,0,advancedrocketry:items/trackingCircuit,texture,src/main/resources/assets/advancedrocketry/textures/items/trackingCircuit.png,MISSING
src/main/resources/assets/advancedrocketry/models/item/userinterface.json,0,advancedrocketry:items/userInterface,texture,src/main/resources/assets/advancedrocketry/textures/items/userInterface.png,MISSING
src/main/resources/assets/advancedrocketry/models/lathe.obj,3,lathe.mtl,mtl,src/main/resources/assets/advancedrocketry/models/lathe.mtl,MISSING
src/main/resources/assets/advancedrocketry/models/observatory.obj,3,observatory.mtl,mtl,src/main/resources/assets/advancedrocketry/models/observatory.mtl,MISSING
src/main/resources/assets/advancedrocketry/models/orbitallaserdrill.obj,3,orbital_laser_drill.mtl,mtl,src/main/resources/assets/advancedrocketry/models/orbital_laser_drill.mtl,MISSING
src/main/resources/assets/advancedrocketry/models/precisionassembler.obj,3,precision_assembler.mtl,mtl,src/main/resources/assets/advancedrocketry/models/precision_assembler.mtl,MISSING
src/main/resources/assets/advancedrocketry/models/precisionlaseretcher.obj,3,precision_laser_engraver.mtl,mtl,src/main/resources/assets/advancedrocketry/models/precision_laser_engraver.mtl,MISSING
src/main/resources/assets/advancedrocketry/models/railgun.obj,3,railgun.mtl,mtl,src/main/resources/assets/advancedrocketry/models/railgun.mtl,MISSING
src/main/resources/assets/advancedrocketry/models/rollingmachine.obj,3,rolling_machine.mtl,mtl,src/main/resources/assets/advancedrocketry/models/rolling_machine.mtl,MISSING
src/main/resources/assets/advancedrocketry/models/solar_array.obj,3,solar_array.mtl,mtl,src/main/resources/assets/advancedrocketry/models/solar_array.mtl,MISSING
src/main/resources/assets/advancedrocketry/models/spaceelevator.obj,3,spaceelevator.mtl,mtl,src/main/resources/assets/advancedrocketry/models/spaceelevator.mtl,MISSING
src/main/resources/assets/advancedrocketry/sounds.json,0,advancedrocketry:ElectricShockSmall,sound,src/main/resources/assets/advancedrocketry/sounds/ElectricShockSmall.ogg,MISSING
src/main/resources/assets/advancedrocketry/sounds.json,0,advancedrocketry:MachineLarge,sound,src/main/resources/assets/advancedrocketry/sounds/MachineLarge.ogg,MISSING
src/main/resources/assets/advancedrocketry/sounds.json,0,advancedrocketry:airHissLoop,sound,src/main/resources/assets/advancedrocketry/sounds/airHissLoop.ogg,MISSING
src/main/resources/assets/advancedrocketry/sounds.json,0,advancedrocketry:basicLaserGun,sound,src/main/resources/assets/advancedrocketry/sounds/basicLaserGun.ogg,MISSING
src/main/resources/assets/advancedrocketry/sounds.json,0,advancedrocketry:buttonBlipA,sound,src/main/resources/assets/advancedrocketry/sounds/buttonBlipA.ogg,MISSING
src/main/resources/assets/advancedrocketry/sounds.json,0,advancedrocketry:combustionRocket,sound,src/main/resources/assets/advancedrocketry/sounds/combustionRocket.ogg,MISSING
src/main/resources/assets/advancedrocketry/sounds.json,0,advancedrocketry:cuttingMachine,sound,src/main/resources/assets/advancedrocketry/sounds/cuttingMachine.ogg,MISSING
src/main/resources/assets/advancedrocketry/sounds.json,0,advancedrocketry:electricArcFurnace,sound,src/main/resources/assets/advancedrocketry/sounds/electricArcFurnace.ogg,MISSING
src/main/resources/assets/advancedrocketry/sounds.json,0,advancedrocketry:gravityOhhh,sound,src/main/resources/assets/advancedrocketry/sounds/gravityOhhh.ogg,MISSING
src/main/resources/assets/advancedrocketry/sounds.json,0,advancedrocketry:laserDrill,sound,src/main/resources/assets/advancedrocketry/sounds/laserDrill.ogg,MISSING
src/main/resources/assets/advancedrocketry/sounds.json,0,advancedrocketry:precAss,sound,src/main/resources/assets/advancedrocketry/sounds/precAss.ogg,MISSING
src/main/resources/assets/advancedrocketry/sounds.json,0,advancedrocketry:railgunBang,sound,src/main/resources/assets/advancedrocketry/sounds/railgunBang.ogg,MISSING
src/main/resources/assets/advancedrocketry/sounds.json,0,advancedrocketry:rollingMachine,sound,src/main/resources/assets/advancedrocketry/sounds/rollingMachine.ogg,MISSING
