
===== evidence/integration-gametest-12-counts.json =====
{

  "required_passed": 464,

  "exit": 0,

  "minecraft_log": {

    "bytes": 1646986,

    "sha256": "4faba890bb108693e77d2f8ca04ea08e09c11cfdde5aee0fad1075103abf0095"

  },

  "gradle_log": {

    "bytes": 1476161,

    "sha256": "f5d9d20094d73f33574340abcd35a95212021276b6780a665394779a5b246a07"

  },

  "logger_ERROR_lines": 61,

  "clean_log_claimed": false

}



===== evidence/checks-21-full.json =====
{

  "jobs": [

    {

      "name": "markdown-links-17",

      "exit": 0,

      "documented_exit": 0,

      "documented_failure_not_pass": false,

      "elapsed_seconds": 2.683836,

      "finished_utc": "2026-10-04T04:36:32.173182+00:00",

      "log_sha256": "dafd9ac3664e1e69e9e1ff443414624d573cdfbba411b1091d2efbad5ccd374f"

    },

    {

      "name": "repository-boundary-21",

      "exit": 0,

      "documented_exit": 0,

      "documented_failure_not_pass": false,

      "elapsed_seconds": 348.980509,

      "finished_utc": "2026-10-04T04:42:21.155914+00:00",

      "log_sha256": "43fdffe66826acca17067b35f581b6288b89a6baa6793db2b29ee8e4435cb64a"

    },

    {

      "name": "planning-21",

      "exit": 0,

      "documented_exit": 0,

      "documented_failure_not_pass": false,

      "elapsed_seconds": 0.178742,

      "finished_utc": "2026-10-04T04:42:21.336600+00:00",

      "log_sha256": "f0eb0a508ba1768dc1b024eb4663833b31eb1f106901d8ec56f5de5d6893da54"

    },

    {

      "name": "provenance-21",

      "exit": 0,

      "documented_exit": 0,

      "documented_failure_not_pass": false,

      "elapsed_seconds": 31.490204,

      "finished_utc": "2026-10-04T04:42:52.828589+00:00",

      "log_sha256": "34816aa32bf269ecc3e1e5fe129413a1d9b05d151906482bf37dd79839e77f35"

    },

    {

      "name": "machine-resources-21",

      "exit": 0,

      "documented_exit": 0,

      "documented_failure_not_pass": false,

      "elapsed_seconds": 0.08626,

      "finished_utc": "2026-10-04T04:42:52.916497+00:00",

      "log_sha256": "1d3d83a4191126823a59aa2d308d349ec7d46cd33af9f50025384f513b8dcf6d"

    }

  ],

  "release_gate_claimed": false,

  "old_failures_not_relabelled": true

}



===== evidence/checks-21-scoped.json =====
{

  "jobs": [

    {

      "name": "ledger-strict-21",

      "exit": 0,

      "documented_exit": 0,

      "documented_failure_not_pass": false,

      "elapsed_seconds": 0.65057,

      "finished_utc": "2026-10-04T04:53:31.859268+00:00",

      "log_sha256": "61a48b9ee492e9aefd2ca38a514e25687b15aa459ec51375b62ae04acbf2eab4"

    },

    {

      "name": "ledger-closure-21",

      "exit": 1,

      "documented_exit": 1,

      "documented_failure_not_pass": true,

      "elapsed_seconds": 0.416892,

      "finished_utc": "2026-10-04T04:53:32.277727+00:00",

      "log_sha256": "b7670cace1b3980c8d74242a80f1181031fffe7579a4dcf2711634ab765f6373"

    },

    {

      "name": "common-client-21",

      "exit": 0,

      "documented_exit": 0,

      "documented_failure_not_pass": false,

      "elapsed_seconds": 0.634704,

      "finished_utc": "2026-10-04T04:53:32.913911+00:00",

      "log_sha256": "41d7f9b8f46d1eeaf40be07406c7c5b8fe4fc53b75ce90cd23b55ed7c489293c"

    },

    {

      "name": "focused-python-21",

      "exit": 0,

      "documented_exit": 0,

      "documented_failure_not_pass": false,

      "elapsed_seconds": 5.770608,

      "finished_utc": "2026-10-04T04:53:38.685855+00:00",

      "log_sha256": "e5ac49bf0372c1c1925d8cea6850763cc251229c3a409c3fc198ec4d049af59c"

    },

    {

      "name": "artifact-21",

      "exit": 0,

      "documented_exit": 0,

      "documented_failure_not_pass": false,

      "elapsed_seconds": 1.827542,

      "finished_utc": "2026-10-04T04:53:40.516010+00:00",

      "log_sha256": "1e15600e22e1a34cf7c01b8e4f10a647a0296289104704b8df6c5a1863244f80"

    },

    {

      "name": "git-diff-check-21",

      "exit": 0,

      "documented_exit": 0,

      "documented_failure_not_pass": false,

      "elapsed_seconds": 0.539754,

      "finished_utc": "2026-10-04T04:53:41.057479+00:00",

      "log_sha256": "e3b0c44298fc1c149afbf4c8996fb92427ae41e4649b934ca495991b7852b855"

    },

    {

      "name": "git-diff-exit-21",

      "exit": 1,

      "documented_exit": 1,

      "documented_failure_not_pass": true,

      "elapsed_seconds": 0.570852,

      "finished_utc": "2026-10-04T04:53:41.629803+00:00",

      "log_sha256": "b1a0d33cdec4538ad5da3df1d413e673f5d11c4f01864f6d075f8de36cbc0243"

    }

  ],

  "release_gate_claimed": false,

  "old_failures_not_relabelled": true

}



===== operations/PHASE-COMMITS-01.json =====
{

  "initial_head": "cd63c5ff53e3daa0e6c3be92f17f16c061ddc5a6",

  "commits": [

    {

      "subject": "feat(machine): integrate reviewed v1.8 development code",

      "commit": "85a1975744792721ac358097969af45b7dd13c90",

      "files": [

        "build.gradle",

        "gradle.properties",

        "src/main/java/io/github/sunthemoon/advancedrocketrycommunity/AdvancedRocketryCommunity.java",

        "src/main/java/io/github/sunthemoon/advancedrocketrycommunity/atmosphere/content/OxygenCanisterItem.java",

        "src/main/java/io/github/sunthemoon/advancedrocketrycommunity/celestial/exoplanet/ExoplanetContent.java",

        "src/main/java/io/github/sunthemoon/advancedrocketrycommunity/celestial/exoplanet/worldgen/ExoplanetWorldgen.java",

        "src/main/java/io/github/sunthemoon/advancedrocketrycommunity/celestial/exoplanet/worldgen/LandingGroundFilter.java",

        "src/main/java/io/github/sunthemoon/advancedrocketrycommunity/celestial/surface/worldgen/VolcanoPiece.java",

        "src/main/java/io/github/sunthemoon/advancedrocketrycommunity/celestial/visual/SkyMath.java",

        "src/main/java/io/github/sunthemoon/advancedrocketrycommunity/celestial/visual/SkyProfiles.java",

        "src/main/java/io/github/sunthemoon/advancedrocketrycommunity/classiccomponent/AdvancedMachineCasingBlock.java",

        "src/main/java/io/github/sunthemoon/advancedrocketrycommunity/classiccomponent/MotorArt.java",

        "src/main/java/io/github/sunthemoon/advancedrocketrycommunity/classiccomponent/MotorContent.java",

        "src/main/java/io/github/sunthemoon/advancedrocketrycommunity/classiccomponent/MotorDataFiles.java",

        "src/main/java/io/github/sunthemoon/advancedrocketrycommunity/classiccomponent/MotorDefinition.java",

        "src/main/java/io/github/sunthemoon/advancedrocketrycommunity/client/ClientBootstrap.java",

        "src/main/java/io/github/sunthemoon/advancedrocketrycommunity/client/CombustionGeneratorScreen.java",

        "src/main/java/io/github/sunthemoon/advancedrocketrycommunity/client/ElectrolyzerScreen.java",

        "src/main/java/io/github/sunthemoon/advancedrocketrycommunity/client/PrecisionAssemblerScreen.java",

        "src/main/java/io/github/sunthemoon/advancedrocketrycommunity/client/RollingMachineScreen.java",

        "src/main/java/io/github/sunthemoon/advancedrocketrycommunity/client/exoplanet/ClientExoplanetEffects.java",

        "src/main/java/io/github/sunthemoon/advancedrocketrycommunity/client/exoplanet/FlashCooldown.java",

        "src/main/java/io/github/sunthemoon/advancedrocketrycommunity/client/sky/PlanetaryDimensionEffects.java",

        "src/main/java/io/github/sunthemoon/advancedrocketrycommunity/client/sky/PlanetarySkyClient.java",

        "src/main/java/io/github/sunthemoon/advancedrocketrycommunity/client/sky/PlanetarySkyRenderer.java",

        "src/main/java/io/github/sunthemoon/advancedrocketrycommunity/config/CommonConfig.java",

        "src/main/java/io/github/sunthemoon/advancedrocketrycommunity/datagen/BootstrapDataGenerators.java",

        "src/main/java/io/github/sunthemoon/advancedrocketrycommunity/datagen/PrecisionAssemblerRecipeProvider.java",

        "src/main/java/io/github/sunthemoon/advancedrocketrycommunity/datagen/RollingMachineRecipeProvider.java",

        "src/main/java/io/github/sunthemoon/advancedrocketrycommunity/datagen/V180CombustionArt.java",

        "src/main/java/io/github/sunthemoon/advancedrocketrycommunity/datagen/V180CombustionModels.java",

        "src/main/java/io/github/sunthemoon/advancedrocketrycommunity/datagen/V180ExoplanetData.java",

        "src/main/java/io/github/sunthemoon/advancedrocketrycommunity/datagen/V180FluidArt.java",

        "src/main/java/io/github/sunthemoon/advancedrocketrycommunity/datagen/V180FluidData.java",

        "src/main/java/io/github/sunthemoon/advancedrocketrycommunity/datagen/V180LanguageProvider.java",

        "src/main/java/io/github/sunthemoon/advancedrocketrycommunity/datagen/V180MaterialData.java",

        "src/main/java/io/github/sunthemoon/advancedrocketrycommunity/datagen/V180MaterialRecipes.java",

        "src/main/java/io/github/sunthemoon/advancedrocketrycommunity/datagen/V180MotorArt.java",

        "src/main/java/io/github/sunthemoon/advancedrocketrycommunity/datagen/V180MotorData.java",

        "src/main/java/io/github/sunthemoon/advancedrocketrycommunity/datagen/V180PumpArt.java",

        "src/main/java/io/github/sunthemoon/advancedrocketrycommunity/datagen/V180PumpData.java",

        "src/main/java/io/github/sunthemoon/advancedrocketrycommunity/datagen/V180PumpLanguage.java",

        "src/main/java/io/github/sunthemoon/advancedrocketrycommunity/datagen/V180RecipeMenuLanguage.java",

        "src/main/java/io/github/sunthemoon/advancedrocketrycommunity/datagen/V180TankArt.java",

        "src/main/java/io/github/sunthemoon/advancedrocketrycommunity/datagen/V180TankData.java",

        "src/main/java/io/github/sunthemoon/advancedrocketrycommunity/fluid/CanisterItemSafety.java",

        "src/main/java/io/github/sunthemoon/advancedrocketrycommunity/fluid/CanisterStackSwap.java",

        "src/main/java/io/github/sunthemoon/advancedrocketrycommunity/fluid/CanisterSwapPlanner.java",

        "src/main/java/io/github/sunthemoon/advancedrocketrycommunity/fluid/ClassicFluidDefinition.java",

        "src/main/java/io/github/sunthemoon/advancedrocketrycommunity/fluid/ClassicFluidGameTests.java",

        "src/main/java/io/github/sunthemoon/advancedrocketrycommunity/fluid/ClassicFluidType.java",

        "src/main/java/io/github/sunthemoon/advancedrocketrycommunity/fluid/ClassicFluids.java",

        "src/main/java/io/github/sunthemoon/advancedrocketrycommunity/fluid/ContainerGasFluid.java",

        "src/main/java/io/github/sunthemoon/advancedrocketrycommunity/fluid/EnrichedLavaBlock.java",

        "src/main/java/io/github/sunthemoon/advancedrocketrycommunity/fluid/FluidReleaseTestCommands.java",

        "src/main/java/io/github/sunthemoon/advancedrocketrycommunity/fluid/GasCanisterCapabilities.java",

        "src/main/java/io/github/sunthemoon/advancedrocketrycommunity/fluid/GasCanisterCatalog.java",

        "src/main/java/io/github/sunthemoon/advancedrocketrycommunity/fluid/GasCanisterHandler.java",

        "src/main/java/io/github/sunthemoon/advancedrocketrycommunity/fluid/GasCanisterItem.java",

        "src/main/java/io/github/sunthemoon/advancedrocketrycommunity/gametest/BootstrapGameTests.java",

        "src/main/java/io/github/sunthemoon/advancedrocketrycommunity/gametest/CombustionGeneratorGameTests.java",

        "src/main/java/io/github/sunthemoon/advancedrocketrycommunity/gametest/ElectrolyzerKernelGameTests.java",

        "src/main/java/io/github/sunthemoon/advancedrocketrycommunity/gametest/GuardedChunkSaveGameTests.java",

        "src/main/java/io/github/sunthemoon/advancedrocketrycommunity/gametest/MotorGameTests.java",

        "src/main/java/io/github/sunthemoon/advancedrocketrycommunity/gametest/PlanetSurfaceGameTests.java",

        "src/main/java/io/github/sunthemoon/advancedrocketrycommunity/gametest/PlanetaryWorldGameTests.java",

        "src/main/java/io/github/sunthemoon/advancedrocketrycommunity/gametest/PrecisionAssemblerGameTests.java",

        "src/main/java/io/github/sunthemoon/advancedrocketrycommunity/gametest/PrecisionAssemblerProcessSafetyGameTests.java",

        "src/main/java/io/github/sunthemoon/advancedrocketrycommunity/gametest/PumpGameTests.java",

        "src/main/java/io/github/sunthemoon/advancedrocketrycommunity/gametest/RecipeMenuChannelGameTests.java",

        "src/main/java/io/github/sunthemoon/advancedrocketrycommunity/gametest/RecipeMenuGameTests.java",

        "src/main/java/io/github/sunthemoon/advancedrocketrycommunity/gametest/RecipeSignatureMigrationGameTests.java",

        "src/main/java/io/github/sunthemoon/advancedrocketrycommunity/gametest/RecipeSignatureRecoveryClockGameTests.java",

        "src/main/java/io/github/sunthemoon/advancedrocketrycommunity/gametest/RecipeSignatureRemovalGameTests.java",

        "src/main/java/io/github/sunthemoon/advancedrocketrycommunity/gametest/RecipeSignatureSaveEventGameTests.java",

        "src/main/java/io/github/sunthemoon/advancedrocketrycommunity/gametest/ResourceMissionGameTests.java",

        "src/main/java/io/github/sunthemoon/advancedrocketrycommunity/gametest/RollingMachineGameTests.java",

        "src/main/java/io/github/sunthemoon/advancedrocketrycommunity/gametest/SmallPlatePressCraftingGameTests.java",

        "src/main/java/io/github/sunthemoon/advancedrocketrycommunity/gametest/TankGameTests.java",

        "src/main/java/io/github/sunthemoon/advancedrocketrycommunity/machine/classic/adapter/ClassicAllocation.java",

        "src/main/java/io/github/sunthemoon/advancedrocketrycommunity/machine/classic/adapter/ClassicAllocationPart.java",

        "src/main/java/io/github/sunthemoon/advancedrocketrycommunity/machine/classic/adapter/ClassicAssignment.java",

        "src/main/java/io/github/sunthemoon/advancedrocketrycommunity/machine/classic/adapter/ClassicControllerFrame.java",

        "src/main/java/io/github/sunthemoon/advancedrocketrycommunity/machine/classic/adapter/ClassicDropQuarantine.java",

        "src/main/java/io/github/sunthemoon/advancedrocketrycommunity/machine/classic/adapter/ClassicHatchKind.java",

        "src/main/java/io/github/sunthemoon/advancedrocketrycommunity/machine/classic/adapter/ClassicHatchState.java",

        "src/main/java/io/github/sunthemoon/advancedrocketrycommunity/machine/classic/adapter/ClassicMachineState.java",

        "src/main/java/io/github/sunthemoon/advancedrocketrycommunity/machine/classic/adapter/ClassicNativeEntry.java",

        "src/main/java/io/github/sunthemoon/advancedrocketrycommunity/machine/classic/adapter/ClassicNativePlan.java",

        "src/main/java/io/github/sunthemoon/advancedrocketrycommunity/machine/classic/adapter/ClassicNbtKeyOrder.java",

        "src/main/java/io/github/sunthemoon/advancedrocketrycommunity/machine/classic/adapter/ClassicNbtLimits.java",

        "src/main/java/io/github/sunthemoon/advancedrocketrycommunity/machine/classic/adapter/ClassicNbtShape.java",

        "src/main/java/io/github/sunthemoon/advancedrocketrycommunity/machine/classic/adapter/ClassicProcessFrame.java",

        "src/main/java/io/github/sunthemoon/advancedrocketrycommunity/machine/classic/adapter/ClassicRefusal.java",

        "src/main/java/io/github/sunthemoon/advancedrocketrycommunity/machine/classic/adapter/ClassicRootBundle.java",

        "src/main/java/io/github/sunthemoon/advancedrocketrycommunity/machine/classic/adapter/ClassicSignatureMarker.java",

        "src/main/java/io/github/sunthemoon/advancedrocketrycommunity/machine/classic/adapter/ClassicStatusView.java",

        "src/main/java/io/github/sunthemoon/advancedrocketrycommunity/machine/classic/adapter/ClassicUncertainDrop.java",

        "src/main/java/io/github/sunthemoon/advancedrocketrycommunity/machine/classic/adapter/ClassicValueChecks.java",

        "src/main/java/io/github/sunthemoon/advancedrocketrycommunity/machine/classic/adapter/OwnedNativeTag.java",

        "src/main/java/io/github/sunthemoon/advancedrocketrycommunity/machine/classic/resource/ClassicBankKey.java",

        "src/main/java/io/github/sunthemoon/advancedrocketrycommunity/machine/classic/resource/ClassicBankKind.java",

        "src/main/java/io/github/sunthemoon/advancedrocketrycommunity/machine/classic/resource/ClassicBankTransfers.java",

        "src/main/java/io/github/sunthemoon/advancedrocketrycommunity/machine/classic/resource/ClassicNativePayload.java",

        "src/main/java/io/github/sunthemoon/advancedrocketrycommunity/machine/classic/resource/ClassicResourceBank.java",

        "src/main/java/io/github/sunthemoon/advancedrocketrycommunity/machine/classic/resource/ClassicResources.java",

        "src/main/java/io/github/sunthemoon/advancedrocketrycommunity/machine/classic/resource/ClassicResourcesCodec.java",

        "src/main/java/io/github/sunthemoon/advancedrocketrycommunity/machine/classic/resource/ClassicResourcesDecode.java",

        "src/main/java/io/github/sunthemoon/advancedrocketrycommunity/machine/combustion/CombustionBurn.java",

        "src/main/java/io/github/sunthemoon/advancedrocketrycommunity/machine/combustion/CombustionGeneratorBlock.java",

        "src/main/java/io/github/sunthemoon/advancedrocketrycommunity/machine/combustion/CombustionGeneratorBlockEntity.java",

        "src/main/java/io/github/sunthemoon/advancedrocketrycommunity/machine/combustion/CombustionGeneratorMenu.java",

        "src/main/java/io/github/sunthemoon/advancedrocketrycommunity/machine/combustion/CombustionPorts.java",

        "src/main/java/io/github/sunthemoon/advancedrocketrycommunity/machine/combustion/CombustionProtection.java",

        "src/main/java/io/github/sunthemoon/advancedrocketrycommunity/machine/combustion/CombustionReleaseTestCommands.java",

        "src/main/java/io/github/sunthemoon/advancedrocketrycommunity/machine/combustion/CombustionSave.java",

        "src/main/java/io/github/sunthemoon/advancedrocketrycommunity/machine/electrolyzer/ElectrolyzerBlock.java",

        "src/main/java/io/github/sunthemoon/advancedrocketrycommunity/machine/electrolyzer/ElectrolyzerBlockEntity.java",

        "src/main/java/io/github/sunthemoon/advancedrocketrycommunity/machine/electrolyzer/ElectrolyzerMenu.java",

        "src/main/java/io/github/sunthemoon/advancedrocketrycommunity/machine/electrolyzer/ElectrolyzerMenuData.java",

        "src/main/java/io/github/sunthemoon/advancedrocketrycommunity/machine/electrolyzer/ElectrolyzerProcessController.java",

        "src/main/java/io/github/sunthemoon/advancedrocketrycommunity/machine/electrolyzer/ElectrolyzerRecipe.java",

        "src/main/java/io/github/sunthemoon/advancedrocketrycommunity/machine/electrolyzer/ElectrolyzerRecipeResolver.java",

        "src/main/java/io/github/sunthemoon/advancedrocketrycommunity/machine/menu/MachineMenuNetwork.java",

        "src/main/java/io/github/sunthemoon/advancedrocketrycommunity/machine/menu/MachineMenuOpening.java",

        "src/main/java/io/github/sunthemoon/advancedrocketrycommunity/machine/menu/RecipeMenuReason.java",

        "src/main/java/io/github/sunthemoon/advancedrocketrycommunity/machine/precision/PrecisionAssemblerBlock.java",

        "src/main/java/io/github/sunthemoon/advancedrocketrycommunity/machine/precision/PrecisionAssemblerBlockEntity.java",

        "src/main/java/io/github/sunthemoon/advancedrocketrycommunity/machine/precision/PrecisionAssemblerMenu.java",

        "src/main/java/io/github/sunthemoon/advancedrocketrycommunity/machine/precision/PrecisionAssemblerMenuData.java",

        "src/main/java/io/github/sunthemoon/advancedrocketrycommunity/machine/precision/PrecisionAssemblerPortBlockEntity.java",

        "src/main/java/io/github/sunthemoon/advancedrocketrycommunity/machine/precision/PrecisionAssemblerProcessController.java",

        "src/main/java/io/github/sunthemoon/advancedrocketrycommunity/machine/precision/PrecisionAssemblerRecipe.java",

        "src/main/java/io/github/sunthemoon/advancedrocketrycommunity/machine/precision/PrecisionAssemblerRecipeResolver.java",

        "src/main/java/io/github/sunthemoon/advancedrocketrycommunity/machine/precision/PrecisionAssemblerTransactionCutGameTests.java",

        "src/main/java/io/github/sunthemoon/advancedrocketrycommunity/machine/pump/PumpArt.java",

        "src/main/java/io/github/sunthemoon/advancedrocketrycommunity/machine/pump/PumpBlock.java",

        "src/main/java/io/github/sunthemoon/advancedrocketrycommunity/machine/pump/PumpBlockEntity.java",

        "src/main/java/io/github/sunthemoon/advancedrocketrycommunity/machine/pump/PumpBlockItem.java",

        "src/main/java/io/github/sunthemoon/advancedrocketrycommunity/machine/pump/PumpBudget.java",

        "src/main/java/io/github/sunthemoon/advancedrocketrycommunity/machine/pump/PumpCode.java",

        "src/main/java/io/github/sunthemoon/advancedrocketrycommunity/machine/pump/PumpContent.java",

        "src/main/java/io/github/sunthemoon/advancedrocketrycommunity/machine/pump/PumpDataFiles.java",

        "src/main/java/io/github/sunthemoon/advancedrocketrycommunity/machine/pump/PumpPorts.java",

        "src/main/java/io/github/sunthemoon/advancedrocketrycommunity/machine/pump/PumpProtection.java",

        "src/main/java/io/github/sunthemoon/advancedrocketrycommunity/machine/pump/PumpProtectionChecks.java",

        "src/main/java/io/github/sunthemoon/advancedrocketrycommunity/machine/pump/PumpReleaseTestCommands.java",

        "src/main/java/io/github/sunthemoon/advancedrocketrycommunity/machine/pump/PumpSave.java",

        "src/main/java/io/github/sunthemoon/advancedrocketrycommunity/machine/pump/PumpSearch.java",

        "src/main/java/io/github/sunthemoon/advancedrocketrycommunity/machine/pump/PumpSources.java",

        "src/main/java/io/github/sunthemoon/advancedrocketrycommunity/machine/recipe/BoundedItemIngredientCodec.java",

        "src/main/java/io/github/sunthemoon/advancedrocketrycommunity/machine/recipe/DeferredProcessDefinition.java",

        "src/main/java/io/github/sunthemoon/advancedrocketrycommunity/machine/recipe/LegacyKernelRecipeProof.java",

        "src/main/java/io/github/sunthemoon/advancedrocketrycommunity/machine/recipe/RecipeJsonSignature.java",

        "src/main/java/io/github/sunthemoon/advancedrocketrycommunity/machine/recipe/RecipeSignatureMigration.java",

        "src/main/java/io/github/sunthemoon/advancedrocketrycommunity/machine/recipe/RecipeSignatureProtected.java",

        "src/main/java/io/github/sunthemoon/advancedrocketrycommunity/machine/recipe/RecipeSignatureProtection.java",

        "src/main/java/io/github/sunthemoon/advancedrocketrycommunity/machine/recipe/RecipeSignatureReleaseTestCommands.java",

        "src/main/java/io/github/sunthemoon/advancedrocketrycommunity/machine/recipe/RecipeTagGeneration.java",

        "src/main/java/io/github/sunthemoon/advancedrocketrycommunity/machine/recipe/RetainedRecipePlan.java",

        "src/main/java/io/github/sunthemoon/advancedrocketrycommunity/machine/rolling/RollingMachineBlock.java",

        "src/main/java/io/github/sunthemoon/advancedrocketrycommunity/machine/rolling/RollingMachineBlockEntity.java",

        "src/main/java/io/github/sunthemoon/advancedrocketrycommunity/machine/rolling/RollingMachineMenu.java",

        "src/main/java/io/github/sunthemoon/advancedrocketrycommunity/machine/rolling/RollingMachineMenuData.java",

        "src/main/java/io/github/sunthemoon/advancedrocketrycommunity/machine/rolling/RollingMachinePortBlock.java",

        "src/main/java/io/github/sunthemoon/advancedrocketrycommunity/machine/rolling/RollingMachinePortBlockEntity.java",

        "src/main/java/io/github/sunthemoon/advancedrocketrycommunity/machine/rolling/RollingMachineProcessController.java",

        "src/main/java/io/github/sunthemoon/advancedrocketrycommunity/machine/rolling/RollingMachineRecipe.java",

        "src/main/java/io/github/sunthemoon/advancedrocketrycommunity/machine/rolling/RollingMachineRecipeResolver.java",

        "src/main/java/io/github/sunthemoon/advancedrocketrycommunity/machine/tank/PressurizedTankBlock.java",

        "src/main/java/io/github/sunthemoon/advancedrocketrycommunity/machine/tank/PressurizedTankBlockEntity.java",

        "src/main/java/io/github/sunthemoon/advancedrocketrycommunity/machine/tank/PressurizedTankItem.java",

        "src/main/java/io/github/sunthemoon/advancedrocketrycommunity/machine/tank/TankCapacity.java",

        "src/main/java/io/github/sunthemoon/advancedrocketrycommunity/machine/tank/TankContainerExchange.java",

        "src/main/java/io/github/sunthemoon/advancedrocketrycommunity/machine/tank/TankDataFiles.java",

        "src/main/java/io/github/sunthemoon/advancedrocketrycommunity/machine/tank/TankFluidPort.java",

        "src/main/java/io/github/sunthemoon/advancedrocketrycommunity/machine/tank/TankProtection.java",

        "src/main/java/io/github/sunthemoon/advancedrocketrycommunity/machine/tank/TankReleaseTestCommands.java",

        "src/main/java/io/github/sunthemoon/advancedrocketrycommunity/machine/tank/TankSave.java",

        "src/main/java/io/github/sunthemoon/advancedrocketrycommunity/machine/tank/TankTransferQueue.java",

        "src/main/java/io/github/sunthemoon/advancedrocketrycommunity/machine/tank/TankTransfers.java",

        "src/main/java/io/github/sunthemoon/advancedrocketrycommunity/persistence/BoundedNbt.java",

        "src/main/java/io/github/sunthemoon/advancedrocketrycommunity/persistence/ChunkSaveDenials.java",

        "src/main/java/io/github/sunthemoon/advancedrocketrycommunity/persistence/GuardedChunkSaves.java",

        "src/main/java/io/github/sunthemoon/advancedrocketrycommunity/registry/ModBlockEntities.java",

        "src/main/java/io/github/sunthemoon/advancedrocketrycommunity/registry/ModBlocks.java",

        "src/main/java/io/github/sunthemoon/advancedrocketrycommunity/registry/ModCreativeTabs.java",

        "src/main/java/io/github/sunthemoon/advancedrocketrycommunity/registry/ModItems.java",

        "src/main/java/io/github/sunthemoon/advancedrocketrycommunity/registry/ModMenuTypes.java",

        "src/main/java/io/github/sunthemoon/advancedrocketrycommunity/registry/ModRegistries.java",

        "src/test/java/io/github/sunthemoon/advancedrocketrycommunity/ModMetadataTest.java",

        "src/test/java/io/github/sunthemoon/advancedrocketrycommunity/celestial/exoplanet/V180ExoplanetResourcesTest.java",

        "src/test/java/io/github/sunthemoon/advancedrocketrycommunity/celestial/exoplanet/worldgen/LandingGroundTest.java",

        "src/test/java/io/github/sunthemoon/advancedrocketrycommunity/celestial/visual/SkyMathTest.java",

        "src/test/java/io/github/sunthemoon/advancedrocketrycommunity/celestial/visual/SkyProfileTest.java",

        "src/test/java/io/github/sunthemoon/advancedrocketrycommunity/classiccomponent/MotorArtTest.java",

        "src/test/java/io/github/sunthemoon/advancedrocketrycommunity/classiccomponent/MotorDataFilesTest.java",

        "src/test/java/io/github/sunthemoon/advancedrocketrycommunity/classiccomponent/MotorDefinitionTest.java",

        "src/test/java/io/github/sunthemoon/advancedrocketrycommunity/classiccomponent/MotorLanguageResourcesTest.java",

        "src/test/java/io/github/sunthemoon/advancedrocketrycommunity/client/exoplanet/FlashCooldownTest.java",

        "src/test/java/io/github/sunthemoon/advancedrocketrycommunity/client/sky/SkyProfileReloadTest.java",

        "src/test/java/io/github/sunthemoon/advancedrocketrycommunity/config/CommonConfigTest.java",

        "src/test/java/io/github/sunthemoon/advancedrocketrycommunity/datagen/V180RecipeMenuLanguageTest.java",

        "src/test/java/io/github/sunthemoon/advancedrocketrycommunity/fluid/CanisterStackSwapTest.java",

        "src/test/java/io/github/sunthemoon/advancedrocketrycommunity/fluid/CanisterSwapPlannerTest.java",

        "src/test/java/io/github/sunthemoon/advancedrocketrycommunity/fluid/GasCanisterHandlerTest.java",

        "src/test/java/io/github/sunthemoon/advancedrocketrycommunity/fluid/V180FluidResourcesTest.java",

        "src/test/java/io/github/sunthemoon/advancedrocketrycommunity/machine/classic/adapter/ClassicNativeEntryCapacityTest.java",

        "src/test/java/io/github/sunthemoon/advancedrocketrycommunity/machine/classic/adapter/ClassicNativeValuesTest.java",

        "src/test/java/io/github/sunthemoon/advancedrocketrycommunity/machine/classic/adapter/ClassicNbtKeyOrderTest.java",

        "src/test/java/io/github/sunthemoon/advancedrocketrycommunity/machine/classic/adapter/ClassicNbtShapeTest.java",

        "src/test/java/io/github/sunthemoon/advancedrocketrycommunity/machine/classic/adapter/ClassicRootBundleTest.java",

        "src/test/java/io/github/sunthemoon/advancedrocketrycommunity/machine/classic/adapter/ClassicValuesTest.java",

        "src/test/java/io/github/sunthemoon/advancedrocketrycommunity/machine/classic/resource/ClassicBankKeyTest.java",

        "src/test/java/io/github/sunthemoon/advancedrocketrycommunity/machine/classic/resource/ClassicBankTransfersTest.java",

        "src/test/java/io/github/sunthemoon/advancedrocketrycommunity/machine/classic/resource/ClassicItemCountTest.java",

        "src/test/java/io/github/sunthemoon/advancedrocketrycommunity/machine/classic/resource/ClassicResourceBankTest.java",

        "src/test/java/io/github/sunthemoon/advancedrocketrycommunity/machine/classic/resource/ClassicResourcesCodecTest.java",

        "src/test/java/io/github/sunthemoon/advancedrocketrycommunity/machine/classic/resource/ClassicResourcesTest.java",

        "src/test/java/io/github/sunthemoon/advancedrocketrycommunity/machine/combustion/CombustionBurnTest.java",

        "src/test/java/io/github/sunthemoon/advancedrocketrycommunity/machine/combustion/CombustionMenuWireTest.java",

        "src/test/java/io/github/sunthemoon/advancedrocketrycommunity/machine/combustion/CombustionSaveTest.java",

        "src/test/java/io/github/sunthemoon/advancedrocketrycommunity/machine/combustion/V180CombustionResourcesTest.java",

        "src/test/java/io/github/sunthemoon/advancedrocketrycommunity/machine/electrolyzer/ElectrolyzerMenuDataTest.java",

        "src/test/java/io/github/sunthemoon/advancedrocketrycommunity/machine/electrolyzer/ElectrolyzerMenuReasonTest.java",

        "src/test/java/io/github/sunthemoon/advancedrocketrycommunity/machine/electrolyzer/ElectrolyzerMigrationTest.java",

        "src/test/java/io/github/sunthemoon/advancedrocketrycommunity/machine/electrolyzer/ElectrolyzerSignatureBoundsTest.java",

        "src/test/java/io/github/sunthemoon/advancedrocketrycommunity/machine/menu/MachineMenuNetworkTest.java",

        "src/test/java/io/github/sunthemoon/advancedrocketrycommunity/machine/menu/MachineMenuOpeningTest.java",

        "src/test/java/io/github/sunthemoon/advancedrocketrycommunity/machine/menu/RecipeMenuReasonTest.java",

        "src/test/java/io/github/sunthemoon/advancedrocketrycommunity/machine/precision/PrecisionAssemblerRecipeTest.java",

        "src/test/java/io/github/sunthemoon/advancedrocketrycommunity/machine/precision/PrecisionSignatureStateTest.java",

        "src/test/java/io/github/sunthemoon/advancedrocketrycommunity/machine/precision/PrecisionTagBudgetTest.java",

        "src/test/java/io/github/sunthemoon/advancedrocketrycommunity/machine/pump/PumpBudgetTest.java",

        "src/test/java/io/github/sunthemoon/advancedrocketrycommunity/machine/pump/PumpProtectionChecksTest.java",

        "src/test/java/io/github/sunthemoon/advancedrocketrycommunity/machine/pump/PumpReleaseTestCommandsTest.java",

        "src/test/java/io/github/sunthemoon/advancedrocketrycommunity/machine/pump/PumpResourcesTest.java",

        "src/test/java/io/github/sunthemoon/advancedrocketrycommunity/machine/pump/PumpSaveTest.java",

        "src/test/java/io/github/sunthemoon/advancedrocketrycommunity/machine/pump/PumpSearchTest.java",

        "src/test/java/io/github/sunthemoon/advancedrocketrycommunity/machine/recipe/BoundedItemIngredientCodecTest.java",

        "src/test/java/io/github/sunthemoon/advancedrocketrycommunity/machine/recipe/DeferredRecipeTagTest.java",

        "src/test/java/io/github/sunthemoon/advancedrocketrycommunity/machine/recipe/RecipeJsonSignatureTest.java",

        "src/test/java/io/github/sunthemoon/advancedrocketrycommunity/machine/recipe/RecipeSignatureMigrationTest.java",

        "src/test/java/io/github/sunthemoon/advancedrocketrycommunity/machine/recipe/RecipeSignatureProtectionTest.java",

        "src/test/java/io/github/sunthemoon/advancedrocketrycommunity/machine/recipe/RecipeSignatureReleaseTestCommandsTest.java",

        "src/test/java/io/github/sunthemoon/advancedrocketrycommunity/machine/recipe/RetainedRecipePlanTest.java",

        "src/test/java/io/github/sunthemoon/advancedrocketrycommunity/machine/rolling/RollingMachineRecipeTest.java",

        "src/test/java/io/github/sunthemoon/advancedrocketrycommunity/machine/rolling/RollingSignatureStateTest.java",

        "src/test/java/io/github/sunthemoon/advancedrocketrycommunity/machine/tank/TankCapacityTest.java",

        "src/test/java/io/github/sunthemoon/advancedrocketrycommunity/machine/tank/TankContainerExchangeTest.java",

        "src/test/java/io/github/sunthemoon/advancedrocketrycommunity/machine/tank/TankDataTest.java",

        "src/test/java/io/github/sunthemoon/advancedrocketrycommunity/machine/tank/TankItemRootTest.java",

        "src/test/java/io/github/sunthemoon/advancedrocketrycommunity/machine/tank/TankSaveTest.java",

        "src/test/java/io/github/sunthemoon/advancedrocketrycommunity/machine/tank/TankTransferQueueTest.java",

        "src/test/java/io/github/sunthemoon/advancedrocketrycommunity/material/SmallPlatePressCraftingResourcesTest.java",

        "src/test/java/io/github/sunthemoon/advancedrocketrycommunity/material/V180KernelRecipeResourcesTest.java",

        "src/test/java/io/github/sunthemoon/advancedrocketrycommunity/material/V180MaterialResourcesTest.java",

        "src/test/java/io/github/sunthemoon/advancedrocketrycommunity/network/NetworkProtocolPinTest.java",

        "src/test/java/io/github/sunthemoon/advancedrocketrycommunity/persistence/BoundedNbtTest.java",

        "src/test/java/io/github/sunthemoon/advancedrocketrycommunity/persistence/ChunkSaveDenialsTest.java"

      ],

      "file_count": 260

    },

    {

      "subject": "feat(data): add v1.8 generated machine content and original art",

      "commit": "6a3bcffe60125ad3e138543f39b47eb9b13f5597",

      "files": [

        "THIRD-PARTY-NOTICES.md",

        "docs/provenance/v1.8.0-c16a-pump-new-resources.md",

        "docs/provenance/v1.8.0-c16a-tank-new-resources.md",

        "docs/provenance/v1.8.0-development-metadata.md",

        "src/generated/v1.8/resources/assets/advancedrocketrycommunity/blockstates/advanced_motor.json",

        "src/generated/v1.8/resources/assets/advancedrocketrycommunity/blockstates/combustion_generator.json",

        "src/generated/v1.8/resources/assets/advancedrocketrycommunity/blockstates/elite_motor.json",

        "src/generated/v1.8/resources/assets/advancedrocketrycommunity/blockstates/enhanced_motor.json",

        "src/generated/v1.8/resources/assets/advancedrocketrycommunity/blockstates/enriched_lava.json",

        "src/generated/v1.8/resources/assets/advancedrocketrycommunity/blockstates/motor.json",

        "src/generated/v1.8/resources/assets/advancedrocketrycommunity/blockstates/pressurized_tank.json",

        "src/generated/v1.8/resources/assets/advancedrocketrycommunity/blockstates/pump.json",

        "src/generated/v1.8/resources/assets/advancedrocketrycommunity/blockstates/rocket_fuel.json",

        "src/generated/v1.8/resources/assets/advancedrocketrycommunity/models/block/advanced_motor.json",

        "src/generated/v1.8/resources/assets/advancedrocketrycommunity/models/block/combustion_generator.json",

        "src/generated/v1.8/resources/assets/advancedrocketrycommunity/models/block/combustion_generator_lit.json",

        "src/generated/v1.8/resources/assets/advancedrocketrycommunity/models/block/elite_motor.json",

        "src/generated/v1.8/resources/assets/advancedrocketrycommunity/models/block/enhanced_motor.json",

        "src/generated/v1.8/resources/assets/advancedrocketrycommunity/models/block/enriched_lava.json",

        "src/generated/v1.8/resources/assets/advancedrocketrycommunity/models/block/motor.json",

        "src/generated/v1.8/resources/assets/advancedrocketrycommunity/models/block/pressurized_tank.json",

        "src/generated/v1.8/resources/assets/advancedrocketrycommunity/models/block/pump.json",

        "src/generated/v1.8/resources/assets/advancedrocketrycommunity/models/block/rocket_fuel.json",

        "src/generated/v1.8/resources/assets/advancedrocketrycommunity/models/item/advanced_motor.json",

        "src/generated/v1.8/resources/assets/advancedrocketrycommunity/models/item/combustion_generator.json",

        "src/generated/v1.8/resources/assets/advancedrocketrycommunity/models/item/elite_motor.json",

        "src/generated/v1.8/resources/assets/advancedrocketrycommunity/models/item/enhanced_motor.json",

        "src/generated/v1.8/resources/assets/advancedrocketrycommunity/models/item/enriched_lava_bucket.json",

        "src/generated/v1.8/resources/assets/advancedrocketrycommunity/models/item/motor.json",

        "src/generated/v1.8/resources/assets/advancedrocketrycommunity/models/item/nitrogen_canister.json",

        "src/generated/v1.8/resources/assets/advancedrocketrycommunity/models/item/pressurized_tank.json",

        "src/generated/v1.8/resources/assets/advancedrocketrycommunity/models/item/pump.json",

        "src/generated/v1.8/resources/assets/advancedrocketrycommunity/models/item/rocket_fuel_bucket.json",

        "src/generated/v1.8/resources/assets/advancedrocketrycommunity/textures/block/advanced_motor_bottom.png",

        "src/generated/v1.8/resources/assets/advancedrocketrycommunity/textures/block/advanced_motor_side.png",

        "src/generated/v1.8/resources/assets/advancedrocketrycommunity/textures/block/advanced_motor_top.png",

        "src/generated/v1.8/resources/assets/advancedrocketrycommunity/textures/block/combustion_front.png",

        "src/generated/v1.8/resources/assets/advancedrocketrycommunity/textures/block/combustion_front_lit.png",

        "src/generated/v1.8/resources/assets/advancedrocketrycommunity/textures/block/combustion_side.png",

        "src/generated/v1.8/resources/assets/advancedrocketrycommunity/textures/block/combustion_top.png",

        "src/generated/v1.8/resources/assets/advancedrocketrycommunity/textures/block/elite_motor_bottom.png",

        "src/generated/v1.8/resources/assets/advancedrocketrycommunity/textures/block/elite_motor_side.png",

        "src/generated/v1.8/resources/assets/advancedrocketrycommunity/textures/block/elite_motor_top.png",

        "src/generated/v1.8/resources/assets/advancedrocketrycommunity/textures/block/enhanced_motor_bottom.png",

        "src/generated/v1.8/resources/assets/advancedrocketrycommunity/textures/block/enhanced_motor_side.png",

        "src/generated/v1.8/resources/assets/advancedrocketrycommunity/textures/block/enhanced_motor_top.png",

        "src/generated/v1.8/resources/assets/advancedrocketrycommunity/textures/block/fluid/enriched_lava_flow.png",

        "src/generated/v1.8/resources/assets/advancedrocketrycommunity/textures/block/fluid/enriched_lava_still.png",

        "src/generated/v1.8/resources/assets/advancedrocketrycommunity/textures/block/fluid/hydrogen_flow.png",

        "src/generated/v1.8/resources/assets/advancedrocketrycommunity/textures/block/fluid/hydrogen_still.png",

        "src/generated/v1.8/resources/assets/advancedrocketrycommunity/textures/block/fluid/nitrogen_flow.png",

        "src/generated/v1.8/resources/assets/advancedrocketrycommunity/textures/block/fluid/nitrogen_still.png",

        "src/generated/v1.8/resources/assets/advancedrocketrycommunity/textures/block/fluid/oxygen_flow.png",

        "src/generated/v1.8/resources/assets/advancedrocketrycommunity/textures/block/fluid/oxygen_still.png",

        "src/generated/v1.8/resources/assets/advancedrocketrycommunity/textures/block/fluid/rocket_fuel_flow.png",

        "src/generated/v1.8/resources/assets/advancedrocketrycommunity/textures/block/fluid/rocket_fuel_still.png",

        "src/generated/v1.8/resources/assets/advancedrocketrycommunity/textures/block/motor_bottom.png",

        "src/generated/v1.8/resources/assets/advancedrocketrycommunity/textures/block/motor_side.png",

        "src/generated/v1.8/resources/assets/advancedrocketrycommunity/textures/block/motor_top.png",

        "src/generated/v1.8/resources/assets/advancedrocketrycommunity/textures/block/pressurized_tank_bottom.png",

        "src/generated/v1.8/resources/assets/advancedrocketrycommunity/textures/block/pressurized_tank_side.png",

        "src/generated/v1.8/resources/assets/advancedrocketrycommunity/textures/block/pressurized_tank_top.png",

        "src/generated/v1.8/resources/assets/advancedrocketrycommunity/textures/block/pump_bottom.png",

        "src/generated/v1.8/resources/assets/advancedrocketrycommunity/textures/block/pump_side.png",

        "src/generated/v1.8/resources/assets/advancedrocketrycommunity/textures/block/pump_top.png",

        "src/generated/v1.8/resources/assets/advancedrocketrycommunity/textures/item/enriched_lava_bucket.png",

        "src/generated/v1.8/resources/assets/advancedrocketrycommunity/textures/item/nitrogen_canister.png",

        "src/generated/v1.8/resources/assets/advancedrocketrycommunity/textures/item/rocket_fuel_bucket.png",

        "src/generated/v1.8/resources/assets/advancedrocketrycommunity_v180/lang/en_us.json",

        "src/generated/v1.8/resources/assets/advancedrocketrycommunity_v180/lang/zh_cn.json",

        "src/generated/v1.8/resources/data/advancedrocketrycommunity/advancements/recipes/misc/advanced_motor.json",

        "src/generated/v1.8/resources/data/advancedrocketrycommunity/advancements/recipes/misc/elite_motor.json",

        "src/generated/v1.8/resources/data/advancedrocketrycommunity/advancements/recipes/misc/enhanced_motor.json",

        "src/generated/v1.8/resources/data/advancedrocketrycommunity/advancements/recipes/misc/motor.json",

        "src/generated/v1.8/resources/data/advancedrocketrycommunity/advancements/recipes/misc/pressurized_tank.json",

        "src/generated/v1.8/resources/data/advancedrocketrycommunity/advancements/recipes/misc/pump.json",

        "src/generated/v1.8/resources/data/advancedrocketrycommunity/advancements/recipes/redstone/combustion_generator.json",

        "src/generated/v1.8/resources/data/advancedrocketrycommunity/advancements/recipes/redstone/small_plate_press.json",

        "src/generated/v1.8/resources/data/advancedrocketrycommunity/gas_harvest/gas_giant.json",

        "src/generated/v1.8/resources/data/advancedrocketrycommunity/loot_tables/blocks/advanced_motor.json",

        "src/generated/v1.8/resources/data/advancedrocketrycommunity/loot_tables/blocks/combustion_generator.json",

        "src/generated/v1.8/resources/data/advancedrocketrycommunity/loot_tables/blocks/elite_motor.json",

        "src/generated/v1.8/resources/data/advancedrocketrycommunity/loot_tables/blocks/enhanced_motor.json",

        "src/generated/v1.8/resources/data/advancedrocketrycommunity/loot_tables/blocks/motor.json",

        "src/generated/v1.8/resources/data/advancedrocketrycommunity/loot_tables/blocks/pressurized_tank.json",

        "src/generated/v1.8/resources/data/advancedrocketrycommunity/loot_tables/blocks/pump.json",

        "src/generated/v1.8/resources/data/advancedrocketrycommunity/recipes/advanced_motor.json",

        "src/generated/v1.8/resources/data/advancedrocketrycommunity/recipes/combustion_generator.json",

        "src/generated/v1.8/resources/data/advancedrocketrycommunity/recipes/elite_motor.json",

        "src/generated/v1.8/resources/data/advancedrocketrycommunity/recipes/enhanced_motor.json",

        "src/generated/v1.8/resources/data/advancedrocketrycommunity/recipes/motor.json",

        "src/generated/v1.8/resources/data/advancedrocketrycommunity/recipes/precision_control_circuit.json",

        "src/generated/v1.8/resources/data/advancedrocketrycommunity/recipes/precision_guidance_module.json",

        "src/generated/v1.8/resources/data/advancedrocketrycommunity/recipes/pressurized_tank.json",

        "src/generated/v1.8/resources/data/advancedrocketrycommunity/recipes/pump.json",

        "src/generated/v1.8/resources/data/advancedrocketrycommunity/recipes/rolling_aluminum_plate.json",

        "src/generated/v1.8/resources/data/advancedrocketrycommunity/recipes/rolling_aluminum_sheet.json",

        "src/generated/v1.8/resources/data/advancedrocketrycommunity/recipes/rolling_copper_plate.json",

        "src/generated/v1.8/resources/data/advancedrocketrycommunity/recipes/rolling_copper_sheet.json",

        "src/generated/v1.8/resources/data/advancedrocketrycommunity/recipes/rolling_gold_plate.json",

        "src/generated/v1.8/resources/data/advancedrocketrycommunity/recipes/rolling_iridium_plate.json",

        "src/generated/v1.8/resources/data/advancedrocketrycommunity/recipes/rolling_iron_bars.json",

        "src/generated/v1.8/resources/data/advancedrocketrycommunity/recipes/rolling_iron_sheet.json",

        "src/generated/v1.8/resources/data/advancedrocketrycommunity/recipes/rolling_silicon_plate.json",

        "src/generated/v1.8/resources/data/advancedrocketrycommunity/recipes/rolling_steel_plate.json",

        "src/generated/v1.8/resources/data/advancedrocketrycommunity/recipes/rolling_steel_sheet.json",

        "src/generated/v1.8/resources/data/advancedrocketrycommunity/recipes/rolling_tin_plate.json",

        "src/generated/v1.8/resources/data/advancedrocketrycommunity/recipes/rolling_titanium_aluminide_plate.json",

        "src/generated/v1.8/resources/data/advancedrocketrycommunity/recipes/rolling_titanium_aluminide_sheet.json",

        "src/generated/v1.8/resources/data/advancedrocketrycommunity/recipes/rolling_titanium_iridium_plate.json",

        "src/generated/v1.8/resources/data/advancedrocketrycommunity/recipes/rolling_titanium_iridium_sheet.json",

        "src/generated/v1.8/resources/data/advancedrocketrycommunity/recipes/rolling_titanium_plate.json",

        "src/generated/v1.8/resources/data/advancedrocketrycommunity/recipes/rolling_titanium_sheet.json",

        "src/generated/v1.8/resources/data/advancedrocketrycommunity/recipes/small_plate_press.json",

        "src/generated/v1.8/resources/data/advancedrocketrycommunity/tags/blocks/motors.json",

        "src/generated/v1.8/resources/data/advancedrocketrycommunity/tags/blocks/pressurized_tanks.json",

        "src/generated/v1.8/resources/data/advancedrocketrycommunity/tags/items/motors.json",

        "src/generated/v1.8/resources/data/advancedrocketrycommunity/tags/items/pressurized_tanks.json",

        "src/generated/v1.8/resources/data/advancedrocketrycommunity/worldgen/noise_settings/tau_ceti_f.json",

        "src/generated/v1.8/resources/data/advancedrocketrycommunity/worldgen/placed_feature/alien_forest_grass.json",

        "src/generated/v1.8/resources/data/advancedrocketrycommunity/worldgen/placed_feature/crystal_cluster.json",

        "src/generated/v1.8/resources/data/advancedrocketrycommunity/worldgen/placed_feature/electric_mushrooms.json",

        "src/generated/v1.8/resources/data/advancedrocketrycommunity/worldgen/placed_feature/giant_swamp_tree.json",

        "src/generated/v1.8/resources/data/advancedrocketrycommunity/worldgen/placed_feature/inverted_pillar.json",

        "src/generated/v1.8/resources/data/advancedrocketrycommunity/worldgen/placed_feature/lightwood_tree.json",

        "src/generated/v1.8/resources/data/advancedrocketrycommunity/worldgen/placed_feature/stormland_charred_tree.json",

        "src/generated/v1.8/resources/data/minecraft/tags/blocks/mineable/pickaxe.json",

        "src/generated/v1.8/resources/data/minecraft/tags/blocks/needs_stone_tool.json"

      ],

      "file_count": 128

    },

    {

      "subject": "test(machine): preserve v1.8 native probes and regression fixtures",

      "commit": "735ff725e40b4d8cc521867db83f2bc12e405492",

      "files": [

        "scripts/run_v180_combustion_smoke.py",

        "scripts/run_v180_fluid_smoke.py",

        "scripts/run_v180_motor_smoke.py",

        "scripts/run_v180_pump_smoke.py",

        "scripts/run_v180_signature_smoke.py",

        "scripts/run_v180_tank_smoke.py",

        "tests/test_run_v180_combustion_smoke.py",

        "tests/test_run_v180_fluid_smoke.py",

        "tests/test_run_v180_motor_smoke.py",

        "tests/test_run_v180_pump_smoke.py",

        "tests/test_run_v180_signature_smoke.py",

        "tests/test_run_v180_tank_smoke.py",

        "tests/test_validate_v180_content_ledger.py"

      ],

      "file_count": 13

    },

    {

      "subject": "feat(machine): add bounded private canonical NBT bytes",

      "commit": "3f3d62aed3980186fe0acc9592cf93ca436405fb",

      "files": [

        "src/main/java/io/github/sunthemoon/advancedrocketrycommunity/machine/classic/adapter/ClassicNbtCanonicalBytes.java",

        "src/test/java/io/github/sunthemoon/advancedrocketrycommunity/machine/classic/adapter/ClassicNbtCanonicalBytesTest.java"

      ],

      "file_count": 2

    }

  ],

  "commands": [

    {

      "command": [

        "git",

        "diff",

        "--cached",

        "--name-only"

      ],

      "cwd": "D:\\GitHub\\AdvancedRocketry-Community",

      "started_utc": "2026-10-04T05:00:38.629125+00:00",

      "exit": 0,

      "log": "phase-commit01-01.log",

      "log_sha256": "e3b0c44298fc1c149afbf4c8996fb92427ae41e4649b934ca495991b7852b855"

    },

    {

      "command": [

        "git",

        "branch",

        "--show-current"

      ],

      "cwd": "D:\\GitHub\\AdvancedRocketry-Community",

      "started_utc": "2026-10-04T05:00:38.699393+00:00",

      "exit": 0,

      "log": "phase-commit01-02.log",

      "log_sha256": "96f50e3ec8dd6cee834c5b1d2a35cfe1c2e22b2a78aba2f1d7f1ad61682838a7"

    },

    {

      "command": [

        "git",

        "rev-parse",

        "HEAD"

      ],

      "cwd": "D:\\GitHub\\AdvancedRocketry-Community",

      "started_utc": "2026-10-04T05:00:38.754603+00:00",

      "exit": 0,

      "log": "phase-commit01-03.log",

      "log_sha256": "1867a0e6ece70e375be5692f93ea1c1921dbe71f202e6b1d9678313407c1d954"

    },

    {

      "command": [

        "git",

        "-c",

        "core.autocrlf=false",

        "add",

        "--",

        "src/adapterTest/java/io/github/sunthemoon/arceadaptertest/AdapterFaultGameTests.java",

        "src/adapterTest/java/io/github/sunthemoon/arceadaptertest/AdapterRegistrationGameTests.java",

        "src/adapterTest/java/io/github/sunthemoon/arceadaptertest/AdapterTestMod.java",

        "src/adapterTest/java/io/github/sunthemoon/arceadaptertest/AtmosphereBoundaryGameTests.java",

        "src/adapterTest/java/io/github/sunthemoon/arceadaptertest/EndgameEffectFixture.java",

        "src/adapterTest/java/io/github/sunthemoon/arceadaptertest/EndgameEffectGameTests.java",

        "src/adapterTest/java/io/github/sunthemoon/arceadaptertest/EnvironmentQueryFixture.java",

        "src/adapterTest/java/io/github/sunthemoon/arceadaptertest/EnvironmentQueryGameTests.java",

        "src/adapterTest/java/io/github/sunthemoon/arceadaptertest/FixtureAdapterFaults.java",

        "src/adapterTest/java/io/github/sunthemoon/arceadaptertest/FixtureBoundaryBlock.java",

        "src/adapterTest/java/io/github/sunthemoon/arceadaptertest/FixtureContainerBlock.java",

        "src/adapterTest/java/io/github/sunthemoon/arceadaptertest/FixtureContainerBlockEntity.java",

        "src/adapterTest/java/io/github/sunthemoon/arceadaptertest/FixtureInventoryAdapter.java",

        "src/adapterTest/java/io/github/sunthemoon/arceadaptertest/FixtureRocketComponents.java",

        "src/adapterTest/java/io/github/sunthemoon/arceadaptertest/FixtureRocketFuels.java",

        "src/adapterTest/java/io/github/sunthemoon/arceadaptertest/FixtureSuitOxygen.java",

        "src/adapterTest/java/io/github/sunthemoon/arceadaptertest/RocketComponentGameTests.java",

        "src/adapterTest/java/io/github/sunthemoon/arceadaptertest/RocketFuelGameTests.java",

        "src/adapterTest/java/io/github/sunthemoon/arceadaptertest/SatellitePayloadFixture.java",

        "src/adapterTest/java/io/github/sunthemoon/arceadaptertest/SatellitePayloadGameTests.java",

        "src/adapterTest/java/io/github/sunthemoon/arceadaptertest/StationExpansionProbe.java",

        "src/adapterTest/java/io/github/sunthemoon/arceadaptertest/SuitEquipmentFixture.java",

        "src/adapterTest/java/io/github/sunthemoon/arceadaptertest/SuitEquipmentGameTests.java",

        "src/main/java/io/github/sunthemoon/advancedrocketrycommunity/AdvancedRocketryCommunity.java",

        "src/main/java/io/github/sunthemoon/advancedrocketrycommunity/ModIdentity.java",

        "src/main/java/io/github/sunthemoon/advancedrocketrycommunity/api/atmosphere/AtmosphereBoundary.java",

        "src/main/java/io/github/sunthemoon/advancedrocketrycommunity/api/atmosphere/AtmosphereBoundaryProvider.java",

        "src/main/java/io/github/sunthemoon/advancedrocketrycommunity/api/atmosphere/AtmosphereBoundaryRegistrar.java",

        "src/main/java/io/github/sunthemoon/advancedrocketrycommunity/api/atmosphere/RegisterAtmosphereBoundariesEvent.java",

        "src/main/java/io/github/sunthemoon/advancedrocketrycommunity/api/atmosphere/RegisterSuitEquipmentEvent.java",

        "src/main/java/io/github/sunthemoon/advancedrocketrycommunity/api/atmosphere/SuitEquipmentRegistrar.java",

        "src/main/java/io/github/sunthemoon/advancedrocketrycommunity/api/atmosphere/SuitOxygenProvider.java",

        "src/main/java/io/github/sunthemoon/advancedrocketrycommunity/api/endgame/EndgameEffect.java",

        "src/main/java/io/github/sunthemoon/advancedrocketrycommunity/api/endgame/EndgameEffectEvent.java",

        "src/main/java/io/github/sunthemoon/advancedrocketrycommunity/api/environment/AtmosphereProfile.java",

        "src/main/java/io/github/sunthemoon/advancedrocketrycommunity/api/environment/EnvironmentQueries.java",

        "src/main/java/io/github/sunthemoon/advancedrocketrycommunity/api/environment/EnvironmentSnapshot.java",

        "src/main/java/io/github/sunthemoon/advancedrocketrycommunity/api/environment/ServerEnvironmentReadyEvent.java",

        "src/main/java/io/github/sunthemoon/advancedrocketrycommunity/api/rocket/RegisterRocketAdaptersEvent.java",

        "src/main/java/io/github/sunthemoon/advancedrocketrycommunity/api/rocket/RegisterRocketComponentsEvent.java",

        "src/main/java/io/github/sunthemoon/advancedrocketrycommunity/api/rocket/RegisterRocketFuelsEvent.java",

        "src/main/java/io/github/sunthemoon/advancedrocketrycommunity/api/rocket/RocketAdapterRegistrar.java",

        "src/main/java/io/github/sunthemoon/advancedrocketrycommunity/api/rocket/RocketBlockEntityAdapter.java",

        "src/main/java/io/github/sunthemoon/advancedrocketrycommunity/api/rocket/RocketComponentDefinition.java",

        "src/main/java/io/github/sunthemoon/advancedrocketrycommunity/api/rocket/RocketComponentRegistrar.java",

        "src/main/java/io/github/sunthemoon/advancedrocketrycommunity/api/rocket/RocketFuelDefinition.java",

        "src/main/java/io/github/sunthemoon/advancedrocketrycommunity/api/rocket/RocketFuelRegistrar.java",

        "src/main/java/io/github/sunthemoon/advancedrocketrycommunity/api/satellite/RegisterSatellitePayloadsEvent.java",

        "src/main/java/io/github/sunthemoon/advancedrocketrycommunity/api/satellite/SatelliteMissionDefinition.java",

        "src/main/java/io/github/sunthemoon/advancedrocketrycommunity/api/satellite/SatellitePayloadRegistrar.java",

        "src/main/java/io/github/sunthemoon/advancedrocketrycommunity/api/version/ApiCompatibility.java",

        "src/main/java/io/github/sunthemoon/advancedrocketrycommunity/api/version/ApiVersion.java",

        "src/main/java/io/github/sunthemoon/advancedrocketrycommunity/api/version/ApiVersions.java",

        "src/main/java/io/github/sunthemoon/advancedrocketrycommunity/atmosphere/AtmosphereLimits.java",

        "src/main/java/io/github/sunthemoon/advancedrocketrycommunity/atmosphere/command/AtmosphereCommands.java",

        "src/main/java/io/github/sunthemoon/advancedrocketrycommunity/atmosphere/content/OxygenCanisterItem.java",

        "src/main/java/io/github/sunthemoon/advancedrocketrycommunity/atmosphere/content/SpaceSuitArmorItem.java",

        "src/main/java/io/github/sunthemoon/advancedrocketrycommunity/atmosphere/content/SpaceSuitOxygen.java",

        "src/main/java/io/github/sunthemoon/advancedrocketrycommunity/atmosphere/life/BreathabilityState.java",

        "src/main/java/io/github/sunthemoon/advancedrocketrycommunity/atmosphere/life/OxygenTransfer.java",

        "src/main/java/io/github/sunthemoon/advancedrocketrycommunity/atmosphere/life/OxygenTransferResult.java",

        "src/main/java/io/github/sunthemoon/advancedrocketrycommunity/atmosphere/life/PlayerLifeSupportDecision.java",

        "src/main/java/io/github/sunthemoon/advancedrocketrycommunity/atmosphere/life/PlayerLifeSupportEngine.java",

        "src/main/java/io/github/sunthemoon/advancedrocketrycommunity/atmosphere/life/PlayerLifeSupportInput.java",

        "src/main/java/io/github/sunthemoon/advancedrocketrycommunity/atmosphere/life/PlayerProtectionStatus.java",

        "src/main/java/io/github/sunthemoon/advancedrocketrycommunity/atmosphere/life/VentOperatingStatus.java",

        "src/main/java/io/github/sunthemoon/advancedrocketrycommunity/atmosphere/life/VentSupplyEngine.java",

        "src/main/java/io/github/sunthemoon/advancedrocketrycommunity/atmosphere/life/VentSupplyInput.java",

        "src/main/java/io/github/sunthemoon/advancedrocketrycommunity/atmosphere/life/VentSupplyResult.java",

        "src/main/java/io/github/sunthemoon/advancedrocketrycommunity/atmosphere/network/LifeSupportClientCache.java",

        "src/main/java/io/github/sunthemoon/advancedrocketrycommunity/atmosphere/network/LifeSupportNetwork.java",

        "src/main/java/io/github/sunthemoon/advancedrocketrycommunity/atmosphere/network/LifeSupportStatusPacket.java",

        "src/main/java/io/github/sunthemoon/advancedrocketrycommunity/atmosphere/scan/AtmosphereVolume.java",

        "src/main/java/io/github/sunthemoon/advancedrocketrycommunity/atmosphere/scan/CellObservation.java",

        "src/main/java/io/github/sunthemoon/advancedrocketrycommunity/atmosphere/scan/CompletedVolumeScan.java",

        "src/main/java/io/github/sunthemoon/advancedrocketrycommunity/atmosphere/scan/CoordinatorTickReport.java",

        "src/main/java/io/github/sunthemoon/advancedrocketrycommunity/atmosphere/scan/ScanScheduleResult.java",

        "src/main/java/io/github/sunthemoon/advancedrocketrycommunity/atmosphere/scan/ScanScheduleStatus.java",

        "src/main/java/io/github/sunthemoon/advancedrocketrycommunity/atmosphere/scan/VolumeBounds.java",

        "src/main/java/io/github/sunthemoon/advancedrocketrycommunity/atmosphere/scan/VolumeId.java"

      ],

      "cwd": "D:\\GitHub\\AdvancedRocketry-Community",

      "started_utc": "2026-10-04T05:00:38.833348+00:00",

      "exit": 0,

      "log": "phase-commit01-04.log",

      "log_sha256": "e3b0c44298fc1c149afbf4c8996fb92427ae41e4649b934ca495991b7852b855"

    },

    {

      "command": [

        "git",

        "-c",

        "core.autocrlf=false",

        "add",

        "--",

        "src/main/java/io/github/sunthemoon/advancedrocketrycommunity/atmosphere/scan/VolumeIdentity.java",

        "src/main/java/io/github/sunthemoon/advancedrocketrycommunity/atmosphere/scan/VolumeIndex.java",

        "src/main/java/io/github/sunthemoon/advancedrocketrycommunity/atmosphere/scan/VolumePosition.java",

        "src/main/java/io/github/sunthemoon/advancedrocketrycommunity/atmosphere/scan/VolumeScanCoordinator.java",

        "src/main/java/io/github/sunthemoon/advancedrocketrycommunity/atmosphere/scan/VolumeScanOutcome.java",

        "src/main/java/io/github/sunthemoon/advancedrocketrycommunity/atmosphere/scan/VolumeScanResult.java",

        "src/main/java/io/github/sunthemoon/advancedrocketrycommunity/atmosphere/scan/VolumeScanStep.java",

        "src/main/java/io/github/sunthemoon/advancedrocketrycommunity/atmosphere/scan/VolumeScanTask.java",

        "src/main/java/io/github/sunthemoon/advancedrocketrycommunity/atmosphere/scan/VolumeWorldView.java",

        "src/main/java/io/github/sunthemoon/advancedrocketrycommunity/atmosphere/server/AtmosphereLevelMetrics.java",

        "src/main/java/io/github/sunthemoon/advancedrocketrycommunity/atmosphere/server/AtmosphereLevelService.java",

        "src/main/java/io/github/sunthemoon/advancedrocketrycommunity/atmosphere/server/AtmosphereManager.java",

        "src/main/java/io/github/sunthemoon/advancedrocketrycommunity/atmosphere/server/AtmosphereRuntime.java",

        "src/main/java/io/github/sunthemoon/advancedrocketrycommunity/atmosphere/server/AtmosphereServerEvents.java",

        "src/main/java/io/github/sunthemoon/advancedrocketrycommunity/atmosphere/server/PlayerLifeSupportService.java",

        "src/main/java/io/github/sunthemoon/advancedrocketrycommunity/atmosphere/server/PlayerLifeSupportSnapshot.java",

        "src/main/java/io/github/sunthemoon/advancedrocketrycommunity/atmosphere/server/ServerLevelVolumeWorldView.java",

        "src/main/java/io/github/sunthemoon/advancedrocketrycommunity/atmosphere/server/SuitEquipmentRuntime.java",

        "src/main/java/io/github/sunthemoon/advancedrocketrycommunity/atmosphere/vent/OxygenVentBlock.java",

        "src/main/java/io/github/sunthemoon/advancedrocketrycommunity/atmosphere/vent/OxygenVentBlockEntity.java",

        "src/main/java/io/github/sunthemoon/advancedrocketrycommunity/atmosphere/vent/OxygenVentPersistence.java",

        "src/main/java/io/github/sunthemoon/advancedrocketrycommunity/celestial/CelestialDefaults.java",

        "src/main/java/io/github/sunthemoon/advancedrocketrycommunity/celestial/CelestialIds.java",

        "src/main/java/io/github/sunthemoon/advancedrocketrycommunity/celestial/binding/PlanetaryBindingLifecycle.java",

        "src/main/java/io/github/sunthemoon/advancedrocketrycommunity/celestial/binding/PlanetaryBindingStore.java",

        "src/main/java/io/github/sunthemoon/advancedrocketrycommunity/celestial/binding/PlanetaryBindings.java",

        "src/main/java/io/github/sunthemoon/advancedrocketrycommunity/celestial/binding/PlanetaryBindingsCodec.java",

        "src/main/java/io/github/sunthemoon/advancedrocketrycommunity/celestial/command/CelestialCommands.java",

        "src/main/java/io/github/sunthemoon/advancedrocketrycommunity/celestial/command/PlanetaryRouteCommands.java",

        "src/main/java/io/github/sunthemoon/advancedrocketrycommunity/celestial/content/PlanetaryContent.java",

        "src/main/java/io/github/sunthemoon/advancedrocketrycommunity/celestial/content/SingularityContent.java",

        "src/main/java/io/github/sunthemoon/advancedrocketrycommunity/celestial/content/StarSystemContent.java",

        "src/main/java/io/github/sunthemoon/advancedrocketrycommunity/celestial/context/BodyContext.java",

        "src/main/java/io/github/sunthemoon/advancedrocketrycommunity/celestial/context/BodyContextResolution.java",

        "src/main/java/io/github/sunthemoon/advancedrocketrycommunity/celestial/context/BodyContextResolver.java",

        "src/main/java/io/github/sunthemoon/advancedrocketrycommunity/celestial/context/InstanceBodyContextResolver.java",

        "src/main/java/io/github/sunthemoon/advancedrocketrycommunity/celestial/context/WorldLocation.java",

        "src/main/java/io/github/sunthemoon/advancedrocketrycommunity/celestial/data/BoundedDefinitionJson.java",

        "src/main/java/io/github/sunthemoon/advancedrocketrycommunity/celestial/data/PlanetaryCatalog.java",

        "src/main/java/io/github/sunthemoon/advancedrocketrycommunity/celestial/data/PlanetaryCatalogManager.java",

        "src/main/java/io/github/sunthemoon/advancedrocketrycommunity/celestial/data/PlanetaryDefinitionReloadListener.java",

        "src/main/java/io/github/sunthemoon/advancedrocketrycommunity/celestial/data/ReloadDiagnostics.java",

        "src/main/java/io/github/sunthemoon/advancedrocketrycommunity/celestial/environment/EnvironmentalConditions.java",

        "src/main/java/io/github/sunthemoon/advancedrocketrycommunity/celestial/environment/EnvironmentalExposure.java",

        "src/main/java/io/github/sunthemoon/advancedrocketrycommunity/celestial/environment/EnvironmentalProtection.java",

        "src/main/java/io/github/sunthemoon/advancedrocketrycommunity/celestial/environment/PlayerEnvironmentalService.java",

        "src/main/java/io/github/sunthemoon/advancedrocketrycommunity/celestial/exoplanet/ElectricMushroomBlock.java",

        "src/main/java/io/github/sunthemoon/advancedrocketrycommunity/celestial/exoplanet/ExoplanetBlocks.java",

        "src/main/java/io/github/sunthemoon/advancedrocketrycommunity/celestial/exoplanet/ExoplanetContent.java",

        "src/main/java/io/github/sunthemoon/advancedrocketrycommunity/celestial/exoplanet/LightwoodTreeGrower.java",

        "src/main/java/io/github/sunthemoon/advancedrocketrycommunity/celestial/exoplanet/worldgen/CrystalClusterFeature.java",

        "src/main/java/io/github/sunthemoon/advancedrocketrycommunity/celestial/exoplanet/worldgen/ExoplanetShapes.java",

        "src/main/java/io/github/sunthemoon/advancedrocketrycommunity/celestial/exoplanet/worldgen/ExoplanetWorldgen.java",

        "src/main/java/io/github/sunthemoon/advancedrocketrycommunity/celestial/exoplanet/worldgen/GiantSwampTreeFeature.java",

        "src/main/java/io/github/sunthemoon/advancedrocketrycommunity/celestial/exoplanet/worldgen/InvertedPillarFeature.java",

        "src/main/java/io/github/sunthemoon/advancedrocketrycommunity/celestial/exoplanet/worldgen/LandingGroundFilter.java",

        "src/main/java/io/github/sunthemoon/advancedrocketrycommunity/celestial/exoplanet/worldgen/LandingGroundFloor.java",

        "src/main/java/io/github/sunthemoon/advancedrocketrycommunity/celestial/exoplanet/worldgen/LightwoodTreeFeature.java",

        "src/main/java/io/github/sunthemoon/advancedrocketrycommunity/celestial/exoplanet/worldgen/TreePlan.java",

        "src/main/java/io/github/sunthemoon/advancedrocketrycommunity/celestial/legacy/LegacyCelestialImportCli.java",

        "src/main/java/io/github/sunthemoon/advancedrocketrycommunity/celestial/legacy/LegacyCelestialImporter.java",

        "src/main/java/io/github/sunthemoon/advancedrocketrycommunity/celestial/legacy/LegacyImportBootstrap.java",

        "src/main/java/io/github/sunthemoon/advancedrocketrycommunity/celestial/legacy/LegacyImportExporter.java",

        "src/main/java/io/github/sunthemoon/advancedrocketrycommunity/celestial/legacy/LegacyImportIssue.java",

        "src/main/java/io/github/sunthemoon/advancedrocketrycommunity/celestial/legacy/LegacyXmlParser.java",

        "src/main/java/io/github/sunthemoon/advancedrocketrycommunity/celestial/model/AtmosphereDefinition.java",

        "src/main/java/io/github/sunthemoon/advancedrocketrycommunity/celestial/model/BoundedCelestialCodecs.java",

        "src/main/java/io/github/sunthemoon/advancedrocketrycommunity/celestial/model/CelestialBodyDefinition.java",

        "src/main/java/io/github/sunthemoon/advancedrocketrycommunity/celestial/model/CelestialCapabilities.java",

        "src/main/java/io/github/sunthemoon/advancedrocketrycommunity/celestial/model/CelestialDefinitionCodec.java",

        "src/main/java/io/github/sunthemoon/advancedrocketrycommunity/celestial/model/OrbitDefinition.java",

        "src/main/java/io/github/sunthemoon/advancedrocketrycommunity/celestial/network/CelestialClientCache.java",

        "src/main/java/io/github/sunthemoon/advancedrocketrycommunity/celestial/network/CelestialNetwork.java",

        "src/main/java/io/github/sunthemoon/advancedrocketrycommunity/celestial/network/CelestialSnapshot.java",

        "src/main/java/io/github/sunthemoon/advancedrocketrycommunity/celestial/network/CelestialSnapshotCodec.java",

        "src/main/java/io/github/sunthemoon/advancedrocketrycommunity/celestial/network/CelestialSnapshotPacket.java",

        "src/main/java/io/github/sunthemoon/advancedrocketrycommunity/celestial/network/CelestialSnapshotSynchronizer.java",

        "src/main/java/io/github/sunthemoon/advancedrocketrycommunity/celestial/network/StationSkyContextCache.java",

        "src/main/java/io/github/sunthemoon/advancedrocketrycommunity/celestial/network/StationSkyContextPacket.java",

        "src/main/java/io/github/sunthemoon/advancedrocketrycommunity/celestial/persistence/CelestialSavedData.java"

      ],

      "cwd": "D:\\GitHub\\AdvancedRocketry-Community",

      "started_utc": "2026-10-04T05:00:38.932505+00:00",

      "exit": 0,

      "log": "phase-commit01-05.log",

      "log_sha256": "e3b0c44298fc1c149afbf4c8996fb92427ae41e4649b934ca495991b7852b855"

    },

    {

      "command": [

        "git",

        "-c",

        "core.autocrlf=false",

        "add",

        "--",

        "src/main/java/io/github/sunthemoon/advancedrocketrycommunity/celestial/service/CelestialCatalog.java",

        "src/main/java/io/github/sunthemoon/advancedrocketrycommunity/celestial/service/CelestialCatalogDecoder.java",

        "src/main/java/io/github/sunthemoon/advancedrocketrycommunity/celestial/service/CelestialCatalogManager.java",

        "src/main/java/io/github/sunthemoon/advancedrocketrycommunity/celestial/service/CelestialEnvironmentService.java",

        "src/main/java/io/github/sunthemoon/advancedrocketrycommunity/celestial/service/CelestialGravityController.java",

        "src/main/java/io/github/sunthemoon/advancedrocketrycommunity/celestial/service/CelestialVisitTracker.java",

        "src/main/java/io/github/sunthemoon/advancedrocketrycommunity/celestial/service/PlanetaryDiscoveryPolicy.java",

        "src/main/java/io/github/sunthemoon/advancedrocketrycommunity/celestial/service/PlanetarySurfaceResolver.java",

        "src/main/java/io/github/sunthemoon/advancedrocketrycommunity/celestial/service/SafeCelestialTravel.java",

        "src/main/java/io/github/sunthemoon/advancedrocketrycommunity/celestial/service/StarSystemKnowledge.java",

        "src/main/java/io/github/sunthemoon/advancedrocketrycommunity/celestial/surface/SurfaceContent.java",

        "src/main/java/io/github/sunthemoon/advancedrocketrycommunity/celestial/surface/SurfaceReleaseTestCommands.java",

        "src/main/java/io/github/sunthemoon/advancedrocketrycommunity/celestial/surface/worldgen/CharredTreeFeature.java",

        "src/main/java/io/github/sunthemoon/advancedrocketrycommunity/celestial/surface/worldgen/CraterPiece.java",

        "src/main/java/io/github/sunthemoon/advancedrocketrycommunity/celestial/surface/worldgen/CraterShape.java",

        "src/main/java/io/github/sunthemoon/advancedrocketrycommunity/celestial/surface/worldgen/CraterStructure.java",

        "src/main/java/io/github/sunthemoon/advancedrocketrycommunity/celestial/surface/worldgen/GeodePiece.java",

        "src/main/java/io/github/sunthemoon/advancedrocketrycommunity/celestial/surface/worldgen/GeodeShape.java",

        "src/main/java/io/github/sunthemoon/advancedrocketrycommunity/celestial/surface/worldgen/GeodeStructure.java",

        "src/main/java/io/github/sunthemoon/advancedrocketrycommunity/celestial/surface/worldgen/PatchBiomeSource.java",

        "src/main/java/io/github/sunthemoon/advancedrocketrycommunity/celestial/surface/worldgen/PieceArea.java",

        "src/main/java/io/github/sunthemoon/advancedrocketrycommunity/celestial/surface/worldgen/PieceSchema.java",

        "src/main/java/io/github/sunthemoon/advancedrocketrycommunity/celestial/surface/worldgen/SurfaceWorldgen.java",

        "src/main/java/io/github/sunthemoon/advancedrocketrycommunity/celestial/surface/worldgen/VolcanoPiece.java",

        "src/main/java/io/github/sunthemoon/advancedrocketrycommunity/celestial/surface/worldgen/VolcanoShape.java",

        "src/main/java/io/github/sunthemoon/advancedrocketrycommunity/celestial/surface/worldgen/VolcanoStructure.java",

        "src/main/java/io/github/sunthemoon/advancedrocketrycommunity/celestial/visual/AmbientCadence.java",

        "src/main/java/io/github/sunthemoon/advancedrocketrycommunity/celestial/visual/AmbientController.java",

        "src/main/java/io/github/sunthemoon/advancedrocketrycommunity/celestial/visual/OrbitalAppearance.java",

        "src/main/java/io/github/sunthemoon/advancedrocketrycommunity/celestial/visual/SkyGeometry.java",

        "src/main/java/io/github/sunthemoon/advancedrocketrycommunity/celestial/visual/SkyMath.java",

        "src/main/java/io/github/sunthemoon/advancedrocketrycommunity/celestial/visual/SkyProfile.java",

        "src/main/java/io/github/sunthemoon/advancedrocketrycommunity/celestial/visual/SkyProfiles.java",

        "src/main/java/io/github/sunthemoon/advancedrocketrycommunity/celestial/visual/SkySelection.java",

        "src/main/java/io/github/sunthemoon/advancedrocketrycommunity/classiccomponent/AdvancedMachineCasingBlock.java",

        "src/main/java/io/github/sunthemoon/advancedrocketrycommunity/classiccomponent/MotorArt.java",

        "src/main/java/io/github/sunthemoon/advancedrocketrycommunity/classiccomponent/MotorContent.java",

        "src/main/java/io/github/sunthemoon/advancedrocketrycommunity/classiccomponent/MotorDataFiles.java",

        "src/main/java/io/github/sunthemoon/advancedrocketrycommunity/classiccomponent/MotorDefinition.java",

        "src/main/java/io/github/sunthemoon/advancedrocketrycommunity/client/AccretionDiscRenderer.java",

        "src/main/java/io/github/sunthemoon/advancedrocketrycommunity/client/BlackHoleGeneratorScreen.java",

        "src/main/java/io/github/sunthemoon/advancedrocketrycommunity/client/ClientBootstrap.java",

        "src/main/java/io/github/sunthemoon/advancedrocketrycommunity/client/ClientCelestialEvents.java",

        "src/main/java/io/github/sunthemoon/advancedrocketrycommunity/client/ClientLifeSupportEvents.java",

        "src/main/java/io/github/sunthemoon/advancedrocketrycommunity/client/ClientRocketEvents.java",

        "src/main/java/io/github/sunthemoon/advancedrocketrycommunity/client/ClientSatelliteEvents.java",

        "src/main/java/io/github/sunthemoon/advancedrocketrycommunity/client/CombustionGeneratorScreen.java",

        "src/main/java/io/github/sunthemoon/advancedrocketrycommunity/client/ElectrolyzerScreen.java",

        "src/main/java/io/github/sunthemoon/advancedrocketrycommunity/client/ElevatorScreen.java",

        "src/main/java/io/github/sunthemoon/advancedrocketrycommunity/client/GravityFieldScreen.java",

        "src/main/java/io/github/sunthemoon/advancedrocketrycommunity/client/LaserBeamRenderer.java",

        "src/main/java/io/github/sunthemoon/advancedrocketrycommunity/client/LaserTargetScreen.java",

        "src/main/java/io/github/sunthemoon/advancedrocketrycommunity/client/LifeSupportHud.java",

        "src/main/java/io/github/sunthemoon/advancedrocketrycommunity/client/MicrowaveReceiverScreen.java",

        "src/main/java/io/github/sunthemoon/advancedrocketrycommunity/client/OrbitalLaserDrillScreen.java",

        "src/main/java/io/github/sunthemoon/advancedrocketrycommunity/client/PrecisionAssemblerScreen.java",

        "src/main/java/io/github/sunthemoon/advancedrocketrycommunity/client/RailgunScreen.java",

        "src/main/java/io/github/sunthemoon/advancedrocketrycommunity/client/RocketEntityRenderer.java",

        "src/main/java/io/github/sunthemoon/advancedrocketrycommunity/client/RocketFlightPlanHandler.java",

        "src/main/java/io/github/sunthemoon/advancedrocketrycommunity/client/RocketFlightScreen.java",

        "src/main/java/io/github/sunthemoon/advancedrocketrycommunity/client/RocketFlightScreenLayout.java",

        "src/main/java/io/github/sunthemoon/advancedrocketrycommunity/client/RollingMachineScreen.java",

        "src/main/java/io/github/sunthemoon/advancedrocketrycommunity/client/SatelliteBuilderScreen.java",

        "src/main/java/io/github/sunthemoon/advancedrocketrycommunity/client/SatelliteTerminalScreen.java",

        "src/main/java/io/github/sunthemoon/advancedrocketrycommunity/client/SurveyScanScreen.java",

        "src/main/java/io/github/sunthemoon/advancedrocketrycommunity/client/TetherRenderer.java",

        "src/main/java/io/github/sunthemoon/advancedrocketrycommunity/client/compat/jei/ArceJeiPlugin.java",

        "src/main/java/io/github/sunthemoon/advancedrocketrycommunity/client/compat/jei/ElectrolyzerJeiCategory.java",

        "src/main/java/io/github/sunthemoon/advancedrocketrycommunity/client/compat/jei/MachineRecipeView.java",

        "src/main/java/io/github/sunthemoon/advancedrocketrycommunity/client/compat/jei/PrecisionAssemblerJeiCategory.java",

        "src/main/java/io/github/sunthemoon/advancedrocketrycommunity/client/compat/jei/RollingMachineJeiCategory.java",

        "src/main/java/io/github/sunthemoon/advancedrocketrycommunity/client/compat/jei/SmallPlatePressJeiCategory.java",

        "src/main/java/io/github/sunthemoon/advancedrocketrycommunity/client/compat/jei/SmallPlatePressView.java",

        "src/main/java/io/github/sunthemoon/advancedrocketrycommunity/client/exoplanet/ClientExoplanetEffects.java",

        "src/main/java/io/github/sunthemoon/advancedrocketrycommunity/client/exoplanet/FlashCooldown.java",

        "src/main/java/io/github/sunthemoon/advancedrocketrycommunity/client/material/ClientMaterialColors.java",

        "src/main/java/io/github/sunthemoon/advancedrocketrycommunity/client/sky/ClientSkyEvents.java",

        "src/main/java/io/github/sunthemoon/advancedrocketrycommunity/client/sky/PlanetaryAmbience.java",

        "src/main/java/io/github/sunthemoon/advancedrocketrycommunity/client/sky/PlanetaryDimensionEffects.java",

        "src/main/java/io/github/sunthemoon/advancedrocketrycommunity/client/sky/PlanetarySkyClient.java"

      ],

      "cwd": "D:\\GitHub\\AdvancedRocketry-Community",

      "started_utc": "2026-10-04T05:00:39.041302+00:00",

      "exit": 0,

      "log": "phase-commit01-06.log",

      "log_sha256": "e3b0c44298fc1c149afbf4c8996fb92427ae41e4649b934ca495991b7852b855"

    },

    {

      "command": [

        "git",

        "-c",

        "core.autocrlf=false",

        "add",

        "--",

        "src/main/java/io/github/sunthemoon/advancedrocketrycommunity/client/sky/PlanetarySkyRenderer.java",

        "src/main/java/io/github/sunthemoon/advancedrocketrycommunity/client/sky/SkyProfileReloadListener.java",

        "src/main/java/io/github/sunthemoon/advancedrocketrycommunity/client/sky/SkyRenderState.java",

        "src/main/java/io/github/sunthemoon/advancedrocketrycommunity/client/starmap/RocketStarMap.java",

        "src/main/java/io/github/sunthemoon/advancedrocketrycommunity/client/starmap/StarMapInput.java",

        "src/main/java/io/github/sunthemoon/advancedrocketrycommunity/client/starmap/StarMapLayout.java",

        "src/main/java/io/github/sunthemoon/advancedrocketrycommunity/client/starmap/StarMapViewport.java",

        "src/main/java/io/github/sunthemoon/advancedrocketrycommunity/compat/atmosphere/AtmosphereBoundaryCatalog.java",

        "src/main/java/io/github/sunthemoon/advancedrocketrycommunity/compat/atmosphere/AtmosphereBoundaryRegistry.java",

        "src/main/java/io/github/sunthemoon/advancedrocketrycommunity/compat/atmosphere/SuitEquipmentCatalog.java",

        "src/main/java/io/github/sunthemoon/advancedrocketrycommunity/compat/atmosphere/SuitEquipmentRegistry.java",

        "src/main/java/io/github/sunthemoon/advancedrocketrycommunity/compat/atmosphere/SuitEquipmentService.java",

        "src/main/java/io/github/sunthemoon/advancedrocketrycommunity/compat/atmosphere/SuitOxygenAccess.java",

        "src/main/java/io/github/sunthemoon/advancedrocketrycommunity/compat/atmosphere/SuitOxygenPayloads.java",

        "src/main/java/io/github/sunthemoon/advancedrocketrycommunity/compat/environment/EnvironmentQueryLifecycle.java",

        "src/main/java/io/github/sunthemoon/advancedrocketrycommunity/compat/environment/ServerEnvironmentQueries.java",

        "src/main/java/io/github/sunthemoon/advancedrocketrycommunity/compat/rocket/ExternalRocketBlockEntityAdapter.java",

        "src/main/java/io/github/sunthemoon/advancedrocketrycommunity/compat/rocket/RocketAdapterPayloads.java",

        "src/main/java/io/github/sunthemoon/advancedrocketrycommunity/compat/rocket/RocketAdapterRegistry.java",

        "src/main/java/io/github/sunthemoon/advancedrocketrycommunity/compat/rocket/component/RocketComponentCatalog.java",

        "src/main/java/io/github/sunthemoon/advancedrocketrycommunity/compat/rocket/component/RocketComponentRegistry.java",

        "src/main/java/io/github/sunthemoon/advancedrocketrycommunity/compat/rocket/fuel/RocketFuelCatalog.java",

        "src/main/java/io/github/sunthemoon/advancedrocketrycommunity/compat/rocket/fuel/RocketFuelRegistry.java",

        "src/main/java/io/github/sunthemoon/advancedrocketrycommunity/compat/satellite/SatellitePayloadCatalog.java",

        "src/main/java/io/github/sunthemoon/advancedrocketrycommunity/compat/satellite/SatellitePayloadRegistry.java",

        "src/main/java/io/github/sunthemoon/advancedrocketrycommunity/config/ClientConfig.java",

        "src/main/java/io/github/sunthemoon/advancedrocketrycommunity/config/CommonConfig.java",

        "src/main/java/io/github/sunthemoon/advancedrocketrycommunity/config/SwitchOverrides.java",

        "src/main/java/io/github/sunthemoon/advancedrocketrycommunity/config/WorldgenSwitches.java",

        "src/main/java/io/github/sunthemoon/advancedrocketrycommunity/content/DevelopmentComponentItem.java",

        "src/main/java/io/github/sunthemoon/advancedrocketrycommunity/content/MachineCasingBlock.java",

        "src/main/java/io/github/sunthemoon/advancedrocketrycommunity/datagen/AtmosphereBlockStateProvider.java",

        "src/main/java/io/github/sunthemoon/advancedrocketrycommunity/datagen/AtmosphereBlockTagsProvider.java",

        "src/main/java/io/github/sunthemoon/advancedrocketrycommunity/datagen/AtmosphereDamageTypeProvider.java",

        "src/main/java/io/github/sunthemoon/advancedrocketrycommunity/datagen/AtmosphereDamageTypeTagsProvider.java",

        "src/main/java/io/github/sunthemoon/advancedrocketrycommunity/datagen/AtmosphereGameTestStructureProvider.java",

        "src/main/java/io/github/sunthemoon/advancedrocketrycommunity/datagen/AtmosphereItemModelProvider.java",

        "src/main/java/io/github/sunthemoon/advancedrocketrycommunity/datagen/AtmosphereLanguageProvider.java",

        "src/main/java/io/github/sunthemoon/advancedrocketrycommunity/datagen/AtmosphereLootTableProvider.java",

        "src/main/java/io/github/sunthemoon/advancedrocketrycommunity/datagen/AtmosphereRecipeProvider.java",

        "src/main/java/io/github/sunthemoon/advancedrocketrycommunity/datagen/BootstrapDataGenerators.java",

        "src/main/java/io/github/sunthemoon/advancedrocketrycommunity/datagen/CelestialDefinitionProvider.java",

        "src/main/java/io/github/sunthemoon/advancedrocketrycommunity/datagen/EmptyGameTestStructureProvider.java",

        "src/main/java/io/github/sunthemoon/advancedrocketrycommunity/datagen/FixedDimensionProvider.java",

        "src/main/java/io/github/sunthemoon/advancedrocketrycommunity/datagen/FlightBlockStateProvider.java",

        "src/main/java/io/github/sunthemoon/advancedrocketrycommunity/datagen/FlightItemModelProvider.java",

        "src/main/java/io/github/sunthemoon/advancedrocketrycommunity/datagen/FlightLanguageProvider.java",

        "src/main/java/io/github/sunthemoon/advancedrocketrycommunity/datagen/FlightLootTableProvider.java",

        "src/main/java/io/github/sunthemoon/advancedrocketrycommunity/datagen/FlightRecipeProvider.java",

        "src/main/java/io/github/sunthemoon/advancedrocketrycommunity/datagen/ModBlockStateProvider.java",

        "src/main/java/io/github/sunthemoon/advancedrocketrycommunity/datagen/ModBlockTagsProvider.java",

        "src/main/java/io/github/sunthemoon/advancedrocketrycommunity/datagen/ModItemModelProvider.java",

        "src/main/java/io/github/sunthemoon/advancedrocketrycommunity/datagen/ModItemTagsProvider.java",

        "src/main/java/io/github/sunthemoon/advancedrocketrycommunity/datagen/ModLanguageProvider.java",

        "src/main/java/io/github/sunthemoon/advancedrocketrycommunity/datagen/ModLootTableProvider.java",

        "src/main/java/io/github/sunthemoon/advancedrocketrycommunity/datagen/ModRecipeProvider.java",

        "src/main/java/io/github/sunthemoon/advancedrocketrycommunity/datagen/ModSoundDefinitionsProvider.java",

        "src/main/java/io/github/sunthemoon/advancedrocketrycommunity/datagen/PlanetaryContentProvider.java",

        "src/main/java/io/github/sunthemoon/advancedrocketrycommunity/datagen/PlanetaryExposureProvider.java",

        "src/main/java/io/github/sunthemoon/advancedrocketrycommunity/datagen/PlanetarySkyProvider.java",

        "src/main/java/io/github/sunthemoon/advancedrocketrycommunity/datagen/PlanetaryWorldgen.java",

        "src/main/java/io/github/sunthemoon/advancedrocketrycommunity/datagen/PrecisionAssemblerRecipeProvider.java",

        "src/main/java/io/github/sunthemoon/advancedrocketrycommunity/datagen/RocketBlockStateProvider.java",

        "src/main/java/io/github/sunthemoon/advancedrocketrycommunity/datagen/RocketBlockTagsProvider.java",

        "src/main/java/io/github/sunthemoon/advancedrocketrycommunity/datagen/RocketGameTestStructureProvider.java",

        "src/main/java/io/github/sunthemoon/advancedrocketrycommunity/datagen/RocketLanguageProvider.java",

        "src/main/java/io/github/sunthemoon/advancedrocketrycommunity/datagen/RocketLootTableProvider.java",

        "src/main/java/io/github/sunthemoon/advancedrocketrycommunity/datagen/RocketRecipeProvider.java",

        "src/main/java/io/github/sunthemoon/advancedrocketrycommunity/datagen/RollingMachineRecipeProvider.java",

        "src/main/java/io/github/sunthemoon/advancedrocketrycommunity/datagen/SatelliteBlockStateProvider.java",

        "src/main/java/io/github/sunthemoon/advancedrocketrycommunity/datagen/SatelliteBlockTagsProvider.java",

        "src/main/java/io/github/sunthemoon/advancedrocketrycommunity/datagen/SatelliteDefinitionProvider.java",

        "src/main/java/io/github/sunthemoon/advancedrocketrycommunity/datagen/SatelliteItemModelProvider.java",

        "src/main/java/io/github/sunthemoon/advancedrocketrycommunity/datagen/SatelliteLanguageProvider.java",

        "src/main/java/io/github/sunthemoon/advancedrocketrycommunity/datagen/SatelliteLootTableProvider.java",

        "src/main/java/io/github/sunthemoon/advancedrocketrycommunity/datagen/SatelliteRecipeProvider.java",

        "src/main/java/io/github/sunthemoon/advancedrocketrycommunity/datagen/StationItemModelProvider.java",

        "src/main/java/io/github/sunthemoon/advancedrocketrycommunity/datagen/StationLanguageProvider.java",

        "src/main/java/io/github/sunthemoon/advancedrocketrycommunity/datagen/StationRecipeProvider.java",

        "src/main/java/io/github/sunthemoon/advancedrocketrycommunity/datagen/V120MachineBlockStateProvider.java"

      ],

      "cwd": "D:\\GitHub\\AdvancedRocketry-Community",

      "started_utc": "2026-10-04T05:00:39.180413+00:00",

      "exit": 0,

      "log": "phase-commit01-07.log",

      "log_sha256": "e3b0c44298fc1c149afbf4c8996fb92427ae41e4649b934ca495991b7852b855"

    },

    {

      "command": [

        "git",

        "-c",

        "core.autocrlf=false",

        "add",

        "--",

        "src/main/java/io/github/sunthemoon/advancedrocketrycommunity/datagen/V120MachineBlockTagsProvider.java",

        "src/main/java/io/github/sunthemoon/advancedrocketrycommunity/datagen/V120MachineLanguageProvider.java",

        "src/main/java/io/github/sunthemoon/advancedrocketrycommunity/datagen/V120MachineLootTableProvider.java",

        "src/main/java/io/github/sunthemoon/advancedrocketrycommunity/datagen/V130RocketLanguageProvider.java",

        "src/main/java/io/github/sunthemoon/advancedrocketrycommunity/datagen/V140PlanetaryLanguageProvider.java",

        "src/main/java/io/github/sunthemoon/advancedrocketrycommunity/datagen/V150LanguageProvider.java",

        "src/main/java/io/github/sunthemoon/advancedrocketrycommunity/datagen/V150StarSystemProvider.java",

        "src/main/java/io/github/sunthemoon/advancedrocketrycommunity/datagen/V150WarpCoreProviders.java",

        "src/main/java/io/github/sunthemoon/advancedrocketrycommunity/datagen/V160LanguageProvider.java",

        "src/main/java/io/github/sunthemoon/advancedrocketrycommunity/datagen/V160ResourceTableProvider.java",

        "src/main/java/io/github/sunthemoon/advancedrocketrycommunity/datagen/V160SatelliteProviders.java",

        "src/main/java/io/github/sunthemoon/advancedrocketrycommunity/datagen/V170BlackHoleProvider.java",

        "src/main/java/io/github/sunthemoon/advancedrocketrycommunity/datagen/V170EndgameProviders.java",

        "src/main/java/io/github/sunthemoon/advancedrocketrycommunity/datagen/V170LanguageProvider.java",

        "src/main/java/io/github/sunthemoon/advancedrocketrycommunity/datagen/V170LaserDrillTableProvider.java",

        "src/main/java/io/github/sunthemoon/advancedrocketrycommunity/datagen/V180BiomeTags.java",

        "src/main/java/io/github/sunthemoon/advancedrocketrycommunity/datagen/V180CombustionArt.java",

        "src/main/java/io/github/sunthemoon/advancedrocketrycommunity/datagen/V180CombustionModels.java",

        "src/main/java/io/github/sunthemoon/advancedrocketrycommunity/datagen/V180ExoplanetArt.java",

        "src/main/java/io/github/sunthemoon/advancedrocketrycommunity/datagen/V180ExoplanetData.java",

        "src/main/java/io/github/sunthemoon/advancedrocketrycommunity/datagen/V180ExoplanetModels.java",

        "src/main/java/io/github/sunthemoon/advancedrocketrycommunity/datagen/V180ExoplanetWorldgen.java",

        "src/main/java/io/github/sunthemoon/advancedrocketrycommunity/datagen/V180FluidArt.java",

        "src/main/java/io/github/sunthemoon/advancedrocketrycommunity/datagen/V180FluidData.java",

        "src/main/java/io/github/sunthemoon/advancedrocketrycommunity/datagen/V180LanguageProvider.java",

        "src/main/java/io/github/sunthemoon/advancedrocketrycommunity/datagen/V180MaterialArt.java",

        "src/main/java/io/github/sunthemoon/advancedrocketrycommunity/datagen/V180MaterialData.java",

        "src/main/java/io/github/sunthemoon/advancedrocketrycommunity/datagen/V180MaterialModels.java",

        "src/main/java/io/github/sunthemoon/advancedrocketrycommunity/datagen/V180MaterialRecipes.java",

        "src/main/java/io/github/sunthemoon/advancedrocketrycommunity/datagen/V180MaterialWorldgen.java",

        "src/main/java/io/github/sunthemoon/advancedrocketrycommunity/datagen/V180MotorArt.java",

        "src/main/java/io/github/sunthemoon/advancedrocketrycommunity/datagen/V180MotorData.java",

        "src/main/java/io/github/sunthemoon/advancedrocketrycommunity/datagen/V180PlanetDimensions.java",

        "src/main/java/io/github/sunthemoon/advancedrocketrycommunity/datagen/V180PlanetWorldgen.java",

        "src/main/java/io/github/sunthemoon/advancedrocketrycommunity/datagen/V180PumpArt.java",

        "src/main/java/io/github/sunthemoon/advancedrocketrycommunity/datagen/V180PumpData.java",

        "src/main/java/io/github/sunthemoon/advancedrocketrycommunity/datagen/V180PumpLanguage.java",

        "src/main/java/io/github/sunthemoon/advancedrocketrycommunity/datagen/V180RecipeMenuLanguage.java",

        "src/main/java/io/github/sunthemoon/advancedrocketrycommunity/datagen/V180SurfaceArt.java",

        "src/main/java/io/github/sunthemoon/advancedrocketrycommunity/datagen/V180SurfaceModels.java",

        "src/main/java/io/github/sunthemoon/advancedrocketrycommunity/datagen/V180TankArt.java",

        "src/main/java/io/github/sunthemoon/advancedrocketrycommunity/datagen/V180TankData.java",

        "src/main/java/io/github/sunthemoon/advancedrocketrycommunity/datagen/V180Worldgen.java",

        "src/main/java/io/github/sunthemoon/advancedrocketrycommunity/diagnostics/BetaDiagnosticId.java",

        "src/main/java/io/github/sunthemoon/advancedrocketrycommunity/diagnostics/BetaOperationalReport.java",

        "src/main/java/io/github/sunthemoon/advancedrocketrycommunity/endgame/EndgameModule.java",

        "src/main/java/io/github/sunthemoon/advancedrocketrycommunity/endgame/audit/EndgameAudit.java",

        "src/main/java/io/github/sunthemoon/advancedrocketrycommunity/endgame/authority/EndgameAuthority.java",

        "src/main/java/io/github/sunthemoon/advancedrocketrycommunity/endgame/blackhole/BlackHoleBurn.java",

        "src/main/java/io/github/sunthemoon/advancedrocketrycommunity/endgame/blackhole/BlackHoleCodec.java",

        "src/main/java/io/github/sunthemoon/advancedrocketrycommunity/endgame/blackhole/BlackHoleData.java",

        "src/main/java/io/github/sunthemoon/advancedrocketrycommunity/endgame/blackhole/BlackHoleDataReloadListener.java",

        "src/main/java/io/github/sunthemoon/advancedrocketrycommunity/endgame/blackhole/BlackHoleFuelTable.java",

        "src/main/java/io/github/sunthemoon/advancedrocketrycommunity/endgame/blackhole/BlackHoleGeneratorBlock.java",

        "src/main/java/io/github/sunthemoon/advancedrocketrycommunity/endgame/blackhole/BlackHoleGeneratorBlockEntity.java",

        "src/main/java/io/github/sunthemoon/advancedrocketrycommunity/endgame/blackhole/BlackHoleGeneratorMenu.java",

        "src/main/java/io/github/sunthemoon/advancedrocketrycommunity/endgame/blackhole/BlackHoleSettings.java",

        "src/main/java/io/github/sunthemoon/advancedrocketrycommunity/endgame/blackhole/SingularityProfile.java",

        "src/main/java/io/github/sunthemoon/advancedrocketrycommunity/endgame/cargo/CargoEndpointBlockEntity.java",

        "src/main/java/io/github/sunthemoon/advancedrocketrycommunity/endgame/cargo/CargoStorage.java",

        "src/main/java/io/github/sunthemoon/advancedrocketrycommunity/endgame/command/ElevatorCommands.java",

        "src/main/java/io/github/sunthemoon/advancedrocketrycommunity/endgame/command/ElevatorReleaseTestCommands.java",

        "src/main/java/io/github/sunthemoon/advancedrocketrycommunity/endgame/command/EndgameCommandSources.java",

        "src/main/java/io/github/sunthemoon/advancedrocketrycommunity/endgame/command/EndgameCommands.java",

        "src/main/java/io/github/sunthemoon/advancedrocketrycommunity/endgame/command/EndgameReleaseTestCommands.java",

        "src/main/java/io/github/sunthemoon/advancedrocketrycommunity/endgame/command/ReferenceLoadFixture.java",

        "src/main/java/io/github/sunthemoon/advancedrocketrycommunity/endgame/command/ReferenceLoadReleaseTestCommands.java",

        "src/main/java/io/github/sunthemoon/advancedrocketrycommunity/endgame/command/ReleaseTestPlayers.java",

        "src/main/java/io/github/sunthemoon/advancedrocketrycommunity/endgame/command/TransitCommands.java",

        "src/main/java/io/github/sunthemoon/advancedrocketrycommunity/endgame/device/EndgameActiveDevices.java",

        "src/main/java/io/github/sunthemoon/advancedrocketrycommunity/endgame/device/EndgameDeviceBlock.java",

        "src/main/java/io/github/sunthemoon/advancedrocketrycommunity/endgame/device/EndgameDeviceBlockEntity.java",

        "src/main/java/io/github/sunthemoon/advancedrocketrycommunity/endgame/device/EndgameDeviceMenu.java",

        "src/main/java/io/github/sunthemoon/advancedrocketrycommunity/endgame/device/EndgameDeviceTags.java",

        "src/main/java/io/github/sunthemoon/advancedrocketrycommunity/endgame/device/EndgameDevices.java",

        "src/main/java/io/github/sunthemoon/advancedrocketrycommunity/endgame/device/EndgameEnergyBuffer.java",

        "src/main/java/io/github/sunthemoon/advancedrocketrycommunity/endgame/device/EndgameItemSlot.java",

        "src/main/java/io/github/sunthemoon/advancedrocketrycommunity/endgame/device/EndgameRedstoneMode.java",

        "src/main/java/io/github/sunthemoon/advancedrocketrycommunity/endgame/device/EndgameStations.java",

        "src/main/java/io/github/sunthemoon/advancedrocketrycommunity/endgame/device/EndgameStructure.java"

      ],

      "cwd": "D:\\GitHub\\AdvancedRocketry-Community",

      "started_utc": "2026-10-04T05:00:39.284820+00:00",

      "exit": 0,

      "log": "phase-commit01-08.log",

      "log_sha256": "e3b0c44298fc1c149afbf4c8996fb92427ae41e4649b934ca495991b7852b855"

    },

    {

      "command": [

        "git",

        "-c",

        "core.autocrlf=false",

        "add",

        "--",

        "src/main/java/io/github/sunthemoon/advancedrocketrycommunity/endgame/device/EndgameStructureTracker.java",

        "src/main/java/io/github/sunthemoon/advancedrocketrycommunity/endgame/device/RoundRobinBudget.java",

        "src/main/java/io/github/sunthemoon/advancedrocketrycommunity/endgame/elevator/ElevatorAnchorBlockEntity.java",

        "src/main/java/io/github/sunthemoon/advancedrocketrycommunity/endgame/elevator/ElevatorCargo.java",

        "src/main/java/io/github/sunthemoon/advancedrocketrycommunity/endgame/elevator/ElevatorEndpointBlock.java",

        "src/main/java/io/github/sunthemoon/advancedrocketrycommunity/endgame/elevator/ElevatorEndpointBlockEntity.java",

        "src/main/java/io/github/sunthemoon/advancedrocketrycommunity/endgame/elevator/ElevatorGuard.java",

        "src/main/java/io/github/sunthemoon/advancedrocketrycommunity/endgame/elevator/ElevatorMenu.java",

        "src/main/java/io/github/sunthemoon/advancedrocketrycommunity/endgame/elevator/ElevatorPairs.java",

        "src/main/java/io/github/sunthemoon/advancedrocketrycommunity/endgame/elevator/ElevatorRedirectRule.java",

        "src/main/java/io/github/sunthemoon/advancedrocketrycommunity/endgame/elevator/ElevatorRides.java",

        "src/main/java/io/github/sunthemoon/advancedrocketrycommunity/endgame/elevator/ElevatorRules.java",

        "src/main/java/io/github/sunthemoon/advancedrocketrycommunity/endgame/elevator/ElevatorSettings.java",

        "src/main/java/io/github/sunthemoon/advancedrocketrycommunity/endgame/elevator/ElevatorTerminalBlockEntity.java",

        "src/main/java/io/github/sunthemoon/advancedrocketrycommunity/endgame/elevator/model/ElevatorPair.java",

        "src/main/java/io/github/sunthemoon/advancedrocketrycommunity/endgame/elevator/model/ElevatorPairCodec.java",

        "src/main/java/io/github/sunthemoon/advancedrocketrycommunity/endgame/elevator/model/ElevatorPairTable.java",

        "src/main/java/io/github/sunthemoon/advancedrocketrycommunity/endgame/gravity/GravityField.java",

        "src/main/java/io/github/sunthemoon/advancedrocketrycommunity/endgame/gravity/GravityFieldBlock.java",

        "src/main/java/io/github/sunthemoon/advancedrocketrycommunity/endgame/gravity/GravityFieldBlockEntity.java",

        "src/main/java/io/github/sunthemoon/advancedrocketrycommunity/endgame/gravity/GravityFieldCommands.java",

        "src/main/java/io/github/sunthemoon/advancedrocketrycommunity/endgame/gravity/GravityFieldIndex.java",

        "src/main/java/io/github/sunthemoon/advancedrocketrycommunity/endgame/gravity/GravityFieldLimits.java",

        "src/main/java/io/github/sunthemoon/advancedrocketrycommunity/endgame/gravity/GravityFieldMenu.java",

        "src/main/java/io/github/sunthemoon/advancedrocketrycommunity/endgame/gravity/GravityTrust.java",

        "src/main/java/io/github/sunthemoon/advancedrocketrycommunity/endgame/intent/EndgameIntentGuard.java",

        "src/main/java/io/github/sunthemoon/advancedrocketrycommunity/endgame/intent/EndgameIntentRules.java",

        "src/main/java/io/github/sunthemoon/advancedrocketrycommunity/endgame/intent/EndgameRateLimiter.java",

        "src/main/java/io/github/sunthemoon/advancedrocketrycommunity/endgame/intent/IntentKind.java",

        "src/main/java/io/github/sunthemoon/advancedrocketrycommunity/endgame/laser/LaserBeam.java",

        "src/main/java/io/github/sunthemoon/advancedrocketrycommunity/endgame/laser/LaserDraw.java",

        "src/main/java/io/github/sunthemoon/advancedrocketrycommunity/endgame/laser/LaserDrillIntents.java",

        "src/main/java/io/github/sunthemoon/advancedrocketrycommunity/endgame/laser/LaserDrillMode.java",

        "src/main/java/io/github/sunthemoon/advancedrocketrycommunity/endgame/laser/LaserDrillOperation.java",

        "src/main/java/io/github/sunthemoon/advancedrocketrycommunity/endgame/laser/LaserDrillSettings.java",

        "src/main/java/io/github/sunthemoon/advancedrocketrycommunity/endgame/laser/LaserDrillStorage.java",

        "src/main/java/io/github/sunthemoon/advancedrocketrycommunity/endgame/laser/LaserDrillTable.java",

        "src/main/java/io/github/sunthemoon/advancedrocketrycommunity/endgame/laser/LaserDrillTableCodec.java",

        "src/main/java/io/github/sunthemoon/advancedrocketrycommunity/endgame/laser/LaserDrillTableReloadListener.java",

        "src/main/java/io/github/sunthemoon/advancedrocketrycommunity/endgame/laser/LaserDrillTables.java",

        "src/main/java/io/github/sunthemoon/advancedrocketrycommunity/endgame/laser/LaserLink.java",

        "src/main/java/io/github/sunthemoon/advancedrocketrycommunity/endgame/laser/LaserLinkCounters.java",

        "src/main/java/io/github/sunthemoon/advancedrocketrycommunity/endgame/laser/LaserPhysicalDrill.java",

        "src/main/java/io/github/sunthemoon/advancedrocketrycommunity/endgame/laser/LaserShaft.java",

        "src/main/java/io/github/sunthemoon/advancedrocketrycommunity/endgame/laser/LaserTargetBlock.java",

        "src/main/java/io/github/sunthemoon/advancedrocketrycommunity/endgame/laser/LaserTargetBlockEntity.java",

        "src/main/java/io/github/sunthemoon/advancedrocketrycommunity/endgame/laser/LaserTargetMenu.java",

        "src/main/java/io/github/sunthemoon/advancedrocketrycommunity/endgame/laser/OrbitalLaserDrillBlock.java",

        "src/main/java/io/github/sunthemoon/advancedrocketrycommunity/endgame/laser/OrbitalLaserDrillBlockEntity.java",

        "src/main/java/io/github/sunthemoon/advancedrocketrycommunity/endgame/laser/OrbitalLaserDrillMenu.java",

        "src/main/java/io/github/sunthemoon/advancedrocketrycommunity/endgame/model/EndgameAction.java",

        "src/main/java/io/github/sunthemoon/advancedrocketrycommunity/endgame/model/EndgameCode.java",

        "src/main/java/io/github/sunthemoon/advancedrocketrycommunity/endgame/model/EndgameIdOrder.java",

        "src/main/java/io/github/sunthemoon/advancedrocketrycommunity/endgame/model/EndgameLimits.java",

        "src/main/java/io/github/sunthemoon/advancedrocketrycommunity/endgame/model/EndgameNbt.java",

        "src/main/java/io/github/sunthemoon/advancedrocketrycommunity/endgame/model/EndgameSettings.java",

        "src/main/java/io/github/sunthemoon/advancedrocketrycommunity/endgame/model/EndgameSystem.java",

        "src/main/java/io/github/sunthemoon/advancedrocketrycommunity/endgame/network/EndgameDeviceView.java",

        "src/main/java/io/github/sunthemoon/advancedrocketrycommunity/endgame/network/EndgameDeviceViewCache.java",

        "src/main/java/io/github/sunthemoon/advancedrocketrycommunity/endgame/network/EndgameNetwork.java",

        "src/main/java/io/github/sunthemoon/advancedrocketrycommunity/endgame/protection/EndgameProtection.java",

        "src/main/java/io/github/sunthemoon/advancedrocketrycommunity/endgame/protection/ForgeProtectionView.java",

        "src/main/java/io/github/sunthemoon/advancedrocketrycommunity/endgame/protection/ProtectedZone.java",

        "src/main/java/io/github/sunthemoon/advancedrocketrycommunity/endgame/railgun/RailgunBlock.java",

        "src/main/java/io/github/sunthemoon/advancedrocketrycommunity/endgame/railgun/RailgunBlockEntity.java",

        "src/main/java/io/github/sunthemoon/advancedrocketrycommunity/endgame/railgun/RailgunEffects.java",

        "src/main/java/io/github/sunthemoon/advancedrocketrycommunity/endgame/railgun/RailgunLaunch.java",

        "src/main/java/io/github/sunthemoon/advancedrocketrycommunity/endgame/railgun/RailgunLauncher.java",

        "src/main/java/io/github/sunthemoon/advancedrocketrycommunity/endgame/railgun/RailgunMenu.java",

        "src/main/java/io/github/sunthemoon/advancedrocketrycommunity/endgame/railgun/RailgunRedirectRule.java",

        "src/main/java/io/github/sunthemoon/advancedrocketrycommunity/endgame/railgun/RailgunRoute.java",

        "src/main/java/io/github/sunthemoon/advancedrocketrycommunity/endgame/railgun/RailgunSettings.java",

        "src/main/java/io/github/sunthemoon/advancedrocketrycommunity/endgame/root/EndgameRoot.java",

        "src/main/java/io/github/sunthemoon/advancedrocketrycommunity/endgame/root/EndgameRootCodec.java",

        "src/main/java/io/github/sunthemoon/advancedrocketrycommunity/endgame/root/EndgameSavedData.java",

        "src/main/java/io/github/sunthemoon/advancedrocketrycommunity/endgame/root/EndpointRecord.java",

        "src/main/java/io/github/sunthemoon/advancedrocketrycommunity/endgame/root/Tombstone.java",

        "src/main/java/io/github/sunthemoon/advancedrocketrycommunity/endgame/service/BarrierSpacing.java",

        "src/main/java/io/github/sunthemoon/advancedrocketrycommunity/endgame/service/EndgameRuntime.java",

        "src/main/java/io/github/sunthemoon/advancedrocketrycommunity/endgame/service/EndgameService.java"

      ],

      "cwd": "D:\\GitHub\\AdvancedRocketry-Community",

      "started_utc": "2026-10-04T05:00:39.418687+00:00",

      "exit": 0,

      "log": "phase-commit01-09.log",

      "log_sha256": "e3b0c44298fc1c149afbf4c8996fb92427ae41e4649b934ca495991b7852b855"

    },

    {

      "command": [

        "git",

        "-c",

        "core.autocrlf=false",

        "add",

        "--",

        "src/main/java/io/github/sunthemoon/advancedrocketrycommunity/endgame/service/EndgameTimings.java",

        "src/main/java/io/github/sunthemoon/advancedrocketrycommunity/endgame/service/EndpointChunkIndex.java",

        "src/main/java/io/github/sunthemoon/advancedrocketrycommunity/endgame/service/EndpointObservations.java",

        "src/main/java/io/github/sunthemoon/advancedrocketrycommunity/endgame/service/EndpointRegistrations.java",

        "src/main/java/io/github/sunthemoon/advancedrocketrycommunity/endgame/service/TransitLedger.java",

        "src/main/java/io/github/sunthemoon/advancedrocketrycommunity/endgame/service/TransitOperations.java",

        "src/main/java/io/github/sunthemoon/advancedrocketrycommunity/endgame/transit/OutboxEntry.java",

        "src/main/java/io/github/sunthemoon/advancedrocketrycommunity/endgame/transit/TransitCodec.java",

        "src/main/java/io/github/sunthemoon/advancedrocketrycommunity/endgame/transit/TransitDestinationState.java",

        "src/main/java/io/github/sunthemoon/advancedrocketrycommunity/endgame/transit/TransitEndpoint.java",

        "src/main/java/io/github/sunthemoon/advancedrocketrycommunity/endgame/transit/TransitKey.java",

        "src/main/java/io/github/sunthemoon/advancedrocketrycommunity/endgame/transit/TransitLedgerView.java",

        "src/main/java/io/github/sunthemoon/advancedrocketrycommunity/endgame/transit/TransitLimits.java",

        "src/main/java/io/github/sunthemoon/advancedrocketrycommunity/endgame/transit/TransitPayload.java",

        "src/main/java/io/github/sunthemoon/advancedrocketrycommunity/endgame/transit/TransitRecord.java",

        "src/main/java/io/github/sunthemoon/advancedrocketrycommunity/endgame/transit/TransitRules.java",

        "src/main/java/io/github/sunthemoon/advancedrocketrycommunity/endgame/transit/TransitSourceState.java",

        "src/main/java/io/github/sunthemoon/advancedrocketrycommunity/endgame/transit/TransitTable.java",

        "src/main/java/io/github/sunthemoon/advancedrocketrycommunity/endgame/transit/TransitTags.java",

        "src/main/java/io/github/sunthemoon/advancedrocketrycommunity/fluid/CanisterItemSafety.java",

        "src/main/java/io/github/sunthemoon/advancedrocketrycommunity/fluid/CanisterStackSwap.java",

        "src/main/java/io/github/sunthemoon/advancedrocketrycommunity/fluid/CanisterSwapPlanner.java",

        "src/main/java/io/github/sunthemoon/advancedrocketrycommunity/fluid/ClassicFluidDefinition.java",

        "src/main/java/io/github/sunthemoon/advancedrocketrycommunity/fluid/ClassicFluidGameTests.java",

        "src/main/java/io/github/sunthemoon/advancedrocketrycommunity/fluid/ClassicFluidType.java",

        "src/main/java/io/github/sunthemoon/advancedrocketrycommunity/fluid/ClassicFluids.java",

        "src/main/java/io/github/sunthemoon/advancedrocketrycommunity/fluid/ContainerGasFluid.java",

        "src/main/java/io/github/sunthemoon/advancedrocketrycommunity/fluid/EnrichedLavaBlock.java",

        "src/main/java/io/github/sunthemoon/advancedrocketrycommunity/fluid/FluidReleaseTestCommands.java",

        "src/main/java/io/github/sunthemoon/advancedrocketrycommunity/fluid/GasCanisterCapabilities.java",

        "src/main/java/io/github/sunthemoon/advancedrocketrycommunity/fluid/GasCanisterCatalog.java",

        "src/main/java/io/github/sunthemoon/advancedrocketrycommunity/fluid/GasCanisterHandler.java",

        "src/main/java/io/github/sunthemoon/advancedrocketrycommunity/fluid/GasCanisterItem.java",

        "src/main/java/io/github/sunthemoon/advancedrocketrycommunity/gametest/AtmosphereBoundaryGameTests.java",

        "src/main/java/io/github/sunthemoon/advancedrocketrycommunity/gametest/AtmosphereGameTests.java",

        "src/main/java/io/github/sunthemoon/advancedrocketrycommunity/gametest/AtmospherePerformanceGameTests.java",

        "src/main/java/io/github/sunthemoon/advancedrocketrycommunity/gametest/AuditLogCapture.java",

        "src/main/java/io/github/sunthemoon/advancedrocketrycommunity/gametest/BlackHoleGeneratorGameTests.java",

        "src/main/java/io/github/sunthemoon/advancedrocketrycommunity/gametest/BootstrapGameTests.java",

        "src/main/java/io/github/sunthemoon/advancedrocketrycommunity/gametest/ChunkPlacementChecks.java",

        "src/main/java/io/github/sunthemoon/advancedrocketrycommunity/gametest/ChunkSaveWatcher.java",

        "src/main/java/io/github/sunthemoon/advancedrocketrycommunity/gametest/CombustionGeneratorGameTests.java",

        "src/main/java/io/github/sunthemoon/advancedrocketrycommunity/gametest/ConnectedTestPlayers.java",

        "src/main/java/io/github/sunthemoon/advancedrocketrycommunity/gametest/DiscoveryProgressFixture.java",

        "src/main/java/io/github/sunthemoon/advancedrocketrycommunity/gametest/EarthReturnPadFixture.java",

        "src/main/java/io/github/sunthemoon/advancedrocketrycommunity/gametest/ElectrolyzerKernelGameTests.java",

        "src/main/java/io/github/sunthemoon/advancedrocketrycommunity/gametest/ElevatorGameTests.java",

        "src/main/java/io/github/sunthemoon/advancedrocketrycommunity/gametest/EndgameDestructionGameTests.java",

        "src/main/java/io/github/sunthemoon/advancedrocketrycommunity/gametest/EndgameFrameworkGameTests.java",

        "src/main/java/io/github/sunthemoon/advancedrocketrycommunity/gametest/EndgameMenuGameTests.java",

        "src/main/java/io/github/sunthemoon/advancedrocketrycommunity/gametest/EntitySections.java",

        "src/main/java/io/github/sunthemoon/advancedrocketrycommunity/gametest/ExoplanetGameTests.java",

        "src/main/java/io/github/sunthemoon/advancedrocketrycommunity/gametest/FuelLoaderGameTests.java",

        "src/main/java/io/github/sunthemoon/advancedrocketrycommunity/gametest/FuelLoaderPlacementGameTests.java",

        "src/main/java/io/github/sunthemoon/advancedrocketrycommunity/gametest/GravityFieldGameTests.java",

        "src/main/java/io/github/sunthemoon/advancedrocketrycommunity/gametest/GuardedChunkSaveGameTests.java",

        "src/main/java/io/github/sunthemoon/advancedrocketrycommunity/gametest/LaserPhysicalGameTests.java",

        "src/main/java/io/github/sunthemoon/advancedrocketrycommunity/gametest/LaserTargetGameTests.java",

        "src/main/java/io/github/sunthemoon/advancedrocketrycommunity/gametest/MaterialGameTests.java",

        "src/main/java/io/github/sunthemoon/advancedrocketrycommunity/gametest/MaterialRecipeGameTests.java",

        "src/main/java/io/github/sunthemoon/advancedrocketrycommunity/gametest/MicrowaveReceiverGameTests.java",

        "src/main/java/io/github/sunthemoon/advancedrocketrycommunity/gametest/MoonArrivalGameTests.java",

        "src/main/java/io/github/sunthemoon/advancedrocketrycommunity/gametest/MoonPadArea.java",

        "src/main/java/io/github/sunthemoon/advancedrocketrycommunity/gametest/MotorGameTests.java",

        "src/main/java/io/github/sunthemoon/advancedrocketrycommunity/gametest/MultiblockPatternGameTests.java",

        "src/main/java/io/github/sunthemoon/advancedrocketrycommunity/gametest/OrbitalLaserDrillGameTests.java",

        "src/main/java/io/github/sunthemoon/advancedrocketrycommunity/gametest/PlanetFeatureGameTests.java",

        "src/main/java/io/github/sunthemoon/advancedrocketrycommunity/gametest/PlanetSurfaceGameTests.java",

        "src/main/java/io/github/sunthemoon/advancedrocketrycommunity/gametest/PlanetaryAdmissionGameTests.java",

        "src/main/java/io/github/sunthemoon/advancedrocketrycommunity/gametest/PlanetaryClimateGameTests.java",

        "src/main/java/io/github/sunthemoon/advancedrocketrycommunity/gametest/PlanetaryDiscoveryGameTests.java",

        "src/main/java/io/github/sunthemoon/advancedrocketrycommunity/gametest/PlanetaryExposureGameTests.java",

        "src/main/java/io/github/sunthemoon/advancedrocketrycommunity/gametest/PlanetaryLandingGameTests.java",

        "src/main/java/io/github/sunthemoon/advancedrocketrycommunity/gametest/PlanetaryPhysicalAdmissionGameTests.java",

        "src/main/java/io/github/sunthemoon/advancedrocketrycommunity/gametest/PlanetaryWorldGameTests.java",

        "src/main/java/io/github/sunthemoon/advancedrocketrycommunity/gametest/PrecisionAssemblerGameTests.java",

        "src/main/java/io/github/sunthemoon/advancedrocketrycommunity/gametest/PrecisionAssemblerMenuGameTests.java",

        "src/main/java/io/github/sunthemoon/advancedrocketrycommunity/gametest/PrecisionAssemblerMigrationGameTests.java",

        "src/main/java/io/github/sunthemoon/advancedrocketrycommunity/gametest/PrecisionAssemblerMigrationSaveFailureGameTests.java",

        "src/main/java/io/github/sunthemoon/advancedrocketrycommunity/gametest/PrecisionAssemblerProcessSafetyGameTests.java"

      ],

      "cwd": "D:\\GitHub\\AdvancedRocketry-Community",

      "started_utc": "2026-10-04T05:00:39.501451+00:00",

      "exit": 0,

      "log": "phase-commit01-10.log",

      "log_sha256": "e3b0c44298fc1c149afbf4c8996fb92427ae41e4649b934ca495991b7852b855"

    },

    {

      "command": [

        "git",

        "-c",

        "core.autocrlf=false",

        "add",

        "--",

        "src/main/java/io/github/sunthemoon/advancedrocketrycommunity/gametest/PrecisionAssemblerRemovalGameTests.java",

        "src/main/java/io/github/sunthemoon/advancedrocketrycommunity/gametest/ProcessPortGameTests.java",

        "src/main/java/io/github/sunthemoon/advancedrocketrycommunity/gametest/PumpGameTests.java",

        "src/main/java/io/github/sunthemoon/advancedrocketrycommunity/gametest/RailgunGameTests.java",

        "src/main/java/io/github/sunthemoon/advancedrocketrycommunity/gametest/RecipeMenuChannelGameTests.java",

        "src/main/java/io/github/sunthemoon/advancedrocketrycommunity/gametest/RecipeMenuGameTests.java",

        "src/main/java/io/github/sunthemoon/advancedrocketrycommunity/gametest/RecipeSignatureMigrationGameTests.java",

        "src/main/java/io/github/sunthemoon/advancedrocketrycommunity/gametest/RecipeSignatureRecoveryClockGameTests.java",

        "src/main/java/io/github/sunthemoon/advancedrocketrycommunity/gametest/RecipeSignatureRemovalGameTests.java",

        "src/main/java/io/github/sunthemoon/advancedrocketrycommunity/gametest/RecipeSignatureSaveEventGameTests.java",

        "src/main/java/io/github/sunthemoon/advancedrocketrycommunity/gametest/ResourceMissionGameTests.java",

        "src/main/java/io/github/sunthemoon/advancedrocketrycommunity/gametest/RocketAdapterFailureFixture.java",

        "src/main/java/io/github/sunthemoon/advancedrocketrycommunity/gametest/RocketAdapterFailureGameTests.java",

        "src/main/java/io/github/sunthemoon/advancedrocketrycommunity/gametest/RocketComponentGameTests.java",

        "src/main/java/io/github/sunthemoon/advancedrocketrycommunity/gametest/RocketDisassemblyGameTests.java",

        "src/main/java/io/github/sunthemoon/advancedrocketrycommunity/gametest/RocketFlightGameTestFixtures.java",

        "src/main/java/io/github/sunthemoon/advancedrocketrycommunity/gametest/RocketFlightGameTests.java",

        "src/main/java/io/github/sunthemoon/advancedrocketrycommunity/gametest/RocketFlightSecurityGameTests.java",

        "src/main/java/io/github/sunthemoon/advancedrocketrycommunity/gametest/RocketGameTests.java",

        "src/main/java/io/github/sunthemoon/advancedrocketrycommunity/gametest/RocketNavigationGameTests.java",

        "src/main/java/io/github/sunthemoon/advancedrocketrycommunity/gametest/RocketPassengerContinuedUseGameTests.java",

        "src/main/java/io/github/sunthemoon/advancedrocketrycommunity/gametest/RocketPassengerPersistenceGameTests.java",

        "src/main/java/io/github/sunthemoon/advancedrocketrycommunity/gametest/RocketTransferRecoveryGameTests.java",

        "src/main/java/io/github/sunthemoon/advancedrocketrycommunity/gametest/RollingMachineGameTestFixtures.java",

        "src/main/java/io/github/sunthemoon/advancedrocketrycommunity/gametest/RollingMachineGameTests.java",

        "src/main/java/io/github/sunthemoon/advancedrocketrycommunity/gametest/SatelliteBuilderGameTests.java",

        "src/main/java/io/github/sunthemoon/advancedrocketrycommunity/gametest/SatelliteGameTests.java",

        "src/main/java/io/github/sunthemoon/advancedrocketrycommunity/gametest/SatelliteKindTerminalGameTests.java",

        "src/main/java/io/github/sunthemoon/advancedrocketrycommunity/gametest/SatelliteLifecycleGameTests.java",

        "src/main/java/io/github/sunthemoon/advancedrocketrycommunity/gametest/SatelliteMenuPersistenceGameTests.java",

        "src/main/java/io/github/sunthemoon/advancedrocketrycommunity/gametest/SatelliteRegistryFixture.java",

        "src/main/java/io/github/sunthemoon/advancedrocketrycommunity/gametest/SatelliteReviewGameTests.java",

        "src/main/java/io/github/sunthemoon/advancedrocketrycommunity/gametest/SatelliteTerminalPersistenceGameTests.java",

        "src/main/java/io/github/sunthemoon/advancedrocketrycommunity/gametest/SmallPlatePressCraftingGameTests.java",

        "src/main/java/io/github/sunthemoon/advancedrocketrycommunity/gametest/StarSystemGameTests.java",

        "src/main/java/io/github/sunthemoon/advancedrocketrycommunity/gametest/StationElevatorGameTests.java",

        "src/main/java/io/github/sunthemoon/advancedrocketrycommunity/gametest/StationExpansionGameTests.java",

        "src/main/java/io/github/sunthemoon/advancedrocketrycommunity/gametest/StationGameTests.java",

        "src/main/java/io/github/sunthemoon/advancedrocketrycommunity/gametest/StationOrbitGameTests.java",

        "src/main/java/io/github/sunthemoon/advancedrocketrycommunity/gametest/StationPermissionMatrix.java",

        "src/main/java/io/github/sunthemoon/advancedrocketrycommunity/gametest/StationPermissionMatrixGameTests.java",

        "src/main/java/io/github/sunthemoon/advancedrocketrycommunity/gametest/StationProtectionGameTests.java",

        "src/main/java/io/github/sunthemoon/advancedrocketrycommunity/gametest/StationSkyContextGameTests.java",

        "src/main/java/io/github/sunthemoon/advancedrocketrycommunity/gametest/StationWarpAbortGameTests.java",

        "src/main/java/io/github/sunthemoon/advancedrocketrycommunity/gametest/StationWarpGameTests.java",

        "src/main/java/io/github/sunthemoon/advancedrocketrycommunity/gametest/StationWriteBudgetGameTests.java",

        "src/main/java/io/github/sunthemoon/advancedrocketrycommunity/gametest/SuitEquipmentGameTests.java",

        "src/main/java/io/github/sunthemoon/advancedrocketrycommunity/gametest/SurveyScanGameTests.java",

        "src/main/java/io/github/sunthemoon/advancedrocketrycommunity/gametest/TankGameTests.java",

        "src/main/java/io/github/sunthemoon/advancedrocketrycommunity/gametest/TauCetiPathGameTests.java",

        "src/main/java/io/github/sunthemoon/advancedrocketrycommunity/gametest/TicketCounts.java",

        "src/main/java/io/github/sunthemoon/advancedrocketrycommunity/gametest/VenusStructureGameTests.java",

        "src/main/java/io/github/sunthemoon/advancedrocketrycommunity/machine/classic/adapter/ClassicAllocation.java",

        "src/main/java/io/github/sunthemoon/advancedrocketrycommunity/machine/classic/adapter/ClassicAllocationPart.java",

        "src/main/java/io/github/sunthemoon/advancedrocketrycommunity/machine/classic/adapter/ClassicAssignment.java",

        "src/main/java/io/github/sunthemoon/advancedrocketrycommunity/machine/classic/adapter/ClassicControllerFrame.java",

        "src/main/java/io/github/sunthemoon/advancedrocketrycommunity/machine/classic/adapter/ClassicDropQuarantine.java",

        "src/main/java/io/github/sunthemoon/advancedrocketrycommunity/machine/classic/adapter/ClassicHatchKind.java",

        "src/main/java/io/github/sunthemoon/advancedrocketrycommunity/machine/classic/adapter/ClassicHatchState.java",

        "src/main/java/io/github/sunthemoon/advancedrocketrycommunity/machine/classic/adapter/ClassicMachineState.java",

        "src/main/java/io/github/sunthemoon/advancedrocketrycommunity/machine/classic/adapter/ClassicNativeEntry.java",

        "src/main/java/io/github/sunthemoon/advancedrocketrycommunity/machine/classic/adapter/ClassicNativePlan.java",

        "src/main/java/io/github/sunthemoon/advancedrocketrycommunity/machine/classic/adapter/ClassicNbtKeyOrder.java",

        "src/main/java/io/github/sunthemoon/advancedrocketrycommunity/machine/classic/adapter/ClassicNbtLimits.java",

        "src/main/java/io/github/sunthemoon/advancedrocketrycommunity/machine/classic/adapter/ClassicNbtShape.java",

        "src/main/java/io/github/sunthemoon/advancedrocketrycommunity/machine/classic/adapter/ClassicProcessFrame.java",

        "src/main/java/io/github/sunthemoon/advancedrocketrycommunity/machine/classic/adapter/ClassicRefusal.java",

        "src/main/java/io/github/sunthemoon/advancedrocketrycommunity/machine/classic/adapter/ClassicRootBundle.java",

        "src/main/java/io/github/sunthemoon/advancedrocketrycommunity/machine/classic/adapter/ClassicSignatureMarker.java",

        "src/main/java/io/github/sunthemoon/advancedrocketrycommunity/machine/classic/adapter/ClassicStatusView.java",

        "src/main/java/io/github/sunthemoon/advancedrocketrycommunity/machine/classic/adapter/ClassicUncertainDrop.java",

        "src/main/java/io/github/sunthemoon/advancedrocketrycommunity/machine/classic/adapter/ClassicValueChecks.java",

        "src/main/java/io/github/sunthemoon/advancedrocketrycommunity/machine/classic/adapter/OwnedNativeTag.java",

        "src/main/java/io/github/sunthemoon/advancedrocketrycommunity/machine/classic/resource/ClassicBankKey.java",

        "src/main/java/io/github/sunthemoon/advancedrocketrycommunity/machine/classic/resource/ClassicBankKind.java",

        "src/main/java/io/github/sunthemoon/advancedrocketrycommunity/machine/classic/resource/ClassicBankTransfers.java",

        "src/main/java/io/github/sunthemoon/advancedrocketrycommunity/machine/classic/resource/ClassicNativePayload.java",

        "src/main/java/io/github/sunthemoon/advancedrocketrycommunity/machine/classic/resource/ClassicResourceBank.java",

        "src/main/java/io/github/sunthemoon/advancedrocketrycommunity/machine/classic/resource/ClassicResources.java",

        "src/main/java/io/github/sunthemoon/advancedrocketrycommunity/machine/classic/resource/ClassicResourcesCodec.java"

      ],

      "cwd": "D:\\GitHub\\AdvancedRocketry-Community",

      "started_utc": "2026-10-04T05:00:39.659647+00:00",

      "exit": 0,

      "log": "phase-commit01-11.log",

      "log_sha256": "e3b0c44298fc1c149afbf4c8996fb92427ae41e4649b934ca495991b7852b855"

    },

    {

      "command": [

        "git",

        "-c",

        "core.autocrlf=false",

        "add",

        "--",

        "src/main/java/io/github/sunthemoon/advancedrocketrycommunity/machine/classic/resource/ClassicResourcesDecode.java",

        "src/main/java/io/github/sunthemoon/advancedrocketrycommunity/machine/combustion/CombustionBurn.java",

        "src/main/java/io/github/sunthemoon/advancedrocketrycommunity/machine/combustion/CombustionGeneratorBlock.java",

        "src/main/java/io/github/sunthemoon/advancedrocketrycommunity/machine/combustion/CombustionGeneratorBlockEntity.java",

        "src/main/java/io/github/sunthemoon/advancedrocketrycommunity/machine/combustion/CombustionGeneratorMenu.java",

        "src/main/java/io/github/sunthemoon/advancedrocketrycommunity/machine/combustion/CombustionPorts.java",

        "src/main/java/io/github/sunthemoon/advancedrocketrycommunity/machine/combustion/CombustionProtection.java",

        "src/main/java/io/github/sunthemoon/advancedrocketrycommunity/machine/combustion/CombustionReleaseTestCommands.java",

        "src/main/java/io/github/sunthemoon/advancedrocketrycommunity/machine/combustion/CombustionSave.java",

        "src/main/java/io/github/sunthemoon/advancedrocketrycommunity/machine/electrolyzer/ElectrolyzerBlock.java",

        "src/main/java/io/github/sunthemoon/advancedrocketrycommunity/machine/electrolyzer/ElectrolyzerBlockEntity.java",

        "src/main/java/io/github/sunthemoon/advancedrocketrycommunity/machine/electrolyzer/ElectrolyzerCapabilityAdapter.java",

        "src/main/java/io/github/sunthemoon/advancedrocketrycommunity/machine/electrolyzer/ElectrolyzerMaterialLedger.java",

        "src/main/java/io/github/sunthemoon/advancedrocketrycommunity/machine/electrolyzer/ElectrolyzerMenu.java",

        "src/main/java/io/github/sunthemoon/advancedrocketrycommunity/machine/electrolyzer/ElectrolyzerMenuData.java",

        "src/main/java/io/github/sunthemoon/advancedrocketrycommunity/machine/electrolyzer/ElectrolyzerMenuItemHandler.java",

        "src/main/java/io/github/sunthemoon/advancedrocketrycommunity/machine/electrolyzer/ElectrolyzerPersistence.java",

        "src/main/java/io/github/sunthemoon/advancedrocketrycommunity/machine/electrolyzer/ElectrolyzerPortPolicy.java",

        "src/main/java/io/github/sunthemoon/advancedrocketrycommunity/machine/electrolyzer/ElectrolyzerProcessController.java",

        "src/main/java/io/github/sunthemoon/advancedrocketrycommunity/machine/electrolyzer/ElectrolyzerProcessEngine.java",

        "src/main/java/io/github/sunthemoon/advancedrocketrycommunity/machine/electrolyzer/ElectrolyzerRecipe.java",

        "src/main/java/io/github/sunthemoon/advancedrocketrycommunity/machine/electrolyzer/ElectrolyzerRecipeResolver.java",

        "src/main/java/io/github/sunthemoon/advancedrocketrycommunity/machine/electrolyzer/ElectrolyzerRecipeSpec.java",

        "src/main/java/io/github/sunthemoon/advancedrocketrycommunity/machine/electrolyzer/ElectrolyzerResourceStore.java",

        "src/main/java/io/github/sunthemoon/advancedrocketrycommunity/machine/electrolyzer/ElectrolyzerStatus.java",

        "src/main/java/io/github/sunthemoon/advancedrocketrycommunity/machine/electrolyzer/ElectrolyzerStorage.java",

        "src/main/java/io/github/sunthemoon/advancedrocketrycommunity/machine/electrolyzer/ElectrolyzerTickInput.java",

        "src/main/java/io/github/sunthemoon/advancedrocketrycommunity/machine/electrolyzer/ElectrolyzerTickResult.java",

        "src/main/java/io/github/sunthemoon/advancedrocketrycommunity/machine/menu/MachineMenuNetwork.java",

        "src/main/java/io/github/sunthemoon/advancedrocketrycommunity/machine/menu/MachineMenuOpening.java",

        "src/main/java/io/github/sunthemoon/advancedrocketrycommunity/machine/menu/RecipeMenuReason.java",

        "src/main/java/io/github/sunthemoon/advancedrocketrycommunity/machine/multiblock/lifecycle/BindingMutationResult.java",

        "src/main/java/io/github/sunthemoon/advancedrocketrycommunity/machine/multiblock/lifecycle/ControllerBindingView.java",

        "src/main/java/io/github/sunthemoon/advancedrocketrycommunity/machine/multiblock/lifecycle/DirtyEnqueueResult.java",

        "src/main/java/io/github/sunthemoon/advancedrocketrycommunity/machine/multiblock/lifecycle/DirtyTickResult.java",

        "src/main/java/io/github/sunthemoon/advancedrocketrycommunity/machine/multiblock/lifecycle/LifecycleMutation.java",

        "src/main/java/io/github/sunthemoon/advancedrocketrycommunity/machine/multiblock/lifecycle/MultiblockBindingGateway.java",

        "src/main/java/io/github/sunthemoon/advancedrocketrycommunity/machine/multiblock/lifecycle/MultiblockControllerKey.java",

        "src/main/java/io/github/sunthemoon/advancedrocketrycommunity/machine/multiblock/lifecycle/MultiblockControllerState.java",

        "src/main/java/io/github/sunthemoon/advancedrocketrycommunity/machine/multiblock/lifecycle/MultiblockDirtyQueue.java",

        "src/main/java/io/github/sunthemoon/advancedrocketrycommunity/machine/multiblock/lifecycle/MultiblockFootprintIndex.java",

        "src/main/java/io/github/sunthemoon/advancedrocketrycommunity/machine/multiblock/lifecycle/MultiblockFormationState.java",

        "src/main/java/io/github/sunthemoon/advancedrocketrycommunity/machine/multiblock/lifecycle/MultiblockLifecycleCoordinator.java",

        "src/main/java/io/github/sunthemoon/advancedrocketrycommunity/machine/multiblock/lifecycle/MultiblockLifecycleResult.java",

        "src/main/java/io/github/sunthemoon/advancedrocketrycommunity/machine/multiblock/lifecycle/MultiblockPartBinding.java",

        "src/main/java/io/github/sunthemoon/advancedrocketrycommunity/machine/multiblock/lifecycle/PartBindingValidationStatus.java",

        "src/main/java/io/github/sunthemoon/advancedrocketrycommunity/machine/multiblock/lifecycle/PartBindingVerifier.java",

        "src/main/java/io/github/sunthemoon/advancedrocketrycommunity/machine/multiblock/lifecycle/forge/LoadedPartBindingAccess.java",

        "src/main/java/io/github/sunthemoon/advancedrocketrycommunity/machine/multiblock/lifecycle/forge/LoadedPartBindingGateway.java",

        "src/main/java/io/github/sunthemoon/advancedrocketrycommunity/machine/multiblock/lifecycle/forge/MultiblockPartBindingTarget.java",

        "src/main/java/io/github/sunthemoon/advancedrocketrycommunity/machine/multiblock/lifecycle/forge/ServerLevelPartBindingAccess.java",

        "src/main/java/io/github/sunthemoon/advancedrocketrycommunity/machine/multiblock/lifecycle/persistence/MultiblockControllerNbtCodec.java",

        "src/main/java/io/github/sunthemoon/advancedrocketrycommunity/machine/multiblock/lifecycle/persistence/MultiblockNbtLoadResult.java",

        "src/main/java/io/github/sunthemoon/advancedrocketrycommunity/machine/multiblock/lifecycle/persistence/MultiblockNbtStatus.java",

        "src/main/java/io/github/sunthemoon/advancedrocketrycommunity/machine/multiblock/lifecycle/persistence/MultiblockPartBindingNbtCodec.java",

        "src/main/java/io/github/sunthemoon/advancedrocketrycommunity/machine/multiblock/pattern/MultiblockPatternCatalog.java",

        "src/main/java/io/github/sunthemoon/advancedrocketrycommunity/machine/multiblock/pattern/MultiblockPatternCatalogDecoder.java",

        "src/main/java/io/github/sunthemoon/advancedrocketrycommunity/machine/multiblock/pattern/MultiblockPatternDefinition.java",

        "src/main/java/io/github/sunthemoon/advancedrocketrycommunity/machine/multiblock/pattern/MultiblockPatternJsonCodec.java",

        "src/main/java/io/github/sunthemoon/advancedrocketrycommunity/machine/multiblock/pattern/MultiblockPatternValidator.java",

        "src/main/java/io/github/sunthemoon/advancedrocketrycommunity/machine/multiblock/pattern/PatternBlock.java",

        "src/main/java/io/github/sunthemoon/advancedrocketrycommunity/machine/multiblock/pattern/PatternDefinitionException.java",

        "src/main/java/io/github/sunthemoon/advancedrocketrycommunity/machine/multiblock/pattern/PatternDiagnostic.java",

        "src/main/java/io/github/sunthemoon/advancedrocketrycommunity/machine/multiblock/pattern/PatternDiagnosticReason.java",

        "src/main/java/io/github/sunthemoon/advancedrocketrycommunity/machine/multiblock/pattern/PatternIds.java",

        "src/main/java/io/github/sunthemoon/advancedrocketrycommunity/machine/multiblock/pattern/PatternMatcher.java",

        "src/main/java/io/github/sunthemoon/advancedrocketrycommunity/machine/multiblock/pattern/PatternObservation.java",

        "src/main/java/io/github/sunthemoon/advancedrocketrycommunity/machine/multiblock/pattern/PatternPosition.java",

        "src/main/java/io/github/sunthemoon/advancedrocketrycommunity/machine/multiblock/pattern/PatternRotation.java",

        "src/main/java/io/github/sunthemoon/advancedrocketrycommunity/machine/multiblock/pattern/PatternSize.java",

        "src/main/java/io/github/sunthemoon/advancedrocketrycommunity/machine/multiblock/pattern/PatternTransform.java",

        "src/main/java/io/github/sunthemoon/advancedrocketrycommunity/machine/multiblock/pattern/PatternValidationResult.java",

        "src/main/java/io/github/sunthemoon/advancedrocketrycommunity/machine/multiblock/pattern/PatternValidationStatus.java",

        "src/main/java/io/github/sunthemoon/advancedrocketrycommunity/machine/multiblock/pattern/PatternWorldView.java",

        "src/main/java/io/github/sunthemoon/advancedrocketrycommunity/machine/multiblock/pattern/forge/PatternBlockCache.java",

        "src/main/java/io/github/sunthemoon/advancedrocketrycommunity/machine/multiblock/pattern/forge/PatternRoleResolver.java",

        "src/main/java/io/github/sunthemoon/advancedrocketrycommunity/machine/multiblock/pattern/forge/ServerLevelPatternWorldView.java",

        "src/main/java/io/github/sunthemoon/advancedrocketrycommunity/machine/multiblock/pattern/service/MultiblockPatternCatalogManager.java",

        "src/main/java/io/github/sunthemoon/advancedrocketrycommunity/machine/multiblock/pattern/service/MultiblockPatternReloadListener.java",

        "src/main/java/io/github/sunthemoon/advancedrocketrycommunity/machine/port/ProcessPortDefinition.java"

      ],

      "cwd": "D:\\GitHub\\AdvancedRocketry-Community",

      "started_utc": "2026-10-04T05:00:39.932396+00:00",

      "exit": 0,

      "log": "phase-commit01-12.log",

      "log_sha256": "e3b0c44298fc1c149afbf4c8996fb92427ae41e4649b934ca495991b7852b855"

    },

    {

      "command": [

        "git",

        "-c",

        "core.autocrlf=false",

        "add",

        "--",

        "src/main/java/io/github/sunthemoon/advancedrocketrycommunity/machine/port/ProcessPortFilter.java",

        "src/main/java/io/github/sunthemoon/advancedrocketrycommunity/machine/port/ProcessPortKind.java",

        "src/main/java/io/github/sunthemoon/advancedrocketrycommunity/machine/port/ProcessPortMode.java",

        "src/main/java/io/github/sunthemoon/advancedrocketrycommunity/machine/port/ProcessPortPolicy.java",

        "src/main/java/io/github/sunthemoon/advancedrocketrycommunity/machine/port/ProcessPortRange.java",

        "src/main/java/io/github/sunthemoon/advancedrocketrycommunity/machine/port/ProcessPortRevision.java",

        "src/main/java/io/github/sunthemoon/advancedrocketrycommunity/machine/port/ProcessPortSide.java",

        "src/main/java/io/github/sunthemoon/advancedrocketrycommunity/machine/port/forge/ProcessCapabilityCache.java",

        "src/main/java/io/github/sunthemoon/advancedrocketrycommunity/machine/port/forge/ProcessEnergyPortStorage.java",

        "src/main/java/io/github/sunthemoon/advancedrocketrycommunity/machine/port/forge/ProcessFluidPortHandler.java",

        "src/main/java/io/github/sunthemoon/advancedrocketrycommunity/machine/port/forge/ProcessItemPortHandler.java",

        "src/main/java/io/github/sunthemoon/advancedrocketrycommunity/machine/port/forge/ProcessPortDirections.java",

        "src/main/java/io/github/sunthemoon/advancedrocketrycommunity/machine/precision/PrecisionAssemblerBindingAccess.java",

        "src/main/java/io/github/sunthemoon/advancedrocketrycommunity/machine/precision/PrecisionAssemblerBlock.java",

        "src/main/java/io/github/sunthemoon/advancedrocketrycommunity/machine/precision/PrecisionAssemblerBlockEntity.java",

        "src/main/java/io/github/sunthemoon/advancedrocketrycommunity/machine/precision/PrecisionAssemblerChannels.java",

        "src/main/java/io/github/sunthemoon/advancedrocketrycommunity/machine/precision/PrecisionAssemblerCommands.java",

        "src/main/java/io/github/sunthemoon/advancedrocketrycommunity/machine/precision/PrecisionAssemblerControllerItemView.java",

        "src/main/java/io/github/sunthemoon/advancedrocketrycommunity/machine/precision/PrecisionAssemblerIds.java",

        "src/main/java/io/github/sunthemoon/advancedrocketrycommunity/machine/precision/PrecisionAssemblerManager.java",

        "src/main/java/io/github/sunthemoon/advancedrocketrycommunity/machine/precision/PrecisionAssemblerMenu.java",

        "src/main/java/io/github/sunthemoon/advancedrocketrycommunity/machine/precision/PrecisionAssemblerMenuData.java",

        "src/main/java/io/github/sunthemoon/advancedrocketrycommunity/machine/precision/PrecisionAssemblerMenuItemHandler.java",

        "src/main/java/io/github/sunthemoon/advancedrocketrycommunity/machine/precision/PrecisionAssemblerMenuWire.java",

        "src/main/java/io/github/sunthemoon/advancedrocketrycommunity/machine/precision/PrecisionAssemblerMigrationBindingGameTests.java",

        "src/main/java/io/github/sunthemoon/advancedrocketrycommunity/machine/precision/PrecisionAssemblerMigrationBindings.java",

        "src/main/java/io/github/sunthemoon/advancedrocketrycommunity/machine/precision/PrecisionAssemblerMigrationSaveVerifier.java",

        "src/main/java/io/github/sunthemoon/advancedrocketrycommunity/machine/precision/PrecisionAssemblerPatternRoles.java",

        "src/main/java/io/github/sunthemoon/advancedrocketrycommunity/machine/precision/PrecisionAssemblerPersistedChunkReader.java",

        "src/main/java/io/github/sunthemoon/advancedrocketrycommunity/machine/precision/PrecisionAssemblerPortBlock.java",

        "src/main/java/io/github/sunthemoon/advancedrocketrycommunity/machine/precision/PrecisionAssemblerPortBlockEntity.java",

        "src/main/java/io/github/sunthemoon/advancedrocketrycommunity/machine/precision/PrecisionAssemblerPortLayout.java",

        "src/main/java/io/github/sunthemoon/advancedrocketrycommunity/machine/precision/PrecisionAssemblerPortMigrationPersistence.java",

        "src/main/java/io/github/sunthemoon/advancedrocketrycommunity/machine/precision/PrecisionAssemblerPortPersistence.java",

        "src/main/java/io/github/sunthemoon/advancedrocketrycommunity/machine/precision/PrecisionAssemblerPortSet.java",

        "src/main/java/io/github/sunthemoon/advancedrocketrycommunity/machine/precision/PrecisionAssemblerPortStorage.java",

        "src/main/java/io/github/sunthemoon/advancedrocketrycommunity/machine/precision/PrecisionAssemblerPortType.java",

        "src/main/java/io/github/sunthemoon/advancedrocketrycommunity/machine/precision/PrecisionAssemblerProcessController.java",

        "src/main/java/io/github/sunthemoon/advancedrocketrycommunity/machine/precision/PrecisionAssemblerRecipe.java",

        "src/main/java/io/github/sunthemoon/advancedrocketrycommunity/machine/precision/PrecisionAssemblerRecipeResolver.java",

        "src/main/java/io/github/sunthemoon/advancedrocketrycommunity/machine/precision/PrecisionAssemblerRemovalPolicy.java",

        "src/main/java/io/github/sunthemoon/advancedrocketrycommunity/machine/precision/PrecisionAssemblerResourcePersistence.java",

        "src/main/java/io/github/sunthemoon/advancedrocketrycommunity/machine/precision/PrecisionAssemblerResourceStore.java",

        "src/main/java/io/github/sunthemoon/advancedrocketrycommunity/machine/precision/PrecisionAssemblerRuntime.java",

        "src/main/java/io/github/sunthemoon/advancedrocketrycommunity/machine/precision/PrecisionAssemblerServerEvents.java",

        "src/main/java/io/github/sunthemoon/advancedrocketrycommunity/machine/precision/PrecisionAssemblerTransactionCutGameTests.java",

        "src/main/java/io/github/sunthemoon/advancedrocketrycommunity/machine/precision/PrecisionAssemblerTransactionTestFixture.java",

        "src/main/java/io/github/sunthemoon/advancedrocketrycommunity/machine/precision/PrecisionAssemblerUnloadGameTests.java",

        "src/main/java/io/github/sunthemoon/advancedrocketrycommunity/machine/process/ProcessDefinition.java",

        "src/main/java/io/github/sunthemoon/advancedrocketrycommunity/machine/process/ProcessFailure.java",

        "src/main/java/io/github/sunthemoon/advancedrocketrycommunity/machine/process/ProcessFailureCode.java",

        "src/main/java/io/github/sunthemoon/advancedrocketrycommunity/machine/process/ProcessInput.java",

        "src/main/java/io/github/sunthemoon/advancedrocketrycommunity/machine/process/ProcessJournalPhase.java",

        "src/main/java/io/github/sunthemoon/advancedrocketrycommunity/machine/process/ProcessJournalStore.java",

        "src/main/java/io/github/sunthemoon/advancedrocketrycommunity/machine/process/ProcessMachineLogic.java",

        "src/main/java/io/github/sunthemoon/advancedrocketrycommunity/machine/process/ProcessMachineState.java",

        "src/main/java/io/github/sunthemoon/advancedrocketrycommunity/machine/process/ProcessOutput.java",

        "src/main/java/io/github/sunthemoon/advancedrocketrycommunity/machine/process/ProcessPlan.java",

        "src/main/java/io/github/sunthemoon/advancedrocketrycommunity/machine/process/ProcessProgress.java",

        "src/main/java/io/github/sunthemoon/advancedrocketrycommunity/machine/process/ProcessResourceAvailability.java",

        "src/main/java/io/github/sunthemoon/advancedrocketrycommunity/machine/process/ProcessResourceBalance.java",

        "src/main/java/io/github/sunthemoon/advancedrocketrycommunity/machine/process/ProcessResourceKey.java",

        "src/main/java/io/github/sunthemoon/advancedrocketrycommunity/machine/process/ProcessResourceKind.java",

        "src/main/java/io/github/sunthemoon/advancedrocketrycommunity/machine/process/ProcessResourceSnapshot.java",

        "src/main/java/io/github/sunthemoon/advancedrocketrycommunity/machine/process/ProcessResourceStore.java",

        "src/main/java/io/github/sunthemoon/advancedrocketrycommunity/machine/process/ProcessSimulationResult.java",

        "src/main/java/io/github/sunthemoon/advancedrocketrycommunity/machine/process/ProcessTickInput.java",

        "src/main/java/io/github/sunthemoon/advancedrocketrycommunity/machine/process/ProcessTickResult.java",

        "src/main/java/io/github/sunthemoon/advancedrocketrycommunity/machine/process/ProcessTransactionExecutor.java",

        "src/main/java/io/github/sunthemoon/advancedrocketrycommunity/machine/process/ProcessTransactionJournal.java",

        "src/main/java/io/github/sunthemoon/advancedrocketrycommunity/machine/process/ProcessTransactionResult.java",

        "src/main/java/io/github/sunthemoon/advancedrocketrycommunity/machine/process/ProcessTransactionStatus.java",

        "src/main/java/io/github/sunthemoon/advancedrocketrycommunity/machine/process/persistence/ProcessJournalPersistence.java",

        "src/main/java/io/github/sunthemoon/advancedrocketrycommunity/machine/process/persistence/ProcessNbtResult.java",

        "src/main/java/io/github/sunthemoon/advancedrocketrycommunity/machine/process/persistence/ProcessNbtStatus.java",

        "src/main/java/io/github/sunthemoon/advancedrocketrycommunity/machine/process/persistence/ProcessStateData.java",

        "src/main/java/io/github/sunthemoon/advancedrocketrycommunity/machine/process/persistence/ProcessStatePersistence.java",

        "src/main/java/io/github/sunthemoon/advancedrocketrycommunity/machine/pump/PumpArt.java",

        "src/main/java/io/github/sunthemoon/advancedrocketrycommunity/machine/pump/PumpBlock.java",

        "src/main/java/io/github/sunthemoon/advancedrocketrycommunity/machine/pump/PumpBlockEntity.java"

      ],

      "cwd": "D:\\GitHub\\AdvancedRocketry-Community",

      "started_utc": "2026-10-04T05:00:40.080688+00:00",

      "exit": 0,

      "log": "phase-commit01-13.log",

      "log_sha256": "e3b0c44298fc1c149afbf4c8996fb92427ae41e4649b934ca495991b7852b855"

    },

    {

      "command": [

        "git",

        "-c",

        "core.autocrlf=false",

        "add",

        "--",

        "src/main/java/io/github/sunthemoon/advancedrocketrycommunity/machine/pump/PumpBlockItem.java",

        "src/main/java/io/github/sunthemoon/advancedrocketrycommunity/machine/pump/PumpBudget.java",

        "src/main/java/io/github/sunthemoon/advancedrocketrycommunity/machine/pump/PumpCode.java",

        "src/main/java/io/github/sunthemoon/advancedrocketrycommunity/machine/pump/PumpContent.java",

        "src/main/java/io/github/sunthemoon/advancedrocketrycommunity/machine/pump/PumpDataFiles.java",

        "src/main/java/io/github/sunthemoon/advancedrocketrycommunity/machine/pump/PumpPorts.java",

        "src/main/java/io/github/sunthemoon/advancedrocketrycommunity/machine/pump/PumpProtection.java",

        "src/main/java/io/github/sunthemoon/advancedrocketrycommunity/machine/pump/PumpProtectionChecks.java",

        "src/main/java/io/github/sunthemoon/advancedrocketrycommunity/machine/pump/PumpReleaseTestCommands.java",

        "src/main/java/io/github/sunthemoon/advancedrocketrycommunity/machine/pump/PumpSave.java",

        "src/main/java/io/github/sunthemoon/advancedrocketrycommunity/machine/pump/PumpSearch.java",

        "src/main/java/io/github/sunthemoon/advancedrocketrycommunity/machine/pump/PumpSources.java",

        "src/main/java/io/github/sunthemoon/advancedrocketrycommunity/machine/recipe/BoundedItemIngredientCodec.java",

        "src/main/java/io/github/sunthemoon/advancedrocketrycommunity/machine/recipe/DeferredProcessDefinition.java",

        "src/main/java/io/github/sunthemoon/advancedrocketrycommunity/machine/recipe/LegacyKernelRecipeProof.java",

        "src/main/java/io/github/sunthemoon/advancedrocketrycommunity/machine/recipe/RecipeJsonSignature.java",

        "src/main/java/io/github/sunthemoon/advancedrocketrycommunity/machine/recipe/RecipeSignatureMigration.java",

        "src/main/java/io/github/sunthemoon/advancedrocketrycommunity/machine/recipe/RecipeSignatureProtected.java",

        "src/main/java/io/github/sunthemoon/advancedrocketrycommunity/machine/recipe/RecipeSignatureProtection.java",

        "src/main/java/io/github/sunthemoon/advancedrocketrycommunity/machine/recipe/RecipeSignatureReleaseTestCommands.java",

        "src/main/java/io/github/sunthemoon/advancedrocketrycommunity/machine/recipe/RecipeTagGeneration.java",

        "src/main/java/io/github/sunthemoon/advancedrocketrycommunity/machine/recipe/RetainedRecipePlan.java",

        "src/main/java/io/github/sunthemoon/advancedrocketrycommunity/machine/rolling/RollingMachineBindingAccess.java",

        "src/main/java/io/github/sunthemoon/advancedrocketrycommunity/machine/rolling/RollingMachineBlock.java",

        "src/main/java/io/github/sunthemoon/advancedrocketrycommunity/machine/rolling/RollingMachineBlockEntity.java",

        "src/main/java/io/github/sunthemoon/advancedrocketrycommunity/machine/rolling/RollingMachineCommands.java",

        "src/main/java/io/github/sunthemoon/advancedrocketrycommunity/machine/rolling/RollingMachineIds.java",

        "src/main/java/io/github/sunthemoon/advancedrocketrycommunity/machine/rolling/RollingMachineJournalPersistence.java",

        "src/main/java/io/github/sunthemoon/advancedrocketrycommunity/machine/rolling/RollingMachineManager.java",

        "src/main/java/io/github/sunthemoon/advancedrocketrycommunity/machine/rolling/RollingMachineMenu.java",

        "src/main/java/io/github/sunthemoon/advancedrocketrycommunity/machine/rolling/RollingMachineMenuData.java",

        "src/main/java/io/github/sunthemoon/advancedrocketrycommunity/machine/rolling/RollingMachineMenuItemHandler.java",

        "src/main/java/io/github/sunthemoon/advancedrocketrycommunity/machine/rolling/RollingMachineMenuWire.java",

        "src/main/java/io/github/sunthemoon/advancedrocketrycommunity/machine/rolling/RollingMachineNbtResult.java",

        "src/main/java/io/github/sunthemoon/advancedrocketrycommunity/machine/rolling/RollingMachinePatternRoles.java",

        "src/main/java/io/github/sunthemoon/advancedrocketrycommunity/machine/rolling/RollingMachinePortBlock.java",

        "src/main/java/io/github/sunthemoon/advancedrocketrycommunity/machine/rolling/RollingMachinePortBlockEntity.java",

        "src/main/java/io/github/sunthemoon/advancedrocketrycommunity/machine/rolling/RollingMachinePortPersistence.java",

        "src/main/java/io/github/sunthemoon/advancedrocketrycommunity/machine/rolling/RollingMachinePortSet.java",

        "src/main/java/io/github/sunthemoon/advancedrocketrycommunity/machine/rolling/RollingMachinePortStorage.java",

        "src/main/java/io/github/sunthemoon/advancedrocketrycommunity/machine/rolling/RollingMachinePortType.java",

        "src/main/java/io/github/sunthemoon/advancedrocketrycommunity/machine/rolling/RollingMachineProcessController.java",

        "src/main/java/io/github/sunthemoon/advancedrocketrycommunity/machine/rolling/RollingMachineProcessPersistence.java",

        "src/main/java/io/github/sunthemoon/advancedrocketrycommunity/machine/rolling/RollingMachineRecipe.java",

        "src/main/java/io/github/sunthemoon/advancedrocketrycommunity/machine/rolling/RollingMachineRecipeResolver.java",

        "src/main/java/io/github/sunthemoon/advancedrocketrycommunity/machine/rolling/RollingMachineResourceStore.java",

        "src/main/java/io/github/sunthemoon/advancedrocketrycommunity/machine/rolling/RollingMachineRuntime.java",

        "src/main/java/io/github/sunthemoon/advancedrocketrycommunity/machine/rolling/RollingMachineServerEvents.java",

        "src/main/java/io/github/sunthemoon/advancedrocketrycommunity/machine/rolling/RollingMachineTransforms.java",

        "src/main/java/io/github/sunthemoon/advancedrocketrycommunity/machine/tank/PressurizedTankBlock.java",

        "src/main/java/io/github/sunthemoon/advancedrocketrycommunity/machine/tank/PressurizedTankBlockEntity.java",

        "src/main/java/io/github/sunthemoon/advancedrocketrycommunity/machine/tank/PressurizedTankItem.java",

        "src/main/java/io/github/sunthemoon/advancedrocketrycommunity/machine/tank/TankCapacity.java",

        "src/main/java/io/github/sunthemoon/advancedrocketrycommunity/machine/tank/TankContainerExchange.java",

        "src/main/java/io/github/sunthemoon/advancedrocketrycommunity/machine/tank/TankDataFiles.java",

        "src/main/java/io/github/sunthemoon/advancedrocketrycommunity/machine/tank/TankFluidPort.java",

        "src/main/java/io/github/sunthemoon/advancedrocketrycommunity/machine/tank/TankProtection.java",

        "src/main/java/io/github/sunthemoon/advancedrocketrycommunity/machine/tank/TankReleaseTestCommands.java",

        "src/main/java/io/github/sunthemoon/advancedrocketrycommunity/machine/tank/TankSave.java",

        "src/main/java/io/github/sunthemoon/advancedrocketrycommunity/machine/tank/TankTransferQueue.java",

        "src/main/java/io/github/sunthemoon/advancedrocketrycommunity/machine/tank/TankTransfers.java",

        "src/main/java/io/github/sunthemoon/advancedrocketrycommunity/material/MaterialCatalog.java",

        "src/main/java/io/github/sunthemoon/advancedrocketrycommunity/material/MaterialContent.java",

        "src/main/java/io/github/sunthemoon/advancedrocketrycommunity/material/MaterialTags.java",

        "src/main/java/io/github/sunthemoon/advancedrocketrycommunity/material/press/SmallPlatePressBlock.java",

        "src/main/java/io/github/sunthemoon/advancedrocketrycommunity/material/press/SmallPlatePressRecipe.java",

        "src/main/java/io/github/sunthemoon/advancedrocketrycommunity/material/worldgen/OverworldOres.java",

        "src/main/java/io/github/sunthemoon/advancedrocketrycommunity/material/worldgen/SwitchPlacement.java",

        "src/main/java/io/github/sunthemoon/advancedrocketrycommunity/persistence/BoundedNbt.java",

        "src/main/java/io/github/sunthemoon/advancedrocketrycommunity/persistence/ChunkSaveDenials.java",

        "src/main/java/io/github/sunthemoon/advancedrocketrycommunity/persistence/GuardedChunkSaves.java",

        "src/main/java/io/github/sunthemoon/advancedrocketrycommunity/persistence/migration/AtomicSavedData.java",

        "src/main/java/io/github/sunthemoon/advancedrocketrycommunity/persistence/migration/BetaDataCommands.java",

        "src/main/java/io/github/sunthemoon/advancedrocketrycommunity/persistence/migration/BetaWorldMigrationEvents.java",

        "src/main/java/io/github/sunthemoon/advancedrocketrycommunity/persistence/migration/BoundedSavedDataIo.java",

        "src/main/java/io/github/sunthemoon/advancedrocketrycommunity/persistence/migration/CheckedSavedDataFile.java",

        "src/main/java/io/github/sunthemoon/advancedrocketrycommunity/persistence/migration/ManagedSavedDataPayloadValidator.java",

        "src/main/java/io/github/sunthemoon/advancedrocketrycommunity/persistence/migration/ManagedSavedDataType.java",

        "src/main/java/io/github/sunthemoon/advancedrocketrycommunity/persistence/migration/MigrationDiagnosticId.java",

        "src/main/java/io/github/sunthemoon/advancedrocketrycommunity/persistence/migration/SavedDataMigrationException.java"

      ],

      "cwd": "D:\\GitHub\\AdvancedRocketry-Community",

      "started_utc": "2026-10-04T05:00:40.203713+00:00",

      "exit": 0,

      "log": "phase-commit01-14.log",

      "log_sha256": "e3b0c44298fc1c149afbf4c8996fb92427ae41e4649b934ca495991b7852b855"

    },

    {

      "command": [

        "git",

        "-c",

        "core.autocrlf=false",

        "add",

        "--",

        "src/main/java/io/github/sunthemoon/advancedrocketrycommunity/persistence/migration/SavedDataSchemaMigrator.java",

        "src/main/java/io/github/sunthemoon/advancedrocketrycommunity/persistence/migration/WorldDataMigrationService.java",

        "src/main/java/io/github/sunthemoon/advancedrocketrycommunity/progression/ResearchAccount.java",

        "src/main/java/io/github/sunthemoon/advancedrocketrycommunity/registry/ModBlockEntities.java",

        "src/main/java/io/github/sunthemoon/advancedrocketrycommunity/registry/ModBlockTags.java",

        "src/main/java/io/github/sunthemoon/advancedrocketrycommunity/registry/ModBlocks.java",

        "src/main/java/io/github/sunthemoon/advancedrocketrycommunity/registry/ModCreativeTabs.java",

        "src/main/java/io/github/sunthemoon/advancedrocketrycommunity/registry/ModDamageTypes.java",

        "src/main/java/io/github/sunthemoon/advancedrocketrycommunity/registry/ModEntities.java",

        "src/main/java/io/github/sunthemoon/advancedrocketrycommunity/registry/ModItemTags.java",

        "src/main/java/io/github/sunthemoon/advancedrocketrycommunity/registry/ModItems.java",

        "src/main/java/io/github/sunthemoon/advancedrocketrycommunity/registry/ModMenuTypes.java",

        "src/main/java/io/github/sunthemoon/advancedrocketrycommunity/registry/ModRecipes.java",

        "src/main/java/io/github/sunthemoon/advancedrocketrycommunity/registry/ModRegistries.java",

        "src/main/java/io/github/sunthemoon/advancedrocketrycommunity/registry/ModSounds.java",

        "src/main/java/io/github/sunthemoon/advancedrocketrycommunity/rocket/RocketLimits.java",

        "src/main/java/io/github/sunthemoon/advancedrocketrycommunity/rocket/assembler/RocketAssemblerBlock.java",

        "src/main/java/io/github/sunthemoon/advancedrocketrycommunity/rocket/assembler/RocketAssemblerBlockEntity.java",

        "src/main/java/io/github/sunthemoon/advancedrocketrycommunity/rocket/assembler/RocketAssemblerReport.java",

        "src/main/java/io/github/sunthemoon/advancedrocketrycommunity/rocket/command/RocketCommands.java",

        "src/main/java/io/github/sunthemoon/advancedrocketrycommunity/rocket/command/RocketDisassemblyCommands.java",

        "src/main/java/io/github/sunthemoon/advancedrocketrycommunity/rocket/entity/RocketEntity.java",

        "src/main/java/io/github/sunthemoon/advancedrocketrycommunity/rocket/flight/RocketDestination.java",

        "src/main/java/io/github/sunthemoon/advancedrocketrycommunity/rocket/flight/RocketFlightAction.java",

        "src/main/java/io/github/sunthemoon/advancedrocketrycommunity/rocket/flight/RocketFlightData.java",

        "src/main/java/io/github/sunthemoon/advancedrocketrycommunity/rocket/flight/RocketFlightDecodeResult.java",

        "src/main/java/io/github/sunthemoon/advancedrocketrycommunity/rocket/flight/RocketFlightEvent.java",

        "src/main/java/io/github/sunthemoon/advancedrocketrycommunity/rocket/flight/RocketFlightLimits.java",

        "src/main/java/io/github/sunthemoon/advancedrocketrycommunity/rocket/flight/RocketFlightPlan.java",

        "src/main/java/io/github/sunthemoon/advancedrocketrycommunity/rocket/flight/RocketFlightPlanCode.java",

        "src/main/java/io/github/sunthemoon/advancedrocketrycommunity/rocket/flight/RocketFlightPlanResult.java",

        "src/main/java/io/github/sunthemoon/advancedrocketrycommunity/rocket/flight/RocketFlightPlanner.java",

        "src/main/java/io/github/sunthemoon/advancedrocketrycommunity/rocket/flight/RocketFlightRequestCode.java",

        "src/main/java/io/github/sunthemoon/advancedrocketrycommunity/rocket/flight/RocketFlightRequestResult.java",

        "src/main/java/io/github/sunthemoon/advancedrocketrycommunity/rocket/flight/RocketFlightState.java",

        "src/main/java/io/github/sunthemoon/advancedrocketrycommunity/rocket/flight/RocketFlightStateMachine.java",

        "src/main/java/io/github/sunthemoon/advancedrocketrycommunity/rocket/flight/RocketFlightTransition.java",

        "src/main/java/io/github/sunthemoon/advancedrocketrycommunity/rocket/flight/RocketFuelCode.java",

        "src/main/java/io/github/sunthemoon/advancedrocketrycommunity/rocket/flight/RocketFuelMutation.java",

        "src/main/java/io/github/sunthemoon/advancedrocketrycommunity/rocket/flight/RocketFuelState.java",

        "src/main/java/io/github/sunthemoon/advancedrocketrycommunity/rocket/flight/RocketPassengerManifest.java",

        "src/main/java/io/github/sunthemoon/advancedrocketrycommunity/rocket/flight/RocketPassengerPosition.java",

        "src/main/java/io/github/sunthemoon/advancedrocketrycommunity/rocket/flight/RocketPassengerReconnectQueue.java",

        "src/main/java/io/github/sunthemoon/advancedrocketrycommunity/rocket/flight/RocketPassengerSeat.java",

        "src/main/java/io/github/sunthemoon/advancedrocketrycommunity/rocket/flight/RocketTargetFlightPlanner.java",

        "src/main/java/io/github/sunthemoon/advancedrocketrycommunity/rocket/flight/RocketTransferAuthorityOrder.java",

        "src/main/java/io/github/sunthemoon/advancedrocketrycommunity/rocket/flight/RocketTransferChecksum.java",

        "src/main/java/io/github/sunthemoon/advancedrocketrycommunity/rocket/flight/RocketTransferInspection.java",

        "src/main/java/io/github/sunthemoon/advancedrocketrycommunity/rocket/flight/RocketTransferPhase.java",

        "src/main/java/io/github/sunthemoon/advancedrocketrycommunity/rocket/flight/RocketTransferPresence.java",

        "src/main/java/io/github/sunthemoon/advancedrocketrycommunity/rocket/flight/RocketTransferRecord.java",

        "src/main/java/io/github/sunthemoon/advancedrocketrycommunity/rocket/flight/RocketTransferRecoveryAction.java",

        "src/main/java/io/github/sunthemoon/advancedrocketrycommunity/rocket/flight/RocketTransferRecoveryDecision.java",

        "src/main/java/io/github/sunthemoon/advancedrocketrycommunity/rocket/flight/RocketTransferRecoveryReport.java",

        "src/main/java/io/github/sunthemoon/advancedrocketrycommunity/rocket/flight/RocketTravelProfile.java",

        "src/main/java/io/github/sunthemoon/advancedrocketrycommunity/rocket/flight/persistence/RocketFlightNbtCodec.java",

        "src/main/java/io/github/sunthemoon/advancedrocketrycommunity/rocket/flight/persistence/RocketTransferSavedData.java",

        "src/main/java/io/github/sunthemoon/advancedrocketrycommunity/rocket/forge/RocketBlockEntityAdapter.java",

        "src/main/java/io/github/sunthemoon/advancedrocketrycommunity/rocket/forge/RocketBlockEntityAdapters.java",

        "src/main/java/io/github/sunthemoon/advancedrocketrycommunity/rocket/forge/RocketBlockStateAdapter.java",

        "src/main/java/io/github/sunthemoon/advancedrocketrycommunity/rocket/forge/RocketForgeMetrics.java",

        "src/main/java/io/github/sunthemoon/advancedrocketrycommunity/rocket/forge/ServerLevelRocketScanWorld.java",

        "src/main/java/io/github/sunthemoon/advancedrocketrycommunity/rocket/forge/ServerLevelRocketTransactionWorld.java",

        "src/main/java/io/github/sunthemoon/advancedrocketrycommunity/rocket/forge/VanillaContainerRocketAdapter.java",

        "src/main/java/io/github/sunthemoon/advancedrocketrycommunity/rocket/fuel/FuelItemPayloads.java",

        "src/main/java/io/github/sunthemoon/advancedrocketrycommunity/rocket/fuel/FuelLoaderBlock.java",

        "src/main/java/io/github/sunthemoon/advancedrocketrycommunity/rocket/fuel/FuelLoaderBlockEntity.java",

        "src/main/java/io/github/sunthemoon/advancedrocketrycommunity/rocket/fuel/FuelLoaderData.java",

        "src/main/java/io/github/sunthemoon/advancedrocketrycommunity/rocket/fuel/FuelLoaderPersistence.java",

        "src/main/java/io/github/sunthemoon/advancedrocketrycommunity/rocket/fuel/FuelLoaderStatus.java",

        "src/main/java/io/github/sunthemoon/advancedrocketrycommunity/rocket/fuel/FuelLoaderStorage.java",

        "src/main/java/io/github/sunthemoon/advancedrocketrycommunity/rocket/fuel/FuelPayloadBounds.java",

        "src/main/java/io/github/sunthemoon/advancedrocketrycommunity/rocket/fuel/RocketFuelRuntime.java",

        "src/main/java/io/github/sunthemoon/advancedrocketrycommunity/rocket/menu/RocketCatalogSync.java",

        "src/main/java/io/github/sunthemoon/advancedrocketrycommunity/rocket/menu/RocketFlightMenu.java",

        "src/main/java/io/github/sunthemoon/advancedrocketrycommunity/rocket/menu/RocketFlightMenuData.java",

        "src/main/java/io/github/sunthemoon/advancedrocketrycommunity/rocket/menu/RocketFlightPlanSnapshot.java",

        "src/main/java/io/github/sunthemoon/advancedrocketrycommunity/rocket/menu/RocketFlightQuotes.java",

        "src/main/java/io/github/sunthemoon/advancedrocketrycommunity/rocket/menu/RocketFlightSelection.java",

        "src/main/java/io/github/sunthemoon/advancedrocketrycommunity/rocket/menu/RocketNavigation.java"

      ],

      "cwd": "D:\\GitHub\\AdvancedRocketry-Community",

      "started_utc": "2026-10-04T05:00:40.414917+00:00",

      "exit": 0,

      "log": "phase-commit01-15.log",

      "log_sha256": "e3b0c44298fc1c149afbf4c8996fb92427ae41e4649b934ca495991b7852b855"

    },

    {

      "command": [

        "git",

        "-c",

        "core.autocrlf=false",

        "add",

        "--",

        "src/main/java/io/github/sunthemoon/advancedrocketrycommunity/rocket/menu/RocketNavigationStatus.java",

        "src/main/java/io/github/sunthemoon/advancedrocketrycommunity/rocket/model/RocketBlock.java",

        "src/main/java/io/github/sunthemoon/advancedrocketrycommunity/rocket/model/RocketBlockEntityPayload.java",

        "src/main/java/io/github/sunthemoon/advancedrocketrycommunity/rocket/model/RocketBlockState.java",

        "src/main/java/io/github/sunthemoon/advancedrocketrycommunity/rocket/model/RocketBounds.java",

        "src/main/java/io/github/sunthemoon/advancedrocketrycommunity/rocket/model/RocketNbtSize.java",

        "src/main/java/io/github/sunthemoon/advancedrocketrycommunity/rocket/model/RocketPosition.java",

        "src/main/java/io/github/sunthemoon/advancedrocketrycommunity/rocket/model/RocketSnapshotException.java",

        "src/main/java/io/github/sunthemoon/advancedrocketrycommunity/rocket/model/RocketSnapshotHasher.java",

        "src/main/java/io/github/sunthemoon/advancedrocketrycommunity/rocket/model/RocketStructureSnapshot.java",

        "src/main/java/io/github/sunthemoon/advancedrocketrycommunity/rocket/network/RocketFlightIntentPacket.java",

        "src/main/java/io/github/sunthemoon/advancedrocketrycommunity/rocket/network/RocketFlightNetwork.java",

        "src/main/java/io/github/sunthemoon/advancedrocketrycommunity/rocket/network/RocketFlightPlanPacket.java",

        "src/main/java/io/github/sunthemoon/advancedrocketrycommunity/rocket/network/RocketVisualBlock.java",

        "src/main/java/io/github/sunthemoon/advancedrocketrycommunity/rocket/network/RocketVisualChunkPacket.java",

        "src/main/java/io/github/sunthemoon/advancedrocketrycommunity/rocket/network/RocketVisualChunker.java",

        "src/main/java/io/github/sunthemoon/advancedrocketrycommunity/rocket/network/RocketVisualClientCache.java",

        "src/main/java/io/github/sunthemoon/advancedrocketrycommunity/rocket/network/RocketVisualNetwork.java",

        "src/main/java/io/github/sunthemoon/advancedrocketrycommunity/rocket/network/RocketVisualSnapshot.java",

        "src/main/java/io/github/sunthemoon/advancedrocketrycommunity/rocket/network/RocketVisualSnapshotCodec.java",

        "src/main/java/io/github/sunthemoon/advancedrocketrycommunity/rocket/network/RocketVisualSynchronizer.java",

        "src/main/java/io/github/sunthemoon/advancedrocketrycommunity/rocket/persistence/RocketPersistedTransaction.java",

        "src/main/java/io/github/sunthemoon/advancedrocketrycommunity/rocket/persistence/RocketSnapshotDecodeResult.java",

        "src/main/java/io/github/sunthemoon/advancedrocketrycommunity/rocket/persistence/RocketSnapshotNbtCodec.java",

        "src/main/java/io/github/sunthemoon/advancedrocketrycommunity/rocket/persistence/RocketTransactionSavedData.java",

        "src/main/java/io/github/sunthemoon/advancedrocketrycommunity/rocket/scan/RocketScanObservation.java",

        "src/main/java/io/github/sunthemoon/advancedrocketrycommunity/rocket/scan/RocketScanResult.java",

        "src/main/java/io/github/sunthemoon/advancedrocketrycommunity/rocket/scan/RocketScanWorld.java",

        "src/main/java/io/github/sunthemoon/advancedrocketrycommunity/rocket/scan/RocketStructureScanTask.java",

        "src/main/java/io/github/sunthemoon/advancedrocketrycommunity/rocket/server/PlanetaryFlightAdmission.java",

        "src/main/java/io/github/sunthemoon/advancedrocketrycommunity/rocket/server/RocketAssemblerScanService.java",

        "src/main/java/io/github/sunthemoon/advancedrocketrycommunity/rocket/server/RocketCatalogRefreshLimiter.java",

        "src/main/java/io/github/sunthemoon/advancedrocketrycommunity/rocket/server/RocketDisassemblyConfirmations.java",

        "src/main/java/io/github/sunthemoon/advancedrocketrycommunity/rocket/server/RocketDisassemblyService.java",

        "src/main/java/io/github/sunthemoon/advancedrocketrycommunity/rocket/server/RocketFlightFeedback.java",

        "src/main/java/io/github/sunthemoon/advancedrocketrycommunity/rocket/server/RocketFlightLifecycleController.java",

        "src/main/java/io/github/sunthemoon/advancedrocketrycommunity/rocket/server/RocketFlightReleaseCheckpoint.java",

        "src/main/java/io/github/sunthemoon/advancedrocketrycommunity/rocket/server/RocketFlightService.java",

        "src/main/java/io/github/sunthemoon/advancedrocketrycommunity/rocket/server/RocketIntentRateLimiter.java",

        "src/main/java/io/github/sunthemoon/advancedrocketrycommunity/rocket/server/RocketInteraction.java",

        "src/main/java/io/github/sunthemoon/advancedrocketrycommunity/rocket/server/RocketManager.java",

        "src/main/java/io/github/sunthemoon/advancedrocketrycommunity/rocket/server/RocketNavigationService.java",

        "src/main/java/io/github/sunthemoon/advancedrocketrycommunity/rocket/server/RocketOperationService.java",

        "src/main/java/io/github/sunthemoon/advancedrocketrycommunity/rocket/server/RocketRuntime.java",

        "src/main/java/io/github/sunthemoon/advancedrocketrycommunity/rocket/server/RocketStationMotionRule.java",

        "src/main/java/io/github/sunthemoon/advancedrocketrycommunity/rocket/server/RocketTargetContextService.java",

        "src/main/java/io/github/sunthemoon/advancedrocketrycommunity/rocket/server/RocketTransactionExecutor.java",

        "src/main/java/io/github/sunthemoon/advancedrocketrycommunity/rocket/server/RocketTransactionRecoveryService.java",

        "src/main/java/io/github/sunthemoon/advancedrocketrycommunity/rocket/server/RocketTransactionReleaseProbe.java",

        "src/main/java/io/github/sunthemoon/advancedrocketrycommunity/rocket/server/RocketTransferEntities.java",

        "src/main/java/io/github/sunthemoon/advancedrocketrycommunity/rocket/server/RocketTransferRecoveryService.java",

        "src/main/java/io/github/sunthemoon/advancedrocketrycommunity/rocket/server/RocketTransferReturnReason.java",

        "src/main/java/io/github/sunthemoon/advancedrocketrycommunity/rocket/server/RocketTransferService.java",

        "src/main/java/io/github/sunthemoon/advancedrocketrycommunity/rocket/stats/RocketBlockMetrics.java",

        "src/main/java/io/github/sunthemoon/advancedrocketrycommunity/rocket/stats/RocketStats.java",

        "src/main/java/io/github/sunthemoon/advancedrocketrycommunity/rocket/stats/RocketStatsCalculator.java",

        "src/main/java/io/github/sunthemoon/advancedrocketrycommunity/rocket/testing/RocketTransactionCheckpoint.java",

        "src/main/java/io/github/sunthemoon/advancedrocketrycommunity/rocket/testing/RocketTransactionFaultProbe.java",

        "src/main/java/io/github/sunthemoon/advancedrocketrycommunity/rocket/transaction/RocketAssemblyTransaction.java",

        "src/main/java/io/github/sunthemoon/advancedrocketrycommunity/rocket/transaction/RocketDisassemblyTransaction.java",

        "src/main/java/io/github/sunthemoon/advancedrocketrycommunity/rocket/transaction/RocketFailureInjector.java",

        "src/main/java/io/github/sunthemoon/advancedrocketrycommunity/rocket/transaction/RocketFailurePoint.java",

        "src/main/java/io/github/sunthemoon/advancedrocketrycommunity/rocket/transaction/RocketOperationLedger.java",

        "src/main/java/io/github/sunthemoon/advancedrocketrycommunity/rocket/transaction/RocketRecoveryDecision.java",

        "src/main/java/io/github/sunthemoon/advancedrocketrycommunity/rocket/transaction/RocketRegion.java",

        "src/main/java/io/github/sunthemoon/advancedrocketrycommunity/rocket/transaction/RocketRegionLockManager.java",

        "src/main/java/io/github/sunthemoon/advancedrocketrycommunity/rocket/transaction/RocketTransactionAbortException.java",

        "src/main/java/io/github/sunthemoon/advancedrocketrycommunity/rocket/transaction/RocketTransactionJournal.java",

        "src/main/java/io/github/sunthemoon/advancedrocketrycommunity/rocket/transaction/RocketTransactionPhase.java",

        "src/main/java/io/github/sunthemoon/advancedrocketrycommunity/rocket/transaction/RocketTransactionRecord.java",

        "src/main/java/io/github/sunthemoon/advancedrocketrycommunity/rocket/transaction/RocketTransactionResult.java",

        "src/main/java/io/github/sunthemoon/advancedrocketrycommunity/rocket/transaction/RocketTransactionType.java",

        "src/main/java/io/github/sunthemoon/advancedrocketrycommunity/rocket/transaction/RocketTransactionWorld.java",

        "src/main/java/io/github/sunthemoon/advancedrocketrycommunity/rocket/transaction/RocketWorldBlock.java",

        "src/main/java/io/github/sunthemoon/advancedrocketrycommunity/rocket/transfer/RocketLandingPadSelection.java",

        "src/main/java/io/github/sunthemoon/advancedrocketrycommunity/rocket/transfer/RocketLandingPadSelector.java",

        "src/main/java/io/github/sunthemoon/advancedrocketrycommunity/rocket/validation/RocketStatsValidator.java",

        "src/main/java/io/github/sunthemoon/advancedrocketrycommunity/rocket/validation/RocketValidationCode.java",

        "src/main/java/io/github/sunthemoon/advancedrocketrycommunity/rocket/validation/RocketValidationIssue.java",

        "src/main/java/io/github/sunthemoon/advancedrocketrycommunity/rocket/validation/RocketValidationResult.java"

      ],

      "cwd": "D:\\GitHub\\AdvancedRocketry-Community",

      "started_utc": "2026-10-04T05:00:40.522333+00:00",

      "exit": 0,

      "log": "phase-commit01-16.log",

      "log_sha256": "e3b0c44298fc1c149afbf4c8996fb92427ae41e4649b934ca495991b7852b855"

    },

    {

      "command": [

        "git",

        "-c",

        "core.autocrlf=false",

        "add",

        "--",

        "src/main/java/io/github/sunthemoon/advancedrocketrycommunity/satellite/SatelliteIds.java",

        "src/main/java/io/github/sunthemoon/advancedrocketrycommunity/satellite/builder/SatelliteBuilderBlock.java",

        "src/main/java/io/github/sunthemoon/advancedrocketrycommunity/satellite/builder/SatelliteBuilderBlockEntity.java",

        "src/main/java/io/github/sunthemoon/advancedrocketrycommunity/satellite/builder/SatelliteBuilderInventory.java",

        "src/main/java/io/github/sunthemoon/advancedrocketrycommunity/satellite/builder/SatelliteBuilderMenu.java",

        "src/main/java/io/github/sunthemoon/advancedrocketrycommunity/satellite/command/ReleaseTestCommands.java",

        "src/main/java/io/github/sunthemoon/advancedrocketrycommunity/satellite/command/ResourceMissionCommands.java",

        "src/main/java/io/github/sunthemoon/advancedrocketrycommunity/satellite/command/SatelliteCommands.java",

        "src/main/java/io/github/sunthemoon/advancedrocketrycommunity/satellite/component/SatelliteBlueprints.java",

        "src/main/java/io/github/sunthemoon/advancedrocketrycommunity/satellite/component/SatelliteComponentCatalog.java",

        "src/main/java/io/github/sunthemoon/advancedrocketrycommunity/satellite/component/SatelliteComponentDefinition.java",

        "src/main/java/io/github/sunthemoon/advancedrocketrycommunity/satellite/component/SatelliteComponentRole.java",

        "src/main/java/io/github/sunthemoon/advancedrocketrycommunity/satellite/content/DataSatellitePackageItem.java",

        "src/main/java/io/github/sunthemoon/advancedrocketrycommunity/satellite/content/SatelliteControlChipItem.java",

        "src/main/java/io/github/sunthemoon/advancedrocketrycommunity/satellite/content/SatelliteIdentity.java",

        "src/main/java/io/github/sunthemoon/advancedrocketrycommunity/satellite/content/SatelliteItemData.java",

        "src/main/java/io/github/sunthemoon/advancedrocketrycommunity/satellite/mission/AccountRecovery.java",

        "src/main/java/io/github/sunthemoon/advancedrocketrycommunity/satellite/mission/AsteroidInstance.java",

        "src/main/java/io/github/sunthemoon/advancedrocketrycommunity/satellite/mission/DeliveryReconciliation.java",

        "src/main/java/io/github/sunthemoon/advancedrocketrycommunity/satellite/mission/InstanceLedger.java",

        "src/main/java/io/github/sunthemoon/advancedrocketrycommunity/satellite/mission/InstanceState.java",

        "src/main/java/io/github/sunthemoon/advancedrocketrycommunity/satellite/mission/MissionDeadlineScheduler.java",

        "src/main/java/io/github/sunthemoon/advancedrocketrycommunity/satellite/mission/MissionKind.java",

        "src/main/java/io/github/sunthemoon/advancedrocketrycommunity/satellite/mission/MissionPayload.java",

        "src/main/java/io/github/sunthemoon/advancedrocketrycommunity/satellite/mission/MissionQuarantine.java",

        "src/main/java/io/github/sunthemoon/advancedrocketrycommunity/satellite/mission/MissionRetention.java",

        "src/main/java/io/github/sunthemoon/advancedrocketrycommunity/satellite/mission/MissionState.java",

        "src/main/java/io/github/sunthemoon/advancedrocketrycommunity/satellite/mission/MissionStatus.java",

        "src/main/java/io/github/sunthemoon/advancedrocketrycommunity/satellite/mission/MonotonicMissionClock.java",

        "src/main/java/io/github/sunthemoon/advancedrocketrycommunity/satellite/mission/OperatorRecovery.java",

        "src/main/java/io/github/sunthemoon/advancedrocketrycommunity/satellite/mission/ReceiverLinkIndex.java",

        "src/main/java/io/github/sunthemoon/advancedrocketrycommunity/satellite/mission/RecordSizer.java",

        "src/main/java/io/github/sunthemoon/advancedrocketrycommunity/satellite/mission/RegistryInvariants.java",

        "src/main/java/io/github/sunthemoon/advancedrocketrycommunity/satellite/mission/RegistryLimits.java",

        "src/main/java/io/github/sunthemoon/advancedrocketrycommunity/satellite/mission/ResourceMissions.java",

        "src/main/java/io/github/sunthemoon/advancedrocketrycommunity/satellite/mission/RestoreReport.java",

        "src/main/java/io/github/sunthemoon/advancedrocketrycommunity/satellite/mission/RewardEntry.java",

        "src/main/java/io/github/sunthemoon/advancedrocketrycommunity/satellite/mission/SatelliteDefinitionSnapshot.java",

        "src/main/java/io/github/sunthemoon/advancedrocketrycommunity/satellite/mission/SatelliteMissionRegistry.java",

        "src/main/java/io/github/sunthemoon/advancedrocketrycommunity/satellite/mission/SatelliteOperationCode.java",

        "src/main/java/io/github/sunthemoon/advancedrocketrycommunity/satellite/mission/SatelliteOperationResult.java",

        "src/main/java/io/github/sunthemoon/advancedrocketrycommunity/satellite/mission/SchedulerPass.java",

        "src/main/java/io/github/sunthemoon/advancedrocketrycommunity/satellite/mission/StorageBudget.java",

        "src/main/java/io/github/sunthemoon/advancedrocketrycommunity/satellite/mission/TerminalIndex.java",

        "src/main/java/io/github/sunthemoon/advancedrocketrycommunity/satellite/model/SatelliteBlueprint.java",

        "src/main/java/io/github/sunthemoon/advancedrocketrycommunity/satellite/model/SatelliteDefinition.java",

        "src/main/java/io/github/sunthemoon/advancedrocketrycommunity/satellite/model/SatelliteKind.java",

        "src/main/java/io/github/sunthemoon/advancedrocketrycommunity/satellite/model/SatelliteKindDefinition.java",

        "src/main/java/io/github/sunthemoon/advancedrocketrycommunity/satellite/model/SatelliteKindState.java",

        "src/main/java/io/github/sunthemoon/advancedrocketrycommunity/satellite/model/SatelliteLimits.java",

        "src/main/java/io/github/sunthemoon/advancedrocketrycommunity/satellite/model/SatelliteState.java",

        "src/main/java/io/github/sunthemoon/advancedrocketrycommunity/satellite/model/SatelliteStats.java",

        "src/main/java/io/github/sunthemoon/advancedrocketrycommunity/satellite/model/SatelliteStatus.java",

        "src/main/java/io/github/sunthemoon/advancedrocketrycommunity/satellite/network/SatelliteNetwork.java",

        "src/main/java/io/github/sunthemoon/advancedrocketrycommunity/satellite/network/SatelliteTerminalViewCache.java",

        "src/main/java/io/github/sunthemoon/advancedrocketrycommunity/satellite/network/SatelliteTerminalViewPacket.java",

        "src/main/java/io/github/sunthemoon/advancedrocketrycommunity/satellite/network/SurveyScanResultCache.java",

        "src/main/java/io/github/sunthemoon/advancedrocketrycommunity/satellite/network/SurveyScanResultPacket.java",

        "src/main/java/io/github/sunthemoon/advancedrocketrycommunity/satellite/persistence/CodecRecordSizer.java",

        "src/main/java/io/github/sunthemoon/advancedrocketrycommunity/satellite/persistence/SatelliteMissionSavedData.java",

        "src/main/java/io/github/sunthemoon/advancedrocketrycommunity/satellite/persistence/SatelliteNbtCodec.java",

        "src/main/java/io/github/sunthemoon/advancedrocketrycommunity/satellite/persistence/SatelliteNbtSize.java",

        "src/main/java/io/github/sunthemoon/advancedrocketrycommunity/satellite/persistence/SatelliteRecordFit.java",

        "src/main/java/io/github/sunthemoon/advancedrocketrycommunity/satellite/persistence/SatelliteRegistryPayload.java",

        "src/main/java/io/github/sunthemoon/advancedrocketrycommunity/satellite/receiver/MicrowaveReceiverBlock.java",

        "src/main/java/io/github/sunthemoon/advancedrocketrycommunity/satellite/receiver/MicrowaveReceiverBlockEntity.java",

        "src/main/java/io/github/sunthemoon/advancedrocketrycommunity/satellite/receiver/MicrowaveReceiverInventory.java",

        "src/main/java/io/github/sunthemoon/advancedrocketrycommunity/satellite/receiver/MicrowaveReceiverMenu.java",

        "src/main/java/io/github/sunthemoon/advancedrocketrycommunity/satellite/resource/AsteroidType.java",

        "src/main/java/io/github/sunthemoon/advancedrocketrycommunity/satellite/resource/GasTable.java",

        "src/main/java/io/github/sunthemoon/advancedrocketrycommunity/satellite/resource/MissionSeeds.java",

        "src/main/java/io/github/sunthemoon/advancedrocketrycommunity/satellite/resource/ResourceAlgorithms.java",

        "src/main/java/io/github/sunthemoon/advancedrocketrycommunity/satellite/resource/ResourceTableCodec.java",

        "src/main/java/io/github/sunthemoon/advancedrocketrycommunity/satellite/resource/ResourceTableReloadListener.java",

        "src/main/java/io/github/sunthemoon/advancedrocketrycommunity/satellite/resource/ResourceTables.java",

        "src/main/java/io/github/sunthemoon/advancedrocketrycommunity/satellite/resource/RewardVerifier.java",

        "src/main/java/io/github/sunthemoon/advancedrocketrycommunity/satellite/resource/SplitMix64.java",

        "src/main/java/io/github/sunthemoon/advancedrocketrycommunity/satellite/scan/LevelScanSource.java",

        "src/main/java/io/github/sunthemoon/advancedrocketrycommunity/satellite/scan/ScanColumnSource.java",

        "src/main/java/io/github/sunthemoon/advancedrocketrycommunity/satellite/scan/ScanSettings.java"

      ],

      "cwd": "D:\\GitHub\\AdvancedRocketry-Community",

      "started_utc": "2026-10-04T05:00:40.606605+00:00",

      "exit": 0,

      "log": "phase-commit01-17.log",

      "log_sha256": "e3b0c44298fc1c149afbf4c8996fb92427ae41e4649b934ca495991b7852b855"

    },

    {

      "command": [

        "git",

        "-c",

        "core.autocrlf=false",

        "add",

        "--",

        "src/main/java/io/github/sunthemoon/advancedrocketrycommunity/satellite/scan/SurveyScanJob.java",

        "src/main/java/io/github/sunthemoon/advancedrocketrycommunity/satellite/scan/SurveyScanResult.java",

        "src/main/java/io/github/sunthemoon/advancedrocketrycommunity/satellite/scan/SurveyScanService.java",

        "src/main/java/io/github/sunthemoon/advancedrocketrycommunity/satellite/service/DeliveryAudit.java",

        "src/main/java/io/github/sunthemoon/advancedrocketrycommunity/satellite/service/DeliveryEndpoint.java",

        "src/main/java/io/github/sunthemoon/advancedrocketrycommunity/satellite/service/DeliveryTerminal.java",

        "src/main/java/io/github/sunthemoon/advancedrocketrycommunity/satellite/service/DiscoveryClaimRecovery.java",

        "src/main/java/io/github/sunthemoon/advancedrocketrycommunity/satellite/service/DiscoveryRecoveryGameTests.java",

        "src/main/java/io/github/sunthemoon/advancedrocketrycommunity/satellite/service/DiscoveryReplayQueue.java",

        "src/main/java/io/github/sunthemoon/advancedrocketrycommunity/satellite/service/IntentRateLimiter.java",

        "src/main/java/io/github/sunthemoon/advancedrocketrycommunity/satellite/service/ReceiverDirectory.java",

        "src/main/java/io/github/sunthemoon/advancedrocketrycommunity/satellite/service/ResourceMissionRuntime.java",

        "src/main/java/io/github/sunthemoon/advancedrocketrycommunity/satellite/service/ResourceMissionService.java",

        "src/main/java/io/github/sunthemoon/advancedrocketrycommunity/satellite/service/SatelliteCatalog.java",

        "src/main/java/io/github/sunthemoon/advancedrocketrycommunity/satellite/service/SatelliteCatalogDecoder.java",

        "src/main/java/io/github/sunthemoon/advancedrocketrycommunity/satellite/service/SatelliteCatalogManager.java",

        "src/main/java/io/github/sunthemoon/advancedrocketrycommunity/satellite/service/SatelliteComponentReloadListener.java",

        "src/main/java/io/github/sunthemoon/advancedrocketrycommunity/satellite/service/SatelliteDefinitionReloadListener.java",

        "src/main/java/io/github/sunthemoon/advancedrocketrycommunity/satellite/service/SatelliteKindLifecycle.java",

        "src/main/java/io/github/sunthemoon/advancedrocketrycommunity/satellite/service/SatelliteManager.java",

        "src/main/java/io/github/sunthemoon/advancedrocketrycommunity/satellite/service/SatellitePayloadRuntime.java",

        "src/main/java/io/github/sunthemoon/advancedrocketrycommunity/satellite/service/SatelliteRuntime.java",

        "src/main/java/io/github/sunthemoon/advancedrocketrycommunity/satellite/service/SolarLinks.java",

        "src/main/java/io/github/sunthemoon/advancedrocketrycommunity/satellite/service/TerminalDirectory.java",

        "src/main/java/io/github/sunthemoon/advancedrocketrycommunity/satellite/service/TerminalObservations.java",

        "src/main/java/io/github/sunthemoon/advancedrocketrycommunity/satellite/terminal/SatelliteTerminalBlock.java",

        "src/main/java/io/github/sunthemoon/advancedrocketrycommunity/satellite/terminal/SatelliteTerminalBlockEntity.java",

        "src/main/java/io/github/sunthemoon/advancedrocketrycommunity/satellite/terminal/SatelliteTerminalInventory.java",

        "src/main/java/io/github/sunthemoon/advancedrocketrycommunity/satellite/terminal/SatelliteTerminalMenu.java",

        "src/main/java/io/github/sunthemoon/advancedrocketrycommunity/satellite/terminal/SatelliteTerminalMenuData.java",

        "src/main/java/io/github/sunthemoon/advancedrocketrycommunity/satellite/terminal/SatelliteTerminalTargets.java",

        "src/main/java/io/github/sunthemoon/advancedrocketrycommunity/satellite/terminal/SatelliteTerminalViews.java",

        "src/main/java/io/github/sunthemoon/advancedrocketrycommunity/satellite/terminal/TerminalChunkEvents.java",

        "src/main/java/io/github/sunthemoon/advancedrocketrycommunity/satellite/terminal/TerminalDelivery.java",

        "src/main/java/io/github/sunthemoon/advancedrocketrycommunity/satellite/terminal/TerminalResourceActions.java",

        "src/main/java/io/github/sunthemoon/advancedrocketrycommunity/server/ServerBootstrap.java",

        "src/main/java/io/github/sunthemoon/advancedrocketrycommunity/station/command/StationCommands.java",

        "src/main/java/io/github/sunthemoon/advancedrocketrycommunity/station/command/StationWarpCommands.java",

        "src/main/java/io/github/sunthemoon/advancedrocketrycommunity/station/content/StationDeploymentKitItem.java",

        "src/main/java/io/github/sunthemoon/advancedrocketrycommunity/station/elevator/ElevatorEndpointCode.java",

        "src/main/java/io/github/sunthemoon/advancedrocketrycommunity/station/elevator/ElevatorEndpointService.java",

        "src/main/java/io/github/sunthemoon/advancedrocketrycommunity/station/elevator/ElevatorEndpointValidator.java",

        "src/main/java/io/github/sunthemoon/advancedrocketrycommunity/station/elevator/ElevatorStationGuard.java",

        "src/main/java/io/github/sunthemoon/advancedrocketrycommunity/station/forge/StationPlatformGenerator.java",

        "src/main/java/io/github/sunthemoon/advancedrocketrycommunity/station/forge/StationPlatformResult.java",

        "src/main/java/io/github/sunthemoon/advancedrocketrycommunity/station/forge/WarpCoreBlock.java",

        "src/main/java/io/github/sunthemoon/advancedrocketrycommunity/station/forge/WarpCoreBlockEntity.java",

        "src/main/java/io/github/sunthemoon/advancedrocketrycommunity/station/model/StationDestinationSummary.java",

        "src/main/java/io/github/sunthemoon/advancedrocketrycommunity/station/model/StationEnvironmentProfile.java",

        "src/main/java/io/github/sunthemoon/advancedrocketrycommunity/station/model/StationGridCell.java",

        "src/main/java/io/github/sunthemoon/advancedrocketrycommunity/station/model/StationLimits.java",

        "src/main/java/io/github/sunthemoon/advancedrocketrycommunity/station/model/StationPosition.java",

        "src/main/java/io/github/sunthemoon/advancedrocketrycommunity/station/model/StationRegion.java",

        "src/main/java/io/github/sunthemoon/advancedrocketrycommunity/station/model/StationRegistryModel.java",

        "src/main/java/io/github/sunthemoon/advancedrocketrycommunity/station/model/StationReservation.java",

        "src/main/java/io/github/sunthemoon/advancedrocketrycommunity/station/model/StationState.java",

        "src/main/java/io/github/sunthemoon/advancedrocketrycommunity/station/orbit/StationOrbitEnvironment.java",

        "src/main/java/io/github/sunthemoon/advancedrocketrycommunity/station/orbit/StationOrbitEnvironmentResolver.java",

        "src/main/java/io/github/sunthemoon/advancedrocketrycommunity/station/orbit/StationRegionBodyContextResolver.java",

        "src/main/java/io/github/sunthemoon/advancedrocketrycommunity/station/orbit/StationSkyContextRuntime.java",

        "src/main/java/io/github/sunthemoon/advancedrocketrycommunity/station/orbit/StationSkyContextService.java",

        "src/main/java/io/github/sunthemoon/advancedrocketrycommunity/station/persistence/StationNbtCodec.java",

        "src/main/java/io/github/sunthemoon/advancedrocketrycommunity/station/persistence/StationNbtSize.java",

        "src/main/java/io/github/sunthemoon/advancedrocketrycommunity/station/persistence/StationRegistryPayload.java",

        "src/main/java/io/github/sunthemoon/advancedrocketrycommunity/station/persistence/StationRegistrySavedData.java",

        "src/main/java/io/github/sunthemoon/advancedrocketrycommunity/station/persistence/StationStorageBudget.java",

        "src/main/java/io/github/sunthemoon/advancedrocketrycommunity/station/service/StationAccessAction.java",

        "src/main/java/io/github/sunthemoon/advancedrocketrycommunity/station/service/StationAccessService.java",

        "src/main/java/io/github/sunthemoon/advancedrocketrycommunity/station/service/StationCreationCode.java",

        "src/main/java/io/github/sunthemoon/advancedrocketrycommunity/station/service/StationCreationResult.java",

        "src/main/java/io/github/sunthemoon/advancedrocketrycommunity/station/service/StationCreationService.java",

        "src/main/java/io/github/sunthemoon/advancedrocketrycommunity/station/service/StationExpansionConfirmations.java",

        "src/main/java/io/github/sunthemoon/advancedrocketrycommunity/station/service/StationExpansionService.java",

        "src/main/java/io/github/sunthemoon/advancedrocketrycommunity/station/service/StationGravityService.java",

        "src/main/java/io/github/sunthemoon/advancedrocketrycommunity/station/service/StationLocalActor.java",

        "src/main/java/io/github/sunthemoon/advancedrocketrycommunity/station/service/StationManagementCode.java",

        "src/main/java/io/github/sunthemoon/advancedrocketrycommunity/station/service/StationManagementResult.java",

        "src/main/java/io/github/sunthemoon/advancedrocketrycommunity/station/service/StationManager.java",

        "src/main/java/io/github/sunthemoon/advancedrocketrycommunity/station/service/StationOperationService.java",

        "src/main/java/io/github/sunthemoon/advancedrocketrycommunity/station/service/StationRuntime.java"

      ],

      "cwd": "D:\\GitHub\\AdvancedRocketry-Community",

      "started_utc": "2026-10-04T05:00:40.688819+00:00",

      "exit": 0,

      "log": "phase-commit01-18.log",

      "log_sha256": "e3b0c44298fc1c149afbf4c8996fb92427ae41e4649b934ca495991b7852b855"

    },

    {

      "command": [

        "git",

        "-c",

        "core.autocrlf=false",

        "add",

        "--",

        "src/main/java/io/github/sunthemoon/advancedrocketrycommunity/station/service/StationWriteBudget.java",

        "src/main/java/io/github/sunthemoon/advancedrocketrycommunity/station/service/StationWriteCooldown.java",

        "src/main/java/io/github/sunthemoon/advancedrocketrycommunity/station/warp/StationRocketAuthority.java",

        "src/main/java/io/github/sunthemoon/advancedrocketrycommunity/station/warp/StationWarpConfirmations.java",

        "src/main/java/io/github/sunthemoon/advancedrocketrycommunity/station/warp/StationWarpCountdowns.java",

        "src/main/java/io/github/sunthemoon/advancedrocketrycommunity/station/warp/StationWarpCredits.java",

        "src/main/java/io/github/sunthemoon/advancedrocketrycommunity/station/warp/StationWarpResult.java",

        "src/main/java/io/github/sunthemoon/advancedrocketrycommunity/station/warp/StationWarpRuntime.java",

        "src/main/java/io/github/sunthemoon/advancedrocketrycommunity/station/warp/StationWarpService.java",

        "src/main/java/io/github/sunthemoon/advancedrocketrycommunity/station/warp/WarpCostClass.java",

        "src/main/java/io/github/sunthemoon/advancedrocketrycommunity/station/warp/WarpQuote.java",

        "src/main/java/io/github/sunthemoon/advancedrocketrycommunity/station/warp/WarpSettings.java",

        "src/main/java/io/github/sunthemoon/advancedrocketrycommunity/travel/migration/LegacyFlightTargetMigrator.java",

        "src/main/java/io/github/sunthemoon/advancedrocketrycommunity/travel/migration/LegacyTravelTargetAdapter.java",

        "src/main/java/io/github/sunthemoon/advancedrocketrycommunity/travel/migration/TravelTargetMigrationCode.java",

        "src/main/java/io/github/sunthemoon/advancedrocketrycommunity/travel/migration/TravelTargetMigrationResult.java",

        "src/main/java/io/github/sunthemoon/advancedrocketrycommunity/travel/model/TravelTarget.java",

        "src/main/java/io/github/sunthemoon/advancedrocketrycommunity/travel/model/TravelTargetCodec.java",

        "src/main/java/io/github/sunthemoon/advancedrocketrycommunity/travel/network/TravelTargetWireCodec.java",

        "src/main/java/io/github/sunthemoon/advancedrocketrycommunity/travel/persistence/TravelTargetNbtCodec.java",

        "src/main/java/io/github/sunthemoon/advancedrocketrycommunity/travel/persistence/TravelTargetNbtSize.java",

        "src/main/java/io/github/sunthemoon/advancedrocketrycommunity/travel/route/model/ExactMapCodec.java",

        "src/main/java/io/github/sunthemoon/advancedrocketrycommunity/travel/route/model/RouteAnchor.java",

        "src/main/java/io/github/sunthemoon/advancedrocketrycommunity/travel/route/model/RouteCodecs.java",

        "src/main/java/io/github/sunthemoon/advancedrocketrycommunity/travel/route/model/RouteDefinition.java",

        "src/main/java/io/github/sunthemoon/advancedrocketrycommunity/travel/route/model/RouteLeg.java",

        "src/main/java/io/github/sunthemoon/advancedrocketrycommunity/travel/route/model/RouteLimits.java",

        "src/main/java/io/github/sunthemoon/advancedrocketrycommunity/travel/route/model/RoutePlan.java",

        "src/main/java/io/github/sunthemoon/advancedrocketrycommunity/travel/route/service/RouteCatalog.java",

        "src/main/java/io/github/sunthemoon/advancedrocketrycommunity/travel/route/service/RouteCatalogDecoder.java",

        "src/main/java/io/github/sunthemoon/advancedrocketrycommunity/travel/route/service/RoutePlanner.java",

        "src/main/java/io/github/sunthemoon/advancedrocketrycommunity/travel/route/service/TravelFuelFormula.java",

        "src/test/java/io/github/sunthemoon/advancedrocketrycommunity/ModIdentityTest.java",

        "src/test/java/io/github/sunthemoon/advancedrocketrycommunity/ModMetadataTest.java",

        "src/test/java/io/github/sunthemoon/advancedrocketrycommunity/api/environment/EnvironmentSnapshotTest.java",

        "src/test/java/io/github/sunthemoon/advancedrocketrycommunity/api/rocket/RocketComponentDefinitionTest.java",

        "src/test/java/io/github/sunthemoon/advancedrocketrycommunity/api/version/ApiArtifactTest.java",

        "src/test/java/io/github/sunthemoon/advancedrocketrycommunity/api/version/ApiVersionsTest.java",

        "src/test/java/io/github/sunthemoon/advancedrocketrycommunity/atmosphere/content/SpaceSuitOxygenTest.java",

        "src/test/java/io/github/sunthemoon/advancedrocketrycommunity/atmosphere/life/OxygenTransferTest.java",

        "src/test/java/io/github/sunthemoon/advancedrocketrycommunity/atmosphere/life/PlayerLifeSupportEngineTest.java",

        "src/test/java/io/github/sunthemoon/advancedrocketrycommunity/atmosphere/life/VentSupplyEngineTest.java",

        "src/test/java/io/github/sunthemoon/advancedrocketrycommunity/atmosphere/network/LifeSupportStatusPacketTest.java",

        "src/test/java/io/github/sunthemoon/advancedrocketrycommunity/atmosphere/scan/VolumeIdentityTest.java",

        "src/test/java/io/github/sunthemoon/advancedrocketrycommunity/atmosphere/scan/VolumeIndexTest.java",

        "src/test/java/io/github/sunthemoon/advancedrocketrycommunity/atmosphere/scan/VolumePositionTest.java",

        "src/test/java/io/github/sunthemoon/advancedrocketrycommunity/atmosphere/scan/VolumeScanCoordinatorTest.java",

        "src/test/java/io/github/sunthemoon/advancedrocketrycommunity/atmosphere/scan/VolumeScanTaskTest.java",

        "src/test/java/io/github/sunthemoon/advancedrocketrycommunity/atmosphere/vent/OxygenVentPersistenceTest.java",

        "src/test/java/io/github/sunthemoon/advancedrocketrycommunity/celestial/CelestialCatalogDecoderTest.java",

        "src/test/java/io/github/sunthemoon/advancedrocketrycommunity/celestial/CelestialCatalogTest.java",

        "src/test/java/io/github/sunthemoon/advancedrocketrycommunity/celestial/CelestialDefinitionCodecTest.java",

        "src/test/java/io/github/sunthemoon/advancedrocketrycommunity/celestial/CelestialSavedDataTest.java",

        "src/test/java/io/github/sunthemoon/advancedrocketrycommunity/celestial/CelestialSchemaV2Test.java",

        "src/test/java/io/github/sunthemoon/advancedrocketrycommunity/celestial/CelestialSnapshotTest.java",

        "src/test/java/io/github/sunthemoon/advancedrocketrycommunity/celestial/CelestialSnapshotV2Test.java",

        "src/test/java/io/github/sunthemoon/advancedrocketrycommunity/celestial/PlanetaryContentTest.java",

        "src/test/java/io/github/sunthemoon/advancedrocketrycommunity/celestial/PlanetaryDiscoveryTest.java",

        "src/test/java/io/github/sunthemoon/advancedrocketrycommunity/celestial/StarSystemContentTest.java",

        "src/test/java/io/github/sunthemoon/advancedrocketrycommunity/celestial/binding/PlanetaryBindingsTest.java",

        "src/test/java/io/github/sunthemoon/advancedrocketrycommunity/celestial/context/BodyContextResolverTest.java",

        "src/test/java/io/github/sunthemoon/advancedrocketrycommunity/celestial/data/BoundedDefinitionJsonTest.java",

        "src/test/java/io/github/sunthemoon/advancedrocketrycommunity/celestial/data/PlanetaryReloadTest.java",

        "src/test/java/io/github/sunthemoon/advancedrocketrycommunity/celestial/environment/EnvironmentalDefinitionTest.java",

        "src/test/java/io/github/sunthemoon/advancedrocketrycommunity/celestial/environment/EnvironmentalExposureTest.java",

        "src/test/java/io/github/sunthemoon/advancedrocketrycommunity/celestial/exoplanet/V180ExoplanetResourcesTest.java",

        "src/test/java/io/github/sunthemoon/advancedrocketrycommunity/celestial/exoplanet/worldgen/ExoplanetShapesTest.java",

        "src/test/java/io/github/sunthemoon/advancedrocketrycommunity/celestial/exoplanet/worldgen/LandingGroundTest.java",

        "src/test/java/io/github/sunthemoon/advancedrocketrycommunity/celestial/legacy/LegacyCelestialImporterTest.java",

        "src/test/java/io/github/sunthemoon/advancedrocketrycommunity/celestial/network/StationSkyContextPacketTest.java",

        "src/test/java/io/github/sunthemoon/advancedrocketrycommunity/celestial/service/CelestialGravityControllerTest.java",

        "src/test/java/io/github/sunthemoon/advancedrocketrycommunity/celestial/surface/V180PlanetResourcesTest.java",

        "src/test/java/io/github/sunthemoon/advancedrocketrycommunity/celestial/surface/worldgen/PatchBiomeSourceTestSupport.java",

        "src/test/java/io/github/sunthemoon/advancedrocketrycommunity/celestial/surface/worldgen/SurfaceShapesTest.java",

        "src/test/java/io/github/sunthemoon/advancedrocketrycommunity/celestial/visual/AmbientControllerTest.java",

        "src/test/java/io/github/sunthemoon/advancedrocketrycommunity/celestial/visual/OrbitalSkyTest.java",

        "src/test/java/io/github/sunthemoon/advancedrocketrycommunity/celestial/visual/SkyMathTest.java",

        "src/test/java/io/github/sunthemoon/advancedrocketrycommunity/celestial/visual/SkyProfileTest.java",

        "src/test/java/io/github/sunthemoon/advancedrocketrycommunity/celestial/visual/SkyResourcesTest.java",

        "src/test/java/io/github/sunthemoon/advancedrocketrycommunity/celestial/visual/SkySelectionTest.java"

      ],

      "cwd": "D:\\GitHub\\AdvancedRocketry-Community",

      "started_utc": "2026-10-04T05:00:40.772164+00:00",

      "exit": 0,

      "log": "phase-commit01-19.log",

      "log_sha256": "e3b0c44298fc1c149afbf4c8996fb92427ae41e4649b934ca495991b7852b855"

    },

    {

      "command": [

        "git",

        "-c",

        "core.autocrlf=false",

        "add",

        "--",

        "src/test/java/io/github/sunthemoon/advancedrocketrycommunity/classiccomponent/MotorArtTest.java",

        "src/test/java/io/github/sunthemoon/advancedrocketrycommunity/classiccomponent/MotorDataFilesTest.java",

        "src/test/java/io/github/sunthemoon/advancedrocketrycommunity/classiccomponent/MotorDefinitionTest.java",

        "src/test/java/io/github/sunthemoon/advancedrocketrycommunity/classiccomponent/MotorLanguageResourcesTest.java",

        "src/test/java/io/github/sunthemoon/advancedrocketrycommunity/client/RocketFlightScreenLayoutTest.java",

        "src/test/java/io/github/sunthemoon/advancedrocketrycommunity/client/compat/jei/MachineRecipeViewTest.java",

        "src/test/java/io/github/sunthemoon/advancedrocketrycommunity/client/compat/jei/SmallPlatePressViewTest.java",

        "src/test/java/io/github/sunthemoon/advancedrocketrycommunity/client/exoplanet/FlashCooldownTest.java",

        "src/test/java/io/github/sunthemoon/advancedrocketrycommunity/client/sky/PlanetaryEffectsTest.java",

        "src/test/java/io/github/sunthemoon/advancedrocketrycommunity/client/sky/SkyProfileReloadTest.java",

        "src/test/java/io/github/sunthemoon/advancedrocketrycommunity/client/sky/SkyRenderStateTest.java",

        "src/test/java/io/github/sunthemoon/advancedrocketrycommunity/client/starmap/StarMapLayoutTest.java",

        "src/test/java/io/github/sunthemoon/advancedrocketrycommunity/compat/atmosphere/AtmosphereBoundaryRegistryTest.java",

        "src/test/java/io/github/sunthemoon/advancedrocketrycommunity/compat/atmosphere/SuitEquipmentRegistryTest.java",

        "src/test/java/io/github/sunthemoon/advancedrocketrycommunity/compat/atmosphere/SuitOxygenAccessTest.java",

        "src/test/java/io/github/sunthemoon/advancedrocketrycommunity/compat/environment/ServerEnvironmentQueriesTest.java",

        "src/test/java/io/github/sunthemoon/advancedrocketrycommunity/compat/rocket/ExternalRocketBlockEntityAdapterBudgetTest.java",

        "src/test/java/io/github/sunthemoon/advancedrocketrycommunity/compat/rocket/RocketAdapterPayloadsTest.java",

        "src/test/java/io/github/sunthemoon/advancedrocketrycommunity/compat/rocket/RocketAdapterRegistryTest.java",

        "src/test/java/io/github/sunthemoon/advancedrocketrycommunity/compat/rocket/component/RocketComponentRegistryTest.java",

        "src/test/java/io/github/sunthemoon/advancedrocketrycommunity/compat/rocket/fuel/RocketFuelRegistryTest.java",

        "src/test/java/io/github/sunthemoon/advancedrocketrycommunity/compat/satellite/SatellitePayloadRegistryTest.java",

        "src/test/java/io/github/sunthemoon/advancedrocketrycommunity/config/ClientConfigTest.java",

        "src/test/java/io/github/sunthemoon/advancedrocketrycommunity/config/CommonConfigTest.java",

        "src/test/java/io/github/sunthemoon/advancedrocketrycommunity/config/CommonConfigWiringTest.java",

        "src/test/java/io/github/sunthemoon/advancedrocketrycommunity/config/SwitchOverridesTest.java",

        "src/test/java/io/github/sunthemoon/advancedrocketrycommunity/datagen/V180ExoplanetArtTest.java",

        "src/test/java/io/github/sunthemoon/advancedrocketrycommunity/datagen/V180MaterialArtTest.java",

        "src/test/java/io/github/sunthemoon/advancedrocketrycommunity/datagen/V180RecipeMenuLanguageTest.java",

        "src/test/java/io/github/sunthemoon/advancedrocketrycommunity/datagen/V180SurfaceArtTest.java",

        "src/test/java/io/github/sunthemoon/advancedrocketrycommunity/diagnostics/BetaOperationalReportTest.java",

        "src/test/java/io/github/sunthemoon/advancedrocketrycommunity/endgame/audit/EndgameAuditTest.java",

        "src/test/java/io/github/sunthemoon/advancedrocketrycommunity/endgame/authority/EndgameAuthorityTest.java",

        "src/test/java/io/github/sunthemoon/advancedrocketrycommunity/endgame/blackhole/BlackHoleTest.java",

        "src/test/java/io/github/sunthemoon/advancedrocketrycommunity/endgame/command/EndgameReleaseTestCommandsTest.java",

        "src/test/java/io/github/sunthemoon/advancedrocketrycommunity/endgame/device/EndgameDeviceRuntimeTest.java",

        "src/test/java/io/github/sunthemoon/advancedrocketrycommunity/endgame/device/EndgameDevicesPatternCacheTest.java",

        "src/test/java/io/github/sunthemoon/advancedrocketrycommunity/endgame/elevator/ElevatorTest.java",

        "src/test/java/io/github/sunthemoon/advancedrocketrycommunity/endgame/gravity/GravityFieldTest.java",

        "src/test/java/io/github/sunthemoon/advancedrocketrycommunity/endgame/intent/EndgameIntentRulesTest.java",

        "src/test/java/io/github/sunthemoon/advancedrocketrycommunity/endgame/laser/LaserDrawTest.java",

        "src/test/java/io/github/sunthemoon/advancedrocketrycommunity/endgame/laser/LaserDrillOperationTest.java",

        "src/test/java/io/github/sunthemoon/advancedrocketrycommunity/endgame/laser/LaserDrillTableCodecTest.java",

        "src/test/java/io/github/sunthemoon/advancedrocketrycommunity/endgame/laser/LaserDrillTablesTest.java",

        "src/test/java/io/github/sunthemoon/advancedrocketrycommunity/endgame/laser/LaserLinkCountersTest.java",

        "src/test/java/io/github/sunthemoon/advancedrocketrycommunity/endgame/laser/LaserLinkTest.java",

        "src/test/java/io/github/sunthemoon/advancedrocketrycommunity/endgame/laser/LaserShaftTest.java",

        "src/test/java/io/github/sunthemoon/advancedrocketrycommunity/endgame/model/EndgameModelTest.java",

        "src/test/java/io/github/sunthemoon/advancedrocketrycommunity/endgame/network/EndgameDeviceViewTest.java",

        "src/test/java/io/github/sunthemoon/advancedrocketrycommunity/endgame/protection/EndgameProtectionTest.java",

        "src/test/java/io/github/sunthemoon/advancedrocketrycommunity/endgame/protection/ProtectedZoneTest.java",

        "src/test/java/io/github/sunthemoon/advancedrocketrycommunity/endgame/railgun/RailgunTest.java",

        "src/test/java/io/github/sunthemoon/advancedrocketrycommunity/endgame/root/EndgameRootCodecTest.java",

        "src/test/java/io/github/sunthemoon/advancedrocketrycommunity/endgame/root/EndgameRootTest.java",

        "src/test/java/io/github/sunthemoon/advancedrocketrycommunity/endgame/service/BarrierSpacingTest.java",

        "src/test/java/io/github/sunthemoon/advancedrocketrycommunity/endgame/service/ElevatorGuardTest.java",

        "src/test/java/io/github/sunthemoon/advancedrocketrycommunity/endgame/service/EndgameServiceTest.java",

        "src/test/java/io/github/sunthemoon/advancedrocketrycommunity/endgame/service/EndgameTimingsTest.java",

        "src/test/java/io/github/sunthemoon/advancedrocketrycommunity/endgame/service/TransitLedgerTest.java",

        "src/test/java/io/github/sunthemoon/advancedrocketrycommunity/endgame/service/TransitOperationsTest.java",

        "src/test/java/io/github/sunthemoon/advancedrocketrycommunity/endgame/transit/TransitCodecTest.java",

        "src/test/java/io/github/sunthemoon/advancedrocketrycommunity/endgame/transit/TransitDeliveryModel.java",

        "src/test/java/io/github/sunthemoon/advancedrocketrycommunity/endgame/transit/TransitEndpointStateTest.java",

        "src/test/java/io/github/sunthemoon/advancedrocketrycommunity/endgame/transit/TransitModelTest.java",

        "src/test/java/io/github/sunthemoon/advancedrocketrycommunity/endgame/transit/TransitRedirectModel.java",

        "src/test/java/io/github/sunthemoon/advancedrocketrycommunity/endgame/transit/TransitSourceModel.java",

        "src/test/java/io/github/sunthemoon/advancedrocketrycommunity/endgame/transit/TransitTableIndexTest.java",

        "src/test/java/io/github/sunthemoon/advancedrocketrycommunity/fluid/CanisterStackSwapTest.java",

        "src/test/java/io/github/sunthemoon/advancedrocketrycommunity/fluid/CanisterSwapPlannerTest.java",

        "src/test/java/io/github/sunthemoon/advancedrocketrycommunity/fluid/GasCanisterHandlerTest.java",

        "src/test/java/io/github/sunthemoon/advancedrocketrycommunity/fluid/V180FluidResourcesTest.java",

        "src/test/java/io/github/sunthemoon/advancedrocketrycommunity/machine/classic/adapter/ClassicNativeEntryCapacityTest.java",

        "src/test/java/io/github/sunthemoon/advancedrocketrycommunity/machine/classic/adapter/ClassicNativeValuesTest.java",

        "src/test/java/io/github/sunthemoon/advancedrocketrycommunity/machine/classic/adapter/ClassicNbtKeyOrderTest.java",

        "src/test/java/io/github/sunthemoon/advancedrocketrycommunity/machine/classic/adapter/ClassicNbtShapeTest.java",

        "src/test/java/io/github/sunthemoon/advancedrocketrycommunity/machine/classic/adapter/ClassicRootBundleTest.java",

        "src/test/java/io/github/sunthemoon/advancedrocketrycommunity/machine/classic/adapter/ClassicValuesTest.java",

        "src/test/java/io/github/sunthemoon/advancedrocketrycommunity/machine/classic/resource/ClassicBankKeyTest.java",

        "src/test/java/io/github/sunthemoon/advancedrocketrycommunity/machine/classic/resource/ClassicBankTransfersTest.java",

        "src/test/java/io/github/sunthemoon/advancedrocketrycommunity/machine/classic/resource/ClassicItemCountTest.java"

      ],

      "cwd": "D:\\GitHub\\AdvancedRocketry-Community",

      "started_utc": "2026-10-04T05:00:40.883622+00:00",

      "exit": 0,

      "log": "phase-commit01-20.log",

      "log_sha256": "e3b0c44298fc1c149afbf4c8996fb92427ae41e4649b934ca495991b7852b855"

    },

    {

      "command": [

        "git",

        "-c",

        "core.autocrlf=false",

        "add",

        "--",

        "src/test/java/io/github/sunthemoon/advancedrocketrycommunity/machine/classic/resource/ClassicResourceBankTest.java",

        "src/test/java/io/github/sunthemoon/advancedrocketrycommunity/machine/classic/resource/ClassicResourcesCodecTest.java",

        "src/test/java/io/github/sunthemoon/advancedrocketrycommunity/machine/classic/resource/ClassicResourcesTest.java",

        "src/test/java/io/github/sunthemoon/advancedrocketrycommunity/machine/combustion/CombustionBurnTest.java",

        "src/test/java/io/github/sunthemoon/advancedrocketrycommunity/machine/combustion/CombustionMenuWireTest.java",

        "src/test/java/io/github/sunthemoon/advancedrocketrycommunity/machine/combustion/CombustionSaveTest.java",

        "src/test/java/io/github/sunthemoon/advancedrocketrycommunity/machine/combustion/V180CombustionResourcesTest.java",

        "src/test/java/io/github/sunthemoon/advancedrocketrycommunity/machine/electrolyzer/ElectrolyzerKernelParityTest.java",

        "src/test/java/io/github/sunthemoon/advancedrocketrycommunity/machine/electrolyzer/ElectrolyzerMaterialLedgerTest.java",

        "src/test/java/io/github/sunthemoon/advancedrocketrycommunity/machine/electrolyzer/ElectrolyzerMenuDataTest.java",

        "src/test/java/io/github/sunthemoon/advancedrocketrycommunity/machine/electrolyzer/ElectrolyzerMenuReasonTest.java",

        "src/test/java/io/github/sunthemoon/advancedrocketrycommunity/machine/electrolyzer/ElectrolyzerMigrationTest.java",

        "src/test/java/io/github/sunthemoon/advancedrocketrycommunity/machine/electrolyzer/ElectrolyzerPersistenceTest.java",

        "src/test/java/io/github/sunthemoon/advancedrocketrycommunity/machine/electrolyzer/ElectrolyzerPortPolicyTest.java",

        "src/test/java/io/github/sunthemoon/advancedrocketrycommunity/machine/electrolyzer/ElectrolyzerProcessEngineTest.java",

        "src/test/java/io/github/sunthemoon/advancedrocketrycommunity/machine/electrolyzer/ElectrolyzerRecipeContractTest.java",

        "src/test/java/io/github/sunthemoon/advancedrocketrycommunity/machine/electrolyzer/ElectrolyzerRecipeSpecTest.java",

        "src/test/java/io/github/sunthemoon/advancedrocketrycommunity/machine/electrolyzer/ElectrolyzerSignatureBoundsTest.java",

        "src/test/java/io/github/sunthemoon/advancedrocketrycommunity/machine/menu/MachineMenuNetworkTest.java",

        "src/test/java/io/github/sunthemoon/advancedrocketrycommunity/machine/menu/MachineMenuOpeningTest.java",

        "src/test/java/io/github/sunthemoon/advancedrocketrycommunity/machine/menu/RecipeMenuReasonTest.java",

        "src/test/java/io/github/sunthemoon/advancedrocketrycommunity/machine/multiblock/lifecycle/MultiblockDirtyQueueTest.java",

        "src/test/java/io/github/sunthemoon/advancedrocketrycommunity/machine/multiblock/lifecycle/MultiblockFootprintIndexTest.java",

        "src/test/java/io/github/sunthemoon/advancedrocketrycommunity/machine/multiblock/lifecycle/MultiblockLifecycleCoordinatorTest.java",

        "src/test/java/io/github/sunthemoon/advancedrocketrycommunity/machine/multiblock/lifecycle/PartBindingVerifierTest.java",

        "src/test/java/io/github/sunthemoon/advancedrocketrycommunity/machine/multiblock/lifecycle/forge/LoadedPartBindingGatewayTest.java",

        "src/test/java/io/github/sunthemoon/advancedrocketrycommunity/machine/multiblock/lifecycle/persistence/MultiblockNbtCodecTest.java",

        "src/test/java/io/github/sunthemoon/advancedrocketrycommunity/machine/multiblock/pattern/MultiblockPatternCatalogDecoderTest.java",

        "src/test/java/io/github/sunthemoon/advancedrocketrycommunity/machine/multiblock/pattern/MultiblockPatternJsonCodecTest.java",

        "src/test/java/io/github/sunthemoon/advancedrocketrycommunity/machine/multiblock/pattern/MultiblockPatternValidatorTest.java",

        "src/test/java/io/github/sunthemoon/advancedrocketrycommunity/machine/multiblock/pattern/PatternTransformTest.java",

        "src/test/java/io/github/sunthemoon/advancedrocketrycommunity/machine/multiblock/pattern/forge/PatternBlockCacheTest.java",

        "src/test/java/io/github/sunthemoon/advancedrocketrycommunity/machine/multiblock/pattern/service/MultiblockPatternCatalogManagerTest.java",

        "src/test/java/io/github/sunthemoon/advancedrocketrycommunity/machine/port/ProcessPortPolicyTest.java",

        "src/test/java/io/github/sunthemoon/advancedrocketrycommunity/machine/port/forge/ProcessForgePortAdapterTest.java",

        "src/test/java/io/github/sunthemoon/advancedrocketrycommunity/machine/precision/PrecisionAssemblerMenuWireTest.java",

        "src/test/java/io/github/sunthemoon/advancedrocketrycommunity/machine/precision/PrecisionAssemblerPatternTest.java",

        "src/test/java/io/github/sunthemoon/advancedrocketrycommunity/machine/precision/PrecisionAssemblerPersistedChunkReaderTest.java",

        "src/test/java/io/github/sunthemoon/advancedrocketrycommunity/machine/precision/PrecisionAssemblerPortMigrationPersistenceTest.java",

        "src/test/java/io/github/sunthemoon/advancedrocketrycommunity/machine/precision/PrecisionAssemblerPortPersistenceTest.java",

        "src/test/java/io/github/sunthemoon/advancedrocketrycommunity/machine/precision/PrecisionAssemblerPortStorageTest.java",

        "src/test/java/io/github/sunthemoon/advancedrocketrycommunity/machine/precision/PrecisionAssemblerRecipeTest.java",

        "src/test/java/io/github/sunthemoon/advancedrocketrycommunity/machine/precision/PrecisionAssemblerResourcePersistenceTest.java",

        "src/test/java/io/github/sunthemoon/advancedrocketrycommunity/machine/precision/PrecisionSignatureStateTest.java",

        "src/test/java/io/github/sunthemoon/advancedrocketrycommunity/machine/precision/PrecisionTagBudgetTest.java",

        "src/test/java/io/github/sunthemoon/advancedrocketrycommunity/machine/process/ProcessDefinitionTest.java",

        "src/test/java/io/github/sunthemoon/advancedrocketrycommunity/machine/process/ProcessMachineLogicTest.java",

        "src/test/java/io/github/sunthemoon/advancedrocketrycommunity/machine/process/ProcessTransactionExecutorTest.java",

        "src/test/java/io/github/sunthemoon/advancedrocketrycommunity/machine/pump/PumpBudgetTest.java",

        "src/test/java/io/github/sunthemoon/advancedrocketrycommunity/machine/pump/PumpProtectionChecksTest.java",

        "src/test/java/io/github/sunthemoon/advancedrocketrycommunity/machine/pump/PumpReleaseTestCommandsTest.java",

        "src/test/java/io/github/sunthemoon/advancedrocketrycommunity/machine/pump/PumpResourcesTest.java",

        "src/test/java/io/github/sunthemoon/advancedrocketrycommunity/machine/pump/PumpSaveTest.java",

        "src/test/java/io/github/sunthemoon/advancedrocketrycommunity/machine/pump/PumpSearchTest.java",

        "src/test/java/io/github/sunthemoon/advancedrocketrycommunity/machine/recipe/BoundedItemIngredientCodecTest.java",

        "src/test/java/io/github/sunthemoon/advancedrocketrycommunity/machine/recipe/DeferredRecipeTagTest.java",

        "src/test/java/io/github/sunthemoon/advancedrocketrycommunity/machine/recipe/RecipeJsonSignatureTest.java",

        "src/test/java/io/github/sunthemoon/advancedrocketrycommunity/machine/recipe/RecipeSignatureMigrationTest.java",

        "src/test/java/io/github/sunthemoon/advancedrocketrycommunity/machine/recipe/RecipeSignatureProtectionTest.java",

        "src/test/java/io/github/sunthemoon/advancedrocketrycommunity/machine/recipe/RecipeSignatureReleaseTestCommandsTest.java",

        "src/test/java/io/github/sunthemoon/advancedrocketrycommunity/machine/recipe/RetainedRecipePlanTest.java",

        "src/test/java/io/github/sunthemoon/advancedrocketrycommunity/machine/rolling/RollingMachineMenuWireTest.java",

        "src/test/java/io/github/sunthemoon/advancedrocketrycommunity/machine/rolling/RollingMachinePortPersistenceTest.java",

        "src/test/java/io/github/sunthemoon/advancedrocketrycommunity/machine/rolling/RollingMachineProcessPersistenceTest.java",

        "src/test/java/io/github/sunthemoon/advancedrocketrycommunity/machine/rolling/RollingMachineRecipeTest.java",

        "src/test/java/io/github/sunthemoon/advancedrocketrycommunity/machine/rolling/RollingMachineTransformsTest.java",

        "src/test/java/io/github/sunthemoon/advancedrocketrycommunity/machine/rolling/RollingSignatureStateTest.java",

        "src/test/java/io/github/sunthemoon/advancedrocketrycommunity/machine/tank/TankCapacityTest.java",

        "src/test/java/io/github/sunthemoon/advancedrocketrycommunity/machine/tank/TankContainerExchangeTest.java",

        "src/test/java/io/github/sunthemoon/advancedrocketrycommunity/machine/tank/TankDataTest.java",

        "src/test/java/io/github/sunthemoon/advancedrocketrycommunity/machine/tank/TankItemRootTest.java",

        "src/test/java/io/github/sunthemoon/advancedrocketrycommunity/machine/tank/TankSaveTest.java",

        "src/test/java/io/github/sunthemoon/advancedrocketrycommunity/machine/tank/TankTransferQueueTest.java",

        "src/test/java/io/github/sunthemoon/advancedrocketrycommunity/material/MaterialCatalogTest.java",

        "src/test/java/io/github/sunthemoon/advancedrocketrycommunity/material/SmallPlatePressCraftingResourcesTest.java",

        "src/test/java/io/github/sunthemoon/advancedrocketrycommunity/material/V180KernelRecipeResourcesTest.java",

        "src/test/java/io/github/sunthemoon/advancedrocketrycommunity/material/V180MaterialResourcesTest.java",

        "src/test/java/io/github/sunthemoon/advancedrocketrycommunity/material/press/SmallPlatePressRecipeSerializerTest.java",

        "src/test/java/io/github/sunthemoon/advancedrocketrycommunity/material/press/SmallPlatePressRecipeTest.java",

        "src/test/java/io/github/sunthemoon/advancedrocketrycommunity/material/worldgen/SwitchPlacementTest.java"

      ],

      "cwd": "D:\\GitHub\\AdvancedRocketry-Community",

      "started_utc": "2026-10-04T05:00:41.035633+00:00",

      "exit": 0,

      "log": "phase-commit01-21.log",

      "log_sha256": "e3b0c44298fc1c149afbf4c8996fb92427ae41e4649b934ca495991b7852b855"

    },

    {

      "command": [

        "git",

        "-c",

        "core.autocrlf=false",

        "add",

        "--",

        "src/test/java/io/github/sunthemoon/advancedrocketrycommunity/network/NetworkProtocolPinTest.java",

        "src/test/java/io/github/sunthemoon/advancedrocketrycommunity/persistence/BoundedNbtTest.java",

        "src/test/java/io/github/sunthemoon/advancedrocketrycommunity/persistence/ChunkSaveDenialsTest.java",

        "src/test/java/io/github/sunthemoon/advancedrocketrycommunity/persistence/migration/AtomicSavedDataTest.java",

        "src/test/java/io/github/sunthemoon/advancedrocketrycommunity/persistence/migration/BoundedSavedDataIoCapacityTest.java",

        "src/test/java/io/github/sunthemoon/advancedrocketrycommunity/persistence/migration/ManagedSavedDataLoaderMigrationTest.java",

        "src/test/java/io/github/sunthemoon/advancedrocketrycommunity/persistence/migration/PopulatedManagedDataFixture.java",

        "src/test/java/io/github/sunthemoon/advancedrocketrycommunity/persistence/migration/PopulatedWorldDataPreservationTest.java",

        "src/test/java/io/github/sunthemoon/advancedrocketrycommunity/persistence/migration/SavedDataSchemaMigratorTest.java",

        "src/test/java/io/github/sunthemoon/advancedrocketrycommunity/persistence/migration/StationWorldMigrationTest.java",

        "src/test/java/io/github/sunthemoon/advancedrocketrycommunity/persistence/migration/WorldDataMigrationServiceTest.java",

        "src/test/java/io/github/sunthemoon/advancedrocketrycommunity/progression/ResearchAccountTest.java",

        "src/test/java/io/github/sunthemoon/advancedrocketrycommunity/rocket/flight/PlanetaryFlightAdmissionTest.java",

        "src/test/java/io/github/sunthemoon/advancedrocketrycommunity/rocket/flight/RocketFlightDataTest.java",

        "src/test/java/io/github/sunthemoon/advancedrocketrycommunity/rocket/flight/RocketFlightLimitsTest.java",

        "src/test/java/io/github/sunthemoon/advancedrocketrycommunity/rocket/flight/RocketFlightPlannerTest.java",

        "src/test/java/io/github/sunthemoon/advancedrocketrycommunity/rocket/flight/RocketFlightStateMachineTest.java",

        "src/test/java/io/github/sunthemoon/advancedrocketrycommunity/rocket/flight/RocketFuelStateTest.java",

        "src/test/java/io/github/sunthemoon/advancedrocketrycommunity/rocket/flight/RocketPassengerManifestTest.java",

        "src/test/java/io/github/sunthemoon/advancedrocketrycommunity/rocket/flight/RocketPassengerPositionTest.java",

        "src/test/java/io/github/sunthemoon/advancedrocketrycommunity/rocket/flight/RocketPassengerReconnectQueueTest.java",

        "src/test/java/io/github/sunthemoon/advancedrocketrycommunity/rocket/flight/RocketTargetFlightPlannerTest.java",

        "src/test/java/io/github/sunthemoon/advancedrocketrycommunity/rocket/flight/RocketTransferAuthorityOrderTest.java",

        "src/test/java/io/github/sunthemoon/advancedrocketrycommunity/rocket/flight/RocketTransferRecordTest.java",

        "src/test/java/io/github/sunthemoon/advancedrocketrycommunity/rocket/flight/RocketTransferRecoveryDecisionTest.java",

        "src/test/java/io/github/sunthemoon/advancedrocketrycommunity/rocket/flight/persistence/RocketFlightNbtCodecTest.java",

        "src/test/java/io/github/sunthemoon/advancedrocketrycommunity/rocket/flight/persistence/RocketTransferSavedDataTest.java",

        "src/test/java/io/github/sunthemoon/advancedrocketrycommunity/rocket/fuel/FuelLoaderPersistenceTest.java",

        "src/test/java/io/github/sunthemoon/advancedrocketrycommunity/rocket/fuel/FuelLoaderStorageTest.java",

        "src/test/java/io/github/sunthemoon/advancedrocketrycommunity/rocket/menu/RocketFlightQuotesTest.java",

        "src/test/java/io/github/sunthemoon/advancedrocketrycommunity/rocket/menu/RocketFlightSelectionTest.java",

        "src/test/java/io/github/sunthemoon/advancedrocketrycommunity/rocket/menu/RocketNavigationTest.java",

        "src/test/java/io/github/sunthemoon/advancedrocketrycommunity/rocket/model/RocketBoundsTest.java",

        "src/test/java/io/github/sunthemoon/advancedrocketrycommunity/rocket/model/RocketStructureSnapshotTest.java",

        "src/test/java/io/github/sunthemoon/advancedrocketrycommunity/rocket/network/RocketFlightIntentPacketTest.java",

        "src/test/java/io/github/sunthemoon/advancedrocketrycommunity/rocket/network/RocketFlightPlanPacketTest.java",

        "src/test/java/io/github/sunthemoon/advancedrocketrycommunity/rocket/network/RocketVisualClientCacheTest.java",

        "src/test/java/io/github/sunthemoon/advancedrocketrycommunity/rocket/network/RocketVisualSnapshotCodecTest.java",

        "src/test/java/io/github/sunthemoon/advancedrocketrycommunity/rocket/persistence/RocketSnapshotNbtCodecTest.java",

        "src/test/java/io/github/sunthemoon/advancedrocketrycommunity/rocket/persistence/RocketTransactionSavedDataTest.java",

        "src/test/java/io/github/sunthemoon/advancedrocketrycommunity/rocket/scan/RocketStructureScanTaskTest.java",

        "src/test/java/io/github/sunthemoon/advancedrocketrycommunity/rocket/server/RocketBlockRecoveryTest.java",

        "src/test/java/io/github/sunthemoon/advancedrocketrycommunity/rocket/server/RocketCatalogRefreshLimiterTest.java",

        "src/test/java/io/github/sunthemoon/advancedrocketrycommunity/rocket/server/RocketDisassemblyConfirmationsTest.java",

        "src/test/java/io/github/sunthemoon/advancedrocketrycommunity/rocket/server/RocketDisassemblyLanguageTest.java",

        "src/test/java/io/github/sunthemoon/advancedrocketrycommunity/rocket/server/RocketFlightReleaseCheckpointTest.java",

        "src/test/java/io/github/sunthemoon/advancedrocketrycommunity/rocket/server/RocketIntentRateLimiterTest.java",

        "src/test/java/io/github/sunthemoon/advancedrocketrycommunity/rocket/server/RocketMaintenanceStructureTest.java",

        "src/test/java/io/github/sunthemoon/advancedrocketrycommunity/rocket/server/RocketStationMotionRuleTest.java",

        "src/test/java/io/github/sunthemoon/advancedrocketrycommunity/rocket/server/RocketTransactionRecoveryReadinessTest.java",

        "src/test/java/io/github/sunthemoon/advancedrocketrycommunity/rocket/server/RocketTransactionReleaseProbeTest.java",

        "src/test/java/io/github/sunthemoon/advancedrocketrycommunity/rocket/server/RocketTransferJournalCapacityTest.java",

        "src/test/java/io/github/sunthemoon/advancedrocketrycommunity/rocket/server/RocketTransferRecoveryLogTest.java",

        "src/test/java/io/github/sunthemoon/advancedrocketrycommunity/rocket/server/RocketTransferRecoverySelectionTest.java",

        "src/test/java/io/github/sunthemoon/advancedrocketrycommunity/rocket/server/RocketTransferReturnReasonTest.java",

        "src/test/java/io/github/sunthemoon/advancedrocketrycommunity/rocket/stats/RocketStatsCalculatorTest.java",

        "src/test/java/io/github/sunthemoon/advancedrocketrycommunity/rocket/transaction/RocketRecoveryDecisionTest.java",

        "src/test/java/io/github/sunthemoon/advancedrocketrycommunity/rocket/transaction/RocketTransactionCheckpointTest.java",

        "src/test/java/io/github/sunthemoon/advancedrocketrycommunity/rocket/transaction/RocketTransactionExceptionTest.java",

        "src/test/java/io/github/sunthemoon/advancedrocketrycommunity/rocket/transaction/RocketTransactionsTest.java",

        "src/test/java/io/github/sunthemoon/advancedrocketrycommunity/rocket/validation/RocketStatsValidatorTest.java",

        "src/test/java/io/github/sunthemoon/advancedrocketrycommunity/satellite/SatelliteCatalogDecoderTest.java",

        "src/test/java/io/github/sunthemoon/advancedrocketrycommunity/satellite/component/GeneratedSatelliteContentTest.java",

        "src/test/java/io/github/sunthemoon/advancedrocketrycommunity/satellite/component/SatelliteBlueprintsTest.java",

        "src/test/java/io/github/sunthemoon/advancedrocketrycommunity/satellite/component/SatelliteComponentDefinitionTest.java",

        "src/test/java/io/github/sunthemoon/advancedrocketrycommunity/satellite/content/SatelliteItemDataSchemaTwoTest.java",

        "src/test/java/io/github/sunthemoon/advancedrocketrycommunity/satellite/content/SatelliteItemDataTest.java",

        "src/test/java/io/github/sunthemoon/advancedrocketrycommunity/satellite/mission/AccountRecoveryTest.java",

        "src/test/java/io/github/sunthemoon/advancedrocketrycommunity/satellite/mission/DeliveryReconciliationTest.java",

        "src/test/java/io/github/sunthemoon/advancedrocketrycommunity/satellite/mission/MissionDeadlineSchedulerTest.java",

        "src/test/java/io/github/sunthemoon/advancedrocketrycommunity/satellite/mission/MissionStateTest.java",

        "src/test/java/io/github/sunthemoon/advancedrocketrycommunity/satellite/mission/MonotonicMissionClockTest.java",

        "src/test/java/io/github/sunthemoon/advancedrocketrycommunity/satellite/mission/QueueBoundsTest.java",

        "src/test/java/io/github/sunthemoon/advancedrocketrycommunity/satellite/mission/RegistryLifecycleTest.java",

        "src/test/java/io/github/sunthemoon/advancedrocketrycommunity/satellite/mission/ResourceMissionsTest.java",

        "src/test/java/io/github/sunthemoon/advancedrocketrycommunity/satellite/mission/SatelliteLifecycleRegistryTest.java",

        "src/test/java/io/github/sunthemoon/advancedrocketrycommunity/satellite/mission/SatelliteMissionRegistryTest.java",

        "src/test/java/io/github/sunthemoon/advancedrocketrycommunity/satellite/mission/SatelliteScanAndLinkRegistryTest.java",

        "src/test/java/io/github/sunthemoon/advancedrocketrycommunity/satellite/model/SatelliteKindDefinitionTest.java",

        "src/test/java/io/github/sunthemoon/advancedrocketrycommunity/satellite/model/SatelliteStateTest.java"

      ],

      "cwd": "D:\\GitHub\\AdvancedRocketry-Community",

      "started_utc": "2026-10-04T05:00:41.250516+00:00",

      "exit": 0,

      "log": "phase-commit01-22.log",

      "log_sha256": "e3b0c44298fc1c149afbf4c8996fb92427ae41e4649b934ca495991b7852b855"

    },

    {

      "command": [

        "git",

        "-c",

        "core.autocrlf=false",

        "add",

        "--",

        "src/test/java/io/github/sunthemoon/advancedrocketrycommunity/satellite/network/SatelliteTerminalViewPacketTest.java",

        "src/test/java/io/github/sunthemoon/advancedrocketrycommunity/satellite/network/SurveyScanResultPacketTest.java",

        "src/test/java/io/github/sunthemoon/advancedrocketrycommunity/satellite/persistence/SatelliteAccountRecoveryTest.java",

        "src/test/java/io/github/sunthemoon/advancedrocketrycommunity/satellite/persistence/SatelliteMissionSavedDataTest.java",

        "src/test/java/io/github/sunthemoon/advancedrocketrycommunity/satellite/persistence/SatelliteRootThreeTest.java",

        "src/test/java/io/github/sunthemoon/advancedrocketrycommunity/satellite/persistence/SatelliteWritePolicyTest.java",

        "src/test/java/io/github/sunthemoon/advancedrocketrycommunity/satellite/resource/ResourceAlgorithmsTest.java",

        "src/test/java/io/github/sunthemoon/advancedrocketrycommunity/satellite/resource/ResourceTablesTest.java",

        "src/test/java/io/github/sunthemoon/advancedrocketrycommunity/satellite/resource/RewardVerifierTest.java",

        "src/test/java/io/github/sunthemoon/advancedrocketrycommunity/satellite/scan/SurveyScanJobTest.java",

        "src/test/java/io/github/sunthemoon/advancedrocketrycommunity/satellite/service/DeliveryRuntimeTest.java",

        "src/test/java/io/github/sunthemoon/advancedrocketrycommunity/satellite/service/DiscoveryClaimRecoveryTest.java",

        "src/test/java/io/github/sunthemoon/advancedrocketrycommunity/satellite/service/DiscoveryReplayQueueTest.java",

        "src/test/java/io/github/sunthemoon/advancedrocketrycommunity/satellite/service/IntentRateLimiterTest.java",

        "src/test/java/io/github/sunthemoon/advancedrocketrycommunity/satellite/terminal/DeliveryCrashCutTest.java",

        "src/test/java/io/github/sunthemoon/advancedrocketrycommunity/satellite/terminal/SatelliteTerminalTargetsTest.java",

        "src/test/java/io/github/sunthemoon/advancedrocketrycommunity/satellite/terminal/TerminalDeliveryTest.java",

        "src/test/java/io/github/sunthemoon/advancedrocketrycommunity/station/elevator/ElevatorEndpointValidatorTest.java",

        "src/test/java/io/github/sunthemoon/advancedrocketrycommunity/station/model/StationRegionBoundaryTest.java",

        "src/test/java/io/github/sunthemoon/advancedrocketrycommunity/station/model/StationRegistryModelTest.java",

        "src/test/java/io/github/sunthemoon/advancedrocketrycommunity/station/model/StationTeamCapsTest.java",

        "src/test/java/io/github/sunthemoon/advancedrocketrycommunity/station/orbit/StationOrbitEnvironmentResolverTest.java",

        "src/test/java/io/github/sunthemoon/advancedrocketrycommunity/station/persistence/StationCheckedUpdateScaleTest.java",

        "src/test/java/io/github/sunthemoon/advancedrocketrycommunity/station/persistence/StationCheckedUpdateTest.java",

        "src/test/java/io/github/sunthemoon/advancedrocketrycommunity/station/persistence/StationRegistrySavedDataTest.java",

        "src/test/java/io/github/sunthemoon/advancedrocketrycommunity/station/persistence/StationRegistryStorageBoundTest.java",

        "src/test/java/io/github/sunthemoon/advancedrocketrycommunity/station/persistence/StationSchemaMigrationTest.java",

        "src/test/java/io/github/sunthemoon/advancedrocketrycommunity/station/persistence/StationStorageBudgetTest.java",

        "src/test/java/io/github/sunthemoon/advancedrocketrycommunity/station/persistence/StationWarpRelocationTest.java",

        "src/test/java/io/github/sunthemoon/advancedrocketrycommunity/station/persistence/StationWarpSchemaTest.java",

        "src/test/java/io/github/sunthemoon/advancedrocketrycommunity/station/service/StationAccessServiceTest.java",

        "src/test/java/io/github/sunthemoon/advancedrocketrycommunity/station/service/StationExpansionConfirmationsTest.java",

        "src/test/java/io/github/sunthemoon/advancedrocketrycommunity/station/service/StationExpansionServiceTest.java",

        "src/test/java/io/github/sunthemoon/advancedrocketrycommunity/station/service/StationGravityCooldownRuleTest.java",

        "src/test/java/io/github/sunthemoon/advancedrocketrycommunity/station/service/StationRuntimeLifecycleTest.java",

        "src/test/java/io/github/sunthemoon/advancedrocketrycommunity/station/service/StationWriteBudgetTest.java",

        "src/test/java/io/github/sunthemoon/advancedrocketrycommunity/station/service/StationWriteCooldownTest.java",

        "src/test/java/io/github/sunthemoon/advancedrocketrycommunity/station/warp/StationWarpStateTest.java",

        "src/test/java/io/github/sunthemoon/advancedrocketrycommunity/testsupport/MinecraftBootstrap.java",

        "src/test/java/io/github/sunthemoon/advancedrocketrycommunity/travel/TravelTargetCodecTest.java",

        "src/test/java/io/github/sunthemoon/advancedrocketrycommunity/travel/migration/LegacyFlightTargetMigratorTest.java",

        "src/test/java/io/github/sunthemoon/advancedrocketrycommunity/travel/migration/LegacyTravelTargetAdapterTest.java",

        "src/test/java/io/github/sunthemoon/advancedrocketrycommunity/travel/route/RouteCatalogDecoderTest.java",

        "src/test/java/io/github/sunthemoon/advancedrocketrycommunity/travel/route/RouteCatalogTest.java",

        "src/test/java/io/github/sunthemoon/advancedrocketrycommunity/travel/route/RouteDefinitionCodecTest.java",

        "src/test/java/io/github/sunthemoon/advancedrocketrycommunity/travel/route/TravelFuelFormulaTest.java",

        "src/test/resources/api-consumer/ApiConsumer.java",

        "src/test/resources/api-consumer/AtmosphereApiConsumer.java",

        "src/test/resources/api-consumer/AtmosphereInternalConsumer.java",

        "src/test/resources/api-consumer/ComponentApiConsumer.java",

        "src/test/resources/api-consumer/EndgameApiConsumer.java",

        "src/test/resources/api-consumer/EndgameInternalConsumer.java",

        "src/test/resources/api-consumer/EnvironmentApiConsumer.java",

        "src/test/resources/api-consumer/EnvironmentInternalConsumer.java",

        "src/test/resources/api-consumer/FuelApiConsumer.java",

        "src/test/resources/api-consumer/InternalConsumer.java",

        "src/test/resources/api-consumer/RocketApiConsumer.java",

        "src/test/resources/api-consumer/RocketInternalConsumer.java",

        "src/test/resources/api-consumer/SatelliteApiConsumer.java",

        "src/test/resources/api-consumer/SatelliteInternalConsumer.java",

        "src/test/resources/api-consumer/SuitApiConsumer.java",

        "build.gradle",

        "gradle.properties"

      ],

      "cwd": "D:\\GitHub\\AdvancedRocketry-Community",

      "started_utc": "2026-10-04T05:00:41.415650+00:00",

      "exit": 0,

      "log": "phase-commit01-23.log",

      "log_sha256": "e3b0c44298fc1c149afbf4c8996fb92427ae41e4649b934ca495991b7852b855"

    },

    {

      "command": [

        "git",

        "diff",

        "--cached",

        "--name-only"

      ],

      "cwd": "D:\\GitHub\\AdvancedRocketry-Community",

      "started_utc": "2026-10-04T05:00:41.508734+00:00",

      "exit": 0,

      "log": "phase-commit01-24.log",

      "log_sha256": "c3bbf55b942408af0c834f08f99f5944b3dc8cd520ab4b406265d5e87fc20924"

    },

    {

      "command": [

        "git",

        "diff",

        "--cached",

        "--check"

      ],

      "cwd": "D:\\GitHub\\AdvancedRocketry-Community",

      "started_utc": "2026-10-04T05:00:41.573811+00:00",

      "exit": 0,

      "log": "phase-commit01-25.log",

      "log_sha256": "e3b0c44298fc1c149afbf4c8996fb92427ae41e4649b934ca495991b7852b855"

    },

    {

      "command": [

        "git",

        "commit",

        "-m",

        "feat(machine): integrate reviewed v1.8 development code",

        "-m",

        "Take over the reviewed C15 follow-up, C16 machine/resource, persistence, signature and menu development code.\nThis is a development checkpoint, not a release or physical hatch/codec admission.\nGenerated content and native-probe scripts follow in separate commits; all are verified together by the Root integration regression."

      ],

      "cwd": "D:\\GitHub\\AdvancedRocketry-Community",

      "started_utc": "2026-10-04T05:00:41.714653+00:00",

      "exit": 0,

      "log": "phase-commit01-26.log",

      "log_sha256": "930d0940b5d140ae22dceb958e4fbf29a43ba5fb5aa07fc80ed157342201994b"

    },

    {

      "command": [

        "git",

        "rev-parse",

        "HEAD"

      ],

      "cwd": "D:\\GitHub\\AdvancedRocketry-Community",

      "started_utc": "2026-10-04T05:00:42.373649+00:00",

      "exit": 0,

      "log": "phase-commit01-27.log",

      "log_sha256": "8e716707e62ee4878950fb2fafa1f89e11e078172f095f516a05777ac08b7a10"

    },

    {

      "command": [

        "git",

        "-c",

        "core.autocrlf=false",

        "add",

        "--",

        "src/generated/v1.8/resources/assets/advancedrocketrycommunity/blockstates/advanced_motor.json",

        "src/generated/v1.8/resources/assets/advancedrocketrycommunity/blockstates/aluminum_block.json",

        "src/generated/v1.8/resources/assets/advancedrocketrycommunity/blockstates/aluminum_coil.json",

        "src/generated/v1.8/resources/assets/advancedrocketrycommunity/blockstates/aluminum_ore.json",

        "src/generated/v1.8/resources/assets/advancedrocketrycommunity/blockstates/blue_crystal_block.json",

        "src/generated/v1.8/resources/assets/advancedrocketrycommunity/blockstates/charcoal_log.json",

        "src/generated/v1.8/resources/assets/advancedrocketrycommunity/blockstates/combustion_generator.json",

        "src/generated/v1.8/resources/assets/advancedrocketrycommunity/blockstates/copper_coil.json",

        "src/generated/v1.8/resources/assets/advancedrocketrycommunity/blockstates/dark_moon_turf.json",

        "src/generated/v1.8/resources/assets/advancedrocketrycommunity/blockstates/deepslate_aluminum_ore.json",

        "src/generated/v1.8/resources/assets/advancedrocketrycommunity/blockstates/deepslate_dilithium_ore.json",

        "src/generated/v1.8/resources/assets/advancedrocketrycommunity/blockstates/deepslate_rutile_ore.json",

        "src/generated/v1.8/resources/assets/advancedrocketrycommunity/blockstates/deepslate_tin_ore.json",

        "src/generated/v1.8/resources/assets/advancedrocketrycommunity/blockstates/dilithium_ore.json",

        "src/generated/v1.8/resources/assets/advancedrocketrycommunity/blockstates/electric_mushroom.json",

        "src/generated/v1.8/resources/assets/advancedrocketrycommunity/blockstates/elite_motor.json",

        "src/generated/v1.8/resources/assets/advancedrocketrycommunity/blockstates/enhanced_motor.json",

        "src/generated/v1.8/resources/assets/advancedrocketrycommunity/blockstates/enriched_lava.json",

        "src/generated/v1.8/resources/assets/advancedrocketrycommunity/blockstates/ferric_sand.json",

        "src/generated/v1.8/resources/assets/advancedrocketrycommunity/blockstates/geode_shell.json",

        "src/generated/v1.8/resources/assets/advancedrocketrycommunity/blockstates/gold_coil.json",

        "src/generated/v1.8/resources/assets/advancedrocketrycommunity/blockstates/green_crystal_block.json",

        "src/generated/v1.8/resources/assets/advancedrocketrycommunity/blockstates/iridium_block.json",

        "src/generated/v1.8/resources/assets/advancedrocketrycommunity/blockstates/iridium_coil.json",

        "src/generated/v1.8/resources/assets/advancedrocketrycommunity/blockstates/iridium_ore.json",

        "src/generated/v1.8/resources/assets/advancedrocketrycommunity/blockstates/lightwood_leaves.json",

        "src/generated/v1.8/resources/assets/advancedrocketrycommunity/blockstates/lightwood_log.json",

        "src/generated/v1.8/resources/assets/advancedrocketrycommunity/blockstates/lightwood_planks.json",

        "src/generated/v1.8/resources/assets/advancedrocketrycommunity/blockstates/lightwood_sapling.json",

        "src/generated/v1.8/resources/assets/advancedrocketrycommunity/blockstates/moon_turf.json",

        "src/generated/v1.8/resources/assets/advancedrocketrycommunity/blockstates/motor.json",

        "src/generated/v1.8/resources/assets/advancedrocketrycommunity/blockstates/orange_crystal_block.json",

        "src/generated/v1.8/resources/assets/advancedrocketrycommunity/blockstates/pressurized_tank.json",

        "src/generated/v1.8/resources/assets/advancedrocketrycommunity/blockstates/pump.json",

        "src/generated/v1.8/resources/assets/advancedrocketrycommunity/blockstates/red_crystal_block.json",

        "src/generated/v1.8/resources/assets/advancedrocketrycommunity/blockstates/rocket_fuel.json",

        "src/generated/v1.8/resources/assets/advancedrocketrycommunity/blockstates/rutile_ore.json",

        "src/generated/v1.8/resources/assets/advancedrocketrycommunity/blockstates/small_plate_press.json",

        "src/generated/v1.8/resources/assets/advancedrocketrycommunity/blockstates/steel_block.json",

        "src/generated/v1.8/resources/assets/advancedrocketrycommunity/blockstates/tin_block.json",

        "src/generated/v1.8/resources/assets/advancedrocketrycommunity/blockstates/tin_ore.json",

        "src/generated/v1.8/resources/assets/advancedrocketrycommunity/blockstates/titanium_aluminide_block.json",

        "src/generated/v1.8/resources/assets/advancedrocketrycommunity/blockstates/titanium_block.json",

        "src/generated/v1.8/resources/assets/advancedrocketrycommunity/blockstates/titanium_coil.json",

        "src/generated/v1.8/resources/assets/advancedrocketrycommunity/blockstates/titanium_iridium_block.json",

        "src/generated/v1.8/resources/assets/advancedrocketrycommunity/blockstates/violet_crystal_block.json",

        "src/generated/v1.8/resources/assets/advancedrocketrycommunity/blockstates/yellow_crystal_block.json",

        "src/generated/v1.8/resources/assets/advancedrocketrycommunity/celestial_visuals/tau_ceti_f.json",

        "src/generated/v1.8/resources/assets/advancedrocketrycommunity/celestial_visuals/tau_ceti_g.json",

        "src/generated/v1.8/resources/assets/advancedrocketrycommunity/models/block/advanced_motor.json",

        "src/generated/v1.8/resources/assets/advancedrocketrycommunity/models/block/blue_crystal_block.json",

        "src/generated/v1.8/resources/assets/advancedrocketrycommunity/models/block/charcoal_log.json",

        "src/generated/v1.8/resources/assets/advancedrocketrycommunity/models/block/charcoal_log_horizontal.json",

        "src/generated/v1.8/resources/assets/advancedrocketrycommunity/models/block/combustion_generator.json",

        "src/generated/v1.8/resources/assets/advancedrocketrycommunity/models/block/combustion_generator_lit.json",

        "src/generated/v1.8/resources/assets/advancedrocketrycommunity/models/block/dark_moon_turf.json",

        "src/generated/v1.8/resources/assets/advancedrocketrycommunity/models/block/electric_mushroom.json",

        "src/generated/v1.8/resources/assets/advancedrocketrycommunity/models/block/elite_motor.json",

        "src/generated/v1.8/resources/assets/advancedrocketrycommunity/models/block/enhanced_motor.json",

        "src/generated/v1.8/resources/assets/advancedrocketrycommunity/models/block/enriched_lava.json",

        "src/generated/v1.8/resources/assets/advancedrocketrycommunity/models/block/ferric_sand.json",

        "src/generated/v1.8/resources/assets/advancedrocketrycommunity/models/block/geode_shell.json",

        "src/generated/v1.8/resources/assets/advancedrocketrycommunity/models/block/green_crystal_block.json",

        "src/generated/v1.8/resources/assets/advancedrocketrycommunity/models/block/lightwood_leaves.json",

        "src/generated/v1.8/resources/assets/advancedrocketrycommunity/models/block/lightwood_log.json",

        "src/generated/v1.8/resources/assets/advancedrocketrycommunity/models/block/lightwood_log_horizontal.json",

        "src/generated/v1.8/resources/assets/advancedrocketrycommunity/models/block/lightwood_planks.json",

        "src/generated/v1.8/resources/assets/advancedrocketrycommunity/models/block/lightwood_sapling.json",

        "src/generated/v1.8/resources/assets/advancedrocketrycommunity/models/block/material/coil.json",

        "src/generated/v1.8/resources/assets/advancedrocketrycommunity/models/block/material/deepslate_crystal_ore.json",

        "src/generated/v1.8/resources/assets/advancedrocketrycommunity/models/block/material/deepslate_ore.json",

        "src/generated/v1.8/resources/assets/advancedrocketrycommunity/models/block/material/stone_crystal_ore.json",

        "src/generated/v1.8/resources/assets/advancedrocketrycommunity/models/block/material/stone_ore.json",

        "src/generated/v1.8/resources/assets/advancedrocketrycommunity/models/block/material/storage_block.json",

        "src/generated/v1.8/resources/assets/advancedrocketrycommunity/models/block/material/tinted_cube_all.json",

        "src/generated/v1.8/resources/assets/advancedrocketrycommunity/models/block/material/tinted_cube_column.json",

        "src/generated/v1.8/resources/assets/advancedrocketrycommunity/models/block/material/tinted_ore.json",

        "src/generated/v1.8/resources/assets/advancedrocketrycommunity/models/block/moon_turf.json",

        "src/generated/v1.8/resources/assets/advancedrocketrycommunity/models/block/motor.json",

        "src/generated/v1.8/resources/assets/advancedrocketrycommunity/models/block/orange_crystal_block.json"

      ],

      "cwd": "D:\\GitHub\\AdvancedRocketry-Community",

      "started_utc": "2026-10-04T05:00:42.440278+00:00",

      "exit": 0,

      "log": "phase-commit01-28.log",

      "log_sha256": "e3b0c44298fc1c149afbf4c8996fb92427ae41e4649b934ca495991b7852b855"

    },

    {

      "command": [

        "git",

        "-c",

        "core.autocrlf=false",

        "add",

        "--",

        "src/generated/v1.8/resources/assets/advancedrocketrycommunity/models/block/pressurized_tank.json",

        "src/generated/v1.8/resources/assets/advancedrocketrycommunity/models/block/pump.json",

        "src/generated/v1.8/resources/assets/advancedrocketrycommunity/models/block/red_crystal_block.json",

        "src/generated/v1.8/resources/assets/advancedrocketrycommunity/models/block/rocket_fuel.json",

        "src/generated/v1.8/resources/assets/advancedrocketrycommunity/models/block/small_plate_press.json",

        "src/generated/v1.8/resources/assets/advancedrocketrycommunity/models/block/violet_crystal_block.json",

        "src/generated/v1.8/resources/assets/advancedrocketrycommunity/models/block/yellow_crystal_block.json",

        "src/generated/v1.8/resources/assets/advancedrocketrycommunity/models/item/advanced_motor.json",

        "src/generated/v1.8/resources/assets/advancedrocketrycommunity/models/item/aluminum_block.json",

        "src/generated/v1.8/resources/assets/advancedrocketrycommunity/models/item/aluminum_coil.json",

        "src/generated/v1.8/resources/assets/advancedrocketrycommunity/models/item/aluminum_dust.json",

        "src/generated/v1.8/resources/assets/advancedrocketrycommunity/models/item/aluminum_ingot.json",

        "src/generated/v1.8/resources/assets/advancedrocketrycommunity/models/item/aluminum_nugget.json",

        "src/generated/v1.8/resources/assets/advancedrocketrycommunity/models/item/aluminum_ore.json",

        "src/generated/v1.8/resources/assets/advancedrocketrycommunity/models/item/aluminum_plate.json",

        "src/generated/v1.8/resources/assets/advancedrocketrycommunity/models/item/aluminum_sheet.json",

        "src/generated/v1.8/resources/assets/advancedrocketrycommunity/models/item/blue_crystal_block.json",

        "src/generated/v1.8/resources/assets/advancedrocketrycommunity/models/item/charcoal_log.json",

        "src/generated/v1.8/resources/assets/advancedrocketrycommunity/models/item/combustion_generator.json",

        "src/generated/v1.8/resources/assets/advancedrocketrycommunity/models/item/copper_coil.json",

        "src/generated/v1.8/resources/assets/advancedrocketrycommunity/models/item/copper_dust.json",

        "src/generated/v1.8/resources/assets/advancedrocketrycommunity/models/item/copper_nugget.json",

        "src/generated/v1.8/resources/assets/advancedrocketrycommunity/models/item/copper_plate.json",

        "src/generated/v1.8/resources/assets/advancedrocketrycommunity/models/item/copper_rod.json",

        "src/generated/v1.8/resources/assets/advancedrocketrycommunity/models/item/copper_sheet.json",

        "src/generated/v1.8/resources/assets/advancedrocketrycommunity/models/item/dark_moon_turf.json",

        "src/generated/v1.8/resources/assets/advancedrocketrycommunity/models/item/deepslate_aluminum_ore.json",

        "src/generated/v1.8/resources/assets/advancedrocketrycommunity/models/item/deepslate_dilithium_ore.json",

        "src/generated/v1.8/resources/assets/advancedrocketrycommunity/models/item/deepslate_rutile_ore.json",

        "src/generated/v1.8/resources/assets/advancedrocketrycommunity/models/item/deepslate_tin_ore.json",

        "src/generated/v1.8/resources/assets/advancedrocketrycommunity/models/item/dilithium_crystal.json",

        "src/generated/v1.8/resources/assets/advancedrocketrycommunity/models/item/dilithium_dust.json",

        "src/generated/v1.8/resources/assets/advancedrocketrycommunity/models/item/dilithium_ore.json",

        "src/generated/v1.8/resources/assets/advancedrocketrycommunity/models/item/electric_mushroom.json",

        "src/generated/v1.8/resources/assets/advancedrocketrycommunity/models/item/elite_motor.json",

        "src/generated/v1.8/resources/assets/advancedrocketrycommunity/models/item/enhanced_motor.json",

        "src/generated/v1.8/resources/assets/advancedrocketrycommunity/models/item/enriched_lava_bucket.json",

        "src/generated/v1.8/resources/assets/advancedrocketrycommunity/models/item/ferric_sand.json",

        "src/generated/v1.8/resources/assets/advancedrocketrycommunity/models/item/geode_shell.json",

        "src/generated/v1.8/resources/assets/advancedrocketrycommunity/models/item/gold_coil.json",

        "src/generated/v1.8/resources/assets/advancedrocketrycommunity/models/item/gold_dust.json",

        "src/generated/v1.8/resources/assets/advancedrocketrycommunity/models/item/gold_plate.json",

        "src/generated/v1.8/resources/assets/advancedrocketrycommunity/models/item/green_crystal_block.json",

        "src/generated/v1.8/resources/assets/advancedrocketrycommunity/models/item/iridium_block.json",

        "src/generated/v1.8/resources/assets/advancedrocketrycommunity/models/item/iridium_coil.json",

        "src/generated/v1.8/resources/assets/advancedrocketrycommunity/models/item/iridium_dust.json",

        "src/generated/v1.8/resources/assets/advancedrocketrycommunity/models/item/iridium_ingot.json",

        "src/generated/v1.8/resources/assets/advancedrocketrycommunity/models/item/iridium_nugget.json",

        "src/generated/v1.8/resources/assets/advancedrocketrycommunity/models/item/iridium_ore.json",

        "src/generated/v1.8/resources/assets/advancedrocketrycommunity/models/item/iridium_plate.json",

        "src/generated/v1.8/resources/assets/advancedrocketrycommunity/models/item/iridium_rod.json",

        "src/generated/v1.8/resources/assets/advancedrocketrycommunity/models/item/iron_dust.json",

        "src/generated/v1.8/resources/assets/advancedrocketrycommunity/models/item/iron_plate.json",

        "src/generated/v1.8/resources/assets/advancedrocketrycommunity/models/item/iron_rod.json",

        "src/generated/v1.8/resources/assets/advancedrocketrycommunity/models/item/iron_sheet.json",

        "src/generated/v1.8/resources/assets/advancedrocketrycommunity/models/item/lightwood_leaves.json",

        "src/generated/v1.8/resources/assets/advancedrocketrycommunity/models/item/lightwood_log.json",

        "src/generated/v1.8/resources/assets/advancedrocketrycommunity/models/item/lightwood_planks.json",

        "src/generated/v1.8/resources/assets/advancedrocketrycommunity/models/item/lightwood_sapling.json",

        "src/generated/v1.8/resources/assets/advancedrocketrycommunity/models/item/moon_turf.json",

        "src/generated/v1.8/resources/assets/advancedrocketrycommunity/models/item/motor.json",

        "src/generated/v1.8/resources/assets/advancedrocketrycommunity/models/item/nitrogen_canister.json",

        "src/generated/v1.8/resources/assets/advancedrocketrycommunity/models/item/orange_crystal_block.json",

        "src/generated/v1.8/resources/assets/advancedrocketrycommunity/models/item/pressurized_tank.json",

        "src/generated/v1.8/resources/assets/advancedrocketrycommunity/models/item/pump.json",

        "src/generated/v1.8/resources/assets/advancedrocketrycommunity/models/item/raw_aluminum.json",

        "src/generated/v1.8/resources/assets/advancedrocketrycommunity/models/item/raw_iridium.json",

        "src/generated/v1.8/resources/assets/advancedrocketrycommunity/models/item/raw_rutile.json",

        "src/generated/v1.8/resources/assets/advancedrocketrycommunity/models/item/raw_tin.json",

        "src/generated/v1.8/resources/assets/advancedrocketrycommunity/models/item/red_crystal_block.json",

        "src/generated/v1.8/resources/assets/advancedrocketrycommunity/models/item/rocket_fuel_bucket.json",

        "src/generated/v1.8/resources/assets/advancedrocketrycommunity/models/item/rutile_ore.json",

        "src/generated/v1.8/resources/assets/advancedrocketrycommunity/models/item/silicon_boule.json",

        "src/generated/v1.8/resources/assets/advancedrocketrycommunity/models/item/silicon_dust.json",

        "src/generated/v1.8/resources/assets/advancedrocketrycommunity/models/item/silicon_ingot.json",

        "src/generated/v1.8/resources/assets/advancedrocketrycommunity/models/item/silicon_nugget.json",

        "src/generated/v1.8/resources/assets/advancedrocketrycommunity/models/item/silicon_plate.json",

        "src/generated/v1.8/resources/assets/advancedrocketrycommunity/models/item/small_plate_press.json",

        "src/generated/v1.8/resources/assets/advancedrocketrycommunity/models/item/steel_block.json",

        "src/generated/v1.8/resources/assets/advancedrocketrycommunity/models/item/steel_dust.json"

      ],

      "cwd": "D:\\GitHub\\AdvancedRocketry-Community",

      "started_utc": "2026-10-04T05:00:42.583272+00:00",

      "exit": 0,

      "log": "phase-commit01-29.log",

      "log_sha256": "e3b0c44298fc1c149afbf4c8996fb92427ae41e4649b934ca495991b7852b855"

    },

    {

      "command": [

        "git",

        "-c",

        "core.autocrlf=false",

        "add",

        "--",

        "src/generated/v1.8/resources/assets/advancedrocketrycommunity/models/item/steel_fan.json",

        "src/generated/v1.8/resources/assets/advancedrocketrycommunity/models/item/steel_gear.json",

        "src/generated/v1.8/resources/assets/advancedrocketrycommunity/models/item/steel_ingot.json",

        "src/generated/v1.8/resources/assets/advancedrocketrycommunity/models/item/steel_nugget.json",

        "src/generated/v1.8/resources/assets/advancedrocketrycommunity/models/item/steel_plate.json",

        "src/generated/v1.8/resources/assets/advancedrocketrycommunity/models/item/steel_rod.json",

        "src/generated/v1.8/resources/assets/advancedrocketrycommunity/models/item/steel_sheet.json",

        "src/generated/v1.8/resources/assets/advancedrocketrycommunity/models/item/tin_block.json",

        "src/generated/v1.8/resources/assets/advancedrocketrycommunity/models/item/tin_dust.json",

        "src/generated/v1.8/resources/assets/advancedrocketrycommunity/models/item/tin_ingot.json",

        "src/generated/v1.8/resources/assets/advancedrocketrycommunity/models/item/tin_nugget.json",

        "src/generated/v1.8/resources/assets/advancedrocketrycommunity/models/item/tin_ore.json",

        "src/generated/v1.8/resources/assets/advancedrocketrycommunity/models/item/tin_plate.json",

        "src/generated/v1.8/resources/assets/advancedrocketrycommunity/models/item/titanium_aluminide_block.json",

        "src/generated/v1.8/resources/assets/advancedrocketrycommunity/models/item/titanium_aluminide_dust.json",

        "src/generated/v1.8/resources/assets/advancedrocketrycommunity/models/item/titanium_aluminide_gear.json",

        "src/generated/v1.8/resources/assets/advancedrocketrycommunity/models/item/titanium_aluminide_ingot.json",

        "src/generated/v1.8/resources/assets/advancedrocketrycommunity/models/item/titanium_aluminide_nugget.json",

        "src/generated/v1.8/resources/assets/advancedrocketrycommunity/models/item/titanium_aluminide_plate.json",

        "src/generated/v1.8/resources/assets/advancedrocketrycommunity/models/item/titanium_aluminide_rod.json",

        "src/generated/v1.8/resources/assets/advancedrocketrycommunity/models/item/titanium_aluminide_sheet.json",

        "src/generated/v1.8/resources/assets/advancedrocketrycommunity/models/item/titanium_block.json",

        "src/generated/v1.8/resources/assets/advancedrocketrycommunity/models/item/titanium_coil.json",

        "src/generated/v1.8/resources/assets/advancedrocketrycommunity/models/item/titanium_dust.json",

        "src/generated/v1.8/resources/assets/advancedrocketrycommunity/models/item/titanium_gear.json",

        "src/generated/v1.8/resources/assets/advancedrocketrycommunity/models/item/titanium_ingot.json",

        "src/generated/v1.8/resources/assets/advancedrocketrycommunity/models/item/titanium_iridium_block.json",

        "src/generated/v1.8/resources/assets/advancedrocketrycommunity/models/item/titanium_iridium_dust.json",

        "src/generated/v1.8/resources/assets/advancedrocketrycommunity/models/item/titanium_iridium_gear.json",

        "src/generated/v1.8/resources/assets/advancedrocketrycommunity/models/item/titanium_iridium_ingot.json",

        "src/generated/v1.8/resources/assets/advancedrocketrycommunity/models/item/titanium_iridium_nugget.json",

        "src/generated/v1.8/resources/assets/advancedrocketrycommunity/models/item/titanium_iridium_plate.json",

        "src/generated/v1.8/resources/assets/advancedrocketrycommunity/models/item/titanium_iridium_rod.json",

        "src/generated/v1.8/resources/assets/advancedrocketrycommunity/models/item/titanium_iridium_sheet.json",

        "src/generated/v1.8/resources/assets/advancedrocketrycommunity/models/item/titanium_nugget.json",

        "src/generated/v1.8/resources/assets/advancedrocketrycommunity/models/item/titanium_plate.json",

        "src/generated/v1.8/resources/assets/advancedrocketrycommunity/models/item/titanium_rod.json",

        "src/generated/v1.8/resources/assets/advancedrocketrycommunity/models/item/titanium_sheet.json",

        "src/generated/v1.8/resources/assets/advancedrocketrycommunity/models/item/violet_crystal_block.json",

        "src/generated/v1.8/resources/assets/advancedrocketrycommunity/models/item/yellow_crystal_block.json",

        "src/generated/v1.8/resources/assets/advancedrocketrycommunity/textures/block/advanced_motor_bottom.png",

        "src/generated/v1.8/resources/assets/advancedrocketrycommunity/textures/block/advanced_motor_side.png",

        "src/generated/v1.8/resources/assets/advancedrocketrycommunity/textures/block/advanced_motor_top.png",

        "src/generated/v1.8/resources/assets/advancedrocketrycommunity/textures/block/charcoal_log.png",

        "src/generated/v1.8/resources/assets/advancedrocketrycommunity/textures/block/charcoal_log_top.png",

        "src/generated/v1.8/resources/assets/advancedrocketrycommunity/textures/block/combustion_front.png",

        "src/generated/v1.8/resources/assets/advancedrocketrycommunity/textures/block/combustion_front_lit.png",

        "src/generated/v1.8/resources/assets/advancedrocketrycommunity/textures/block/combustion_side.png",

        "src/generated/v1.8/resources/assets/advancedrocketrycommunity/textures/block/combustion_top.png",

        "src/generated/v1.8/resources/assets/advancedrocketrycommunity/textures/block/crystal.png",

        "src/generated/v1.8/resources/assets/advancedrocketrycommunity/textures/block/dark_moon_turf.png",

        "src/generated/v1.8/resources/assets/advancedrocketrycommunity/textures/block/electric_mushroom.png",

        "src/generated/v1.8/resources/assets/advancedrocketrycommunity/textures/block/elite_motor_bottom.png",

        "src/generated/v1.8/resources/assets/advancedrocketrycommunity/textures/block/elite_motor_side.png",

        "src/generated/v1.8/resources/assets/advancedrocketrycommunity/textures/block/elite_motor_top.png",

        "src/generated/v1.8/resources/assets/advancedrocketrycommunity/textures/block/enhanced_motor_bottom.png",

        "src/generated/v1.8/resources/assets/advancedrocketrycommunity/textures/block/enhanced_motor_side.png",

        "src/generated/v1.8/resources/assets/advancedrocketrycommunity/textures/block/enhanced_motor_top.png",

        "src/generated/v1.8/resources/assets/advancedrocketrycommunity/textures/block/ferric_sand.png",

        "src/generated/v1.8/resources/assets/advancedrocketrycommunity/textures/block/fluid/enriched_lava_flow.png",

        "src/generated/v1.8/resources/assets/advancedrocketrycommunity/textures/block/fluid/enriched_lava_still.png",

        "src/generated/v1.8/resources/assets/advancedrocketrycommunity/textures/block/fluid/hydrogen_flow.png",

        "src/generated/v1.8/resources/assets/advancedrocketrycommunity/textures/block/fluid/hydrogen_still.png",

        "src/generated/v1.8/resources/assets/advancedrocketrycommunity/textures/block/fluid/nitrogen_flow.png",

        "src/generated/v1.8/resources/assets/advancedrocketrycommunity/textures/block/fluid/nitrogen_still.png",

        "src/generated/v1.8/resources/assets/advancedrocketrycommunity/textures/block/fluid/oxygen_flow.png",

        "src/generated/v1.8/resources/assets/advancedrocketrycommunity/textures/block/fluid/oxygen_still.png",

        "src/generated/v1.8/resources/assets/advancedrocketrycommunity/textures/block/fluid/rocket_fuel_flow.png",

        "src/generated/v1.8/resources/assets/advancedrocketrycommunity/textures/block/fluid/rocket_fuel_still.png",

        "src/generated/v1.8/resources/assets/advancedrocketrycommunity/textures/block/geode_shell.png",

        "src/generated/v1.8/resources/assets/advancedrocketrycommunity/textures/block/lightwood_leaves.png",

        "src/generated/v1.8/resources/assets/advancedrocketrycommunity/textures/block/lightwood_log.png",

        "src/generated/v1.8/resources/assets/advancedrocketrycommunity/textures/block/lightwood_log_top.png",

        "src/generated/v1.8/resources/assets/advancedrocketrycommunity/textures/block/lightwood_planks.png",

        "src/generated/v1.8/resources/assets/advancedrocketrycommunity/textures/block/lightwood_sapling.png",

        "src/generated/v1.8/resources/assets/advancedrocketrycommunity/textures/block/material/coil_side.png",

        "src/generated/v1.8/resources/assets/advancedrocketrycommunity/textures/block/material/coil_top.png",

        "src/generated/v1.8/resources/assets/advancedrocketrycommunity/textures/block/material/crystal_ore_overlay.png",

        "src/generated/v1.8/resources/assets/advancedrocketrycommunity/textures/block/material/ore_overlay.png",

        "src/generated/v1.8/resources/assets/advancedrocketrycommunity/textures/block/material/storage.png"

      ],

      "cwd": "D:\\GitHub\\AdvancedRocketry-Community",

      "started_utc": "2026-10-04T05:00:42.714222+00:00",

      "exit": 0,

      "log": "phase-commit01-30.log",

      "log_sha256": "e3b0c44298fc1c149afbf4c8996fb92427ae41e4649b934ca495991b7852b855"

    },

    {

      "command": [

        "git",

        "-c",

        "core.autocrlf=false",

        "add",

        "--",

        "src/generated/v1.8/resources/assets/advancedrocketrycommunity/textures/block/moon_turf.png",

        "src/generated/v1.8/resources/assets/advancedrocketrycommunity/textures/block/motor_bottom.png",

        "src/generated/v1.8/resources/assets/advancedrocketrycommunity/textures/block/motor_side.png",

        "src/generated/v1.8/resources/assets/advancedrocketrycommunity/textures/block/motor_top.png",

        "src/generated/v1.8/resources/assets/advancedrocketrycommunity/textures/block/pressurized_tank_bottom.png",

        "src/generated/v1.8/resources/assets/advancedrocketrycommunity/textures/block/pressurized_tank_side.png",

        "src/generated/v1.8/resources/assets/advancedrocketrycommunity/textures/block/pressurized_tank_top.png",

        "src/generated/v1.8/resources/assets/advancedrocketrycommunity/textures/block/pump_bottom.png",

        "src/generated/v1.8/resources/assets/advancedrocketrycommunity/textures/block/pump_side.png",

        "src/generated/v1.8/resources/assets/advancedrocketrycommunity/textures/block/pump_top.png",

        "src/generated/v1.8/resources/assets/advancedrocketrycommunity/textures/block/small_plate_press_bottom.png",

        "src/generated/v1.8/resources/assets/advancedrocketrycommunity/textures/block/small_plate_press_side.png",

        "src/generated/v1.8/resources/assets/advancedrocketrycommunity/textures/block/small_plate_press_top.png",

        "src/generated/v1.8/resources/assets/advancedrocketrycommunity/textures/item/enriched_lava_bucket.png",

        "src/generated/v1.8/resources/assets/advancedrocketrycommunity/textures/item/material/boule.png",

        "src/generated/v1.8/resources/assets/advancedrocketrycommunity/textures/item/material/crystal.png",

        "src/generated/v1.8/resources/assets/advancedrocketrycommunity/textures/item/material/dust.png",

        "src/generated/v1.8/resources/assets/advancedrocketrycommunity/textures/item/material/fan.png",

        "src/generated/v1.8/resources/assets/advancedrocketrycommunity/textures/item/material/gear.png",

        "src/generated/v1.8/resources/assets/advancedrocketrycommunity/textures/item/material/ingot.png",

        "src/generated/v1.8/resources/assets/advancedrocketrycommunity/textures/item/material/nugget.png",

        "src/generated/v1.8/resources/assets/advancedrocketrycommunity/textures/item/material/plate.png",

        "src/generated/v1.8/resources/assets/advancedrocketrycommunity/textures/item/material/raw.png",

        "src/generated/v1.8/resources/assets/advancedrocketrycommunity/textures/item/material/rod.png",

        "src/generated/v1.8/resources/assets/advancedrocketrycommunity/textures/item/material/sheet.png",

        "src/generated/v1.8/resources/assets/advancedrocketrycommunity/textures/item/nitrogen_canister.png",

        "src/generated/v1.8/resources/assets/advancedrocketrycommunity/textures/item/rocket_fuel_bucket.png",

        "src/generated/v1.8/resources/assets/advancedrocketrycommunity_v180/lang/en_us.json",

        "src/generated/v1.8/resources/assets/advancedrocketrycommunity_v180/lang/zh_cn.json",

        "src/generated/v1.8/resources/data/advancedrocketrycommunity/advancements/recipes/building_blocks/aluminum_block.json",

        "src/generated/v1.8/resources/data/advancedrocketrycommunity/advancements/recipes/building_blocks/aluminum_coil.json",

        "src/generated/v1.8/resources/data/advancedrocketrycommunity/advancements/recipes/building_blocks/copper_coil.json",

        "src/generated/v1.8/resources/data/advancedrocketrycommunity/advancements/recipes/building_blocks/gold_coil.json",

        "src/generated/v1.8/resources/data/advancedrocketrycommunity/advancements/recipes/building_blocks/iridium_block.json",

        "src/generated/v1.8/resources/data/advancedrocketrycommunity/advancements/recipes/building_blocks/iridium_coil.json",

        "src/generated/v1.8/resources/data/advancedrocketrycommunity/advancements/recipes/building_blocks/lightwood_planks.json",

        "src/generated/v1.8/resources/data/advancedrocketrycommunity/advancements/recipes/building_blocks/steel_block.json",

        "src/generated/v1.8/resources/data/advancedrocketrycommunity/advancements/recipes/building_blocks/tin_block.json",

        "src/generated/v1.8/resources/data/advancedrocketrycommunity/advancements/recipes/building_blocks/titanium_aluminide_block.json",

        "src/generated/v1.8/resources/data/advancedrocketrycommunity/advancements/recipes/building_blocks/titanium_block.json",

        "src/generated/v1.8/resources/data/advancedrocketrycommunity/advancements/recipes/building_blocks/titanium_coil.json",

        "src/generated/v1.8/resources/data/advancedrocketrycommunity/advancements/recipes/building_blocks/titanium_iridium_block.json",

        "src/generated/v1.8/resources/data/advancedrocketrycommunity/advancements/recipes/misc/advanced_motor.json",

        "src/generated/v1.8/resources/data/advancedrocketrycommunity/advancements/recipes/misc/aluminum_ingot_from_aluminum_block.json",

        "src/generated/v1.8/resources/data/advancedrocketrycommunity/advancements/recipes/misc/aluminum_ingot_from_dust_blasting.json",

        "src/generated/v1.8/resources/data/advancedrocketrycommunity/advancements/recipes/misc/aluminum_ingot_from_dust_smelting.json",

        "src/generated/v1.8/resources/data/advancedrocketrycommunity/advancements/recipes/misc/aluminum_ingot_from_nuggets.json",

        "src/generated/v1.8/resources/data/advancedrocketrycommunity/advancements/recipes/misc/aluminum_ingot_from_ore_blasting.json",

        "src/generated/v1.8/resources/data/advancedrocketrycommunity/advancements/recipes/misc/aluminum_ingot_from_ore_smelting.json",

        "src/generated/v1.8/resources/data/advancedrocketrycommunity/advancements/recipes/misc/aluminum_ingot_from_raw_blasting.json",

        "src/generated/v1.8/resources/data/advancedrocketrycommunity/advancements/recipes/misc/aluminum_ingot_from_raw_smelting.json",

        "src/generated/v1.8/resources/data/advancedrocketrycommunity/advancements/recipes/misc/aluminum_nugget.json",

        "src/generated/v1.8/resources/data/advancedrocketrycommunity/advancements/recipes/misc/copper_ingot_from_dust_blasting.json",

        "src/generated/v1.8/resources/data/advancedrocketrycommunity/advancements/recipes/misc/copper_ingot_from_dust_smelting.json",

        "src/generated/v1.8/resources/data/advancedrocketrycommunity/advancements/recipes/misc/copper_ingot_from_nuggets.json",

        "src/generated/v1.8/resources/data/advancedrocketrycommunity/advancements/recipes/misc/copper_nugget.json",

        "src/generated/v1.8/resources/data/advancedrocketrycommunity/advancements/recipes/misc/copper_rod.json",

        "src/generated/v1.8/resources/data/advancedrocketrycommunity/advancements/recipes/misc/dilithium_dust_from_ore_blasting.json",

        "src/generated/v1.8/resources/data/advancedrocketrycommunity/advancements/recipes/misc/dilithium_dust_from_ore_smelting.json",

        "src/generated/v1.8/resources/data/advancedrocketrycommunity/advancements/recipes/misc/elite_motor.json",

        "src/generated/v1.8/resources/data/advancedrocketrycommunity/advancements/recipes/misc/enhanced_motor.json",

        "src/generated/v1.8/resources/data/advancedrocketrycommunity/advancements/recipes/misc/gold_ingot_from_dust_blasting.json",

        "src/generated/v1.8/resources/data/advancedrocketrycommunity/advancements/recipes/misc/gold_ingot_from_dust_smelting.json",

        "src/generated/v1.8/resources/data/advancedrocketrycommunity/advancements/recipes/misc/iridium_ingot_from_dust_blasting.json",

        "src/generated/v1.8/resources/data/advancedrocketrycommunity/advancements/recipes/misc/iridium_ingot_from_dust_smelting.json",

        "src/generated/v1.8/resources/data/advancedrocketrycommunity/advancements/recipes/misc/iridium_ingot_from_iridium_block.json",

        "src/generated/v1.8/resources/data/advancedrocketrycommunity/advancements/recipes/misc/iridium_ingot_from_nuggets.json",

        "src/generated/v1.8/resources/data/advancedrocketrycommunity/advancements/recipes/misc/iridium_ingot_from_ore_blasting.json",

        "src/generated/v1.8/resources/data/advancedrocketrycommunity/advancements/recipes/misc/iridium_ingot_from_ore_smelting.json",

        "src/generated/v1.8/resources/data/advancedrocketrycommunity/advancements/recipes/misc/iridium_ingot_from_raw_blasting.json",

        "src/generated/v1.8/resources/data/advancedrocketrycommunity/advancements/recipes/misc/iridium_ingot_from_raw_smelting.json",

        "src/generated/v1.8/resources/data/advancedrocketrycommunity/advancements/recipes/misc/iridium_nugget.json",

        "src/generated/v1.8/resources/data/advancedrocketrycommunity/advancements/recipes/misc/iridium_rod.json",

        "src/generated/v1.8/resources/data/advancedrocketrycommunity/advancements/recipes/misc/iron_ingot_from_dust_blasting.json",

        "src/generated/v1.8/resources/data/advancedrocketrycommunity/advancements/recipes/misc/iron_ingot_from_dust_smelting.json",

        "src/generated/v1.8/resources/data/advancedrocketrycommunity/advancements/recipes/misc/iron_rod.json",

        "src/generated/v1.8/resources/data/advancedrocketrycommunity/advancements/recipes/misc/motor.json",

        "src/generated/v1.8/resources/data/advancedrocketrycommunity/advancements/recipes/misc/pressurized_tank.json",

        "src/generated/v1.8/resources/data/advancedrocketrycommunity/advancements/recipes/misc/pump.json",

        "src/generated/v1.8/resources/data/advancedrocketrycommunity/advancements/recipes/misc/silicon_ingot_from_dust_blasting.json"

      ],

      "cwd": "D:\\GitHub\\AdvancedRocketry-Community",

      "started_utc": "2026-10-04T05:00:42.865357+00:00",

      "exit": 0,

      "log": "phase-commit01-31.log",

      "log_sha256": "e3b0c44298fc1c149afbf4c8996fb92427ae41e4649b934ca495991b7852b855"

    },

    {

      "command": [

        "git",

        "-c",

        "core.autocrlf=false",

        "add",

        "--",

        "src/generated/v1.8/resources/data/advancedrocketrycommunity/advancements/recipes/misc/silicon_ingot_from_dust_smelting.json",

        "src/generated/v1.8/resources/data/advancedrocketrycommunity/advancements/recipes/misc/silicon_ingot_from_nuggets.json",

        "src/generated/v1.8/resources/data/advancedrocketrycommunity/advancements/recipes/misc/silicon_nugget.json",

        "src/generated/v1.8/resources/data/advancedrocketrycommunity/advancements/recipes/misc/steel_fan.json",

        "src/generated/v1.8/resources/data/advancedrocketrycommunity/advancements/recipes/misc/steel_gear.json",

        "src/generated/v1.8/resources/data/advancedrocketrycommunity/advancements/recipes/misc/steel_ingot_from_dust_blasting.json",

        "src/generated/v1.8/resources/data/advancedrocketrycommunity/advancements/recipes/misc/steel_ingot_from_dust_smelting.json",

        "src/generated/v1.8/resources/data/advancedrocketrycommunity/advancements/recipes/misc/steel_ingot_from_nuggets.json",

        "src/generated/v1.8/resources/data/advancedrocketrycommunity/advancements/recipes/misc/steel_ingot_from_steel_block.json",

        "src/generated/v1.8/resources/data/advancedrocketrycommunity/advancements/recipes/misc/steel_nugget.json",

        "src/generated/v1.8/resources/data/advancedrocketrycommunity/advancements/recipes/misc/steel_rod.json",

        "src/generated/v1.8/resources/data/advancedrocketrycommunity/advancements/recipes/misc/tin_ingot_from_dust_blasting.json",

        "src/generated/v1.8/resources/data/advancedrocketrycommunity/advancements/recipes/misc/tin_ingot_from_dust_smelting.json",

        "src/generated/v1.8/resources/data/advancedrocketrycommunity/advancements/recipes/misc/tin_ingot_from_nuggets.json",

        "src/generated/v1.8/resources/data/advancedrocketrycommunity/advancements/recipes/misc/tin_ingot_from_ore_blasting.json",

        "src/generated/v1.8/resources/data/advancedrocketrycommunity/advancements/recipes/misc/tin_ingot_from_ore_smelting.json",

        "src/generated/v1.8/resources/data/advancedrocketrycommunity/advancements/recipes/misc/tin_ingot_from_raw_blasting.json",

        "src/generated/v1.8/resources/data/advancedrocketrycommunity/advancements/recipes/misc/tin_ingot_from_raw_smelting.json",

        "src/generated/v1.8/resources/data/advancedrocketrycommunity/advancements/recipes/misc/tin_ingot_from_tin_block.json",

        "src/generated/v1.8/resources/data/advancedrocketrycommunity/advancements/recipes/misc/tin_nugget.json",

        "src/generated/v1.8/resources/data/advancedrocketrycommunity/advancements/recipes/misc/titanium_aluminide_gear.json",

        "src/generated/v1.8/resources/data/advancedrocketrycommunity/advancements/recipes/misc/titanium_aluminide_ingot_from_dust_blasting.json",

        "src/generated/v1.8/resources/data/advancedrocketrycommunity/advancements/recipes/misc/titanium_aluminide_ingot_from_dust_smelting.json",

        "src/generated/v1.8/resources/data/advancedrocketrycommunity/advancements/recipes/misc/titanium_aluminide_ingot_from_nuggets.json",

        "src/generated/v1.8/resources/data/advancedrocketrycommunity/advancements/recipes/misc/titanium_aluminide_ingot_from_titanium_aluminide_block.json",

        "src/generated/v1.8/resources/data/advancedrocketrycommunity/advancements/recipes/misc/titanium_aluminide_nugget.json",

        "src/generated/v1.8/resources/data/advancedrocketrycommunity/advancements/recipes/misc/titanium_aluminide_rod.json",

        "src/generated/v1.8/resources/data/advancedrocketrycommunity/advancements/recipes/misc/titanium_gear.json",

        "src/generated/v1.8/resources/data/advancedrocketrycommunity/advancements/recipes/misc/titanium_ingot_from_dust_blasting.json",

        "src/generated/v1.8/resources/data/advancedrocketrycommunity/advancements/recipes/misc/titanium_ingot_from_dust_smelting.json",

        "src/generated/v1.8/resources/data/advancedrocketrycommunity/advancements/recipes/misc/titanium_ingot_from_nuggets.json",

        "src/generated/v1.8/resources/data/advancedrocketrycommunity/advancements/recipes/misc/titanium_ingot_from_titanium_block.json",

        "src/generated/v1.8/resources/data/advancedrocketrycommunity/advancements/recipes/misc/titanium_iridium_gear.json",

        "src/generated/v1.8/resources/data/advancedrocketrycommunity/advancements/recipes/misc/titanium_iridium_ingot_from_dust_blasting.json",

        "src/generated/v1.8/resources/data/advancedrocketrycommunity/advancements/recipes/misc/titanium_iridium_ingot_from_dust_smelting.json",

        "src/generated/v1.8/resources/data/advancedrocketrycommunity/advancements/recipes/misc/titanium_iridium_ingot_from_nuggets.json",

        "src/generated/v1.8/resources/data/advancedrocketrycommunity/advancements/recipes/misc/titanium_iridium_ingot_from_titanium_iridium_block.json",

        "src/generated/v1.8/resources/data/advancedrocketrycommunity/advancements/recipes/misc/titanium_iridium_nugget.json",

        "src/generated/v1.8/resources/data/advancedrocketrycommunity/advancements/recipes/misc/titanium_iridium_rod.json",

        "src/generated/v1.8/resources/data/advancedrocketrycommunity/advancements/recipes/misc/titanium_nugget.json",

        "src/generated/v1.8/resources/data/advancedrocketrycommunity/advancements/recipes/misc/titanium_rod.json",

        "src/generated/v1.8/resources/data/advancedrocketrycommunity/advancements/recipes/redstone/combustion_generator.json",

        "src/generated/v1.8/resources/data/advancedrocketrycommunity/advancements/recipes/redstone/small_plate_press.json",

        "src/generated/v1.8/resources/data/advancedrocketrycommunity/celestial_bodies/tau_ceti_f.json",

        "src/generated/v1.8/resources/data/advancedrocketrycommunity/celestial_bodies/tau_ceti_g.json",

        "src/generated/v1.8/resources/data/advancedrocketrycommunity/dimension/mars.json",

        "src/generated/v1.8/resources/data/advancedrocketrycommunity/dimension/moon.json",

        "src/generated/v1.8/resources/data/advancedrocketrycommunity/dimension/tau_ceti_f.json",

        "src/generated/v1.8/resources/data/advancedrocketrycommunity/dimension/tau_ceti_g.json",

        "src/generated/v1.8/resources/data/advancedrocketrycommunity/dimension/venus.json",

        "src/generated/v1.8/resources/data/advancedrocketrycommunity/dimension_type/tau_ceti_f.json",

        "src/generated/v1.8/resources/data/advancedrocketrycommunity/dimension_type/tau_ceti_g.json",

        "src/generated/v1.8/resources/data/advancedrocketrycommunity/forge/biome_modifier/overworld_ores.json",

        "src/generated/v1.8/resources/data/advancedrocketrycommunity/gas_harvest/gas_giant.json",

        "src/generated/v1.8/resources/data/advancedrocketrycommunity/loot_tables/blocks/advanced_motor.json",

        "src/generated/v1.8/resources/data/advancedrocketrycommunity/loot_tables/blocks/aluminum_block.json",

        "src/generated/v1.8/resources/data/advancedrocketrycommunity/loot_tables/blocks/aluminum_coil.json",

        "src/generated/v1.8/resources/data/advancedrocketrycommunity/loot_tables/blocks/aluminum_ore.json",

        "src/generated/v1.8/resources/data/advancedrocketrycommunity/loot_tables/blocks/blue_crystal_block.json",

        "src/generated/v1.8/resources/data/advancedrocketrycommunity/loot_tables/blocks/charcoal_log.json",

        "src/generated/v1.8/resources/data/advancedrocketrycommunity/loot_tables/blocks/combustion_generator.json",

        "src/generated/v1.8/resources/data/advancedrocketrycommunity/loot_tables/blocks/copper_coil.json",

        "src/generated/v1.8/resources/data/advancedrocketrycommunity/loot_tables/blocks/dark_moon_turf.json",

        "src/generated/v1.8/resources/data/advancedrocketrycommunity/loot_tables/blocks/deepslate_aluminum_ore.json",

        "src/generated/v1.8/resources/data/advancedrocketrycommunity/loot_tables/blocks/deepslate_dilithium_ore.json",

        "src/generated/v1.8/resources/data/advancedrocketrycommunity/loot_tables/blocks/deepslate_rutile_ore.json",

        "src/generated/v1.8/resources/data/advancedrocketrycommunity/loot_tables/blocks/deepslate_tin_ore.json",

        "src/generated/v1.8/resources/data/advancedrocketrycommunity/loot_tables/blocks/dilithium_ore.json",

        "src/generated/v1.8/resources/data/advancedrocketrycommunity/loot_tables/blocks/electric_mushroom.json",

        "src/generated/v1.8/resources/data/advancedrocketrycommunity/loot_tables/blocks/elite_motor.json",

        "src/generated/v1.8/resources/data/advancedrocketrycommunity/loot_tables/blocks/enhanced_motor.json",

        "src/generated/v1.8/resources/data/advancedrocketrycommunity/loot_tables/blocks/ferric_sand.json",

        "src/generated/v1.8/resources/data/advancedrocketrycommunity/loot_tables/blocks/geode_shell.json",

        "src/generated/v1.8/resources/data/advancedrocketrycommunity/loot_tables/blocks/gold_coil.json",

        "src/generated/v1.8/resources/data/advancedrocketrycommunity/loot_tables/blocks/green_crystal_block.json",

        "src/generated/v1.8/resources/data/advancedrocketrycommunity/loot_tables/blocks/iridium_block.json",

        "src/generated/v1.8/resources/data/advancedrocketrycommunity/loot_tables/blocks/iridium_coil.json",

        "src/generated/v1.8/resources/data/advancedrocketrycommunity/loot_tables/blocks/iridium_ore.json",

        "src/generated/v1.8/resources/data/advancedrocketrycommunity/loot_tables/blocks/lightwood_leaves.json",

        "src/generated/v1.8/resources/data/advancedrocketrycommunity/loot_tables/blocks/lightwood_log.json"

      ],

      "cwd": "D:\\GitHub\\AdvancedRocketry-Community",

      "started_utc": "2026-10-04T05:00:43.027448+00:00",

      "exit": 0,

      "log": "phase-commit01-32.log",

      "log_sha256": "e3b0c44298fc1c149afbf4c8996fb92427ae41e4649b934ca495991b7852b855"

    },

    {

      "command": [

        "git",

        "-c",

        "core.autocrlf=false",

        "add",

        "--",

        "src/generated/v1.8/resources/data/advancedrocketrycommunity/loot_tables/blocks/lightwood_planks.json",

        "src/generated/v1.8/resources/data/advancedrocketrycommunity/loot_tables/blocks/lightwood_sapling.json",

        "src/generated/v1.8/resources/data/advancedrocketrycommunity/loot_tables/blocks/moon_turf.json",

        "src/generated/v1.8/resources/data/advancedrocketrycommunity/loot_tables/blocks/motor.json",

        "src/generated/v1.8/resources/data/advancedrocketrycommunity/loot_tables/blocks/orange_crystal_block.json",

        "src/generated/v1.8/resources/data/advancedrocketrycommunity/loot_tables/blocks/pressurized_tank.json",

        "src/generated/v1.8/resources/data/advancedrocketrycommunity/loot_tables/blocks/pump.json",

        "src/generated/v1.8/resources/data/advancedrocketrycommunity/loot_tables/blocks/red_crystal_block.json",

        "src/generated/v1.8/resources/data/advancedrocketrycommunity/loot_tables/blocks/rutile_ore.json",

        "src/generated/v1.8/resources/data/advancedrocketrycommunity/loot_tables/blocks/small_plate_press.json",

        "src/generated/v1.8/resources/data/advancedrocketrycommunity/loot_tables/blocks/steel_block.json",

        "src/generated/v1.8/resources/data/advancedrocketrycommunity/loot_tables/blocks/tin_block.json",

        "src/generated/v1.8/resources/data/advancedrocketrycommunity/loot_tables/blocks/tin_ore.json",

        "src/generated/v1.8/resources/data/advancedrocketrycommunity/loot_tables/blocks/titanium_aluminide_block.json",

        "src/generated/v1.8/resources/data/advancedrocketrycommunity/loot_tables/blocks/titanium_block.json",

        "src/generated/v1.8/resources/data/advancedrocketrycommunity/loot_tables/blocks/titanium_coil.json",

        "src/generated/v1.8/resources/data/advancedrocketrycommunity/loot_tables/blocks/titanium_iridium_block.json",

        "src/generated/v1.8/resources/data/advancedrocketrycommunity/loot_tables/blocks/violet_crystal_block.json",

        "src/generated/v1.8/resources/data/advancedrocketrycommunity/loot_tables/blocks/yellow_crystal_block.json",

        "src/generated/v1.8/resources/data/advancedrocketrycommunity/recipes/advanced_motor.json",

        "src/generated/v1.8/resources/data/advancedrocketrycommunity/recipes/aluminum_block.json",

        "src/generated/v1.8/resources/data/advancedrocketrycommunity/recipes/aluminum_coil.json",

        "src/generated/v1.8/resources/data/advancedrocketrycommunity/recipes/aluminum_ingot_from_aluminum_block.json",

        "src/generated/v1.8/resources/data/advancedrocketrycommunity/recipes/aluminum_ingot_from_dust_blasting.json",

        "src/generated/v1.8/resources/data/advancedrocketrycommunity/recipes/aluminum_ingot_from_dust_smelting.json",

        "src/generated/v1.8/resources/data/advancedrocketrycommunity/recipes/aluminum_ingot_from_nuggets.json",

        "src/generated/v1.8/resources/data/advancedrocketrycommunity/recipes/aluminum_ingot_from_ore_blasting.json",

        "src/generated/v1.8/resources/data/advancedrocketrycommunity/recipes/aluminum_ingot_from_ore_smelting.json",

        "src/generated/v1.8/resources/data/advancedrocketrycommunity/recipes/aluminum_ingot_from_raw_blasting.json",

        "src/generated/v1.8/resources/data/advancedrocketrycommunity/recipes/aluminum_ingot_from_raw_smelting.json",

        "src/generated/v1.8/resources/data/advancedrocketrycommunity/recipes/aluminum_nugget.json",

        "src/generated/v1.8/resources/data/advancedrocketrycommunity/recipes/combustion_generator.json",

        "src/generated/v1.8/resources/data/advancedrocketrycommunity/recipes/copper_coil.json",

        "src/generated/v1.8/resources/data/advancedrocketrycommunity/recipes/copper_ingot_from_dust_blasting.json",

        "src/generated/v1.8/resources/data/advancedrocketrycommunity/recipes/copper_ingot_from_dust_smelting.json",

        "src/generated/v1.8/resources/data/advancedrocketrycommunity/recipes/copper_ingot_from_nuggets.json",

        "src/generated/v1.8/resources/data/advancedrocketrycommunity/recipes/copper_nugget.json",

        "src/generated/v1.8/resources/data/advancedrocketrycommunity/recipes/copper_rod.json",

        "src/generated/v1.8/resources/data/advancedrocketrycommunity/recipes/dilithium_dust_from_ore_blasting.json",

        "src/generated/v1.8/resources/data/advancedrocketrycommunity/recipes/dilithium_dust_from_ore_smelting.json",

        "src/generated/v1.8/resources/data/advancedrocketrycommunity/recipes/elite_motor.json",

        "src/generated/v1.8/resources/data/advancedrocketrycommunity/recipes/enhanced_motor.json",

        "src/generated/v1.8/resources/data/advancedrocketrycommunity/recipes/gold_coil.json",

        "src/generated/v1.8/resources/data/advancedrocketrycommunity/recipes/gold_ingot_from_dust_blasting.json",

        "src/generated/v1.8/resources/data/advancedrocketrycommunity/recipes/gold_ingot_from_dust_smelting.json",

        "src/generated/v1.8/resources/data/advancedrocketrycommunity/recipes/iridium_block.json",

        "src/generated/v1.8/resources/data/advancedrocketrycommunity/recipes/iridium_coil.json",

        "src/generated/v1.8/resources/data/advancedrocketrycommunity/recipes/iridium_ingot_from_dust_blasting.json",

        "src/generated/v1.8/resources/data/advancedrocketrycommunity/recipes/iridium_ingot_from_dust_smelting.json",

        "src/generated/v1.8/resources/data/advancedrocketrycommunity/recipes/iridium_ingot_from_iridium_block.json",

        "src/generated/v1.8/resources/data/advancedrocketrycommunity/recipes/iridium_ingot_from_nuggets.json",

        "src/generated/v1.8/resources/data/advancedrocketrycommunity/recipes/iridium_ingot_from_ore_blasting.json",

        "src/generated/v1.8/resources/data/advancedrocketrycommunity/recipes/iridium_ingot_from_ore_smelting.json",

        "src/generated/v1.8/resources/data/advancedrocketrycommunity/recipes/iridium_ingot_from_raw_blasting.json",

        "src/generated/v1.8/resources/data/advancedrocketrycommunity/recipes/iridium_ingot_from_raw_smelting.json",

        "src/generated/v1.8/resources/data/advancedrocketrycommunity/recipes/iridium_nugget.json",

        "src/generated/v1.8/resources/data/advancedrocketrycommunity/recipes/iridium_rod.json",

        "src/generated/v1.8/resources/data/advancedrocketrycommunity/recipes/iron_ingot_from_dust_blasting.json",

        "src/generated/v1.8/resources/data/advancedrocketrycommunity/recipes/iron_ingot_from_dust_smelting.json",

        "src/generated/v1.8/resources/data/advancedrocketrycommunity/recipes/iron_rod.json",

        "src/generated/v1.8/resources/data/advancedrocketrycommunity/recipes/lightwood_planks.json",

        "src/generated/v1.8/resources/data/advancedrocketrycommunity/recipes/motor.json",

        "src/generated/v1.8/resources/data/advancedrocketrycommunity/recipes/precision_control_circuit.json",

        "src/generated/v1.8/resources/data/advancedrocketrycommunity/recipes/precision_guidance_module.json",

        "src/generated/v1.8/resources/data/advancedrocketrycommunity/recipes/pressing_aluminum_dust.json",

        "src/generated/v1.8/resources/data/advancedrocketrycommunity/recipes/pressing_aluminum_plate.json",

        "src/generated/v1.8/resources/data/advancedrocketrycommunity/recipes/pressing_copper_dust.json",

        "src/generated/v1.8/resources/data/advancedrocketrycommunity/recipes/pressing_copper_plate.json",

        "src/generated/v1.8/resources/data/advancedrocketrycommunity/recipes/pressing_dilithium_dust.json",

        "src/generated/v1.8/resources/data/advancedrocketrycommunity/recipes/pressing_gold_dust.json",

        "src/generated/v1.8/resources/data/advancedrocketrycommunity/recipes/pressing_gold_plate.json",

        "src/generated/v1.8/resources/data/advancedrocketrycommunity/recipes/pressing_iridium_dust.json",

        "src/generated/v1.8/resources/data/advancedrocketrycommunity/recipes/pressing_iridium_plate.json",

        "src/generated/v1.8/resources/data/advancedrocketrycommunity/recipes/pressing_iron_dust.json",

        "src/generated/v1.8/resources/data/advancedrocketrycommunity/recipes/pressing_iron_plate.json",

        "src/generated/v1.8/resources/data/advancedrocketrycommunity/recipes/pressing_steel_plate.json",

        "src/generated/v1.8/resources/data/advancedrocketrycommunity/recipes/pressing_tin_dust.json",

        "src/generated/v1.8/resources/data/advancedrocketrycommunity/recipes/pressing_tin_plate.json",

        "src/generated/v1.8/resources/data/advancedrocketrycommunity/recipes/pressing_titanium_aluminide_plate.json",

        "src/generated/v1.8/resources/data/advancedrocketrycommunity/recipes/pressing_titanium_iridium_plate.json"

      ],

      "cwd": "D:\\GitHub\\AdvancedRocketry-Community",

      "started_utc": "2026-10-04T05:00:43.202645+00:00",

      "exit": 0,

      "log": "phase-commit01-33.log",

      "log_sha256": "e3b0c44298fc1c149afbf4c8996fb92427ae41e4649b934ca495991b7852b855"

    },

    {

      "command": [

        "git",

        "-c",

        "core.autocrlf=false",

        "add",

        "--",

        "src/generated/v1.8/resources/data/advancedrocketrycommunity/recipes/pressing_titanium_plate.json",

        "src/generated/v1.8/resources/data/advancedrocketrycommunity/recipes/pressurized_tank.json",

        "src/generated/v1.8/resources/data/advancedrocketrycommunity/recipes/pump.json",

        "src/generated/v1.8/resources/data/advancedrocketrycommunity/recipes/rolling_aluminum_plate.json",

        "src/generated/v1.8/resources/data/advancedrocketrycommunity/recipes/rolling_aluminum_sheet.json",

        "src/generated/v1.8/resources/data/advancedrocketrycommunity/recipes/rolling_copper_plate.json",

        "src/generated/v1.8/resources/data/advancedrocketrycommunity/recipes/rolling_copper_sheet.json",

        "src/generated/v1.8/resources/data/advancedrocketrycommunity/recipes/rolling_gold_plate.json",

        "src/generated/v1.8/resources/data/advancedrocketrycommunity/recipes/rolling_iridium_plate.json",

        "src/generated/v1.8/resources/data/advancedrocketrycommunity/recipes/rolling_iron_bars.json",

        "src/generated/v1.8/resources/data/advancedrocketrycommunity/recipes/rolling_iron_sheet.json",

        "src/generated/v1.8/resources/data/advancedrocketrycommunity/recipes/rolling_silicon_plate.json",

        "src/generated/v1.8/resources/data/advancedrocketrycommunity/recipes/rolling_steel_plate.json",

        "src/generated/v1.8/resources/data/advancedrocketrycommunity/recipes/rolling_steel_sheet.json",

        "src/generated/v1.8/resources/data/advancedrocketrycommunity/recipes/rolling_tin_plate.json",

        "src/generated/v1.8/resources/data/advancedrocketrycommunity/recipes/rolling_titanium_aluminide_plate.json",

        "src/generated/v1.8/resources/data/advancedrocketrycommunity/recipes/rolling_titanium_aluminide_sheet.json",

        "src/generated/v1.8/resources/data/advancedrocketrycommunity/recipes/rolling_titanium_iridium_plate.json",

        "src/generated/v1.8/resources/data/advancedrocketrycommunity/recipes/rolling_titanium_iridium_sheet.json",

        "src/generated/v1.8/resources/data/advancedrocketrycommunity/recipes/rolling_titanium_plate.json",

        "src/generated/v1.8/resources/data/advancedrocketrycommunity/recipes/rolling_titanium_sheet.json",

        "src/generated/v1.8/resources/data/advancedrocketrycommunity/recipes/silicon_ingot_from_dust_blasting.json",

        "src/generated/v1.8/resources/data/advancedrocketrycommunity/recipes/silicon_ingot_from_dust_smelting.json",

        "src/generated/v1.8/resources/data/advancedrocketrycommunity/recipes/silicon_ingot_from_nuggets.json",

        "src/generated/v1.8/resources/data/advancedrocketrycommunity/recipes/silicon_nugget.json",

        "src/generated/v1.8/resources/data/advancedrocketrycommunity/recipes/small_plate_press.json",

        "src/generated/v1.8/resources/data/advancedrocketrycommunity/recipes/steel_block.json",

        "src/generated/v1.8/resources/data/advancedrocketrycommunity/recipes/steel_fan.json",

        "src/generated/v1.8/resources/data/advancedrocketrycommunity/recipes/steel_gear.json",

        "src/generated/v1.8/resources/data/advancedrocketrycommunity/recipes/steel_ingot_from_dust_blasting.json",

        "src/generated/v1.8/resources/data/advancedrocketrycommunity/recipes/steel_ingot_from_dust_smelting.json",

        "src/generated/v1.8/resources/data/advancedrocketrycommunity/recipes/steel_ingot_from_nuggets.json",

        "src/generated/v1.8/resources/data/advancedrocketrycommunity/recipes/steel_ingot_from_steel_block.json",

        "src/generated/v1.8/resources/data/advancedrocketrycommunity/recipes/steel_nugget.json",

        "src/generated/v1.8/resources/data/advancedrocketrycommunity/recipes/steel_rod.json",

        "src/generated/v1.8/resources/data/advancedrocketrycommunity/recipes/tin_block.json",

        "src/generated/v1.8/resources/data/advancedrocketrycommunity/recipes/tin_ingot_from_dust_blasting.json",

        "src/generated/v1.8/resources/data/advancedrocketrycommunity/recipes/tin_ingot_from_dust_smelting.json",

        "src/generated/v1.8/resources/data/advancedrocketrycommunity/recipes/tin_ingot_from_nuggets.json",

        "src/generated/v1.8/resources/data/advancedrocketrycommunity/recipes/tin_ingot_from_ore_blasting.json",

        "src/generated/v1.8/resources/data/advancedrocketrycommunity/recipes/tin_ingot_from_ore_smelting.json",

        "src/generated/v1.8/resources/data/advancedrocketrycommunity/recipes/tin_ingot_from_raw_blasting.json",

        "src/generated/v1.8/resources/data/advancedrocketrycommunity/recipes/tin_ingot_from_raw_smelting.json",

        "src/generated/v1.8/resources/data/advancedrocketrycommunity/recipes/tin_ingot_from_tin_block.json",

        "src/generated/v1.8/resources/data/advancedrocketrycommunity/recipes/tin_nugget.json",

        "src/generated/v1.8/resources/data/advancedrocketrycommunity/recipes/titanium_aluminide_block.json",

        "src/generated/v1.8/resources/data/advancedrocketrycommunity/recipes/titanium_aluminide_gear.json",

        "src/generated/v1.8/resources/data/advancedrocketrycommunity/recipes/titanium_aluminide_ingot_from_dust_blasting.json",

        "src/generated/v1.8/resources/data/advancedrocketrycommunity/recipes/titanium_aluminide_ingot_from_dust_smelting.json",

        "src/generated/v1.8/resources/data/advancedrocketrycommunity/recipes/titanium_aluminide_ingot_from_nuggets.json",

        "src/generated/v1.8/resources/data/advancedrocketrycommunity/recipes/titanium_aluminide_ingot_from_titanium_aluminide_block.json",

        "src/generated/v1.8/resources/data/advancedrocketrycommunity/recipes/titanium_aluminide_nugget.json",

        "src/generated/v1.8/resources/data/advancedrocketrycommunity/recipes/titanium_aluminide_rod.json",

        "src/generated/v1.8/resources/data/advancedrocketrycommunity/recipes/titanium_block.json",

        "src/generated/v1.8/resources/data/advancedrocketrycommunity/recipes/titanium_coil.json",

        "src/generated/v1.8/resources/data/advancedrocketrycommunity/recipes/titanium_gear.json",

        "src/generated/v1.8/resources/data/advancedrocketrycommunity/recipes/titanium_ingot_from_dust_blasting.json",

        "src/generated/v1.8/resources/data/advancedrocketrycommunity/recipes/titanium_ingot_from_dust_smelting.json",

        "src/generated/v1.8/resources/data/advancedrocketrycommunity/recipes/titanium_ingot_from_nuggets.json",

        "src/generated/v1.8/resources/data/advancedrocketrycommunity/recipes/titanium_ingot_from_titanium_block.json",

        "src/generated/v1.8/resources/data/advancedrocketrycommunity/recipes/titanium_iridium_block.json",

        "src/generated/v1.8/resources/data/advancedrocketrycommunity/recipes/titanium_iridium_gear.json",

        "src/generated/v1.8/resources/data/advancedrocketrycommunity/recipes/titanium_iridium_ingot_from_dust_blasting.json",

        "src/generated/v1.8/resources/data/advancedrocketrycommunity/recipes/titanium_iridium_ingot_from_dust_smelting.json",

        "src/generated/v1.8/resources/data/advancedrocketrycommunity/recipes/titanium_iridium_ingot_from_nuggets.json",

        "src/generated/v1.8/resources/data/advancedrocketrycommunity/recipes/titanium_iridium_ingot_from_titanium_iridium_block.json",

        "src/generated/v1.8/resources/data/advancedrocketrycommunity/recipes/titanium_iridium_nugget.json",

        "src/generated/v1.8/resources/data/advancedrocketrycommunity/recipes/titanium_iridium_rod.json",

        "src/generated/v1.8/resources/data/advancedrocketrycommunity/recipes/titanium_nugget.json",

        "src/generated/v1.8/resources/data/advancedrocketrycommunity/recipes/titanium_rod.json",

        "src/generated/v1.8/resources/data/advancedrocketrycommunity/satellite_definitions/data_satellite.json",

        "src/generated/v1.8/resources/data/advancedrocketrycommunity/tags/blocks/coils.json",

        "src/generated/v1.8/resources/data/advancedrocketrycommunity/tags/blocks/coils/aluminum.json",

        "src/generated/v1.8/resources/data/advancedrocketrycommunity/tags/blocks/coils/copper.json",

        "src/generated/v1.8/resources/data/advancedrocketrycommunity/tags/blocks/coils/gold.json",

        "src/generated/v1.8/resources/data/advancedrocketrycommunity/tags/blocks/coils/iridium.json",

        "src/generated/v1.8/resources/data/advancedrocketrycommunity/tags/blocks/coils/titanium.json",

        "src/generated/v1.8/resources/data/advancedrocketrycommunity/tags/blocks/geode_ores.json",

        "src/generated/v1.8/resources/data/advancedrocketrycommunity/tags/blocks/motors.json",

        "src/generated/v1.8/resources/data/advancedrocketrycommunity/tags/blocks/pressurized_tanks.json"

      ],

      "cwd": "D:\\GitHub\\AdvancedRocketry-Community",

      "started_utc": "2026-10-04T05:00:43.321123+00:00",

      "exit": 0,

      "log": "phase-commit01-34.log",

      "log_sha256": "e3b0c44298fc1c149afbf4c8996fb92427ae41e4649b934ca495991b7852b855"

    },

    {

      "command": [

        "git",

        "-c",

        "core.autocrlf=false",

        "add",

        "--",

        "src/generated/v1.8/resources/data/advancedrocketrycommunity/tags/items/boules.json",

        "src/generated/v1.8/resources/data/advancedrocketrycommunity/tags/items/boules/silicon.json",

        "src/generated/v1.8/resources/data/advancedrocketrycommunity/tags/items/coils.json",

        "src/generated/v1.8/resources/data/advancedrocketrycommunity/tags/items/coils/aluminum.json",

        "src/generated/v1.8/resources/data/advancedrocketrycommunity/tags/items/coils/copper.json",

        "src/generated/v1.8/resources/data/advancedrocketrycommunity/tags/items/coils/gold.json",

        "src/generated/v1.8/resources/data/advancedrocketrycommunity/tags/items/coils/iridium.json",

        "src/generated/v1.8/resources/data/advancedrocketrycommunity/tags/items/coils/titanium.json",

        "src/generated/v1.8/resources/data/advancedrocketrycommunity/tags/items/fans.json",

        "src/generated/v1.8/resources/data/advancedrocketrycommunity/tags/items/fans/steel.json",

        "src/generated/v1.8/resources/data/advancedrocketrycommunity/tags/items/motors.json",

        "src/generated/v1.8/resources/data/advancedrocketrycommunity/tags/items/pressurized_tanks.json",

        "src/generated/v1.8/resources/data/advancedrocketrycommunity/tags/items/sheets.json",

        "src/generated/v1.8/resources/data/advancedrocketrycommunity/tags/items/sheets/aluminum.json",

        "src/generated/v1.8/resources/data/advancedrocketrycommunity/tags/items/sheets/copper.json",

        "src/generated/v1.8/resources/data/advancedrocketrycommunity/tags/items/sheets/iron.json",

        "src/generated/v1.8/resources/data/advancedrocketrycommunity/tags/items/sheets/steel.json",

        "src/generated/v1.8/resources/data/advancedrocketrycommunity/tags/items/sheets/titanium.json",

        "src/generated/v1.8/resources/data/advancedrocketrycommunity/tags/items/sheets/titanium_aluminide.json",

        "src/generated/v1.8/resources/data/advancedrocketrycommunity/tags/items/sheets/titanium_iridium.json",

        "src/generated/v1.8/resources/data/advancedrocketrycommunity/tags/worldgen/biome/has_structure/geode.json",

        "src/generated/v1.8/resources/data/advancedrocketrycommunity/tags/worldgen/biome/has_structure/mars_crater.json",

        "src/generated/v1.8/resources/data/advancedrocketrycommunity/tags/worldgen/biome/has_structure/moon_crater.json",

        "src/generated/v1.8/resources/data/advancedrocketrycommunity/tags/worldgen/biome/has_structure/volcano.json",

        "src/generated/v1.8/resources/data/advancedrocketrycommunity/travel_routes/tau_ceti_f_g.json",

        "src/generated/v1.8/resources/data/advancedrocketrycommunity/travel_routes/tau_ceti_f_surface_orbit.json",

        "src/generated/v1.8/resources/data/advancedrocketrycommunity/travel_routes/tau_ceti_g_surface_orbit.json",

        "src/generated/v1.8/resources/data/advancedrocketrycommunity/worldgen/biome/alien_forest.json",

        "src/generated/v1.8/resources/data/advancedrocketrycommunity/worldgen/biome/crystal_chasms.json",

        "src/generated/v1.8/resources/data/advancedrocketrycommunity/worldgen/biome/deep_swamp.json",

        "src/generated/v1.8/resources/data/advancedrocketrycommunity/worldgen/biome/ferric_regolith.json",

        "src/generated/v1.8/resources/data/advancedrocketrycommunity/worldgen/biome/marsh.json",

        "src/generated/v1.8/resources/data/advancedrocketrycommunity/worldgen/biome/ocean_spires.json",

        "src/generated/v1.8/resources/data/advancedrocketrycommunity/worldgen/biome/regolith_highlands.json",

        "src/generated/v1.8/resources/data/advancedrocketrycommunity/worldgen/biome/regolith_lowlands.json",

        "src/generated/v1.8/resources/data/advancedrocketrycommunity/worldgen/biome/stormland.json",

        "src/generated/v1.8/resources/data/advancedrocketrycommunity/worldgen/biome/volcanic.json",

        "src/generated/v1.8/resources/data/advancedrocketrycommunity/worldgen/biome/volcanic_lowlands.json",

        "src/generated/v1.8/resources/data/advancedrocketrycommunity/worldgen/configured_feature/charred_tree.json",

        "src/generated/v1.8/resources/data/advancedrocketrycommunity/worldgen/configured_feature/crystal_cluster.json",

        "src/generated/v1.8/resources/data/advancedrocketrycommunity/worldgen/configured_feature/electric_mushrooms.json",

        "src/generated/v1.8/resources/data/advancedrocketrycommunity/worldgen/configured_feature/giant_swamp_tree.json",

        "src/generated/v1.8/resources/data/advancedrocketrycommunity/worldgen/configured_feature/inverted_pillar.json",

        "src/generated/v1.8/resources/data/advancedrocketrycommunity/worldgen/configured_feature/lightwood_tree.json",

        "src/generated/v1.8/resources/data/advancedrocketrycommunity/worldgen/configured_feature/mars_aluminum_ore.json",

        "src/generated/v1.8/resources/data/advancedrocketrycommunity/worldgen/configured_feature/mars_copper_ore.json",

        "src/generated/v1.8/resources/data/advancedrocketrycommunity/worldgen/configured_feature/mars_dilithium_ore.json",

        "src/generated/v1.8/resources/data/advancedrocketrycommunity/worldgen/configured_feature/mars_iridium_ore.json",

        "src/generated/v1.8/resources/data/advancedrocketrycommunity/worldgen/configured_feature/mars_rutile_ore.json",

        "src/generated/v1.8/resources/data/advancedrocketrycommunity/worldgen/configured_feature/mars_tin_ore.json",

        "src/generated/v1.8/resources/data/advancedrocketrycommunity/worldgen/configured_feature/moon_aluminum_ore.json",

        "src/generated/v1.8/resources/data/advancedrocketrycommunity/worldgen/configured_feature/moon_copper_ore.json",

        "src/generated/v1.8/resources/data/advancedrocketrycommunity/worldgen/configured_feature/moon_dilithium_ore.json",

        "src/generated/v1.8/resources/data/advancedrocketrycommunity/worldgen/configured_feature/moon_iridium_ore.json",

        "src/generated/v1.8/resources/data/advancedrocketrycommunity/worldgen/configured_feature/moon_rutile_ore.json",

        "src/generated/v1.8/resources/data/advancedrocketrycommunity/worldgen/configured_feature/moon_tin_ore.json",

        "src/generated/v1.8/resources/data/advancedrocketrycommunity/worldgen/configured_feature/overworld_aluminum_ore.json",

        "src/generated/v1.8/resources/data/advancedrocketrycommunity/worldgen/configured_feature/overworld_dilithium_ore.json",

        "src/generated/v1.8/resources/data/advancedrocketrycommunity/worldgen/configured_feature/overworld_rutile_ore.json",

        "src/generated/v1.8/resources/data/advancedrocketrycommunity/worldgen/configured_feature/overworld_tin_ore.json",

        "src/generated/v1.8/resources/data/advancedrocketrycommunity/worldgen/noise/moon_terrain.json",

        "src/generated/v1.8/resources/data/advancedrocketrycommunity/worldgen/noise/tau_ceti_f_terrain.json",

        "src/generated/v1.8/resources/data/advancedrocketrycommunity/worldgen/noise/tau_ceti_g_terrain.json",

        "src/generated/v1.8/resources/data/advancedrocketrycommunity/worldgen/noise_settings/mars.json",

        "src/generated/v1.8/resources/data/advancedrocketrycommunity/worldgen/noise_settings/moon.json",

        "src/generated/v1.8/resources/data/advancedrocketrycommunity/worldgen/noise_settings/tau_ceti_f.json",

        "src/generated/v1.8/resources/data/advancedrocketrycommunity/worldgen/noise_settings/tau_ceti_g.json",

        "src/generated/v1.8/resources/data/advancedrocketrycommunity/worldgen/noise_settings/venus.json",

        "src/generated/v1.8/resources/data/advancedrocketrycommunity/worldgen/placed_feature/alien_forest_grass.json",

        "src/generated/v1.8/resources/data/advancedrocketrycommunity/worldgen/placed_feature/charred_tree.json",

        "src/generated/v1.8/resources/data/advancedrocketrycommunity/worldgen/placed_feature/crystal_cluster.json",

        "src/generated/v1.8/resources/data/advancedrocketrycommunity/worldgen/placed_feature/electric_mushrooms.json",

        "src/generated/v1.8/resources/data/advancedrocketrycommunity/worldgen/placed_feature/giant_swamp_tree.json",

        "src/generated/v1.8/resources/data/advancedrocketrycommunity/worldgen/placed_feature/inverted_pillar.json",

        "src/generated/v1.8/resources/data/advancedrocketrycommunity/worldgen/placed_feature/lightwood_tree.json",

        "src/generated/v1.8/resources/data/advancedrocketrycommunity/worldgen/placed_feature/mars_aluminum_ore.json",

        "src/generated/v1.8/resources/data/advancedrocketrycommunity/worldgen/placed_feature/mars_copper_ore.json",

        "src/generated/v1.8/resources/data/advancedrocketrycommunity/worldgen/placed_feature/mars_dilithium_ore.json",

        "src/generated/v1.8/resources/data/advancedrocketrycommunity/worldgen/placed_feature/mars_iridium_ore.json",

        "src/generated/v1.8/resources/data/advancedrocketrycommunity/worldgen/placed_feature/mars_rutile_ore.json"

      ],

      "cwd": "D:\\GitHub\\AdvancedRocketry-Community",

      "started_utc": "2026-10-04T05:00:43.488210+00:00",

      "exit": 0,

      "log": "phase-commit01-35.log",

      "log_sha256": "e3b0c44298fc1c149afbf4c8996fb92427ae41e4649b934ca495991b7852b855"

    },

    {

      "command": [

        "git",

        "-c",

        "core.autocrlf=false",

        "add",

        "--",

        "src/generated/v1.8/resources/data/advancedrocketrycommunity/worldgen/placed_feature/mars_tin_ore.json",

        "src/generated/v1.8/resources/data/advancedrocketrycommunity/worldgen/placed_feature/moon_aluminum_ore.json",

        "src/generated/v1.8/resources/data/advancedrocketrycommunity/worldgen/placed_feature/moon_copper_ore.json",

        "src/generated/v1.8/resources/data/advancedrocketrycommunity/worldgen/placed_feature/moon_dilithium_ore.json",

        "src/generated/v1.8/resources/data/advancedrocketrycommunity/worldgen/placed_feature/moon_iridium_ore.json",

        "src/generated/v1.8/resources/data/advancedrocketrycommunity/worldgen/placed_feature/moon_rutile_ore.json",

        "src/generated/v1.8/resources/data/advancedrocketrycommunity/worldgen/placed_feature/moon_tin_ore.json",

        "src/generated/v1.8/resources/data/advancedrocketrycommunity/worldgen/placed_feature/overworld_aluminum_ore.json",

        "src/generated/v1.8/resources/data/advancedrocketrycommunity/worldgen/placed_feature/overworld_dilithium_ore.json",

        "src/generated/v1.8/resources/data/advancedrocketrycommunity/worldgen/placed_feature/overworld_rutile_ore.json",

        "src/generated/v1.8/resources/data/advancedrocketrycommunity/worldgen/placed_feature/overworld_tin_ore.json",

        "src/generated/v1.8/resources/data/advancedrocketrycommunity/worldgen/placed_feature/stormland_charred_tree.json",

        "src/generated/v1.8/resources/data/advancedrocketrycommunity/worldgen/structure/geode.json",

        "src/generated/v1.8/resources/data/advancedrocketrycommunity/worldgen/structure/mars_crater.json",

        "src/generated/v1.8/resources/data/advancedrocketrycommunity/worldgen/structure/moon_crater.json",

        "src/generated/v1.8/resources/data/advancedrocketrycommunity/worldgen/structure/volcano.json",

        "src/generated/v1.8/resources/data/advancedrocketrycommunity/worldgen/structure_set/geodes.json",

        "src/generated/v1.8/resources/data/advancedrocketrycommunity/worldgen/structure_set/mars_craters.json",

        "src/generated/v1.8/resources/data/advancedrocketrycommunity/worldgen/structure_set/moon_craters.json",

        "src/generated/v1.8/resources/data/advancedrocketrycommunity/worldgen/structure_set/volcanoes.json",

        "src/generated/v1.8/resources/data/forge/tags/blocks/ores.json",

        "src/generated/v1.8/resources/data/forge/tags/blocks/ores/aluminum.json",

        "src/generated/v1.8/resources/data/forge/tags/blocks/ores/dilithium.json",

        "src/generated/v1.8/resources/data/forge/tags/blocks/ores/iridium.json",

        "src/generated/v1.8/resources/data/forge/tags/blocks/ores/rutile.json",

        "src/generated/v1.8/resources/data/forge/tags/blocks/ores/tin.json",

        "src/generated/v1.8/resources/data/forge/tags/blocks/ores/titanium.json",

        "src/generated/v1.8/resources/data/forge/tags/blocks/ores_in_ground/deepslate.json",

        "src/generated/v1.8/resources/data/forge/tags/blocks/ores_in_ground/stone.json",

        "src/generated/v1.8/resources/data/forge/tags/blocks/storage_blocks.json",

        "src/generated/v1.8/resources/data/forge/tags/blocks/storage_blocks/aluminum.json",

        "src/generated/v1.8/resources/data/forge/tags/blocks/storage_blocks/iridium.json",

        "src/generated/v1.8/resources/data/forge/tags/blocks/storage_blocks/steel.json",

        "src/generated/v1.8/resources/data/forge/tags/blocks/storage_blocks/tin.json",

        "src/generated/v1.8/resources/data/forge/tags/blocks/storage_blocks/titanium.json",

        "src/generated/v1.8/resources/data/forge/tags/blocks/storage_blocks/titanium_aluminide.json",

        "src/generated/v1.8/resources/data/forge/tags/blocks/storage_blocks/titanium_iridium.json",

        "src/generated/v1.8/resources/data/forge/tags/items/dusts.json",

        "src/generated/v1.8/resources/data/forge/tags/items/dusts/aluminum.json",

        "src/generated/v1.8/resources/data/forge/tags/items/dusts/copper.json",

        "src/generated/v1.8/resources/data/forge/tags/items/dusts/dilithium.json",

        "src/generated/v1.8/resources/data/forge/tags/items/dusts/gold.json",

        "src/generated/v1.8/resources/data/forge/tags/items/dusts/iridium.json",

        "src/generated/v1.8/resources/data/forge/tags/items/dusts/iron.json",

        "src/generated/v1.8/resources/data/forge/tags/items/dusts/silicon.json",

        "src/generated/v1.8/resources/data/forge/tags/items/dusts/steel.json",

        "src/generated/v1.8/resources/data/forge/tags/items/dusts/tin.json",

        "src/generated/v1.8/resources/data/forge/tags/items/dusts/titanium.json",

        "src/generated/v1.8/resources/data/forge/tags/items/dusts/titanium_aluminide.json",

        "src/generated/v1.8/resources/data/forge/tags/items/dusts/titanium_iridium.json",

        "src/generated/v1.8/resources/data/forge/tags/items/gears.json",

        "src/generated/v1.8/resources/data/forge/tags/items/gears/steel.json",

        "src/generated/v1.8/resources/data/forge/tags/items/gears/titanium.json",

        "src/generated/v1.8/resources/data/forge/tags/items/gears/titanium_aluminide.json",

        "src/generated/v1.8/resources/data/forge/tags/items/gears/titanium_iridium.json",

        "src/generated/v1.8/resources/data/forge/tags/items/gems.json",

        "src/generated/v1.8/resources/data/forge/tags/items/gems/dilithium.json",

        "src/generated/v1.8/resources/data/forge/tags/items/ingots.json",

        "src/generated/v1.8/resources/data/forge/tags/items/ingots/aluminum.json",

        "src/generated/v1.8/resources/data/forge/tags/items/ingots/iridium.json",

        "src/generated/v1.8/resources/data/forge/tags/items/ingots/silicon.json",

        "src/generated/v1.8/resources/data/forge/tags/items/ingots/steel.json",

        "src/generated/v1.8/resources/data/forge/tags/items/ingots/tin.json",

        "src/generated/v1.8/resources/data/forge/tags/items/ingots/titanium.json",

        "src/generated/v1.8/resources/data/forge/tags/items/ingots/titanium_aluminide.json",

        "src/generated/v1.8/resources/data/forge/tags/items/ingots/titanium_iridium.json",

        "src/generated/v1.8/resources/data/forge/tags/items/nuggets.json",

        "src/generated/v1.8/resources/data/forge/tags/items/nuggets/aluminum.json",

        "src/generated/v1.8/resources/data/forge/tags/items/nuggets/copper.json",

        "src/generated/v1.8/resources/data/forge/tags/items/nuggets/iridium.json",

        "src/generated/v1.8/resources/data/forge/tags/items/nuggets/silicon.json",

        "src/generated/v1.8/resources/data/forge/tags/items/nuggets/steel.json",

        "src/generated/v1.8/resources/data/forge/tags/items/nuggets/tin.json",

        "src/generated/v1.8/resources/data/forge/tags/items/nuggets/titanium.json",

        "src/generated/v1.8/resources/data/forge/tags/items/nuggets/titanium_aluminide.json",

        "src/generated/v1.8/resources/data/forge/tags/items/nuggets/titanium_iridium.json",

        "src/generated/v1.8/resources/data/forge/tags/items/ores.json",

        "src/generated/v1.8/resources/data/forge/tags/items/ores/aluminum.json",

        "src/generated/v1.8/resources/data/forge/tags/items/ores/dilithium.json",

        "src/generated/v1.8/resources/data/forge/tags/items/ores/iridium.json"

      ],

      "cwd": "D:\\GitHub\\AdvancedRocketry-Community",

      "started_utc": "2026-10-04T05:00:43.602712+00:00",

      "exit": 0,

      "log": "phase-commit01-36.log",

      "log_sha256": "e3b0c44298fc1c149afbf4c8996fb92427ae41e4649b934ca495991b7852b855"

    },

    {

      "command": [

        "git",

        "-c",

        "core.autocrlf=false",

        "add",

        "--",

        "src/generated/v1.8/resources/data/forge/tags/items/ores/rutile.json",

        "src/generated/v1.8/resources/data/forge/tags/items/ores/tin.json",

        "src/generated/v1.8/resources/data/forge/tags/items/ores/titanium.json",

        "src/generated/v1.8/resources/data/forge/tags/items/ores_in_ground/deepslate.json",

        "src/generated/v1.8/resources/data/forge/tags/items/ores_in_ground/stone.json",

        "src/generated/v1.8/resources/data/forge/tags/items/plates.json",

        "src/generated/v1.8/resources/data/forge/tags/items/plates/aluminum.json",

        "src/generated/v1.8/resources/data/forge/tags/items/plates/copper.json",

        "src/generated/v1.8/resources/data/forge/tags/items/plates/gold.json",

        "src/generated/v1.8/resources/data/forge/tags/items/plates/iridium.json",

        "src/generated/v1.8/resources/data/forge/tags/items/plates/iron.json",

        "src/generated/v1.8/resources/data/forge/tags/items/plates/silicon.json",

        "src/generated/v1.8/resources/data/forge/tags/items/plates/steel.json",

        "src/generated/v1.8/resources/data/forge/tags/items/plates/tin.json",

        "src/generated/v1.8/resources/data/forge/tags/items/plates/titanium.json",

        "src/generated/v1.8/resources/data/forge/tags/items/plates/titanium_aluminide.json",

        "src/generated/v1.8/resources/data/forge/tags/items/plates/titanium_iridium.json",

        "src/generated/v1.8/resources/data/forge/tags/items/raw_materials.json",

        "src/generated/v1.8/resources/data/forge/tags/items/raw_materials/aluminum.json",

        "src/generated/v1.8/resources/data/forge/tags/items/raw_materials/iridium.json",

        "src/generated/v1.8/resources/data/forge/tags/items/raw_materials/rutile.json",

        "src/generated/v1.8/resources/data/forge/tags/items/raw_materials/tin.json",

        "src/generated/v1.8/resources/data/forge/tags/items/rods.json",

        "src/generated/v1.8/resources/data/forge/tags/items/rods/copper.json",

        "src/generated/v1.8/resources/data/forge/tags/items/rods/iridium.json",

        "src/generated/v1.8/resources/data/forge/tags/items/rods/iron.json",

        "src/generated/v1.8/resources/data/forge/tags/items/rods/steel.json",

        "src/generated/v1.8/resources/data/forge/tags/items/rods/titanium.json",

        "src/generated/v1.8/resources/data/forge/tags/items/rods/titanium_aluminide.json",

        "src/generated/v1.8/resources/data/forge/tags/items/rods/titanium_iridium.json",

        "src/generated/v1.8/resources/data/forge/tags/items/storage_blocks.json",

        "src/generated/v1.8/resources/data/forge/tags/items/storage_blocks/aluminum.json",

        "src/generated/v1.8/resources/data/forge/tags/items/storage_blocks/iridium.json",

        "src/generated/v1.8/resources/data/forge/tags/items/storage_blocks/steel.json",

        "src/generated/v1.8/resources/data/forge/tags/items/storage_blocks/tin.json",

        "src/generated/v1.8/resources/data/forge/tags/items/storage_blocks/titanium.json",

        "src/generated/v1.8/resources/data/forge/tags/items/storage_blocks/titanium_aluminide.json",

        "src/generated/v1.8/resources/data/forge/tags/items/storage_blocks/titanium_iridium.json",

        "src/generated/v1.8/resources/data/minecraft/tags/blocks/leaves.json",

        "src/generated/v1.8/resources/data/minecraft/tags/blocks/logs_that_burn.json",

        "src/generated/v1.8/resources/data/minecraft/tags/blocks/mineable/axe.json",

        "src/generated/v1.8/resources/data/minecraft/tags/blocks/mineable/pickaxe.json",

        "src/generated/v1.8/resources/data/minecraft/tags/blocks/mineable/shovel.json",

        "src/generated/v1.8/resources/data/minecraft/tags/blocks/needs_iron_tool.json",

        "src/generated/v1.8/resources/data/minecraft/tags/blocks/needs_stone_tool.json",

        "src/generated/v1.8/resources/data/minecraft/tags/blocks/planks.json",

        "src/generated/v1.8/resources/data/minecraft/tags/blocks/saplings.json",

        "src/generated/v1.8/resources/data/minecraft/tags/items/leaves.json",

        "src/generated/v1.8/resources/data/minecraft/tags/items/logs_that_burn.json",

        "src/generated/v1.8/resources/data/minecraft/tags/items/planks.json",

        "src/generated/v1.8/resources/data/minecraft/tags/items/saplings.json",

        "docs/provenance/v1.8.0-c16a-pump-new-resources.md",

        "docs/provenance/v1.8.0-c16a-tank-new-resources.md",

        "docs/provenance/v1.8.0-development-metadata.md",

        "THIRD-PARTY-NOTICES.md"

      ],

      "cwd": "D:\\GitHub\\AdvancedRocketry-Community",

      "started_utc": "2026-10-04T05:00:43.697583+00:00",

      "exit": 0,

      "log": "phase-commit01-37.log",

      "log_sha256": "e3b0c44298fc1c149afbf4c8996fb92427ae41e4649b934ca495991b7852b855"

    },

    {

      "command": [

        "git",

        "diff",

        "--cached",

        "--name-only"

      ],

      "cwd": "D:\\GitHub\\AdvancedRocketry-Community",

      "started_utc": "2026-10-04T05:00:43.797019+00:00",

      "exit": 0,

      "log": "phase-commit01-38.log",

      "log_sha256": "52149af3c61690a008c83fbb0aad7ac0581b98ae024391c1507e1a5b7301a1bb"

    },

    {

      "command": [

        "git",

        "diff",

        "--cached",

        "--check"

      ],

      "cwd": "D:\\GitHub\\AdvancedRocketry-Community",

      "started_utc": "2026-10-04T05:00:43.860124+00:00",

      "exit": 0,

      "log": "phase-commit01-39.log",

      "log_sha256": "e3b0c44298fc1c149afbf4c8996fb92427ae41e4649b934ca495991b7852b855"

    },

    {

      "command": [

        "git",

        "commit",

        "-m",

        "feat(data): add v1.8 generated machine content and original art",

        "-m",

        "Keep generated recipes, models, language and original textures separate from implementation changes.\nThe actual Root runData reports 771 files and zero repeat writes; provenance validation exits 0."

      ],

      "cwd": "D:\\GitHub\\AdvancedRocketry-Community",

      "started_utc": "2026-10-04T05:00:43.954141+00:00",

      "exit": 0,

      "log": "phase-commit01-40.log",

      "log_sha256": "5b457a16fc4defb61e25d3d4bcf1eaf769343b53508ad53a88d85e03897c572c"

    },

    {

      "command": [

        "git",

        "rev-parse",

        "HEAD"

      ],

      "cwd": "D:\\GitHub\\AdvancedRocketry-Community",

      "started_utc": "2026-10-04T05:00:44.423274+00:00",

      "exit": 0,

      "log": "phase-commit01-41.log",

      "log_sha256": "54cdc7c5121da69164bade41dc987b3bb8f410455eac4bedbac7122ad7f26b78"

    },

    {

      "command": [

        "git",

        "-c",

        "core.autocrlf=false",

        "add",

        "--",

        "scripts/check-debian12-dev-host.sh",

        "scripts/check_celestial_identity.py",

        "scripts/check_clean_worktree.py",

        "scripts/check_client_imports.py",

        "scripts/ci_artifact_identity.py",

        "scripts/collect_v002_manual_evidence.py",

        "scripts/collect_v090_compatibility_evidence.py",

        "scripts/generate_v002_g0_evidence.py",

        "scripts/inspect_celestial_saved_data.py",

        "scripts/inspect_v100_world_upgrade.py",

        "scripts/java/DiscoveryCutProbe.java",

        "scripts/manage_v010_generated_manifest.py",

        "scripts/manage_v020_generated_manifest.py",

        "scripts/manage_v030_generated_manifest.py",

        "scripts/manage_v040_generated_manifest.py",

        "scripts/manage_v050_generated_manifest.py",

        "scripts/manage_v060_generated_manifest.py",

        "scripts/manage_v070_generated_manifest.py",

        "scripts/manage_v080_generated_manifest.py",

        "scripts/prepare_v002_final_g0_review_inputs.py",

        "scripts/prepare_v002_g0_review_packet.py",

        "scripts/run_dedicated_server_smoke.py",

        "scripts/run_v002_mismatch_server_cycle.py",

        "scripts/run_v020_machine_server_smoke.py",

        "scripts/run_v030_celestial_server_smoke.py",

        "scripts/run_v040_atmosphere_server_smoke.py",

        "scripts/run_v050_rocket_server_smoke.py",

        "scripts/run_v060_flight_server_smoke.py",

        "scripts/run_v070_multiplayer_server_smoke.py",

        "scripts/run_v070_station_server_smoke.py",

        "scripts/run_v080_multiplayer_server_smoke.py",

        "scripts/run_v080_satellite_server_smoke.py",

        "scripts/run_v090_forced_stop_recovery.py",

        "scripts/run_v090_migration_server_smoke.py",

        "scripts/run_v090_soak_server.py",

        "scripts/run_v100_beta_world_upgrade.py",

        "scripts/run_v100_compatibility_matrix.py",

        "scripts/run_v100_flight_forced_stop.py",

        "scripts/run_v100_transaction_forced_stop.py",

        "scripts/run_v120_electrolyzer_beta_migration_smoke.py",

        "scripts/run_v120_precision_legacy_migration_smoke.py",

        "scripts/run_v120_precision_restart_smoke.py",

        "scripts/run_v120_rolling_restart_smoke.py",

        "scripts/run_v130_adapter_flight_smoke.py",

        "scripts/run_v130_adapter_recovery_smoke.py",

        "scripts/run_v130_atmosphere_boundary_smoke.py",

        "scripts/run_v130_component_smoke.py",

        "scripts/run_v130_environment_smoke.py",

        "scripts/run_v130_fuel_smoke.py",

        "scripts/run_v130_satellite_payload_smoke.py",

        "scripts/run_v130_suit_equipment_smoke.py",

        "scripts/run_v140_celestial_schema_smoke.py",

        "scripts/run_v140_discovery_cut_smoke.py",

        "scripts/run_v140_migration_smoke.py",

        "scripts/run_v140_planetary_worlds_smoke.py",

        "scripts/run_v180_combustion_smoke.py",

        "scripts/run_v180_fluid_smoke.py",

        "scripts/run_v180_motor_smoke.py",

        "scripts/run_v180_pump_smoke.py",

        "scripts/run_v180_signature_smoke.py",

        "scripts/run_v180_tank_smoke.py",

        "scripts/start-xvfb-visual-smoke.sh",

        "scripts/tmux-arce-layout.sh",

        "scripts/v100_beta_world_fixture.py",

        "scripts/v100_compatibility_runtime.py",

        "scripts/v120_electrolyzer_world_fixture.py",

        "scripts/v120_precision_world_fixture.py",

        "scripts/v120_rolling_world_fixture.py",

        "scripts/v140_discovery_cut_fixture.py",

        "scripts/v140_migration_fixture.py",

        "scripts/validate_bootstrap_provenance.py",

        "scripts/validate_build_artifact.py",

        "scripts/validate_release_checksums.py",

        "scripts/validate_repository.py",

        "scripts/validate_v002_final_g0_review.py",

        "scripts/validate_v002_g4_applicability.py",

        "scripts/validate_v010_asset_baseline.py",

        "scripts/validate_v010_release_evidence.py",

        "scripts/validate_v020_release_evidence.py",

        "scripts/validate_v030_release_evidence.py"

      ],

      "cwd": "D:\\GitHub\\AdvancedRocketry-Community",

      "started_utc": "2026-10-04T05:00:44.479235+00:00",

      "exit": 0,

      "log": "phase-commit01-42.log",

      "log_sha256": "e3b0c44298fc1c149afbf4c8996fb92427ae41e4649b934ca495991b7852b855"

    },

    {

      "command": [

        "git",

        "-c",

        "core.autocrlf=false",

        "add",

        "--",

        "scripts/validate_v040_release_evidence.py",

        "scripts/validate_v050_release_evidence.py",

        "scripts/validate_v060_release_evidence.py",

        "scripts/validate_v070_release_evidence.py",

        "scripts/validate_v080_release_evidence.py",

        "scripts/validate_v090_migration_fixtures.py",

        "scripts/validate_v090_release_evidence.py",

        "scripts/validate_v090_resources.py",

        "scripts/validate_v120_machine_resources.py",

        "scripts/validate_v180_content_ledger.py",

        "scripts/validate_v1plus_planning.py",

        "tests/test_audit_upstream.py",

        "tests/test_bootstrap_version_dispatch.py",

        "tests/test_check_celestial_identity.py",

        "tests/test_check_clean_worktree.py",

        "tests/test_check_client_imports.py",

        "tests/test_ci_artifact_identity.py",

        "tests/test_collect_v002_manual_evidence.py",

        "tests/test_collect_v090_compatibility_evidence.py",

        "tests/test_dedicated_server_smoke.py",

        "tests/test_generate_v002_g0_evidence.py",

        "tests/test_import_v010_assets.py",

        "tests/test_inspect_celestial_saved_data.py",

        "tests/test_manage_v010_generated_manifest.py",

        "tests/test_manage_v030_generated_manifest.py",

        "tests/test_manage_v040_generated_manifest.py",

        "tests/test_manage_v050_generated_manifest.py",

        "tests/test_manage_v060_generated_manifest.py",

        "tests/test_manage_v070_generated_manifest.py",

        "tests/test_manage_v080_generated_manifest.py",

        "tests/test_prepare_v002_final_g0_review_inputs.py",

        "tests/test_prepare_v002_g0_review_packet.py",

        "tests/test_run_v002_mismatch_server_cycle.py",

        "tests/test_run_v030_celestial_server_smoke.py",

        "tests/test_run_v040_atmosphere_server_smoke.py",

        "tests/test_run_v050_rocket_server_smoke.py",

        "tests/test_run_v060_flight_server_smoke.py",

        "tests/test_run_v070_multiplayer_server_smoke.py",

        "tests/test_run_v070_station_server_smoke.py",

        "tests/test_run_v080_multiplayer_server_smoke.py",

        "tests/test_run_v090_forced_stop_recovery.py",

        "tests/test_run_v090_migration_server_smoke.py",

        "tests/test_run_v090_soak_server.py",

        "tests/test_run_v100_beta_world_upgrade.py",

        "tests/test_run_v100_flight_forced_stop.py",

        "tests/test_run_v100_transaction_forced_stop.py",

        "tests/test_run_v180_combustion_smoke.py",

        "tests/test_run_v180_fluid_smoke.py",

        "tests/test_run_v180_motor_smoke.py",

        "tests/test_run_v180_pump_smoke.py",

        "tests/test_run_v180_signature_smoke.py",

        "tests/test_run_v180_tank_smoke.py",

        "tests/test_screen_generated_art.py",

        "tests/test_v100_compatibility_matrix.py",

        "tests/test_v120_electrolyzer_beta_migration_smoke.py",

        "tests/test_v120_electrolyzer_world_fixture.py",

        "tests/test_v120_precision_world_fixture.py",

        "tests/test_v120_rolling_world_fixture.py",

        "tests/test_v130_adapter_flight_smoke.py",

        "tests/test_v130_adapter_recovery_smoke.py",

        "tests/test_v130_atmosphere_boundary_smoke.py",

        "tests/test_v130_component_smoke.py",

        "tests/test_v130_environment_smoke.py",

        "tests/test_v130_fuel_smoke.py",

        "tests/test_v130_satellite_payload_smoke.py",

        "tests/test_v130_suit_equipment_smoke.py",

        "tests/test_v140_celestial_schema_smoke.py",

        "tests/test_v140_discovery_cut_smoke.py",

        "tests/test_v140_migration_smoke.py",

        "tests/test_v140_planetary_worlds_smoke.py",

        "tests/test_v1plus_linux_helpers.py",

        "tests/test_v1plus_planning.py",

        "tests/test_validate_bootstrap_provenance.py",

        "tests/test_validate_build_artifact.py",

        "tests/test_validate_release_checksums.py",

        "tests/test_validate_repository.py",

        "tests/test_validate_v002_final_g0_review.py",

        "tests/test_validate_v002_g4_applicability.py",

        "tests/test_validate_v010_asset_baseline.py",

        "tests/test_validate_v010_release_evidence.py"

      ],

      "cwd": "D:\\GitHub\\AdvancedRocketry-Community",

      "started_utc": "2026-10-04T05:00:44.636857+00:00",

      "exit": 0,

      "log": "phase-commit01-43.log",

      "log_sha256": "e3b0c44298fc1c149afbf4c8996fb92427ae41e4649b934ca495991b7852b855"

    },

    {

      "command": [

        "git",

        "-c",

        "core.autocrlf=false",

        "add",

        "--",

        "tests/test_validate_v020_release_evidence.py",

        "tests/test_validate_v030_release_evidence.py",

        "tests/test_validate_v040_release_evidence.py",

        "tests/test_validate_v050_release_evidence.py",

        "tests/test_validate_v060_release_evidence.py",

        "tests/test_validate_v070_release_evidence.py",

        "tests/test_validate_v080_release_evidence.py",

        "tests/test_validate_v090_migration_fixtures.py",

        "tests/test_validate_v090_release_evidence.py",

        "tests/test_validate_v090_resources.py",

        "tests/test_validate_v180_content_ledger.py",

        "tests/test_vanilla_derivation.py"

      ],

      "cwd": "D:\\GitHub\\AdvancedRocketry-Community",

      "started_utc": "2026-10-04T05:00:44.732243+00:00",

      "exit": 0,

      "log": "phase-commit01-44.log",

      "log_sha256": "e3b0c44298fc1c149afbf4c8996fb92427ae41e4649b934ca495991b7852b855"

    },

    {

      "command": [

        "git",

        "diff",

        "--cached",

        "--name-only"

      ],

      "cwd": "D:\\GitHub\\AdvancedRocketry-Community",

      "started_utc": "2026-10-04T05:00:44.803904+00:00",

      "exit": 0,

      "log": "phase-commit01-45.log",

      "log_sha256": "83b782664f6b45e1e0012752492c2bdd6b4aeebf58cd8808e7fbd545a173828d"

    },

    {

      "command": [

        "git",

        "diff",

        "--cached",

        "--check"

      ],

      "cwd": "D:\\GitHub\\AdvancedRocketry-Community",

      "started_utc": "2026-10-04T05:00:44.864861+00:00",

      "exit": 0,

      "log": "phase-commit01-46.log",

      "log_sha256": "e3b0c44298fc1c149afbf4c8996fb92427ae41e4649b934ca495991b7852b855"

    },

    {

      "command": [

        "git",

        "commit",

        "-m",

        "test(machine): preserve v1.8 native probes and regression fixtures",

        "-m",

        "Retain bounded combustion, fluid, motor, pump, tank and signature probes and their tests.\nPrior failed/native injected-cut cohorts remain historical; these scripts do not grant whole-version acceptance."

      ],

      "cwd": "D:\\GitHub\\AdvancedRocketry-Community",

      "started_utc": "2026-10-04T05:00:44.928666+00:00",

      "exit": 0,

      "log": "phase-commit01-47.log",

      "log_sha256": "162ac8e0100d03f2f900d80745f7ef7e66f136748e2139f98296dd9beb3e627b"

    },

    {

      "command": [

        "git",

        "rev-parse",

        "HEAD"

      ],

      "cwd": "D:\\GitHub\\AdvancedRocketry-Community",

      "started_utc": "2026-10-04T05:00:45.245801+00:00",

      "exit": 0,

      "log": "phase-commit01-48.log",

      "log_sha256": "1a5e1a78fe0974c19ae747fccc458fcb1c4b85bc5217097936d9306f4352516f"

    },

    {

      "command": [

        "git",

        "-c",

        "core.autocrlf=false",

        "add",

        "--",

        "src/main/java/io/github/sunthemoon/advancedrocketrycommunity/machine/classic/adapter/ClassicNbtCanonicalBytes.java",

        "src/test/java/io/github/sunthemoon/advancedrocketrycommunity/machine/classic/adapter/ClassicNbtCanonicalBytesTest.java"

      ],

      "cwd": "D:\\GitHub\\AdvancedRocketry-Community",

      "started_utc": "2026-10-04T05:00:45.301142+00:00",

      "exit": 0,

      "log": "phase-commit01-49.log",

      "log_sha256": "e3b0c44298fc1c149afbf4c8996fb92427ae41e4649b934ca495991b7852b855"

    },

    {

      "command": [

        "git",

        "diff",

        "--cached",

        "--name-only"

      ],

      "cwd": "D:\\GitHub\\AdvancedRocketry-Community",

      "started_utc": "2026-10-04T05:00:45.374860+00:00",

      "exit": 0,

      "log": "phase-commit01-50.log",

      "log_sha256": "35137b32ad4761f878f4479644c9d50605671c70125628ce1aa0b652d29ea90a"

    },

    {

      "command": [

        "git",

        "diff",

        "--cached",

        "--check"

      ],

      "cwd": "D:\\GitHub\\AdvancedRocketry-Community",

      "started_utc": "2026-10-04T05:00:45.436570+00:00",

      "exit": 0,

      "log": "phase-commit01-51.log",

      "log_sha256": "e3b0c44298fc1c149afbf4c8996fb92427ae41e4649b934ca495991b7852b855"

    },

    {

      "command": [

        "git",

        "commit",

        "-m",

        "feat(machine): add bounded private canonical NBT bytes",

        "-m",

        "Add the two-file K2 delta after different-agent actual source review.\nActual author 20 tests and independent 28 tests pass; original signed-zero fixture failure is retained.\nRoot clean build/test/runData passes 1750 tests in 329 suites; 464 required GameTests pass.\nThis private computation does not authorize GuardTicket, native persistence, consumers, physical hatches or a version Gate."

      ],

      "cwd": "D:\\GitHub\\AdvancedRocketry-Community",

      "started_utc": "2026-10-04T05:00:45.499552+00:00",

      "exit": 0,

      "log": "phase-commit01-52.log",

      "log_sha256": "60d941c730e62b8d992ade1eab19192ee990049dc6e19bee318d1d7571ee3751"

    },

    {

      "command": [

        "git",

        "rev-parse",

        "HEAD"

      ],

      "cwd": "D:\\GitHub\\AdvancedRocketry-Community",

      "started_utc": "2026-10-04T05:00:45.948527+00:00",

      "exit": 0,

      "log": "phase-commit01-53.log",

      "log_sha256": "396319b925ac538bf97f5c2e2f4ba919db0d8ac264fb65305404a85b86153a99"

    },

    {

      "command": [

        "git",

        "diff",

        "--cached",

        "--name-only"

      ],

      "cwd": "D:\\GitHub\\AdvancedRocketry-Community",

      "started_utc": "2026-10-04T05:00:45.999264+00:00",

      "exit": 0,

      "log": "phase-commit01-54.log",

      "log_sha256": "e3b0c44298fc1c149afbf4c8996fb92427ae41e4649b934ca495991b7852b855"

    }

  ],

  "source_bytes_unchanged": true,

  "user_AGENTS_private_bundle_and_large_archives_not_staged": true,

  "release_or_Gate_claimed": false

}



===== operations/PHASE-PUSH-01.json =====
{

  "command": [

    "git",

    "push",

    "origin",

    "codex/v1.8.0-classic-content"

  ],

  "cwd": "D:\\GitHub\\AdvancedRocketry-Community",

  "started_utc": "2026-10-04T05:01:10.391799+00:00",

  "finished_utc": "2026-10-04T05:01:16.485415+00:00",

  "exit": 0,

  "log_sha256": "11fc888450a9ddbec68b0469d54f74fc8d47973eb0890bb8a1ce2d1a3a8c7892",

  "force": false

}



===== evidence/integration-21-source-manifest.json structure =====

['AGENTS.md', 'LICENSE', 'NOTICE.md', 'PRODUCT.md', 'PROJECT-CONFIG.md', 'THIRD-PARTY-NOTICES.md', 'UPSTREAM.md', 'build.gradle']
AGENTS.md {'bytes': 8379, 'sha256': '725dd46344046bcdb802872e08fbc3cd9da0bf876e680eeba4c82dda801a9503'}
LICENSE {'bytes': 1125, 'sha256': '6cb93bf243331e49b6349d24e884e6cf27f8f444d66bf4bd00f9469e8a6f37ba'}
NOTICE.md {'bytes': 2141, 'sha256': '4cc293cee77bbbd95b81b2b666eddb0f5428ca782b17dfcc51075a8fc1ac7d36'}

===== evidence/integration-21-source-manifest-r1.json structure =====

['AGENTS.md', 'LICENSE', 'NOTICE.md', 'PRODUCT.md', 'PROJECT-CONFIG.md', 'THIRD-PARTY-NOTICES.md', 'UPSTREAM.md', 'build.gradle']
AGENTS.md {'bytes': 12047, 'sha256': '1be0391c3f69f566ae3f627e37107adfbd0bbfa6f581b105ff6bd2a2c2630dc0'}
LICENSE {'bytes': 1125, 'sha256': '6cb93bf243331e49b6349d24e884e6cf27f8f444d66bf4bd00f9469e8a6f37ba'}
NOTICE.md {'bytes': 2141, 'sha256': '4cc293cee77bbbd95b81b2b666eddb0f5428ca782b17dfcc51075a8fc1ac7d36'}

===== evidence/integration-20-source-manifest.json structure =====

['AGENTS.md', 'LICENSE', 'NOTICE.md', 'PRODUCT.md', 'PROJECT-CONFIG.md', 'THIRD-PARTY-NOTICES.md', 'UPSTREAM.md', 'build.gradle']
AGENTS.md {'bytes': 8379, 'sha256': '725dd46344046bcdb802872e08fbc3cd9da0bf876e680eeba4c82dda801a9503'}
LICENSE {'bytes': 1125, 'sha256': '6cb93bf243331e49b6349d24e884e6cf27f8f444d66bf4bd00f9469e8a6f37ba'}
NOTICE.md {'bytes': 2141, 'sha256': '4cc293cee77bbbd95b81b2b666eddb0f5428ca782b17dfcc51075a8fc1ac7d36'}

===== evidence/artifact-21.command.json =====
{

  "command": [

    "D:\\python\\pyenv\\pyenv-win\\versions\\3.13.15\\python.exe",

    "-B",

    "scripts/validate_build_artifact.py",

    "D:\\ARCE-Task-Evidence\\v1.8.0\\integration-072fbcf821ce4ceb9fbcb3d98ec27d41\\integration-artifacts-21\\advancedrocketry-community-1.20.1-1.8.0-dev.jar",

    "--expected-version",

    "1.20.1-1.8.0-dev"

  ],

  "cwd": "D:\\GitHub\\AdvancedRocketry-Community",

  "started_utc": "2026-10-04T04:53:38.688468+00:00"

}



===== evidence/common-client-21.command.json =====
{

  "command": [

    "D:\\python\\pyenv\\pyenv-win\\versions\\3.13.15\\python.exe",

    "-B",

    "scripts/check_client_imports.py"

  ],

  "cwd": "D:\\GitHub\\AdvancedRocketry-Community",

  "started_utc": "2026-10-04T04:53:32.279207+00:00"

}



===== evidence/focused-python-21.command.json =====
{

  "command": [

    "D:\\python\\pyenv\\pyenv-win\\versions\\3.13.15\\python.exe",

    "-B",

    "-m",

    "unittest",

    "tests.test_run_v180_pump_smoke",

    "tests.test_run_v180_tank_smoke",

    "tests.test_run_v180_signature_smoke",

    "-v"

  ],

  "cwd": "D:\\GitHub\\AdvancedRocketry-Community",

  "started_utc": "2026-10-04T04:53:32.915247+00:00"

}



===== evidence/git-diff-check-21.command.json =====
{

  "command": [

    "git",

    "diff",

    "--check"

  ],

  "cwd": "D:\\GitHub\\AdvancedRocketry-Community",

  "started_utc": "2026-10-04T04:53:40.517725+00:00"

}



===== evidence/git-diff-exit-21.command.json =====
{

  "command": [

    "git",

    "diff",

    "--exit-code"

  ],

  "cwd": "D:\\GitHub\\AdvancedRocketry-Community",

  "started_utc": "2026-10-04T04:53:41.058951+00:00"

}



===== evidence/integration-build-data-21.command.json =====
{

  "command": [

    "D:\\GitHub\\AdvancedRocketry-Community\\gradlew.bat",

    "--offline",

    "--no-daemon",

    "--max-workers=2",

    "-Dorg.gradle.jvmargs=-Xmx2G",

    "clean",

    "build",

    "test",

    "runData"

  ],

  "cwd": "D:\\GitHub\\AdvancedRocketry-Community",

  "JAVA_HOME": "C:/Program Files/Java/jdk-17.0.7",

  "started_utc": "2026-10-04T04:34:28.395070+00:00"

}



===== evidence/integration-gametest-12.command.json =====
{

  "command": [

    "D:\\GitHub\\AdvancedRocketry-Community\\gradlew.bat",

    "--offline",

    "--no-daemon",

    "--max-workers=2",

    "-Dorg.gradle.jvmargs=-Xmx2G",

    "runGameTestServer"

  ],

  "cwd": "D:\\GitHub\\AdvancedRocketry-Community",

  "JAVA_HOME": "C:/Program Files/Java/jdk-17.0.7",

  "started_utc": "2026-10-04T04:53:03.407269+00:00"

}



===== evidence/ledger-closure-21.command.json =====
{

  "command": [

    "D:\\python\\pyenv\\pyenv-win\\versions\\3.13.15\\python.exe",

    "-B",

    "scripts/validate_v180_content_ledger.py",

    "--closure"

  ],

  "cwd": "D:\\GitHub\\AdvancedRocketry-Community",

  "started_utc": "2026-10-04T04:53:31.860835+00:00"

}



===== evidence/ledger-strict-21.command.json =====
{

  "command": [

    "D:\\python\\pyenv\\pyenv-win\\versions\\3.13.15\\python.exe",

    "-B",

    "scripts/validate_v180_content_ledger.py",

    "--require-accepted"

  ],

  "cwd": "D:\\GitHub\\AdvancedRocketry-Community",

  "started_utc": "2026-10-04T04:53:31.208698+00:00"

}



===== evidence/machine-resources-21.command.json =====
{

  "command": [

    "D:\\python\\pyenv\\pyenv-win\\versions\\3.13.15\\python.exe",

    "-B",

    "scripts/validate_v120_machine_resources.py"

  ],

  "cwd": "D:\\GitHub\\AdvancedRocketry-Community",

  "started_utc": "2026-10-04T04:42:52.830237+00:00"

}



===== evidence/markdown-links-17.command.json =====
{

  "command": [

    "D:\\python\\pyenv\\pyenv-win\\versions\\3.13.15\\python.exe",

    "-B",

    "C:\\Users\\ADMINI~1\\AppData\\Local\\Temp\\arce-v180-c16a-integrate-072fbcf821ce4ceb9fbcb3d98ec27d41\\verify_current_links17.py"

  ],

  "cwd": "D:\\GitHub\\AdvancedRocketry-Community",

  "started_utc": "2026-10-04T04:36:29.489346+00:00"

}



===== evidence/planning-21.command.json =====
{

  "command": [

    "D:\\python\\pyenv\\pyenv-win\\versions\\3.13.15\\python.exe",

    "-B",

    "scripts/validate_v1plus_planning.py"

  ],

  "cwd": "D:\\GitHub\\AdvancedRocketry-Community",

  "started_utc": "2026-10-04T04:42:21.157858+00:00"

}



===== evidence/provenance-21.command.json =====
{

  "command": [

    "D:\\python\\pyenv\\pyenv-win\\versions\\3.13.15\\python.exe",

    "-B",

    "scripts/validate_bootstrap_provenance.py",

    "--require-approved-review"

  ],

  "cwd": "D:\\GitHub\\AdvancedRocketry-Community",

  "started_utc": "2026-10-04T04:42:21.338385+00:00"

}



===== evidence/repository-boundary-21.command.json =====
{

  "command": [

    "D:\\python\\pyenv\\pyenv-win\\versions\\3.13.15\\python.exe",

    "-B",

    "C:\\Users\\ADMINI~1\\AppData\\Local\\Temp\\arce-v180-c16a-integrate-072fbcf821ce4ceb9fbcb3d98ec27d41\\validate_repository_boundary21.py"

  ],

  "cwd": "D:\\GitHub\\AdvancedRocketry-Community",

  "started_utc": "2026-10-04T04:36:32.175405+00:00"

}


