
===== SCOPE.json =====
{
  "candidate_label": "Source21 development computation integration, not release candidate",
  "implemented_code_commit": "3f3d62aed3980186fe0acc9592cf93ca436405fb",
  "input_manifest_count": 2990,
  "governance_only_drift_recorded_separately": true,
  "JUnit": {
    "tests": 1750,
    "failures": 0,
    "errors": 0,
    "skipped": 0
  },
  "JUnit_suites": 329,
  "required_GameTests": 464,
  "ERROR_logger_lines": 61,
  "clean_log_or_blanket_waiver": false,
  "DataGen_repeat_written": 0,
  "K2_private_computation_not_consumers_Guard_hash_codec_or_world_authority": true,
  "negative_zero_constructor_emission_not_factory_load_or_persistence_roundtrip": true,
  "native20_is_older_artifact_not_Source21_native_execution": true,
  "native_client_crash_multiplayer_visual_Gates_unrun": true,
  "closure_exit1_dirty_diff_exit1_original_collector1_and_move1_preserved": true,
  "all_version_Gates_open": true,
  "no_whole_source_tree_duplicate": true,
  "large_artifacts_external_not_in_git_packet": [
    {
      "location": "D:\\ARCE-Task-Evidence\\v1.8.0\\integration-072fbcf821ce4ceb9fbcb3d98ec27d41\\integration-artifacts-21\\advancedrocketry-community-1.20.1-1.8.0-dev-api.jar",
      "name": "advancedrocketry-community-1.20.1-1.8.0-dev-api.jar",
      "bytes": 51045,
      "sha256": "7484de1d50ffca610328200a838ff47cc8480ea72b37e964e772178325c749da",
      "entries": 48,
      "generated_files_compared": 0
    },
    {
      "location": "D:\\ARCE-Task-Evidence\\v1.8.0\\integration-072fbcf821ce4ceb9fbcb3d98ec27d41\\integration-artifacts-21\\advancedrocketry-community-1.20.1-1.8.0-dev-sources.jar",
      "name": "advancedrocketry-community-1.20.1-1.8.0-dev-sources.jar",
      "bytes": 2620612,
      "sha256": "1368d531681032c3c70fa320fbe7697dff3f124e668c4f17176707220abef9d2",
      "entries": 2661,
      "generated_files_compared": 771
    },
    {
      "location": "D:\\ARCE-Task-Evidence\\v1.8.0\\integration-072fbcf821ce4ceb9fbcb3d98ec27d41\\integration-artifacts-21\\advancedrocketry-community-1.20.1-1.8.0-dev.jar",
      "name": "advancedrocketry-community-1.20.1-1.8.0-dev.jar",
      "bytes": 5440794,
      "sha256": "796c9611ec8d655398e5a046bfe6cc3f81b2c7880a19c835ea9ed301a990373e",
      "entries": 3305,
      "generated_files_compared": 771
    }
  ]
}


===== evidence/integration-artifacts-21.json =====
[

  {

    "name": "advancedrocketry-community-1.20.1-1.8.0-dev-api.jar",

    "bytes": 51045,

    "sha256": "7484de1d50ffca610328200a838ff47cc8480ea72b37e964e772178325c749da",

    "entries": 48,

    "generated_files_compared": 0

  },

  {

    "name": "advancedrocketry-community-1.20.1-1.8.0-dev-sources.jar",

    "bytes": 2620612,

    "sha256": "1368d531681032c3c70fa320fbe7697dff3f124e668c4f17176707220abef9d2",

    "entries": 2661,

    "generated_files_compared": 771

  },

  {

    "name": "advancedrocketry-community-1.20.1-1.8.0-dev.jar",

    "bytes": 5440794,

    "sha256": "796c9611ec8d655398e5a046bfe6cc3f81b2c7880a19c835ea9ed301a990373e",

    "entries": 3305,

    "generated_files_compared": 771

  }

]



===== evidence/integration-21-preparation.json =====
{

  "source20_inputs_verified": 2988,

  "source20_manifest_sha256": "6ad7b69e413de857f71d3cb3497edc8ddabefddeb48d56f07285935e1a0c3c8e",

  "new_source_files": {

    "src/main/java/io/github/sunthemoon/advancedrocketrycommunity/machine/classic/adapter/ClassicNbtCanonicalBytes.java": "1aa5ad420a1288820f148ea55c149510c5206c7351c928186548cada54b3dfd6",

    "src/test/java/io/github/sunthemoon/advancedrocketrycommunity/machine/classic/adapter/ClassicNbtCanonicalBytesTest.java": "5b352b1a6818689b5ac30c505cbcfc3e3adc4014de97f26f168550b31f8cec55"

  },

  "author_archive_sha256": "3442f9b7c3fc06ff694c08f385a8cdfc8fc8b0a527a225b305e7cc7213788ace",

  "independent_review": "D:\\GitHub\\AdvancedRocketry-Community\\docs\\work\\v1.8.0-c16a-hatches\\reviews\\canonical-bytes-k2-independent-01.zip",

  "independent_review_sha256": "e4b46ec2657b66e88e8cf90c188bad5a7fe7c9f0a9f78c62906aa705bb0427e4",

  "Root_source_applied": false,

  "new_source_manifest_sha256": "018e75b6690da6a6d9cd9003cf2b2a521889f04977018b0d790c1ed163d602d7",

  "apply_patch_sha256": "23b38edcaee09a8bf97e8a06f238e1fec880a3c2ac099533fb40398353823b60"

}



===== evidence/integration-21-postimage-check.json =====
{

  "input_count": 2990,

  "exact": true,

  "manifest_sha256": "018e75b6690da6a6d9cd9003cf2b2a521889f04977018b0d790c1ed163d602d7"

}



===== evidence/integration-21-governance-update-01.json =====
{
  "observed_utc": "2026-10-04T04:53:00.364031+00:00",
  "changes": {
    "AGENTS.md": {
      "before": {
        "bytes": 8379,
        "sha256": "725dd46344046bcdb802872e08fbc3cd9da0bf876e680eeba4c82dda801a9503"
      },
      "after": {
        "bytes": 12047,
        "sha256": "1be0391c3f69f566ae3f627e37107adfbd0bbfa6f581b105ff6bd2a2c2630dc0"
      }
    }
  },
  "exact_unchanged_inputs": 2989,
  "Root_did_not_write_AGENTS": true,
  "original_manifest_and_failed_collector_not_rewritten": true,
  "build_code_tests_resources_not_changed": true,
  "new_sections_read": [
    9,
    10,
    11
  ],
  "revised_manifest_sha256": "2a2e4973bd1d214a89ab3e340c8977c66b574ff680a77d2dc49f3bfffaae0a46"
}


===== evidence/integration-21-collection-failure-01.json =====
{

  "artifact_collection_exit": 1,

  "GameTest_started": false,

  "input_drift": [

    {

      "path": "AGENTS.md",

      "before": {

        "bytes": 8379,

        "sha256": "725dd46344046bcdb802872e08fbc3cd9da0bf876e680eeba4c82dda801a9503"

      },

      "after": {

        "bytes": 10353,

        "sha256": "e5bc37d6e3c4888101aabb3a98f415f9718d38547412a1a4cf793d982df4de13"

      }

    }

  ]

}



===== evidence/integration-build-data-21-junit.json =====
{

  "suites": 329,

  "declared": {

    "tests": 1750,

    "failures": 0,

    "errors": 0,

    "skipped": 0

  },

  "testcase_elements": {

    "tests": 1750,

    "failures": 0,

    "errors": 0,

    "skipped": 0

  },

  "xml": {

    "TEST-io.github.sunthemoon.advancedrocketrycommunity.api.environment.EnvironmentSnapshotTest.xml": {

      "bytes": 1279,

      "sha256": "c89a7388cd5a21495e3195ae387081da5b9203e7b0767374b1c05d91a1851136"

    },

    "TEST-io.github.sunthemoon.advancedrocketrycommunity.api.rocket.RocketComponentDefinitionTest.xml": {

      "bytes": 1137,

      "sha256": "b64a1fab64fcdcbe11ba5a7c6b66955f3f47a9d4f67f37ffec95be7a05280067"

    },

    "TEST-io.github.sunthemoon.advancedrocketrycommunity.api.version.ApiArtifactTest.xml": {

      "bytes": 255493,

      "sha256": "ee93fc71d2650e1c2b00e221f9045def37cfdde469c80fcf59b26ff639741b52"

    },

    "TEST-io.github.sunthemoon.advancedrocketrycommunity.api.version.ApiVersionsTest.xml": {

      "bytes": 1844,

      "sha256": "c466f6fec1688bf8ad586495d21542626cbd81579dc8e939935557a8dc594b85"

    },

    "TEST-io.github.sunthemoon.advancedrocketrycommunity.atmosphere.content.SpaceSuitOxygenTest.xml": {

      "bytes": 910,

      "sha256": "ee1e419891e769264412dc389c99ffe99a20c12cfbf37736664337c05e762cde"

    },

    "TEST-io.github.sunthemoon.advancedrocketrycommunity.atmosphere.life.OxygenTransferTest.xml": {

      "bytes": 703,

      "sha256": "ba169ad49aa38fa5582ae25ea6feb938098c4d2fbabe8002c59d4646a024def1"

    },

    "TEST-io.github.sunthemoon.advancedrocketrycommunity.atmosphere.life.PlayerLifeSupportEngineTest.xml": {

      "bytes": 1304,

      "sha256": "48afd357ccb8cfbdf61aa3bcfc0620d8abdcd5ee91e35c6e48cd8729656ce782"

    },

    "TEST-io.github.sunthemoon.advancedrocketrycommunity.atmosphere.life.VentSupplyEngineTest.xml": {

      "bytes": 919,

      "sha256": "23855cb1f969e7fcae2ea61d8d49b9ed9bb5636a169f57a2779fc3302448bedf"

    },

    "TEST-io.github.sunthemoon.advancedrocketrycommunity.atmosphere.network.LifeSupportStatusPacketTest.xml": {

      "bytes": 856,

      "sha256": "dde80bdb74fd5bed319de75aca09035ad2035a273ab5f5bfab60075560d44e45"

    },

    "TEST-io.github.sunthemoon.advancedrocketrycommunity.atmosphere.scan.VolumeIdentityTest.xml": {

      "bytes": 711,

      "sha256": "78377402c6d4d392f4f8b6e9abe40b59039698ff465af2741bb9eeb82d0331c6"

    },

    "TEST-io.github.sunthemoon.advancedrocketrycommunity.atmosphere.scan.VolumeIndexTest.xml": {

      "bytes": 1066,

      "sha256": "662d2bbd7f7fdc548a765f351e4259b23e102b63daa30e7a8dbfb45ef6f68a8b"

    },

    "TEST-io.github.sunthemoon.advancedrocketrycommunity.atmosphere.scan.VolumePositionTest.xml": {

      "bytes": 705,

      "sha256": "2c23473f7a751234324338a038c7b87210f9dd0dcf9226f290f9dee5a516f6b0"

    },

    "TEST-io.github.sunthemoon.advancedrocketrycommunity.atmosphere.scan.VolumeScanCoordinatorTest.xml": {

      "bytes": 1470,

      "sha256": "e7423f4f34995bdc624843cb85de2acee08ae4dc09cc811f0bc675b22c7227f1"

    },

    "TEST-io.github.sunthemoon.advancedrocketrycommunity.atmosphere.scan.VolumeScanTaskTest.xml": {

      "bytes": 1240,

      "sha256": "280271bfb5938a90715a41ccd71394af843d96b329b320b331419d51f058786a"

    },

    "TEST-io.github.sunthemoon.advancedrocketrycommunity.atmosphere.vent.OxygenVentPersistenceTest.xml": {

      "bytes": 919,

      "sha256": "1f675dd468ac0384863096e47aa241c006e313fcbf16580374eaf9ef77c3a757"

    },

    "TEST-io.github.sunthemoon.advancedrocketrycommunity.celestial.binding.PlanetaryBindingsTest.xml": {

      "bytes": 3811,

      "sha256": "940d49c70e8abf9214a42f8e91be2a81abd21608f1c53eb2ff635e44359c2f0e"

    },

    "TEST-io.github.sunthemoon.advancedrocketrycommunity.celestial.CelestialCatalogDecoderTest.xml": {

      "bytes": 1413,

      "sha256": "1e822fcd2b7e966c8be2705c0eea644c22a8256919ab882e10763938607629bd"

    },

    "TEST-io.github.sunthemoon.advancedrocketrycommunity.celestial.CelestialCatalogTest.xml": {

      "bytes": 1297,

      "sha256": "efd459faceb62a5f5a0176089920752ab1a1f5e0e4abb61999966a48e2aec8a1"

    },

    "TEST-io.github.sunthemoon.advancedrocketrycommunity.celestial.CelestialDefinitionCodecTest.xml": {

      "bytes": 1199,

      "sha256": "f199adbf3c62358ae83c7a239aeecdac60ad46c18cb706372554d0e7ce06baa3"

    },

    "TEST-io.github.sunthemoon.advancedrocketrycommunity.celestial.CelestialSavedDataTest.xml": {

      "bytes": 1251,

      "sha256": "38617ce5889046cb623c73b3c168fb6d21224ec9be1e87f2e5b5a2410bfb1f77"

    },

    "TEST-io.github.sunthemoon.advancedrocketrycommunity.celestial.CelestialSchemaV2Test.xml": {

      "bytes": 2611,

      "sha256": "a0b88d8800da4a0fa8998f3f761272e10aad8546101e7f123680c0c61b53671f"

    },

    "TEST-io.github.sunthemoon.advancedrocketrycommunity.celestial.CelestialSnapshotTest.xml": {

      "bytes": 1243,

      "sha256": "8f3810072fb9266e05c4e58b23a5f35defbf45036d6d920ea04aec089369a57e"

    },

    "TEST-io.github.sunthemoon.advancedrocketrycommunity.celestial.CelestialSnapshotV2Test.xml": {

      "bytes": 1501,

      "sha256": "43889934ab03f4bc5380536d27b51ffe5c84d60158c27ed132d9236507e79df2"

    },

    "TEST-io.github.sunthemoon.advancedrocketrycommunity.celestial.context.BodyContextResolverTest.xml": {

      "bytes": 1926,

      "sha256": "dc10f6444807ff85240ffaff633aa45b6dc17239bd363241684b0d18892e183d"

    },

    "TEST-io.github.sunthemoon.advancedrocketrycommunity.celestial.data.BoundedDefinitionJsonTest.xml": {

      "bytes": 1822,

      "sha256": "2ec040b8f5da8fbc1097cdb73b61fd65af15048af7476e777f60109409b5109b"

    },

    "TEST-io.github.sunthemoon.advancedrocketrycommunity.celestial.data.PlanetaryReloadTest.xml": {

      "bytes": 12449,

      "sha256": "54dd6f4a832ba35b920e56f3985c4de7b6e125123ae32239fecb2bf99aa384f4"

    },

    "TEST-io.github.sunthemoon.advancedrocketrycommunity.celestial.environment.EnvironmentalDefinitionTest.xml": {

      "bytes": 1370,

      "sha256": "e56c5c46461ab6e87afdb65d16975cd0646746bf1482fba45872277f5f3bd428"

    },

    "TEST-io.github.sunthemoon.advancedrocketrycommunity.celestial.environment.EnvironmentalExposureTest.xml": {

      "bytes": 1740,

      "sha256": "8d8cd1cb48eac142d22a61580ac68c00186a906d5a8017332f4208aec7e750e4"

    },

    "TEST-io.github.sunthemoon.advancedrocketrycommunity.celestial.exoplanet.V180ExoplanetResourcesTest.xml": {

      "bytes": 1871,

      "sha256": "3c4aa7f4bd381fe5d0c155bbfd89f2179447bdda38599ed214196a102e537a47"

    },

    "TEST-io.github.sunthemoon.advancedrocketrycommunity.celestial.exoplanet.worldgen.ExoplanetShapesTest.xml": {

      "bytes": 1391,

      "sha256": "6aa28d921659b4cfa60793af84a73c2351fe78af6248052bc44141459e4a0abb"

    },

    "TEST-io.github.sunthemoon.advancedrocketrycommunity.celestial.exoplanet.worldgen.LandingGroundTest.xml": {

      "bytes": 1374,

      "sha256": "9c1e16d4072a113f64a253bae550ffdc08a4fca26615de1bfe593c3144f48a73"

    },

    "TEST-io.github.sunthemoon.advancedrocketrycommunity.celestial.legacy.LegacyCelestialImporterTest.xml": {

      "bytes": 1679,

      "sha256": "dc950de082749f613f3abe594a15084935a6b6a5ec3f84988b9889e76933cf31"

    },

    "TEST-io.github.sunthemoon.advancedrocketrycommunity.celestial.network.StationSkyContextPacketTest.xml": {

      "bytes": 957,

      "sha256": "a86ce72bd72db324f01cc2c04a6050b4ed5c7bf64eee95cf6e7e7ccd212c9dd8"

    },

    "TEST-io.github.sunthemoon.advancedrocketrycommunity.celestial.PlanetaryContentTest.xml": {

      "bytes": 1630,

      "sha256": "a6ee31e106ab47b356e6690e2616687b2a84e81f46b58dad8f0cd72e0238a9b7"

    },

    "TEST-io.github.sunthemoon.advancedrocketrycommunity.celestial.PlanetaryDiscoveryTest.xml": {

      "bytes": 1494,

      "sha256": "99fb3472e7cbb854845aade4bda24fe327252f905605714bd7d433ceb92d8d81"

    },

    "TEST-io.github.sunthemoon.advancedrocketrycommunity.celestial.service.CelestialGravityControllerTest.xml": {

      "bytes": 783,

      "sha256": "7ea84f1d30752266dd2a495d9b1ec399d6609de958579e5b69b34be68711e9eb"

    },

    "TEST-io.github.sunthemoon.advancedrocketrycommunity.celestial.StarSystemContentTest.xml": {

      "bytes": 1255,

      "sha256": "0fc086718e9547819412e2460fe1100c97fa85efefb040915943d47bbfecbdd7"

    },

    "TEST-io.github.sunthemoon.advancedrocketrycommunity.celestial.surface.V180PlanetResourcesTest.xml": {

      "bytes": 1697,

      "sha256": "d407a0a75d8c91dc9ab10d203e584bf24f15c47d0d508d8e364d83bda4b36f9d"

    },

    "TEST-io.github.sunthemoon.advancedrocketrycommunity.celestial.surface.worldgen.SurfaceShapesTest.xml": {

      "bytes": 1295,

      "sha256": "c40fe0649a7ce90a32732807c14e1a41070645f4af45bf4c45cc48e7547d6932"

    },

    "TEST-io.github.sunthemoon.advancedrocketrycommunity.celestial.visual.AmbientControllerTest.xml": {

      "bytes": 953,

      "sha256": "0c52e0f71da70f216008b00b573a4d75196fb3fd6d00f0fa7373070a4e25156e"

    },

    "TEST-io.github.sunthemoon.advancedrocketrycommunity.celestial.visual.OrbitalSkyTest.xml": {

      "bytes": 895,

      "sha256": "a017d5080fefc23c82f1bee6151c8c93e8da2a789e90eb8eba4e6abc4ba75eb2"

    },

    "TEST-io.github.sunthemoon.advancedrocketrycommunity.celestial.visual.SkyMathTest.xml": {

      "bytes": 1092,

      "sha256": "f8ed5f22afcfddcc6f170d173ac9f4dea432365050fe6ff7e4d65cb84d35d385"

    },

    "TEST-io.github.sunthemoon.advancedrocketrycommunity.celestial.visual.SkyProfileTest.xml": {

      "bytes": 1062,

      "sha256": "235ca2684111dc15d264825296c4b00f8f542b1c255372b33381f51f6a76902e"

    },

    "TEST-io.github.sunthemoon.advancedrocketrycommunity.celestial.visual.SkyResourcesTest.xml": {

      "bytes": 754,

      "sha256": "14d3f61556f49891636ee7469fc618a915b4ec977557e4de408695436dae294b"

    },

    "TEST-io.github.sunthemoon.advancedrocketrycommunity.celestial.visual.SkySelectionTest.xml": {

      "bytes": 1307,

      "sha256": "4078f4ca1944b4e7e21a6855fc888a76bc018927cf32f7cc43a3370449c2d856"

    },

    "TEST-io.github.sunthemoon.advancedrocketrycommunity.classiccomponent.MotorArtTest.xml": {

      "bytes": 1081,

      "sha256": "7b3402d115911bef7c396dca2ea2cef5d8214a46b0bb64ef6a68c5a9f7f0ec23"

    },

    "TEST-io.github.sunthemoon.advancedrocketrycommunity.classiccomponent.MotorDataFilesTest.xml": {

      "bytes": 1490,

      "sha256": "22e193b36421438db919d85721124b3830cadae2aa8817d15f525b1c4a30ec77"

    },

    "TEST-io.github.sunthemoon.advancedrocketrycommunity.classiccomponent.MotorDefinitionTest.xml": {

      "bytes": 1104,

      "sha256": "6e28d61750643c28ec7919f6054b2ec690637daa11664951ba5038bf4bbc4571"

    },

    "TEST-io.github.sunthemoon.advancedrocketrycommunity.classiccomponent.MotorLanguageResourcesTest.xml": {

      "bytes": 570,

      "sha256": "2a306e8d094ac905c815cc293f60008ea5ab3065785ff8f4997c9be57e312bf1"

    },

    "TEST-io.github.sunthemoon.advancedrocketrycommunity.client.compat.jei.MachineRecipeViewTest.xml": {

      "bytes": 933,

      "sha256": "225bfcbd56da95dd8210747d88217a386c5412647bb88689dfc3ee0c0dc05b95"

    },

    "TEST-io.github.sunthemoon.advancedrocketrycommunity.client.compat.jei.SmallPlatePressViewTest.xml": {

      "bytes": 730,

      "sha256": "46ca9044522351c13ef59a6a063ebf5d4567ad96460ab9c6c6be48fc9c06d450"

    },

    "TEST-io.github.sunthemoon.advancedrocketrycommunity.client.exoplanet.FlashCooldownTest.xml": {

      "bytes": 920,

      "sha256": "e7ad083d5454ea3bf9228af12f2b000d117678af3601f7e85efa50f4e2c3b8b6"

    },

    "TEST-io.github.sunthemoon.advancedrocketrycommunity.client.RocketFlightScreenLayoutTest.xml": {

      "bytes": 575,

      "sha256": "e317a0e09b77568885306d30949e4006ab16242ba9e247123e14edccf482471c"

    },

    "TEST-io.github.sunthemoon.advancedrocketrycommunity.client.sky.PlanetaryEffectsTest.xml": {

      "bytes": 744,

      "sha256": "e28d2f65d0cc40083036c030593c4576bdfb47e4db090c51c88ce154ced4df86"

    },

    "TEST-io.github.sunthemoon.advancedrocketrycommunity.client.sky.SkyProfileReloadTest.xml": {

      "bytes": 1479,

      "sha256": "79c484de016981ea6e4d915af6a4c38d9cf3554a911173d2c832aae7c12b8d1f"

    },

    "TEST-io.github.sunthemoon.advancedrocketrycommunity.client.sky.SkyRenderStateTest.xml": {

      "bytes": 553,

      "sha256": "ae630caeb223a7f3de7bbfd4d54da08a764bfea0b818da8db60e472ddf42053d"

    },

    "TEST-io.github.sunthemoon.advancedrocketrycommunity.client.starmap.StarMapLayoutTest.xml": {

      "bytes": 1129,

      "sha256": "bb0e90de1e81e3403340162cf9e4d8920b41ceb875ae8549c0851b884d835268"

    },

    "TEST-io.github.sunthemoon.advancedrocketrycommunity.compat.atmosphere.AtmosphereBoundaryRegistryTest.xml": {

      "bytes": 2973,

      "sha256": "19364a06b8ce8d3862d8ba11dbbdb36a1e25a3640dcd7c73de1ac28af6c19518"

    },

    "TEST-io.github.sunthemoon.advancedrocketrycommunity.compat.atmosphere.SuitEquipmentRegistryTest.xml": {

      "bytes": 1916,

      "sha256": "6bf239b563dbcda5f8628e33c8269d18cf446bdc192277a064f6bc018f81c24a"

    },

    "TEST-io.github.sunthemoon.advancedrocketrycommunity.compat.atmosphere.SuitOxygenAccessTest.xml": {

      "bytes": 6375,

      "sha256": "be42fb7a97d6657b7f360982218d6132d91c0a89560cc83f44a7f050bfa30d3a"

    },

    "TEST-io.github.sunthemoon.advancedrocketrycommunity.compat.environment.ServerEnvironmentQueriesTest.xml": {

      "bytes": 2389,

      "sha256": "bf18d2cff56da6e553dbeeed19a1cb3b0c9aefeb4939441feab6585592ffab90"

    },

    "TEST-io.github.sunthemoon.advancedrocketrycommunity.compat.rocket.component.RocketComponentRegistryTest.xml": {

      "bytes": 2039,

      "sha256": "9cedf0cd921e10a8ea8a6bfeeb6ff4a803d8d852587785fe6520d18eda62e641"

    },

    "TEST-io.github.sunthemoon.advancedrocketrycommunity.compat.rocket.ExternalRocketBlockEntityAdapterBudgetTest.xml": {

      "bytes": 1919,

      "sha256": "0a028ed71d477e13115f9b9e45aab175b825ca2a6bee705768d373040e62d7bc"

    },

    "TEST-io.github.sunthemoon.advancedrocketrycommunity.compat.rocket.fuel.RocketFuelRegistryTest.xml": {

      "bytes": 1688,

      "sha256": "216f2be0a18b67a337009b8d9d357514474504329bece1c3c61f12d3f3429926"

    },

    "TEST-io.github.sunthemoon.advancedrocketrycommunity.compat.rocket.RocketAdapterPayloadsTest.xml": {

      "bytes": 2475,

      "sha256": "684ba49b48f43f9a8a65e0e9c0fce310cf9a63733d76a2189f6fed25db2715b9"

    },

    "TEST-io.github.sunthemoon.advancedrocketrycommunity.compat.rocket.RocketAdapterRegistryTest.xml": {

      "bytes": 4158,

      "sha256": "55f5170344bc760cb68a3408be19401e9f61f65e7bed38b3293a8a827150fefe"

    },

    "TEST-io.github.sunthemoon.advancedrocketrycommunity.compat.satellite.SatellitePayloadRegistryTest.xml": {

      "bytes": 1499,

      "sha256": "9ce0580c7b3b30f887e8ac3fd408534f87038c4e36b02ac14cb7d9ef7c456e72"

    },

    "TEST-io.github.sunthemoon.advancedrocketrycommunity.config.ClientConfigTest.xml": {

      "bytes": 532,

      "sha256": "5d48f8accd9bac296ea7c4ceda33ff3b860be04a3c7df5d5d4ace4b12239620e"

    },

    "TEST-io.github.sunthemoon.advancedrocketrycommunity.config.CommonConfigTest.xml": {

      "bytes": 2717,

      "sha256": "5abcc8ed00351295de51aed0a7873169ea04b34491153022ca2837f293c3b7c9"

    },

    "TEST-io.github.sunthemoon.advancedrocketrycommunity.config.CommonConfigWiringTest.xml": {

      "bytes": 13250,

      "sha256": "23fb82f135c2a8243220c1d33f3f5a714f4bd20b55b3e1b265194fb079697f6d"

    },

    "TEST-io.github.sunthemoon.advancedrocketrycommunity.config.SwitchOverridesTest.xml": {

      "bytes": 686,

      "sha256": "d5bd5146c33283fedd428bbdf62c288c050426d7694cdb63d53ed4493c7ea5a2"

    },

    "TEST-io.github.sunthemoon.advancedrocketrycommunity.datagen.V180ExoplanetArtTest.xml": {

      "bytes": 541,

      "sha256": "1d9b3cca31beaf4b0c3871d9d30b186d74670d0ea8b04bc56dc958defbee8d72"

    },

    "TEST-io.github.sunthemoon.advancedrocketrycommunity.datagen.V180MaterialArtTest.xml": {

      "bytes": 871,

      "sha256": "83bff052c67abad010a2f123cbd31708a903c8ed400b0e38cd66f4770e8d3fe5"

    },

    "TEST-io.github.sunthemoon.advancedrocketrycommunity.datagen.V180RecipeMenuLanguageTest.xml": {

      "bytes": 569,

      "sha256": "b843314d44db74b55b8a26bfdb7b3a337e8db30d57d021d1b4664abd64701807"

    },

    "TEST-io.github.sunthemoon.advancedrocketrycommunity.datagen.V180SurfaceArtTest.xml": {

      "bytes": 541,

      "sha256": "2226f4b780faf023087a32882a281d4190d4d0a2825da8e3750bd3616b8e1c51"

    },

    "TEST-io.github.sunthemoon.advancedrocketrycommunity.diagnostics.BetaOperationalReportTest.xml": {

      "bytes": 914,

      "sha256": "5f8df417970ce8e241e420091e6d70b658fc2252071048bdd4a8875282f4d719"

    },

    "TEST-io.github.sunthemoon.advancedrocketrycommunity.endgame.audit.EndgameAuditTest.xml": {

      "bytes": 1093,

      "sha256": "e58d70315cc06b51661bdf4abeb1cf36c2a0724ea9dc6eed1dc680251737b667"

    },

    "TEST-io.github.sunthemoon.advancedrocketrycommunity.endgame.authority.EndgameAuthorityTest.xml": {

      "bytes": 3836,

      "sha256": "ad1b814c1bb46c3761d5cc1a925d057a6ed236c3e9e3ce45fa5674808babb87e"

    },

    "TEST-io.github.sunthemoon.advancedrocketrycommunity.endgame.blackhole.BlackHoleTest.xml": {

      "bytes": 1075,

      "sha256": "3911d022698c03f97b13054b5d01ce6dc4ed9be05b4bcf2eeafecfd8054f9bf5"

    },

    "TEST-io.github.sunthemoon.advancedrocketrycommunity.endgame.command.EndgameReleaseTestCommandsTest.xml": {

      "bytes": 569,

      "sha256": "3992fe33721462800dff64927a7630397a49fe634e2abe64896e5ceaa74d1514"

    },

    "TEST-io.github.sunthemoon.advancedrocketrycommunity.endgame.device.EndgameDeviceRuntimeTest.xml": {

      "bytes": 1277,

      "sha256": "b3f638ace24324b2be0314ddf57d2d3ed6fea3cbb616f9c1689c30f23d80f7e1"

    },

    "TEST-io.github.sunthemoon.advancedrocketrycommunity.endgame.device.EndgameDevicesPatternCacheTest.xml": {

      "bytes": 568,

      "sha256": "bf4ab6714ca6c071f23f6f779957da281f019fa462e033ebf65b29b9172a56fa"

    },

    "TEST-io.github.sunthemoon.advancedrocketrycommunity.endgame.elevator.ElevatorTest.xml": {

      "bytes": 1716,

      "sha256": "c76ba1cee8cb9af15c23f0b87198079c68ce03e39659fd0468fe0657165594e1"

    },

    "TEST-io.github.sunthemoon.advancedrocketrycommunity.endgame.gravity.GravityFieldTest.xml": {

      "bytes": 1683,

      "sha256": "92c1153e15894764e086ee6b019c6e7edaf2ff64fc6b1de3fc089f1ab1d299c7"

    },

    "TEST-io.github.sunthemoon.advancedrocketrycommunity.endgame.intent.EndgameIntentRulesTest.xml": {

      "bytes": 893,

      "sha256": "1f0bc4dbb49c9be1c7a98149771993aeeb31ef5e3c3504fb1dd0c29711abfa97"

    },

    "TEST-io.github.sunthemoon.advancedrocketrycommunity.endgame.laser.LaserDrawTest.xml": {

      "bytes": 1337,

      "sha256": "f0a31bf3074f5e1ca246bb071c34d129d57cf7ca6cd59efca618a9f62730cb3c"

    },

    "TEST-io.github.sunthemoon.advancedrocketrycommunity.endgame.laser.LaserDrillOperationTest.xml": {

      "bytes": 1398,

      "sha256": "f707c84e40b0d3fb6591f6d50ac4fb9ef9265d94f406291d639a4698de69b792"

    },

    "TEST-io.github.sunthemoon.advancedrocketrycommunity.endgame.laser.LaserDrillTableCodecTest.xml": {

      "bytes": 1202,

      "sha256": "82e0cb5c186e045730d3fa865804f3dfbde3b2ecce064de280480c0b05840741"

    },

    "TEST-io.github.sunthemoon.advancedrocketrycommunity.endgame.laser.LaserDrillTablesTest.xml": {

      "bytes": 1227,

      "sha256": "daa69e7f0b29375500b282fd472432d3204f3c7a05e65f126f574363ae6cf475"

    },

    "TEST-io.github.sunthemoon.advancedrocketrycommunity.endgame.laser.LaserLinkCountersTest.xml": {

      "bytes": 1253,

      "sha256": "508b3a1b45cce8cfa3f5e4bdba431639480c48779ebd53c6ba63cba8aeaad742"

    },

    "TEST-io.github.sunthemoon.advancedrocketrycommunity.endgame.laser.LaserLinkTest.xml": {

      "bytes": 710,

      "sha256": "4af3b710a52a0aa6af450d7cc5d24502c194fe2cc1dbd9493e3a1e715a341d10"

    },

    "TEST-io.github.sunthemoon.advancedrocketrycommunity.endgame.laser.LaserShaftTest.xml": {

      "bytes": 698,

      "sha256": "6b79e1e8251d93132f224738402ba8617d47fc605a3959c4daa70c019295fa8c"

    },

    "TEST-io.github.sunthemoon.advancedrocketrycommunity.endgame.model.EndgameModelTest.xml": {

      "bytes": 1279,

      "sha256": "547142ba64c53c5f88d5c1bc0b5f604fbbe1c7da74fb5d6492e975432d9344d7"

    },

    "TEST-io.github.sunthemoon.advancedrocketrycommunity.endgame.network.EndgameDeviceViewTest.xml": {

      "bytes": 1200,

      "sha256": "fc55af0ee8069f99f1729753db7ec5b0ee9dd34a1de954b4abeaf8cd00163315"

    },

    "TEST-io.github.sunthemoon.advancedrocketrycommunity.endgame.protection.EndgameProtectionTest.xml": {

      "bytes": 1468,

      "sha256": "b7d0dcc5e67679b074addacba64b17ffc123b8bbf7f3a396ce38d36ba9215db6"

    },

    "TEST-io.github.sunthemoon.advancedrocketrycommunity.endgame.protection.ProtectedZoneTest.xml": {

      "bytes": 1076,

      "sha256": "6f12e89f390507550ccf57e33d08aed7e834f02937bfcb34a80b75501716cc4c"

    },

    "TEST-io.github.sunthemoon.advancedrocketrycommunity.endgame.railgun.RailgunTest.xml": {

      "bytes": 1173,

      "sha256": "53ea65dfe2c063dfec780b241f753aa9405975a6c695502a2b9c9dd50243042c"

    },

    "TEST-io.github.sunthemoon.advancedrocketrycommunity.endgame.root.EndgameRootCodecTest.xml": {

      "bytes": 1739,

      "sha256": "6b50fc3dc2eed7849367942d328d2cbf4d0189b60471fa5791bdcbc718acdb6a"

    },

    "TEST-io.github.sunthemoon.advancedrocketrycommunity.endgame.root.EndgameRootTest.xml": {

      "bytes": 2833,

      "sha256": "e505dd37b56a0faa5bdcea879da5739633af788cb0ce7503b03e65207acb1cb8"

    },

    "TEST-io.github.sunthemoon.advancedrocketrycommunity.endgame.service.BarrierSpacingTest.xml": {

      "bytes": 907,

      "sha256": "d9592cfb82809e1bd75b62d475699f7b04b6112f438ad34e6f99271fdac27c50"

    },

    "TEST-io.github.sunthemoon.advancedrocketrycommunity.endgame.service.ElevatorGuardTest.xml": {

      "bytes": 557,

      "sha256": "0dce28a0a9ca6deea205a63cdeda8244bd9bab8e35cdbb098cab0cb2df2ef10c"

    },

    "TEST-io.github.sunthemoon.advancedrocketrycommunity.endgame.service.EndgameServiceTest.xml": {

      "bytes": 3054,

      "sha256": "9df2e7b4eb56456d90a585a755ca4047f32e97ce95c72507c5e7fbe8120bd540"

    },

    "TEST-io.github.sunthemoon.advancedrocketrycommunity.endgame.service.EndgameTimingsTest.xml": {

      "bytes": 556,

      "sha256": "e6db10852cf94db623e959b7d59415e1596c1121739c994befecdae8d50b4da1"

    },

    "TEST-io.github.sunthemoon.advancedrocketrycommunity.endgame.service.TransitLedgerTest.xml": {

      "bytes": 5660,

      "sha256": "a61ced3d342cac1907f7f322c08b3b49b3636fb4423a4561231e0fcc50d27dd0"

    },

    "TEST-io.github.sunthemoon.advancedrocketrycommunity.endgame.service.TransitOperationsTest.xml": {

      "bytes": 5470,

      "sha256": "c21b1f539e2dd51371d1203eb7e8b574d82bf6af77776400f360acf11ce5ed70"

    },

    "TEST-io.github.sunthemoon.advancedrocketrycommunity.endgame.transit.TransitCodecTest.xml": {

      "bytes": 1232,

      "sha256": "0ed2165cb00ee838f0d78f80c135a18dda3256399a8f3fd22eefc9e20df7fd7c"

    },

    "TEST-io.github.sunthemoon.advancedrocketrycommunity.endgame.transit.TransitEndpointStateTest.xml": {

      "bytes": 1750,

      "sha256": "dd02daa16c761bed6dd46b2486ef77c123118bbdf176ffafe4e2d623dfa45cc2"

    },

    "TEST-io.github.sunthemoon.advancedrocketrycommunity.endgame.transit.TransitModelTest.xml": {

      "bytes": 2374,

      "sha256": "6ecdd9a6bfcb9cc7907f7722ee834e184f74d319f1bb62337b98f6b2a38e930c"

    },

    "TEST-io.github.sunthemoon.advancedrocketrycommunity.endgame.transit.TransitTableIndexTest.xml": {

      "bytes": 561,

      "sha256": "7c15261cdbbbfbb28fda225fa89e6a5c4419d43a7ebf697fce917295c0a689d5"

    },

    "TEST-io.github.sunthemoon.advancedrocketrycommunity.fluid.CanisterStackSwapTest.xml": {

      "bytes": 1083,

      "sha256": "d33f82020ded30168473a10dd00e5ce499e0aafbd1d1d3fa68b161f30a329bc0"

    },

    "TEST-io.github.sunthemoon.advancedrocketrycommunity.fluid.CanisterSwapPlannerTest.xml": {

      "bytes": 1061,

      "sha256": "ef165c778736c573e4ecc14a3bd6be1726f52754be7423e37e5ef5a1ccc9f3ca"

    },

    "TEST-io.github.sunthemoon.advancedrocketrycommunity.fluid.GasCanisterHandlerTest.xml": {

      "bytes": 1436,

      "sha256": "70b68fd2675741872710fdf35562589b1cffb02ea6e396b8de6b5d3a3883c41f"

    },

    "TEST-io.github.sunthemoon.advancedrocketrycommunity.fluid.V180FluidResourcesTest.xml": {

      "bytes": 909,

      "sha256": "59eda29533ce798e4f6ca1b6a405150be6fc26cc8118b1561720ecb48d401205"

    },

    "TEST-io.github.sunthemoon.advancedrocketrycommunity.machine.classic.adapter.ClassicNativeEntryCapacityTest.xml": {

      "bytes": 1210,

      "sha256": "56cdf65c40d0236bbcf027dbbdec3b1797cdd6e7391e0bf652c97bac1c95af40"

    },

    "TEST-io.github.sunthemoon.advancedrocketrycommunity.machine.classic.adapter.ClassicNativeValuesTest.xml": {

      "bytes": 2934,

      "sha256": "f5862170a8d29ed5fa0f10275cae6a750c17001f51ae841ba7c051cd31a44d60"

    },

    "TEST-io.github.sunthemoon.advancedrocketrycommunity.machine.classic.adapter.ClassicNbtCanonicalBytesTest.xml": {

      "bytes": 5761,

      "sha256": "8ab83ce799ee5b98e694b4b2275e5bcdf9942f45ee6e1509e283f92589b39373"

    },

    "TEST-io.github.sunthemoon.advancedrocketrycommunity.machine.classic.adapter.ClassicNbtKeyOrderTest.xml": {

      "bytes": 2005,

      "sha256": "fb9c34c41e96f600195d4771031ffa4ea358bac3f2b05f6f1725e73071308436"

    },

    "TEST-io.github.sunthemoon.advancedrocketrycommunity.machine.classic.adapter.ClassicNbtShapeTest.xml": {

      "bytes": 14980,

      "sha256": "f87454ee4fe4dcb09b8ed98bf9a729b5b947eb02f304e825d6ba162c6db42575"

    },

    "TEST-io.github.sunthemoon.advancedrocketrycommunity.machine.classic.adapter.ClassicRootBundleTest.xml": {

      "bytes": 2448,

      "sha256": "e926e8dc570dfbd82add3c9cfbe573ecae62717989c64ffc1b81165784569eaa"

    },

    "TEST-io.github.sunthemoon.advancedrocketrycommunity.machine.classic.adapter.ClassicValuesTest.xml": {

      "bytes": 2994,

      "sha256": "02b6fac36831ccb5f9c23ac0271a831ffa988ad0f522defc34292885c51578df"

    },

    "TEST-io.github.sunthemoon.advancedrocketrycommunity.machine.classic.resource.ClassicBankKeyTest.xml": {

      "bytes": 989,

      "sha256": "26b5817de225315f9c0711f27649323ea261f48d584520439e90c39e7648073f"

    },

    "TEST-io.github.sunthemoon.advancedrocketrycommunity.machine.classic.resource.ClassicBankTransfersTest.xml": {

      "bytes": 2065,

      "sha256": "aab730d7a3046554b9d0ddc9ef57fab1bf5f7c58c2b89a2038931ca8accc43cf"

    },

    "TEST-io.github.sunthemoon.advancedrocketrycommunity.machine.classic.resource.ClassicItemCountTest.xml": {

      "bytes": 1227,

      "sha256": "c5629e3a2e0b2965c089436549f550f1ca322a100d293f8839502481d985b9c2"

    },

    "TEST-io.github.sunthemoon.advancedrocketrycommunity.machine.classic.resource.ClassicResourceBankTest.xml": {

      "bytes": 1394,

      "sha256": "c2512ff55205771416656c9fa255d692b2e2e3bf38f846ff87ece5dd87ee0c81"

    },

    "TEST-io.github.sunthemoon.advancedrocketrycommunity.machine.classic.resource.ClassicResourcesCodecTest.xml": {

      "bytes": 3248,

      "sha256": "0e4edbc56cb8dc03b47f0870ca6234f8801f61e3a36d5df12cd6ce4bd33ea83a"

    },

    "TEST-io.github.sunthemoon.advancedrocketrycommunity.machine.classic.resource.ClassicResourcesTest.xml": {

      "bytes": 1416,

      "sha256": "ba5d68d45cfda4bc0be8583acdbd593ebb4f28482b4b9d6b39596d10c08c4027"

    },

    "TEST-io.github.sunthemoon.advancedrocketrycommunity.machine.combustion.CombustionBurnTest.xml": {

      "bytes": 2446,

      "sha256": "4c7ce111a8e0535dd224328c413f050ab2616eb143c788016e39265bbac9268b"

    },

    "TEST-io.github.sunthemoon.advancedrocketrycommunity.machine.combustion.CombustionMenuWireTest.xml": {

      "bytes": 753,

      "sha256": "859769bee4f47df43fb041da5ad36571a4376be8858d89c4b60c539b5990970b"

    },

    "TEST-io.github.sunthemoon.advancedrocketrycommunity.machine.combustion.CombustionSaveTest.xml": {

      "bytes": 1295,

      "sha256": "4d889f0f497d502033c43ac4228d95b7e3c6db685958a201900540a505a07317"

    },

    "TEST-io.github.sunthemoon.advancedrocketrycommunity.machine.combustion.V180CombustionResourcesTest.xml": {

      "bytes": 969,

      "sha256": "f33dae30846112ebd03252a5bd1729601fd575b67b3079c81fd1217f7a4f5e76"

    },

    "TEST-io.github.sunthemoon.advancedrocketrycommunity.machine.electrolyzer.ElectrolyzerKernelParityTest.xml": {

      "bytes": 596,

      "sha256": "000ac95f5e8fff8e7f7c62c8c8518c648a6b7cb78fefee917c285c3cd0ecd571"

    },

    "TEST-io.github.sunthemoon.advancedrocketrycommunity.machine.electrolyzer.ElectrolyzerMaterialLedgerTest.xml": {

      "bytes": 784,

      "sha256": "0a39ea867047117231f3c121644d0267c7e880d0efc63a074121f2b8903599e7"

    },

    "TEST-io.github.sunthemoon.advancedrocketrycommunity.machine.electrolyzer.ElectrolyzerMenuDataTest.xml": {

      "bytes": 579,

      "sha256": "320bdbca49fdfab235b4fee1808e5971f6e06316f84783bca1119d86a89d9a9f"

    },

    "TEST-io.github.sunthemoon.advancedrocketrycommunity.machine.electrolyzer.ElectrolyzerMenuReasonTest.xml": {

      "bytes": 778,

      "sha256": "6fbe098b514f96287f431804c155df03f053e5c7ce24b0ce886bfbb2a57b1d18"

    },

    "TEST-io.github.sunthemoon.advancedrocketrycommunity.machine.electrolyzer.ElectrolyzerMigrationTest.xml": {

      "bytes": 1669,

      "sha256": "be38923789831471b276cba08e14a827d9bcab17636dc594c78fa7a7f04d9a22"

    },

    "TEST-io.github.sunthemoon.advancedrocketrycommunity.machine.electrolyzer.ElectrolyzerPersistenceTest.xml": {

      "bytes": 1391,

      "sha256": "cef5c21a4b87d362509443113b0f7134f58bc7a22987a5b2140c35dd0f2ff4ef"

    },

    "TEST-io.github.sunthemoon.advancedrocketrycommunity.machine.electrolyzer.ElectrolyzerPortPolicyTest.xml": {

      "bytes": 590,

      "sha256": "79350a51af68b9ae6b4f5fc1335d8a291138a914762ed7f04e1b7f2ca7d671ab"

    },

    "TEST-io.github.sunthemoon.advancedrocketrycommunity.machine.electrolyzer.ElectrolyzerProcessEngineTest.xml": {

      "bytes": 1322,

      "sha256": "32e17e8020964d29f736c44acd341a292caabee3dcbbcabfdf34b40f1afe9f08"

    },

    "TEST-io.github.sunthemoon.advancedrocketrycommunity.machine.electrolyzer.ElectrolyzerRecipeContractTest.xml": {

      "bytes": 589,

      "sha256": "37303acdb2a53148b8e92a2a8072ab463228a050d56a09bb405237905a448918"

    },

    "TEST-io.github.sunthemoon.advancedrocketrycommunity.machine.electrolyzer.ElectrolyzerRecipeSpecTest.xml": {

      "bytes": 1285,

      "sha256": "3f3a29feeaa428ae35bfb7af25c0382afd9dd8cc6bb78c39689b4a2918eb0b1c"

    },

    "TEST-io.github.sunthemoon.advancedrocketrycommunity.machine.electrolyzer.ElectrolyzerSignatureBoundsTest.xml": {

      "bytes": 1712,

      "sha256": "e1c84a331246769bfc3020032608d4ead5d8cb7e0d3eaa470263352e4c3e0bfc"

    },

    "TEST-io.github.sunthemoon.advancedrocketrycommunity.machine.menu.MachineMenuNetworkTest.xml": {

      "bytes": 542,

      "sha256": "f893f51e07577b1e3ee55f430db5c963508a34e29cbec37b31e65647fc9502ed"

    },

    "TEST-io.github.sunthemoon.advancedrocketrycommunity.machine.menu.MachineMenuOpeningTest.xml": {

      "bytes": 1320,

      "sha256": "75bb30582c7195cbd4d67cea428ca6add99b340853fa53c1d56534f9d90877ee"

    },

    "TEST-io.github.sunthemoon.advancedrocketrycommunity.machine.menu.RecipeMenuReasonTest.xml": {

      "bytes": 738,

      "sha256": "5d5ed8dd1d9f4d13846326ae61195268ffb85f7604af158d7b8122cb11ac610a"

    },

    "TEST-io.github.sunthemoon.advancedrocketrycommunity.machine.multiblock.lifecycle.forge.LoadedPartBindingGatewayTest.xml": {

      "bytes": 2085,

      "sha256": "6b6fe6e8b4c70909eabe7b216bce7174c1d75ad1ccbf614978b29062dae31369"

    },

    "TEST-io.github.sunthemoon.advancedrocketrycommunity.machine.multiblock.lifecycle.MultiblockDirtyQueueTest.xml": {

      "bytes": 1162,

      "sha256": "dc99a32d481d456e494993d272f56398a5f8feea68ac4209cd275b6a6c41c456"

    },

    "TEST-io.github.sunthemoon.advancedrocketrycommunity.machine.multiblock.lifecycle.MultiblockFootprintIndexTest.xml": {

      "bytes": 995,

      "sha256": "2643970cb6cad99adf883a279a0d380596661f4150b37c3c514b26528c67cced"

    },

    "TEST-io.github.sunthemoon.advancedrocketrycommunity.machine.multiblock.lifecycle.MultiblockLifecycleCoordinatorTest.xml": {

      "bytes": 1061,

      "sha256": "1270940f7e05bbbf3e6154cb68d724caf003bcadebb26d150616560b220c792a"

    },

    "TEST-io.github.sunthemoon.advancedrocketrycommunity.machine.multiblock.lifecycle.PartBindingVerifierTest.xml": {

      "bytes": 965,

      "sha256": "52e5a42e2e3f0fc8067533ee2d185bd92b0da6bf17993cdbb7441db1b835001a"

    },

    "TEST-io.github.sunthemoon.advancedrocketrycommunity.machine.multiblock.lifecycle.persistence.MultiblockNbtCodecTest.xml": {

      "bytes": 1875,

      "sha256": "10f1755b5236aa29bde0c5fbaf01dbfba7cd45a3f64357f5997eefee93bdbb0e"

    },

    "TEST-io.github.sunthemoon.advancedrocketrycommunity.machine.multiblock.pattern.forge.PatternBlockCacheTest.xml": {

      "bytes": 762,

      "sha256": "5434390da2ddb1f512c564e8c21d56cfe2fd151d99c517effc05596539c02dd8"

    },

    "TEST-io.github.sunthemoon.advancedrocketrycommunity.machine.multiblock.pattern.MultiblockPatternCatalogDecoderTest.xml": {

      "bytes": 1217,

      "sha256": "a11aee70165ae6721abf19d89e6c7cdd93825c107fba4f7fb22adfabf82fdfdc"

    },

    "TEST-io.github.sunthemoon.advancedrocketrycommunity.machine.multiblock.pattern.MultiblockPatternJsonCodecTest.xml": {

      "bytes": 1389,

      "sha256": "0580ce5b58ce9ada29225fc0952e4c1e7bcd4493ce8e5fcdab78b1f97aa394c3"

    },

    "TEST-io.github.sunthemoon.advancedrocketrycommunity.machine.multiblock.pattern.MultiblockPatternValidatorTest.xml": {

      "bytes": 1833,

      "sha256": "028ecd0389d78508fc16d77974d9f791a72c90d2e7a2406cd749f90aff0c41f0"

    },

    "TEST-io.github.sunthemoon.advancedrocketrycommunity.machine.multiblock.pattern.PatternTransformTest.xml": {

      "bytes": 1141,

      "sha256": "205b72fa942a79813809e77efdf0813d3c4da090ad7e2127b641ce5f9dceb9c5"

    },

    "TEST-io.github.sunthemoon.advancedrocketrycommunity.machine.multiblock.pattern.service.MultiblockPatternCatalogManagerTest.xml": {

      "bytes": 1011,

      "sha256": "49556fd5bac869f1b4b989070d9ea8a5a343f335f849e95c75b91ce84e77da9d"

    },

    "TEST-io.github.sunthemoon.advancedrocketrycommunity.machine.port.forge.ProcessForgePortAdapterTest.xml": {

      "bytes": 975,

      "sha256": "e16a916b4d998f5870b0737c6a361ea777c91fc2465094c071bf620616481e23"

    },

    "TEST-io.github.sunthemoon.advancedrocketrycommunity.machine.port.ProcessPortPolicyTest.xml": {

      "bytes": 1062,

      "sha256": "1d698340a252a7dc2bcc6c98920e8e7e5fdbc1695c7f3dcdba4a6357e02ad8de"

    },

    "TEST-io.github.sunthemoon.advancedrocketrycommunity.machine.precision.PrecisionAssemblerMenuWireTest.xml": {

      "bytes": 776,

      "sha256": "80151b18a606bb6e6ef7ff7693953f0916ea9fbe7cffcc783c4c2b03d1b6f483"

    },

    "TEST-io.github.sunthemoon.advancedrocketrycommunity.machine.precision.PrecisionAssemblerPatternTest.xml": {

      "bytes": 978,

      "sha256": "44af93ad423646290a412ff5c280e52742f046245a6b3f7029d07a194b0b4169"

    },

    "TEST-io.github.sunthemoon.advancedrocketrycommunity.machine.precision.PrecisionAssemblerPersistedChunkReaderTest.xml": {

      "bytes": 1629,

      "sha256": "fa4932166180a04ef21a7a36eee46b5b72795098b795c9851e3d8ed45147c757"

    },

    "TEST-io.github.sunthemoon.advancedrocketrycommunity.machine.precision.PrecisionAssemblerPortMigrationPersistenceTest.xml": {

      "bytes": 1015,

      "sha256": "46b3a030535451f28a8f6ed627acf04db81a9c1b850d9375249669de8d47556a"

    },

    "TEST-io.github.sunthemoon.advancedrocketrycommunity.machine.precision.PrecisionAssemblerPortPersistenceTest.xml": {

      "bytes": 1375,

      "sha256": "775c8ee982031d9d8adf163701bda2a8416b64bd53a3401574490e0e9113fccb"

    },

    "TEST-io.github.sunthemoon.advancedrocketrycommunity.machine.precision.PrecisionAssemblerPortStorageTest.xml": {

      "bytes": 791,

      "sha256": "b6b54224055d207d63e59dab99e59d6544798cf252a0a23ff1a24c3c38d45203"

    },

    "TEST-io.github.sunthemoon.advancedrocketrycommunity.machine.precision.PrecisionAssemblerRecipeTest.xml": {

      "bytes": 2170,

      "sha256": "74e656e7536eadc6bb68e56636f11d736bb4a5a2939d76449b1de71be42940da"

    },

    "TEST-io.github.sunthemoon.advancedrocketrycommunity.machine.precision.PrecisionAssemblerResourcePersistenceTest.xml": {

      "bytes": 1193,

      "sha256": "389dde1c23e0d871bc82533ce8a2588c3199c51aa55a83d8c5dc073089a3de7f"

    },

    "TEST-io.github.sunthemoon.advancedrocketrycommunity.machine.precision.PrecisionSignatureStateTest.xml": {

      "bytes": 2301,

      "sha256": "a9ce30faadb621d321712b6a4f7ea0d26b80b60f1c0c73d78f1be1f0473e3726"

    },

    "TEST-io.github.sunthemoon.advancedrocketrycommunity.machine.precision.PrecisionTagBudgetTest.xml": {

      "bytes": 986,

      "sha256": "a771cb5bb4245b2578dc2f880944acab240ef6ec6ceb7171f8c3cfb5f8637b8b"

    },

    "TEST-io.github.sunthemoon.advancedrocketrycommunity.machine.process.ProcessDefinitionTest.xml": {

      "bytes": 1235,

      "sha256": "6cf0270340b080715d9d5305903c7e9110060effcc5555dd5f2eb084bfcfcf21"

    },

    "TEST-io.github.sunthemoon.advancedrocketrycommunity.machine.process.ProcessMachineLogicTest.xml": {

      "bytes": 2243,

      "sha256": "6f1c3e6805cd30cd4d7fc3df23ff74c17d0011e0006a0decc0696289802caa4b"

    },

    "TEST-io.github.sunthemoon.advancedrocketrycommunity.machine.process.ProcessTransactionExecutorTest.xml": {

      "bytes": 2275,

      "sha256": "46cc16c12fd5cbb5fa68baeacf393746cb2689fde52a85d62716066cb5bfeb29"

    },

    "TEST-io.github.sunthemoon.advancedrocketrycommunity.machine.pump.PumpBudgetTest.xml": {

      "bytes": 866,

      "sha256": "88a90d278dee85adc69944e9e20f1c4b7c286596a66fa8831dbb47d218ca8658"

    },

    "TEST-io.github.sunthemoon.advancedrocketrycommunity.machine.pump.PumpProtectionChecksTest.xml": {

      "bytes": 967,

      "sha256": "f8597f72e1fac01a7f25b0f1205c476d22b2a0a7c304d4c51cb1fc8b53d6fb59"

    },

    "TEST-io.github.sunthemoon.advancedrocketrycommunity.machine.pump.PumpReleaseTestCommandsTest.xml": {

      "bytes": 1731,

      "sha256": "8fab69f51c9d3e70eb5adf72f8871784c5ac4e8c17bc18e74257f0cda076f54f"

    },

    "TEST-io.github.sunthemoon.advancedrocketrycommunity.machine.pump.PumpResourcesTest.xml": {

      "bytes": 896,

      "sha256": "a51be583f21f488fa9e3f5adeedaf61f2af4e44e9bdf0302b0bdafd297295cd6"

    },

    "TEST-io.github.sunthemoon.advancedrocketrycommunity.machine.pump.PumpSaveTest.xml": {

      "bytes": 1252,

      "sha256": "efb31ce8910c72eef3a11568682829c28fe01baaa62bb904eef862733e8aa667"

    },

    "TEST-io.github.sunthemoon.advancedrocketrycommunity.machine.pump.PumpSearchTest.xml": {

      "bytes": 1779,

      "sha256": "09812a76d890305dfd699e931d49179ef9f9dcbf3f05fd0f8e765e828666a650"

    },

    "TEST-io.github.sunthemoon.advancedrocketrycommunity.machine.recipe.BoundedItemIngredientCodecTest.xml": {

      "bytes": 959,

      "sha256": "77ec5fe07cc85cd56924f66c2b09181f4855b726fa6fa2de5c078af5b83b6d64"

    },

    "TEST-io.github.sunthemoon.advancedrocketrycommunity.machine.recipe.DeferredRecipeTagTest.xml": {

      "bytes": 2652,

      "sha256": "4d0d1f39bbf5641f4a85c4fcc6c7fb8242b3c9ebf788b4832a2aed822825dad4"

    },

    "TEST-io.github.sunthemoon.advancedrocketrycommunity.machine.recipe.RecipeJsonSignatureTest.xml": {

      "bytes": 936,

      "sha256": "ec097a0701ccb5292eba854222bbd51f67c9eaefc0c75efa51ce442d4cd033b8"

    },

    "TEST-io.github.sunthemoon.advancedrocketrycommunity.machine.recipe.RecipeSignatureMigrationTest.xml": {

      "bytes": 1595,

      "sha256": "e4897174217a6311576594389bb7c45b73bbe763ed0f83dbbb4c1ac640d4eea0"

    },

    "TEST-io.github.sunthemoon.advancedrocketrycommunity.machine.recipe.RecipeSignatureProtectionTest.xml": {

      "bytes": 566,

      "sha256": "1e5b3dcdc6375429c2eeee89c20d54f5cb9b369eb83b438c2904b6b92f463a0d"

    },

    "TEST-io.github.sunthemoon.advancedrocketrycommunity.machine.recipe.RecipeSignatureReleaseTestCommandsTest.xml": {

      "bytes": 2315,

      "sha256": "b1e0b6849fbae6bd746f084d17e63cc60626719c1281fe49296a2ce4728b2ca8"

    },

    "TEST-io.github.sunthemoon.advancedrocketrycommunity.machine.recipe.RetainedRecipePlanTest.xml": {

      "bytes": 785,

      "sha256": "2c3c314519d3700ba69fbefa7cb716048024599591830df9a66ed640de703057"

    },

    "TEST-io.github.sunthemoon.advancedrocketrycommunity.machine.rolling.RollingMachineMenuWireTest.xml": {

      "bytes": 771,

      "sha256": "ea6a54673595194e8bddfbabd04b4cd19c6520e9fff0cae397c541385b4364bf"

    },

    "TEST-io.github.sunthemoon.advancedrocketrycommunity.machine.rolling.RollingMachinePortPersistenceTest.xml": {

      "bytes": 1385,

      "sha256": "7bbb188cefdd52b889786f562cab2d781f686015aab35297189f79bd310bbfc2"

    },

    "TEST-io.github.sunthemoon.advancedrocketrycommunity.machine.rolling.RollingMachineProcessPersistenceTest.xml": {

      "bytes": 1373,

      "sha256": "c3c35b20454d8fafad08b17fe514b4ee56a611e1963e00455a98e8dbc83a233f"

    },

    "TEST-io.github.sunthemoon.advancedrocketrycommunity.machine.rolling.RollingMachineRecipeTest.xml": {

      "bytes": 1550,

      "sha256": "fafb264331136a89f01c4b9146ebc015f2b6c8fa430471383f815b78fd74e954"

    },

    "TEST-io.github.sunthemoon.advancedrocketrycommunity.machine.rolling.RollingMachineTransformsTest.xml": {

      "bytes": 737,

      "sha256": "f5960780694b41a34862f5897a7c604c5b047b72933baf170db624b9fb0af801"

    },

    "TEST-io.github.sunthemoon.advancedrocketrycommunity.machine.rolling.RollingSignatureStateTest.xml": {

      "bytes": 2262,

      "sha256": "4571762b6e49a5d4d6cabe27757f539353af7aedf241d053e56c8bcc38392d0d"

    },

    "TEST-io.github.sunthemoon.advancedrocketrycommunity.machine.tank.TankCapacityTest.xml": {

      "bytes": 704,

      "sha256": "1b21059349749740b63d114cfcfdcd43cd7b4288a1b1886344e466507355de07"

    },

    "TEST-io.github.sunthemoon.advancedrocketrycommunity.machine.tank.TankContainerExchangeTest.xml": {

      "bytes": 1170,

      "sha256": "03f1f46657a75c8a02a49a314be299ca902e9a80f8d0dc041522c4a6569d23a8"

    },

    "TEST-io.github.sunthemoon.advancedrocketrycommunity.machine.tank.TankDataTest.xml": {

      "bytes": 743,

      "sha256": "ca9da31c6e9757dec9e664ce56f6a078a818f140ec6cb3d09fe8c8116726ca0a"

    },

    "TEST-io.github.sunthemoon.advancedrocketrycommunity.machine.tank.TankItemRootTest.xml": {

      "bytes": 758,

      "sha256": "7b9bee779feeec768dcc8e1f22dfdfacaccb0b6ac7592b67de2a98f12c3d71a9"

    },

    "TEST-io.github.sunthemoon.advancedrocketrycommunity.machine.tank.TankSaveTest.xml": {

      "bytes": 1267,

      "sha256": "097e06c21c8102b167a0285575933020c398df922bc9b0094811bb836cb01ebf"

    },

    "TEST-io.github.sunthemoon.advancedrocketrycommunity.machine.tank.TankTransferQueueTest.xml": {

      "bytes": 936,

      "sha256": "191e217e9e24d43775d8b9ac14db62c4f19502d3e9c4e0c3fee4d3c5bbf31838"

    },

    "TEST-io.github.sunthemoon.advancedrocketrycommunity.material.MaterialCatalogTest.xml": {

      "bytes": 887,

      "sha256": "e655214814b51c21ac8d8cb4182f760728c1b813182c8e18f66cc345d13388d3"

    },

    "TEST-io.github.sunthemoon.advancedrocketrycommunity.material.press.SmallPlatePressRecipeSerializerTest.xml": {

      "bytes": 1296,

      "sha256": "50d8f34b45090d686c72e8cc7042605a608d682275143cd3081014b855619d1a"

    },

    "TEST-io.github.sunthemoon.advancedrocketrycommunity.material.press.SmallPlatePressRecipeTest.xml": {

      "bytes": 731,

      "sha256": "3caab36475c460f75a510aa36a8dc36a87bc469ec6abf48daaa03f6dc552db22"

    },

    "TEST-io.github.sunthemoon.advancedrocketrycommunity.material.SmallPlatePressCraftingResourcesTest.xml": {

      "bytes": 1145,

      "sha256": "6e373f74ca5fae732a31b6130dfed9fb64a4082b262cb5b020e594ce29d23ab2"

    },

    "TEST-io.github.sunthemoon.advancedrocketrycommunity.material.V180KernelRecipeResourcesTest.xml": {

      "bytes": 943,

      "sha256": "39e585bb9287c28356a8132632910f4e7dbb62269feb28d0eee9f1a9a391ba56"

    },

    "TEST-io.github.sunthemoon.advancedrocketrycommunity.material.V180MaterialResourcesTest.xml": {

      "bytes": 1992,

      "sha256": "1b6c15f5be3864073d9b8b7bbfb1e22ca6d49d09941fb7433206c5851042d3ad"

    },

    "TEST-io.github.sunthemoon.advancedrocketrycommunity.material.worldgen.SwitchPlacementTest.xml": {

      "bytes": 716,

      "sha256": "f7118f29a8569de672bb0cf20bcdbeb25fa986c2098bbd411cebb12507437d55"

    },

    "TEST-io.github.sunthemoon.advancedrocketrycommunity.ModIdentityTest.xml": {

      "bytes": 803,

      "sha256": "632c67a171861e5fbbac0af9309a7f13b4d6e419abee715f1c9132925c2584c8"

    },

    "TEST-io.github.sunthemoon.advancedrocketrycommunity.ModMetadataTest.xml": {

      "bytes": 508,

      "sha256": "3b59cdf1ec4bacd6c5851c02a87bf245f459a55fcefdd8af45ac8f46e63b16e8"

    },

    "TEST-io.github.sunthemoon.advancedrocketrycommunity.network.NetworkProtocolPinTest.xml": {

      "bytes": 541,

      "sha256": "1ae8901e336d76fc4b3f60477fb4ad03cfbbe59978fa12557d51aa68e85c53f6"

    },

    "TEST-io.github.sunthemoon.advancedrocketrycommunity.persistence.BoundedNbtTest.xml": {

      "bytes": 1585,

      "sha256": "ddab3c9300df5f00070c8fc052e88acd61bfdf352d74cd55f90a5aa6334c3427"

    },

    "TEST-io.github.sunthemoon.advancedrocketrycommunity.persistence.ChunkSaveDenialsTest.xml": {

      "bytes": 1279,

      "sha256": "1f69e655c5cefeaaee348f39ce3ff645ce6275e82197ea82945df0d674c84a02"

    },

    "TEST-io.github.sunthemoon.advancedrocketrycommunity.persistence.migration.AtomicSavedDataTest.xml": {

      "bytes": 15456,

      "sha256": "a2a0f4df735505aa4be4a38a5c54ce799e009297653ea44662f38f45f86cd531"

    },

    "TEST-io.github.sunthemoon.advancedrocketrycommunity.persistence.migration.BoundedSavedDataIoCapacityTest.xml": {

      "bytes": 1384,

      "sha256": "23a66739e231299d2374dec2506d04db440e6386abf2ebd93b62edfd6073eb4f"

    },

    "TEST-io.github.sunthemoon.advancedrocketrycommunity.persistence.migration.ManagedSavedDataLoaderMigrationTest.xml": {

      "bytes": 819,

      "sha256": "cacacbf843e343cac39c4b7255a1a2fe1fe5deb4f8f90c9c560fa721f5c499a3"

    },

    "TEST-io.github.sunthemoon.advancedrocketrycommunity.persistence.migration.PopulatedWorldDataPreservationTest.xml": {

      "bytes": 3803,

      "sha256": "935ebcf22c2ae56214000f41e187dd3391b7e9bb3433edccb0d340e3a1061236"

    },

    "TEST-io.github.sunthemoon.advancedrocketrycommunity.persistence.migration.SavedDataSchemaMigratorTest.xml": {

      "bytes": 1507,

      "sha256": "ed840d087c8be3dc2189010fd85553028cb753ed454e17a0c31977d6e91cdd80"

    },

    "TEST-io.github.sunthemoon.advancedrocketrycommunity.persistence.migration.StationWorldMigrationTest.xml": {

      "bytes": 1634,

      "sha256": "1bb43148c4831fd83eb4967e79c30fa40525a977cc6019b142bda4528c96cb36"

    },

    "TEST-io.github.sunthemoon.advancedrocketrycommunity.persistence.migration.WorldDataMigrationServiceTest.xml": {

      "bytes": 1954,

      "sha256": "5f824272ccb03e11ebe1ba75349cece0f1abcdd08daaad565aace1a80f0daa50"

    },

    "TEST-io.github.sunthemoon.advancedrocketrycommunity.progression.ResearchAccountTest.xml": {

      "bytes": 721,

      "sha256": "2ec4ac479efb77373fd70269f50bff14908f0b057fe328bb94bd40a099ebbcf6"

    },

    "TEST-io.github.sunthemoon.advancedrocketrycommunity.rocket.flight.persistence.RocketFlightNbtCodecTest.xml": {

      "bytes": 1578,

      "sha256": "625f37276a160c416364c29b7dcd1c006fab51fe74d81af3227fab1b6e04b8e8"

    },

    "TEST-io.github.sunthemoon.advancedrocketrycommunity.rocket.flight.persistence.RocketTransferSavedDataTest.xml": {

      "bytes": 1201,

      "sha256": "b53cc128039ffa616d33742927d285a2f107be20f8c0ea5c51856d14188452e7"

    },

    "TEST-io.github.sunthemoon.advancedrocketrycommunity.rocket.flight.PlanetaryFlightAdmissionTest.xml": {

      "bytes": 1364,

      "sha256": "210cd1d592860a12a21b2db3f53ceeb7d8619705ff0023cf557602fdfa6ceae5"

    },

    "TEST-io.github.sunthemoon.advancedrocketrycommunity.rocket.flight.RocketFlightDataTest.xml": {

      "bytes": 1303,

      "sha256": "fa538f59bbbc194d1bf74cac1527b616521036577fdec7c19d4f779392c8067b"

    },

    "TEST-io.github.sunthemoon.advancedrocketrycommunity.rocket.flight.RocketFlightLimitsTest.xml": {

      "bytes": 553,

      "sha256": "c13898744f15f4301f833ada565e1f90d4a2bca7a87ff3fdbb29dc3077ffc397"

    },

    "TEST-io.github.sunthemoon.advancedrocketrycommunity.rocket.flight.RocketFlightPlannerTest.xml": {

      "bytes": 1673,

      "sha256": "97a48ebbb344ffba037651aae0fd10fa6fb0b4049bcba7f5e5bdd8f931dbea1f"

    },

    "TEST-io.github.sunthemoon.advancedrocketrycommunity.rocket.flight.RocketFlightStateMachineTest.xml": {

      "bytes": 1303,

      "sha256": "8a87f531b1127c98e86342038995e060b842f80fe5ca45e9ad35f22beec2ada4"

    },

    "TEST-io.github.sunthemoon.advancedrocketrycommunity.rocket.flight.RocketFuelStateTest.xml": {

      "bytes": 1400,

      "sha256": "1092e6133246478df723992ae7b171fa1fe7c618f3c76f511676f6fefe694ccf"

    },

    "TEST-io.github.sunthemoon.advancedrocketrycommunity.rocket.flight.RocketPassengerManifestTest.xml": {

      "bytes": 1114,

      "sha256": "f39ad3c381ad1454b2f3ab86e706ff48ca8f6cbd366d019bf43033349d5479f2"

    },

    "TEST-io.github.sunthemoon.advancedrocketrycommunity.rocket.flight.RocketPassengerPositionTest.xml": {

      "bytes": 1152,

      "sha256": "5aaf4d0572887fc5bfb65d294ae064f5342c301aa28269f24f5d25a3663e72b3"

    },

    "TEST-io.github.sunthemoon.advancedrocketrycommunity.rocket.flight.RocketPassengerReconnectQueueTest.xml": {

      "bytes": 1702,

      "sha256": "4289493433fb7c8feaa50471611e146466274cadd60b16337b38856d419a6ae1"

    },

    "TEST-io.github.sunthemoon.advancedrocketrycommunity.rocket.flight.RocketTargetFlightPlannerTest.xml": {

      "bytes": 982,

      "sha256": "5bdc01cd89b1cb89216041a01f8148b6ce3745a3ac634bbb890ae7df72b13553"

    },

    "TEST-io.github.sunthemoon.advancedrocketrycommunity.rocket.flight.RocketTransferAuthorityOrderTest.xml": {

      "bytes": 786,

      "sha256": "2e48479316882b4efd5e18c68cd4b9733673db319730c10e559e8bd662ea6f22"

    },

    "TEST-io.github.sunthemoon.advancedrocketrycommunity.rocket.flight.RocketTransferRecordTest.xml": {

      "bytes": 1339,

      "sha256": "ddd8583b0ccf41fb84d79546cd24d4cab213e41f57c436c2e392de4317b16ddb"

    },

    "TEST-io.github.sunthemoon.advancedrocketrycommunity.rocket.flight.RocketTransferRecoveryDecisionTest.xml": {

      "bytes": 579,

      "sha256": "77c1dae90a1a5bc2401a05ff6cce06a237d7e1ff8efe6cf555c34b0a04e9810c"

    },

    "TEST-io.github.sunthemoon.advancedrocketrycommunity.rocket.fuel.FuelLoaderPersistenceTest.xml": {

      "bytes": 1077,

      "sha256": "4ca16d06bee5a60715d680a06d00cef882f9bf73e4929fbfb94e4a08983ef364"

    },

    "TEST-io.github.sunthemoon.advancedrocketrycommunity.rocket.fuel.FuelLoaderStorageTest.xml": {

      "bytes": 1718,

      "sha256": "41a231fe9fc675bd852c709040a65e00045feabb95bef907b29fef05c52cb8f1"

    },

    "TEST-io.github.sunthemoon.advancedrocketrycommunity.rocket.menu.RocketFlightQuotesTest.xml": {

      "bytes": 1611,

      "sha256": "14a163fa82ac7340a9d698fbe8993e4f7d66560ddf1d2c62b3b08eab1292478e"

    },

    "TEST-io.github.sunthemoon.advancedrocketrycommunity.rocket.menu.RocketFlightSelectionTest.xml": {

      "bytes": 2296,

      "sha256": "4c3970c77a769631b4a1c060ba65e56b581213d70de6ead71261717a489849c1"

    },

    "TEST-io.github.sunthemoon.advancedrocketrycommunity.rocket.menu.RocketNavigationTest.xml": {

      "bytes": 1087,

      "sha256": "5661092bda08282f2212b7abffcafe77b848bc71817ec1c73c30658c86bb9844"

    },

    "TEST-io.github.sunthemoon.advancedrocketrycommunity.rocket.model.RocketBoundsTest.xml": {

      "bytes": 872,

      "sha256": "558b8be939cb1bde7a5ef35cbff5d07995dd8b788bafcfdd1bbc5c32e2c301c9"

    },

    "TEST-io.github.sunthemoon.advancedrocketrycommunity.rocket.model.RocketStructureSnapshotTest.xml": {

      "bytes": 2574,

      "sha256": "6bd3ea379ae7fed1581a8364224735ad482b9bac9977093044d9357a7adf0ca6"

    },

    "TEST-io.github.sunthemoon.advancedrocketrycommunity.rocket.network.RocketFlightIntentPacketTest.xml": {

      "bytes": 1695,

      "sha256": "043cb59c641ac0155b1d26ec28a2e79fa7bed044cd64679f39dd81b196cc80ae"

    },

    "TEST-io.github.sunthemoon.advancedrocketrycommunity.rocket.network.RocketFlightPlanPacketTest.xml": {

      "bytes": 2107,

      "sha256": "949b90dee18fe6c6687b4bc42d98ba6d7bb20781247ad601a7e458dccf4c5909"

    },

    "TEST-io.github.sunthemoon.advancedrocketrycommunity.rocket.network.RocketVisualClientCacheTest.xml": {

      "bytes": 1343,

      "sha256": "9be4ab716e2f736eb9d6132556278eb42ce76ad14182a762b9c4bd46af6e3b54"

    },

    "TEST-io.github.sunthemoon.advancedrocketrycommunity.rocket.network.RocketVisualSnapshotCodecTest.xml": {

      "bytes": 1229,

      "sha256": "2eabe41422eea4c76b27465243287c187a8404b446a4ed5ba184dfb2f0381154"

    },

    "TEST-io.github.sunthemoon.advancedrocketrycommunity.rocket.persistence.RocketSnapshotNbtCodecTest.xml": {

      "bytes": 1922,

      "sha256": "107083de6ef5f9a47f6a06a4e74c82b4e7b11e181359f0297dad431f8f9bbaf4"

    },

    "TEST-io.github.sunthemoon.advancedrocketrycommunity.rocket.persistence.RocketTransactionSavedDataTest.xml": {

      "bytes": 1009,

      "sha256": "002653ba3784b36f2f38cf21c8c7592a90baf0050eb3cf4d50ae0b8f3a1df762"

    },

    "TEST-io.github.sunthemoon.advancedrocketrycommunity.rocket.scan.RocketStructureScanTaskTest.xml": {

      "bytes": 2730,

      "sha256": "3c6da16804d31d84d1fc48628aec86a61515d9c49cf84c7c9c75848caf2c51a5"

    },

    "TEST-io.github.sunthemoon.advancedrocketrycommunity.rocket.server.RocketBlockRecoveryTest.xml": {

      "bytes": 1307,

      "sha256": "85f2a809d0d91ad930fd8c7b5dd593ef3e5ce0b38a70e3813ededbf76dc00e7e"

    },

    "TEST-io.github.sunthemoon.advancedrocketrycommunity.rocket.server.RocketCatalogRefreshLimiterTest.xml": {

      "bytes": 798,

      "sha256": "425ff99e3bf4a0951c8deace3b7c7c4094a1ea8ac6e9f060231a7517055fbf37"

    },

    "TEST-io.github.sunthemoon.advancedrocketrycommunity.rocket.server.RocketDisassemblyConfirmationsTest.xml": {

      "bytes": 1989,

      "sha256": "eb04cc31693c9505c29783aa658bf5243b24ee447f52d2fe03896f453ba30ee9"

    },

    "TEST-io.github.sunthemoon.advancedrocketrycommunity.rocket.server.RocketDisassemblyLanguageTest.xml": {

      "bytes": 583,

      "sha256": "83026fddc76599e3398011909809eddd3f56f796ac117f37b191cd222bf6c230"

    },

    "TEST-io.github.sunthemoon.advancedrocketrycommunity.rocket.server.RocketFlightReleaseCheckpointTest.xml": {

      "bytes": 2701,

      "sha256": "05c2b13aac72b7bf2b699cb199a9cd7d97e85d388da000c27a78668458da51e6"

    },

    "TEST-io.github.sunthemoon.advancedrocketrycommunity.rocket.server.RocketIntentRateLimiterTest.xml": {

      "bytes": 917,

      "sha256": "e021751c48db936d43aaf892665c8d6701279286f8703d37a8a7155080b039cd"

    },

    "TEST-io.github.sunthemoon.advancedrocketrycommunity.rocket.server.RocketMaintenanceStructureTest.xml": {

      "bytes": 1164,

      "sha256": "f7620c79d88b0574ab5e36ca5004274f2b86c0d48077e19f40fa8353d7e4edf4"

    },

    "TEST-io.github.sunthemoon.advancedrocketrycommunity.rocket.server.RocketStationMotionRuleTest.xml": {

      "bytes": 1654,

      "sha256": "f24669ceb509684eef5d97ec95f2a80f6ba61464d37e437e9fb03acccadd2096"

    },

    "TEST-io.github.sunthemoon.advancedrocketrycommunity.rocket.server.RocketTransactionRecoveryReadinessTest.xml": {

      "bytes": 2131,

      "sha256": "2db8c7a0bc52ed06584e0988d3597e7fab196baa733dc7c500cd340833b6fd70"

    },

    "TEST-io.github.sunthemoon.advancedrocketrycommunity.rocket.server.RocketTransactionReleaseProbeTest.xml": {

      "bytes": 1170,

      "sha256": "9c308197c4866027ab83e60b37d68169442faa6ebbd87ce2cf63604e7d8514e2"

    },

    "TEST-io.github.sunthemoon.advancedrocketrycommunity.rocket.server.RocketTransferJournalCapacityTest.xml": {

      "bytes": 712,

      "sha256": "05e2db4ead695a8fa9c4087ba90ec0d9fcf1fc8e18620d74c0403b774047a3ef"

    },

    "TEST-io.github.sunthemoon.advancedrocketrycommunity.rocket.server.RocketTransferRecoveryLogTest.xml": {

      "bytes": 779,

      "sha256": "d508c6f6948da75765f397429c0e33fae8e0c66ecc967623861d8cb8606a25de"

    },

    "TEST-io.github.sunthemoon.advancedrocketrycommunity.rocket.server.RocketTransferRecoverySelectionTest.xml": {

      "bytes": 1019,

      "sha256": "0d6ce74553e04a1b4ab05a1bdd40c90da8277ac026821235e7f60a4bccacd5a9"

    },

    "TEST-io.github.sunthemoon.advancedrocketrycommunity.rocket.server.RocketTransferReturnReasonTest.xml": {

      "bytes": 795,

      "sha256": "c6df200470b24a3f375cc3c50382eeda091f81de3b24feb9607029ca023d035b"

    },

    "TEST-io.github.sunthemoon.advancedrocketrycommunity.rocket.stats.RocketStatsCalculatorTest.xml": {

      "bytes": 920,

      "sha256": "8f926b4d936df275be75c8c24ab62c62ba1717b7a17a811379af0f23ec52bb98"

    },

    "TEST-io.github.sunthemoon.advancedrocketrycommunity.rocket.transaction.RocketRecoveryDecisionTest.xml": {

      "bytes": 960,

      "sha256": "f5a4112a45881d02bc5fd7b64524b16d21c417d5d8a8420940b4d9a440b991a6"

    },

    "TEST-io.github.sunthemoon.advancedrocketrycommunity.rocket.transaction.RocketTransactionCheckpointTest.xml": {

      "bytes": 8161,

      "sha256": "8e44c043163908cd2a2d204a597bdc5ea2f0338e08dc9ceb27360a92e1ebb42c"

    },

    "TEST-io.github.sunthemoon.advancedrocketrycommunity.rocket.transaction.RocketTransactionExceptionTest.xml": {

      "bytes": 1636,

      "sha256": "0abbf8d637004f86722d6a166998ae7e163bb32e2b588801f17967b9f73a8774"

    },

    "TEST-io.github.sunthemoon.advancedrocketrycommunity.rocket.transaction.RocketTransactionsTest.xml": {

      "bytes": 3074,

      "sha256": "7ed3ca637228681d2196b0e423fc6eca202a5f3c6ed27c920ee76ea1e95238b2"

    },

    "TEST-io.github.sunthemoon.advancedrocketrycommunity.rocket.validation.RocketStatsValidatorTest.xml": {

      "bytes": 1122,

      "sha256": "f7dfe8d724c1f7f5e5e57755e19148501d61739a4c6fec307062aabf0ad7faae"

    },

    "TEST-io.github.sunthemoon.advancedrocketrycommunity.satellite.component.GeneratedSatelliteContentTest.xml": {

      "bytes": 783,

      "sha256": "75429bd879ad5efe7043b435b1b27510283faee1b90044ccf6663577c3fc7b51"

    },

    "TEST-io.github.sunthemoon.advancedrocketrycommunity.satellite.component.SatelliteBlueprintsTest.xml": {

      "bytes": 754,

      "sha256": "84d7cb4c2d89a6c20fc1b65961d2291e8bee0f70a70baa6a0be0c04d8043241b"

    },

    "TEST-io.github.sunthemoon.advancedrocketrycommunity.satellite.component.SatelliteComponentDefinitionTest.xml": {

      "bytes": 773,

      "sha256": "ec7cba1dd9a13710af9d77924c16b99362a557514096d14e95e212a4b7fd2c43"

    },

    "TEST-io.github.sunthemoon.advancedrocketrycommunity.satellite.content.SatelliteItemDataSchemaTwoTest.xml": {

      "bytes": 795,

      "sha256": "a345caa146b9ec0f65a0e189e64e94452ed3a9b634dbd93aba7d75de198924ad"

    },

    "TEST-io.github.sunthemoon.advancedrocketrycommunity.satellite.content.SatelliteItemDataTest.xml": {

      "bytes": 904,

      "sha256": "162fc26595a83b84bf6ea193dc6741b98f729abd06ccc867266b948a333462eb"

    },

    "TEST-io.github.sunthemoon.advancedrocketrycommunity.satellite.mission.AccountRecoveryTest.xml": {

      "bytes": 954,

      "sha256": "94ac668c1727b399a882576adb48fb10f57cccab8c735403f4b1fccf62312b4b"

    },

    "TEST-io.github.sunthemoon.advancedrocketrycommunity.satellite.mission.DeliveryReconciliationTest.xml": {

      "bytes": 554,

      "sha256": "2b356302a8dfdd8cf5095d706878ee2a0624b16ef06cbf38e06e8234ea6d1ac9"

    },

    "TEST-io.github.sunthemoon.advancedrocketrycommunity.satellite.mission.MissionDeadlineSchedulerTest.xml": {

      "bytes": 765,

      "sha256": "ffffc27e52ab32ae1a7ab79f3b591618acd68314641a37c5b5300ff840d7a0e0"

    },

    "TEST-io.github.sunthemoon.advancedrocketrycommunity.satellite.mission.MissionStateTest.xml": {

      "bytes": 911,

      "sha256": "57bf102485e509774ce52e6cddb59f970edaa61e3dc818ab40873e1fc902bff5"

    },

    "TEST-io.github.sunthemoon.advancedrocketrycommunity.satellite.mission.MonotonicMissionClockTest.xml": {

      "bytes": 750,

      "sha256": "082371631b592360bbd221207befbc04890dc31739f5a8502d51d086876f6a16"

    },

    "TEST-io.github.sunthemoon.advancedrocketrycommunity.satellite.mission.QueueBoundsTest.xml": {

      "bytes": 1097,

      "sha256": "2e03c3b06c9a10125b0928e9ef5a9c5cdeb0061f375e2badee0f108e36a96463"

    },

    "TEST-io.github.sunthemoon.advancedrocketrycommunity.satellite.mission.RegistryLifecycleTest.xml": {

      "bytes": 1919,

      "sha256": "3501d76cecdc7d3dd0970e5e4b2d88a2c9996bd6a257fba6120a58a26e572b2d"

    },

    "TEST-io.github.sunthemoon.advancedrocketrycommunity.satellite.mission.ResourceMissionsTest.xml": {

      "bytes": 1894,

      "sha256": "88682e993df42d69f92d86e4c23cce7ccd179021694fc8ece0dcfe23eda4f3cc"

    },

    "TEST-io.github.sunthemoon.advancedrocketrycommunity.satellite.mission.SatelliteLifecycleRegistryTest.xml": {

      "bytes": 2118,

      "sha256": "c198fe8fa21658697bdd3a8be9d6d46b82b342d951bc9185d84a40bf4971b0ca"

    },

    "TEST-io.github.sunthemoon.advancedrocketrycommunity.satellite.mission.SatelliteMissionRegistryTest.xml": {

      "bytes": 1119,

      "sha256": "c5e3899c36d279045298d886b5fff5fa91c3d14a3cbe5b237f4cea561b6dc858"

    },

    "TEST-io.github.sunthemoon.advancedrocketrycommunity.satellite.mission.SatelliteScanAndLinkRegistryTest.xml": {

      "bytes": 1130,

      "sha256": "decbd72214fcfece78802154dbbd095b9b565bbba0bc453cd70ab41f3a7fd53b"

    },

    "TEST-io.github.sunthemoon.advancedrocketrycommunity.satellite.model.SatelliteKindDefinitionTest.xml": {

      "bytes": 774,

      "sha256": "e9ea551147bdc1c9c0750fa505ec6b842faf21d159741d913467b22f0fd70d76"

    },

    "TEST-io.github.sunthemoon.advancedrocketrycommunity.satellite.model.SatelliteStateTest.xml": {

      "bytes": 730,

      "sha256": "4f48ade1c00a4b4a789bda244e236eef6f4e0fbda5db5cbc43371173ba18b58c"

    },

    "TEST-io.github.sunthemoon.advancedrocketrycommunity.satellite.network.SatelliteTerminalViewPacketTest.xml": {

      "bytes": 1131,

      "sha256": "e3494ef1739e9712b01a1dc6cfc815e4c9fb87f41a4ffbd261482f8e6e9b5175"

    },

    "TEST-io.github.sunthemoon.advancedrocketrycommunity.satellite.network.SurveyScanResultPacketTest.xml": {

      "bytes": 936,

      "sha256": "aa80d8b26967f2cea6f94b244577de54feb1e11ac21031be173df60a90e3d75e"

    },

    "TEST-io.github.sunthemoon.advancedrocketrycommunity.satellite.persistence.SatelliteAccountRecoveryTest.xml": {

      "bytes": 2646,

      "sha256": "0582da5954fdb6fb4f1592b871f8a53cd5395f63b0407c8f179491f13f05360c"

    },

    "TEST-io.github.sunthemoon.advancedrocketrycommunity.satellite.persistence.SatelliteMissionSavedDataTest.xml": {

      "bytes": 1590,

      "sha256": "d5db1e2c91a0c49e3f354310e854175d57061323a182be635e0bfe2d8b25c5c8"

    },

    "TEST-io.github.sunthemoon.advancedrocketrycommunity.satellite.persistence.SatelliteRootThreeTest.xml": {

      "bytes": 1482,

      "sha256": "bf123af6b3001c6794809491053353f5454e23feb2c86bf4033efa69b5933a4e"

    },

    "TEST-io.github.sunthemoon.advancedrocketrycommunity.satellite.persistence.SatelliteWritePolicyTest.xml": {

      "bytes": 754,

      "sha256": "63fae766cbac20cd132a3ee3926ccc810f7bbc97eb9eedde1444b02ad5797173"

    },

    "TEST-io.github.sunthemoon.advancedrocketrycommunity.satellite.resource.ResourceAlgorithmsTest.xml": {

      "bytes": 1296,

      "sha256": "99ed0b4284866b050209800acc0b1674ef435796e68f73f5d8f2abda7a669fed"

    },

    "TEST-io.github.sunthemoon.advancedrocketrycommunity.satellite.resource.ResourceTablesTest.xml": {

      "bytes": 1150,

      "sha256": "411a64b6663b65b7ced722d7f2ff8d7636eaa083b886a6242b946da2ab81b5e0"

    },

    "TEST-io.github.sunthemoon.advancedrocketrycommunity.satellite.resource.RewardVerifierTest.xml": {

      "bytes": 1060,

      "sha256": "d0b29a5b463593acd3d99c08fde3b278a166f5bd65e194df43506636a67759c8"

    },

    "TEST-io.github.sunthemoon.advancedrocketrycommunity.satellite.SatelliteCatalogDecoderTest.xml": {

      "bytes": 1722,

      "sha256": "f1cdfa8cc6f8bdef59be11fee56661667ceb988d0e6abf73c74de9bb99c07499"

    },

    "TEST-io.github.sunthemoon.advancedrocketrycommunity.satellite.scan.SurveyScanJobTest.xml": {

      "bytes": 1716,

      "sha256": "d94f1d560361869a0f59622e223c7458edf90a10a1ab240e3d5fdc5d69b6ded9"

    },

    "TEST-io.github.sunthemoon.advancedrocketrycommunity.satellite.service.DeliveryRuntimeTest.xml": {

      "bytes": 906,

      "sha256": "32c89e68f718840f481908a062440b2ced587bf857accd518fbb3bb08e364072"

    },

    "TEST-io.github.sunthemoon.advancedrocketrycommunity.satellite.service.DiscoveryClaimRecoveryTest.xml": {

      "bytes": 2710,

      "sha256": "ebac7981d65853fea79756f970b5608b76c0ebe01f60bec466771119fc7fee5d"

    },

    "TEST-io.github.sunthemoon.advancedrocketrycommunity.satellite.service.DiscoveryReplayQueueTest.xml": {

      "bytes": 1140,

      "sha256": "363cacd73f2be1c47e31c341fb8213dd33cc58481482a12a2e0197ea318cf582"

    },

    "TEST-io.github.sunthemoon.advancedrocketrycommunity.satellite.service.IntentRateLimiterTest.xml": {

      "bytes": 563,

      "sha256": "5f4e324da007078df86e1ce1bd5b3458731dd858e33a896ff448d5078cefaa9e"

    },

    "TEST-io.github.sunthemoon.advancedrocketrycommunity.satellite.terminal.DeliveryCrashCutTest.xml": {

      "bytes": 1673,

      "sha256": "6fef4b9b3e14ecf141adc6692e08e03166298c483ef7b0040bc3bcf52a9f8b24"

    },

    "TEST-io.github.sunthemoon.advancedrocketrycommunity.satellite.terminal.SatelliteTerminalTargetsTest.xml": {

      "bytes": 960,

      "sha256": "cbfbb30d80a3375ede139417750a71f9ce9073cd37e48ad4877ead9c2af1e787"

    },

    "TEST-io.github.sunthemoon.advancedrocketrycommunity.satellite.terminal.TerminalDeliveryTest.xml": {

      "bytes": 1277,

      "sha256": "dd495a2fa465b5e16fed95bf897401046b354199b8191d5e338b04dbbfcf4ee7"

    },

    "TEST-io.github.sunthemoon.advancedrocketrycommunity.station.elevator.ElevatorEndpointValidatorTest.xml": {

      "bytes": 1704,

      "sha256": "6f7e89df95de8f5a3480cdad185c043744ad9fd1b3d57b4b49a7ff9ed1654fdd"

    },

    "TEST-io.github.sunthemoon.advancedrocketrycommunity.station.model.StationRegionBoundaryTest.xml": {

      "bytes": 1553,

      "sha256": "5f94f6f591beb268cb1f5d70a495f512bdb8642ca5cf25ea96dbf8dd4f9b9900"

    },

    "TEST-io.github.sunthemoon.advancedrocketrycommunity.station.model.StationRegistryModelTest.xml": {

      "bytes": 1275,

      "sha256": "2b745486a65b27672a886b01dd24af6f384748777ee672d0aa5f85754ddf405c"

    },

    "TEST-io.github.sunthemoon.advancedrocketrycommunity.station.model.StationTeamCapsTest.xml": {

      "bytes": 716,

      "sha256": "927fb5269ceb69774f9ee9d2a898f15f3a0f7219d4e85ca462da595e01a3a8af"

    },

    "TEST-io.github.sunthemoon.advancedrocketrycommunity.station.orbit.StationOrbitEnvironmentResolverTest.xml": {

      "bytes": 1620,

      "sha256": "ab1ff5c7a717212a3d221870e520c49e9cde0b7e4a9e2a078229f160cb07e470"

    },

    "TEST-io.github.sunthemoon.advancedrocketrycommunity.station.persistence.StationCheckedUpdateScaleTest.xml": {

      "bytes": 1667,

      "sha256": "00cee3024bc445c570d1da6bade6475ede8b3e6e76906868fbefca7545e63445"

    },

    "TEST-io.github.sunthemoon.advancedrocketrycommunity.station.persistence.StationCheckedUpdateTest.xml": {

      "bytes": 153834,

      "sha256": "ea37c4543fe06c657a8a9135f06df40a32d0a9002176c2bf0dfd94946c8c8cdc"

    },

    "TEST-io.github.sunthemoon.advancedrocketrycommunity.station.persistence.StationRegistrySavedDataTest.xml": {

      "bytes": 1380,

      "sha256": "9fbdec96ec1813aafeb000159a25d16890f5fadbbc259b8761981c0989b3c709"

    },

    "TEST-io.github.sunthemoon.advancedrocketrycommunity.station.persistence.StationRegistryStorageBoundTest.xml": {

      "bytes": 1177,

      "sha256": "c26190a2cc76ce44537acbe34966cbfd0fd86a15b4ddaadb5f359ac618e53eac"

    },

    "TEST-io.github.sunthemoon.advancedrocketrycommunity.station.persistence.StationSchemaMigrationTest.xml": {

      "bytes": 2009,

      "sha256": "9dccb9b3a3f47120b8b61079156746145e58bb69c274a913a7289761152752d0"

    },

    "TEST-io.github.sunthemoon.advancedrocketrycommunity.station.persistence.StationStorageBudgetTest.xml": {

      "bytes": 1130,

      "sha256": "0d3452ed60f453ce6b62ccb48e2b81b23e2ba8656bc0995840f864db12080c9f"

    },

    "TEST-io.github.sunthemoon.advancedrocketrycommunity.station.persistence.StationWarpRelocationTest.xml": {

      "bytes": 83838,

      "sha256": "3fc0e39f8fb83c4399cdc2e9242bd9eab4e042d330a1af84657af0cbe363c56d"

    },

    "TEST-io.github.sunthemoon.advancedrocketrycommunity.station.persistence.StationWarpSchemaTest.xml": {

      "bytes": 1483,

      "sha256": "31da43d181c02e3383cdceff7179e24c1f1e1fbe8459bd6f1e52de3631b0e1ac"

    },

    "TEST-io.github.sunthemoon.advancedrocketrycommunity.station.service.StationAccessServiceTest.xml": {

      "bytes": 1113,

      "sha256": "100dbaea5af1e8b813603d6db3fdeb477083dec6318b9caa95ce5471076b3998"

    },

    "TEST-io.github.sunthemoon.advancedrocketrycommunity.station.service.StationExpansionConfirmationsTest.xml": {

      "bytes": 1350,

      "sha256": "4bfaddf8d73fe60289e767687fd4751c106912e01ca0814720a81e7bc4ad6cb1"

    },

    "TEST-io.github.sunthemoon.advancedrocketrycommunity.station.service.StationExpansionServiceTest.xml": {

      "bytes": 1105,

      "sha256": "a49ff56bddd496607781b4231f6c124898ca6bfb07443224b063da9277488f9f"

    },

    "TEST-io.github.sunthemoon.advancedrocketrycommunity.station.service.StationGravityCooldownRuleTest.xml": {

      "bytes": 566,

      "sha256": "df4300df73057e35490ced29fab1704a5351bee74236eefd7efbb599b74d3956"

    },

    "TEST-io.github.sunthemoon.advancedrocketrycommunity.station.service.StationRuntimeLifecycleTest.xml": {

      "bytes": 560,

      "sha256": "9982baf4ff628606c1210a0502a517fec48d97dedacaefb1a1c8d2da942876d7"

    },

    "TEST-io.github.sunthemoon.advancedrocketrycommunity.station.service.StationWriteBudgetTest.xml": {

      "bytes": 767,

      "sha256": "49118174c240aa79946c4928ed6479b01ee987aa80cb26174851ba42577cc9e8"

    },

    "TEST-io.github.sunthemoon.advancedrocketrycommunity.station.service.StationWriteCooldownTest.xml": {

      "bytes": 726,

      "sha256": "d3a1a4d92a4e9a3f5b0ec90c26ab52dd6252f9edfd6687f0744807b998cb22e8"

    },

    "TEST-io.github.sunthemoon.advancedrocketrycommunity.station.warp.StationWarpStateTest.xml": {

      "bytes": 1424,

      "sha256": "3c0a5e76ea9d2443b574d24860c581c57e70d136b617812a6d158131bc6c4793"

    },

    "TEST-io.github.sunthemoon.advancedrocketrycommunity.travel.migration.LegacyFlightTargetMigratorTest.xml": {

      "bytes": 1372,

      "sha256": "be9ed13da80d49b99eb74c3ca03af6e47cb4211e107329d11c231dd9da6776a2"

    },

    "TEST-io.github.sunthemoon.advancedrocketrycommunity.travel.migration.LegacyTravelTargetAdapterTest.xml": {

      "bytes": 917,

      "sha256": "76eaaa5218e90b51fb17bee74714094b8c134a594269c753b92b92ac52501cb5"

    },

    "TEST-io.github.sunthemoon.advancedrocketrycommunity.travel.route.RouteCatalogDecoderTest.xml": {

      "bytes": 1093,

      "sha256": "d9e6b447abbf8dfb3ca3911cda562ef09ee48e2c1da44bc39195f12ce56aa501"

    },

    "TEST-io.github.sunthemoon.advancedrocketrycommunity.travel.route.RouteCatalogTest.xml": {

      "bytes": 1409,

      "sha256": "cbaf3b52218cce436ef9fe5c787e3feb83e934a2da584e057709157daed3af0d"

    },

    "TEST-io.github.sunthemoon.advancedrocketrycommunity.travel.route.RouteDefinitionCodecTest.xml": {

      "bytes": 1090,

      "sha256": "c0ad4e4179316f3320d06e0beec1acc171941d6ca528eb103f7ae37d257d4a19"

    },

    "TEST-io.github.sunthemoon.advancedrocketrycommunity.travel.route.TravelFuelFormulaTest.xml": {

      "bytes": 884,

      "sha256": "6d86f2755fb90bb73e1b30cca04640d4fa2bbb1bab6aabf6f3e2b9e4a24b44fd"

    },

    "TEST-io.github.sunthemoon.advancedrocketrycommunity.travel.TravelTargetCodecTest.xml": {

      "bytes": 1714,

      "sha256": "d21a8b2a124e2c11b83af8df94cca305d89e42c501e38834753a46c1ca563b5d"

    }

  }

}



===== evidence/integration-gametest-12-counts.json =====
{

  "required_passed": 464,

  "exit": 0,

  "minecraft_log": {

    "bytes": 1646986,

    "sha256": "4faba890bb108693e77d2f8ca04ea08e09c11cfdde5aee0fad1075103abf0095"

  },

  "gradle_log": {

    "bytes": 1476161,

    "sha256": "f5d9d20094d73f33574340abcd35a95212021276b6780a665394779a5b246a07"

  },

  "logger_ERROR_lines": 61,

  "clean_log_claimed": false

}



===== evidence/checks-21-full.json =====
{

  "jobs": [

    {

      "name": "markdown-links-17",

      "exit": 0,

      "documented_exit": 0,

      "documented_failure_not_pass": false,

      "elapsed_seconds": 2.683836,

      "finished_utc": "2026-10-04T04:36:32.173182+00:00",

      "log_sha256": "dafd9ac3664e1e69e9e1ff443414624d573cdfbba411b1091d2efbad5ccd374f"

    },

    {

      "name": "repository-boundary-21",

      "exit": 0,

      "documented_exit": 0,

      "documented_failure_not_pass": false,

      "elapsed_seconds": 348.980509,

      "finished_utc": "2026-10-04T04:42:21.155914+00:00",

      "log_sha256": "43fdffe66826acca17067b35f581b6288b89a6baa6793db2b29ee8e4435cb64a"

    },

    {

      "name": "planning-21",

      "exit": 0,

      "documented_exit": 0,

      "documented_failure_not_pass": false,

      "elapsed_seconds": 0.178742,

      "finished_utc": "2026-10-04T04:42:21.336600+00:00",

      "log_sha256": "f0eb0a508ba1768dc1b024eb4663833b31eb1f106901d8ec56f5de5d6893da54"

    },

    {

      "name": "provenance-21",

      "exit": 0,

      "documented_exit": 0,

      "documented_failure_not_pass": false,

      "elapsed_seconds": 31.490204,

      "finished_utc": "2026-10-04T04:42:52.828589+00:00",

      "log_sha256": "34816aa32bf269ecc3e1e5fe129413a1d9b05d151906482bf37dd79839e77f35"

    },

    {

      "name": "machine-resources-21",

      "exit": 0,

      "documented_exit": 0,

      "documented_failure_not_pass": false,

      "elapsed_seconds": 0.08626,

      "finished_utc": "2026-10-04T04:42:52.916497+00:00",

      "log_sha256": "1d3d83a4191126823a59aa2d308d349ec7d46cd33af9f50025384f513b8dcf6d"

    }

  ],

  "release_gate_claimed": false,

  "old_failures_not_relabelled": true

}



===== evidence/checks-21-scoped.json =====
{

  "jobs": [

    {

      "name": "ledger-strict-21",

      "exit": 0,

      "documented_exit": 0,

      "documented_failure_not_pass": false,

      "elapsed_seconds": 0.65057,

      "finished_utc": "2026-10-04T04:53:31.859268+00:00",

      "log_sha256": "61a48b9ee492e9aefd2ca38a514e25687b15aa459ec51375b62ae04acbf2eab4"

    },

    {

      "name": "ledger-closure-21",

      "exit": 1,

      "documented_exit": 1,

      "documented_failure_not_pass": true,

      "elapsed_seconds": 0.416892,

      "finished_utc": "2026-10-04T04:53:32.277727+00:00",

      "log_sha256": "b7670cace1b3980c8d74242a80f1181031fffe7579a4dcf2711634ab765f6373"

    },

    {

      "name": "common-client-21",

      "exit": 0,

      "documented_exit": 0,

      "documented_failure_not_pass": false,

      "elapsed_seconds": 0.634704,

      "finished_utc": "2026-10-04T04:53:32.913911+00:00",

      "log_sha256": "41d7f9b8f46d1eeaf40be07406c7c5b8fe4fc53b75ce90cd23b55ed7c489293c"

    },

    {

      "name": "focused-python-21",

      "exit": 0,

      "documented_exit": 0,

      "documented_failure_not_pass": false,

      "elapsed_seconds": 5.770608,

      "finished_utc": "2026-10-04T04:53:38.685855+00:00",

      "log_sha256": "e5ac49bf0372c1c1925d8cea6850763cc251229c3a409c3fc198ec4d049af59c"

    },

    {

      "name": "artifact-21",

      "exit": 0,

      "documented_exit": 0,

      "documented_failure_not_pass": false,

      "elapsed_seconds": 1.827542,

      "finished_utc": "2026-10-04T04:53:40.516010+00:00",

      "log_sha256": "1e15600e22e1a34cf7c01b8e4f10a647a0296289104704b8df6c5a1863244f80"

    },

    {

      "name": "git-diff-check-21",

      "exit": 0,

      "documented_exit": 0,

      "documented_failure_not_pass": false,

      "elapsed_seconds": 0.539754,

      "finished_utc": "2026-10-04T04:53:41.057479+00:00",

      "log_sha256": "e3b0c44298fc1c149afbf4c8996fb92427ae41e4649b934ca495991b7852b855"

    },

    {

      "name": "git-diff-exit-21",

      "exit": 1,

      "documented_exit": 1,

      "documented_failure_not_pass": true,

      "elapsed_seconds": 0.570852,

      "finished_utc": "2026-10-04T04:53:41.629803+00:00",

      "log_sha256": "b1a0d33cdec4538ad5da3df1d413e673f5d11c4f01864f6d075f8de36cbc0243"

    }

  ],

  "release_gate_claimed": false,

  "old_failures_not_relabelled": true

}



===== operations/PHASE-COMMITS-01.json =====
{

  "initial_head": "cd63c5ff53e3daa0e6c3be92f17f16c061ddc5a6",

  "commits": [

    {

      "subject": "feat(machine): integrate reviewed v1.8 development code",

      "commit": "85a1975744792721ac358097969af45b7dd13c90",

      "files": [

        "build.gradle",

        "gradle.properties",

        "src/main/java/io/github/sunthemoon/advancedrocketrycommunity/AdvancedRocketryCommunity.java",

        "src/main/java/io/github/sunthemoon/advancedrocketrycommunity/atmosphere/content/OxygenCanisterItem.java",

        "src/main/java/io/github/sunthemoon/advancedrocketrycommunity/celestial/exoplanet/ExoplanetContent.java",

        "src/main/java/io/github/sunthemoon/advancedrocketrycommunity/celestial/exoplanet/worldgen/ExoplanetWorldgen.java",

        "src/main/java/io/github/sunthemoon/advancedrocketrycommunity/celestial/exoplanet/worldgen/LandingGroundFilter.java",

        "src/main/java/io/github/sunthemoon/advancedrocketrycommunity/celestial/surface/worldgen/VolcanoPiece.java",

        "src/main/java/io/github/sunthemoon/advancedrocketrycommunity/celestial/visual/SkyMath.java",

        "src/main/java/io/github/sunthemoon/advancedrocketrycommunity/celestial/visual/SkyProfiles.java",

        "src/main/java/io/github/sunthemoon/advancedrocketrycommunity/classiccomponent/AdvancedMachineCasingBlock.java",

        "src/main/java/io/github/sunthemoon/advancedrocketrycommunity/classiccomponent/MotorArt.java",

        "src/main/java/io/github/sunthemoon/advancedrocketrycommunity/classiccomponent/MotorContent.java",

        "src/main/java/io/github/sunthemoon/advancedrocketrycommunity/classiccomponent/MotorDataFiles.java",

        "src/main/java/io/github/sunthemoon/advancedrocketrycommunity/classiccomponent/MotorDefinition.java",

        "src/main/java/io/github/sunthemoon/advancedrocketrycommunity/client/ClientBootstrap.java",

        "src/main/java/io/github/sunthemoon/advancedrocketrycommunity/client/CombustionGeneratorScreen.java",

        "src/main/java/io/github/sunthemoon/advancedrocketrycommunity/client/ElectrolyzerScreen.java",

        "src/main/java/io/github/sunthemoon/advancedrocketrycommunity/client/PrecisionAssemblerScreen.java",

        "src/main/java/io/github/sunthemoon/advancedrocketrycommunity/client/RollingMachineScreen.java",

        "src/main/java/io/github/sunthemoon/advancedrocketrycommunity/client/exoplanet/ClientExoplanetEffects.java",

        "src/main/java/io/github/sunthemoon/advancedrocketrycommunity/client/exoplanet/FlashCooldown.java",

        "src/main/java/io/github/sunthemoon/advancedrocketrycommunity/client/sky/PlanetaryDimensionEffects.java",

        "src/main/java/io/github/sunthemoon/advancedrocketrycommunity/client/sky/PlanetarySkyClient.java",

        "src/main/java/io/github/sunthemoon/advancedrocketrycommunity/client/sky/PlanetarySkyRenderer.java",

        "src/main/java/io/github/sunthemoon/advancedrocketrycommunity/config/CommonConfig.java",

        "src/main/java/io/github/sunthemoon/advancedrocketrycommunity/datagen/BootstrapDataGenerators.java",

        "src/main/java/io/github/sunthemoon/advancedrocketrycommunity/datagen/PrecisionAssemblerRecipeProvider.java",

        "src/main/java/io/github/sunthemoon/advancedrocketrycommunity/datagen/RollingMachineRecipeProvider.java",

        "src/main/java/io/github/sunthemoon/advancedrocketrycommunity/datagen/V180CombustionArt.java",

        "src/main/java/io/github/sunthemoon/advancedrocketrycommunity/datagen/V180CombustionModels.java",

        "src/main/java/io/github/sunthemoon/advancedrocketrycommunity/datagen/V180ExoplanetData.java",

        "src/main/java/io/github/sunthemoon/advancedrocketrycommunity/datagen/V180FluidArt.java",

        "src/main/java/io/github/sunthemoon/advancedrocketrycommunity/datagen/V180FluidData.java",

        "src/main/java/io/github/sunthemoon/advancedrocketrycommunity/datagen/V180LanguageProvider.java",

        "src/main/java/io/github/sunthemoon/advancedrocketrycommunity/datagen/V180MaterialData.java",

        "src/main/java/io/github/sunthemoon/advancedrocketrycommunity/datagen/V180MaterialRecipes.java",

        "src/main/java/io/github/sunthemoon/advancedrocketrycommunity/datagen/V180MotorArt.java",

        "src/main/java/io/github/sunthemoon/advancedrocketrycommunity/datagen/V180MotorData.java",

        "src/main/java/io/github/sunthemoon/advancedrocketrycommunity/datagen/V180PumpArt.java",

        "src/main/java/io/github/sunthemoon/advancedrocketrycommunity/datagen/V180PumpData.java",

        "src/main/java/io/github/sunthemoon/advancedrocketrycommunity/datagen/V180PumpLanguage.java",

        "src/main/java/io/github/sunthemoon/advancedrocketrycommunity/datagen/V180RecipeMenuLanguage.java",

        "src/main/java/io/github/sunthemoon/advancedrocketrycommunity/datagen/V180TankArt.java",

        "src/main/java/io/github/sunthemoon/advancedrocketrycommunity/datagen/V180TankData.java",

        "src/main/java/io/github/sunthemoon/advancedrocketrycommunity/fluid/CanisterItemSafety.java",

        "src/main/java/io/github/sunthemoon/advancedrocketrycommunity/fluid/CanisterStackSwap.java",

        "src/main/java/io/github/sunthemoon/advancedrocketrycommunity/fluid/CanisterSwapPlanner.java",

        "src/main/java/io/github/sunthemoon/advancedrocketrycommunity/fluid/ClassicFluidDefinition.java",

        "src/main/java/io/github/sunthemoon/advancedrocketrycommunity/fluid/ClassicFluidGameTests.java",

        "src/main/java/io/github/sunthemoon/advancedrocketrycommunity/fluid/ClassicFluidType.java",

        "src/main/java/io/github/sunthemoon/advancedrocketrycommunity/fluid/ClassicFluids.java",

        "src/main/java/io/github/sunthemoon/advancedrocketrycommunity/fluid/ContainerGasFluid.java",

        "src/main/java/io/github/sunthemoon/advancedrocketrycommunity/fluid/EnrichedLavaBlock.java",

        "src/main/java/io/github/sunthemoon/advancedrocketrycommunity/fluid/FluidReleaseTestCommands.java",

        "src/main/java/io/github/sunthemoon/advancedrocketrycommunity/fluid/GasCanisterCapabilities.java",

        "src/main/java/io/github/sunthemoon/advancedrocketrycommunity/fluid/GasCanisterCatalog.java",

        "src/main/java/io/github/sunthemoon/advancedrocketrycommunity/fluid/GasCanisterHandler.java",

        "src/main/java/io/github/sunthemoon/advancedrocketrycommunity/fluid/GasCanisterItem.java",

        "src/main/java/io/github/sunthemoon/advancedrocketrycommunity/gametest/BootstrapGameTests.java",

        "src/main/java/io/github/sunthemoon/advancedrocketrycommunity/gametest/CombustionGeneratorGameTests.java",

        "src/main/java/io/github/sunthemoon/advancedrocketrycommunity/gametest/ElectrolyzerKernelGameTests.java",

        "src/main/java/io/github/sunthemoon/advancedrocketrycommunity/gametest/GuardedChunkSaveGameTests.java",

        "src/main/java/io/github/sunthemoon/advancedrocketrycommunity/gametest/MotorGameTests.java",

        "src/main/java/io/github/sunthemoon/advancedrocketrycommunity/gametest/PlanetSurfaceGameTests.java",

        "src/main/java/io/github/sunthemoon/advancedrocketrycommunity/gametest/PlanetaryWorldGameTests.java",

        "src/main/java/io/github/sunthemoon/advancedrocketrycommunity/gametest/PrecisionAssemblerGameTests.java",

        "src/main/java/io/github/sunthemoon/advancedrocketrycommunity/gametest/PrecisionAssemblerProcessSafetyGameTests.java",

        "src/main/java/io/github/sunthemoon/advancedrocketrycommunity/gametest/PumpGameTests.java",

        "src/main/java/io/github/sunthemoon/advancedrocketrycommunity/gametest/RecipeMenuChannelGameTests.java",

        "src/main/java/io/github/sunthemoon/advancedrocketrycommunity/gametest/RecipeMenuGameTests.java",

        "src/main/java/io/github/sunthemoon/advancedrocketrycommunity/gametest/RecipeSignatureMigrationGameTests.java",

        "src/main/java/io/github/sunthemoon/advancedrocketrycommunity/gametest/RecipeSignatureRecoveryClockGameTests.java",

        "src/main/java/io/github/sunthemoon/advancedrocketrycommunity/gametest/RecipeSignatureRemovalGameTests.java",

        "src/main/java/io/github/sunthemoon/advancedrocketrycommunity/gametest/RecipeSignatureSaveEventGameTests.java",

        "src/main/java/io/github/sunthemoon/advancedrocketrycommunity/gametest/ResourceMissionGameTests.java",

        "src/main/java/io/github/sunthemoon/advancedrocketrycommunity/gametest/RollingMachineGameTests.java",

        "src/main/java/io/github/sunthemoon/advancedrocketrycommunity/gametest/SmallPlatePressCraftingGameTests.java",

        "src/main/java/io/github/sunthemoon/advancedrocketrycommunity/gametest/TankGameTests.java",

        "src/main/java/io/github/sunthemoon/advancedrocketrycommunity/machine/classic/adapter/ClassicAllocation.java",

        "src/main/java/io/github/sunthemoon/advancedrocketrycommunity/machine/classic/adapter/ClassicAllocationPart.java",

        "src/main/java/io/github/sunthemoon/advancedrocketrycommunity/machine/classic/adapter/ClassicAssignment.java",

        "src/main/java/io/github/sunthemoon/advancedrocketrycommunity/machine/classic/adapter/ClassicControllerFrame.java",

        "src/main/java/io/github/sunthemoon/advancedrocketrycommunity/machine/classic/adapter/ClassicDropQuarantine.java",

        "src/main/java/io/github/sunthemoon/advancedrocketrycommunity/machine/classic/adapter/ClassicHatchKind.java",

        "src/main/java/io/github/sunthemoon/advancedrocketrycommunity/machine/classic/adapter/ClassicHatchState.java",

        "src/main/java/io/github/sunthemoon/advancedrocketrycommunity/machine/classic/adapter/ClassicMachineState.java",

        "src/main/java/io/github/sunthemoon/advancedrocketrycommunity/machine/classic/adapter/ClassicNativeEntry.java",

        "src/main/java/io/github/sunthemoon/advancedrocketrycommunity/machine/classic/adapter/ClassicNativePlan.java",

        "src/main/java/io/github/sunthemoon/advancedrocketrycommunity/machine/classic/adapter/ClassicNbtKeyOrder.java",

        "src/main/java/io/github/sunthemoon/advancedrocketrycommunity/machine/classic/adapter/ClassicNbtLimits.java",

        "src/main/java/io/github/sunthemoon/advancedrocketrycommunity/machine/classic/adapter/ClassicNbtShape.java",

        "src/main/java/io/github/sunthemoon/advancedrocketrycommunity/machine/classic/adapter/ClassicProcessFrame.java",

        "src/main/java/io/github/sunthemoon/advancedrocketrycommunity/machine/classic/adapter/ClassicRefusal.java",

        "src/main/java/io/github/sunthemoon/advancedrocketrycommunity/machine/classic/adapter/ClassicRootBundle.java",

        "src/main/java/io/github/sunthemoon/advancedrocketrycommunity/machine/classic/adapter/ClassicSignatureMarker.java",

        "src/main/java/io/github/sunthemoon/advancedrocketrycommunity/machine/classic/adapter/ClassicStatusView.java",

        "src/main/java/io/github/sunthemoon/advancedrocketrycommunity/machine/classic/adapter/ClassicUncertainDrop.java",

        "src/main/java/io/github/sunthemoon/advancedrocketrycommunity/machine/classic/adapter/ClassicValueChecks.java",

        "src/main/java/io/github/sunthemoon/advancedrocketrycommunity/machine/classic/adapter/OwnedNativeTag.java",

        "src/main/java/io/github/sunthemoon/advancedrocketrycommunity/machine/classic/resource/ClassicBankKey.java",

        "src/main/java/io/github/sunthemoon/advancedrocketrycommunity/machine/classic/resource/ClassicBankKind.java",

        "src/main/java/io/github/sunthemoon/advancedrocketrycommunity/machine/classic/resource/ClassicBankTransfers.java",

        "src/main/java/io/github/sunthemoon/advancedrocketrycommunity/machine/classic/resource/ClassicNativePayload.java",

        "src/main/java/io/github/sunthemoon/advancedrocketrycommunity/machine/classic/resource/ClassicResourceBank.java",

        "src/main/java/io/github/sunthemoon/advancedrocketrycommunity/machine/classic/resource/ClassicResources.java",

        "src/main/java/io/github/sunthemoon/advancedrocketrycommunity/machine/classic/resource/ClassicResourcesCodec.java",

        "src/main/java/io/github/sunthemoon/advancedrocketrycommunity/machine/classic/resource/ClassicResourcesDecode.java",

        "src/main/java/io/github/sunthemoon/advancedrocketrycommunity/machine/combustion/CombustionBurn.java",

        "src/main/java/io/github/sunthemoon/advancedrocketrycommunity/machine/combustion/CombustionGeneratorBlock.java",

        "src/main/java/io/github/sunthemoon/advancedrocketrycommunity/machine/combustion/CombustionGeneratorBlockEntity.java",

        "src/main/java/io/github/sunthemoon/advancedrocketrycommunity/machine/combustion/CombustionGeneratorMenu.java",

        "src/main/java/io/github/sunthemoon/advancedrocketrycommunity/machine/combustion/CombustionPorts.java",

        "src/main/java/io/github/sunthemoon/advancedrocketrycommunity/machine/combustion/CombustionProtection.java",

        "src/main/java/io/github/sunthemoon/advancedrocketrycommunity/machine/combustion/CombustionReleaseTestCommands.java",

        "src/main/java/io/github/sunthemoon/advancedrocketrycommunity/machine/combustion/CombustionSave.java",

        "src/main/java/io/github/sunthemoon/advancedrocketrycommunity/machine/electrolyzer/ElectrolyzerBlock.java",

        "src/main/java/io/github/sunthemoon/advancedrocketrycommunity/machine/electrolyzer/ElectrolyzerBlockEntity.java",

        "src/main/java/io/github/sunthemoon/advancedrocketrycommunity/machine/electrolyzer/ElectrolyzerMenu.java",

        "src/main/java/io/github/sunthemoon/advancedrocketrycommunity/machine/electrolyzer/ElectrolyzerMenuData.java",

        "src/main/java/io/github/sunthemoon/advancedrocketrycommunity/machine/electrolyzer/ElectrolyzerProcessController.java",

        "src/main/java/io/github/sunthemoon/advancedrocketrycommunity/machine/electrolyzer/ElectrolyzerRecipe.java",

        "src/main/java/io/github/sunthemoon/advancedrocketrycommunity/machine/electrolyzer/ElectrolyzerRecipeResolver.java",

        "src/main/java/io/github/sunthemoon/advancedrocketrycommunity/machine/menu/MachineMenuNetwork.java",

        "src/main/java/io/github/sunthemoon/advancedrocketrycommunity/machine/menu/MachineMenuOpening.java",

        "src/main/java/io/github/sunthemoon/advancedrocketrycommunity/machine/menu/RecipeMenuReason.java",

        "src/main/java/io/github/sunthemoon/advancedrocketrycommunity/machine/precision/PrecisionAssemblerBlock.java",

        "src/main/java/io/github/sunthemoon/advancedrocketrycommunity/machine/precision/PrecisionAssemblerBlockEntity.java",

        "src/main/java/io/github/sunthemoon/advancedrocketrycommunity/machine/precision/PrecisionAssemblerMenu.java",

        "src/main/java/io/github/sunthemoon/advancedrocketrycommunity/machine/precision/PrecisionAssemblerMenuData.java",

        "src/main/java/io/github/sunthemoon/advancedrocketrycommunity/machine/precision/PrecisionAssemblerPortBlockEntity.java",

        "src/main/java/io/github/sunthemoon/advancedrocketrycommunity/machine/precision/PrecisionAssemblerProcessController.java",

        "src/main/java/io/github/sunthemoon/advancedrocketrycommunity/machine/precision/PrecisionAssemblerRecipe.java",

        "src/main/java/io/github/sunthemoon/advancedrocketrycommunity/machine/precision/PrecisionAssemblerRecipeResolver.java",

        "src/main/java/io/github/sunthemoon/advancedrocketrycommunity/machine/precision/PrecisionAssemblerTransactionCutGameTests.java",

        "src/main/java/io/github/sunthemoon/advancedrocketrycommunity/machine/pump/PumpArt.java",

        "src/main/java/io/github/sunthemoon/advancedrocketrycommunity/machine/pump/PumpBlock.java",

        "src/main/java/io/github/sunthemoon/advancedrocketrycommunity/machine/pump/PumpBlockEntity.java",

        "src/main/java/io/github/sunthemoon/advancedrocketrycommunity/machine/pump/PumpBlockItem.java",

        "src/main/java/io/github/sunthemoon/advancedrocketrycommunity/machine/pump/PumpBudget.java",

        "src/main/java/io/github/sunthemoon/advancedrocketrycommunity/machine/pump/PumpCode.java",

        "src/main/java/io/github/sunthemoon/advancedrocketrycommunity/machine/pump/PumpContent.java",

        "src/main/java/io/github/sunthemoon/advancedrocketrycommunity/machine/pump/PumpDataFiles.java",

        "src/main/java/io/github/sunthemoon/advancedrocketrycommunity/machine/pump/PumpPorts.java",

        "src/main/java/io/github/sunthemoon/advancedrocketrycommunity/machine/pump/PumpProtection.java",

        "src/main/java/io/github/sunthemoon/advancedrocketrycommunity/machine/pump/PumpProtectionChecks.java",

        "src/main/java/io/github/sunthemoon/advancedrocketrycommunity/machine/pump/PumpReleaseTestCommands.java",

        "src/main/java/io/github/sunthemoon/advancedrocketrycommunity/machine/pump/PumpSave.java",

        "src/main/java/io/github/sunthemoon/advancedrocketrycommunity/machine/pump/PumpSearch.java",

        "src/main/java/io/github/sunthemoon/advancedrocketrycommunity/machine/pump/PumpSources.java",

        "src/main/java/io/github/sunthemoon/advancedrocketrycommunity/machine/recipe/BoundedItemIngredientCodec.java",

        "src/main/java/io/github/sunthemoon/advancedrocketrycommunity/machine/recipe/DeferredProcessDefinition.java",

        "src/main/java/io/github/sunthemoon/advancedrocketrycommunity/machine/recipe/LegacyKernelRecipeProof.java",

        "src/main/java/io/github/sunthemoon/advancedrocketrycommunity/machine/recipe/RecipeJsonSignature.java",

        "src/main/java/io/github/sunthemoon/advancedrocketrycommunity/machine/recipe/RecipeSignatureMigration.java",

        "src/main/java/io/github/sunthemoon/advancedrocketrycommunity/machine/recipe/RecipeSignatureProtected.java",

        "src/main/java/io/github/sunthemoon/advancedrocketrycommunity/machine/recipe/RecipeSignatureProtection.java",

        "src/main/java/io/github/sunthemoon/advancedrocketrycommunity/machine/recipe/RecipeSignatureReleaseTestCommands.java",

        "src/main/java/io/github/sunthemoon/advancedrocketrycommunity/machine/recipe/RecipeTagGeneration.java",

        "src/main/java/io/github/sunthemoon/advancedrocketrycommunity/machine/recipe/RetainedRecipePlan.java",

        "src/main/java/io/github/sunthemoon/advancedrocketrycommunity/machine/rolling/RollingMachineBlock.java",

        "src/main/java/io/github/sunthemoon/advancedrocketrycommunity/machine/rolling/RollingMachineBlockEntity.java",

        "src/main/java/io/github/sunthemoon/advancedrocketrycommunity/machine/rolling/RollingMachineMenu.java",

        "src/main/java/io/github/sunthemoon/advancedrocketrycommunity/machine/rolling/RollingMachineMenuData.java",

        "src/main/java/io/github/sunthemoon/advancedrocketrycommunity/machine/rolling/RollingMachinePortBlock.java",

        "src/main/java/io/github/sunthemoon/advancedrocketrycommunity/machine/rolling/RollingMachinePortBlockEntity.java",

        "src/main/java/io/github/sunthemoon/advancedrocketrycommunity/machine/rolling/RollingMachineProcessController.java",

        "src/main/java/io/github/sunthemoon/advancedrocketrycommunity/machine/rolling/RollingMachineRecipe.java",

        "src/main/java/io/github/sunthemoon/advancedrocketrycommunity/machine/rolling/RollingMachineRecipeResolver.java",

        "src/main/java/io/github/sunthemoon/advancedrocketrycommunity/machine/tank/PressurizedTankBlock.java",

        "src/main/java/io/github/sunthemoon/advancedrocketrycommunity/machine/tank/PressurizedTankBlockEntity.java",

        "src/main/java/io/github/sunthemoon/advancedrocketrycommunity/machine/tank/PressurizedTankItem.java",

        "src/main/java/io/github/sunthemoon/advancedrocketrycommunity/machine/tank/TankCapacity.java",

        "src/main/java/io/github/sunthemoon/advancedrocketrycommunity/machine/tank/TankContainerExchange.java",

        "src/main/java/io/github/sunthemoon/advancedrocketrycommunity/machine/tank/TankDataFiles.java",

        "src/main/java/io/github/sunthemoon/advancedrocketrycommunity/machine/tank/TankFluidPort.java",

        "src/main/java/io/github/sunthemoon/advancedrocketrycommunity/machine/tank/TankProtection.java",

        "src/main/java/io/github/sunthemoon/advancedrocketrycommunity/machine/tank/TankReleaseTestCommands.java",

        "src/main/java/io/github/sunthemoon/advancedrocketrycommunity/machine/tank/TankSave.java",

        "src/main/java/io/github/sunthemoon/advancedrocketrycommunity/machine/tank/TankTransferQueue.java",

        "src/main/java/io/github/sunthemoon/advancedrocketrycommunity/machine/tank/TankTransfers.java",

        "src/main/java/io/github/sunthemoon/advancedrocketrycommunity/persistence/BoundedNbt.java",

        "src/main/java/io/github/sunthemoon/advancedrocketrycommunity/persistence/ChunkSaveDenials.java",

        "src/main/java/io/github/sunthemoon/advancedrocketrycommunity/persistence/GuardedChunkSaves.java",

        "src/main/java/io/github/sunthemoon/advancedrocketrycommunity/registry/ModBlockEntities.java",

        "src/main/java/io/github/sunthemoon/advancedrocketrycommunity/registry/ModBlocks.java",

        "src/main/java/io/github/sunthemoon/advancedrocketrycommunity/registry/ModCreativeTabs.java",

        "src/main/java/io/github/sunthemoon/advancedrocketrycommunity/registry/ModItems.java",

        "src/main/java/io/github/sunthemoon/advancedrocketrycommunity/registry/ModMenuTypes.java",

        "src/main/java/io/github/sunthemoon/advancedrocketrycommunity/registry/ModRegistries.java",

        "src/test/java/io/github/sunthemoon/advancedrocketrycommunity/ModMetadataTest.java",

        "src/test/java/io/github/sunthemoon/advancedrocketrycommunity/celestial/exoplanet/V180ExoplanetResourcesTest.java",

        "src/test/java/io/github/sunthemoon/advancedrocketrycommunity/celestial/exoplanet/worldgen/LandingGroundTest.java",

        "src/test/java/io/github/sunthemoon/advancedrocketrycommunity/celestial/visual/SkyMathTest.java",

        "src/test/java/io/github/sunthemoon/advancedrocketrycommunity/celestial/visual/SkyProfileTest.java",

        "src/test/java/io/github/sunthemoon/advancedrocketrycommunity/classiccomponent/MotorArtTest.java",

        "src/test/java/io/github/sunthemoon/advancedrocketrycommunity/classiccomponent/MotorDataFilesTest.java",

        "src/test/java/io/github/sunthemoon/advancedrocketrycommunity/classiccomponent/MotorDefinitionTest.java",

        "src/test/java/io/github/sunthemoon/advancedrocketrycommunity/classiccomponent/MotorLanguageResourcesTest.java",

        "src/test/java/io/github/sunthemoon/advancedrocketrycommunity/client/exoplanet/FlashCooldownTest.java",

        "src/test/java/io/github/sunthemoon/advancedrocketrycommunity/client/sky/SkyProfileReloadTest.java",

        "src/test/java/io/github/sunthemoon/advancedrocketrycommunity/config/CommonConfigTest.java",

        "src/test/java/io/github/sunthemoon/advancedrocketrycommunity/datagen/V180RecipeMenuLanguageTest.java",

        "src/test/java/io/github/sunthemoon/advancedrocketrycommunity/fluid/CanisterStackSwapTest.java",

        "src/test/java/io/github/sunthemoon/advancedrocketrycommunity/fluid/CanisterSwapPlannerTest.java",

        "src/test/java/io/github/sunthemoon/advancedrocketrycommunity/fluid/GasCanisterHandlerTest.java",

        "src/test/java/io/github/sunthemoon/advancedrocketrycommunity/fluid/V180FluidResourcesTest.java",

        "src/test/java/io/github/sunthemoon/advancedrocketrycommunity/machine/classic/adapter/ClassicNativeEntryCapacityTest.java",

        "src/test/java/io/github/sunthemoon/advancedrocketrycommunity/machine/classic/adapter/ClassicNativeValuesTest.java",

        "src/test/java/io/github/sunthemoon/advancedrocketrycommunity/machine/classic/adapter/ClassicNbtKeyOrderTest.java",

        "src/test/java/io/github/sunthemoon/advancedrocketrycommunity/machine/classic/adapter/ClassicNbtShapeTest.java",

        "src/test/java/io/github/sunthemoon/advancedrocketrycommunity/machine/classic/adapter/ClassicRootBundleTest.java",

        "src/test/java/io/github/sunthemoon/advancedrocketrycommunity/machine/classic/adapter/ClassicValuesTest.java",

        "src/test/java/io/github/sunthemoon/advancedrocketrycommunity/machine/classic/resource/ClassicBankKeyTest.java",

        "src/test/java/io/github/sunthemoon/advancedrocketrycommunity/machine/classic/resource/ClassicBankTransfersTest.java",

        "src/test/java/io/github/sunthemoon/advancedrocketrycommunity/machine/classic/resource/ClassicItemCountTest.java",

        "src/test/java/io/github/sunthemoon/advancedrocketrycommunity/machine/classic/resource/ClassicResourceBankTest.java",

        "src/test/java/io/github/sunthemoon/advancedrocketrycommunity/machine/classic/resource/ClassicResourcesCodecTest.java",

        "src/test/java/io/github/sunthemoon/advancedrocketrycommunity/machine/classic/resource/ClassicResourcesTest.java",

        "src/test/java/io/github/sunthemoon/advancedrocketrycommunity/machine/combustion/CombustionBurnTest.java",

        "src/test/java/io/github/sunthemoon/advancedrocketrycommunity/machine/combustion/CombustionMenuWireTest.java",

        "src/test/java/io/github/sunthemoon/advancedrocketrycommunity/machine/combustion/CombustionSaveTest.java",

        "src/test/java/io/github/sunthemoon/advancedrocketrycommunity/machine/combustion/V180CombustionResourcesTest.java",

        "src/test/java/io/github/sunthemoon/advancedrocketrycommunity/machine/electrolyzer/ElectrolyzerMenuDataTest.java",

        "src/test/java/io/github/sunthemoon/advancedrocketrycommunity/machine/electrolyzer/ElectrolyzerMenuReasonTest.java",

        "src/test/java/io/github/sunthemoon/advancedrocketrycommunity/machine/electrolyzer/ElectrolyzerMigrationTest.java",

        "src/test/java/io/github/sunthemoon/advancedrocketrycommunity/machine/electrolyzer/ElectrolyzerSignatureBoundsTest.java",

        "src/test/java/io/github/sunthemoon/advancedrocketrycommunity/machine/menu/MachineMenuNetworkTest.java",

        "src/test/java/io/github/sunthemoon/advancedrocketrycommunity/machine/menu/MachineMenuOpeningTest.java",

        "src/test/java/io/github/sunthemoon/advancedrocketrycommunity/machine/menu/RecipeMenuReasonTest.java",

        "src/test/java/io/github/sunthemoon/advancedrocketrycommunity/machine/precision/PrecisionAssemblerRecipeTest.java",

        "src/test/java/io/github/sunthemoon/advancedrocketrycommunity/machine/precision/PrecisionSignatureStateTest.java",

        "src/test/java/io/github/sunthemoon/advancedrocketrycommunity/machine/precision/PrecisionTagBudgetTest.java",

        "src/test/java/io/github/sunthemoon/advancedrocketrycommunity/machine/pump/PumpBudgetTest.java",

        "src/test/java/io/github/sunthemoon/advancedrocketrycommunity/machine/pump/PumpProtectionChecksTest.java",

        "src/test/java/io/github/sunthemoon/advancedrocketrycommunity/machine/pump/PumpReleaseTestCommandsTest.java",

        "src/test/java/io/github/sunthemoon/advancedrocketrycommunity/machine/pump/PumpResourcesTest.java",

        "src/test/java/io/github/sunthemoon/advancedrocketrycommunity/machine/pump/PumpSaveTest.java",

        "src/test/java/io/github/sunthemoon/advancedrocketrycommunity/machine/pump/PumpSearchTest.java",

        "src/test/java/io/github/sunthemoon/advancedrocketrycommunity/machine/recipe/BoundedItemIngredientCodecTest.java",

        "src/test/java/io/github/sunthemoon/advancedrocketrycommunity/machine/recipe/DeferredRecipeTagTest.java",

        "src/test/java/io/github/sunthemoon/advancedrocketrycommunity/machine/recipe/RecipeJsonSignatureTest.java",

        "src/test/java/io/github/sunthemoon/advancedrocketrycommunity/machine/recipe/RecipeSignatureMigrationTest.java",

        "src/test/java/io/github/sunthemoon/advancedrocketrycommunity/machine/recipe/RecipeSignatureProtectionTest.java",

        "src/test/java/io/github/sunthemoon/advancedrocketrycommunity/machine/recipe/RecipeSignatureReleaseTestCommandsTest.java",

        "src/test/java/io/github/sunthemoon/advancedrocketrycommunity/machine/recipe/RetainedRecipePlanTest.java",

        "src/test/java/io/github/sunthemoon/advancedrocketrycommunity/machine/rolling/RollingMachineRecipeTest.java",

        "src/test/java/io/github/sunthemoon/advancedrocketrycommunity/machine/rolling/RollingSignatureStateTest.java",

        "src/test/java/io/github/sunthemoon/advancedrocketrycommunity/machine/tank/TankCapacityTest.java",

        "src/test/java/io/github/sunthemoon/advancedrocketrycommunity/machine/tank/TankContainerExchangeTest.java",

        "src/test/java/io/github/sunthemoon/advancedrocketrycommunity/machine/tank/TankDataTest.java",

        "src/test/java/io/github/sunthemoon/advancedrocketrycommunity/machine/tank/TankItemRootTest.java",

        "src/test/java/io/github/sunthemoon/advancedrocketrycommunity/machine/tank/TankSaveTest.java",

        "src/test/java/io/github/sunthemoon/advancedrocketrycommunity/machine/tank/TankTransferQueueTest.java",

        "src/test/java/io/github/sunthemoon/advancedrocketrycommunity/material/SmallPlatePressCraftingResourcesTest.java",

        "src/test/java/io/github/sunthemoon/advancedrocketrycommunity/material/V180KernelRecipeResourcesTest.java",

        "src/test/java/io/github/sunthemoon/advancedrocketrycommunity/material/V180MaterialResourcesTest.java",

        "src/test/java/io/github/sunthemoon/advancedrocketrycommunity/network/NetworkProtocolPinTest.java",

        "src/test/java/io/github/sunthemoon/advancedrocketrycommunity/persistence/BoundedNbtTest.java",

        "src/test/java/io/github/sunthemoon/advancedrocketrycommunity/persistence/ChunkSaveDenialsTest.java"

      ],

      "file_count": 260

    },

    {

      "subject": "feat(data): add v1.8 generated machine content and original art",

      "commit": "6a3bcffe60125ad3e138543f39b47eb9b13f5597",

      "files": [

        "THIRD-PARTY-NOTICES.md",

        "docs/provenance/v1.8.0-c16a-pump-new-resources.md",

        "docs/provenance/v1.8.0-c16a-tank-new-resources.md",

        "docs/provenance/v1.8.0-development-metadata.md",

        "src/generated/v1.8/resources/assets/advancedrocketrycommunity/blockstates/advanced_motor.json",

        "src/generated/v1.8/resources/assets/advancedrocketrycommunity/blockstates/combustion_generator.json",

        "src/generated/v1.8/resources/assets/advancedrocketrycommunity/blockstates/elite_motor.json",

        "src/generated/v1.8/resources/assets/advancedrocketrycommunity/blockstates/enhanced_motor.json",

        "src/generated/v1.8/resources/assets/advancedrocketrycommunity/blockstates/enriched_lava.json",

        "src/generated/v1.8/resources/assets/advancedrocketrycommunity/blockstates/motor.json",

        "src/generated/v1.8/resources/assets/advancedrocketrycommunity/blockstates/pressurized_tank.json",

        "src/generated/v1.8/resources/assets/advancedrocketrycommunity/blockstates/pump.json",

        "src/generated/v1.8/resources/assets/advancedrocketrycommunity/blockstates/rocket_fuel.json",

        "src/generated/v1.8/resources/assets/advancedrocketrycommunity/models/block/advanced_motor.json",

        "src/generated/v1.8/resources/assets/advancedrocketrycommunity/models/block/combustion_generator.json",

        "src/generated/v1.8/resources/assets/advancedrocketrycommunity/models/block/combustion_generator_lit.json",

        "src/generated/v1.8/resources/assets/advancedrocketrycommunity/models/block/elite_motor.json",

        "src/generated/v1.8/resources/assets/advancedrocketrycommunity/models/block/enhanced_motor.json",

        "src/generated/v1.8/resources/assets/advancedrocketrycommunity/models/block/enriched_lava.json",

        "src/generated/v1.8/resources/assets/advancedrocketrycommunity/models/block/motor.json",

        "src/generated/v1.8/resources/assets/advancedrocketrycommunity/models/block/pressurized_tank.json",

        "src/generated/v1.8/resources/assets/advancedrocketrycommunity/models/block/pump.json",

        "src/generated/v1.8/resources/assets/advancedrocketrycommunity/models/block/rocket_fuel.json",

        "src/generated/v1.8/resources/assets/advancedrocketrycommunity/models/item/advanced_motor.json",

        "src/generated/v1.8/resources/assets/advancedrocketrycommunity/models/item/combustion_generator.json",

        "src/generated/v1.8/resources/assets/advancedrocketrycommunity/models/item/elite_motor.json",

        "src/generated/v1.8/resources/assets/advancedrocketrycommunity/models/item/enhanced_motor.json",

        "src/generated/v1.8/resources/assets/advancedrocketrycommunity/models/item/enriched_lava_bucket.json",

        "src/generated/v1.8/resources/assets/advancedrocketrycommunity/models/item/motor.json",

        "src/generated/v1.8/resources/assets/advancedrocketrycommunity/models/item/nitrogen_canister.json",

        "src/generated/v1.8/resources/assets/advancedrocketrycommunity/models/item/pressurized_tank.json",

        "src/generated/v1.8/resources/assets/advancedrocketrycommunity/models/item/pump.json",

        "src/generated/v1.8/resources/assets/advancedrocketrycommunity/models/item/rocket_fuel_bucket.json",

        "src/generated/v1.8/resources/assets/advancedrocketrycommunity/textures/block/advanced_motor_bottom.png",

        "src/generated/v1.8/resources/assets/advancedrocketrycommunity/textures/block/advanced_motor_side.png",

        "src/generated/v1.8/resources/assets/advancedrocketrycommunity/textures/block/advanced_motor_top.png",

        "src/generated/v1.8/resources/assets/advancedrocketrycommunity/textures/block/combustion_front.png",

        "src/generated/v1.8/resources/assets/advancedrocketrycommunity/textures/block/combustion_front_lit.png",

        "src/generated/v1.8/resources/assets/advancedrocketrycommunity/textures/block/combustion_side.png",

        "src/generated/v1.8/resources/assets/advancedrocketrycommunity/textures/block/combustion_top.png",

        "src/generated/v1.8/resources/assets/advancedrocketrycommunity/textures/block/elite_motor_bottom.png",

        "src/generated/v1.8/resources/assets/advancedrocketrycommunity/textures/block/elite_motor_side.png",

        "src/generated/v1.8/resources/assets/advancedrocketrycommunity/textures/block/elite_motor_top.png",

        "src/generated/v1.8/resources/assets/advancedrocketrycommunity/textures/block/enhanced_motor_bottom.png",

        "src/generated/v1.8/resources/assets/advancedrocketrycommunity/textures/block/enhanced_motor_side.png",

        "src/generated/v1.8/resources/assets/advancedrocketrycommunity/textures/block/enhanced_motor_top.png",

        "src/generated/v1.8/resources/assets/advancedrocketrycommunity/textures/block/fluid/enriched_lava_flow.png",

        "src/generated/v1.8/resources/assets/advancedrocketrycommunity/textures/block/fluid/enriched_lava_still.png",

        "src/generated/v1.8/resources/assets/advancedrocketrycommunity/textures/block/fluid/hydrogen_flow.png",

        "src/generated/v1.8/resources/assets/advancedrocketrycommunity/textures/block/fluid/hydrogen_still.png",

        "src/generated/v1.8/resources/assets/advancedrocketrycommunity/textures/block/fluid/nitrogen_flow.png",

        "src/generated/v1.8/resources/assets/advancedrocketrycommunity/textures/block/fluid/nitrogen_still.png",

        "src/generated/v1.8/resources/assets/advancedrocketrycommunity/textures/block/fluid/oxygen_flow.png",

        "src/generated/v1.8/resources/assets/advancedrocketrycommunity/textures/block/fluid/oxygen_still.png",

        "src/generated/v1.8/resources/assets/advancedrocketrycommunity/textures/block/fluid/rocket_fuel_flow.png",

        "src/generated/v1.8/resources/assets/advancedrocketrycommunity/textures/block/fluid/rocket_fuel_still.png",

        "src/generated/v1.8/resources/assets/advancedrocketrycommunity/textures/block/motor_bottom.png",

        "src/generated/v1.8/resources/assets/advancedrocketrycommunity/textures/block/motor_side.png",

        "src/generated/v1.8/resources/assets/advancedrocketrycommunity/textures/block/motor_top.png",

        "src/generated/v1.8/resources/assets/advancedrocketrycommunity/textures/block/pressurized_tank_bottom.png",

        "src/generated/v1.8/resources/assets/advancedrocketrycommunity/textures/block/pressurized_tank_side.png",

        "src/generated/v1.8/resources/assets/advancedrocketrycommunity/textures/block/pressurized_tank_top.png",

        "src/generated/v1.8/resources/assets/advancedrocketrycommunity/textures/block/pump_bottom.png",

        "src/generated/v1.8/resources/assets/advancedrocketrycommunity/textures/block/pump_side.png",

        "src/generated/v1.8/resources/assets/advancedrocketrycommunity/textures/block/pump_top.png",

        "src/generated/v1.8/resources/assets/advancedrocketrycommunity/textures/item/enriched_lava_bucket.png",

        "src/generated/v1.8/resources/assets/advancedrocketrycommunity/textures/item/nitrogen_canister.png",

        "src/generated/v1.8/resources/assets/advancedrocketrycommunity/textures/item/rocket_fuel_bucket.png",

        "src/generated/v1.8/resources/assets/advancedrocketrycommunity_v180/lang/en_us.json",

        "src/generated/v1.8/resources/assets/advancedrocketrycommunity_v180/lang/zh_cn.json",

        "src/generated/v1.8/resources/data/advancedrocketrycommunity/advancements/recipes/misc/advanced_motor.json",

        "src/generated/v1.8/resources/data/advancedrocketrycommunity/advancements/recipes/misc/elite_motor.json",

        "src/generated/v1.8/resources/data/advancedrocketrycommunity/advancements/recipes/misc/enhanced_motor.json",

        "src/generated/v1.8/resources/data/advancedrocketrycommunity/advancements/recipes/misc/motor.json",

        "src/generated/v1.8/resources/data/advancedrocketrycommunity/advancements/recipes/misc/pressurized_tank.json",

        "src/generated/v1.8/resources/data/advancedrocketrycommunity/advancements/recipes/misc/pump.json",

        "src/generated/v1.8/resources/data/advancedrocketrycommunity/advancements/recipes/redstone/combustion_generator.json",

        "src/generated/v1.8/resources/data/advancedrocketrycommunity/advancements/recipes/redstone/small_plate_press.json",

        "src/generated/v1.8/resources/data/advancedrocketrycommunity/gas_harvest/gas_giant.json",

        "src/generated/v1.8/resources/data/advancedrocketrycommunity/loot_tables/blocks/advanced_motor.json",

        "src/generated/v1.8/resources/data/advancedrocketrycommunity/loot_tables/blocks/combustion_generator.json",

        "src/generated/v1.8/resources/data/advancedrocketrycommunity/loot_tables/blocks/elite_motor.json",

        "src/generated/v1.8/resources/data/advancedrocketrycommunity/loot_tables/blocks/enhanced_motor.json",

        "src/generated/v1.8/resources/data/advancedrocketrycommunity/loot_tables/blocks/motor.json",

        "src/generated/v1.8/resources/data/advancedrocketrycommunity/loot_tables/blocks/pressurized_tank.json",

        "src/generated/v1.8/resources/data/advancedrocketrycommunity/loot_tables/blocks/pump.json",

        "src/generated/v1.8/resources/data/advancedrocketrycommunity/recipes/advanced_motor.json",

        "src/generated/v1.8/resources/data/advancedrocketrycommunity/recipes/combustion_generator.json",

        "src/generated/v1.8/resources/data/advancedrocketrycommunity/recipes/elite_motor.json",

        "src/generated/v1.8/resources/data/advancedrocketrycommunity/recipes/enhanced_motor.json",

        "src/generated/v1.8/resources/data/advancedrocketrycommunity/recipes/motor.json",

        "src/generated/v1.8/resources/data/advancedrocketrycommunity/recipes/precision_control_circuit.json",

        "src/generated/v1.8/resources/data/advancedrocketrycommunity/recipes/precision_guidance_module.json",

        "src/generated/v1.8/resources/data/advancedrocketrycommunity/recipes/pressurized_tank.json",

        "src/generated/v1.8/resources/data/advancedrocketrycommunity/recipes/pump.json",

        "src/generated/v1.8/resources/data/advancedrocketrycommunity/recipes/rolling_aluminum_plate.json",

        "src/generated/v1.8/resources/data/advancedrocketrycommunity/recipes/rolling_aluminum_sheet.json",

        "src/generated/v1.8/resources/data/advancedrocketrycommunity/recipes/rolling_copper_plate.json",

        "src/generated/v1.8/resources/data/advancedrocketrycommunity/recipes/rolling_copper_sheet.json",

        "src/generated/v1.8/resources/data/advancedrocketrycommunity/recipes/rolling_gold_plate.json",

        "src/generated/v1.8/resources/data/advancedrocketrycommunity/recipes/rolling_iridium_plate.json",

        "src/generated/v1.8/resources/data/advancedrocketrycommunity/recipes/rolling_iron_bars.json",

        "src/generated/v1.8/resources/data/advancedrocketrycommunity/recipes/rolling_iron_sheet.json",

        "src/generated/v1.8/resources/data/advancedrocketrycommunity/recipes/rolling_silicon_plate.json",

        "src/generated/v1.8/resources/data/advancedrocketrycommunity/recipes/rolling_steel_plate.json",

        "src/generated/v1.8/resources/data/advancedrocketrycommunity/recipes/rolling_steel_sheet.json",

        "src/generated/v1.8/resources/data/advancedrocketrycommunity/recipes/rolling_tin_plate.json",

        "src/generated/v1.8/resources/data/advancedrocketrycommunity/recipes/rolling_titanium_aluminide_plate.json",

        "src/generated/v1.8/resources/data/advancedrocketrycommunity/recipes/rolling_titanium_aluminide_sheet.json",

        "src/generated/v1.8/resources/data/advancedrocketrycommunity/recipes/rolling_titanium_iridium_plate.json",

        "src/generated/v1.8/resources/data/advancedrocketrycommunity/recipes/rolling_titanium_iridium_sheet.json",

        "src/generated/v1.8/resources/data/advancedrocketrycommunity/recipes/rolling_titanium_plate.json",

        "src/generated/v1.8/resources/data/advancedrocketrycommunity/recipes/rolling_titanium_sheet.json",

        "src/generated/v1.8/resources/data/advancedrocketrycommunity/recipes/small_plate_press.json",

        "src/generated/v1.8/resources/data/advancedrocketrycommunity/tags/blocks/motors.json",

        "src/generated/v1.8/resources/data/advancedrocketrycommunity/tags/blocks/pressurized_tanks.json",

        "src/generated/v1.8/resources/data/advancedrocketrycommunity/tags/items/motors.json",

        "src/generated/v1.8/resources/data/advancedrocketrycommunity/tags/items/pressurized_tanks.json",

        "src/generated/v1.8/resources/data/advancedrocketrycommunity/worldgen/noise_settings/tau_ceti_f.json",

        "src/generated/v1.8/resources/data/advancedrocketrycommunity/worldgen/placed_feature/alien_forest_grass.json",

        "src/generated/v1.8/resources/data/advancedrocketrycommunity/worldgen/placed_feature/crystal_cluster.json",

        "src/generated/v1.8/resources/data/advancedrocketrycommunity/worldgen/placed_feature/electric_mushrooms.json",

        "src/generated/v1.8/resources/data/advancedrocketrycommunity/worldgen/placed_feature/giant_swamp_tree.json",

        "src/generated/v1.8/resources/data/advancedrocketrycommunity/worldgen/placed_feature/inverted_pillar.json",

        "src/generated/v1.8/resources/data/advancedrocketrycommunity/worldgen/placed_feature/lightwood_tree.json",

        "src/generated/v1.8/resources/data/advancedrocketrycommunity/worldgen/placed_feature/stormland_charred_tree.json",

        "src/generated/v1.8/resources/data/minecraft/tags/blocks/mineable/pickaxe.json",

        "src/generated/v1.8/resources/data/minecraft/tags/blocks/needs_stone_tool.json"

      ],

      "file_count": 128

    },

    {

      "subject": "test(machine): preserve v1.8 native probes and regression fixtures",

      "commit": "735ff725e40b4d8cc521867db83f2bc12e405492",

      "files": [

        "scripts/run_v180_combustion_smoke.py",

        "scripts/run_v180_fluid_smoke.py",

        "scripts/run_v180_motor_smoke.py",

        "scripts/run_v180_pump_smoke.py",

        "scripts/run_v180_signature_smoke.py",

        "scripts/run_v180_tank_smoke.py",

        "tests/test_run_v180_combustion_smoke.py",

        "tests/test_run_v180_fluid_smoke.py",

        "tests/test_run_v180_motor_smoke.py",

        "tests/test_run_v180_pump_smoke.py",

        "tests/test_run_v180_signature_smoke.py",

        "tests/test_run_v180_tank_smoke.py",

        "tests/test_validate_v180_content_ledger.py"

      ],

      "file_count": 13

    },

    {

      "subject": "feat(machine): add bounded private canonical NBT bytes",

      "commit": "3f3d62aed3980186fe0acc9592cf93ca436405fb",

      "files": [

        "src/main/java/io/github/sunthemoon/advancedrocketrycommunity/machine/classic/adapter/ClassicNbtCanonicalBytes.java",

        "src/test/java/io/github/sunthemoon/advancedrocketrycommunity/machine/classic/adapter/ClassicNbtCanonicalBytesTest.java"

      ],

      "file_count": 2

    }

  ],

  "commands": [

    {

      "command": [

        "git",

        "diff",

        "--cached",

        "--name-only"

      ],

      "cwd": "D:\\GitHub\\AdvancedRocketry-Community",

      "started_utc": "2026-10-04T05:00:38.629125+00:00",

      "exit": 0,

      "log": "phase-commit01-01.log",

      "log_sha256": "e3b0c44298fc1c149afbf4c8996fb92427ae41e4649b934ca495991b7852b855"

    },

    {

      "command": [

        "git",

        "branch",

        "--show-current"

      ],

      "cwd": "D:\\GitHub\\AdvancedRocketry-Community",

      "started_utc": "2026-10-04T05:00:38.699393+00:00",

      "exit": 0,

      "log": "phase-commit01-02.log",

      "log_sha256": "96f50e3ec8dd6cee834c5b1d2a35cfe1c2e22b2a78aba2f1d7f1ad61682838a7"

    },

    {

      "command": [

        "git",

        "rev-parse",

        "HEAD"

      ],

      "cwd": "D:\\GitHub\\AdvancedRocketry-Community",

      "started_utc": "2026-10-04T05:00:38.754603+00:00",

      "exit": 0,

      "log": "phase-commit01-03.log",

      "log_sha256": "1867a0e6ece70e375be5692f93ea1c1921dbe71f202e6b1d9678313407c1d954"

    },

    {

      "command": [

        "git",

        "-c",

        "core.autocrlf=false",

        "add",

        "--",

        "src/adapterTest/java/io/github/sunthemoon/arceadaptertest/AdapterFaultGameTests.java",

        "src/adapterTest/java/io/github/sunthemoon/arceadaptertest/AdapterRegistrationGameTests.java",

        "src/adapterTest/java/io/github/sunthemoon/arceadaptertest/AdapterTestMod.java",

        "src/adapterTest/java/io/github/sunthemoon/arceadaptertest/AtmosphereBoundaryGameTests.java",

        "src/adapterTest/java/io/github/sunthemoon/arceadaptertest/EndgameEffectFixture.java",

        "src/adapterTest/java/io/github/sunthemoon/arceadaptertest/EndgameEffectGameTests.java",

        "src/adapterTest/java/io/github/sunthemoon/arceadaptertest/EnvironmentQueryFixture.java",

        "src/adapterTest/java/io/github/sunthemoon/arceadaptertest/EnvironmentQueryGameTests.java",

        "src/adapterTest/java/io/github/sunthemoon/arceadaptertest/FixtureAdapterFaults.java",

        "src/adapterTest/java/io/github/sunthemoon/arceadaptertest/FixtureBoundaryBlock.java",

        "src/adapterTest/java/io/github/sunthemoon/arceadaptertest/FixtureContainerBlock.java",

        "src/adapterTest/java/io/github/sunthemoon/arceadaptertest/FixtureContainerBlockEntity.java",

        "src/adapterTest/java/io/github/sunthemoon/arceadaptertest/FixtureInventoryAdapter.java",

        "src/adapterTest/java/io/github/sunthemoon/arceadaptertest/FixtureRocketComponents.java",

        "src/adapterTest/java/io/github/sunthemoon/arceadaptertest/FixtureRocketFuels.java",

        "src/adapterTest/java/io/github/sunthemoon/arceadaptertest/FixtureSuitOxygen.java",

        "src/adapterTest/java/io/github/sunthemoon/arceadaptertest/RocketComponentGameTests.java",

        "src/adapterTest/java/io/github/sunthemoon/arceadaptertest/RocketFuelGameTests.java",

        "src/adapterTest/java/io/github/sunthemoon/arceadaptertest/SatellitePayloadFixture.java",

        "src/adapterTest/java/io/github/sunthemoon/arceadaptertest/SatellitePayloadGameTests.java",

        "src/adapterTest/java/io/github/sunthemoon/arceadaptertest/StationExpansionProbe.java",

        "src/adapterTest/java/io/github/sunthemoon/arceadaptertest/SuitEquipmentFixture.java",

        "src/adapterTest/java/io/github/sunthemoon/arceadaptertest/SuitEquipmentGameTests.java",

        "src/main/java/io/github/sunthemoon/advancedrocketrycommunity/AdvancedRocketryCommunity.java",

        "src/main/java/io/github/sunthemoon/advancedrocketrycommunity/ModIdentity.java",

        "src/main/java/io/github/sunthemoon/advancedrocketrycommunity/api/atmosphere/AtmosphereBoundary.java",

        "src/main/java/io/github/sunthemoon/advancedrocketrycommunity/api/atmosphere/AtmosphereBoundaryProvider.java",

        "src/main/java/io/github/sunthemoon/advancedrocketrycommunity/api/atmosphere/AtmosphereBoundaryRegistrar.java",

        "src/main/java/io/github/sunthemoon/advancedrocketrycommunity/api/atmosphere/RegisterAtmosphereBoundariesEvent.java",

        "src/main/java/io/github/sunthemoon/advancedrocketrycommunity/api/atmosphere/RegisterSuitEquipmentEvent.java",

        "src/main/java/io/github/sunthemoon/advancedrocketrycommunity/api/atmosphere/SuitEquipmentRegistrar.java",

        "src/main/java/io/github/sunthemoon/advancedrocketrycommunity/api/atmosphere/SuitOxygenProvider.java",

        "src/main/java/io/github/sunthemoon/advancedrocketrycommunity/api/endgame/EndgameEffect.java",

        "src/main/java/io/github/sunthemoon/advancedrocketrycommunity/api/endgame/EndgameEffectEvent.java",

        "src/main/java/io/github/sunthemoon/advancedrocketrycommunity/api/environment/AtmosphereProfile.java",

        "src/main/java/io/github/sunthemoon/advancedrocketrycommunity/api/environment/EnvironmentQueries.java",

        "src/main/java/io/github/sunthemoon/advancedrocketrycommunity/api/environment/EnvironmentSnapshot.java",

        "src/main/java/io/github/sunthemoon/advancedrocketrycommunity/api/environment/ServerEnvironmentReadyEvent.java",

        "src/main/java/io/github/sunthemoon/advancedrocketrycommunity/api/rocket/RegisterRocketAdaptersEvent.java",

        "src/main/java/io/github/sunthemoon/advancedrocketrycommunity/api/rocket/RegisterRocketComponentsEvent.java",

        "src/main/java/io/github/sunthemoon/advancedrocketrycommunity/api/rocket/RegisterRocketFuelsEvent.java",

        "src/main/java/io/github/sunthemoon/advancedrocketrycommunity/api/rocket/RocketAdapterRegistrar.java",

        "src/main/java/io/github/sunthemoon/advancedrocketrycommunity/api/rocket/RocketBlockEntityAdapter.java",

        "src/main/java/io/github/sunthemoon/advancedrocketrycommunity/api/rocket/RocketComponentDefinition.java",

        "src/main/java/io/github/sunthemoon/advancedrocketrycommunity/api/rocket/RocketComponentRegistrar.java",

        "src/main/java/io/github/sunthemoon/advancedrocketrycommunity/api/rocket/RocketFuelDefinition.java",

        "src/main/java/io/github/sunthemoon/advancedrocketrycommunity/api/rocket/RocketFuelRegistrar.java",

        "src/main/java/io/github/sunthemoon/advancedrocketrycommunity/api/satellite/RegisterSatellitePayloadsEvent.java",

        "src/main/java/io/github/sunthemoon/advancedrocketrycommunity/api/satellite/SatelliteMissionDefinition.java",

        "src/main/java/io/github/sunthemoon/advancedrocketrycommunity/api/satellite/SatellitePayloadRegistrar.java",

        "src/main/java/io/github/sunthemoon/advancedrocketrycommunity/api/version/ApiCompatibility.java",

        "src/main/java/io/github/sunthemoon/advancedrocketrycommunity/api/version/ApiVersion.java",

        "src/main/java/io/github/sunthemoon/advancedrocketrycommunity/api/version/ApiVersions.java",

        "src/main/java/io/github/sunthemoon/advancedrocketrycommunity/atmosphere/AtmosphereLimits.java",

        "src/main/java/io/github/sunthemoon/advancedrocketrycommunity/atmosphere/command/AtmosphereCommands.java",

        "src/main/java/io/github/sunthemoon/advancedrocketrycommunity/atmosphere/content/OxygenCanisterItem.java",

        "src/main/java/io/github/sunthemoon/advancedrocketrycommunity/atmosphere/content/SpaceSuitArmorItem.java",

        "src/main/java/io/github/sunthemoon/advancedrocketrycommunity/atmosphere/content/SpaceSuitOxygen.java",

        "src/main/java/io/github/sunthemoon/advancedrocketrycommunity/atmosphere/life/BreathabilityState.java",

        "src/main/java/io/github/sunthemoon/advancedrocketrycommunity/atmosphere/life/OxygenTransfer.java",

        "src/main/java/io/github/sunthemoon/advancedrocketrycommunity/atmosphere/life/OxygenTransferResult.java",

        "src/main/java/io/github/sunthemoon/advancedrocketrycommunity/atmosphere/life/PlayerLifeSupportDecision.java",

        "src/main/java/io/github/sunthemoon/advancedrocketrycommunity/atmosphere/life/PlayerLifeSupportEngine.java",

        "src/main/java/io/github/sunthemoon/advancedrocketrycommunity/atmosphere/life/PlayerLifeSupportInput.java",

        "src/main/java/io/github/sunthemoon/advancedrocketrycommunity/atmosphere/life/PlayerProtectionStatus.java",

        "src/main/java/io/github/sunthemoon/advancedrocketrycommunity/atmosphere/life/VentOperatingStatus.java",

        "src/main/java/io/github/sunthemoon/advancedrocketrycommunity/atmosphere/life/VentSupplyEngine.java",

        "src/main/java/io/github/sunthemoon/advancedrocketrycommunity/atmosphere/life/VentSupplyInput.java",

        "src/main/java/io/github/sunthemoon/advancedrocketrycommunity/atmosphere/life/VentSupplyResult.java",

        "src/main/java/io/github/sunthemoon/advancedrocketrycommunity/atmosphere/network/LifeSupportClientCache.java",

        "src/main/java/io/github/sunthemoon/advancedrocketrycommunity/atmosphere/network/LifeSupportNetwork.java",

        "src/main/java/io/github/sunthemoon/advancedrocketrycommunity/atmosphere/network/LifeSupportStatusPacket.java",

        "src/main/java/io/github/sunthemoon/advancedrocketrycommunity/atmosphere/scan/AtmosphereVolume.java",

        "src/main/java/io/github/sunthemoon/advancedrocketrycommunity/atmosphere/scan/CellObservation.java",

        "src/main/java/io/github/sunthemoon/advancedrocketrycommunity/atmosphere/scan/CompletedVolumeScan.java",

        "src/main/java/io/github/sunthemoon/advancedrocketrycommunity/atmosphere/scan/CoordinatorTickReport.java",

        "src/main/java/io/github/sunthemoon/advancedrocketrycommunity/atmosphere/scan/ScanScheduleResult.java",

        "src/main/java/io/github/sunthemoon/advancedrocketrycommunity/atmosphere/scan/ScanScheduleStatus.java",

        "src/main/java/io/github/sunthemoon/advancedrocketrycommunity/atmosphere/scan/VolumeBounds.java",

        "src/main/java/io/github/sunthemoon/advancedrocketrycommunity/atmosphere/scan/VolumeId.java"

      ],

      "cwd": "D:\\GitHub\\AdvancedRocketry-Community",

      "started_utc": "2026-10-04T05:00:38.833348+00:00",

      "exit": 0,

      "log": "phase-commit01-04.log",

      "log_sha256": "e3b0c44298fc1c149afbf4c8996fb92427ae41e4649b934ca495991b7852b855"

    },

    {

      "command": [

        "git",

        "-c",

        "core.autocrlf=false",

        "add",

        "--",

        "src/main/java/io/github/sunthemoon/advancedrocketrycommunity/atmosphere/scan/VolumeIdentity.java",

        "src/main/java/io/github/sunthemoon/advancedrocketrycommunity/atmosphere/scan/VolumeIndex.java",

        "src/main/java/io/github/sunthemoon/advancedrocketrycommunity/atmosphere/scan/VolumePosition.java",

        "src/main/java/io/github/sunthemoon/advancedrocketrycommunity/atmosphere/scan/VolumeScanCoordinator.java",

        "src/main/java/io/github/sunthemoon/advancedrocketrycommunity/atmosphere/scan/VolumeScanOutcome.java",

        "src/main/java/io/github/sunthemoon/advancedrocketrycommunity/atmosphere/scan/VolumeScanResult.java",

        "src/main/java/io/github/sunthemoon/advancedrocketrycommunity/atmosphere/scan/VolumeScanStep.java",

        "src/main/java/io/github/sunthemoon/advancedrocketrycommunity/atmosphere/scan/VolumeScanTask.java",

        "src/main/java/io/github/sunthemoon/advancedrocketrycommunity/atmosphere/scan/VolumeWorldView.java",

        "src/main/java/io/github/sunthemoon/advancedrocketrycommunity/atmosphere/server/AtmosphereLevelMetrics.java",

        "src/main/java/io/github/sunthemoon/advancedrocketrycommunity/atmosphere/server/AtmosphereLevelService.java",

        "src/main/java/io/github/sunthemoon/advancedrocketrycommunity/atmosphere/server/AtmosphereManager.java",

        "src/main/java/io/github/sunthemoon/advancedrocketrycommunity/atmosphere/server/AtmosphereRuntime.java",

        "src/main/java/io/github/sunthemoon/advancedrocketrycommunity/atmosphere/server/AtmosphereServerEvents.java",

        "src/main/java/io/github/sunthemoon/advancedrocketrycommunity/atmosphere/server/PlayerLifeSupportService.java",

        "src/main/java/io/github/sunthemoon/advancedrocketrycommunity/atmosphere/server/PlayerLifeSupportSnapshot.java",

        "src/main/java/io/github/sunthemoon/advancedrocketrycommunity/atmosphere/server/ServerLevelVolumeWorldView.java",

        "src/main/java/io/github/sunthemoon/advancedrocketrycommunity/atmosphere/server/SuitEquipmentRuntime.java",

        "src/main/java/io/github/sunthemoon/advancedrocketrycommunity/atmosphere/vent/OxygenVentBlock.java",

        "src/main/java/io/github/sunthemoon/advancedrocketrycommunity/atmosphere/vent/OxygenVentBlockEntity.java",

        "src/main/java/io/github/sunthemoon/advancedrocketrycommunity/atmosphere/vent/OxygenVentPersistence.java",

        "src/main/java/io/github/sunthemoon/advancedrocketrycommunity/celestial/CelestialDefaults.java",

        "src/main/java/io/github/sunthemoon/advancedrocketrycommunity/celestial/CelestialIds.java",

        "src/main/java/io/github/sunthemoon/advancedrocketrycommunity/celestial/binding/PlanetaryBindingLifecycle.java",

        "src/main/java/io/github/sunthemoon/advancedrocketrycommunity/celestial/binding/PlanetaryBindingStore.java",

        "src/main/java/io/github/sunthemoon/advancedrocketrycommunity/celestial/binding/PlanetaryBindings.java",

        "src/main/java/io/github/sunthemoon/advancedrocketrycommunity/celestial/binding/PlanetaryBindingsCodec.java",

        "src/main/java/io/github/sunthemoon/advancedrocketrycommunity/celestial/command/CelestialCommands.java",

        "src/main/java/io/github/sunthemoon/advancedrocketrycommunity/celestial/command/PlanetaryRouteCommands.java",

        "src/main/java/io/github/sunthemoon/advancedrocketrycommunity/celestial/content/PlanetaryContent.java",

        "src/main/java/io/github/sunthemoon/advancedrocketrycommunity/celestial/content/SingularityContent.java",

        "src/main/java/io/github/sunthemoon/advancedrocketrycommunity/celestial/content/StarSystemContent.java",

        "src/main/java/io/github/sunthemoon/advancedrocketrycommunity/celestial/context/BodyContext.java",

        "src/main/java/io/github/sunthemoon/advancedrocketrycommunity/celestial/context/BodyContextResolution.java",

        "src/main/java/io/github/sunthemoon/advancedrocketrycommunity/celestial/context/BodyContextResolver.java",

        "src/main/java/io/github/sunthemoon/advancedrocketrycommunity/celestial/context/InstanceBodyContextResolver.java",

        "src/main/java/io/github/sunthemoon/advancedrocketrycommunity/celestial/context/WorldLocation.java",

        "src/main/java/io/github/sunthemoon/advancedrocketrycommunity/celestial/data/BoundedDefinitionJson.java",

        "src/main/java/io/github/sunthemoon/advancedrocketrycommunity/celestial/data/PlanetaryCatalog.java",

        "src/main/java/io/github/sunthemoon/advancedrocketrycommunity/celestial/data/PlanetaryCatalogManager.java",

        "src/main/java/io/github/sunthemoon/advancedrocketrycommunity/celestial/data/PlanetaryDefinitionReloadListener.java",

        "src/main/java/io/github/sunthemoon/advancedrocketrycommunity/celestial/data/ReloadDiagnostics.java",

        "src/main/java/io/github/sunthemoon/advancedrocketrycommunity/celestial/environment/EnvironmentalConditions.java",

        "src/main/java/io/github/sunthemoon/advancedrocketrycommunity/celestial/environment/EnvironmentalExposure.java",

        "src/main/java/io/github/sunthemoon/advancedrocketrycommunity/celestial/environment/EnvironmentalProtection.java",

        "src/main/java/io/github/sunthemoon/advancedrocketrycommunity/celestial/environment/PlayerEnvironmentalService.java",

        "src/main/java/io/github/sunthemoon/advancedrocketrycommunity/celestial/exoplanet/ElectricMushroomBlock.java",

        "src/main/java/io/github/sunthemoon/advancedrocketrycommunity/celestial/exoplanet/ExoplanetBlocks.java",

        "src/main/java/io/github/sunthemoon/advancedrocketrycommunity/celestial/exoplanet/ExoplanetContent.java",

        "src/main/java/io/github/sunthemoon/advancedrocketrycommunity/celestial/exoplanet/LightwoodTreeGrower.java",

        "src/main/java/io/github/sunthemoon/advancedrocketrycommunity/celestial/exoplanet/worldgen/CrystalClusterFeature.java",

        "src/main/java/io/github/sunthemoon/advancedrocketrycommunity/celestial/exoplanet/worldgen/ExoplanetShapes.java",

        "src/main/java/io/github/sunthemoon/advancedrocketrycommunity/celestial/exoplanet/worldgen/ExoplanetWorldgen.java",

        "src/main/java/io/github/sunthemoon/advancedrocketrycommunity/celestial/exoplanet/worldgen/GiantSwampTreeFeature.java",

        "src/main/java/io/github/sunthemoon/advancedrocketrycommunity/celestial/exoplanet/worldgen/InvertedPillarFeature.java",

        "src/main/java/io/github/sunthemoon/advancedrocketrycommunity/celestial/exoplanet/worldgen/LandingGroundFilter.java",

        "src/main/java/io/github/sunthemoon/advancedrocketrycommunity/celestial/exoplanet/worldgen/LandingGroundFloor.java",

        "src/main/java/io/github/sunthemoon/advancedrocketrycommunity/celestial/exoplanet/worldgen/LightwoodTreeFeature.java",

        "src/main/java/io/github/sunthemoon/advancedrocketrycommunity/celestial/exoplanet/worldgen/TreePlan.java",

        "src/main/java/io/github/sunthemoon/advancedrocketrycommunity/celestial/legacy/LegacyCelestialImportCli.java",

        "src/main/java/io/github/sunthemoon/advancedrocketrycommunity/celestial/legacy/LegacyCelestialImporter.java",

        "src/main/java/io/github/sunthemoon/advancedrocketrycommunity/celestial/legacy/LegacyImportBootstrap.java",

        "src/main/java/io/github/sunthemoon/advancedrocketrycommunity/celestial/legacy/LegacyImportExporter.java",

        "src/main/java/io/github/sunthemoon/advancedrocketrycommunity/celestial/legacy/LegacyImportIssue.java",

        "src/main/java/io/github/sunthemoon/advancedrocketrycommunity/celestial/legacy/LegacyXmlParser.java",

        "src/main/java/io/github/sunthemoon/advancedrocketrycommunity/celestial/model/AtmosphereDefinition.java",

        "src/main/java/io/github/sunthemoon/advancedrocketrycommunity/celestial/model/BoundedCelestialCodecs.java",

        "src/main/java/io/github/sunthemoon/advancedrocketrycommunity/celestial/model/CelestialBodyDefinition.java",

        "src/main/java/io/github/sunthemoon/advancedrocketrycommunity/celestial/model/CelestialCapabilities.java",

        "src/main/java/io/github/sunthemoon/advancedrocketrycommunity/celestial/model/CelestialDefinitionCodec.java",

        "src/main/java/io/github/sunthemoon/advancedrocketrycommunity/celestial/model/OrbitDefinition.java",

        "src/main/java/io/github/sunthemoon/advancedrocketrycommunity/celestial/network/CelestialClientCache.java",

        "src/main/java/io/github/sunthemoon/advancedrocketrycommunity/celestial/network/CelestialNetwork.java",

        "src/main/java/io/github/sunthemoon/advancedrocketrycommunity/celestial/network/CelestialSnapshot.java",

        "src/main/java/io/github/sunthemoon/advancedrocketrycommunity/celestial/network/CelestialSnapshotCodec.java",

        "src/main/java/io/github/sunthemoon/advancedrocketrycommunity/celestial/network/CelestialSnapshotPacket.java",

        "src/main/java/io/github/sunthemoon/advancedrocketrycommunity/celestial/network/CelestialSnapshotSynchronizer.java",

        "src/main/java/io/github/sunthemoon/advancedrocketrycommunity/celestial/network/StationSkyContextCache.java",

        "src/main/java/io/github/sunthemoon/advancedrocketrycommunity/celestial/network/StationSkyContextPacket.java",

        "src/main/java/io/github/sunthemoon/advancedrocketrycommunity/celestial/persistence/CelestialSavedData.java"

      ],

      "cwd": "D:\\GitHub\\AdvancedRocketry-Community",

      "started_utc": "2026-10-04T05:00:38.932505+00:00",

      "exit": 0,

      "log": "phase-commit01-05.log",

      "log_sha256": "e3b0c44298fc1c149afbf4c8996fb92427ae41e4649b934ca495991b7852b855"

    },

    {

      "command": [

        "git",

        "-c",

        "core.autocrlf=false",

        "add",

        "--",

        "src/main/java/io/github/sunthemoon/advancedrocketrycommunity/celestial/service/CelestialCatalog.java",

        "src/main/java/io/github/sunthemoon/advancedrocketrycommunity/celestial/service/CelestialCatalogDecoder.java",

        "src/main/java/io/github/sunthemoon/advancedrocketrycommunity/celestial/service/CelestialCatalogManager.java",

        "src/main/java/io/github/sunthemoon/advancedrocketrycommunity/celestial/service/CelestialEnvironmentService.java",

        "src/main/java/io/github/sunthemoon/advancedrocketrycommunity/celestial/service/CelestialGravityController.java",

        "src/main/java/io/github/sunthemoon/advancedrocketrycommunity/celestial/service/CelestialVisitTracker.java",

        "src/main/java/io/github/sunthemoon/advancedrocketrycommunity/celestial/service/PlanetaryDiscoveryPolicy.java",

        "src/main/java/io/github/sunthemoon/advancedrocketrycommunity/celestial/service/PlanetarySurfaceResolver.java",

        "src/main/java/io/github/sunthemoon/advancedrocketrycommunity/celestial/service/SafeCelestialTravel.java",

        "src/main/java/io/github/sunthemoon/advancedrocketrycommunity/celestial/service/StarSystemKnowledge.java",

        "src/main/java/io/github/sunthemoon/advancedrocketrycommunity/celestial/surface/SurfaceContent.java",

        "src/main/java/io/github/sunthemoon/advancedrocketrycommunity/celestial/surface/SurfaceReleaseTestCommands.java",

        "src/main/java/io/github/sunthemoon/advancedrocketrycommunity/celestial/surface/worldgen/CharredTreeFeature.java",

        "src/main/java/io/github/sunthemoon/advancedrocketrycommunity/celestial/surface/worldgen/CraterPiece.java",

        "src/main/java/io/github/sunthemoon/advancedrocketrycommunity/celestial/surface/worldgen/CraterShape.java",

        "src/main/java/io/github/sunthemoon/advancedrocketrycommunity/celestial/surface/worldgen/CraterStructure.java",

        "src/main/java/io/github/sunthemoon/advancedrocketrycommunity/celestial/surface/worldgen/GeodePiece.java",

        "src/main/java/io/github/sunthemoon/advancedrocketrycommunity/celestial/surface/worldgen/GeodeShape.java",

        "src/main/java/io/github/sunthemoon/advancedrocketrycommunity/celestial/surface/worldgen/GeodeStructure.java",

        "src/main/java/io/github/sunthemoon/advancedrocketrycommunity/celestial/surface/worldgen/PatchBiomeSource.java",

        "src/main/java/io/github/sunthemoon/advancedrocketrycommunity/celestial/surface/worldgen/PieceArea.java",

        "src/main/java/io/github/sunthemoon/advancedrocketrycommunity/celestial/surface/worldgen/PieceSchema.java",

        "src/main/java/io/github/sunthemoon/advancedrocketrycommunity/celestial/surface/worldgen/SurfaceWorldgen.java",

        "src/main/java/io/github/sunthemoon/advancedrocketrycommunity/celestial/surface/worldgen/VolcanoPiece.java",

        "src/main/java/io/github/sunthemoon/advancedrocketrycommunity/celestial/surface/worldgen/VolcanoShape.java",

        "src/main/java/io/github/sunthemoon/advancedrocketrycommunity/celestial/surface/worldgen/VolcanoStructure.java",

        "src/main/java/io/github/sunthemoon/advancedrocketrycommunity/celestial/visual/AmbientCadence.java",

        "src/main/java/io/github/sunthemoon/advancedrocketrycommunity/celestial/visual/AmbientController.java",

        "src/main/java/io/github/sunthemoon/advancedrocketrycommunity/celestial/visual/OrbitalAppearance.java",

        "src/main/java/io/github/sunthemoon/advancedrocketrycommunity/celestial/visual/SkyGeometry.java",

        "src/main/java/io/github/sunthemoon/advancedrocketrycommunity/celestial/visual/SkyMath.java",

        "src/main/java/io/github/sunthemoon/advancedrocketrycommunity/celestial/visual/SkyProfile.java",

        "src/main/java/io/github/sunthemoon/advancedrocketrycommunity/celestial/visual/SkyProfiles.java",

        "src/main/java/io/github/sunthemoon/advancedrocketrycommunity/celestial/visual/SkySelection.java",

        "src/main/java/io/github/sunthemoon/advancedrocketrycommunity/classiccomponent/AdvancedMachineCasingBlock.java",

        "src/main/java/io/github/sunthemoon/advancedrocketrycommunity/classiccomponent/MotorArt.java",

        "src/main/java/io/github/sunthemoon/advancedrocketrycommunity/classiccomponent/MotorContent.java",

        "src/main/java/io/github/sunthemoon/advancedrocketrycommunity/classiccomponent/MotorDataFiles.java",

        "src/main/java/io/github/sunthemoon/advancedrocketrycommunity/classiccomponent/MotorDefinition.java",

        "src/main/java/io/github/sunthemoon/advancedrocketrycommunity/client/AccretionDiscRenderer.java",

        "src/main/java/io/github/sunthemoon/advancedrocketrycommunity/client/BlackHoleGeneratorScreen.java",

        "src/main/java/io/github/sunthemoon/advancedrocketrycommunity/client/ClientBootstrap.java",

        "src/main/java/io/github/sunthemoon/advancedrocketrycommunity/client/ClientCelestialEvents.java",

        "src/main/java/io/github/sunthemoon/advancedrocketrycommunity/client/ClientLifeSupportEvents.java",

        "src/main/java/io/github/sunthemoon/advancedrocketrycommunity/client/ClientRocketEvents.java",

        "src/main/java/io/github/sunthemoon/advancedrocketrycommunity/client/ClientSatelliteEvents.java",

        "src/main/java/io/github/sunthemoon/advancedrocketrycommunity/client/CombustionGeneratorScreen.java",

        "src/main/java/io/github/sunthemoon/advancedrocketrycommunity/client/ElectrolyzerScreen.java",

        "src/main/java/io/github/sunthemoon/advancedrocketrycommunity/client/ElevatorScreen.java",

        "src/main/java/io/github/sunthemoon/advancedrocketrycommunity/client/GravityFieldScreen.java",

        "src/main/java/io/github/sunthemoon/advancedrocketrycommunity/client/LaserBeamRenderer.java",

        "src/main/java/io/github/sunthemoon/advancedrocketrycommunity/client/LaserTargetScreen.java",

        "src/main/java/io/github/sunthemoon/advancedrocketrycommunity/client/LifeSupportHud.java",

        "src/main/java/io/github/sunthemoon/advancedrocketrycommunity/client/MicrowaveReceiverScreen.java",

        "src/main/java/io/github/sunthemoon/advancedrocketrycommunity/client/OrbitalLaserDrillScreen.java",

        "src/main/java/io/github/sunthemoon/advancedrocketrycommunity/client/PrecisionAssemblerScreen.java",

        "src/main/java/io/github/sunthemoon/advancedrocketrycommunity/client/RailgunScreen.java",

        "src/main/java/io/github/sunthemoon/advancedrocketrycommunity/client/RocketEntityRenderer.java",

        "src/main/java/io/github/sunthemoon/advancedrocketrycommunity/client/RocketFlightPlanHandler.java",

        "src/main/java/io/github/sunthemoon/advancedrocketrycommunity/client/RocketFlightScreen.java",

        "src/main/java/io/github/sunthemoon/advancedrocketrycommunity/client/RocketFlightScreenLayout.java",

        "src/main/java/io/github/sunthemoon/advancedrocketrycommunity/client/RollingMachineScreen.java",

        "src/main/java/io/github/sunthemoon/advancedrocketrycommunity/client/SatelliteBuilderScreen.java",

        "src/main/java/io/github/sunthemoon/advancedrocketrycommunity/client/SatelliteTerminalScreen.java",

        "src/main/java/io/github/sunthemoon/advancedrocketrycommunity/client/SurveyScanScreen.java",

        "src/main/java/io/github/sunthemoon/advancedrocketrycommunity/client/TetherRenderer.java",

        "src/main/java/io/github/sunthemoon/advancedrocketrycommunity/client/compat/jei/ArceJeiPlugin.java",

        "src/main/java/io/github/sunthemoon/advancedrocketrycommunity/client/compat/jei/ElectrolyzerJeiCategory.java",

        "src/main/java/io/github/sunthemoon/advancedrocketrycommunity/client/compat/jei/MachineRecipeView.java",

        "src/main/java/io/github/sunthemoon/advancedrocketrycommunity/client/compat/jei/PrecisionAssemblerJeiCategory.java",

        "src/main/java/io/github/sunthemoon/advancedrocketrycommunity/client/compat/jei/RollingMachineJeiCategory.java",

        "src/main/java/io/github/sunthemoon/advancedrocketrycommunity/client/compat/jei/SmallPlatePressJeiCategory.java",

        "src/main/java/io/github/sunthemoon/advancedrocketrycommunity/client/compat/jei/SmallPlatePressView.java",

        "src/main/java/io/github/sunthemoon/advancedrocketrycommunity/client/exoplanet/ClientExoplanetEffects.java",

        "src/main/java/io/github/sunthemoon/advancedrocketrycommunity/client/exoplanet/FlashCooldown.java",

        "src/main/java/io/github/sunthemoon/advancedrocketrycommunity/client/material/ClientMaterialColors.java",

        "src/main/java/io/github/sunthemoon/advancedrocketrycommunity/client/sky/ClientSkyEvents.java",

        "src/main/java/io/github/sunthemoon/advancedrocketrycommunity/client/sky/PlanetaryAmbience.java",

        "src/main/java/io/github/sunthemoon/advancedrocketrycommunity/client/sky/PlanetaryDimensionEffects.java",

        "src/main/java/io/github/sunthemoon/advancedrocketrycommunity/client/sky/PlanetarySkyClient.java"

      ],

      "cwd": "D:\\GitHub\\AdvancedRocketry-Community",

      "started_utc": "2026-10-04T05:00:39.041302+00:00",

      "exit": 0,

      "log": "phase-commit01-06.log",

      "log_sha256": "e3b0c44298fc1c149afbf4c8996fb92427ae41e4649b934ca495991b7852b855"

    },

    {

      "command": [

        "git",

        "-c",

        "core.autocrlf=false",

        "add",

        "--",

        "src/main/java/io/github/sunthemoon/advancedrocketrycommunity/client/sky/PlanetarySkyRenderer.java",

        "src/main/java/io/github/sunthemoon/advancedrocketrycommunity/client/sky/SkyProfileReloadListener.java",

        "src/main/java/io/github/sunthemoon/advancedrocketrycommunity/client/sky/SkyRenderState.java",

        "src/main/java/io/github/sunthemoon/advancedrocketrycommunity/client/starmap/RocketStarMap.java",

        "src/main/java/io/github/sunthemoon/advancedrocketrycommunity/client/starmap/StarMapInput.java",

        "src/main/java/io/github/sunthemoon/advancedrocketrycommunity/client/starmap/StarMapLayout.java",

        "src/main/java/io/github/sunthemoon/advancedrocketrycommunity/client/starmap/StarMapViewport.java",

        "src/main/java/io/github/sunthemoon/advancedrocketrycommunity/compat/atmosphere/AtmosphereBoundaryCatalog.java",

        "src/main/java/io/github/sunthemoon/advancedrocketrycommunity/compat/atmosphere/AtmosphereBoundaryRegistry.java",

        "src/main/java/io/github/sunthemoon/advancedrocketrycommunity/compat/atmosphere/SuitEquipmentCatalog.java",

        "src/main/java/io/github/sunthemoon/advancedrocketrycommunity/compat/atmosphere/SuitEquipmentRegistry.java",

        "src/main/java/io/github/sunthemoon/advancedrocketrycommunity/compat/atmosphere/SuitEquipmentService.java",

        "src/main/java/io/github/sunthemoon/advancedrocketrycommunity/compat/atmosphere/SuitOxygenAccess.java",

        "src/main/java/io/github/sunthemoon/advancedrocketrycommunity/compat/atmosphere/SuitOxygenPayloads.java",

        "src/main/java/io/github/sunthemoon/advancedrocketrycommunity/compat/environment/EnvironmentQueryLifecycle.java",

        "src/main/java/io/github/sunthemoon/advancedrocketrycommunity/compat/environment/ServerEnvironmentQueries.java",

        "src/main/java/io/github/sunthemoon/advancedrocketrycommunity/compat/rocket/ExternalRocketBlockEntityAdapter.java",

        "src/main/java/io/github/sunthemoon/advancedrocketrycommunity/compat/rocket/RocketAdapterPayloads.java",

        "src/main/java/io/github/sunthemoon/advancedrocketrycommunity/compat/rocket/RocketAdapterRegistry.java",

        "src/main/java/io/github/sunthemoon/advancedrocketrycommunity/compat/rocket/component/RocketComponentCatalog.java",

        "src/main/java/io/github/sunthemoon/advancedrocketrycommunity/compat/rocket/component/RocketComponentRegistry.java",

        "src/main/java/io/github/sunthemoon/advancedrocketrycommunity/compat/rocket/fuel/RocketFuelCatalog.java",

        "src/main/java/io/github/sunthemoon/advancedrocketrycommunity/compat/rocket/fuel/RocketFuelRegistry.java",

        "src/main/java/io/github/sunthemoon/advancedrocketrycommunity/compat/satellite/SatellitePayloadCatalog.java",

        "src/main/java/io/github/sunthemoon/advancedrocketrycommunity/compat/satellite/SatellitePayloadRegistry.java",

        "src/main/java/io/github/sunthemoon/advancedrocketrycommunity/config/ClientConfig.java",

        "src/main/java/io/github/sunthemoon/advancedrocketrycommunity/config/CommonConfig.java",

        "src/main/java/io/github/sunthemoon/advancedrocketrycommunity/config/SwitchOverrides.java",

        "src/main/java/io/github/sunthemoon/advancedrocketrycommunity/config/WorldgenSwitches.java",

        "src/main/java/io/github/sunthemoon/advancedrocketrycommunity/content/DevelopmentComponentItem.java",

        "src/main/java/io/github/sunthemoon/advancedrocketrycommunity/content/MachineCasingBlock.java",

        "src/main/java/io/github/sunthemoon/advancedrocketrycommunity/datagen/AtmosphereBlockStateProvider.java",

        "src/main/java/io/github/sunthemoon/advancedrocketrycommunity/datagen/AtmosphereBlockTagsProvider.java",

        "src/main/java/io/github/sunthemoon/advancedrocketrycommunity/datagen/AtmosphereDamageTypeProvider.java",

        "src/main/java/io/github/sunthemoon/advancedrocketrycommunity/datagen/AtmosphereDamageTypeTagsProvider.java",

        "src/main/java/io/github/sunthemoon/advancedrocketrycommunity/datagen/AtmosphereGameTestStructureProvider.java",

        "src/main/java/io/github/sunthemoon/advancedrocketrycommunity/datagen/AtmosphereItemModelProvider.java",

        "src/main/java/io/github/sunthemoon/advancedrocketrycommunity/datagen/AtmosphereLanguageProvider.java",

        "src/main/java/io/github/sunthemoon/advancedrocketrycommunity/datagen/AtmosphereLootTableProvider.java",

        "src/main/java/io/github/sunthemoon/advancedrocketrycommunity/datagen/AtmosphereRecipeProvider.java",

        "src/main/java/io/github/sunthemoon/advancedrocketrycommunity/datagen/BootstrapDataGenerators.java",

        "src/main/java/io/github/sunthemoon/advancedrocketrycommunity/datagen/CelestialDefinitionProvider.java",

        "src/main/java/io/github/sunthemoon/advancedrocketrycommunity/datagen/EmptyGameTestStructureProvider.java",

        "src/main/java/io/github/sunthemoon/advancedrocketrycommunity/datagen/FixedDimensionProvider.java",

        "src/main/java/io/github/sunthemoon/advancedrocketrycommunity/datagen/FlightBlockStateProvider.java",

        "src/main/java/io/github/sunthemoon/advancedrocketrycommunity/datagen/FlightItemModelProvider.java",

        "src/main/java/io/github/sunthemoon/advancedrocketrycommunity/datagen/FlightLanguageProvider.java",

        "src/main/java/io/github/sunthemoon/advancedrocketrycommunity/datagen/FlightLootTableProvider.java",

        "src/main/java/io/github/sunthemoon/advancedrocketrycommunity/datagen/FlightRecipeProvider.java",

        "src/main/java/io/github/sunthemoon/advancedrocketrycommunity/datagen/ModBlockStateProvider.java",

        "src/main/java/io/github/sunthemoon/advancedrocketrycommunity/datagen/ModBlockTagsProvider.java",

        "src/main/java/io/github/sunthemoon/advancedrocketrycommunity/datagen/ModItemModelProvider.java",

        "src/main/java/io/github/sunthemoon/advancedrocketrycommunity/datagen/ModItemTagsProvider.java",

        "src/main/java/io/github/sunthemoon/advancedrocketrycommunity/datagen/ModLanguageProvider.java",

        "src/main/java/io/github/sunthemoon/advancedrocketrycommunity/datagen/ModLootTableProvider.java",

        "src/main/java/io/github/sunthemoon/advancedrocketrycommunity/datagen/ModRecipeProvider.java",

        "src/main/java/io/github/sunthemoon/advancedrocketrycommunity/datagen/ModSoundDefinitionsProvider.java",

        "src/main/java/io/github/sunthemoon/advancedrocketrycommunity/datagen/PlanetaryContentProvider.java",

        "src/main/java/io/github/sunthemoon/advancedrocketrycommunity/datagen/PlanetaryExposureProvider.java",

        "src/main/java/io/github/sunthemoon/advancedrocketrycommunity/datagen/PlanetarySkyProvider.java",

        "src/main/java/io/github/sunthemoon/advancedrocketrycommunity/datagen/PlanetaryWorldgen.java",

        "src/main/java/io/github/sunthemoon/advancedrocketrycommunity/datagen/PrecisionAssemblerRecipeProvider.java",

        "src/main/java/io/github/sunthemoon/advancedrocketrycommunity/datagen/RocketBlockStateProvider.java",

        "src/main/java/io/github/sunthemoon/advancedrocketrycommunity/datagen/RocketBlockTagsProvider.java",

        "src/main/java/io/github/sunthemoon/advancedrocketrycommunity/datagen/RocketGameTestStructureProvider.java",

        "src/main/java/io/github/sunthemoon/advancedrocketrycommunity/datagen/RocketLanguageProvider.java",

        "src/main/java/io/github/sunthemoon/advancedrocketrycommunity/datagen/RocketLootTableProvider.java",

        "src/main/java/io/github/sunthemoon/advancedrocketrycommunity/datagen/RocketRecipeProvider.java",

        "src/main/java/io/github/sunthemoon/advancedrocketrycommunity/datagen/RollingMachineRecipeProvider.java",

        "src/main/java/io/github/sunthemoon/advancedrocketrycommunity/datagen/SatelliteBlockStateProvider.java",

        "src/main/java/io/github/sunthemoon/advancedrocketrycommunity/datagen/SatelliteBlockTagsProvider.java",

        "src/main/java/io/github/sunthemoon/advancedrocketrycommunity/datagen/SatelliteDefinitionProvider.java",

        "src/main/java/io/github/sunthemoon/advancedrocketrycommunity/datagen/SatelliteItemModelProvider.java",

        "src/main/java/io/github/sunthemoon/advancedrocketrycommunity/datagen/SatelliteLanguageProvider.java",

        "src/main/java/io/github/sunthemoon/advancedrocketrycommunity/datagen/SatelliteLootTableProvider.java",

        "src/main/java/io/github/sunthemoon/advancedrocketrycommunity/datagen/SatelliteRecipeProvider.java",

        "src/main/java/io/github/sunthemoon/advancedrocketrycommunity/datagen/StationItemModelProvider.java",

        "src/main/java/io/github/sunthemoon/advancedrocketrycommunity/datagen/StationLanguageProvider.java",

        "src/main/java/io/github/sunthemoon/advancedrocketrycommunity/datagen/StationRecipeProvider.java",

        "src/main/java/io/github/sunthemoon/advancedrocketrycommunity/datagen/V120MachineBlockStateProvider.java"

      ],

      "cwd": "D:\\GitHub\\AdvancedRocketry-Community",

      "started_utc": "2026-10-04T05:00:39.180413+00:00",

      "exit": 0,

      "log": "phase-commit01-07.log",

      "log_sha256": "e3b0c44298fc1c149afbf4c8996fb92427ae41e4649b934ca495991b7852b855"

    },

    {

      "command": [

        "git",

        "-c",

        "core.autocrlf=false",

        "add",

        "--",

        "src/main/java/io/github/sunthemoon/advancedrocketrycommunity/datagen/V120MachineBlockTagsProvider.java",

        "src/main/java/io/github/sunthemoon/advancedrocketrycommunity/datagen/V120MachineLanguageProvider.java",

        "src/main/java/io/github/sunthemoon/advancedrocketrycommunity/datagen/V120MachineLootTableProvider.java",

        "src/main/java/io/github/sunthemoon/advancedrocketrycommunity/datagen/V130RocketLanguageProvider.java",

        "src/main/java/io/github/sunthemoon/advancedrocketrycommunity/datagen/V140PlanetaryLanguageProvider.java",

        "src/main/java/io/github/sunthemoon/advancedrocketrycommunity/datagen/V150LanguageProvider.java",

        "src/main/java/io/github/sunthemoon/advancedrocketrycommunity/datagen/V150StarSystemProvider.java",

        "src/main/java/io/github/sunthemoon/advancedrocketrycommunity/datagen/V150WarpCoreProviders.java",

        "src/main/java/io/github/sunthemoon/advancedrocketrycommunity/datagen/V160LanguageProvider.java",

        "src/main/java/io/github/sunthemoon/advancedrocketrycommunity/datagen/V160ResourceTableProvider.java",

        "src/main/java/io/github/sunthemoon/advancedrocketrycommunity/datagen/V160SatelliteProviders.java",

        "src/main/java/io/github/sunthemoon/advancedrocketrycommunity/datagen/V170BlackHoleProvider.java",

        "src/main/java/io/github/sunthemoon/advancedrocketrycommunity/datagen/V170EndgameProviders.java",

        "src/main/java/io/github/sunthemoon/advancedrocketrycommunity/datagen/V170LanguageProvider.java",

        "src/main/java/io/github/sunthemoon/advancedrocketrycommunity/datagen/V170LaserDrillTableProvider.java",

        "src/main/java/io/github/sunthemoon/advancedrocketrycommunity/datagen/V180BiomeTags.java",

        "src/main/java/io/github/sunthemoon/advancedrocketrycommunity/datagen/V180CombustionArt.java",

        "src/main/java/io/github/sunthemoon/advancedrocketrycommunity/datagen/V180CombustionModels.java",

        "src/main/java/io/github/sunthemoon/advancedrocketrycommunity/datagen/V180ExoplanetArt.java",

        "src/main/java/io/github/sunthemoon/advancedrocketrycommunity/datagen/V180ExoplanetData.java",

        "src/main/java/io/github/sunthemoon/advancedrocketrycommunity/datagen/V180ExoplanetModels.java",

        "src/main/java/io/github/sunthemoon/advancedrocketrycommunity/datagen/V180ExoplanetWorldgen.java",

        "src/main/java/io/github/sunthemoon/advancedrocketrycommunity/datagen/V180FluidArt.java",

        "src/main/java/io/github/sunthemoon/advancedrocketrycommunity/datagen/V180FluidData.java",

        "src/main/java/io/github/sunthemoon/advancedrocketrycommunity/datagen/V180LanguageProvider.java",

        "src/main/java/io/github/sunthemoon/advancedrocketrycommunity/datagen/V180MaterialArt.java",

        "src/main/java/io/github/sunthemoon/advancedrocketrycommunity/datagen/V180MaterialData.java",

        "src/main/java/io/github/sunthemoon/advancedrocketrycommunity/datagen/V180MaterialModels.java",

        "src/main/java/io/github/sunthemoon/advancedrocketrycommunity/datagen/V180MaterialRecipes.java",

        "src/main/java/io/github/sunthemoon/advancedrocketrycommunity/datagen/V180MaterialWorldgen.java",

        "src/main/java/io/github/sunthemoon/advancedrocketrycommunity/datagen/V180MotorArt.java",

        "src/main/java/io/github/sunthemoon/advancedrocketrycommunity/datagen/V180MotorData.java",

        "src/main/java/io/github/sunthemoon/advancedrocketrycommunity/datagen/V180PlanetDimensions.java",

        "src/main/java/io/github/sunthemoon/advancedrocketrycommunity/datagen/V180PlanetWorldgen.java",

        "src/main/java/io/github/sunthemoon/advancedrocketrycommunity/datagen/V180PumpArt.java",

        "src/main/java/io/github/sunthemoon/advancedrocketrycommunity/datagen/V180PumpData.java",

        "src/main/java/io/github/sunthemoon/advancedrocketrycommunity/datagen/V180PumpLanguage.java",

        "src/main/java/io/github/sunthemoon/advancedrocketrycommunity/datagen/V180RecipeMenuLanguage.java",

        "src/main/java/io/github/sunthemoon/advancedrocketrycommunity/datagen/V180SurfaceArt.java",

        "src/main/java/io/github/sunthemoon/advancedrocketrycommunity/datagen/V180SurfaceModels.java",

        "src/main/java/io/github/sunthemoon/advancedrocketrycommunity/datagen/V180TankArt.java",

        "src/main/java/io/github/sunthemoon/advancedrocketrycommunity/datagen/V180TankData.java",

        "src/main/java/io/github/sunthemoon/advancedrocketrycommunity/datagen/V180Worldgen.java",

        "src/main/java/io/github/sunthemoon/advancedrocketrycommunity/diagnostics/BetaDiagnosticId.java",

        "src/main/java/io/github/sunthemoon/advancedrocketrycommunity/diagnostics/BetaOperationalReport.java",

        "src/main/java/io/github/sunthemoon/advancedrocketrycommunity/endgame/EndgameModule.java",

        "src/main/java/io/github/sunthemoon/advancedrocketrycommunity/endgame/audit/EndgameAudit.java",

        "src/main/java/io/github/sunthemoon/advancedrocketrycommunity/endgame/authority/EndgameAuthority.java",

        "src/main/java/io/github/sunthemoon/advancedrocketrycommunity/endgame/blackhole/BlackHoleBurn.java",

        "src/main/java/io/github/sunthemoon/advancedrocketrycommunity/endgame/blackhole/BlackHoleCodec.java",

        "src/main/java/io/github/sunthemoon/advancedrocketrycommunity/endgame/blackhole/BlackHoleData.java",

        "src/main/java/io/github/sunthemoon/advancedrocketrycommunity/endgame/blackhole/BlackHoleDataReloadListener.java",

        "src/main/java/io/github/sunthemoon/advancedrocketrycommunity/endgame/blackhole/BlackHoleFuelTable.java",

        "src/main/java/io/github/sunthemoon/advancedrocketrycommunity/endgame/blackhole/BlackHoleGeneratorBlock.java",

        "src/main/java/io/github/sunthemoon/advancedrocketrycommunity/endgame/blackhole/BlackHoleGeneratorBlockEntity.java",

        "src/main/java/io/github/sunthemoon/advancedrocketrycommunity/endgame/blackhole/BlackHoleGeneratorMenu.java",

        "src/main/java/io/github/sunthemoon/advancedrocketrycommunity/endgame/blackhole/BlackHoleSettings.java",

        "src/main/java/io/github/sunthemoon/advancedrocketrycommunity/endgame/blackhole/SingularityProfile.java",

        "src/main/java/io/github/sunthemoon/advancedrocketrycommunity/endgame/cargo/CargoEndpointBlockEntity.java",

        "src/main/java/io/github/sunthemoon/advancedrocketrycommunity/endgame/cargo/CargoStorage.java",

        "src/main/java/io/github/sunthemoon/advancedrocketrycommunity/endgame/command/ElevatorCommands.java",

        "src/main/java/io/github/sunthemoon/advancedrocketrycommunity/endgame/command/ElevatorReleaseTestCommands.java",

        "src/main/java/io/github/sunthemoon/advancedrocketrycommunity/endgame/command/EndgameCommandSources.java",

        "src/main/java/io/github/sunthemoon/advancedrocketrycommunity/endgame/command/EndgameCommands.java",

        "src/main/java/io/github/sunthemoon/advancedrocketrycommunity/endgame/command/EndgameReleaseTestCommands.java",

        "src/main/java/io/github/sunthemoon/advancedrocketrycommunity/endgame/command/ReferenceLoadFixture.java",

        "src/main/java/io/github/sunthemoon/advancedrocketrycommunity/endgame/command/ReferenceLoadReleaseTestCommands.java",

        "src/main/java/io/github/sunthemoon/advancedrocketrycommunity/endgame/command/ReleaseTestPlayers.java",

        "src/main/java/io/github/sunthemoon/advancedrocketrycommunity/endgame/command/TransitCommands.java",

        "src/main/java/io/github/sunthemoon/advancedrocketrycommunity/endgame/device/EndgameActiveDevices.java",

        "src/main/java/io/github/sunthemoon/advancedrocketrycommunity/endgame/device/EndgameDeviceBlock.java",

        "src/main/java/io/github/sunthemoon/advancedrocketrycommunity/endgame/device/EndgameDeviceBlockEntity.java",

        "src/main/java/io/github/sunthemoon/advancedrocketrycommunity/endgame/device/EndgameDeviceMenu.java",

        "src/main/java/io/github/sunthemoon/advancedrocketrycommunity/endgame/device/EndgameDeviceTags.java",

        "src/main/java/io/github/sunthemoon/advancedrocketrycommunity/endgame/device/EndgameDevices.java",

        "src/main/java/io/github/sunthemoon/advancedrocketrycommunity/endgame/device/EndgameEnergyBuffer.java",

        "src/main/java/io/github/sunthemoon/advancedrocketrycommunity/endgame/device/EndgameItemSlot.java",

        "src/main/java/io/github/sunthemoon/advancedrocketrycommunity/endgame/device/EndgameRedstoneMode.java",

        "src/main/java/io/github/sunthemoon/advancedrocketrycommunity/endgame/device/EndgameStations.java",

        "src/main/java/io/github/sunthemoon/advancedrocketrycommunity/endgame/device/EndgameStructure.java"

      ],

      "cwd": "D:\\GitHub\\AdvancedRocketry-Community",

      "started_utc": "2026-10-04T05:00:39.284820+00:00",

      "exit": 0,

      "log": "phase-commit01-08.log",

      "log_sha256": "e3b0c44298fc1c149afbf4c8996fb92427ae41e4649b934ca495991b7852b855"

    },

    {

      "command": [

        "git",

        "-c",

        "core.autocrlf=false",

        "add",

        "--",

        "src/main/java/io/github/sunthemoon/advancedrocketrycommunity/endgame/device/EndgameStructureTracker.java",

        "src/main/java/io/github/sunthemoon/advancedrocketrycommunity/endgame/device/RoundRobinBudget.java",

        "src/main/java/io/github/sunthemoon/advancedrocketrycommunity/endgame/elevator/ElevatorAnchorBlockEntity.java",

        "src/main/java/io/github/sunthemoon/advancedrocketrycommunity/endgame/elevator/ElevatorCargo.java",

        "src/main/java/io/github/sunthemoon/advancedrocketrycommunity/endgame/elevator/ElevatorEndpointBlock.java",

        "src/main/java/io/github/sunthemoon/advancedrocketrycommunity/endgame/elevator/ElevatorEndpointBlockEntity.java",

        "src/main/java/io/github/sunthemoon/advancedrocketrycommunity/endgame/elevator/ElevatorGuard.java",

        "src/main/java/io/github/sunthemoon/advancedrocketrycommunity/endgame/elevator/ElevatorMenu.java",

        "src/main/java/io/github/sunthemoon/advancedrocketrycommunity/endgame/elevator/ElevatorPairs.java",

        "src/main/java/io/github/sunthemoon/advancedrocketrycommunity/endgame/elevator/ElevatorRedirectRule.java",

        "src/main/java/io/github/sunthemoon/advancedrocketrycommunity/endgame/elevator/ElevatorRides.java",

        "src/main/java/io/github/sunthemoon/advancedrocketrycommunity/endgame/elevator/ElevatorRules.java",

        "src/main/java/io/github/sunthemoon/advancedrocketrycommunity/endgame/elevator/ElevatorSettings.java",

        "src/main/java/io/github/sunthemoon/advancedrocketrycommunity/endgame/elevator/ElevatorTerminalBlockEntity.java",

        "src/main/java/io/github/sunthemoon/advancedrocketrycommunity/endgame/elevator/model/ElevatorPair.java",

        "src/main/java/io/github/sunthemoon/advancedrocketrycommunity/endgame/elevator/model/ElevatorPairCodec.java",

        "src/main/java/io/github/sunthemoon/advancedrocketrycommunity/endgame/elevator/model/ElevatorPairTable.java",

        "src/main/java/io/github/sunthemoon/advancedrocketrycommunity/endgame/gravity/GravityField.java",

        "src/main/java/io/github/sunthemoon/advancedrocketrycommunity/endgame/gravity/GravityFieldBlock.java",

        "src/main/java/io/github/sunthemoon/advancedrocketrycommunity/endgame/gravity/GravityFieldBlockEntity.java",

        "src/main/java/io/github/sunthemoon/advancedrocketrycommunity/endgame/gravity/GravityFieldCommands.java",

        "src/main/java/io/github/sunthemoon/advancedrocketrycommunity/endgame/gravity/GravityFieldIndex.java",

        "src/main/java/io/github/sunthemoon/advancedrocketrycommunity/endgame/gravity/GravityFieldLimits.java",

        "src/main/java/io/github/sunthemoon/advancedrocketrycommunity/endgame/gravity/GravityFieldMenu.java",

        "src/main/java/io/github/sunthemoon/advancedrocketrycommunity/endgame/gravity/GravityTrust.java",

        "src/main/java/io/github/sunthemoon/advancedrocketrycommunity/endgame/intent/EndgameIntentGuard.java",

        "src/main/java/io/github/sunthemoon/advancedrocketrycommunity/endgame/intent/EndgameIntentRules.java",

        "src/main/java/io/github/sunthemoon/advancedrocketrycommunity/endgame/intent/EndgameRateLimiter.java",

        "src/main/java/io/github/sunthemoon/advancedrocketrycommunity/endgame/intent/IntentKind.java",

        "src/main/java/io/github/sunthemoon/advancedrocketrycommunity/endgame/laser/LaserBeam.java",

        "src/main/java/io/github/sunthemoon/advancedrocketrycommunity/endgame/laser/LaserDraw.java",

        "src/main/java/io/github/sunthemoon/advancedrocketrycommunity/endgame/laser/LaserDrillIntents.java",

        "src/main/java/io/github/sunthemoon/advancedrocketrycommunity/endgame/laser/LaserDrillMode.java",

        "src/main/java/io/github/sunthemoon/advancedrocketrycommunity/endgame/laser/LaserDrillOperation.java",

        "src/main/java/io/github/sunthemoon/advancedrocketrycommunity/endgame/laser/LaserDrillSettings.java",

        "src/main/java/io/github/sunthemoon/advancedrocketrycommunity/endgame/laser/LaserDrillStorage.java",

        "src/main/java/io/github/sunthemoon/advancedrocketrycommunity/endgame/laser/LaserDrillTable.java",

        "src/main/java/io/github/sunthemoon/advancedrocketrycommunity/endgame/laser/LaserDrillTableCodec.java",

        "src/main/java/io/github/sunthemoon/advancedrocketrycommunity/endgame/laser/LaserDrillTableReloadListener.java",

        "src/main/java/io/github/sunthemoon/advancedrocketrycommunity/endgame/laser/LaserDrillTables.java",

        "src/main/java/io/github/sunthemoon/advancedrocketrycommunity/endgame/laser/LaserLink.java",

        "src/main/java/io/github/sunthemoon/advancedrocketrycommunity/endgame/laser/LaserLinkCounters.java",

        "src/main/java/io/github/sunthemoon/advancedrocketrycommunity/endgame/laser/LaserPhysicalDrill.java",

        "src/main/java/io/github/sunthemoon/advancedrocketrycommunity/endgame/laser/LaserShaft.java",

        "src/main/java/io/github/sunthemoon/advancedrocketrycommunity/endgame/laser/LaserTargetBlock.java",

        "src/main/java/io/github/sunthemoon/advancedrocketrycommunity/endgame/laser/LaserTargetBlockEntity.java",

        "src/main/java/io/github/sunthemoon/advancedrocketrycommunity/endgame/laser/LaserTargetMenu.java",

        "src/main/java/io/github/sunthemoon/advancedrocketrycommunity/endgame/laser/OrbitalLaserDrillBlock.java",

        "src/main/java/io/github/sunthemoon/advancedrocketrycommunity/endgame/laser/OrbitalLaserDrillBlockEntity.java",

        "src/main/java/io/github/sunthemoon/advancedrocketrycommunity/endgame/laser/OrbitalLaserDrillMenu.java",

        "src/main/java/io/github/sunthemoon/advancedrocketrycommunity/endgame/model/EndgameAction.java",

        "src/main/java/io/github/sunthemoon/advancedrocketrycommunity/endgame/model/EndgameCode.java",

        "src/main/java/io/github/sunthemoon/advancedrocketrycommunity/endgame/model/EndgameIdOrder.java",

        "src/main/java/io/github/sunthemoon/advancedrocketrycommunity/endgame/model/EndgameLimits.java",

        "src/main/java/io/github/sunthemoon/advancedrocketrycommunity/endgame/model/EndgameNbt.java",

        "src/main/java/io/github/sunthemoon/advancedrocketrycommunity/endgame/model/EndgameSettings.java",

        "src/main/java/io/github/sunthemoon/advancedrocketrycommunity/endgame/model/EndgameSystem.java",

        "src/main/java/io/github/sunthemoon/advancedrocketrycommunity/endgame/network/EndgameDeviceView.java",

        "src/main/java/io/github/sunthemoon/advancedrocketrycommunity/endgame/network/EndgameDeviceViewCache.java",

        "src/main/java/io/github/sunthemoon/advancedrocketrycommunity/endgame/network/EndgameNetwork.java",

        "src/main/java/io/github/sunthemoon/advancedrocketrycommunity/endgame/protection/EndgameProtection.java",

        "src/main/java/io/github/sunthemoon/advancedrocketrycommunity/endgame/protection/ForgeProtectionView.java",

        "src/main/java/io/github/sunthemoon/advancedrocketrycommunity/endgame/protection/ProtectedZone.java",

        "src/main/java/io/github/sunthemoon/advancedrocketrycommunity/endgame/railgun/RailgunBlock.java",

        "src/main/java/io/github/sunthemoon/advancedrocketrycommunity/endgame/railgun/RailgunBlockEntity.java",

        "src/main/java/io/github/sunthemoon/advancedrocketrycommunity/endgame/railgun/RailgunEffects.java",

        "src/main/java/io/github/sunthemoon/advancedrocketrycommunity/endgame/railgun/RailgunLaunch.java",

        "src/main/java/io/github/sunthemoon/advancedrocketrycommunity/endgame/railgun/RailgunLauncher.java",

        "src/main/java/io/github/sunthemoon/advancedrocketrycommunity/endgame/railgun/RailgunMenu.java",

        "src/main/java/io/github/sunthemoon/advancedrocketrycommunity/endgame/railgun/RailgunRedirectRule.java",

        "src/main/java/io/github/sunthemoon/advancedrocketrycommunity/endgame/railgun/RailgunRoute.java",

        "src/main/java/io/github/sunthemoon/advancedrocketrycommunity/endgame/railgun/RailgunSettings.java",

        "src/main/java/io/github/sunthemoon/advancedrocketrycommunity/endgame/root/EndgameRoot.java",

        "src/main/java/io/github/sunthemoon/advancedrocketrycommunity/endgame/root/EndgameRootCodec.java",

        "src/main/java/io/github/sunthemoon/advancedrocketrycommunity/endgame/root/EndgameSavedData.java",

        "src/main/java/io/github/sunthemoon/advancedrocketrycommunity/endgame/root/EndpointRecord.java",

        "src/main/java/io/github/sunthemoon/advancedrocketrycommunity/endgame/root/Tombstone.java",

        "src/main/java/io/github/sunthemoon/advancedrocketrycommunity/endgame/service/BarrierSpacing.java",

        "src/main/java/io/github/sunthemoon/advancedrocketrycommunity/endgame/service/EndgameRuntime.java",

        "src/main/java/io/github/sunthemoon/advancedrocketrycommunity/endgame/service/EndgameService.java"

      ],

      "cwd": "D:\\GitHub\\AdvancedRocketry-Community",

      "started_utc": "2026-10-04T05:00:39.418687+00:00",

      "exit": 0,

      "log": "phase-commit01-09.log",

      "log_sha256": "e3b0c44298fc1c149afbf4c8996fb92427ae41e4649b934ca495991b7852b855"

    },

    {

      "command": [

        "git",

        "-c",

        "core.autocrlf=false",

        "add",

        "--",

        "src/main/java/io/github/sunthemoon/advancedrocketrycommunity/endgame/service/EndgameTimings.java",

        "src/main/java/io/github/sunthemoon/advancedrocketrycommunity/endgame/service/EndpointChunkIndex.java",

        "src/main/java/io/github/sunthemoon/advancedrocketrycommunity/endgame/service/EndpointObservations.java",

        "src/main/java/io/github/sunthemoon/advancedrocketrycommunity/endgame/service/EndpointRegistrations.java",

        "src/main/java/io/github/sunthemoon/advancedrocketrycommunity/endgame/service/TransitLedger.java",

        "src/main/java/io/github/sunthemoon/advancedrocketrycommunity/endgame/service/TransitOperations.java",

        "src/main/java/io/github/sunthemoon/advancedrocketrycommunity/endgame/transit/OutboxEntry.java",

        "src/main/java/io/github/sunthemoon/advancedrocketrycommunity/endgame/transit/TransitCodec.java",

        "src/main/java/io/github/sunthemoon/advancedrocketrycommunity/endgame/transit/TransitDestinationState.java",

        "src/main/java/io/github/sunthemoon/advancedrocketrycommunity/endgame/transit/TransitEndpoint.java",

        "src/main/java/io/github/sunthemoon/advancedrocketrycommunity/endgame/transit/TransitKey.java",

        "src/main/java/io/github/sunthemoon/advancedrocketrycommunity/endgame/transit/TransitLedgerView.java",

        "src/main/java/io/github/sunthemoon/advancedrocketrycommunity/endgame/transit/TransitLimits.java",

        "src/main/java/io/github/sunthemoon/advancedrocketrycommunity/endgame/transit/TransitPayload.java",

        "src/main/java/io/github/sunthemoon/advancedrocketrycommunity/endgame/transit/TransitRecord.java",

        "src/main/java/io/github/sunthemoon/advancedrocketrycommunity/endgame/transit/TransitRules.java",

        "src/main/java/io/github/sunthemoon/advancedrocketrycommunity/endgame/transit/TransitSourceState.java",

        "src/main/java/io/github/sunthemoon/advancedrocketrycommunity/endgame/transit/TransitTable.java",

        "src/main/java/io/github/sunthemoon/advancedrocketrycommunity/endgame/transit/TransitTags.java",

        "src/main/java/io/github/sunthemoon/advancedrocketrycommunity/fluid/CanisterItemSafety.java",

        "src/main/java/io/github/sunthemoon/advancedrocketrycommunity/fluid/CanisterStackSwap.java",

        "src/main/java/io/github/sunthemoon/advancedrocketrycommunity/fluid/CanisterSwapPlanner.java",

        "src/main/java/io/github/sunthemoon/advancedrocketrycommunity/fluid/ClassicFluidDefinition.java",

        "src/main/java/io/github/sunthemoon/advancedrocketrycommunity/fluid/ClassicFluidGameTests.java",

        "src/main/java/io/github/sunthemoon/advancedrocketrycommunity/fluid/ClassicFluidType.java",

        "src/main/java/io/github/sunthemoon/advancedrocketrycommunity/fluid/ClassicFluids.java",

        "src/main/java/io/github/sunthemoon/advancedrocketrycommunity/fluid/ContainerGasFluid.java",

        "src/main/java/io/github/sunthemoon/advancedrocketrycommunity/fluid/EnrichedLavaBlock.java",

        "src/main/java/io/github/sunthemoon/advancedrocketrycommunity/fluid/FluidReleaseTestCommands.java",

        "src/main/java/io/github/sunthemoon/advancedrocketrycommunity/fluid/GasCanisterCapabilities.java",

        "src/main/java/io/github/sunthemoon/advancedrocketrycommunity/fluid/GasCanisterCatalog.java",

        "src/main/java/io/github/sunthemoon/advancedrocketrycommunity/fluid/GasCanisterHandler.java",

        "src/main/java/io/github/sunthemoon/advancedrocketrycommunity/fluid/GasCanisterItem.java",

        "src/main/java/io/github/sunthemoon/advancedrocketrycommunity/gametest/AtmosphereBoundaryGameTests.java",

        "src/main/java/io/github/sunthemoon/advancedrocketrycommunity/gametest/AtmosphereGameTests.java",

        "src/main/java/io/github/sunthemoon/advancedrocketrycommunity/gametest/AtmospherePerformanceGameTests.java",

        "src/main/java/io/github/sunthemoon/advancedrocketrycommunity/gametest/AuditLogCapture.java",

        "src/main/java/io/github/sunthemoon/advancedrocketrycommunity/gametest/BlackHoleGeneratorGameTests.java",

        "src/main/java/io/github/sunthemoon/advancedrocketrycommunity/gametest/BootstrapGameTests.java",

        "src/main/java/io/github/sunthemoon/advancedrocketrycommunity/gametest/ChunkPlacementChecks.java",

        "src/main/java/io/github/sunthemoon/advancedrocketrycommunity/gametest/ChunkSaveWatcher.java",

        "src/main/java/io/github/sunthemoon/advancedrocketrycommunity/gametest/CombustionGeneratorGameTests.java",

        "src/main/java/io/github/sunthemoon/advancedrocketrycommunity/gametest/ConnectedTestPlayers.java",

        "src/main/java/io/github/sunthemoon/advancedrocketrycommunity/gametest/DiscoveryProgressFixture.java",

        "src/main/java/io/github/sunthemoon/advancedrocketrycommunity/gametest/EarthReturnPadFixture.java",

        "src/main/java/io/github/sunthemoon/advancedrocketrycommunity/gametest/ElectrolyzerKernelGameTests.java",

        "src/main/java/io/github/sunthemoon/advancedrocketrycommunity/gametest/ElevatorGameTests.java",

        "src/main/java/io/github/sunthemoon/advancedrocketrycommunity/gametest/EndgameDestructionGameTests.java",

        "src/main/java/io/github/sunthemoon/advancedrocketrycommunity/gametest/EndgameFrameworkGameTests.java",

        "src/main/java/io/github/sunthemoon/advancedrocketrycommunity/gametest/EndgameMenuGameTests.java",

        "src/main/java/io/github/sunthemoon/advancedrocketrycommunity/gametest/EntitySections.java",

        "src/main/java/io/github/sunthemoon/advancedrocketrycommunity/gametest/ExoplanetGameTests.java",

        "src/main/java/io/github/sunthemoon/advancedrocketrycommunity/gametest/FuelLoaderGameTests.java",

        "src/main/java/io/github/sunthemoon/advancedrocketrycommunity/gametest/FuelLoaderPlacementGameTests.java",

        "src/main/java/io/github/sunthemoon/advancedrocketrycommunity/gametest/GravityFieldGameTests.java",

        "src/main/java/io/github/sunthemoon/advancedrocketrycommunity/gametest/GuardedChunkSaveGameTests.java",

        "src/main/java/io/github/sunthemoon/advancedrocketrycommunity/gametest/LaserPhysicalGameTests.java",

        "src/main/java/io/github/sunthemoon/advancedrocketrycommunity/gametest/LaserTargetGameTests.java",

        "src/main/java/io/github/sunthemoon/advancedrocketrycommunity/gametest/MaterialGameTests.java",

        "src/main/java/io/github/sunthemoon/advancedrocketrycommunity/gametest/MaterialRecipeGameTests.java",

        "src/main/java/io/github/sunthemoon/advancedrocketrycommunity/gametest/MicrowaveReceiverGameTests.java",

        "src/main/java/io/github/sunthemoon/advancedrocketrycommunity/gametest/MoonArrivalGameTests.java",

        "src/main/java/io/github/sunthemoon/advancedrocketrycommunity/gametest/MoonPadArea.java",

        "src/main/java/io/github/sunthemoon/advancedrocketrycommunity/gametest/MotorGameTests.java",

        "src/main/java/io/github/sunthemoon/advancedrocketrycommunity/gametest/MultiblockPatternGameTests.java",

        "src/main/java/io/github/sunthemoon/advancedrocketrycommunity/gametest/OrbitalLaserDrillGameTests.java",

        "src/main/java/io/github/sunthemoon/advancedrocketrycommunity/gametest/PlanetFeatureGameTests.java",

        "src/main/java/io/github/sunthemoon/advancedrocketrycommunity/gametest/PlanetSurfaceGameTests.java",

        "src/main/java/io/github/sunthemoon/advancedrocketrycommunity/gametest/PlanetaryAdmissionGameTests.java",

        "src/main/java/io/github/sunthemoon/advancedrocketrycommunity/gametest/PlanetaryClimateGameTests.java",

        "src/main/java/io/github/sunthemoon/advancedrocketrycommunity/gametest/PlanetaryDiscoveryGameTests.java",

        "src/main/java/io/github/sunthemoon/advancedrocketrycommunity/gametest/PlanetaryExposureGameTests.java",

        "src/main/java/io/github/sunthemoon/advancedrocketrycommunity/gametest/PlanetaryLandingGameTests.java",

        "src/main/java/io/github/sunthemoon/advancedrocketrycommunity/gametest/PlanetaryPhysicalAdmissionGameTests.java",

        "src/main/java/io/github/sunthemoon/advancedrocketrycommunity/gametest/PlanetaryWorldGameTests.java",

        "src/main/java/io/github/sunthemoon/advancedrocketrycommunity/gametest/PrecisionAssemblerGameTests.java",

        "src/main/java/io/github/sunthemoon/advancedrocketrycommunity/gametest/PrecisionAssemblerMenuGameTests.java",

        "src/main/java/io/github/sunthemoon/advancedrocketrycommunity/gametest/PrecisionAssemblerMigrationGameTests.java",

        "src/main/java/io/github/sunthemoon/advancedrocketrycommunity/gametest/PrecisionAssemblerMigrationSaveFailureGameTests.java",

        "src/main/java/io/github/sunthemoon/advancedrocketrycommunity/gametest/PrecisionAssemblerProcessSafetyGameTests.java"

      ],

      "cwd": "D:\\GitHub\\AdvancedRocketry-Community",

      "started_utc": "2026-10-04T05:00:39.501451+00:00",

      "exit": 0,

      "log": "phase-commit01-10.log",

      "log_sha256": "e3b0c44298fc1c149afbf4c8996fb92427ae41e4649b934ca495991b7852b855"

    },

    {

      "command": [

        "git",

        "-c",

        "core.autocrlf=false",

        "add",

        "--",

        "src/main/java/io/github/sunthemoon/advancedrocketrycommunity/gametest/PrecisionAssemblerRemovalGameTests.java",

        "src/main/java/io/github/sunthemoon/advancedrocketrycommunity/gametest/ProcessPortGameTests.java",

        "src/main/java/io/github/sunthemoon/advancedrocketrycommunity/gametest/PumpGameTests.java",

        "src/main/java/io/github/sunthemoon/advancedrocketrycommunity/gametest/RailgunGameTests.java",

        "src/main/java/io/github/sunthemoon/advancedrocketrycommunity/gametest/RecipeMenuChannelGameTests.java",

        "src/main/java/io/github/sunthemoon/advancedrocketrycommunity/gametest/RecipeMenuGameTests.java",

        "src/main/java/io/github/sunthemoon/advancedrocketrycommunity/gametest/RecipeSignatureMigrationGameTests.java",

        "src/main/java/io/github/sunthemoon/advancedrocketrycommunity/gametest/RecipeSignatureRecoveryClockGameTests.java",

        "src/main/java/io/github/sunthemoon/advancedrocketrycommunity/gametest/RecipeSignatureRemovalGameTests.java",

        "src/main/java/io/github/sunthemoon/advancedrocketrycommunity/gametest/RecipeSignatureSaveEventGameTests.java",

        "src/main/java/io/github/sunthemoon/advancedrocketrycommunity/gametest/ResourceMissionGameTests.java",

        "src/main/java/io/github/sunthemoon/advancedrocketrycommunity/gametest/RocketAdapterFailureFixture.java",

        "src/main/java/io/github/sunthemoon/advancedrocketrycommunity/gametest/RocketAdapterFailureGameTests.java",

        "src/main/java/io/github/sunthemoon/advancedrocketrycommunity/gametest/RocketComponentGameTests.java",

        "src/main/java/io/github/sunthemoon/advancedrocketrycommunity/gametest/RocketDisassemblyGameTests.java",

        "src/main/java/io/github/sunthemoon/advancedrocketrycommunity/gametest/RocketFlightGameTestFixtures.java",

        "src/main/java/io/github/sunthemoon/advancedrocketrycommunity/gametest/RocketFlightGameTests.java",

        "src/main/java/io/github/sunthemoon/advancedrocketrycommunity/gametest/RocketFlightSecurityGameTests.java",

        "src/main/java/io/github/sunthemoon/advancedrocketrycommunity/gametest/RocketGameTests.java",

        "src/main/java/io/github/sunthemoon/advancedrocketrycommunity/gametest/RocketNavigationGameTests.java",

        "src/main/java/io/github/sunthemoon/advancedrocketrycommunity/gametest/RocketPassengerContinuedUseGameTests.java",

        "src/main/java/io/github/sunthemoon/advancedrocketrycommunity/gametest/RocketPassengerPersistenceGameTests.java",

        "src/main/java/io/github/sunthemoon/advancedrocketrycommunity/gametest/RocketTransferRecoveryGameTests.java",

        "src/main/java/io/github/sunthemoon/advancedrocketrycommunity/gametest/RollingMachineGameTestFixtures.java",

        "src/main/java/io/github/sunthemoon/advancedrocketrycommunity/gametest/RollingMachineGameTests.java",

        "src/main/java/io/github/sunthemoon/advancedrocketrycommunity/gametest/SatelliteBuilderGameTests.java",

        "src/main/java/io/github/sunthemoon/advancedrocketrycommunity/gametest/SatelliteGameTests.java",

        "src/main/java/io/github/sunthemoon/advancedrocketrycommunity/gametest/SatelliteKindTerminalGameTests.java",

        "src/main/java/io/github/sunthemoon/advancedrocketrycommunity/gametest/SatelliteLifecycleGameTests.java",

        "src/main/java/io/github/sunthemoon/advancedrocketrycommunity/gametest/SatelliteMenuPersistenceGameTests.java",

        "src/main/java/io/github/sunthemoon/advancedrocketrycommunity/gametest/SatelliteRegistryFixture.java",

        "src/main/java/io/github/sunthemoon/advancedrocketrycommunity/gametest/SatelliteReviewGameTests.java",

        "src/main/java/io/github/sunthemoon/advancedrocketrycommunity/gametest/SatelliteTerminalPersistenceGameTests.java",

        "src/main/java/io/github/sunthemoon/advancedrocketrycommunity/gametest/SmallPlatePressCraftingGameTests.java",

        "src/main/java/io/github/sunthemoon/advancedrocketrycommunity/gametest/StarSystemGameTests.java",

        "src/main/java/io/github/sunthemoon/advancedrocketrycommunity/gametest/StationElevatorGameTests.java",

        "src/main/java/io/github/sunthemoon/advancedrocketrycommunity/gametest/StationExpansionGameTests.java",

        "src/main/java/io/github/sunthemoon/advancedrocketrycommunity/gametest/StationGameTests.java",

        "src/main/java/io/github/sunthemoon/advancedrocketrycommunity/gametest/StationOrbitGameTests.java",

        "src/main/java/io/github/sunthemoon/advancedrocketrycommunity/gametest/StationPermissionMatrix.java",

        "src/main/java/io/github/sunthemoon/advancedrocketrycommunity/gametest/StationPermissionMatrixGameTests.java",

        "src/main/java/io/github/sunthemoon/advancedrocketrycommunity/gametest/StationProtectionGameTests.java",

        "src/main/java/io/github/sunthemoon/advancedrocketrycommunity/gametest/StationSkyContextGameTests.java",

        "src/main/java/io/github/sunthemoon/advancedrocketrycommunity/gametest/StationWarpAbortGameTests.java",

        "src/main/java/io/github/sunthemoon/advancedrocketrycommunity/gametest/StationWarpGameTests.java",

        "src/main/java/io/github/sunthemoon/advancedrocketrycommunity/gametest/StationWriteBudgetGameTests.java",

        "src/main/java/io/github/sunthemoon/advancedrocketrycommunity/gametest/SuitEquipmentGameTests.java",

        "src/main/java/io/github/sunthemoon/advancedrocketrycommunity/gametest/SurveyScanGameTests.java",

        "src/main/java/io/github/sunthemoon/advancedrocketrycommunity/gametest/TankGameTests.java",

        "src/main/java/io/github/sunthemoon/advancedrocketrycommunity/gametest/TauCetiPathGameTests.java",

        "src/main/java/io/github/sunthemoon/advancedrocketrycommunity/gametest/TicketCounts.java",

        "src/main/java/io/github/sunthemoon/advancedrocketrycommunity/gametest/VenusStructureGameTests.java",

        "src/main/java/io/github/sunthemoon/advancedrocketrycommunity/machine/classic/adapter/ClassicAllocation.java",

        "src/main/java/io/github/sunthemoon/advancedrocketrycommunity/machine/classic/adapter/ClassicAllocationPart.java",

        "src/main/java/io/github/sunthemoon/advancedrocketrycommunity/machine/classic/adapter/ClassicAssignment.java",

        "src/main/java/io/github/sunthemoon/advancedrocketrycommunity/machine/classic/adapter/ClassicControllerFrame.java",

        "src/main/java/io/github/sunthemoon/advancedrocketrycommunity/machine/classic/adapter/ClassicDropQuarantine.java",

        "src/main/java/io/github/sunthemoon/advancedrocketrycommunity/machine/classic/adapter/ClassicHatchKind.java",

        "src/main/java/io/github/sunthemoon/advancedrocketrycommunity/machine/classic/adapter/ClassicHatchState.java",

        "src/main/java/io/github/sunthemoon/advancedrocketrycommunity/machine/classic/adapter/ClassicMachineState.java",

        "src/main/java/io/github/sunthemoon/advancedrocketrycommunity/machine/classic/adapter/ClassicNativeEntry.java",

        "src/main/java/io/github/sunthemoon/advancedrocketrycommunity/machine/classic/adapter/ClassicNativePlan.java",

        "src/main/java/io/github/sunthemoon/advancedrocketrycommunity/machine/classic/adapter/ClassicNbtKeyOrder.java",

        "src/main/java/io/github/sunthemoon/advancedrocketrycommunity/machine/classic/adapter/ClassicNbtLimits.java",

        "src/main/java/io/github/sunthemoon/advancedrocketrycommunity/machine/classic/adapter/ClassicNbtShape.java",

        "src/main/java/io/github/sunthemoon/advancedrocketrycommunity/machine/classic/adapter/ClassicProcessFrame.java",

        "src/main/java/io/github/sunthemoon/advancedrocketrycommunity/machine/classic/adapter/ClassicRefusal.java",

        "src/main/java/io/github/sunthemoon/advancedrocketrycommunity/machine/classic/adapter/ClassicRootBundle.java",

        "src/main/java/io/github/sunthemoon/advancedrocketrycommunity/machine/classic/adapter/ClassicSignatureMarker.java",

        "src/main/java/io/github/sunthemoon/advancedrocketrycommunity/machine/classic/adapter/ClassicStatusView.java",

        "src/main/java/io/github/sunthemoon/advancedrocketrycommunity/machine/classic/adapter/ClassicUncertainDrop.java",

        "src/main/java/io/github/sunthemoon/advancedrocketrycommunity/machine/classic/adapter/ClassicValueChecks.java",

        "src/main/java/io/github/sunthemoon/advancedrocketrycommunity/machine/classic/adapter/OwnedNativeTag.java",

        "src/main/java/io/github/sunthemoon/advancedrocketrycommunity/machine/classic/resource/ClassicBankKey.java",

        "src/main/java/io/github/sunthemoon/advancedrocketrycommunity/machine/classic/resource/ClassicBankKind.java",

        "src/main/java/io/github/sunthemoon/advancedrocketrycommunity/machine/classic/resource/ClassicBankTransfers.java",

        "src/main/java/io/github/sunthemoon/advancedrocketrycommunity/machine/classic/resource/ClassicNativePayload.java",

        "src/main/java/io/github/sunthemoon/advancedrocketrycommunity/machine/classic/resource/ClassicResourceBank.java",

        "src/main/java/io/github/sunthemoon/advancedrocketrycommunity/machine/classic/resource/ClassicResources.java",

        "src/main/java/io/github/sunthemoon/advancedrocketrycommunity/machine/classic/resource/ClassicResourcesCodec.java"

      ],

      "cwd": "D:\\GitHub\\AdvancedRocketry-Community",

      "started_utc": "2026-10-04T05:00:39.659647+00:00",

      "exit": 0,

      "log": "phase-commit01-11.log",

      "log_sha256": "e3b0c44298fc1c149afbf4c8996fb92427ae41e4649b934ca495991b7852b855"

    },

    {

      "command": [

        "git",

        "-c",

        "core.autocrlf=false",

        "add",

        "--",

        "src/main/java/io/github/sunthemoon/advancedrocketrycommunity/machine/classic/resource/ClassicResourcesDecode.java",

        "src/main/java/io/github/sunthemoon/advancedrocketrycommunity/machine/combustion/CombustionBurn.java",

        "src/main/java/io/github/sunthemoon/advancedrocketrycommunity/machine/combustion/CombustionGeneratorBlock.java",

        "src/main/java/io/github/sunthemoon/advancedrocketrycommunity/machine/combustion/CombustionGeneratorBlockEntity.java",

        "src/main/java/io/github/sunthemoon/advancedrocketrycommunity/machine/combustion/CombustionGeneratorMenu.java",

        "src/main/java/io/github/sunthemoon/advancedrocketrycommunity/machine/combustion/CombustionPorts.java",

        "src/main/java/io/github/sunthemoon/advancedrocketrycommunity/machine/combustion/CombustionProtection.java",

        "src/main/java/io/github/sunthemoon/advancedrocketrycommunity/machine/combustion/CombustionReleaseTestCommands.java",

        "src/main/java/io/github/sunthemoon/advancedrocketrycommunity/machine/combustion/CombustionSave.java",

        "src/main/java/io/github/sunthemoon/advancedrocketrycommunity/machine/electrolyzer/ElectrolyzerBlock.java",

        "src/main/java/io/github/sunthemoon/advancedrocketrycommunity/machine/electrolyzer/ElectrolyzerBlockEntity.java",

        "src/main/java/io/github/sunthemoon/advancedrocketrycommunity/machine/electrolyzer/ElectrolyzerCapabilityAdapter.java",

        "src/main/java/io/github/sunthemoon/advancedrocketrycommunity/machine/electrolyzer/ElectrolyzerMaterialLedger.java",

        "src/main/java/io/github/sunthemoon/advancedrocketrycommunity/machine/electrolyzer/ElectrolyzerMenu.java",

        "src/main/java/io/github/sunthemoon/advancedrocketrycommunity/machine/electrolyzer/ElectrolyzerMenuData.java",

        "src/main/java/io/github/sunthemoon/advancedrocketrycommunity/machine/electrolyzer/ElectrolyzerMenuItemHandler.java",

        "src/main/java/io/github/sunthemoon/advancedrocketrycommunity/machine/electrolyzer/ElectrolyzerPersistence.java",

        "src/main/java/io/github/sunthemoon/advancedrocketrycommunity/machine/electrolyzer/ElectrolyzerPortPolicy.java",

        "src/main/java/io/github/sunthemoon/advancedrocketrycommunity/machine/electrolyzer/ElectrolyzerProcessController.java",

        "src/main/java/io/github/sunthemoon/advancedrocketrycommunity/machine/electrolyzer/ElectrolyzerProcessEngine.java",

        "src/main/java/io/github/sunthemoon/advancedrocketrycommunity/machine/electrolyzer/ElectrolyzerRecipe.java",

        "src/main/java/io/github/sunthemoon/advancedrocketrycommunity/machine/electrolyzer/ElectrolyzerRecipeResolver.java",

        "src/main/java/io/github/sunthemoon/advancedrocketrycommunity/machine/electrolyzer/ElectrolyzerRecipeSpec.java",

        "src/main/java/io/github/sunthemoon/advancedrocketrycommunity/machine/electrolyzer/ElectrolyzerResourceStore.java",

        "src/main/java/io/github/sunthemoon/advancedrocketrycommunity/machine/electrolyzer/ElectrolyzerStatus.java",

        "src/main/java/io/github/sunthemoon/advancedrocketrycommunity/machine/electrolyzer/ElectrolyzerStorage.java",

        "src/main/java/io/github/sunthemoon/advancedrocketrycommunity/machine/electrolyzer/ElectrolyzerTickInput.java",

        "src/main/java/io/github/sunthemoon/advancedrocketrycommunity/machine/electrolyzer/ElectrolyzerTickResult.java",

        "src/main/java/io/github/sunthemoon/advancedrocketrycommunity/machine/menu/MachineMenuNetwork.java",

        "src/main/java/io/github/sunthemoon/advancedrocketrycommunity/machine/menu/MachineMenuOpening.java",

        "src/main/java/io/github/sunthemoon/advancedrocketrycommunity/machine/menu/RecipeMenuReason.java",

        "src/main/java/io/github/sunthemoon/advancedrocketrycommunity/machine/multiblock/lifecycle/BindingMutationResult.java",

        "src/main/java/io/github/sunthemoon/advancedrocketrycommunity/machine/multiblock/lifecycle/ControllerBindingView.java",

        "src/main/java/io/github/sunthemoon/advancedrocketrycommunity/machine/multiblock/lifecycle/DirtyEnqueueResult.java",

        "src/main/java/io/github/sunthemoon/advancedrocketrycommunity/machine/multiblock/lifecycle/DirtyTickResult.java",

        "src/main/java/io/github/sunthemoon/advancedrocketrycommunity/machine/multiblock/lifecycle/LifecycleMutation.java",

        "src/main/java/io/github/sunthemoon/advancedrocketrycommunity/machine/multiblock/lifecycle/MultiblockBindingGateway.java",

        "src/main/java/io/github/sunthemoon/advancedrocketrycommunity/machine/multiblock/lifecycle/MultiblockControllerKey.java",

        "src/main/java/io/github/sunthemoon/advancedrocketrycommunity/machine/multiblock/lifecycle/MultiblockControllerState.java",

        "src/main/java/io/github/sunthemoon/advancedrocketrycommunity/machine/multiblock/lifecycle/MultiblockDirtyQueue.java",

        "src/main/java/io/github/sunthemoon/advancedrocketrycommunity/machine/multiblock/lifecycle/MultiblockFootprintIndex.java",

        "src/main/java/io/github/sunthemoon/advancedrocketrycommunity/machine/multiblock/lifecycle/MultiblockFormationState.java",

        "src/main/java/io/github/sunthemoon/advancedrocketrycommunity/machine/multiblock/lifecycle/MultiblockLifecycleCoordinator.java",

        "src/main/java/io/github/sunthemoon/advancedrocketrycommunity/machine/multiblock/lifecycle/MultiblockLifecycleResult.java",

        "src/main/java/io/github/sunthemoon/advancedrocketrycommunity/machine/multiblock/lifecycle/MultiblockPartBinding.java",

        "src/main/java/io/github/sunthemoon/advancedrocketrycommunity/machine/multiblock/lifecycle/PartBindingValidationStatus.java",

        "src/main/java/io/github/sunthemoon/advancedrocketrycommunity/machine/multiblock/lifecycle/PartBindingVerifier.java",

        "src/main/java/io/github/sunthemoon/advancedrocketrycommunity/machine/multiblock/lifecycle/forge/LoadedPartBindingAccess.java",

        "src/main/java/io/github/sunthemoon/advancedrocketrycommunity/machine/multiblock/lifecycle/forge/LoadedPartBindingGateway.java",

        "src/main/java/io/github/sunthemoon/advancedrocketrycommunity/machine/multiblock/lifecycle/forge/MultiblockPartBindingTarget.java",

        "src/main/java/io/github/sunthemoon/advancedrocketrycommunity/machine/multiblock/lifecycle/forge/ServerLevelPartBindingAccess.java",

        "src/main/java/io/github/sunthemoon/advancedrocketrycommunity/machine/multiblock/lifecycle/persistence/MultiblockControllerNbtCodec.java",

        "src/main/java/io/github/sunthemoon/advancedrocketrycommunity/machine/multiblock/lifecycle/persistence/MultiblockNbtLoadResult.java",

        "src/main/java/io/github/sunthemoon/advancedrocketrycommunity/machine/multiblock/lifecycle/persistence/MultiblockNbtStatus.java",

        "src/main/java/io/github/sunthemoon/advancedrocketrycommunity/machine/multiblock/lifecycle/persistence/MultiblockPartBindingNbtCodec.java",

        "src/main/java/io/github/sunthemoon/advancedrocketrycommunity/machine/multiblock/pattern/MultiblockPatternCatalog.java",

        "src/main/java/io/github/sunthemoon/advancedrocketrycommunity/machine/multiblock/pattern/MultiblockPatternCatalogDecoder.java",

        "src/main/java/io/github/sunthemoon/advancedrocketrycommunity/machine/multiblock/pattern/MultiblockPatternDefinition.java",

        "src/main/java/io/github/sunthemoon/advancedrocketrycommunity/machine/multiblock/pattern/MultiblockPatternJsonCodec.java",

        "src/main/java/io/github/sunthemoon/advancedrocketrycommunity/machine/multiblock/pattern/MultiblockPatternValidator.java",

        "src/main/java/io/github/sunthemoon/advancedrocketrycommunity/machine/multiblock/pattern/PatternBlock.java",

        "src/main/java/io/github/sunthemoon/advancedrocketrycommunity/machine/multiblock/pattern/PatternDefinitionException.java",

        "src/main/java/io/github/sunthemoon/advancedrocketrycommunity/machine/multiblock/pattern/PatternDiagnostic.java",

        "src/main/java/io/github/sunthemoon/advancedrocketrycommunity/machine/multiblock/pattern/PatternDiagnosticReason.java",

        "src/main/java/io/github/sunthemoon/advancedrocketrycommunity/machine/multiblock/pattern/PatternIds.java",

        "src/main/java/io/github/sunthemoon/advancedrocketrycommunity/machine/multiblock/pattern/PatternMatcher.java",

        "src/main/java/io/github/sunthemoon/advancedrocketrycommunity/machine/multiblock/pattern/PatternObservation.java",

        "src/main/java/io/github/sunthemoon/advancedrocketrycommunity/machine/multiblock/pattern/PatternPosition.java",

        "src/main/java/io/github/sunthemoon/advancedrocketrycommunity/machine/multiblock/pattern/PatternRotation.java",

        "src/main/java/io/github/sunthemoon/advancedrocketrycommunity/machine/multiblock/pattern/PatternSize.java",

        "src/main/java/io/github/sunthemoon/advancedrocketrycommunity/machine/multiblock/pattern/PatternTransform.java",

        "src/main/java/io/github/sunthemoon/advancedrocketrycommunity/machine/multiblock/pattern/PatternValidationResult.java",

        "src/main/java/io/github/sunthemoon/advancedrocketrycommunity/machine/multiblock/pattern/PatternValidationStatus.java",

        "src/main/java/io/github/sunthemoon/advancedrocketrycommunity/machine/multiblock/pattern/PatternWorldView.java",

        "src/main/java/io/github/sunthemoon/advancedrocketrycommunity/machine/multiblock/pattern/forge/PatternBlockCache.java",

        "src/main/java/io/github/sunthemoon/advancedrocketrycommunity/machine/multiblock/pattern/forge/PatternRoleResolver.java",

        "src/main/java/io/github/sunthemoon/advancedrocketrycommunity/machine/multiblock/pattern/forge/ServerLevelPatternWorldView.java",

        "src/main/java/io/github/sunthemoon/advancedrocketrycommunity/machine/multiblock/pattern/service/MultiblockPatternCatalogManager.java",

        "src/main/java/io/github/sunthemoon/advancedrocketrycommunity/machine/multiblock/pattern/service/MultiblockPatternReloadListener.java",

        "src/main/java/io/github/sunthemoon/advancedrocketrycommunity/machine/port/ProcessPortDefinition.java"

      ],

      "cwd": "D:\\GitHub\\AdvancedRocketry-Community",

      "started_utc": "2026-10-04T05:00:39.932396+00:00",

      "exit": 0,

      "log": "phase-commit01-12.log",

      "log_sha256": "e3b0c44298fc1c149afbf4c8996fb92427ae41e4649b934ca495991b7852b855"

    },

    {

      "command": [

        "git",

        "-c",

        "core.autocrlf=false",

        "add",

        "--",

        "src/main/java/io/github/sunthemoon/advancedrocketrycommunity/machine/port/ProcessPortFilter.java",

        "src/main/java/io/github/sunthemoon/advancedrocketrycommunity/machine/port/ProcessPortKind.java",

        "src/main/java/io/github/sunthemoon/advancedrocketrycommunity/machine/port/ProcessPortMode.java",

        "src/main/java/io/github/sunthemoon/advancedrocketrycommunity/machine/port/ProcessPortPolicy.java",

        "src/main/java/io/github/sunthemoon/advancedrocketrycommunity/machine/port/ProcessPortRange.java",

        "src/main/java/io/github/sunthemoon/advancedrocketrycommunity/machine/port/ProcessPortRevision.java",

        "src/main/java/io/github/sunthemoon/advancedrocketrycommunity/machine/port/ProcessPortSide.java",

        "src/main/java/io/github/sunthemoon/advancedrocketrycommunity/machine/port/forge/ProcessCapabilityCache.java",

        "src/main/java/io/github/sunthemoon/advancedrocketrycommunity/machine/port/forge/ProcessEnergyPortStorage.java",

        "src/main/java/io/github/sunthemoon/advancedrocketrycommunity/machine/port/forge/ProcessFluidPortHandler.java",

        "src/main/java/io/github/sunthemoon/advancedrocketrycommunity/machine/port/forge/ProcessItemPortHandler.java",

        "src/main/java/io/github/sunthemoon/advancedrocketrycommunity/machine/port/forge/ProcessPortDirections.java",

        "src/main/java/io/github/sunthemoon/advancedrocketrycommunity/machine/precision/PrecisionAssemblerBindingAccess.java",

        "src/main/java/io/github/sunthemoon/advancedrocketrycommunity/machine/precision/PrecisionAssemblerBlock.java",

        "src/main/java/io/github/sunthemoon/advancedrocketrycommunity/machine/precision/PrecisionAssemblerBlockEntity.java",

        "src/main/java/io/github/sunthemoon/advancedrocketrycommunity/machine/precision/PrecisionAssemblerChannels.java",

        "src/main/java/io/github/sunthemoon/advancedrocketrycommunity/machine/precision/PrecisionAssemblerCommands.java",

        "src/main/java/io/github/sunthemoon/advancedrocketrycommunity/machine/precision/PrecisionAssemblerControllerItemView.java",

        "src/main/java/io/github/sunthemoon/advancedrocketrycommunity/machine/precision/PrecisionAssemblerIds.java",

        "src/main/java/io/github/sunthemoon/advancedrocketrycommunity/machine/precision/PrecisionAssemblerManager.java",

        "src/main/java/io/github/sunthemoon/advancedrocketrycommunity/machine/precision/PrecisionAssemblerMenu.java",

        "src/main/java/io/github/sunthemoon/advancedrocketrycommunity/machine/precision/PrecisionAssemblerMenuData.java",

        "src/main/java/io/github/sunthemoon/advancedrocketrycommunity/machine/precision/PrecisionAssemblerMenuItemHandler.java",

        "src/main/java/io/github/sunthemoon/advancedrocketrycommunity/machine/precision/PrecisionAssemblerMenuWire.java",

        "src/main/java/io/github/sunthemoon/advancedrocketrycommunity/machine/precision/PrecisionAssemblerMigrationBindingGameTests.java",

        "src/main/java/io/github/sunthemoon/advancedrocketrycommunity/machine/precision/PrecisionAssemblerMigrationBindings.java",

        "src/main/java/io/github/sunthemoon/advancedrocketrycommunity/machine/precision/PrecisionAssemblerMigrationSaveVerifier.java",

        "src/main/java/io/github/sunthemoon/advancedrocketrycommunity/machine/precision/PrecisionAssemblerPatternRoles.java",

        "src/main/java/io/github/sunthemoon/advancedrocketrycommunity/machine/precision/PrecisionAssemblerPersistedChunkReader.java",

        "src/main/java/io/github/sunthemoon/advancedrocketrycommunity/machine/precision/PrecisionAssemblerPortBlock.java",

        "src/main/java/io/github/sunthemoon/advancedrocketrycommunity/machine/precision/PrecisionAssemblerPortBlockEntity.java",

        "src/main/java/io/github/sunthemoon/advancedrocketrycommunity/machine/precision/PrecisionAssemblerPortLayout.java",

        "src/main/java/io/github/sunthemoon/advancedrocketrycommunity/machine/precision/PrecisionAssemblerPortMigrationPersistence.java",

        "src/main/java/io/github/sunthemoon/advancedrocketrycommunity/machine/precision/PrecisionAssemblerPortPersistence.java",

        "src/main/java/io/github/sunthemoon/advancedrocketrycommunity/machine/precision/PrecisionAssemblerPortSet.java",

        "src/main/java/io/github/sunthemoon/advancedrocketrycommunity/machine/precision/PrecisionAssemblerPortStorage.java",

        "src/main/java/io/github/sunthemoon/advancedrocketrycommunity/machine/precision/PrecisionAssemblerPortType.java",

        "src/main/java/io/github/sunthemoon/advancedrocketrycommunity/machine/precision/PrecisionAssemblerProcessController.java",

        "src/main/java/io/github/sunthemoon/advancedrocketrycommunity/machine/precision/PrecisionAssemblerRecipe.java",

        "src/main/java/io/github/sunthemoon/advancedrocketrycommunity/machine/precision/PrecisionAssemblerRecipeResolver.java",

        "src/main/java/io/github/sunthemoon/advancedrocketrycommunity/machine/precision/PrecisionAssemblerRemovalPolicy.java",

        "src/main/java/io/github/sunthemoon/advancedrocketrycommunity/machine/precision/PrecisionAssemblerResourcePersistence.java",

        "src/main/java/io/github/sunthemoon/advancedrocketrycommunity/machine/precision/PrecisionAssemblerResourceStore.java",

        "src/main/java/io/github/sunthemoon/advancedrocketrycommunity/machine/precision/PrecisionAssemblerRuntime.java",

        "src/main/java/io/github/sunthemoon/advancedrocketrycommunity/machine/precision/PrecisionAssemblerServerEvents.java",

        "src/main/java/io/github/sunthemoon/advancedrocketrycommunity/machine/precision/PrecisionAssemblerTransactionCutGameTests.java",

        "src/main/java/io/github/sunthemoon/advancedrocketrycommunity/machine/precision/PrecisionAssemblerTransactionTestFixture.java",

        "src/main/java/io/github/sunthemoon/advancedrocketrycommunity/machine/precision/PrecisionAssemblerUnloadGameTests.java",

        "src/main/java/io/github/sunthemoon/advancedrocketrycommunity/machine/process/ProcessDefinition.java",

        "src/main/java/io/github/sunthemoon/advancedrocketrycommunity/machine/process/ProcessFailure.java",

        "src/main/java/io/github/sunthemoon/advancedrocketrycommunity/machine/process/ProcessFailureCode.java",

        "src/main/java/io/github/sunthemoon/advancedrocketrycommunity/machine/process/ProcessInput.java",

        "src/main/java/io/github/sunthemoon/advancedrocketrycommunity/machine/process/ProcessJournalPhase.java",

        "src/main/java/io/github/sunthemoon/advancedrocketrycommunity/machine/process/ProcessJournalStore.java",

        "src/main/java/io/github/sunthemoon/advancedrocketrycommunity/machine/process/ProcessMachineLogic.java",

        "src/main/java/io/github/sunthemoon/advancedrocketrycommunity/machine/process/ProcessMachineState.java",

        "src/main/java/io/github/sunthemoon/advancedrocketrycommunity/machine/process/ProcessOutput.java",

        "src/main/java/io/github/sunthemoon/advancedrocketrycommunity/machine/process/ProcessPlan.java",

        "src/main/java/io/github/sunthemoon/advancedrocketrycommunity/machine/process/ProcessProgress.java",

        "src/main/java/io/github/sunthemoon/advancedrocketrycommunity/machine/process/ProcessResourceAvailability.java",

        "src/main/java/io/github/sunthemoon/advancedrocketrycommunity/machine/process/ProcessResourceBalance.java",

        "src/main/java/io/github/sunthemoon/advancedrocketrycommunity/machine/process/ProcessResourceKey.java",

        "src/main/java/io/github/sunthemoon/advancedrocketrycommunity/machine/process/ProcessResourceKind.java",

        "src/main/java/io/github/sunthemoon/advancedrocketrycommunity/machine/process/ProcessResourceSnapshot.java",

        "src/main/java/io/github/sunthemoon/advancedrocketrycommunity/machine/process/ProcessResourceStore.java",

        "src/main/java/io/github/sunthemoon/advancedrocketrycommunity/machine/process/ProcessSimulationResult.java",

        "src/main/java/io/github/sunthemoon/advancedrocketrycommunity/machine/process/ProcessTickInput.java",

        "src/main/java/io/github/sunthemoon/advancedrocketrycommunity/machine/process/ProcessTickResult.java",

        "src/main/java/io/github/sunthemoon/advancedrocketrycommunity/machine/process/ProcessTransactionExecutor.java",

        "src/main/java/io/github/sunthemoon/advancedrocketrycommunity/machine/process/ProcessTransactionJournal.java",

        "src/main/java/io/github/sunthemoon/advancedrocketrycommunity/machine/process/ProcessTransactionResult.java",

        "src/main/java/io/github/sunthemoon/advancedrocketrycommunity/machine/process/ProcessTransactionStatus.java",

        "src/main/java/io/github/sunthemoon/advancedrocketrycommunity/machine/process/persistence/ProcessJournalPersistence.java",

        "src/main/java/io/github/sunthemoon/advancedrocketrycommunity/machine/process/persistence/ProcessNbtResult.java",

        "src/main/java/io/github/sunthemoon/advancedrocketrycommunity/machine/process/persistence/ProcessNbtStatus.java",

        "src/main/java/io/github/sunthemoon/advancedrocketrycommunity/machine/process/persistence/ProcessStateData.java",

        "src/main/java/io/github/sunthemoon/advancedrocketrycommunity/machine/process/persistence/ProcessStatePersistence.java",

        "src/main/java/io/github/sunthemoon/advancedrocketrycommunity/machine/pump/PumpArt.java",

        "src/main/java/io/github/sunthemoon/advancedrocketrycommunity/machine/pump/PumpBlock.java",

        "src/main/java/io/github/sunthemoon/advancedrocketrycommunity/machine/pump/PumpBlockEntity.java"

      ],

      "cwd": "D:\\GitHub\\AdvancedRocketry-Community",

      "started_utc": "2026-10-04T05:00:40.080688+00:00",

      "exit": 0,

      "log": "phase-commit01-13.log",

      "log_sha256": "e3b0c44298fc1c149afbf4c8996fb92427ae41e4649b934ca495991b7852b855"

    },

    {

      "command": [

        "git",

        "-c",

        "core.autocrlf=false",

        "add",

        "--",

        "src/main/java/io/github/sunthemoon/advancedrocketrycommunity/machine/pump/PumpBlockItem.java",

        "src/main/java/io/github/sunthemoon/advancedrocketrycommunity/machine/pump/PumpBudget.java",

        "src/main/java/io/github/sunthemoon/advancedrocketrycommunity/machine/pump/PumpCode.java",

        "src/main/java/io/github/sunthemoon/advancedrocketrycommunity/machine/pump/PumpContent.java",

        "src/main/java/io/github/sunthemoon/advancedrocketrycommunity/machine/pump/PumpDataFiles.java",

        "src/main/java/io/github/sunthemoon/advancedrocketrycommunity/machine/pump/PumpPorts.java",

        "src/main/java/io/github/sunthemoon/advancedrocketrycommunity/machine/pump/PumpProtection.java",

        "src/main/java/io/github/sunthemoon/advancedrocketrycommunity/machine/pump/PumpProtectionChecks.java",

        "src/main/java/io/github/sunthemoon/advancedrocketrycommunity/machine/pump/PumpReleaseTestCommands.java",

        "src/main/java/io/github/sunthemoon/advancedrocketrycommunity/machine/pump/PumpSave.java",

        "src/main/java/io/github/sunthemoon/advancedrocketrycommunity/machine/pump/PumpSearch.java",

        "src/main/java/io/github/sunthemoon/advancedrocketrycommunity/machine/pump/PumpSources.java",

        "src/main/java/io/github/sunthemoon/advancedrocketrycommunity/machine/recipe/BoundedItemIngredientCodec.java",

        "src/main/java/io/github/sunthemoon/advancedrocketrycommunity/machine/recipe/DeferredProcessDefinition.java",

        "src/main/java/io/github/sunthemoon/advancedrocketrycommunity/machine/recipe/LegacyKernelRecipeProof.java",

        "src/main/java/io/github/sunthemoon/advancedrocketrycommunity/machine/recipe/RecipeJsonSignature.java",

        "src/main/java/io/github/sunthemoon/advancedrocketrycommunity/machine/recipe/RecipeSignatureMigration.java",

        "src/main/java/io/github/sunthemoon/advancedrocketrycommunity/machine/recipe/RecipeSignatureProtected.java",

        "src/main/java/io/github/sunthemoon/advancedrocketrycommunity/machine/recipe/RecipeSignatureProtection.java",

        "src/main/java/io/github/sunthemoon/advancedrocketrycommunity/machine/recipe/RecipeSignatureReleaseTestCommands.java",

        "src/main/java/io/github/sunthemoon/advancedrocketrycommunity/machine/recipe/RecipeTagGeneration.java",

        "src/main/java/io/github/sunthemoon/advancedrocketrycommunity/machine/recipe/RetainedRecipePlan.java",

        "src/main/java/io/github/sunthemoon/advancedrocketrycommunity/machine/rolling/RollingMachineBindingAccess.java",

        "src/main/java/io/github/sunthemoon/advancedrocketrycommunity/machine/rolling/RollingMachineBlock.java",

        "src/main/java/io/github/sunthemoon/advancedrocketrycommunity/machine/rolling/RollingMachineBlockEntity.java",

        "src/main/java/io/github/sunthemoon/advancedrocketrycommunity/machine/rolling/RollingMachineCommands.java",

        "src/main/java/io/github/sunthemoon/advancedrocketrycommunity/machine/rolling/RollingMachineIds.java",

        "src/main/java/io/github/sunthemoon/advancedrocketrycommunity/machine/rolling/RollingMachineJournalPersistence.java",

        "src/main/java/io/github/sunthemoon/advancedrocketrycommunity/machine/rolling/RollingMachineManager.java",

        "src/main/java/io/github/sunthemoon/advancedrocketrycommunity/machine/rolling/RollingMachineMenu.java",

        "src/main/java/io/github/sunthemoon/advancedrocketrycommunity/machine/rolling/RollingMachineMenuData.java",

        "src/main/java/io/github/sunthemoon/advancedrocketrycommunity/machine/rolling/RollingMachineMenuItemHandler.java",

        "src/main/java/io/github/sunthemoon/advancedrocketrycommunity/machine/rolling/RollingMachineMenuWire.java",

        "src/main/java/io/github/sunthemoon/advancedrocketrycommunity/machine/rolling/RollingMachineNbtResult.java",

        "src/main/java/io/github/sunthemoon/advancedrocketrycommunity/machine/rolling/RollingMachinePatternRoles.java",

        "src/main/java/io/github/sunthemoon/advancedrocketrycommunity/machine/rolling/RollingMachinePortBlock.java",

        "src/main/java/io/github/sunthemoon/advancedrocketrycommunity/machine/rolling/RollingMachinePortBlockEntity.java",

        "src/main/java/io/github/sunthemoon/advancedrocketrycommunity/machine/rolling/RollingMachinePortPersistence.java",

        "src/main/java/io/github/sunthemoon/advancedrocketrycommunity/machine/rolling/RollingMachinePortSet.java",

        "src/main/java/io/github/sunthemoon/advancedrocketrycommunity/machine/rolling/RollingMachinePortStorage.java",

        "src/main/java/io/github/sunthemoon/advancedrocketrycommunity/machine/rolling/RollingMachinePortType.java",

        "src/main/java/io/github/sunthemoon/advancedrocketrycommunity/machine/rolling/RollingMachineProcessController.java",

        "src/main/java/io/github/sunthemoon/advancedrocketrycommunity/machine/rolling/RollingMachineProcessPersistence.java",

        "src/main/java/io/github/sunthemoon/advancedrocketrycommunity/machine/rolling/RollingMachineRecipe.java",

        "src/main/java/io/github/sunthemoon/advancedrocketrycommunity/machine/rolling/RollingMachineRecipeResolver.java",

        "src/main/java/io/github/sunthemoon/advancedrocketrycommunity/machine/rolling/RollingMachineResourceStore.java",

        "src/main/java/io/github/sunthemoon/advancedrocketrycommunity/machine/rolling/RollingMachineRuntime.java",

        "src/main/java/io/github/sunthemoon/advancedrocketrycommunity/machine/rolling/RollingMachineServerEvents.java",

        "src/main/java/io/github/sunthemoon/advancedrocketrycommunity/machine/rolling/RollingMachineTransforms.java",

        "src/main/java/io/github/sunthemoon/advancedrocketrycommunity/machine/tank/PressurizedTankBlock.java",

        "src/main/java/io/github/sunthemoon/advancedrocketrycommunity/machine/tank/PressurizedTankBlockEntity.java",

        "src/main/java/io/github/sunthemoon/advancedrocketrycommunity/machine/tank/PressurizedTankItem.java",

        "src/main/java/io/github/sunthemoon/advancedrocketrycommunity/machine/tank/TankCapacity.java",

        "src/main/java/io/github/sunthemoon/advancedrocketrycommunity/machine/tank/TankContainerExchange.java",

        "src/main/java/io/github/sunthemoon/advancedrocketrycommunity/machine/tank/TankDataFiles.java",

        "src/main/java/io/github/sunthemoon/advancedrocketrycommunity/machine/tank/TankFluidPort.java",

        "src/main/java/io/github/sunthemoon/advancedrocketrycommunity/machine/tank/TankProtection.java",

        "src/main/java/io/github/sunthemoon/advancedrocketrycommunity/machine/tank/TankReleaseTestCommands.java",

        "src/main/java/io/github/sunthemoon/advancedrocketrycommunity/machine/tank/TankSave.java",

        "src/main/java/io/github/sunthemoon/advancedrocketrycommunity/machine/tank/TankTransferQueue.java",

        "src/main/java/io/github/sunthemoon/advancedrocketrycommunity/machine/tank/TankTransfers.java",

        "src/main/java/io/github/sunthemoon/advancedrocketrycommunity/material/MaterialCatalog.java",

        "src/main/java/io/github/sunthemoon/advancedrocketrycommunity/material/MaterialContent.java",

        "src/main/java/io/github/sunthemoon/advancedrocketrycommunity/material/MaterialTags.java",

        "src/main/java/io/github/sunthemoon/advancedrocketrycommunity/material/press/SmallPlatePressBlock.java",

        "src/main/java/io/github/sunthemoon/advancedrocketrycommunity/material/press/SmallPlatePressRecipe.java",

        "src/main/java/io/github/sunthemoon/advancedrocketrycommunity/material/worldgen/OverworldOres.java",

        "src/main/java/io/github/sunthemoon/advancedrocketrycommunity/material/worldgen/SwitchPlacement.java",

        "src/main/java/io/github/sunthemoon/advancedrocketrycommunity/persistence/BoundedNbt.java",

        "src/main/java/io/github/sunthemoon/advancedrocketrycommunity/persistence/ChunkSaveDenials.java",

        "src/main/java/io/github/sunthemoon/advancedrocketrycommunity/persistence/GuardedChunkSaves.java",

        "src/main/java/io/github/sunthemoon/advancedrocketrycommunity/persistence/migration/AtomicSavedData.java",

        "src/main/java/io/github/sunthemoon/advancedrocketrycommunity/persistence/migration/BetaDataCommands.java",

        "src/main/java/io/github/sunthemoon/advancedrocketrycommunity/persistence/migration/BetaWorldMigrationEvents.java",

        "src/main/java/io/github/sunthemoon/advancedrocketrycommunity/persistence/migration/BoundedSavedDataIo.java",

        "src/main/java/io/github/sunthemoon/advancedrocketrycommunity/persistence/migration/CheckedSavedDataFile.java",

        "src/main/java/io/github/sunthemoon/advancedrocketrycommunity/persistence/migration/ManagedSavedDataPayloadValidator.java",

        "src/main/java/io/github/sunthemoon/advancedrocketrycommunity/persistence/migration/ManagedSavedDataType.java",

        "src/main/java/io/github/sunthemoon/advancedrocketrycommunity/persistence/migration/MigrationDiagnosticId.java",

        "src/main/java/io/github/sunthemoon/advancedrocketrycommunity/persistence/migration/SavedDataMigrationException.java"

      ],

      "cwd": "D:\\GitHub\\AdvancedRocketry-Community",

      "started_utc": "2026-10-04T05:00:40.203713+00:00",

      "exit": 0,

      "log": "phase-commit01-14.log",

      "log_sha256": "e3b0c44298fc1c149afbf4c8996fb92427ae41e4649b934ca495991b7852b855"

    },

    {

      "command": [

        "git",

        "-c",

        "core.autocrlf=false",

        "add",

        "--",

        "src/main/java/io/github/sunthemoon/advancedrocketrycommunity/persistence/migration/SavedDataSchemaMigrator.java",

        "src/main/java/io/github/sunthemoon/advancedrocketrycommunity/persistence/migration/WorldDataMigrationService.java",

        "src/main/java/io/github/sunthemoon/advancedrocketrycommunity/progression/ResearchAccount.java",

        "src/main/java/io/github/sunthemoon/advancedrocketrycommunity/registry/ModBlockEntities.java",

        "src/main/java/io/github/sunthemoon/advancedrocketrycommunity/registry/ModBlockTags.java",

        "src/main/java/io/github/sunthemoon/advancedrocketrycommunity/registry/ModBlocks.java",

        "src/main/java/io/github/sunthemoon/advancedrocketrycommunity/registry/ModCreativeTabs.java",

        "src/main/java/io/github/sunthemoon/advancedrocketrycommunity/registry/ModDamageTypes.java",

        "src/main/java/io/github/sunthemoon/advancedrocketrycommunity/registry/ModEntities.java",

        "src/main/java/io/github/sunthemoon/advancedrocketrycommunity/registry/ModItemTags.java",

        "src/main/java/io/github/sunthemoon/advancedrocketrycommunity/registry/ModItems.java",

        "src/main/java/io/github/sunthemoon/advancedrocketrycommunity/registry/ModMenuTypes.java",

        "src/main/java/io/github/sunthemoon/advancedrocketrycommunity/registry/ModRecipes.java",

        "src/main/java/io/github/sunthemoon/advancedrocketrycommunity/registry/ModRegistries.java",

        "src/main/java/io/github/sunthemoon/advancedrocketrycommunity/registry/ModSounds.java",

        "src/main/java/io/github/sunthemoon/advancedrocketrycommunity/rocket/RocketLimits.java",

        "src/main/java/io/github/sunthemoon/advancedrocketrycommunity/rocket/assembler/RocketAssemblerBlock.java",

        "src/main/java/io/github/sunthemoon/advancedrocketrycommunity/rocket/assembler/RocketAssemblerBlockEntity.java",

        "src/main/java/io/github/sunthemoon/advancedrocketrycommunity/rocket/assembler/RocketAssemblerReport.java",

        "src/main/java/io/github/sunthemoon/advancedrocketrycommunity/rocket/command/RocketCommands.java",

        "src/main/java/io/github/sunthemoon/advancedrocketrycommunity/rocket/command/RocketDisassemblyCommands.java",

        "src/main/java/io/github/sunthemoon/advancedrocketrycommunity/rocket/entity/RocketEntity.java",

        "src/main/java/io/github/sunthemoon/advancedrocketrycommunity/rocket/flight/RocketDestination.java",

        "src/main/java/io/github/sunthemoon/advancedrocketrycommunity/rocket/flight/RocketFlightAction.java",

        "src/main/java/io/github/sunthemoon/advancedrocketrycommunity/rocket/flight/RocketFlightData.java",

        "src/main/java/io/github/sunthemoon/advancedrocketrycommunity/rocket/flight/RocketFlightDecodeResult.java",

        "src/main/java/io/github/sunthemoon/advancedrocketrycommunity/rocket/flight/RocketFlightEvent.java",

        "src/main/java/io/github/sunthemoon/advancedrocketrycommunity/rocket/flight/RocketFlightLimits.java",

        "src/main/java/io/github/sunthemoon/advancedrocketrycommunity/rocket/flight/RocketFlightPlan.java",

        "src/main/java/io/github/sunthemoon/advancedrocketrycommunity/rocket/flight/RocketFlightPlanCode.java",

        "src/main/java/io/github/sunthemoon/advancedrocketrycommunity/rocket/flight/RocketFlightPlanResult.java",

        "src/main/java/io/github/sunthemoon/advancedrocketrycommunity/rocket/flight/RocketFlightPlanner.java",

        "src/main/java/io/github/sunthemoon/advancedrocketrycommunity/rocket/flight/RocketFlightRequestCode.java",

        "src/main/java/io/github/sunthemoon/advancedrocketrycommunity/rocket/flight/RocketFlightRequestResult.java",

        "src/main/java/io/github/sunthemoon/advancedrocketrycommunity/rocket/flight/RocketFlightState.java",

        "src/main/java/io/github/sunthemoon/advancedrocketrycommunity/rocket/flight/RocketFlightStateMachine.java",

        "src/main/java/io/github/sunthemoon/advancedrocketrycommunity/rocket/flight/RocketFlightTransition.java",

        "src/main/java/io/github/sunthemoon/advancedrocketrycommunity/rocket/flight/RocketFuelCode.java",

        "src/main/java/io/github/sunthemoon/advancedrocketrycommunity/rocket/flight/RocketFuelMutation.java",

        "src/main/java/io/github/sunthemoon/advancedrocketrycommunity/rocket/flight/RocketFuelState.java",

        "src/main/java/io/github/sunthemoon/advancedrocketrycommunity/rocket/flight/RocketPassengerManifest.java",

        "src/main/java/io/github/sunthemoon/advancedrocketrycommunity/rocket/flight/RocketPassengerPosition.java",

        "src/main/java/io/github/sunthemoon/advancedrocketrycommunity/rocket/flight/RocketPassengerReconnectQueue.java",

        "src/main/java/io/github/sunthemoon/advancedrocketrycommunity/rocket/flight/RocketPassengerSeat.java",

        "src/main/java/io/github/sunthemoon/advancedrocketrycommunity/rocket/flight/RocketTargetFlightPlanner.java",

        "src/main/java/io/github/sunthemoon/advancedrocketrycommunity/rocket/flight/RocketTransferAuthorityOrder.java",

        "src/main/java/io/github/sunthemoon/advancedrocketrycommunity/rocket/flight/RocketTransferChecksum.java",

        "src/main/java/io/github/sunthemoon/advancedrocketrycommunity/rocket/flight/RocketTransferInspection.java",

        "src/main/java/io/github/sunthemoon/advancedrocketrycommunity/rocket/flight/RocketTransferPhase.java",

        "src/main/java/io/github/sunthemoon/advancedrocketrycommunity/rocket/flight/RocketTransferPresence.java",

        "src/main/java/io/github/sunthemoon/advancedrocketrycommunity/rocket/flight/RocketTransferRecord.java",

        "src/main/java/io/github/sunthemoon/advancedrocketrycommunity/rocket/flight/RocketTransferRecoveryAction.java",

        "src/main/java/io/github/sunthemoon/advancedrocketrycommunity/rocket/flight/RocketTransferRecoveryDecision.java",

        "src/main/java/io/github/sunthemoon/advancedrocketrycommunity/rocket/flight/RocketTransferRecoveryReport.java",

        "src/main/java/io/github/sunthemoon/advancedrocketrycommunity/rocket/flight/RocketTravelProfile.java",

        "src/main/java/io/github/sunthemoon/advancedrocketrycommunity/rocket/flight/persistence/RocketFlightNbtCodec.java",

        "src/main/java/io/github/sunthemoon/advancedrocketrycommunity/rocket/flight/persistence/RocketTransferSavedData.java",

        "src/main/java/io/github/sunthemoon/advancedrocketrycommunity/rocket/forge/RocketBlockEntityAdapter.java",

        "src/main/java/io/github/sunthemoon/advancedrocketrycommunity/rocket/forge/RocketBlockEntityAdapters.java",

        "src/main/java/io/github/sunthemoon/advancedrocketrycommunity/rocket/forge/RocketBlockStateAdapter.java",

        "src/main/java/io/github/sunthemoon/advancedrocketrycommunity/rocket/forge/RocketForgeMetrics.java",

        "src/main/java/io/github/sunthemoon/advancedrocketrycommunity/rocket/forge/ServerLevelRocketScanWorld.java",

        "src/main/java/io/github/sunthemoon/advancedrocketrycommunity/rocket/forge/ServerLevelRocketTransactionWorld.java",

        "src/main/java/io/github/sunthemoon/advancedrocketrycommunity/rocket/forge/VanillaContainerRocketAdapter.java",

        "src/main/java/io/github/sunthemoon/advancedrocketrycommunity/rocket/fuel/FuelItemPayloads.java",

        "src/main/java/io/github/sunthemoon/advancedrocketrycommunity/rocket/fuel/FuelLoaderBlock.java",

        "src/main/java/io/github/sunthemoon/advancedrocketrycommunity/rocket/fuel/FuelLoaderBlockEntity.java",

        "src/main/java/io/github/sunthemoon/advancedrocketrycommunity/rocket/fuel/FuelLoaderData.java",

        "src/main/java/io/github/sunthemoon/advancedrocketrycommunity/rocket/fuel/FuelLoaderPersistence.java",

        "src/main/java/io/github/sunthemoon/advancedrocketrycommunity/rocket/fuel/FuelLoaderStatus.java",

        "src/main/java/io/github/sunthemoon/advancedrocketrycommunity/rocket/fuel/FuelLoaderStorage.java",

        "src/main/java/io/github/sunthemoon/advancedrocketrycommunity/rocket/fuel/FuelPayloadBounds.java",

        "src/main/java/io/github/sunthemoon/advancedrocketrycommunity/rocket/fuel/RocketFuelRuntime.java",

        "src/main/java/io/github/sunthemoon/advancedrocketrycommunity/rocket/menu/RocketCatalogSync.java",

        "src/main/java/io/github/sunthemoon/advancedrocketrycommunity/rocket/menu/RocketFlightMenu.java",

        "src/main/java/io/github/sunthemoon/advancedrocketrycommunity/rocket/menu/RocketFlightMenuData.java",

        "src/main/java/io/github/sunthemoon/advancedrocketrycommunity/rocket/menu/RocketFlightPlanSnapshot.java",

        "src/main/java/io/github/sunthemoon/advancedrocketrycommunity/rocket/menu/RocketFlightQuotes.java",

        "src/main/java/io/github/sunthemoon/advancedrocketrycommunity/rocket/menu/RocketFlightSelection.java",

        "src/main/java/io/github/sunthemoon/advancedrocketrycommunity/rocket/menu/RocketNavigation.java"

      ],

      "cwd": "D:\\GitHub\\AdvancedRocketry-Community",

      "started_utc": "2026-10-04T05:00:40.414917+00:00",

      "exit": 0,

      "log": "phase-commit01-15.log",

      "log_sha256": "e3b0c44298fc1c149afbf4c8996fb92427ae41e4649b934ca495991b7852b855"

    },

    {

      "command": [

        "git",

        "-c",

        "core.autocrlf=false",

        "add",

        "--",

        "src/main/java/io/github/sunthemoon/advancedrocketrycommunity/rocket/menu/RocketNavigationStatus.java",

        "src/main/java/io/github/sunthemoon/advancedrocketrycommunity/rocket/model/RocketBlock.java",

        "src/main/java/io/github/sunthemoon/advancedrocketrycommunity/rocket/model/RocketBlockEntityPayload.java",

        "src/main/java/io/github/sunthemoon/advancedrocketrycommunity/rocket/model/RocketBlockState.java",

        "src/main/java/io/github/sunthemoon/advancedrocketrycommunity/rocket/model/RocketBounds.java",

        "src/main/java/io/github/sunthemoon/advancedrocketrycommunity/rocket/model/RocketNbtSize.java",

        "src/main/java/io/github/sunthemoon/advancedrocketrycommunity/rocket/model/RocketPosition.java",

        "src/main/java/io/github/sunthemoon/advancedrocketrycommunity/rocket/model/RocketSnapshotException.java",

        "src/main/java/io/github/sunthemoon/advancedrocketrycommunity/rocket/model/RocketSnapshotHasher.java",

        "src/main/java/io/github/sunthemoon/advancedrocketrycommunity/rocket/model/RocketStructureSnapshot.java",

        "src/main/java/io/github/sunthemoon/advancedrocketrycommunity/rocket/network/RocketFlightIntentPacket.java",

        "src/main/java/io/github/sunthemoon/advancedrocketrycommunity/rocket/network/RocketFlightNetwork.java",

        "src/main/java/io/github/sunthemoon/advancedrocketrycommunity/rocket/network/RocketFlightPlanPacket.java",

        "src/main/java/io/github/sunthemoon/advancedrocketrycommunity/rocket/network/RocketVisualBlock.java",

        "src/main/java/io/github/sunthemoon/advancedrocketrycommunity/rocket/network/RocketVisualChunkPacket.java",

        "src/main/java/io/github/sunthemoon/advancedrocketrycommunity/rocket/network/RocketVisualChunker.java",

        "src/main/java/io/github/sunthemoon/advancedrocketrycommunity/rocket/network/RocketVisualClientCache.java",

        "src/main/java/io/github/sunthemoon/advancedrocketrycommunity/rocket/network/RocketVisualNetwork.java",

        "src/main/java/io/github/sunthemoon/advancedrocketrycommunity/rocket/network/RocketVisualSnapshot.java",

        "src/main/java/io/github/sunthemoon/advancedrocketrycommunity/rocket/network/RocketVisualSnapshotCodec.java",

        "src/main/java/io/github/sunthemoon/advancedrocketrycommunity/rocket/network/RocketVisualSynchronizer.java",

        "src/main/java/io/github/sunthemoon/advancedrocketrycommunity/rocket/persistence/RocketPersistedTransaction.java",

        "src/main/java/io/github/sunthemoon/advancedrocketrycommunity/rocket/persistence/RocketSnapshotDecodeResult.java",

        "src/main/java/io/github/sunthemoon/advancedrocketrycommunity/rocket/persistence/RocketSnapshotNbtCodec.java",

        "src/main/java/io/github/sunthemoon/advancedrocketrycommunity/rocket/persistence/RocketTransactionSavedData.java",

        "src/main/java/io/github/sunthemoon/advancedrocketrycommunity/rocket/scan/RocketScanObservation.java",

        "src/main/java/io/github/sunthemoon/advancedrocketrycommunity/rocket/scan/RocketScanResult.java",

        "src/main/java/io/github/sunthemoon/advancedrocketrycommunity/rocket/scan/RocketScanWorld.java",

        "src/main/java/io/github/sunthemoon/advancedrocketrycommunity/rocket/scan/RocketStructureScanTask.java",

        "src/main/java/io/github/sunthemoon/advancedrocketrycommunity/rocket/server/PlanetaryFlightAdmission.java",

        "src/main/java/io/github/sunthemoon/advancedrocketrycommunity/rocket/server/RocketAssemblerScanService.java",

        "src/main/java/io/github/sunthemoon/advancedrocketrycommunity/rocket/server/RocketCatalogRefreshLimiter.java",

        "src/main/java/io/github/sunthemoon/advancedrocketrycommunity/rocket/server/RocketDisassemblyConfirmations.java",

        "src/main/java/io/github/sunthemoon/advancedrocketrycommunity/rocket/server/RocketDisassemblyService.java",

        "src/main/java/io/github/sunthemoon/advancedrocketrycommunity/rocket/server/RocketFlightFeedback.java",

        "src/main/java/io/github/sunthemoon/advancedrocketrycommunity/rocket/server/RocketFlightLifecycleController.java",

        "src/main/java/io/github/sunthemoon/advancedrocketrycommunity/rocket/server/RocketFlightReleaseCheckpoint.java",

        "src/main/java/io/github/sunthemoon/advancedrocketrycommunity/rocket/server/RocketFlightService.java",

        "src/main/java/io/github/sunthemoon/advancedrocketrycommunity/rocket/server/RocketIntentRateLimiter.java",

        "src/main/java/io/github/sunthemoon/advancedrocketrycommunity/rocket/server/RocketInteraction.java",

        "src/main/java/io/github/sunthemoon/advancedrocketrycommunity/rocket/server/RocketManager.java",

        "src/main/java/io/github/sunthemoon/advancedrocketrycommunity/rocket/server/RocketNavigationService.java",

        "src/main/java/io/github/sunthemoon/advancedrocketrycommunity/rocket/server/RocketOperationService.java",

        "src/main/java/io/github/sunthemoon/advancedrocketrycommunity/rocket/server/RocketRuntime.java",

        "src/main/java/io/github/sunthemoon/advancedrocketrycommunity/rocket/server/RocketStationMotionRule.java",

        "src/main/java/io/github/sunthemoon/advancedrocketrycommunity/rocket/server/RocketTargetContextService.java",

        "src/main/java/io/github/sunthemoon/advancedrocketrycommunity/rocket/server/RocketTransactionExecutor.java",

        "src/main/java/io/github/sunthemoon/advancedrocketrycommunity/rocket/server/RocketTransactionRecoveryService.java",

        "src/main/java/io/github/sunthemoon/advancedrocketrycommunity/rocket/server/RocketTransactionReleaseProbe.java",

        "src/main/java/io/github/sunthemoon/advancedrocketrycommunity/rocket/server/RocketTransferEntities.java",

        "src/main/java/io/github/sunthemoon/advancedrocketrycommunity/rocket/server/RocketTransferRecoveryService.java",

        "src/main/java/io/github/sunthemoon/advancedrocketrycommunity/rocket/server/RocketTransferReturnReason.java",

        "src/main/java/io/github/sunthemoon/advancedrocketrycommunity/rocket/server/RocketTransferService.java",

        "src/main/java/io/github/sunthemoon/advancedrocketrycommunity/rocket/stats/RocketBlockMetrics.java",

        "src/main/java/io/github/sunthemoon/advancedrocketrycommunity/rocket/stats/RocketStats.java",

        "src/main/java/io/github/sunthemoon/advancedrocketrycommunity/rocket/stats/RocketStatsCalculator.java",

        "src/main/java/io/github/sunthemoon/advancedrocketrycommunity/rocket/testing/RocketTransactionCheckpoint.java",

        "src/main/java/io/github/sunthemoon/advancedrocketrycommunity/rocket/testing/RocketTransactionFaultProbe.java",

        "src/main/java/io/github/sunthemoon/advancedrocketrycommunity/rocket/transaction/RocketAssemblyTransaction.java",

        "src/main/java/io/github/sunthemoon/advancedrocketrycommunity/rocket/transaction/RocketDisassemblyTransaction.java",

        "src/main/java/io/github/sunthemoon/advancedrocketrycommunity/rocket/transaction/RocketFailureInjector.java",

        "src/main/java/io/github/sunthemoon/advancedrocketrycommunity/rocket/transaction/RocketFailurePoint.java",

        "src/main/java/io/github/sunthemoon/advancedrocketrycommunity/rocket/transaction/RocketOperationLedger.java",

        "src/main/java/io/github/sunthemoon/advancedrocketrycommunity/rocket/transaction/RocketRecoveryDecision.java",

        "src/main/java/io/github/sunthemoon/advancedrocketrycommunity/rocket/transaction/RocketRegion.java",

        "src/main/java/io/github/sunthemoon/advancedrocketrycommunity/rocket/transaction/RocketRegionLockManager.java",

        "src/main/java/io/github/sunthemoon/advancedrocketrycommunity/rocket/transaction/RocketTransactionAbortException.java",

        "src/main/java/io/github/sunthemoon/advancedrocketrycommunity/rocket/transaction/RocketTransactionJournal.java",

        "src/main/java/io/github/sunthemoon/advancedrocketrycommunity/rocket/transaction/RocketTransactionPhase.java",

        "src/main/java/io/github/sunthemoon/advancedrocketrycommunity/rocket/transaction/RocketTransactionRecord.java",

        "src/main/java/io/github/sunthemoon/advancedrocketrycommunity/rocket/transaction/RocketTransactionResult.java",

        "src/main/java/io/github/sunthemoon/advancedrocketrycommunity/rocket/transaction/RocketTransactionType.java",

        "src/main/java/io/github/sunthemoon/advancedrocketrycommunity/rocket/transaction/RocketTransactionWorld.java",

        "src/main/java/io/github/sunthemoon/advancedrocketrycommunity/rocket/transaction/RocketWorldBlock.java",

        "src/main/java/io/github/sunthemoon/advancedrocketrycommunity/rocket/transfer/RocketLandingPadSelection.java",

        "src/main/java/io/github/sunthemoon/advancedrocketrycommunity/rocket/transfer/RocketLandingPadSelector.java",

        "src/main/java/io/github/sunthemoon/advancedrocketrycommunity/rocket/validation/RocketStatsValidator.java",

        "src/main/java/io/github/sunthemoon/advancedrocketrycommunity/rocket/validation/RocketValidationCode.java",

        "src/main/java/io/github/sunthemoon/advancedrocketrycommunity/rocket/validation/RocketValidationIssue.java",

        "src/main/java/io/github/sunthemoon/advancedrocketrycommunity/rocket/validation/RocketValidationResult.java"

      ],

      "cwd": "D:\\GitHub\\AdvancedRocketry-Community",

      "started_utc": "2026-10-04T05:00:40.522333+00:00",

      "exit": 0,

      "log": "phase-commit01-16.log",

      "log_sha256": "e3b0c44298fc1c149afbf4c8996fb92427ae41e4649b934ca495991b7852b855"

    },

    {

      "command": [

        "git",

        "-c",

        "core.autocrlf=false",

        "add",

        "--",

        "src/main/java/io/github/sunthemoon/advancedrocketrycommunity/satellite/SatelliteIds.java",

        "src/main/java/io/github/sunthemoon/advancedrocketrycommunity/satellite/builder/SatelliteBuilderBlock.java",

        "src/main/java/io/github/sunthemoon/advancedrocketrycommunity/satellite/builder/SatelliteBuilderBlockEntity.java",

        "src/main/java/io/github/sunthemoon/advancedrocketrycommunity/satellite/builder/SatelliteBuilderInventory.java",

        "src/main/java/io/github/sunthemoon/advancedrocketrycommunity/satellite/builder/SatelliteBuilderMenu.java",

        "src/main/java/io/github/sunthemoon/advancedrocketrycommunity/satellite/command/ReleaseTestCommands.java",

        "src/main/java/io/github/sunthemoon/advancedrocketrycommunity/satellite/command/ResourceMissionCommands.java",

        "src/main/java/io/github/sunthemoon/advancedrocketrycommunity/satellite/command/SatelliteCommands.java",

        "src/main/java/io/github/sunthemoon/advancedrocketrycommunity/satellite/component/SatelliteBlueprints.java",

        "src/main/java/io/github/sunthemoon/advancedrocketrycommunity/satellite/component/SatelliteComponentCatalog.java",

        "src/main/java/io/github/sunthemoon/advancedrocketrycommunity/satellite/component/SatelliteComponentDefinition.java",

        "src/main/java/io/github/sunthemoon/advancedrocketrycommunity/satellite/component/SatelliteComponentRole.java",

        "src/main/java/io/github/sunthemoon/advancedrocketrycommunity/satellite/content/DataSatellitePackageItem.java",

        "src/main/java/io/github/sunthemoon/advancedrocketrycommunity/satellite/content/SatelliteControlChipItem.java",

        "src/main/java/io/github/sunthemoon/advancedrocketrycommunity/satellite/content/SatelliteIdentity.java",

        "src/main/java/io/github/sunthemoon/advancedrocketrycommunity/satellite/content/SatelliteItemData.java",

        "src/main/java/io/github/sunthemoon/advancedrocketrycommunity/satellite/mission/AccountRecovery.java",

        "src/main/java/io/github/sunthemoon/advancedrocketrycommunity/satellite/mission/AsteroidInstance.java",

        "src/main/java/io/github/sunthemoon/advancedrocketrycommunity/satellite/mission/DeliveryReconciliation.java",

        "src/main/java/io/github/sunthemoon/advancedrocketrycommunity/satellite/mission/InstanceLedger.java",

        "src/main/java/io/github/sunthemoon/advancedrocketrycommunity/satellite/mission/InstanceState.java",

        "src/main/java/io/github/sunthemoon/advancedrocketrycommunity/satellite/mission/MissionDeadlineScheduler.java",

        "src/main/java/io/github/sunthemoon/advancedrocketrycommunity/satellite/mission/MissionKind.java",

        "src/main/java/io/github/sunthemoon/advancedrocketrycommunity/satellite/mission/MissionPayload.java",

        "src/main/java/io/github/sunthemoon/advancedrocketrycommunity/satellite/mission/MissionQuarantine.java",

        "src/main/java/io/github/sunthemoon/advancedrocketrycommunity/satellite/mission/MissionRetention.java",

        "src/main/java/io/github/sunthemoon/advancedrocketrycommunity/satellite/mission/MissionState.java",

        "src/main/java/io/github/sunthemoon/advancedrocketrycommunity/satellite/mission/MissionStatus.java",

        "src/main/java/io/github/sunthemoon/advancedrocketrycommunity/satellite/mission/MonotonicMissionClock.java",

        "src/main/java/io/github/sunthemoon/advancedrocketrycommunity/satellite/mission/OperatorRecovery.java",

        "src/main/java/io/github/sunthemoon/advancedrocketrycommunity/satellite/mission/ReceiverLinkIndex.java",

        "src/main/java/io/github/sunthemoon/advancedrocketrycommunity/satellite/mission/RecordSizer.java",

        "src/main/java/io/github/sunthemoon/advancedrocketrycommunity/satellite/mission/RegistryInvariants.java",

        "src/main/java/io/github/sunthemoon/advancedrocketrycommunity/satellite/mission/RegistryLimits.java",

        "src/main/java/io/github/sunthemoon/advancedrocketrycommunity/satellite/mission/ResourceMissions.java",

        "src/main/java/io/github/sunthemoon/advancedrocketrycommunity/satellite/mission/RestoreReport.java",

        "src/main/java/io/github/sunthemoon/advancedrocketrycommunity/satellite/mission/RewardEntry.java",

        "src/main/java/io/github/sunthemoon/advancedrocketrycommunity/satellite/mission/SatelliteDefinitionSnapshot.java",

        "src/main/java/io/github/sunthemoon/advancedrocketrycommunity/satellite/mission/SatelliteMissionRegistry.java",

        "src/main/java/io/github/sunthemoon/advancedrocketrycommunity/satellite/mission/SatelliteOperationCode.java",

        "src/main/java/io/github/sunthemoon/advancedrocketrycommunity/satellite/mission/SatelliteOperationResult.java",

        "src/main/java/io/github/sunthemoon/advancedrocketrycommunity/satellite/mission/SchedulerPass.java",

        "src/main/java/io/github/sunthemoon/advancedrocketrycommunity/satellite/mission/StorageBudget.java",

        "src/main/java/io/github/sunthemoon/advancedrocketrycommunity/satellite/mission/TerminalIndex.java",

        "src/main/java/io/github/sunthemoon/advancedrocketrycommunity/satellite/model/SatelliteBlueprint.java",

        "src/main/java/io/github/sunthemoon/advancedrocketrycommunity/satellite/model/SatelliteDefinition.java",

        "src/main/java/io/github/sunthemoon/advancedrocketrycommunity/satellite/model/SatelliteKind.java",

        "src/main/java/io/github/sunthemoon/advancedrocketrycommunity/satellite/model/SatelliteKindDefinition.java",

        "src/main/java/io/github/sunthemoon/advancedrocketrycommunity/satellite/model/SatelliteKindState.java",

        "src/main/java/io/github/sunthemoon/advancedrocketrycommunity/satellite/model/SatelliteLimits.java",

        "src/main/java/io/github/sunthemoon/advancedrocketrycommunity/satellite/model/SatelliteState.java",

        "src/main/java/io/github/sunthemoon/advancedrocketrycommunity/satellite/model/SatelliteStats.java",

        "src/main/java/io/github/sunthemoon/advancedrocketrycommunity/satellite/model/SatelliteStatus.java",

        "src/main/java/io/github/sunthemoon/advancedrocketrycommunity/satellite/network/SatelliteNetwork.java",

        "src/main/java/io/github/sunthemoon/advancedrocketrycommunity/satellite/network/SatelliteTerminalViewCache.java",

        "src/main/java/io/github/sunthemoon/advancedrocketrycommunity/satellite/network/SatelliteTerminalViewPacket.java",

        "src/main/java/io/github/sunthemoon/advancedrocketrycommunity/satellite/network/SurveyScanResultCache.java",

        "src/main/java/io/github/sunthemoon/advancedrocketrycommunity/satellite/network/SurveyScanResultPacket.java",

        "src/main/java/io/github/sunthemoon/advancedrocketrycommunity/satellite/persistence/CodecRecordSizer.java",

        "src/main/java/io/github/sunthemoon/advancedrocketrycommunity/satellite/persistence/SatelliteMissionSavedData.java",

        "src/main/java/io/github/sunthemoon/advancedrocketrycommunity/satellite/persistence/SatelliteNbtCodec.java",

        "src/main/java/io/github/sunthemoon/advancedrocketrycommunity/satellite/persistence/SatelliteNbtSize.java",

        "src/main/java/io/github/sunthemoon/advancedrocketrycommunity/satellite/persistence/SatelliteRecordFit.java",

        "src/main/java/io/github/sunthemoon/advancedrocketrycommunity/satellite/persistence/SatelliteRegistryPayload.java",

        "src/main/java/io/github/sunthemoon/advancedrocketrycommunity/satellite/receiver/MicrowaveReceiverBlock.java",

        "src/main/java/io/github/sunthemoon/advancedrocketrycommunity/satellite/receiver/MicrowaveReceiverBlockEntity.java",

        "src/main/java/io/github/sunthemoon/advancedrocketrycommunity/satellite/receiver/MicrowaveReceiverInventory.java",

        "src/main/java/io/github/sunthemoon/advancedrocketrycommunity/satellite/receiver/MicrowaveReceiverMenu.java",

        "src/main/java/io/github/sunthemoon/advancedrocketrycommunity/satellite/resource/AsteroidType.java",

        "src/main/java/io/github/sunthemoon/advancedrocketrycommunity/satellite/resource/GasTable.java",

        "src/main/java/io/github/sunthemoon/advancedrocketrycommunity/satellite/resource/MissionSeeds.java",

        "src/main/java/io/github/sunthemoon/advancedrocketrycommunity/satellite/resource/ResourceAlgorithms.java",

        "src/main/java/io/github/sunthemoon/advancedrocketrycommunity/satellite/resource/ResourceTableCodec.java",

        "src/main/java/io/github/sunthemoon/advancedrocketrycommunity/satellite/resource/ResourceTableReloadListener.java",

        "src/main/java/io/github/sunthemoon/advancedrocketrycommunity/satellite/resource/ResourceTables.java",

        "src/main/java/io/github/sunthemoon/advancedrocketrycommunity/satellite/resource/RewardVerifier.java",

        "src/main/java/io/github/sunthemoon/advancedrocketrycommunity/satellite/resource/SplitMix64.java",

        "src/main/java/io/github/sunthemoon/advancedrocketrycommunity/satellite/scan/LevelScanSource.java",

        "src/main/java/io/github/sunthemoon/advancedrocketrycommunity/satellite/scan/ScanColumnSource.java",

        "src/main/java/io/github/sunthemoon/advancedrocketrycommunity/satellite/scan/ScanSettings.java"

      ],

      "cwd": "D:\\GitHub\\AdvancedRocketry-Community",

      "started_utc": "2026-10-04T05:00:40.606605+00:00",

      "exit": 0,

      "log": "phase-commit01-17.log",

      "log_sha256": "e3b0c44298fc1c149afbf4c8996fb92427ae41e4649b934ca495991b7852b855"

    },

    {

      "command": [

        "git",

        "-c",

        "core.autocrlf=false",

        "add",

        "--",

        "src/main/java/io/github/sunthemoon/advancedrocketrycommunity/satellite/scan/SurveyScanJob.java",

        "src/main/java/io/github/sunthemoon/advancedrocketrycommunity/satellite/scan/SurveyScanResult.java",

        "src/main/java/io/github/sunthemoon/advancedrocketrycommunity/satellite/scan/SurveyScanService.java",

        "src/main/java/io/github/sunthemoon/advancedrocketrycommunity/satellite/service/DeliveryAudit.java",

        "src/main/java/io/github/sunthemoon/advancedrocketrycommunity/satellite/service/DeliveryEndpoint.java",

        "src/main/java/io/github/sunthemoon/advancedrocketrycommunity/satellite/service/DeliveryTerminal.java",

        "src/main/java/io/github/sunthemoon/advancedrocketrycommunity/satellite/service/DiscoveryClaimRecovery.java",

        "src/main/java/io/github/sunthemoon/advancedrocketrycommunity/satellite/service/DiscoveryRecoveryGameTests.java",

        "src/main/java/io/github/sunthemoon/advancedrocketrycommunity/satellite/service/DiscoveryReplayQueue.java",

        "src/main/java/io/github/sunthemoon/advancedrocketrycommunity/satellite/service/IntentRateLimiter.java",

        "src/main/java/io/github/sunthemoon/advancedrocketrycommunity/satellite/service/ReceiverDirectory.java",

        "src/main/java/io/github/sunthemoon/advancedrocketrycommunity/satellite/service/ResourceMissionRuntime.java",

        "src/main/java/io/github/sunthemoon/advancedrocketrycommunity/satellite/service/ResourceMissionService.java",

        "src/main/java/io/github/sunthemoon/advancedrocketrycommunity/satellite/service/SatelliteCatalog.java",

        "src/main/java/io/github/sunthemoon/advancedrocketrycommunity/satellite/service/SatelliteCatalogDecoder.java",

        "src/main/java/io/github/sunthemoon/advancedrocketrycommunity/satellite/service/SatelliteCatalogManager.java",

        "src/main/java/io/github/sunthemoon/advancedrocketrycommunity/satellite/service/SatelliteComponentReloadListener.java",

        "src/main/java/io/github/sunthemoon/advancedrocketrycommunity/satellite/service/SatelliteDefinitionReloadListener.java",

        "src/main/java/io/github/sunthemoon/advancedrocketrycommunity/satellite/service/SatelliteKindLifecycle.java",

        "src/main/java/io/github/sunthemoon/advancedrocketrycommunity/satellite/service/SatelliteManager.java",

        "src/main/java/io/github/sunthemoon/advancedrocketrycommunity/satellite/service/SatellitePayloadRuntime.java",

        "src/main/java/io/github/sunthemoon/advancedrocketrycommunity/satellite/service/SatelliteRuntime.java",

        "src/main/java/io/github/sunthemoon/advancedrocketrycommunity/satellite/service/SolarLinks.java",

        "src/main/java/io/github/sunthemoon/advancedrocketrycommunity/satellite/service/TerminalDirectory.java",

        "src/main/java/io/github/sunthemoon/advancedrocketrycommunity/satellite/service/TerminalObservations.java",

        "src/main/java/io/github/sunthemoon/advancedrocketrycommunity/satellite/terminal/SatelliteTerminalBlock.java",

        "src/main/java/io/github/sunthemoon/advancedrocketrycommunity/satellite/terminal/SatelliteTerminalBlockEntity.java",

        "src/main/java/io/github/sunthemoon/advancedrocketrycommunity/satellite/terminal/SatelliteTerminalInventory.java",

        "src/main/java/io/github/sunthemoon/advancedrocketrycommunity/satellite/terminal/SatelliteTerminalMenu.java",

        "src/main/java/io/github/sunthemoon/advancedrocketrycommunity/satellite/terminal/SatelliteTerminalMenuData.java",

        "src/main/java/io/github/sunthemoon/advancedrocketrycommunity/satellite/terminal/SatelliteTerminalTargets.java",

        "src/main/java/io/github/sunthemoon/advancedrocketrycommunity/satellite/terminal/SatelliteTerminalViews.java",

        "src/main/java/io/github/sunthemoon/advancedrocketrycommunity/satellite/terminal/TerminalChunkEvents.java",

        "src/main/java/io/github/sunthemoon/advancedrocketrycommunity/satellite/terminal/TerminalDelivery.java",

        "src/main/java/io/github/sunthemoon/advancedrocketrycommunity/satellite/terminal/TerminalResourceActions.java",

        "src/main/java/io/github/sunthemoon/advancedrocketrycommunity/server/ServerBootstrap.java",

        "src/main/java/io/github/sunthemoon/advancedrocketrycommunity/station/command/StationCommands.java",

        "src/main/java/io/github/sunthemoon/advancedrocketrycommunity/station/command/StationWarpCommands.java",

        "src/main/java/io/github/sunthemoon/advancedrocketrycommunity/station/content/StationDeploymentKitItem.java",

        "src/main/java/io/github/sunthemoon/advancedrocketrycommunity/station/elevator/ElevatorEndpointCode.java",

        "src/main/java/io/github/sunthemoon/advancedrocketrycommunity/station/elevator/ElevatorEndpointService.java",

        "src/main/java/io/github/sunthemoon/advancedrocketrycommunity/station/elevator/ElevatorEndpointValidator.java",

        "src/main/java/io/github/sunthemoon/advancedrocketrycommunity/station/elevator/ElevatorStationGuard.java",

        "src/main/java/io/github/sunthemoon/advancedrocketrycommunity/station/forge/StationPlatformGenerator.java",

        "src/main/java/io/github/sunthemoon/advancedrocketrycommunity/station/forge/StationPlatformResult.java",

        "src/main/java/io/github/sunthemoon/advancedrocketrycommunity/station/forge/WarpCoreBlock.java",

        "src/main/java/io/github/sunthemoon/advancedrocketrycommunity/station/forge/WarpCoreBlockEntity.java",

        "src/main/java/io/github/sunthemoon/advancedrocketrycommunity/station/model/StationDestinationSummary.java",

        "src/main/java/io/github/sunthemoon/advancedrocketrycommunity/station/model/StationEnvironmentProfile.java",

        "src/main/java/io/github/sunthemoon/advancedrocketrycommunity/station/model/StationGridCell.java",

        "src/main/java/io/github/sunthemoon/advancedrocketrycommunity/station/model/StationLimits.java",

        "src/main/java/io/github/sunthemoon/advancedrocketrycommunity/station/model/StationPosition.java",

        "src/main/java/io/github/sunthemoon/advancedrocketrycommunity/station/model/StationRegion.java",

        "src/main/java/io/github/sunthemoon/advancedrocketrycommunity/station/model/StationRegistryModel.java",

        "src/main/java/io/github/sunthemoon/advancedrocketrycommunity/station/model/StationReservation.java",

        "src/main/java/io/github/sunthemoon/advancedrocketrycommunity/station/model/StationState.java",

        "src/main/java/io/github/sunthemoon/advancedrocketrycommunity/station/orbit/StationOrbitEnvironment.java",

        "src/main/java/io/github/sunthemoon/advancedrocketrycommunity/station/orbit/StationOrbitEnvironmentResolver.java",

        "src/main/java/io/github/sunthemoon/advancedrocketrycommunity/station/orbit/StationRegionBodyContextResolver.java",

        "src/main/java/io/github/sunthemoon/advancedrocketrycommunity/station/orbit/StationSkyContextRuntime.java",

        "src/main/java/io/github/sunthemoon/advancedrocketrycommunity/station/orbit/StationSkyContextService.java",

        "src/main/java/io/github/sunthemoon/advancedrocketrycommunity/station/persistence/StationNbtCodec.java",

        "src/main/java/io/github/sunthemoon/advancedrocketrycommunity/station/persistence/StationNbtSize.java",

        "src/main/java/io/github/sunthemoon/advancedrocketrycommunity/station/persistence/StationRegistryPayload.java",

        "src/main/java/io/github/sunthemoon/advancedrocketrycommunity/station/persistence/StationRegistrySavedData.java",

        "src/main/java/io/github/sunthemoon/advancedrocketrycommunity/station/persistence/StationStorageBudget.java",

        "src/main/java/io/github/sunthemoon/advancedrocketrycommunity/station/service/StationAccessAction.java",

        "src/main/java/io/github/sunthemoon/advancedrocketrycommunity/station/service/StationAccessService.java",

        "src/main/java/io/github/sunthemoon/advancedrocketrycommunity/station/service/StationCreationCode.java",

        "src/main/java/io/github/sunthemoon/advancedrocketrycommunity/station/service/StationCreationResult.java",

        "src/main/java/io/github/sunthemoon/advancedrocketrycommunity/station/service/StationCreationService.java",

        "src/main/java/io/github/sunthemoon/advancedrocketrycommunity/station/service/StationExpansionConfirmations.java",

        "src/main/java/io/github/sunthemoon/advancedrocketrycommunity/station/service/StationExpansionService.java",

        "src/main/java/io/github/sunthemoon/advancedrocketrycommunity/station/service/StationGravityService.java",

        "src/main/java/io/github/sunthemoon/advancedrocketrycommunity/station/service/StationLocalActor.java",

        "src/main/java/io/github/sunthemoon/advancedrocketrycommunity/station/service/StationManagementCode.java",

        "src/main/java/io/github/sunthemoon/advancedrocketrycommunity/station/service/StationManagementResult.java",

        "src/main/java/io/github/sunthemoon/advancedrocketrycommunity/station/service/StationManager.java",

        "src/main/java/io/github/sunthemoon/advancedrocketrycommunity/station/service/StationOperationService.java",

        "src/main/java/io/github/sunthemoon/advancedrocketrycommunity/station/service/StationRuntime.java"

      ],

      "cwd": "D:\\GitHub\\AdvancedRocketry-Community",

      "started_utc": "2026-10-04T05:00:40.688819+00:00",

      "exit": 0,

      "log": "phase-commit01-18.log",

      "log_sha256": "e3b0c44298fc1c149afbf4c8996fb92427ae41e4649b934ca495991b7852b855"

    },

    {

      "command": [

        "git",

        "-c",

        "core.autocrlf=false",

        "add",

        "--",

        "src/main/java/io/github/sunthemoon/advancedrocketrycommunity/station/service/StationWriteBudget.java",

        "src/main/java/io/github/sunthemoon/advancedrocketrycommunity/station/service/StationWriteCooldown.java",

        "src/main/java/io/github/sunthemoon/advancedrocketrycommunity/station/warp/StationRocketAuthority.java",

        "src/main/java/io/github/sunthemoon/advancedrocketrycommunity/station/warp/StationWarpConfirmations.java",

        "src/main/java/io/github/sunthemoon/advancedrocketrycommunity/station/warp/StationWarpCountdowns.java",

        "src/main/java/io/github/sunthemoon/advancedrocketrycommunity/station/warp/StationWarpCredits.java",

        "src/main/java/io/github/sunthemoon/advancedrocketrycommunity/station/warp/StationWarpResult.java",

        "src/main/java/io/github/sunthemoon/advancedrocketrycommunity/station/warp/StationWarpRuntime.java",

        "src/main/java/io/github/sunthemoon/advancedrocketrycommunity/station/warp/StationWarpService.java",

        "src/main/java/io/github/sunthemoon/advancedrocketrycommunity/station/warp/WarpCostClass.java",

        "src/main/java/io/github/sunthemoon/advancedrocketrycommunity/station/warp/WarpQuote.java",

        "src/main/java/io/github/sunthemoon/advancedrocketrycommunity/station/warp/WarpSettings.java",

        "src/main/java/io/github/sunthemoon/advancedrocketrycommunity/travel/migration/LegacyFlightTargetMigrator.java",

        "src/main/java/io/github/sunthemoon/advancedrocketrycommunity/travel/migration/LegacyTravelTargetAdapter.java",

        "src/main/java/io/github/sunthemoon/advancedrocketrycommunity/travel/migration/TravelTargetMigrationCode.java",

        "src/main/java/io/github/sunthemoon/advancedrocketrycommunity/travel/migration/TravelTargetMigrationResult.java",

        "src/main/java/io/github/sunthemoon/advancedrocketrycommunity/travel/model/TravelTarget.java",

        "src/main/java/io/github/sunthemoon/advancedrocketrycommunity/travel/model/TravelTargetCodec.java",

        "src/main/java/io/github/sunthemoon/advancedrocketrycommunity/travel/network/TravelTargetWireCodec.java",

        "src/main/java/io/github/sunthemoon/advancedrocketrycommunity/travel/persistence/TravelTargetNbtCodec.java",

        "src/main/java/io/github/sunthemoon/advancedrocketrycommunity/travel/persistence/TravelTargetNbtSize.java",

        "src/main/java/io/github/sunthemoon/advancedrocketrycommunity/travel/route/model/ExactMapCodec.java",

        "src/main/java/io/github/sunthemoon/advancedrocketrycommunity/travel/route/model/RouteAnchor.java",

        "src/main/java/io/github/sunthemoon/advancedrocketrycommunity/travel/route/model/RouteCodecs.java",

        "src/main/java/io/github/sunthemoon/advancedrocketrycommunity/travel/route/model/RouteDefinition.java",

        "src/main/java/io/github/sunthemoon/advancedrocketrycommunity/travel/route/model/RouteLeg.java",

        "src/main/java/io/github/sunthemoon/advancedrocketrycommunity/travel/route/model/RouteLimits.java",

        "src/main/java/io/github/sunthemoon/advancedrocketrycommunity/travel/route/model/RoutePlan.java",

        "src/main/java/io/github/sunthemoon/advancedrocketrycommunity/travel/route/service/RouteCatalog.java",

        "src/main/java/io/github/sunthemoon/advancedrocketrycommunity/travel/route/service/RouteCatalogDecoder.java",

        "src/main/java/io/github/sunthemoon/advancedrocketrycommunity/travel/route/service/RoutePlanner.java",

        "src/main/java/io/github/sunthemoon/advancedrocketrycommunity/travel/route/service/TravelFuelFormula.java",

        "src/test/java/io/github/sunthemoon/advancedrocketrycommunity/ModIdentityTest.java",

        "src/test/java/io/github/sunthemoon/advancedrocketrycommunity/ModMetadataTest.java",

        "src/test/java/io/github/sunthemoon/advancedrocketrycommunity/api/environment/EnvironmentSnapshotTest.java",

        "src/test/java/io/github/sunthemoon/advancedrocketrycommunity/api/rocket/RocketComponentDefinitionTest.java",

        "src/test/java/io/github/sunthemoon/advancedrocketrycommunity/api/version/ApiArtifactTest.java",

        "src/test/java/io/github/sunthemoon/advancedrocketrycommunity/api/version/ApiVersionsTest.java",

        "src/test/java/io/github/sunthemoon/advancedrocketrycommunity/atmosphere/content/SpaceSuitOxygenTest.java",

        "src/test/java/io/github/sunthemoon/advancedrocketrycommunity/atmosphere/life/OxygenTransferTest.java",

        "src/test/java/io/github/sunthemoon/advancedrocketrycommunity/atmosphere/life/PlayerLifeSupportEngineTest.java",

        "src/test/java/io/github/sunthemoon/advancedrocketrycommunity/atmosphere/life/VentSupplyEngineTest.java",

        "src/test/java/io/github/sunthemoon/advancedrocketrycommunity/atmosphere/network/LifeSupportStatusPacketTest.java",

        "src/test/java/io/github/sunthemoon/advancedrocketrycommunity/atmosphere/scan/VolumeIdentityTest.java",

        "src/test/java/io/github/sunthemoon/advancedrocketrycommunity/atmosphere/scan/VolumeIndexTest.java",

        "src/test/java/io/github/sunthemoon/advancedrocketrycommunity/atmosphere/scan/VolumePositionTest.java",

        "src/test/java/io/github/sunthemoon/advancedrocketrycommunity/atmosphere/scan/VolumeScanCoordinatorTest.java",

        "src/test/java/io/github/sunthemoon/advancedrocketrycommunity/atmosphere/scan/VolumeScanTaskTest.java",

        "src/test/java/io/github/sunthemoon/advancedrocketrycommunity/atmosphere/vent/OxygenVentPersistenceTest.java",

        "src/test/java/io/github/sunthemoon/advancedrocketrycommunity/celestial/CelestialCatalogDecoderTest.java",

        "src/test/java/io/github/sunthemoon/advancedrocketrycommunity/celestial/CelestialCatalogTest.java",

        "src/test/java/io/github/sunthemoon/advancedrocketrycommunity/celestial/CelestialDefinitionCodecTest.java",

        "src/test/java/io/github/sunthemoon/advancedrocketrycommunity/celestial/CelestialSavedDataTest.java",

        "src/test/java/io/github/sunthemoon/advancedrocketrycommunity/celestial/CelestialSchemaV2Test.java",

        "src/test/java/io/github/sunthemoon/advancedrocketrycommunity/celestial/CelestialSnapshotTest.java",

        "src/test/java/io/github/sunthemoon/advancedrocketrycommunity/celestial/CelestialSnapshotV2Test.java",

        "src/test/java/io/github/sunthemoon/advancedrocketrycommunity/celestial/PlanetaryContentTest.java",

        "src/test/java/io/github/sunthemoon/advancedrocketrycommunity/celestial/PlanetaryDiscoveryTest.java",

        "src/test/java/io/github/sunthemoon/advancedrocketrycommunity/celestial/StarSystemContentTest.java",

        "src/test/java/io/github/sunthemoon/advancedrocketrycommunity/celestial/binding/PlanetaryBindingsTest.java",

        "src/test/java/io/github/sunthemoon/advancedrocketrycommunity/celestial/context/BodyContextResolverTest.java",

        "src/test/java/io/github/sunthemoon/advancedrocketrycommunity/celestial/data/BoundedDefinitionJsonTest.java",

        "src/test/java/io/github/sunthemoon/advancedrocketrycommunity/celestial/data/PlanetaryReloadTest.java",

        "src/test/java/io/github/sunthemoon/advancedrocketrycommunity/celestial/environment/EnvironmentalDefinitionTest.java",

        "src/test/java/io/github/sunthemoon/advancedrocketrycommunity/celestial/environment/EnvironmentalExposureTest.java",

        "src/test/java/io/github/sunthemoon/advancedrocketrycommunity/celestial/exoplanet/V180ExoplanetResourcesTest.java",

        "src/test/java/io/github/sunthemoon/advancedrocketrycommunity/celestial/exoplanet/worldgen/ExoplanetShapesTest.java",

        "src/test/java/io/github/sunthemoon/advancedrocketrycommunity/celestial/exoplanet/worldgen/LandingGroundTest.java",

        "src/test/java/io/github/sunthemoon/advancedrocketrycommunity/celestial/legacy/LegacyCelestialImporterTest.java",

        "src/test/java/io/github/sunthemoon/advancedrocketrycommunity/celestial/network/StationSkyContextPacketTest.java",

        "src/test/java/io/github/sunthemoon/advancedrocketrycommunity/celestial/service/CelestialGravityControllerTest.java",

        "src/test/java/io/github/sunthemoon/advancedrocketrycommunity/celestial/surface/V180PlanetResourcesTest.java",

        "src/test/java/io/github/sunthemoon/advancedrocketrycommunity/celestial/surface/worldgen/PatchBiomeSourceTestSupport.java",

        "src/test/java/io/github/sunthemoon/advancedrocketrycommunity/celestial/surface/worldgen/SurfaceShapesTest.java",

        "src/test/java/io/github/sunthemoon/advancedrocketrycommunity/celestial/visual/AmbientControllerTest.java",

        "src/test/java/io/github/sunthemoon/advancedrocketrycommunity/celestial/visual/OrbitalSkyTest.java",

        "src/test/java/io/github/sunthemoon/advancedrocketrycommunity/celestial/visual/SkyMathTest.java",

        "src/test/java/io/github/sunthemoon/advancedrocketrycommunity/celestial/visual/SkyProfileTest.java",

        "src/test/java/io/github/sunthemoon/advancedrocketrycommunity/celestial/visual/SkyResourcesTest.java",

        "src/test/java/io/github/sunthemoon/advancedrocketrycommunity/celestial/visual/SkySelectionTest.java"

      ],

      "cwd": "D:\\GitHub\\AdvancedRocketry-Community",

      "started_utc": "2026-10-04T05:00:40.772164+00:00",

      "exit": 0,

      "log": "phase-commit01-19.log",

      "log_sha256": "e3b0c44298fc1c149afbf4c8996fb92427ae41e4649b934ca495991b7852b855"

    },

    {

      "command": [

        "git",

        "-c",

        "core.autocrlf=false",

        "add",

        "--",

        "src/test/java/io/github/sunthemoon/advancedrocketrycommunity/classiccomponent/MotorArtTest.java",

        "src/test/java/io/github/sunthemoon/advancedrocketrycommunity/classiccomponent/MotorDataFilesTest.java",

        "src/test/java/io/github/sunthemoon/advancedrocketrycommunity/classiccomponent/MotorDefinitionTest.java",

        "src/test/java/io/github/sunthemoon/advancedrocketrycommunity/classiccomponent/MotorLanguageResourcesTest.java",

        "src/test/java/io/github/sunthemoon/advancedrocketrycommunity/client/RocketFlightScreenLayoutTest.java",

        "src/test/java/io/github/sunthemoon/advancedrocketrycommunity/client/compat/jei/MachineRecipeViewTest.java",

        "src/test/java/io/github/sunthemoon/advancedrocketrycommunity/client/compat/jei/SmallPlatePressViewTest.java",

        "src/test/java/io/github/sunthemoon/advancedrocketrycommunity/client/exoplanet/FlashCooldownTest.java",

        "src/test/java/io/github/sunthemoon/advancedrocketrycommunity/client/sky/PlanetaryEffectsTest.java",

        "src/test/java/io/github/sunthemoon/advancedrocketrycommunity/client/sky/SkyProfileReloadTest.java",

        "src/test/java/io/github/sunthemoon/advancedrocketrycommunity/client/sky/SkyRenderStateTest.java",

        "src/test/java/io/github/sunthemoon/advancedrocketrycommunity/client/starmap/StarMapLayoutTest.java",

        "src/test/java/io/github/sunthemoon/advancedrocketrycommunity/compat/atmosphere/AtmosphereBoundaryRegistryTest.java",

        "src/test/java/io/github/sunthemoon/advancedrocketrycommunity/compat/atmosphere/SuitEquipmentRegistryTest.java",

        "src/test/java/io/github/sunthemoon/advancedrocketrycommunity/compat/atmosphere/SuitOxygenAccessTest.java",

        "src/test/java/io/github/sunthemoon/advancedrocketrycommunity/compat/environment/ServerEnvironmentQueriesTest.java",

        "src/test/java/io/github/sunthemoon/advancedrocketrycommunity/compat/rocket/ExternalRocketBlockEntityAdapterBudgetTest.java",

        "src/test/java/io/github/sunthemoon/advancedrocketrycommunity/compat/rocket/RocketAdapterPayloadsTest.java",

        "src/test/java/io/github/sunthemoon/advancedrocketrycommunity/compat/rocket/RocketAdapterRegistryTest.java",

        "src/test/java/io/github/sunthemoon/advancedrocketrycommunity/compat/rocket/component/RocketComponentRegistryTest.java",

        "src/test/java/io/github/sunthemoon/advancedrocketrycommunity/compat/rocket/fuel/RocketFuelRegistryTest.java",

        "src/test/java/io/github/sunthemoon/advancedrocketrycommunity/compat/satellite/SatellitePayloadRegistryTest.java",

        "src/test/java/io/github/sunthemoon/advancedrocketrycommunity/config/ClientConfigTest.java",

        "src/test/java/io/github/sunthemoon/advancedrocketrycommunity/config/CommonConfigTest.java",

        "src/test/java/io/github/sunthemoon/advancedrocketrycommunity/config/CommonConfigWiringTest.java",

        "src/test/java/io/github/sunthemoon/advancedrocketrycommunity/config/SwitchOverridesTest.java",

        "src/test/java/io/github/sunthemoon/advancedrocketrycommunity/datagen/V180ExoplanetArtTest.java",

        "src/test/java/io/github/sunthemoon/advancedrocketrycommunity/datagen/V180MaterialArtTest.java",

        "src/test/java/io/github/sunthemoon/advancedrocketrycommunity/datagen/V180RecipeMenuLanguageTest.java",

        "src/test/java/io/github/sunthemoon/advancedrocketrycommunity/datagen/V180SurfaceArtTest.java",

        "src/test/java/io/github/sunthemoon/advancedrocketrycommunity/diagnostics/BetaOperationalReportTest.java",

        "src/test/java/io/github/sunthemoon/advancedrocketrycommunity/endgame/audit/EndgameAuditTest.java",

        "src/test/java/io/github/sunthemoon/advancedrocketrycommunity/endgame/authority/EndgameAuthorityTest.java",

        "src/test/java/io/github/sunthemoon/advancedrocketrycommunity/endgame/blackhole/BlackHoleTest.java",

        "src/test/java/io/github/sunthemoon/advancedrocketrycommunity/endgame/command/EndgameReleaseTestCommandsTest.java",

        "src/test/java/io/github/sunthemoon/advancedrocketrycommunity/endgame/device/EndgameDeviceRuntimeTest.java",

        "src/test/java/io/github/sunthemoon/advancedrocketrycommunity/endgame/device/EndgameDevicesPatternCacheTest.java",

        "src/test/java/io/github/sunthemoon/advancedrocketrycommunity/endgame/elevator/ElevatorTest.java",

        "src/test/java/io/github/sunthemoon/advancedrocketrycommunity/endgame/gravity/GravityFieldTest.java",

        "src/test/java/io/github/sunthemoon/advancedrocketrycommunity/endgame/intent/EndgameIntentRulesTest.java",

        "src/test/java/io/github/sunthemoon/advancedrocketrycommunity/endgame/laser/LaserDrawTest.java",

        "src/test/java/io/github/sunthemoon/advancedrocketrycommunity/endgame/laser/LaserDrillOperationTest.java",

        "src/test/java/io/github/sunthemoon/advancedrocketrycommunity/endgame/laser/LaserDrillTableCodecTest.java",

        "src/test/java/io/github/sunthemoon/advancedrocketrycommunity/endgame/laser/LaserDrillTablesTest.java",

        "src/test/java/io/github/sunthemoon/advancedrocketrycommunity/endgame/laser/LaserLinkCountersTest.java",

        "src/test/java/io/github/sunthemoon/advancedrocketrycommunity/endgame/laser/LaserLinkTest.java",

        "src/test/java/io/github/sunthemoon/advancedrocketrycommunity/endgame/laser/LaserShaftTest.java",

        "src/test/java/io/github/sunthemoon/advancedrocketrycommunity/endgame/model/EndgameModelTest.java",

        "src/test/java/io/github/sunthemoon/advancedrocketrycommunity/endgame/network/EndgameDeviceViewTest.java",

        "src/test/java/io/github/sunthemoon/advancedrocketrycommunity/endgame/protection/EndgameProtectionTest.java",

        "src/test/java/io/github/sunthemoon/advancedrocketrycommunity/endgame/protection/ProtectedZoneTest.java",

        "src/test/java/io/github/sunthemoon/advancedrocketrycommunity/endgame/railgun/RailgunTest.java",

        "src/test/java/io/github/sunthemoon/advancedrocketrycommunity/endgame/root/EndgameRootCodecTest.java",

        "src/test/java/io/github/sunthemoon/advancedrocketrycommunity/endgame/root/EndgameRootTest.java",

        "src/test/java/io/github/sunthemoon/advancedrocketrycommunity/endgame/service/BarrierSpacingTest.java",

        "src/test/java/io/github/sunthemoon/advancedrocketrycommunity/endgame/service/ElevatorGuardTest.java",

        "src/test/java/io/github/sunthemoon/advancedrocketrycommunity/endgame/service/EndgameServiceTest.java",

        "src/test/java/io/github/sunthemoon/advancedrocketrycommunity/endgame/service/EndgameTimingsTest.java",

        "src/test/java/io/github/sunthemoon/advancedrocketrycommunity/endgame/service/TransitLedgerTest.java",

        "src/test/java/io/github/sunthemoon/advancedrocketrycommunity/endgame/service/TransitOperationsTest.java",

        "src/test/java/io/github/sunthemoon/advancedrocketrycommunity/endgame/transit/TransitCodecTest.java",

        "src/test/java/io/github/sunthemoon/advancedrocketrycommunity/endgame/transit/TransitDeliveryModel.java",

        "src/test/java/io/github/sunthemoon/advancedrocketrycommunity/endgame/transit/TransitEndpointStateTest.java",

        "src/test/java/io/github/sunthemoon/advancedrocketrycommunity/endgame/transit/TransitModelTest.java",

        "src/test/java/io/github/sunthemoon/advancedrocketrycommunity/endgame/transit/TransitRedirectModel.java",

        "src/test/java/io/github/sunthemoon/advancedrocketrycommunity/endgame/transit/TransitSourceModel.java",

        "src/test/java/io/github/sunthemoon/advancedrocketrycommunity/endgame/transit/TransitTableIndexTest.java",

        "src/test/java/io/github/sunthemoon/advancedrocketrycommunity/fluid/CanisterStackSwapTest.java",

        "src/test/java/io/github/sunthemoon/advancedrocketrycommunity/fluid/CanisterSwapPlannerTest.java",

        "src/test/java/io/github/sunthemoon/advancedrocketrycommunity/fluid/GasCanisterHandlerTest.java",

        "src/test/java/io/github/sunthemoon/advancedrocketrycommunity/fluid/V180FluidResourcesTest.java",

        "src/test/java/io/github/sunthemoon/advancedrocketrycommunity/machine/classic/adapter/ClassicNativeEntryCapacityTest.java",

        "src/test/java/io/github/sunthemoon/advancedrocketrycommunity/machine/classic/adapter/ClassicNativeValuesTest.java",

        "src/test/java/io/github/sunthemoon/advancedrocketrycommunity/machine/classic/adapter/ClassicNbtKeyOrderTest.java",

        "src/test/java/io/github/sunthemoon/advancedrocketrycommunity/machine/classic/adapter/ClassicNbtShapeTest.java",

        "src/test/java/io/github/sunthemoon/advancedrocketrycommunity/machine/classic/adapter/ClassicRootBundleTest.java",

        "src/test/java/io/github/sunthemoon/advancedrocketrycommunity/machine/classic/adapter/ClassicValuesTest.java",

        "src/test/java/io/github/sunthemoon/advancedrocketrycommunity/machine/classic/resource/ClassicBankKeyTest.java",

        "src/test/java/io/github/sunthemoon/advancedrocketrycommunity/machine/classic/resource/ClassicBankTransfersTest.java",

        "src/test/java/io/github/sunthemoon/advancedrocketrycommunity/machine/classic/resource/ClassicItemCountTest.java"

      ],

      "cwd": "D:\\GitHub\\AdvancedRocketry-Community",

      "started_utc": "2026-10-04T05:00:40.883622+00:00",

      "exit": 0,

      "log": "phase-commit01-20.log",

      "log_sha256": "e3b0c44298fc1c149afbf4c8996fb92427ae41e4649b934ca495991b7852b855"

    },

    {

      "command": [

        "git",

        "-c",

        "core.autocrlf=false",

        "add",

        "--",

        "src/test/java/io/github/sunthemoon/advancedrocketrycommunity/machine/classic/resource/ClassicResourceBankTest.java",

        "src/test/java/io/github/sunthemoon/advancedrocketrycommunity/machine/classic/resource/ClassicResourcesCodecTest.java",

        "src/test/java/io/github/sunthemoon/advancedrocketrycommunity/machine/classic/resource/ClassicResourcesTest.java",

        "src/test/java/io/github/sunthemoon/advancedrocketrycommunity/machine/combustion/CombustionBurnTest.java",

        "src/test/java/io/github/sunthemoon/advancedrocketrycommunity/machine/combustion/CombustionMenuWireTest.java",

        "src/test/java/io/github/sunthemoon/advancedrocketrycommunity/machine/combustion/CombustionSaveTest.java",

        "src/test/java/io/github/sunthemoon/advancedrocketrycommunity/machine/combustion/V180CombustionResourcesTest.java",

        "src/test/java/io/github/sunthemoon/advancedrocketrycommunity/machine/electrolyzer/ElectrolyzerKernelParityTest.java",

        "src/test/java/io/github/sunthemoon/advancedrocketrycommunity/machine/electrolyzer/ElectrolyzerMaterialLedgerTest.java",

        "src/test/java/io/github/sunthemoon/advancedrocketrycommunity/machine/electrolyzer/ElectrolyzerMenuDataTest.java",

        "src/test/java/io/github/sunthemoon/advancedrocketrycommunity/machine/electrolyzer/ElectrolyzerMenuReasonTest.java",

        "src/test/java/io/github/sunthemoon/advancedrocketrycommunity/machine/electrolyzer/ElectrolyzerMigrationTest.java",

        "src/test/java/io/github/sunthemoon/advancedrocketrycommunity/machine/electrolyzer/ElectrolyzerPersistenceTest.java",

        "src/test/java/io/github/sunthemoon/advancedrocketrycommunity/machine/electrolyzer/ElectrolyzerPortPolicyTest.java",

        "src/test/java/io/github/sunthemoon/advancedrocketrycommunity/machine/electrolyzer/ElectrolyzerProcessEngineTest.java",

        "src/test/java/io/github/sunthemoon/advancedrocketrycommunity/machine/electrolyzer/ElectrolyzerRecipeContractTest.java",

        "src/test/java/io/github/sunthemoon/advancedrocketrycommunity/machine/electrolyzer/ElectrolyzerRecipeSpecTest.java",

        "src/test/java/io/github/sunthemoon/advancedrocketrycommunity/machine/electrolyzer/ElectrolyzerSignatureBoundsTest.java",

        "src/test/java/io/github/sunthemoon/advancedrocketrycommunity/machine/menu/MachineMenuNetworkTest.java",

        "src/test/java/io/github/sunthemoon/advancedrocketrycommunity/machine/menu/MachineMenuOpeningTest.java",

        "src/test/java/io/github/sunthemoon/advancedrocketrycommunity/machine/menu/RecipeMenuReasonTest.java",

        "src/test/java/io/github/sunthemoon/advancedrocketrycommunity/machine/multiblock/lifecycle/MultiblockDirtyQueueTest.java",

        "src/test/java/io/github/sunthemoon/advancedrocketrycommunity/machine/multiblock/lifecycle/MultiblockFootprintIndexTest.java",

        "src/test/java/io/github/sunthemoon/advancedrocketrycommunity/machine/multiblock/lifecycle/MultiblockLifecycleCoordinatorTest.java",

        "src/test/java/io/github/sunthemoon/advancedrocketrycommunity/machine/multiblock/lifecycle/PartBindingVerifierTest.java",

        "src/test/java/io/github/sunthemoon/advancedrocketrycommunity/machine/multiblock/lifecycle/forge/LoadedPartBindingGatewayTest.java",

        "src/test/java/io/github/sunthemoon/advancedrocketrycommunity/machine/multiblock/lifecycle/persistence/MultiblockNbtCodecTest.java",

        "src/test/java/io/github/sunthemoon/advancedrocketrycommunity/machine/multiblock/pattern/MultiblockPatternCatalogDecoderTest.java",

        "src/test/java/io/github/sunthemoon/advancedrocketrycommunity/machine/multiblock/pattern/MultiblockPatternJsonCodecTest.java",

        "src/test/java/io/github/sunthemoon/advancedrocketrycommunity/machine/multiblock/pattern/MultiblockPatternValidatorTest.java",

        "src/test/java/io/github/sunthemoon/advancedrocketrycommunity/machine/multiblock/pattern/PatternTransformTest.java",

        "src/test/java/io/github/sunthemoon/advancedrocketrycommunity/machine/multiblock/pattern/forge/PatternBlockCacheTest.java",

        "src/test/java/io/github/sunthemoon/advancedrocketrycommunity/machine/multiblock/pattern/service/MultiblockPatternCatalogManagerTest.java",

        "src/test/java/io/github/sunthemoon/advancedrocketrycommunity/machine/port/ProcessPortPolicyTest.java",

        "src/test/java/io/github/sunthemoon/advancedrocketrycommunity/machine/port/forge/ProcessForgePortAdapterTest.java",

        "src/test/java/io/github/sunthemoon/advancedrocketrycommunity/machine/precision/PrecisionAssemblerMenuWireTest.java",

        "src/test/java/io/github/sunthemoon/advancedrocketrycommunity/machine/precision/PrecisionAssemblerPatternTest.java",

        "src/test/java/io/github/sunthemoon/advancedrocketrycommunity/machine/precision/PrecisionAssemblerPersistedChunkReaderTest.java",

        "src/test/java/io/github/sunthemoon/advancedrocketrycommunity/machine/precision/PrecisionAssemblerPortMigrationPersistenceTest.java",

        "src/test/java/io/github/sunthemoon/advancedrocketrycommunity/machine/precision/PrecisionAssemblerPortPersistenceTest.java",

        "src/test/java/io/github/sunthemoon/advancedrocketrycommunity/machine/precision/PrecisionAssemblerPortStorageTest.java",

        "src/test/java/io/github/sunthemoon/advancedrocketrycommunity/machine/precision/PrecisionAssemblerRecipeTest.java",

        "src/test/java/io/github/sunthemoon/advancedrocketrycommunity/machine/precision/PrecisionAssemblerResourcePersistenceTest.java",

        "src/test/java/io/github/sunthemoon/advancedrocketrycommunity/machine/precision/PrecisionSignatureStateTest.java",

        "src/test/java/io/github/sunthemoon/advancedrocketrycommunity/machine/precision/PrecisionTagBudgetTest.java",

        "src/test/java/io/github/sunthemoon/advancedrocketrycommunity/machine/process/ProcessDefinitionTest.java",

        "src/test/java/io/github/sunthemoon/advancedrocketrycommunity/machine/process/ProcessMachineLogicTest.java",

        "src/test/java/io/github/sunthemoon/advancedrocketrycommunity/machine/process/ProcessTransactionExecutorTest.java",

        "src/test/java/io/github/sunthemoon/advancedrocketrycommunity/machine/pump/PumpBudgetTest.java",

        "src/test/java/io/github/sunthemoon/advancedrocketrycommunity/machine/pump/PumpProtectionChecksTest.java",

        "src/test/java/io/github/sunthemoon/advancedrocketrycommunity/machine/pump/PumpReleaseTestCommandsTest.java",

        "src/test/java/io/github/sunthemoon/advancedrocketrycommunity/machine/pump/PumpResourcesTest.java",

        "src/test/java/io/github/sunthemoon/advancedrocketrycommunity/machine/pump/PumpSaveTest.java",

        "src/test/java/io/github/sunthemoon/advancedrocketrycommunity/machine/pump/PumpSearchTest.java",

        "src/test/java/io/github/sunthemoon/advancedrocketrycommunity/machine/recipe/BoundedItemIngredientCodecTest.java",

        "src/test/java/io/github/sunthemoon/advancedrocketrycommunity/machine/recipe/DeferredRecipeTagTest.java",

        "src/test/java/io/github/sunthemoon/advancedrocketrycommunity/machine/recipe/RecipeJsonSignatureTest.java",

        "src/test/java/io/github/sunthemoon/advancedrocketrycommunity/machine/recipe/RecipeSignatureMigrationTest.java",

        "src/test/java/io/github/sunthemoon/advancedrocketrycommunity/machine/recipe/RecipeSignatureProtectionTest.java",

        "src/test/java/io/github/sunthemoon/advancedrocketrycommunity/machine/recipe/RecipeSignatureReleaseTestCommandsTest.java",

        "src/test/java/io/github/sunthemoon/advancedrocketrycommunity/machine/recipe/RetainedRecipePlanTest.java",

        "src/test/java/io/github/sunthemoon/advancedrocketrycommunity/machine/rolling/RollingMachineMenuWireTest.java",

        "src/test/java/io/github/sunthemoon/advancedrocketrycommunity/machine/rolling/RollingMachinePortPersistenceTest.java",

        "src/test/java/io/github/sunthemoon/advancedrocketrycommunity/machine/rolling/RollingMachineProcessPersistenceTest.java",

        "src/test/java/io/github/sunthemoon/advancedrocketrycommunity/machine/rolling/RollingMachineRecipeTest.java",

        "src/test/java/io/github/sunthemoon/advancedrocketrycommunity/machine/rolling/RollingMachineTransformsTest.java",

        "src/test/java/io/github/sunthemoon/advancedrocketrycommunity/machine/rolling/RollingSignatureStateTest.java",

        "src/test/java/io/github/sunthemoon/advancedrocketrycommunity/machine/tank/TankCapacityTest.java",

        "src/test/java/io/github/sunthemoon/advancedrocketrycommunity/machine/tank/TankContainerExchangeTest.java",

        "src/test/java/io/github/sunthemoon/advancedrocketrycommunity/machine/tank/TankDataTest.java",

        "src/test/java/io/github/sunthemoon/advancedrocketrycommunity/machine/tank/TankItemRootTest.java",

        "src/test/java/io/github/sunthemoon/advancedrocketrycommunity/machine/tank/TankSaveTest.java",

        "src/test/java/io/github/sunthemoon/advancedrocketrycommunity/machine/tank/TankTransferQueueTest.java",

        "src/test/java/io/github/sunthemoon/advancedrocketrycommunity/material/MaterialCatalogTest.java",

        "src/test/java/io/github/sunthemoon/advancedrocketrycommunity/material/SmallPlatePressCraftingResourcesTest.java",

        "src/test/java/io/github/sunthemoon/advancedrocketrycommunity/material/V180KernelRecipeResourcesTest.java",

        "src/test/java/io/github/sunthemoon/advancedrocketrycommunity/material/V180MaterialResourcesTest.java",

        "src/test/java/io/github/sunthemoon/advancedrocketrycommunity/material/press/SmallPlatePressRecipeSerializerTest.java",

        "src/test/java/io/github/sunthemoon/advancedrocketrycommunity/material/press/SmallPlatePressRecipeTest.java",

        "src/test/java/io/github/sunthemoon/advancedrocketrycommunity/material/worldgen/SwitchPlacementTest.java"

      ],

      "cwd": "D:\\GitHub\\AdvancedRocketry-Community",

      "started_utc": "2026-10-04T05:00:41.035633+00:00",

      "exit": 0,

      "log": "phase-commit01-21.log",

      "log_sha256": "e3b0c44298fc1c149afbf4c8996fb92427ae41e4649b934ca495991b7852b855"

    },

    {

      "command": [

        "git",

        "-c",

        "core.autocrlf=false",

        "add",

        "--",

        "src/test/java/io/github/sunthemoon/advancedrocketrycommunity/network/NetworkProtocolPinTest.java",

        "src/test/java/io/github/sunthemoon/advancedrocketrycommunity/persistence/BoundedNbtTest.java",

        "src/test/java/io/github/sunthemoon/advancedrocketrycommunity/persistence/ChunkSaveDenialsTest.java",

        "src/test/java/io/github/sunthemoon/advancedrocketrycommunity/persistence/migration/AtomicSavedDataTest.java",

        "src/test/java/io/github/sunthemoon/advancedrocketrycommunity/persistence/migration/BoundedSavedDataIoCapacityTest.java",

        "src/test/java/io/github/sunthemoon/advancedrocketrycommunity/persistence/migration/ManagedSavedDataLoaderMigrationTest.java",

        "src/test/java/io/github/sunthemoon/advancedrocketrycommunity/persistence/migration/PopulatedManagedDataFixture.java",

        "src/test/java/io/github/sunthemoon/advancedrocketrycommunity/persistence/migration/PopulatedWorldDataPreservationTest.java",

        "src/test/java/io/github/sunthemoon/advancedrocketrycommunity/persistence/migration/SavedDataSchemaMigratorTest.java",

        "src/test/java/io/github/sunthemoon/advancedrocketrycommunity/persistence/migration/StationWorldMigrationTest.java",

        "src/test/java/io/github/sunthemoon/advancedrocketrycommunity/persistence/migration/WorldDataMigrationServiceTest.java",

        "src/test/java/io/github/sunthemoon/advancedrocketrycommunity/progression/ResearchAccountTest.java",

        "src/test/java/io/github/sunthemoon/advancedrocketrycommunity/rocket/flight/PlanetaryFlightAdmissionTest.java",

        "src/test/java/io/github/sunthemoon/advancedrocketrycommunity/rocket/flight/RocketFlightDataTest.java",

        "src/test/java/io/github/sunthemoon/advancedrocketrycommunity/rocket/flight/RocketFlightLimitsTest.java",

        "src/test/java/io/github/sunthemoon/advancedrocketrycommunity/rocket/flight/RocketFlightPlannerTest.java",

        "src/test/java/io/github/sunthemoon/advancedrocketrycommunity/rocket/flight/RocketFlightStateMachineTest.java",

        "src/test/java/io/github/sunthemoon/advancedrocketrycommunity/rocket/flight/RocketFuelStateTest.java",

        "src/test/java/io/github/sunthemoon/advancedrocketrycommunity/rocket/flight/RocketPassengerManifestTest.java",

        "src/test/java/io/github/sunthemoon/advancedrocketrycommunity/rocket/flight/RocketPassengerPositionTest.java",

        "src/test/java/io/github/sunthemoon/advancedrocketrycommunity/rocket/flight/RocketPassengerReconnectQueueTest.java",

        "src/test/java/io/github/sunthemoon/advancedrocketrycommunity/rocket/flight/RocketTargetFlightPlannerTest.java",

        "src/test/java/io/github/sunthemoon/advancedrocketrycommunity/rocket/flight/RocketTransferAuthorityOrderTest.java",

        "src/test/java/io/github/sunthemoon/advancedrocketrycommunity/rocket/flight/RocketTransferRecordTest.java",

        "src/test/java/io/github/sunthemoon/advancedrocketrycommunity/rocket/flight/RocketTransferRecoveryDecisionTest.java",

        "src/test/java/io/github/sunthemoon/advancedrocketrycommunity/rocket/flight/persistence/RocketFlightNbtCodecTest.java",

        "src/test/java/io/github/sunthemoon/advancedrocketrycommunity/rocket/flight/persistence/RocketTransferSavedDataTest.java",

        "src/test/java/io/github/sunthemoon/advancedrocketrycommunity/rocket/fuel/FuelLoaderPersistenceTest.java",

        "src/test/java/io/github/sunthemoon/advancedrocketrycommunity/rocket/fuel/FuelLoaderStorageTest.java",

        "src/test/java/io/github/sunthemoon/advancedrocketrycommunity/rocket/menu/RocketFlightQuotesTest.java",

        "src/test/java/io/github/sunthemoon/advancedrocketrycommunity/rocket/menu/RocketFlightSelectionTest.java",

        "src/test/java/io/github/sunthemoon/advancedrocketrycommunity/rocket/menu/RocketNavigationTest.java",

        "src/test/java/io/github/sunthemoon/advancedrocketrycommunity/rocket/model/RocketBoundsTest.java",

        "src/test/java/io/github/sunthemoon/advancedrocketrycommunity/rocket/model/RocketStructureSnapshotTest.java",

        "src/test/java/io/github/sunthemoon/advancedrocketrycommunity/rocket/network/RocketFlightIntentPacketTest.java",

        "src/test/java/io/github/sunthemoon/advancedrocketrycommunity/rocket/network/RocketFlightPlanPacketTest.java",

        "src/test/java/io/github/sunthemoon/advancedrocketrycommunity/rocket/network/RocketVisualClientCacheTest.java",

        "src/test/java/io/github/sunthemoon/advancedrocketrycommunity/rocket/network/RocketVisualSnapshotCodecTest.java",

        "src/test/java/io/github/sunthemoon/advancedrocketrycommunity/rocket/persistence/RocketSnapshotNbtCodecTest.java",

        "src/test/java/io/github/sunthemoon/advancedrocketrycommunity/rocket/persistence/RocketTransactionSavedDataTest.java",

        "src/test/java/io/github/sunthemoon/advancedrocketrycommunity/rocket/scan/RocketStructureScanTaskTest.java",

        "src/test/java/io/github/sunthemoon/advancedrocketrycommunity/rocket/server/RocketBlockRecoveryTest.java",

        "src/test/java/io/github/sunthemoon/advancedrocketrycommunity/rocket/server/RocketCatalogRefreshLimiterTest.java",

        "src/test/java/io/github/sunthemoon/advancedrocketrycommunity/rocket/server/RocketDisassemblyConfirmationsTest.java",

        "src/test/java/io/github/sunthemoon/advancedrocketrycommunity/rocket/server/RocketDisassemblyLanguageTest.java",

        "src/test/java/io/github/sunthemoon/advancedrocketrycommunity/rocket/server/RocketFlightReleaseCheckpointTest.java",

        "src/test/java/io/github/sunthemoon/advancedrocketrycommunity/rocket/server/RocketIntentRateLimiterTest.java",

        "src/test/java/io/github/sunthemoon/advancedrocketrycommunity/rocket/server/RocketMaintenanceStructureTest.java",

        "src/test/java/io/github/sunthemoon/advancedrocketrycommunity/rocket/server/RocketStationMotionRuleTest.java",

        "src/test/java/io/github/sunthemoon/advancedrocketrycommunity/rocket/server/RocketTransactionRecoveryReadinessTest.java",

        "src/test/java/io/github/sunthemoon/advancedrocketrycommunity/rocket/server/RocketTransactionReleaseProbeTest.java",

        "src/test/java/io/github/sunthemoon/advancedrocketrycommunity/rocket/server/RocketTransferJournalCapacityTest.java",

        "src/test/java/io/github/sunthemoon/advancedrocketrycommunity/rocket/server/RocketTransferRecoveryLogTest.java",

        "src/test/java/io/github/sunthemoon/advancedrocketrycommunity/rocket/server/RocketTransferRecoverySelectionTest.java",

        "src/test/java/io/github/sunthemoon/advancedrocketrycommunity/rocket/server/RocketTransferReturnReasonTest.java",

        "src/test/java/io/github/sunthemoon/advancedrocketrycommunity/rocket/stats/RocketStatsCalculatorTest.java",

        "src/test/java/io/github/sunthemoon/advancedrocketrycommunity/rocket/transaction/RocketRecoveryDecisionTest.java",

        "src/test/java/io/github/sunthemoon/advancedrocketrycommunity/rocket/transaction/RocketTransactionCheckpointTest.java",

        "src/test/java/io/github/sunthemoon/advancedrocketrycommunity/rocket/transaction/RocketTransactionExceptionTest.java",

        "src/test/java/io/github/sunthemoon/advancedrocketrycommunity/rocket/transaction/RocketTransactionsTest.java",

        "src/test/java/io/github/sunthemoon/advancedrocketrycommunity/rocket/validation/RocketStatsValidatorTest.java",

        "src/test/java/io/github/sunthemoon/advancedrocketrycommunity/satellite/SatelliteCatalogDecoderTest.java",

        "src/test/java/io/github/sunthemoon/advancedrocketrycommunity/satellite/component/GeneratedSatelliteContentTest.java",

        "src/test/java/io/github/sunthemoon/advancedrocketrycommunity/satellite/component/SatelliteBlueprintsTest.java",

        "src/test/java/io/github/sunthemoon/advancedrocketrycommunity/satellite/component/SatelliteComponentDefinitionTest.java",

        "src/test/java/io/github/sunthemoon/advancedrocketrycommunity/satellite/content/SatelliteItemDataSchemaTwoTest.java",

        "src/test/java/io/github/sunthemoon/advancedrocketrycommunity/satellite/content/SatelliteItemDataTest.java",

        "src/test/java/io/github/sunthemoon/advancedrocketrycommunity/satellite/mission/AccountRecoveryTest.java",

        "src/test/java/io/github/sunthemoon/advancedrocketrycommunity/satellite/mission/DeliveryReconciliationTest.java",

        "src/test/java/io/github/sunthemoon/advancedrocketrycommunity/satellite/mission/MissionDeadlineSchedulerTest.java",

        "src/test/java/io/github/sunthemoon/advancedrocketrycommunity/satellite/mission/MissionStateTest.java",

        "src/test/java/io/github/sunthemoon/advancedrocketrycommunity/satellite/mission/MonotonicMissionClockTest.java",

        "src/test/java/io/github/sunthemoon/advancedrocketrycommunity/satellite/mission/QueueBoundsTest.java",

        "src/test/java/io/github/sunthemoon/advancedrocketrycommunity/satellite/mission/RegistryLifecycleTest.java",

        "src/test/java/io/github/sunthemoon/advancedrocketrycommunity/satellite/mission/ResourceMissionsTest.java",

        "src/test/java/io/github/sunthemoon/advancedrocketrycommunity/satellite/mission/SatelliteLifecycleRegistryTest.java",

        "src/test/java/io/github/sunthemoon/advancedrocketrycommunity/satellite/mission/SatelliteMissionRegistryTest.java",

        "src/test/java/io/github/sunthemoon/advancedrocketrycommunity/satellite/mission/SatelliteScanAndLinkRegistryTest.java",

        "src/test/java/io/github/sunthemoon/advancedrocketrycommunity/satellite/model/SatelliteKindDefinitionTest.java",

        "src/test/java/io/github/sunthemoon/advancedrocketrycommunity/satellite/model/SatelliteStateTest.java"

      ],

      "cwd": "D:\\GitHub\\AdvancedRocketry-Community",

      "started_utc": "2026-10-04T05:00:41.250516+00:00",

      "exit": 0,

      "log": "phase-commit01-22.log",

      "log_sha256": "e3b0c44298fc1c149afbf4c8996fb92427ae41e4649b934ca495991b7852b855"

    },

    {

      "command": [

        "git",

        "-c",

        "core.autocrlf=false",

        "add",

        "--",

        "src/test/java/io/github/sunthemoon/advancedrocketrycommunity/satellite/network/SatelliteTerminalViewPacketTest.java",

        "src/test/java/io/github/sunthemoon/advancedrocketrycommunity/satellite/network/SurveyScanResultPacketTest.java",

        "src/test/java/io/github/sunthemoon/advancedrocketrycommunity/satellite/persistence/SatelliteAccountRecoveryTest.java",

        "src/test/java/io/github/sunthemoon/advancedrocketrycommunity/satellite/persistence/SatelliteMissionSavedDataTest.java",

        "src/test/java/io/github/sunthemoon/advancedrocketrycommunity/satellite/persistence/SatelliteRootThreeTest.java",

        "src/test/java/io/github/sunthemoon/advancedrocketrycommunity/satellite/persistence/SatelliteWritePolicyTest.java",

        "src/test/java/io/github/sunthemoon/advancedrocketrycommunity/satellite/resource/ResourceAlgorithmsTest.java",

        "src/test/java/io/github/sunthemoon/advancedrocketrycommunity/satellite/resource/ResourceTablesTest.java",

        "src/test/java/io/github/sunthemoon/advancedrocketrycommunity/satellite/resource/RewardVerifierTest.java",

        "src/test/java/io/github/sunthemoon/advancedrocketrycommunity/satellite/scan/SurveyScanJobTest.java",

        "src/test/java/io/github/sunthemoon/advancedrocketrycommunity/satellite/service/DeliveryRuntimeTest.java",

        "src/test/java/io/github/sunthemoon/advancedrocketrycommunity/satellite/service/DiscoveryClaimRecoveryTest.java",

        "src/test/java/io/github/sunthemoon/advancedrocketrycommunity/satellite/service/DiscoveryReplayQueueTest.java",

        "src/test/java/io/github/sunthemoon/advancedrocketrycommunity/satellite/service/IntentRateLimiterTest.java",

        "src/test/java/io/github/sunthemoon/advancedrocketrycommunity/satellite/terminal/DeliveryCrashCutTest.java",

        "src/test/java/io/github/sunthemoon/advancedrocketrycommunity/satellite/terminal/SatelliteTerminalTargetsTest.java",

        "src/test/java/io/github/sunthemoon/advancedrocketrycommunity/satellite/terminal/TerminalDeliveryTest.java",

        "src/test/java/io/github/sunthemoon/advancedrocketrycommunity/station/elevator/ElevatorEndpointValidatorTest.java",

        "src/test/java/io/github/sunthemoon/advancedrocketrycommunity/station/model/StationRegionBoundaryTest.java",

        "src/test/java/io/github/sunthemoon/advancedrocketrycommunity/station/model/StationRegistryModelTest.java",

        "src/test/java/io/github/sunthemoon/advancedrocketrycommunity/station/model/StationTeamCapsTest.java",

        "src/test/java/io/github/sunthemoon/advancedrocketrycommunity/station/orbit/StationOrbitEnvironmentResolverTest.java",

        "src/test/java/io/github/sunthemoon/advancedrocketrycommunity/station/persistence/StationCheckedUpdateScaleTest.java",

        "src/test/java/io/github/sunthemoon/advancedrocketrycommunity/station/persistence/StationCheckedUpdateTest.java",

        "src/test/java/io/github/sunthemoon/advancedrocketrycommunity/station/persistence/StationRegistrySavedDataTest.java",

        "src/test/java/io/github/sunthemoon/advancedrocketrycommunity/station/persistence/StationRegistryStorageBoundTest.java",

        "src/test/java/io/github/sunthemoon/advancedrocketrycommunity/station/persistence/StationSchemaMigrationTest.java",

        "src/test/java/io/github/sunthemoon/advancedrocketrycommunity/station/persistence/StationStorageBudgetTest.java",

        "src/test/java/io/github/sunthemoon/advancedrocketrycommunity/station/persistence/StationWarpRelocationTest.java",

        "src/test/java/io/github/sunthemoon/advancedrocketrycommunity/station/persistence/StationWarpSchemaTest.java",

        "src/test/java/io/github/sunthemoon/advancedrocketrycommunity/station/service/StationAccessServiceTest.java",

        "src/test/java/io/github/sunthemoon/advancedrocketrycommunity/station/service/StationExpansionConfirmationsTest.java",

        "src/test/java/io/github/sunthemoon/advancedrocketrycommunity/station/service/StationExpansionServiceTest.java",

        "src/test/java/io/github/sunthemoon/advancedrocketrycommunity/station/service/StationGravityCooldownRuleTest.java",

        "src/test/java/io/github/sunthemoon/advancedrocketrycommunity/station/service/StationRuntimeLifecycleTest.java",

        "src/test/java/io/github/sunthemoon/advancedrocketrycommunity/station/service/StationWriteBudgetTest.java",

        "src/test/java/io/github/sunthemoon/advancedrocketrycommunity/station/service/StationWriteCooldownTest.java",

        "src/test/java/io/github/sunthemoon/advancedrocketrycommunity/station/warp/StationWarpStateTest.java",

        "src/test/java/io/github/sunthemoon/advancedrocketrycommunity/testsupport/MinecraftBootstrap.java",

        "src/test/java/io/github/sunthemoon/advancedrocketrycommunity/travel/TravelTargetCodecTest.java",

        "src/test/java/io/github/sunthemoon/advancedrocketrycommunity/travel/migration/LegacyFlightTargetMigratorTest.java",

        "src/test/java/io/github/sunthemoon/advancedrocketrycommunity/travel/migration/LegacyTravelTargetAdapterTest.java",

        "src/test/java/io/github/sunthemoon/advancedrocketrycommunity/travel/route/RouteCatalogDecoderTest.java",

        "src/test/java/io/github/sunthemoon/advancedrocketrycommunity/travel/route/RouteCatalogTest.java",

        "src/test/java/io/github/sunthemoon/advancedrocketrycommunity/travel/route/RouteDefinitionCodecTest.java",

        "src/test/java/io/github/sunthemoon/advancedrocketrycommunity/travel/route/TravelFuelFormulaTest.java",

        "src/test/resources/api-consumer/ApiConsumer.java",

        "src/test/resources/api-consumer/AtmosphereApiConsumer.java",

        "src/test/resources/api-consumer/AtmosphereInternalConsumer.java",

        "src/test/resources/api-consumer/ComponentApiConsumer.java",

        "src/test/resources/api-consumer/EndgameApiConsumer.java",

        "src/test/resources/api-consumer/EndgameInternalConsumer.java",

        "src/test/resources/api-consumer/EnvironmentApiConsumer.java",

        "src/test/resources/api-consumer/EnvironmentInternalConsumer.java",

        "src/test/resources/api-consumer/FuelApiConsumer.java",

        "src/test/resources/api-consumer/InternalConsumer.java",

        "src/test/resources/api-consumer/RocketApiConsumer.java",

        "src/test/resources/api-consumer/RocketInternalConsumer.java",

        "src/test/resources/api-consumer/SatelliteApiConsumer.java",

        "src/test/resources/api-consumer/SatelliteInternalConsumer.java",

        "src/test/resources/api-consumer/SuitApiConsumer.java",

        "build.gradle",

        "gradle.properties"

      ],

      "cwd": "D:\\GitHub\\AdvancedRocketry-Community",

      "started_utc": "2026-10-04T05:00:41.415650+00:00",

      "exit": 0,

      "log": "phase-commit01-23.log",

      "log_sha256": "e3b0c44298fc1c149afbf4c8996fb92427ae41e4649b934ca495991b7852b855"

    },

    {

      "command": [

        "git",

        "diff",

        "--cached",

        "--name-only"

      ],

      "cwd": "D:\\GitHub\\AdvancedRocketry-Community",

      "started_utc": "2026-10-04T05:00:41.508734+00:00",

      "exit": 0,

      "log": "phase-commit01-24.log",

      "log_sha256": "c3bbf55b942408af0c834f08f99f5944b3dc8cd520ab4b406265d5e87fc20924"

    },

    {

      "command": [

        "git",

        "diff",

        "--cached",

        "--check"

      ],

      "cwd": "D:\\GitHub\\AdvancedRocketry-Community",

      "started_utc": "2026-10-04T05:00:41.573811+00:00",

      "exit": 0,

      "log": "phase-commit01-25.log",

      "log_sha256": "e3b0c44298fc1c149afbf4c8996fb92427ae41e4649b934ca495991b7852b855"

    },

    {

      "command": [

        "git",

        "commit",

        "-m",

        "feat(machine): integrate reviewed v1.8 development code",

        "-m",

        "Take over the reviewed C15 follow-up, C16 machine/resource, persistence, signature and menu development code.\nThis is a development checkpoint, not a release or physical hatch/codec admission.\nGenerated content and native-probe scripts follow in separate commits; all are verified together by the Root integration regression."

      ],

      "cwd": "D:\\GitHub\\AdvancedRocketry-Community",

      "started_utc": "2026-10-04T05:00:41.714653+00:00",

      "exit": 0,

      "log": "phase-commit01-26.log",

      "log_sha256": "930d0940b5d140ae22dceb958e4fbf29a43ba5fb5aa07fc80ed157342201994b"

    },

    {

      "command": [

        "git",

        "rev-parse",

        "HEAD"

      ],

      "cwd": "D:\\GitHub\\AdvancedRocketry-Community",

      "started_utc": "2026-10-04T05:00:42.373649+00:00",

      "exit": 0,

      "log": "phase-commit01-27.log",

      "log_sha256": "8e716707e62ee4878950fb2fafa1f89e11e078172f095f516a05777ac08b7a10"

    },

    {

      "command": [

        "git",

        "-c",

        "core.autocrlf=false",

        "add",

        "--",

        "src/generated/v1.8/resources/assets/advancedrocketrycommunity/blockstates/advanced_motor.json",

        "src/generated/v1.8/resources/assets/advancedrocketrycommunity/blockstates/aluminum_block.json",

        "src/generated/v1.8/resources/assets/advancedrocketrycommunity/blockstates/aluminum_coil.json",

        "src/generated/v1.8/resources/assets/advancedrocketrycommunity/blockstates/aluminum_ore.json",

        "src/generated/v1.8/resources/assets/advancedrocketrycommunity/blockstates/blue_crystal_block.json",

        "src/generated/v1.8/resources/assets/advancedrocketrycommunity/blockstates/charcoal_log.json",

        "src/generated/v1.8/resources/assets/advancedrocketrycommunity/blockstates/combustion_generator.json",

        "src/generated/v1.8/resources/assets/advancedrocketrycommunity/blockstates/copper_coil.json",

        "src/generated/v1.8/resources/assets/advancedrocketrycommunity/blockstates/dark_moon_turf.json",

        "src/generated/v1.8/resources/assets/advancedrocketrycommunity/blockstates/deepslate_aluminum_ore.json",

        "src/generated/v1.8/resources/assets/advancedrocketrycommunity/blockstates/deepslate_dilithium_ore.json",

        "src/generated/v1.8/resources/assets/advancedrocketrycommunity/blockstates/deepslate_rutile_ore.json",

        "src/generated/v1.8/resources/assets/advancedrocketrycommunity/blockstates/deepslate_tin_ore.json",

        "src/generated/v1.8/resources/assets/advancedrocketrycommunity/blockstates/dilithium_ore.json",

        "src/generated/v1.8/resources/assets/advancedrocketrycommunity/blockstates/electric_mushroom.json",

        "src/generated/v1.8/resources/assets/advancedrocketrycommunity/blockstates/elite_motor.json",

        "src/generated/v1.8/resources/assets/advancedrocketrycommunity/blockstates/enhanced_motor.json",

        "src/generated/v1.8/resources/assets/advancedrocketrycommunity/blockstates/enriched_lava.json",

        "src/generated/v1.8/resources/assets/advancedrocketrycommunity/blockstates/ferric_sand.json",

        "src/generated/v1.8/resources/assets/advancedrocketrycommunity/blockstates/geode_shell.json",

        "src/generated/v1.8/resources/assets/advancedrocketrycommunity/blockstates/gold_coil.json",

        "src/generated/v1.8/resources/assets/advancedrocketrycommunity/blockstates/green_crystal_block.json",

        "src/generated/v1.8/resources/assets/advancedrocketrycommunity/blockstates/iridium_block.json",

        "src/generated/v1.8/resources/assets/advancedrocketrycommunity/blockstates/iridium_coil.json",

        "src/generated/v1.8/resources/assets/advancedrocketrycommunity/blockstates/iridium_ore.json",

        "src/generated/v1.8/resources/assets/advancedrocketrycommunity/blockstates/lightwood_leaves.json",

        "src/generated/v1.8/resources/assets/advancedrocketrycommunity/blockstates/lightwood_log.json",

        "src/generated/v1.8/resources/assets/advancedrocketrycommunity/blockstates/lightwood_planks.json",

        "src/generated/v1.8/resources/assets/advancedrocketrycommunity/blockstates/lightwood_sapling.json",

        "src/generated/v1.8/resources/assets/advancedrocketrycommunity/blockstates/moon_turf.json",

        "src/generated/v1.8/resources/assets/advancedrocketrycommunity/blockstates/motor.json",

        "src/generated/v1.8/resources/assets/advancedrocketrycommunity/blockstates/orange_crystal_block.json",

        "src/generated/v1.8/resources/assets/advancedrocketrycommunity/blockstates/pressurized_tank.json",

        "src/generated/v1.8/resources/assets/advancedrocketrycommunity/blockstates/pump.json",

        "src/generated/v1.8/resources/assets/advancedrocketrycommunity/blockstates/red_crystal_block.json",

        "src/generated/v1.8/resources/assets/advancedrocketrycommunity/blockstates/rocket_fuel.json",

        "src/generated/v1.8/resources/assets/advancedrocketrycommunity/blockstates/rutile_ore.json",

        "src/generated/v1.8/resources/assets/advancedrocketrycommunity/blockstates/small_plate_press.json",

        "src/generated/v1.8/resources/assets/advancedrocketrycommunity/blockstates/steel_block.json",

        "src/generated/v1.8/resources/assets/advancedrocketrycommunity/blockstates/tin_block.json",

        "src/generated/v1.8/resources/assets/advancedrocketrycommunity/blockstates/tin_ore.json",

        "src/generated/v1.8/resources/assets/advancedrocketrycommunity/blockstates/titanium_aluminide_block.json",

        "src/generated/v1.8/resources/assets/advancedrocketrycommunity/blockstates/titanium_block.json",

        "src/generated/v1.8/resources/assets/advancedrocketrycommunity/blockstates/titanium_coil.json",

        "src/generated/v1.8/resources/assets/advancedrocketrycommunity/blockstates/titanium_iridium_block.json",

        "src/generated/v1.8/resources/assets/advancedrocketrycommunity/blockstates/violet_crystal_block.json",

        "src/generated/v1.8/resources/assets/advancedrocketrycommunity/blockstates/yellow_crystal_block.json",

        "src/generated/v1.8/resources/assets/advancedrocketrycommunity/celestial_visuals/tau_ceti_f.json",

        "src/generated/v1.8/resources/assets/advancedrocketrycommunity/celestial_visuals/tau_ceti_g.json",

        "src/generated/v1.8/resources/assets/advancedrocketrycommunity/models/block/advanced_motor.json",

        "src/generated/v1.8/resources/assets/advancedrocketrycommunity/models/block/blue_crystal_block.json",

        "src/generated/v1.8/resources/assets/advancedrocketrycommunity/models/block/charcoal_log.json",

        "src/generated/v1.8/resources/assets/advancedrocketrycommunity/models/block/charcoal_log_horizontal.json",

        "src/generated/v1.8/resources/assets/advancedrocketrycommunity/models/block/combustion_generator.json",

        "src/generated/v1.8/resources/assets/advancedrocketrycommunity/models/block/combustion_generator_lit.json",

        "src/generated/v1.8/resources/assets/advancedrocketrycommunity/models/block/dark_moon_turf.json",

        "src/generated/v1.8/resources/assets/advancedrocketrycommunity/models/block/electric_mushroom.json",

        "src/generated/v1.8/resources/assets/advancedrocketrycommunity/models/block/elite_motor.json",

        "src/generated/v1.8/resources/assets/advancedrocketrycommunity/models/block/enhanced_motor.json",

        "src/generated/v1.8/resources/assets/advancedrocketrycommunity/models/block/enriched_lava.json",

        "src/generated/v1.8/resources/assets/advancedrocketrycommunity/models/block/ferric_sand.json",

        "src/generated/v1.8/resources/assets/advancedrocketrycommunity/models/block/geode_shell.json",

        "src/generated/v1.8/resources/assets/advancedrocketrycommunity/models/block/green_crystal_block.json",

        "src/generated/v1.8/resources/assets/advancedrocketrycommunity/models/block/lightwood_leaves.json",

        "src/generated/v1.8/resources/assets/advancedrocketrycommunity/models/block/lightwood_log.json",

        "src/generated/v1.8/resources/assets/advancedrocketrycommunity/models/block/lightwood_log_horizontal.json",

        "src/generated/v1.8/resources/assets/advancedrocketrycommunity/models/block/lightwood_planks.json",

        "src/generated/v1.8/resources/assets/advancedrocketrycommunity/models/block/lightwood_sapling.json",

        "src/generated/v1.8/resources/assets/advancedrocketrycommunity/models/block/material/coil.json",

        "src/generated/v1.8/resources/assets/advancedrocketrycommunity/models/block/material/deepslate_crystal_ore.json",

        "src/generated/v1.8/resources/assets/advancedrocketrycommunity/models/block/material/deepslate_ore.json",

        "src/generated/v1.8/resources/assets/advancedrocketrycommunity/models/block/material/stone_crystal_ore.json",

        "src/generated/v1.8/resources/assets/advancedrocketrycommunity/models/block/material/stone_ore.json",

        "src/generated/v1.8/resources/assets/advancedrocketrycommunity/models/block/material/storage_block.json",

        "src/generated/v1.8/resources/assets/advancedrocketrycommunity/models/block/material/tinted_cube_all.json",

        "src/generated/v1.8/resources/assets/advancedrocketrycommunity/models/block/material/tinted_cube_column.json",

        "src/generated/v1.8/resources/assets/advancedrocketrycommunity/models/block/material/tinted_ore.json",

        "src/generated/v1.8/resources/assets/advancedrocketrycommunity/models/block/moon_turf.json",

        "src/generated/v1.8/resources/assets/advancedrocketrycommunity/models/block/motor.json",

        "src/generated/v1.8/resources/assets/advancedrocketrycommunity/models/block/orange_crystal_block.json"

      ],

      "cwd": "D:\\GitHub\\AdvancedRocketry-Community",

      "started_utc": "2026-10-04T05:00:42.440278+00:00",

      "exit": 0,

      "log": "phase-commit01-28.log",

      "log_sha256": "e3b0c44298fc1c149afbf4c8996fb92427ae41e4649b934ca495991b7852b855"

    },

    {

      "command": [

        "git",

        "-c",

        "core.autocrlf=false",

        "add",

        "--",

        "src/generated/v1.8/resources/assets/advancedrocketrycommunity/models/block/pressurized_tank.json",

        "src/generated/v1.8/resources/assets/advancedrocketrycommunity/models/block/pump.json",

        "src/generated/v1.8/resources/assets/advancedrocketrycommunity/models/block/red_crystal_block.json",

        "src/generated/v1.8/resources/assets/advancedrocketrycommunity/models/block/rocket_fuel.json",

        "src/generated/v1.8/resources/assets/advancedrocketrycommunity/models/block/small_plate_press.json",

        "src/generated/v1.8/resources/assets/advancedrocketrycommunity/models/block/violet_crystal_block.json",

        "src/generated/v1.8/resources/assets/advancedrocketrycommunity/models/block/yellow_crystal_block.json",

        "src/generated/v1.8/resources/assets/advancedrocketrycommunity/models/item/advanced_motor.json",

        "src/generated/v1.8/resources/assets/advancedrocketrycommunity/models/item/aluminum_block.json",

        "src/generated/v1.8/resources/assets/advancedrocketrycommunity/models/item/aluminum_coil.json",

        "src/generated/v1.8/resources/assets/advancedrocketrycommunity/models/item/aluminum_dust.json",

        "src/generated/v1.8/resources/assets/advancedrocketrycommunity/models/item/aluminum_ingot.json",

        "src/generated/v1.8/resources/assets/advancedrocketrycommunity/models/item/aluminum_nugget.json",

        "src/generated/v1.8/resources/assets/advancedrocketrycommunity/models/item/aluminum_ore.json",

        "src/generated/v1.8/resources/assets/advancedrocketrycommunity/models/item/aluminum_plate.json",

        "src/generated/v1.8/resources/assets/advancedrocketrycommunity/models/item/aluminum_sheet.json",

        "src/generated/v1.8/resources/assets/advancedrocketrycommunity/models/item/blue_crystal_block.json",

        "src/generated/v1.8/resources/assets/advancedrocketrycommunity/models/item/charcoal_log.json",

        "src/generated/v1.8/resources/assets/advancedrocketrycommunity/models/item/combustion_generator.json",

        "src/generated/v1.8/resources/assets/advancedrocketrycommunity/models/item/copper_coil.json",

        "src/generated/v1.8/resources/assets/advancedrocketrycommunity/models/item/copper_dust.json",

        "src/generated/v1.8/resources/assets/advancedrocketrycommunity/models/item/copper_nugget.json",

        "src/generated/v1.8/resources/assets/advancedrocketrycommunity/models/item/copper_plate.json",

        "src/generated/v1.8/resources/assets/advancedrocketrycommunity/models/item/copper_rod.json",

        "src/generated/v1.8/resources/assets/advancedrocketrycommunity/models/item/copper_sheet.json",

        "src/generated/v1.8/resources/assets/advancedrocketrycommunity/models/item/dark_moon_turf.json",

        "src/generated/v1.8/resources/assets/advancedrocketrycommunity/models/item/deepslate_aluminum_ore.json",

        "src/generated/v1.8/resources/assets/advancedrocketrycommunity/models/item/deepslate_dilithium_ore.json",

        "src/generated/v1.8/resources/assets/advancedrocketrycommunity/models/item/deepslate_rutile_ore.json",

        "src/generated/v1.8/resources/assets/advancedrocketrycommunity/models/item/deepslate_tin_ore.json",

        "src/generated/v1.8/resources/assets/advancedrocketrycommunity/models/item/dilithium_crystal.json",

        "src/generated/v1.8/resources/assets/advancedrocketrycommunity/models/item/dilithium_dust.json",

        "src/generated/v1.8/resources/assets/advancedrocketrycommunity/models/item/dilithium_ore.json",

        "src/generated/v1.8/resources/assets/advancedrocketrycommunity/models/item/electric_mushroom.json",

        "src/generated/v1.8/resources/assets/advancedrocketrycommunity/models/item/elite_motor.json",

        "src/generated/v1.8/resources/assets/advancedrocketrycommunity/models/item/enhanced_motor.json",

        "src/generated/v1.8/resources/assets/advancedrocketrycommunity/models/item/enriched_lava_bucket.json",

        "src/generated/v1.8/resources/assets/advancedrocketrycommunity/models/item/ferric_sand.json",

        "src/generated/v1.8/resources/assets/advancedrocketrycommunity/models/item/geode_shell.json",

        "src/generated/v1.8/resources/assets/advancedrocketrycommunity/models/item/gold_coil.json",

        "src/generated/v1.8/resources/assets/advancedrocketrycommunity/models/item/gold_dust.json",

        "src/generated/v1.8/resources/assets/advancedrocketrycommunity/models/item/gold_plate.json",

        "src/generated/v1.8/resources/assets/advancedrocketrycommunity/models/item/green_crystal_block.json",

        "src/generated/v1.8/resources/assets/advancedrocketrycommunity/models/item/iridium_block.json",

        "src/generated/v1.8/resources/assets/advancedrocketrycommunity/models/item/iridium_coil.json",

        "src/generated/v1.8/resources/assets/advancedrocketrycommunity/models/item/iridium_dust.json",

        "src/generated/v1.8/resources/assets/advancedrocketrycommunity/models/item/iridium_ingot.json",

        "src/generated/v1.8/resources/assets/advancedrocketrycommunity/models/item/iridium_nugget.json",

        "src/generated/v1.8/resources/assets/advancedrocketrycommunity/models/item/iridium_ore.json",

        "src/generated/v1.8/resources/assets/advancedrocketrycommunity/models/item/iridium_plate.json",

        "src/generated/v1.8/resources/assets/advancedrocketrycommunity/models/item/iridium_rod.json",

        "src/generated/v1.8/resources/assets/advancedrocketrycommunity/models/item/iron_dust.json",

        "src/generated/v1.8/resources/assets/advancedrocketrycommunity/models/item/iron_plate.json",

        "src/generated/v1.8/resources/assets/advancedrocketrycommunity/models/item/iron_rod.json",

        "src/generated/v1.8/resources/assets/advancedrocketrycommunity/models/item/iron_sheet.json",

        "src/generated/v1.8/resources/assets/advancedrocketrycommunity/models/item/lightwood_leaves.json",

        "src/generated/v1.8/resources/assets/advancedrocketrycommunity/models/item/lightwood_log.json",

        "src/generated/v1.8/resources/assets/advancedrocketrycommunity/models/item/lightwood_planks.json",

        "src/generated/v1.8/resources/assets/advancedrocketrycommunity/models/item/lightwood_sapling.json",

        "src/generated/v1.8/resources/assets/advancedrocketrycommunity/models/item/moon_turf.json",

        "src/generated/v1.8/resources/assets/advancedrocketrycommunity/models/item/motor.json",

        "src/generated/v1.8/resources/assets/advancedrocketrycommunity/models/item/nitrogen_canister.json",

        "src/generated/v1.8/resources/assets/advancedrocketrycommunity/models/item/orange_crystal_block.json",

        "src/generated/v1.8/resources/assets/advancedrocketrycommunity/models/item/pressurized_tank.json",

        "src/generated/v1.8/resources/assets/advancedrocketrycommunity/models/item/pump.json",

        "src/generated/v1.8/resources/assets/advancedrocketrycommunity/models/item/raw_aluminum.json",

        "src/generated/v1.8/resources/assets/advancedrocketrycommunity/models/item/raw_iridium.json",

        "src/generated/v1.8/resources/assets/advancedrocketrycommunity/models/item/raw_rutile.json",

        "src/generated/v1.8/resources/assets/advancedrocketrycommunity/models/item/raw_tin.json",

        "src/generated/v1.8/resources/assets/advancedrocketrycommunity/models/item/red_crystal_block.json",

        "src/generated/v1.8/resources/assets/advancedrocketrycommunity/models/item/rocket_fuel_bucket.json",

        "src/generated/v1.8/resources/assets/advancedrocketrycommunity/models/item/rutile_ore.json",

        "src/generated/v1.8/resources/assets/advancedrocketrycommunity/models/item/silicon_boule.json",

        "src/generated/v1.8/resources/assets/advancedrocketrycommunity/models/item/silicon_dust.json",

        "src/generated/v1.8/resources/assets/advancedrocketrycommunity/models/item/silicon_ingot.json",

        "src/generated/v1.8/resources/assets/advancedrocketrycommunity/models/item/silicon_nugget.json",

        "src/generated/v1.8/resources/assets/advancedrocketrycommunity/models/item/silicon_plate.json",

        "src/generated/v1.8/resources/assets/advancedrocketrycommunity/models/item/small_plate_press.json",

        "src/generated/v1.8/resources/assets/advancedrocketrycommunity/models/item/steel_block.json",

        "src/generated/v1.8/resources/assets/advancedrocketrycommunity/models/item/steel_dust.json"

      ],

      "cwd": "D:\\GitHub\\AdvancedRocketry-Community",

      "started_utc": "2026-10-04T05:00:42.583272+00:00",

      "exit": 0,

      "log": "phase-commit01-29.log",

      "log_sha256": "e3b0c44298fc1c149afbf4c8996fb92427ae41e4649b934ca495991b7852b855"

    },

    {

      "command": [

        "git",

        "-c",

        "core.autocrlf=false",

        "add",

        "--",

        "src/generated/v1.8/resources/assets/advancedrocketrycommunity/models/item/steel_fan.json",

        "src/generated/v1.8/resources/assets/advancedrocketrycommunity/models/item/steel_gear.json",

        "src/generated/v1.8/resources/assets/advancedrocketrycommunity/models/item/steel_ingot.json",

        "src/generated/v1.8/resources/assets/advancedrocketrycommunity/models/item/steel_nugget.json",

        "src/generated/v1.8/resources/assets/advancedrocketrycommunity/models/item/steel_plate.json",

        "src/generated/v1.8/resources/assets/advancedrocketrycommunity/models/item/steel_rod.json",

        "src/generated/v1.8/resources/assets/advancedrocketrycommunity/models/item/steel_sheet.json",

        "src/generated/v1.8/resources/assets/advancedrocketrycommunity/models/item/tin_block.json",

        "src/generated/v1.8/resources/assets/advancedrocketrycommunity/models/item/tin_dust.json",

        "src/generated/v1.8/resources/assets/advancedrocketrycommunity/models/item/tin_ingot.json",

        "src/generated/v1.8/resources/assets/advancedrocketrycommunity/models/item/tin_nugget.json",

        "src/generated/v1.8/resources/assets/advancedrocketrycommunity/models/item/tin_ore.json",

        "src/generated/v1.8/resources/assets/advancedrocketrycommunity/models/item/tin_plate.json",

        "src/generated/v1.8/resources/assets/advancedrocketrycommunity/models/item/titanium_aluminide_block.json",

        "src/generated/v1.8/resources/assets/advancedrocketrycommunity/models/item/titanium_aluminide_dust.json",

        "src/generated/v1.8/resources/assets/advancedrocketrycommunity/models/item/titanium_aluminide_gear.json",

        "src/generated/v1.8/resources/assets/advancedrocketrycommunity/models/item/titanium_aluminide_ingot.json",

        "src/generated/v1.8/resources/assets/advancedrocketrycommunity/models/item/titanium_aluminide_nugget.json",

        "src/generated/v1.8/resources/assets/advancedrocketrycommunity/models/item/titanium_aluminide_plate.json",

        "src/generated/v1.8/resources/assets/advancedrocketrycommunity/models/item/titanium_aluminide_rod.json",

        "src/generated/v1.8/resources/assets/advancedrocketrycommunity/models/item/titanium_aluminide_sheet.json",

        "src/generated/v1.8/resources/assets/advancedrocketrycommunity/models/item/titanium_block.json",

        "src/generated/v1.8/resources/assets/advancedrocketrycommunity/models/item/titanium_coil.json",

        "src/generated/v1.8/resources/assets/advancedrocketrycommunity/models/item/titanium_dust.json",

        "src/generated/v1.8/resources/assets/advancedrocketrycommunity/models/item/titanium_gear.json",

        "src/generated/v1.8/resources/assets/advancedrocketrycommunity/models/item/titanium_ingot.json",

        "src/generated/v1.8/resources/assets/advancedrocketrycommunity/models/item/titanium_iridium_block.json",

        "src/generated/v1.8/resources/assets/advancedrocketrycommunity/models/item/titanium_iridium_dust.json",

        "src/generated/v1.8/resources/assets/advancedrocketrycommunity/models/item/titanium_iridium_gear.json",

        "src/generated/v1.8/resources/assets/advancedrocketrycommunity/models/item/titanium_iridium_ingot.json",

        "src/generated/v1.8/resources/assets/advancedrocketrycommunity/models/item/titanium_iridium_nugget.json",

        "src/generated/v1.8/resources/assets/advancedrocketrycommunity/models/item/titanium_iridium_plate.json",

        "src/generated/v1.8/resources/assets/advancedrocketrycommunity/models/item/titanium_iridium_rod.json",

        "src/generated/v1.8/resources/assets/advancedrocketrycommunity/models/item/titanium_iridium_sheet.json",

        "src/generated/v1.8/resources/assets/advancedrocketrycommunity/models/item/titanium_nugget.json",

        "src/generated/v1.8/resources/assets/advancedrocketrycommunity/models/item/titanium_plate.json",

        "src/generated/v1.8/resources/assets/advancedrocketrycommunity/models/item/titanium_rod.json",

        "src/generated/v1.8/resources/assets/advancedrocketrycommunity/models/item/titanium_sheet.json",

        "src/generated/v1.8/resources/assets/advancedrocketrycommunity/models/item/violet_crystal_block.json",

        "src/generated/v1.8/resources/assets/advancedrocketrycommunity/models/item/yellow_crystal_block.json",

        "src/generated/v1.8/resources/assets/advancedrocketrycommunity/textures/block/advanced_motor_bottom.png",

        "src/generated/v1.8/resources/assets/advancedrocketrycommunity/textures/block/advanced_motor_side.png",

        "src/generated/v1.8/resources/assets/advancedrocketrycommunity/textures/block/advanced_motor_top.png",

        "src/generated/v1.8/resources/assets/advancedrocketrycommunity/textures/block/charcoal_log.png",

        "src/generated/v1.8/resources/assets/advancedrocketrycommunity/textures/block/charcoal_log_top.png",

        "src/generated/v1.8/resources/assets/advancedrocketrycommunity/textures/block/combustion_front.png",

        "src/generated/v1.8/resources/assets/advancedrocketrycommunity/textures/block/combustion_front_lit.png",

        "src/generated/v1.8/resources/assets/advancedrocketrycommunity/textures/block/combustion_side.png",

        "src/generated/v1.8/resources/assets/advancedrocketrycommunity/textures/block/combustion_top.png",

        "src/generated/v1.8/resources/assets/advancedrocketrycommunity/textures/block/crystal.png",

        "src/generated/v1.8/resources/assets/advancedrocketrycommunity/textures/block/dark_moon_turf.png",

        "src/generated/v1.8/resources/assets/advancedrocketrycommunity/textures/block/electric_mushroom.png",

        "src/generated/v1.8/resources/assets/advancedrocketrycommunity/textures/block/elite_motor_bottom.png",

        "src/generated/v1.8/resources/assets/advancedrocketrycommunity/textures/block/elite_motor_side.png",

        "src/generated/v1.8/resources/assets/advancedrocketrycommunity/textures/block/elite_motor_top.png",

        "src/generated/v1.8/resources/assets/advancedrocketrycommunity/textures/block/enhanced_motor_bottom.png",

        "src/generated/v1.8/resources/assets/advancedrocketrycommunity/textures/block/enhanced_motor_side.png",

        "src/generated/v1.8/resources/assets/advancedrocketrycommunity/textures/block/enhanced_motor_top.png",

        "src/generated/v1.8/resources/assets/advancedrocketrycommunity/textures/block/ferric_sand.png",

        "src/generated/v1.8/resources/assets/advancedrocketrycommunity/textures/block/fluid/enriched_lava_flow.png",

        "src/generated/v1.8/resources/assets/advancedrocketrycommunity/textures/block/fluid/enriched_lava_still.png",

        "src/generated/v1.8/resources/assets/advancedrocketrycommunity/textures/block/fluid/hydrogen_flow.png",

        "src/generated/v1.8/resources/assets/advancedrocketrycommunity/textures/block/fluid/hydrogen_still.png",

        "src/generated/v1.8/resources/assets/advancedrocketrycommunity/textures/block/fluid/nitrogen_flow.png",

        "src/generated/v1.8/resources/assets/advancedrocketrycommunity/textures/block/fluid/nitrogen_still.png",

        "src/generated/v1.8/resources/assets/advancedrocketrycommunity/textures/block/fluid/oxygen_flow.png",

        "src/generated/v1.8/resources/assets/advancedrocketrycommunity/textures/block/fluid/oxygen_still.png",

        "src/generated/v1.8/resources/assets/advancedrocketrycommunity/textures/block/fluid/rocket_fuel_flow.png",

        "src/generated/v1.8/resources/assets/advancedrocketrycommunity/textures/block/fluid/rocket_fuel_still.png",

        "src/generated/v1.8/resources/assets/advancedrocketrycommunity/textures/block/geode_shell.png",

        "src/generated/v1.8/resources/assets/advancedrocketrycommunity/textures/block/lightwood_leaves.png",

        "src/generated/v1.8/resources/assets/advancedrocketrycommunity/textures/block/lightwood_log.png",

        "src/generated/v1.8/resources/assets/advancedrocketrycommunity/textures/block/lightwood_log_top.png",

        "src/generated/v1.8/resources/assets/advancedrocketrycommunity/textures/block/lightwood_planks.png",

        "src/generated/v1.8/resources/assets/advancedrocketrycommunity/textures/block/lightwood_sapling.png",

        "src/generated/v1.8/resources/assets/advancedrocketrycommunity/textures/block/material/coil_side.png",

        "src/generated/v1.8/resources/assets/advancedrocketrycommunity/textures/block/material/coil_top.png",

        "src/generated/v1.8/resources/assets/advancedrocketrycommunity/textures/block/material/crystal_ore_overlay.png",

        "src/generated/v1.8/resources/assets/advancedrocketrycommunity/textures/block/material/ore_overlay.png",

        "src/generated/v1.8/resources/assets/advancedrocketrycommunity/textures/block/material/storage.png"

      ],

      "cwd": "D:\\GitHub\\AdvancedRocketry-Community",

      "started_utc": "2026-10-04T05:00:42.714222+00:00",

      "exit": 0,

      "log": "phase-commit01-30.log",

      "log_sha256": "e3b0c44298fc1c149afbf4c8996fb92427ae41e4649b934ca495991b7852b855"

    },

    {

      "command": [

        "git",

        "-c",

        "core.autocrlf=false",

        "add",

        "--",

        "src/generated/v1.8/resources/assets/advancedrocketrycommunity/textures/block/moon_turf.png",

        "src/generated/v1.8/resources/assets/advancedrocketrycommunity/textures/block/motor_bottom.png",

        "src/generated/v1.8/resources/assets/advancedrocketrycommunity/textures/block/motor_side.png",

        "src/generated/v1.8/resources/assets/advancedrocketrycommunity/textures/block/motor_top.png",

        "src/generated/v1.8/resources/assets/advancedrocketrycommunity/textures/block/pressurized_tank_bottom.png",

        "src/generated/v1.8/resources/assets/advancedrocketrycommunity/textures/block/pressurized_tank_side.png",

        "src/generated/v1.8/resources/assets/advancedrocketrycommunity/textures/block/pressurized_tank_top.png",

        "src/generated/v1.8/resources/assets/advancedrocketrycommunity/textures/block/pump_bottom.png",

        "src/generated/v1.8/resources/assets/advancedrocketrycommunity/textures/block/pump_side.png",

        "src/generated/v1.8/resources/assets/advancedrocketrycommunity/textures/block/pump_top.png",

        "src/generated/v1.8/resources/assets/advancedrocketrycommunity/textures/block/small_plate_press_bottom.png",

        "src/generated/v1.8/resources/assets/advancedrocketrycommunity/textures/block/small_plate_press_side.png",

        "src/generated/v1.8/resources/assets/advancedrocketrycommunity/textures/block/small_plate_press_top.png",

        "src/generated/v1.8/resources/assets/advancedrocketrycommunity/textures/item/enriched_lava_bucket.png",

        "src/generated/v1.8/resources/assets/advancedrocketrycommunity/textures/item/material/boule.png",

        "src/generated/v1.8/resources/assets/advancedrocketrycommunity/textures/item/material/crystal.png",

        "src/generated/v1.8/resources/assets/advancedrocketrycommunity/textures/item/material/dust.png",

        "src/generated/v1.8/resources/assets/advancedrocketrycommunity/textures/item/material/fan.png",

        "src/generated/v1.8/resources/assets/advancedrocketrycommunity/textures/item/material/gear.png",

        "src/generated/v1.8/resources/assets/advancedrocketrycommunity/textures/item/material/ingot.png",

        "src/generated/v1.8/resources/assets/advancedrocketrycommunity/textures/item/material/nugget.png",

        "src/generated/v1.8/resources/assets/advancedrocketrycommunity/textures/item/material/plate.png",

        "src/generated/v1.8/resources/assets/advancedrocketrycommunity/textures/item/material/raw.png",

        "src/generated/v1.8/resources/assets/advancedrocketrycommunity/textures/item/material/rod.png",

        "src/generated/v1.8/resources/assets/advancedrocketrycommunity/textures/item/material/sheet.png",

        "src/generated/v1.8/resources/assets/advancedrocketrycommunity/textures/item/nitrogen_canister.png",

        "src/generated/v1.8/resources/assets/advancedrocketrycommunity/textures/item/rocket_fuel_bucket.png",

        "src/generated/v1.8/resources/assets/advancedrocketrycommunity_v180/lang/en_us.json",

        "src/generated/v1.8/resources/assets/advancedrocketrycommunity_v180/lang/zh_cn.json",

        "src/generated/v1.8/resources/data/advancedrocketrycommunity/advancements/recipes/building_blocks/aluminum_block.json",

        "src/generated/v1.8/resources/data/advancedrocketrycommunity/advancements/recipes/building_blocks/aluminum_coil.json",

        "src/generated/v1.8/resources/data/advancedrocketrycommunity/advancements/recipes/building_blocks/copper_coil.json",

        "src/generated/v1.8/resources/data/advancedrocketrycommunity/advancements/recipes/building_blocks/gold_coil.json",

        "src/generated/v1.8/resources/data/advancedrocketrycommunity/advancements/recipes/building_blocks/iridium_block.json",

        "src/generated/v1.8/resources/data/advancedrocketrycommunity/advancements/recipes/building_blocks/iridium_coil.json",

        "src/generated/v1.8/resources/data/advancedrocketrycommunity/advancements/recipes/building_blocks/lightwood_planks.json",

        "src/generated/v1.8/resources/data/advancedrocketrycommunity/advancements/recipes/building_blocks/steel_block.json",

        "src/generated/v1.8/resources/data/advancedrocketrycommunity/advancements/recipes/building_blocks/tin_block.json",

        "src/generated/v1.8/resources/data/advancedrocketrycommunity/advancements/recipes/building_blocks/titanium_aluminide_block.json",

        "src/generated/v1.8/resources/data/advancedrocketrycommunity/advancements/recipes/building_blocks/titanium_block.json",

        "src/generated/v1.8/resources/data/advancedrocketrycommunity/advancements/recipes/building_blocks/titanium_coil.json",

        "src/generated/v1.8/resources/data/advancedrocketrycommunity/advancements/recipes/building_blocks/titanium_iridium_block.json",

        "src/generated/v1.8/resources/data/advancedrocketrycommunity/advancements/recipes/misc/advanced_motor.json",

        "src/generated/v1.8/resources/data/advancedrocketrycommunity/advancements/recipes/misc/aluminum_ingot_from_aluminum_block.json",

        "src/generated/v1.8/resources/data/advancedrocketrycommunity/advancements/recipes/misc/aluminum_ingot_from_dust_blasting.json",

        "src/generated/v1.8/resources/data/advancedrocketrycommunity/advancements/recipes/misc/aluminum_ingot_from_dust_smelting.json",

        "src/generated/v1.8/resources/data/advancedrocketrycommunity/advancements/recipes/misc/aluminum_ingot_from_nuggets.json",

        "src/generated/v1.8/resources/data/advancedrocketrycommunity/advancements/recipes/misc/aluminum_ingot_from_ore_blasting.json",

        "src/generated/v1.8/resources/data/advancedrocketrycommunity/advancements/recipes/misc/aluminum_ingot_from_ore_smelting.json",

        "src/generated/v1.8/resources/data/advancedrocketrycommunity/advancements/recipes/misc/aluminum_ingot_from_raw_blasting.json",

        "src/generated/v1.8/resources/data/advancedrocketrycommunity/advancements/recipes/misc/aluminum_ingot_from_raw_smelting.json",

        "src/generated/v1.8/resources/data/advancedrocketrycommunity/advancements/recipes/misc/aluminum_nugget.json",

        "src/generated/v1.8/resources/data/advancedrocketrycommunity/advancements/recipes/misc/copper_ingot_from_dust_blasting.json",

        "src/generated/v1.8/resources/data/advancedrocketrycommunity/advancements/recipes/misc/copper_ingot_from_dust_smelting.json",

        "src/generated/v1.8/resources/data/advancedrocketrycommunity/advancements/recipes/misc/copper_ingot_from_nuggets.json",

        "src/generated/v1.8/resources/data/advancedrocketrycommunity/advancements/recipes/misc/copper_nugget.json",

        "src/generated/v1.8/resources/data/advancedrocketrycommunity/advancements/recipes/misc/copper_rod.json",

        "src/generated/v1.8/resources/data/advancedrocketrycommunity/advancements/recipes/misc/dilithium_dust_from_ore_blasting.json",

        "src/generated/v1.8/resources/data/advancedrocketrycommunity/advancements/recipes/misc/dilithium_dust_from_ore_smelting.json",

        "src/generated/v1.8/resources/data/advancedrocketrycommunity/advancements/recipes/misc/elite_motor.json",

        "src/generated/v1.8/resources/data/advancedrocketrycommunity/advancements/recipes/misc/enhanced_motor.json",

        "src/generated/v1.8/resources/data/advancedrocketrycommunity/advancements/recipes/misc/gold_ingot_from_dust_blasting.json",

        "src/generated/v1.8/resources/data/advancedrocketrycommunity/advancements/recipes/misc/gold_ingot_from_dust_smelting.json",

        "src/generated/v1.8/resources/data/advancedrocketrycommunity/advancements/recipes/misc/iridium_ingot_from_dust_blasting.json",

        "src/generated/v1.8/resources/data/advancedrocketrycommunity/advancements/recipes/misc/iridium_ingot_from_dust_smelting.json",

        "src/generated/v1.8/resources/data/advancedrocketrycommunity/advancements/recipes/misc/iridium_ingot_from_iridium_block.json",

        "src/generated/v1.8/resources/data/advancedrocketrycommunity/advancements/recipes/misc/iridium_ingot_from_nuggets.json",

        "src/generated/v1.8/resources/data/advancedrocketrycommunity/advancements/recipes/misc/iridium_ingot_from_ore_blasting.json",

        "src/generated/v1.8/resources/data/advancedrocketrycommunity/advancements/recipes/misc/iridium_ingot_from_ore_smelting.json",

        "src/generated/v1.8/resources/data/advancedrocketrycommunity/advancements/recipes/misc/iridium_ingot_from_raw_blasting.json",

        "src/generated/v1.8/resources/data/advancedrocketrycommunity/advancements/recipes/misc/iridium_ingot_from_raw_smelting.json",

        "src/generated/v1.8/resources/data/advancedrocketrycommunity/advancements/recipes/misc/iridium_nugget.json",

        "src/generated/v1.8/resources/data/advancedrocketrycommunity/advancements/recipes/misc/iridium_rod.json",

        "src/generated/v1.8/resources/data/advancedrocketrycommunity/advancements/recipes/misc/iron_ingot_from_dust_blasting.json",

        "src/generated/v1.8/resources/data/advancedrocketrycommunity/advancements/recipes/misc/iron_ingot_from_dust_smelting.json",

        "src/generated/v1.8/resources/data/advancedrocketrycommunity/advancements/recipes/misc/iron_rod.json",

        "src/generated/v1.8/resources/data/advancedrocketrycommunity/advancements/recipes/misc/motor.json",

        "src/generated/v1.8/resources/data/advancedrocketrycommunity/advancements/recipes/misc/pressurized_tank.json",

        "src/generated/v1.8/resources/data/advancedrocketrycommunity/advancements/recipes/misc/pump.json",

        "src/generated/v1.8/resources/data/advancedrocketrycommunity/advancements/recipes/misc/silicon_ingot_from_dust_blasting.json"

      ],

      "cwd": "D:\\GitHub\\AdvancedRocketry-Community",

      "started_utc": "2026-10-04T05:00:42.865357+00:00",

      "exit": 0,

      "log": "phase-commit01-31.log",

      "log_sha256": "e3b0c44298fc1c149afbf4c8996fb92427ae41e4649b934ca495991b7852b855"

    },

    {

      "command": [

        "git",

        "-c",

        "core.autocrlf=false",

        "add",

        "--",

        "src/generated/v1.8/resources/data/advancedrocketrycommunity/advancements/recipes/misc/silicon_ingot_from_dust_smelting.json",

        "src/generated/v1.8/resources/data/advancedrocketrycommunity/advancements/recipes/misc/silicon_ingot_from_nuggets.json",

        "src/generated/v1.8/resources/data/advancedrocketrycommunity/advancements/recipes/misc/silicon_nugget.json",

        "src/generated/v1.8/resources/data/advancedrocketrycommunity/advancements/recipes/misc/steel_fan.json",

        "src/generated/v1.8/resources/data/advancedrocketrycommunity/advancements/recipes/misc/steel_gear.json",

        "src/generated/v1.8/resources/data/advancedrocketrycommunity/advancements/recipes/misc/steel_ingot_from_dust_blasting.json",

        "src/generated/v1.8/resources/data/advancedrocketrycommunity/advancements/recipes/misc/steel_ingot_from_dust_smelting.json",

        "src/generated/v1.8/resources/data/advancedrocketrycommunity/advancements/recipes/misc/steel_ingot_from_nuggets.json",

        "src/generated/v1.8/resources/data/advancedrocketrycommunity/advancements/recipes/misc/steel_ingot_from_steel_block.json",

        "src/generated/v1.8/resources/data/advancedrocketrycommunity/advancements/recipes/misc/steel_nugget.json",

        "src/generated/v1.8/resources/data/advancedrocketrycommunity/advancements/recipes/misc/steel_rod.json",

        "src/generated/v1.8/resources/data/advancedrocketrycommunity/advancements/recipes/misc/tin_ingot_from_dust_blasting.json",

        "src/generated/v1.8/resources/data/advancedrocketrycommunity/advancements/recipes/misc/tin_ingot_from_dust_smelting.json",

        "src/generated/v1.8/resources/data/advancedrocketrycommunity/advancements/recipes/misc/tin_ingot_from_nuggets.json",

        "src/generated/v1.8/resources/data/advancedrocketrycommunity/advancements/recipes/misc/tin_ingot_from_ore_blasting.json",

        "src/generated/v1.8/resources/data/advancedrocketrycommunity/advancements/recipes/misc/tin_ingot_from_ore_smelting.json",

        "src/generated/v1.8/resources/data/advancedrocketrycommunity/advancements/recipes/misc/tin_ingot_from_raw_blasting.json",

        "src/generated/v1.8/resources/data/advancedrocketrycommunity/advancements/recipes/misc/tin_ingot_from_raw_smelting.json",

        "src/generated/v1.8/resources/data/advancedrocketrycommunity/advancements/recipes/misc/tin_ingot_from_tin_block.json",

        "src/generated/v1.8/resources/data/advancedrocketrycommunity/advancements/recipes/misc/tin_nugget.json",

        "src/generated/v1.8/resources/data/advancedrocketrycommunity/advancements/recipes/misc/titanium_aluminide_gear.json",

        "src/generated/v1.8/resources/data/advancedrocketrycommunity/advancements/recipes/misc/titanium_aluminide_ingot_from_dust_blasting.json",

        "src/generated/v1.8/resources/data/advancedrocketrycommunity/advancements/recipes/misc/titanium_aluminide_ingot_from_dust_smelting.json",

        "src/generated/v1.8/resources/data/advancedrocketrycommunity/advancements/recipes/misc/titanium_aluminide_ingot_from_nuggets.json",

        "src/generated/v1.8/resources/data/advancedrocketrycommunity/advancements/recipes/misc/titanium_aluminide_ingot_from_titanium_aluminide_block.json",

        "src/generated/v1.8/resources/data/advancedrocketrycommunity/advancements/recipes/misc/titanium_aluminide_nugget.json",

        "src/generated/v1.8/resources/data/advancedrocketrycommunity/advancements/recipes/misc/titanium_aluminide_rod.json",

        "src/generated/v1.8/resources/data/advancedrocketrycommunity/advancements/recipes/misc/titanium_gear.json",

        "src/generated/v1.8/resources/data/advancedrocketrycommunity/advancements/recipes/misc/titanium_ingot_from_dust_blasting.json",

        "src/generated/v1.8/resources/data/advancedrocketrycommunity/advancements/recipes/misc/titanium_ingot_from_dust_smelting.json",

        "src/generated/v1.8/resources/data/advancedrocketrycommunity/advancements/recipes/misc/titanium_ingot_from_nuggets.json",

        "src/generated/v1.8/resources/data/advancedrocketrycommunity/advancements/recipes/misc/titanium_ingot_from_titanium_block.json",

        "src/generated/v1.8/resources/data/advancedrocketrycommunity/advancements/recipes/misc/titanium_iridium_gear.json",

        "src/generated/v1.8/resources/data/advancedrocketrycommunity/advancements/recipes/misc/titanium_iridium_ingot_from_dust_blasting.json",

        "src/generated/v1.8/resources/data/advancedrocketrycommunity/advancements/recipes/misc/titanium_iridium_ingot_from_dust_smelting.json",

        "src/generated/v1.8/resources/data/advancedrocketrycommunity/advancements/recipes/misc/titanium_iridium_ingot_from_nuggets.json",

        "src/generated/v1.8/resources/data/advancedrocketrycommunity/advancements/recipes/misc/titanium_iridium_ingot_from_titanium_iridium_block.json",

        "src/generated/v1.8/resources/data/advancedrocketrycommunity/advancements/recipes/misc/titanium_iridium_nugget.json",

        "src/generated/v1.8/resources/data/advancedrocketrycommunity/advancements/recipes/misc/titanium_iridium_rod.json",

        "src/generated/v1.8/resources/data/advancedrocketrycommunity/advancements/recipes/misc/titanium_nugget.json",

        "src/generated/v1.8/resources/data/advancedrocketrycommunity/advancements/recipes/misc/titanium_rod.json",

        "src/generated/v1.8/resources/data/advancedrocketrycommunity/advancements/recipes/redstone/combustion_generator.json",

        "src/generated/v1.8/resources/data/advancedrocketrycommunity/advancements/recipes/redstone/small_plate_press.json",

        "src/generated/v1.8/resources/data/advancedrocketrycommunity/celestial_bodies/tau_ceti_f.json",

        "src/generated/v1.8/resources/data/advancedrocketrycommunity/celestial_bodies/tau_ceti_g.json",

        "src/generated/v1.8/resources/data/advancedrocketrycommunity/dimension/mars.json",

        "src/generated/v1.8/resources/data/advancedrocketrycommunity/dimension/moon.json",

        "src/generated/v1.8/resources/data/advancedrocketrycommunity/dimension/tau_ceti_f.json",

        "src/generated/v1.8/resources/data/advancedrocketrycommunity/dimension/tau_ceti_g.json",

        "src/generated/v1.8/resources/data/advancedrocketrycommunity/dimension/venus.json",

        "src/generated/v1.8/resources/data/advancedrocketrycommunity/dimension_type/tau_ceti_f.json",

        "src/generated/v1.8/resources/data/advancedrocketrycommunity/dimension_type/tau_ceti_g.json",

        "src/generated/v1.8/resources/data/advancedrocketrycommunity/forge/biome_modifier/overworld_ores.json",

        "src/generated/v1.8/resources/data/advancedrocketrycommunity/gas_harvest/gas_giant.json",

        "src/generated/v1.8/resources/data/advancedrocketrycommunity/loot_tables/blocks/advanced_motor.json",

        "src/generated/v1.8/resources/data/advancedrocketrycommunity/loot_tables/blocks/aluminum_block.json",

        "src/generated/v1.8/resources/data/advancedrocketrycommunity/loot_tables/blocks/aluminum_coil.json",

        "src/generated/v1.8/resources/data/advancedrocketrycommunity/loot_tables/blocks/aluminum_ore.json",

        "src/generated/v1.8/resources/data/advancedrocketrycommunity/loot_tables/blocks/blue_crystal_block.json",

        "src/generated/v1.8/resources/data/advancedrocketrycommunity/loot_tables/blocks/charcoal_log.json",

        "src/generated/v1.8/resources/data/advancedrocketrycommunity/loot_tables/blocks/combustion_generator.json",

        "src/generated/v1.8/resources/data/advancedrocketrycommunity/loot_tables/blocks/copper_coil.json",

        "src/generated/v1.8/resources/data/advancedrocketrycommunity/loot_tables/blocks/dark_moon_turf.json",

        "src/generated/v1.8/resources/data/advancedrocketrycommunity/loot_tables/blocks/deepslate_aluminum_ore.json",

        "src/generated/v1.8/resources/data/advancedrocketrycommunity/loot_tables/blocks/deepslate_dilithium_ore.json",

        "src/generated/v1.8/resources/data/advancedrocketrycommunity/loot_tables/blocks/deepslate_rutile_ore.json",

        "src/generated/v1.8/resources/data/advancedrocketrycommunity/loot_tables/blocks/deepslate_tin_ore.json",

        "src/generated/v1.8/resources/data/advancedrocketrycommunity/loot_tables/blocks/dilithium_ore.json",

        "src/generated/v1.8/resources/data/advancedrocketrycommunity/loot_tables/blocks/electric_mushroom.json",

        "src/generated/v1.8/resources/data/advancedrocketrycommunity/loot_tables/blocks/elite_motor.json",

        "src/generated/v1.8/resources/data/advancedrocketrycommunity/loot_tables/blocks/enhanced_motor.json",

        "src/generated/v1.8/resources/data/advancedrocketrycommunity/loot_tables/blocks/ferric_sand.json",

        "src/generated/v1.8/resources/data/advancedrocketrycommunity/loot_tables/blocks/geode_shell.json",

        "src/generated/v1.8/resources/data/advancedrocketrycommunity/loot_tables/blocks/gold_coil.json",

        "src/generated/v1.8/resources/data/advancedrocketrycommunity/loot_tables/blocks/green_crystal_block.json",

        "src/generated/v1.8/resources/data/advancedrocketrycommunity/loot_tables/blocks/iridium_block.json",

        "src/generated/v1.8/resources/data/advancedrocketrycommunity/loot_tables/blocks/iridium_coil.json",

        "src/generated/v1.8/resources/data/advancedrocketrycommunity/loot_tables/blocks/iridium_ore.json",

        "src/generated/v1.8/resources/data/advancedrocketrycommunity/loot_tables/blocks/lightwood_leaves.json",

        "src/generated/v1.8/resources/data/advancedrocketrycommunity/loot_tables/blocks/lightwood_log.json"

      ],

      "cwd": "D:\\GitHub\\AdvancedRocketry-Community",

      "started_utc": "2026-10-04T05:00:43.027448+00:00",

      "exit": 0,

      "log": "phase-commit01-32.log",

      "log_sha256": "e3b0c44298fc1c149afbf4c8996fb92427ae41e4649b934ca495991b7852b855"

    },

    {

      "command": [

        "git",

        "-c",

        "core.autocrlf=false",

        "add",

        "--",

        "src/generated/v1.8/resources/data/advancedrocketrycommunity/loot_tables/blocks/lightwood_planks.json",

        "src/generated/v1.8/resources/data/advancedrocketrycommunity/loot_tables/blocks/lightwood_sapling.json",

        "src/generated/v1.8/resources/data/advancedrocketrycommunity/loot_tables/blocks/moon_turf.json",

        "src/generated/v1.8/resources/data/advancedrocketrycommunity/loot_tables/blocks/motor.json",

        "src/generated/v1.8/resources/data/advancedrocketrycommunity/loot_tables/blocks/orange_crystal_block.json",

        "src/generated/v1.8/resources/data/advancedrocketrycommunity/loot_tables/blocks/pressurized_tank.json",

        "src/generated/v1.8/resources/data/advancedrocketrycommunity/loot_tables/blocks/pump.json",

        "src/generated/v1.8/resources/data/advancedrocketrycommunity/loot_tables/blocks/red_crystal_block.json",

        "src/generated/v1.8/resources/data/advancedrocketrycommunity/loot_tables/blocks/rutile_ore.json",

        "src/generated/v1.8/resources/data/advancedrocketrycommunity/loot_tables/blocks/small_plate_press.json",

        "src/generated/v1.8/resources/data/advancedrocketrycommunity/loot_tables/blocks/steel_block.json",

        "src/generated/v1.8/resources/data/advancedrocketrycommunity/loot_tables/blocks/tin_block.json",

        "src/generated/v1.8/resources/data/advancedrocketrycommunity/loot_tables/blocks/tin_ore.json",

        "src/generated/v1.8/resources/data/advancedrocketrycommunity/loot_tables/blocks/titanium_aluminide_block.json",

        "src/generated/v1.8/resources/data/advancedrocketrycommunity/loot_tables/blocks/titanium_block.json",

        "src/generated/v1.8/resources/data/advancedrocketrycommunity/loot_tables/blocks/titanium_coil.json",

        "src/generated/v1.8/resources/data/advancedrocketrycommunity/loot_tables/blocks/titanium_iridium_block.json",

        "src/generated/v1.8/resources/data/advancedrocketrycommunity/loot_tables/blocks/violet_crystal_block.json",

        "src/generated/v1.8/resources/data/advancedrocketrycommunity/loot_tables/blocks/yellow_crystal_block.json",

        "src/generated/v1.8/resources/data/advancedrocketrycommunity/recipes/advanced_motor.json",

        "src/generated/v1.8/resources/data/advancedrocketrycommunity/recipes/aluminum_block.json",

        "src/generated/v1.8/resources/data/advancedrocketrycommunity/recipes/aluminum_coil.json",

        "src/generated/v1.8/resources/data/advancedrocketrycommunity/recipes/aluminum_ingot_from_aluminum_block.json",

        "src/generated/v1.8/resources/data/advancedrocketrycommunity/recipes/aluminum_ingot_from_dust_blasting.json",

        "src/generated/v1.8/resources/data/advancedrocketrycommunity/recipes/aluminum_ingot_from_dust_smelting.json",

        "src/generated/v1.8/resources/data/advancedrocketrycommunity/recipes/aluminum_ingot_from_nuggets.json",

        "src/generated/v1.8/resources/data/advancedrocketrycommunity/recipes/aluminum_ingot_from_ore_blasting.json",

        "src/generated/v1.8/resources/data/advancedrocketrycommunity/recipes/aluminum_ingot_from_ore_smelting.json",

        "src/generated/v1.8/resources/data/advancedrocketrycommunity/recipes/aluminum_ingot_from_raw_blasting.json",

        "src/generated/v1.8/resources/data/advancedrocketrycommunity/recipes/aluminum_ingot_from_raw_smelting.json",

        "src/generated/v1.8/resources/data/advancedrocketrycommunity/recipes/aluminum_nugget.json",

        "src/generated/v1.8/resources/data/advancedrocketrycommunity/recipes/combustion_generator.json",

        "src/generated/v1.8/resources/data/advancedrocketrycommunity/recipes/copper_coil.json",

        "src/generated/v1.8/resources/data/advancedrocketrycommunity/recipes/copper_ingot_from_dust_blasting.json",

        "src/generated/v1.8/resources/data/advancedrocketrycommunity/recipes/copper_ingot_from_dust_smelting.json",

        "src/generated/v1.8/resources/data/advancedrocketrycommunity/recipes/copper_ingot_from_nuggets.json",

        "src/generated/v1.8/resources/data/advancedrocketrycommunity/recipes/copper_nugget.json",

        "src/generated/v1.8/resources/data/advancedrocketrycommunity/recipes/copper_rod.json",

        "src/generated/v1.8/resources/data/advancedrocketrycommunity/recipes/dilithium_dust_from_ore_blasting.json",

        "src/generated/v1.8/resources/data/advancedrocketrycommunity/recipes/dilithium_dust_from_ore_smelting.json",

        "src/generated/v1.8/resources/data/advancedrocketrycommunity/recipes/elite_motor.json",

        "src/generated/v1.8/resources/data/advancedrocketrycommunity/recipes/enhanced_motor.json",

        "src/generated/v1.8/resources/data/advancedrocketrycommunity/recipes/gold_coil.json",

        "src/generated/v1.8/resources/data/advancedrocketrycommunity/recipes/gold_ingot_from_dust_blasting.json",

        "src/generated/v1.8/resources/data/advancedrocketrycommunity/recipes/gold_ingot_from_dust_smelting.json",

        "src/generated/v1.8/resources/data/advancedrocketrycommunity/recipes/iridium_block.json",

        "src/generated/v1.8/resources/data/advancedrocketrycommunity/recipes/iridium_coil.json",

        "src/generated/v1.8/resources/data/advancedrocketrycommunity/recipes/iridium_ingot_from_dust_blasting.json",

        "src/generated/v1.8/resources/data/advancedrocketrycommunity/recipes/iridium_ingot_from_dust_smelting.json",

        "src/generated/v1.8/resources/data/advancedrocketrycommunity/recipes/iridium_ingot_from_iridium_block.json",

        "src/generated/v1.8/resources/data/advancedrocketrycommunity/recipes/iridium_ingot_from_nuggets.json",

        "src/generated/v1.8/resources/data/advancedrocketrycommunity/recipes/iridium_ingot_from_ore_blasting.json",

        "src/generated/v1.8/resources/data/advancedrocketrycommunity/recipes/iridium_ingot_from_ore_smelting.json",

        "src/generated/v1.8/resources/data/advancedrocketrycommunity/recipes/iridium_ingot_from_raw_blasting.json",

        "src/generated/v1.8/resources/data/advancedrocketrycommunity/recipes/iridium_ingot_from_raw_smelting.json",

        "src/generated/v1.8/resources/data/advancedrocketrycommunity/recipes/iridium_nugget.json",

        "src/generated/v1.8/resources/data/advancedrocketrycommunity/recipes/iridium_rod.json",

        "src/generated/v1.8/resources/data/advancedrocketrycommunity/recipes/iron_ingot_from_dust_blasting.json",

        "src/generated/v1.8/resources/data/advancedrocketrycommunity/recipes/iron_ingot_from_dust_smelting.json",

        "src/generated/v1.8/resources/data/advancedrocketrycommunity/recipes/iron_rod.json",

        "src/generated/v1.8/resources/data/advancedrocketrycommunity/recipes/lightwood_planks.json",

        "src/generated/v1.8/resources/data/advancedrocketrycommunity/recipes/motor.json",

        "src/generated/v1.8/resources/data/advancedrocketrycommunity/recipes/precision_control_circuit.json",

        "src/generated/v1.8/resources/data/advancedrocketrycommunity/recipes/precision_guidance_module.json",

        "src/generated/v1.8/resources/data/advancedrocketrycommunity/recipes/pressing_aluminum_dust.json",

        "src/generated/v1.8/resources/data/advancedrocketrycommunity/recipes/pressing_aluminum_plate.json",

        "src/generated/v1.8/resources/data/advancedrocketrycommunity/recipes/pressing_copper_dust.json",

        "src/generated/v1.8/resources/data/advancedrocketrycommunity/recipes/pressing_copper_plate.json",

        "src/generated/v1.8/resources/data/advancedrocketrycommunity/recipes/pressing_dilithium_dust.json",

        "src/generated/v1.8/resources/data/advancedrocketrycommunity/recipes/pressing_gold_dust.json",

        "src/generated/v1.8/resources/data/advancedrocketrycommunity/recipes/pressing_gold_plate.json",

        "src/generated/v1.8/resources/data/advancedrocketrycommunity/recipes/pressing_iridium_dust.json",

        "src/generated/v1.8/resources/data/advancedrocketrycommunity/recipes/pressing_iridium_plate.json",

        "src/generated/v1.8/resources/data/advancedrocketrycommunity/recipes/pressing_iron_dust.json",

        "src/generated/v1.8/resources/data/advancedrocketrycommunity/recipes/pressing_iron_plate.json",

        "src/generated/v1.8/resources/data/advancedrocketrycommunity/recipes/pressing_steel_plate.json",

        "src/generated/v1.8/resources/data/advancedrocketrycommunity/recipes/pressing_tin_dust.json",

        "src/generated/v1.8/resources/data/advancedrocketrycommunity/recipes/pressing_tin_plate.json",

        "src/generated/v1.8/resources/data/advancedrocketrycommunity/recipes/pressing_titanium_aluminide_plate.json",

        "src/generated/v1.8/resources/data/advancedrocketrycommunity/recipes/pressing_titanium_iridium_plate.json"

      ],

      "cwd": "D:\\GitHub\\AdvancedRocketry-Community",

      "started_utc": "2026-10-04T05:00:43.202645+00:00",

      "exit": 0,

      "log": "phase-commit01-33.log",

      "log_sha256": "e3b0c44298fc1c149afbf4c8996fb92427ae41e4649b934ca495991b7852b855"

    },

    {

      "command": [

        "git",

        "-c",

        "core.autocrlf=false",

        "add",

        "--",

        "src/generated/v1.8/resources/data/advancedrocketrycommunity/recipes/pressing_titanium_plate.json",

        "src/generated/v1.8/resources/data/advancedrocketrycommunity/recipes/pressurized_tank.json",

        "src/generated/v1.8/resources/data/advancedrocketrycommunity/recipes/pump.json",

        "src/generated/v1.8/resources/data/advancedrocketrycommunity/recipes/rolling_aluminum_plate.json",

        "src/generated/v1.8/resources/data/advancedrocketrycommunity/recipes/rolling_aluminum_sheet.json",

        "src/generated/v1.8/resources/data/advancedrocketrycommunity/recipes/rolling_copper_plate.json",

        "src/generated/v1.8/resources/data/advancedrocketrycommunity/recipes/rolling_copper_sheet.json",

        "src/generated/v1.8/resources/data/advancedrocketrycommunity/recipes/rolling_gold_plate.json",

        "src/generated/v1.8/resources/data/advancedrocketrycommunity/recipes/rolling_iridium_plate.json",

        "src/generated/v1.8/resources/data/advancedrocketrycommunity/recipes/rolling_iron_bars.json",

        "src/generated/v1.8/resources/data/advancedrocketrycommunity/recipes/rolling_iron_sheet.json",

        "src/generated/v1.8/resources/data/advancedrocketrycommunity/recipes/rolling_silicon_plate.json",

        "src/generated/v1.8/resources/data/advancedrocketrycommunity/recipes/rolling_steel_plate.json",

        "src/generated/v1.8/resources/data/advancedrocketrycommunity/recipes/rolling_steel_sheet.json",

        "src/generated/v1.8/resources/data/advancedrocketrycommunity/recipes/rolling_tin_plate.json",

        "src/generated/v1.8/resources/data/advancedrocketrycommunity/recipes/rolling_titanium_aluminide_plate.json",

        "src/generated/v1.8/resources/data/advancedrocketrycommunity/recipes/rolling_titanium_aluminide_sheet.json",

        "src/generated/v1.8/resources/data/advancedrocketrycommunity/recipes/rolling_titanium_iridium_plate.json",

        "src/generated/v1.8/resources/data/advancedrocketrycommunity/recipes/rolling_titanium_iridium_sheet.json",

        "src/generated/v1.8/resources/data/advancedrocketrycommunity/recipes/rolling_titanium_plate.json",

        "src/generated/v1.8/resources/data/advancedrocketrycommunity/recipes/rolling_titanium_sheet.json",

        "src/generated/v1.8/resources/data/advancedrocketrycommunity/recipes/silicon_ingot_from_dust_blasting.json",

        "src/generated/v1.8/resources/data/advancedrocketrycommunity/recipes/silicon_ingot_from_dust_smelting.json",

        "src/generated/v1.8/resources/data/advancedrocketrycommunity/recipes/silicon_ingot_from_nuggets.json",

        "src/generated/v1.8/resources/data/advancedrocketrycommunity/recipes/silicon_nugget.json",

        "src/generated/v1.8/resources/data/advancedrocketrycommunity/recipes/small_plate_press.json",

        "src/generated/v1.8/resources/data/advancedrocketrycommunity/recipes/steel_block.json",

        "src/generated/v1.8/resources/data/advancedrocketrycommunity/recipes/steel_fan.json",

        "src/generated/v1.8/resources/data/advancedrocketrycommunity/recipes/steel_gear.json",

        "src/generated/v1.8/resources/data/advancedrocketrycommunity/recipes/steel_ingot_from_dust_blasting.json",

        "src/generated/v1.8/resources/data/advancedrocketrycommunity/recipes/steel_ingot_from_dust_smelting.json",

        "src/generated/v1.8/resources/data/advancedrocketrycommunity/recipes/steel_ingot_from_nuggets.json",

        "src/generated/v1.8/resources/data/advancedrocketrycommunity/recipes/steel_ingot_from_steel_block.json",

        "src/generated/v1.8/resources/data/advancedrocketrycommunity/recipes/steel_nugget.json",

        "src/generated/v1.8/resources/data/advancedrocketrycommunity/recipes/steel_rod.json",

        "src/generated/v1.8/resources/data/advancedrocketrycommunity/recipes/tin_block.json",

        "src/generated/v1.8/resources/data/advancedrocketrycommunity/recipes/tin_ingot_from_dust_blasting.json",

        "src/generated/v1.8/resources/data/advancedrocketrycommunity/recipes/tin_ingot_from_dust_smelting.json",

        "src/generated/v1.8/resources/data/advancedrocketrycommunity/recipes/tin_ingot_from_nuggets.json",

        "src/generated/v1.8/resources/data/advancedrocketrycommunity/recipes/tin_ingot_from_ore_blasting.json",

        "src/generated/v1.8/resources/data/advancedrocketrycommunity/recipes/tin_ingot_from_ore_smelting.json",

        "src/generated/v1.8/resources/data/advancedrocketrycommunity/recipes/tin_ingot_from_raw_blasting.json",

        "src/generated/v1.8/resources/data/advancedrocketrycommunity/recipes/tin_ingot_from_raw_smelting.json",

        "src/generated/v1.8/resources/data/advancedrocketrycommunity/recipes/tin_ingot_from_tin_block.json",

        "src/generated/v1.8/resources/data/advancedrocketrycommunity/recipes/tin_nugget.json",

        "src/generated/v1.8/resources/data/advancedrocketrycommunity/recipes/titanium_aluminide_block.json",

        "src/generated/v1.8/resources/data/advancedrocketrycommunity/recipes/titanium_aluminide_gear.json",

        "src/generated/v1.8/resources/data/advancedrocketrycommunity/recipes/titanium_aluminide_ingot_from_dust_blasting.json",

        "src/generated/v1.8/resources/data/advancedrocketrycommunity/recipes/titanium_aluminide_ingot_from_dust_smelting.json",

        "src/generated/v1.8/resources/data/advancedrocketrycommunity/recipes/titanium_aluminide_ingot_from_nuggets.json",

        "src/generated/v1.8/resources/data/advancedrocketrycommunity/recipes/titanium_aluminide_ingot_from_titanium_aluminide_block.json",

        "src/generated/v1.8/resources/data/advancedrocketrycommunity/recipes/titanium_aluminide_nugget.json",

        "src/generated/v1.8/resources/data/advancedrocketrycommunity/recipes/titanium_aluminide_rod.json",

        "src/generated/v1.8/resources/data/advancedrocketrycommunity/recipes/titanium_block.json",

        "src/generated/v1.8/resources/data/advancedrocketrycommunity/recipes/titanium_coil.json",

        "src/generated/v1.8/resources/data/advancedrocketrycommunity/recipes/titanium_gear.json",

        "src/generated/v1.8/resources/data/advancedrocketrycommunity/recipes/titanium_ingot_from_dust_blasting.json",

        "src/generated/v1.8/resources/data/advancedrocketrycommunity/recipes/titanium_ingot_from_dust_smelting.json",

        "src/generated/v1.8/resources/data/advancedrocketrycommunity/recipes/titanium_ingot_from_nuggets.json",

        "src/generated/v1.8/resources/data/advancedrocketrycommunity/recipes/titanium_ingot_from_titanium_block.json",

        "src/generated/v1.8/resources/data/advancedrocketrycommunity/recipes/titanium_iridium_block.json",

        "src/generated/v1.8/resources/data/advancedrocketrycommunity/recipes/titanium_iridium_gear.json",

        "src/generated/v1.8/resources/data/advancedrocketrycommunity/recipes/titanium_iridium_ingot_from_dust_blasting.json",

        "src/generated/v1.8/resources/data/advancedrocketrycommunity/recipes/titanium_iridium_ingot_from_dust_smelting.json",

        "src/generated/v1.8/resources/data/advancedrocketrycommunity/recipes/titanium_iridium_ingot_from_nuggets.json",

        "src/generated/v1.8/resources/data/advancedrocketrycommunity/recipes/titanium_iridium_ingot_from_titanium_iridium_block.json",

        "src/generated/v1.8/resources/data/advancedrocketrycommunity/recipes/titanium_iridium_nugget.json",

        "src/generated/v1.8/resources/data/advancedrocketrycommunity/recipes/titanium_iridium_rod.json",

        "src/generated/v1.8/resources/data/advancedrocketrycommunity/recipes/titanium_nugget.json",

        "src/generated/v1.8/resources/data/advancedrocketrycommunity/recipes/titanium_rod.json",

        "src/generated/v1.8/resources/data/advancedrocketrycommunity/satellite_definitions/data_satellite.json",

        "src/generated/v1.8/resources/data/advancedrocketrycommunity/tags/blocks/coils.json",

        "src/generated/v1.8/resources/data/advancedrocketrycommunity/tags/blocks/coils/aluminum.json",

        "src/generated/v1.8/resources/data/advancedrocketrycommunity/tags/blocks/coils/copper.json",

        "src/generated/v1.8/resources/data/advancedrocketrycommunity/tags/blocks/coils/gold.json",

        "src/generated/v1.8/resources/data/advancedrocketrycommunity/tags/blocks/coils/iridium.json",

        "src/generated/v1.8/resources/data/advancedrocketrycommunity/tags/blocks/coils/titanium.json",

        "src/generated/v1.8/resources/data/advancedrocketrycommunity/tags/blocks/geode_ores.json",

        "src/generated/v1.8/resources/data/advancedrocketrycommunity/tags/blocks/motors.json",

        "src/generated/v1.8/resources/data/advancedrocketrycommunity/tags/blocks/pressurized_tanks.json"

      ],

      "cwd": "D:\\GitHub\\AdvancedRocketry-Community",

      "started_utc": "2026-10-04T05:00:43.321123+00:00",

      "exit": 0,

      "log": "phase-commit01-34.log",

      "log_sha256": "e3b0c44298fc1c149afbf4c8996fb92427ae41e4649b934ca495991b7852b855"

    },

    {

      "command": [

        "git",

        "-c",

        "core.autocrlf=false",

        "add",

        "--",

        "src/generated/v1.8/resources/data/advancedrocketrycommunity/tags/items/boules.json",

        "src/generated/v1.8/resources/data/advancedrocketrycommunity/tags/items/boules/silicon.json",

        "src/generated/v1.8/resources/data/advancedrocketrycommunity/tags/items/coils.json",

        "src/generated/v1.8/resources/data/advancedrocketrycommunity/tags/items/coils/aluminum.json",

        "src/generated/v1.8/resources/data/advancedrocketrycommunity/tags/items/coils/copper.json",

        "src/generated/v1.8/resources/data/advancedrocketrycommunity/tags/items/coils/gold.json",

        "src/generated/v1.8/resources/data/advancedrocketrycommunity/tags/items/coils/iridium.json",

        "src/generated/v1.8/resources/data/advancedrocketrycommunity/tags/items/coils/titanium.json",

        "src/generated/v1.8/resources/data/advancedrocketrycommunity/tags/items/fans.json",

        "src/generated/v1.8/resources/data/advancedrocketrycommunity/tags/items/fans/steel.json",

        "src/generated/v1.8/resources/data/advancedrocketrycommunity/tags/items/motors.json",

        "src/generated/v1.8/resources/data/advancedrocketrycommunity/tags/items/pressurized_tanks.json",

        "src/generated/v1.8/resources/data/advancedrocketrycommunity/tags/items/sheets.json",

        "src/generated/v1.8/resources/data/advancedrocketrycommunity/tags/items/sheets/aluminum.json",

        "src/generated/v1.8/resources/data/advancedrocketrycommunity/tags/items/sheets/copper.json",

        "src/generated/v1.8/resources/data/advancedrocketrycommunity/tags/items/sheets/iron.json",

        "src/generated/v1.8/resources/data/advancedrocketrycommunity/tags/items/sheets/steel.json",

        "src/generated/v1.8/resources/data/advancedrocketrycommunity/tags/items/sheets/titanium.json",

        "src/generated/v1.8/resources/data/advancedrocketrycommunity/tags/items/sheets/titanium_aluminide.json",

        "src/generated/v1.8/resources/data/advancedrocketrycommunity/tags/items/sheets/titanium_iridium.json",

        "src/generated/v1.8/resources/data/advancedrocketrycommunity/tags/worldgen/biome/has_structure/geode.json",

        "src/generated/v1.8/resources/data/advancedrocketrycommunity/tags/worldgen/biome/has_structure/mars_crater.json",

        "src/generated/v1.8/resources/data/advancedrocketrycommunity/tags/worldgen/biome/has_structure/moon_crater.json",

        "src/generated/v1.8/resources/data/advancedrocketrycommunity/tags/worldgen/biome/has_structure/volcano.json",

        "src/generated/v1.8/resources/data/advancedrocketrycommunity/travel_routes/tau_ceti_f_g.json",

        "src/generated/v1.8/resources/data/advancedrocketrycommunity/travel_routes/tau_ceti_f_surface_orbit.json",

        "src/generated/v1.8/resources/data/advancedrocketrycommunity/travel_routes/tau_ceti_g_surface_orbit.json",

        "src/generated/v1.8/resources/data/advancedrocketrycommunity/worldgen/biome/alien_forest.json",

        "src/generated/v1.8/resources/data/advancedrocketrycommunity/worldgen/biome/crystal_chasms.json",

        "src/generated/v1.8/resources/data/advancedrocketrycommunity/worldgen/biome/deep_swamp.json",

        "src/generated/v1.8/resources/data/advancedrocketrycommunity/worldgen/biome/ferric_regolith.json",

        "src/generated/v1.8/resources/data/advancedrocketrycommunity/worldgen/biome/marsh.json",

        "src/generated/v1.8/resources/data/advancedrocketrycommunity/worldgen/biome/ocean_spires.json",

        "src/generated/v1.8/resources/data/advancedrocketrycommunity/worldgen/biome/regolith_highlands.json",

        "src/generated/v1.8/resources/data/advancedrocketrycommunity/worldgen/biome/regolith_lowlands.json",

        "src/generated/v1.8/resources/data/advancedrocketrycommunity/worldgen/biome/stormland.json",

        "src/generated/v1.8/resources/data/advancedrocketrycommunity/worldgen/biome/volcanic.json",

        "src/generated/v1.8/resources/data/advancedrocketrycommunity/worldgen/biome/volcanic_lowlands.json",

        "src/generated/v1.8/resources/data/advancedrocketrycommunity/worldgen/configured_feature/charred_tree.json",

        "src/generated/v1.8/resources/data/advancedrocketrycommunity/worldgen/configured_feature/crystal_cluster.json",

        "src/generated/v1.8/resources/data/advancedrocketrycommunity/worldgen/configured_feature/electric_mushrooms.json",

        "src/generated/v1.8/resources/data/advancedrocketrycommunity/worldgen/configured_feature/giant_swamp_tree.json",

        "src/generated/v1.8/resources/data/advancedrocketrycommunity/worldgen/configured_feature/inverted_pillar.json",

        "src/generated/v1.8/resources/data/advancedrocketrycommunity/worldgen/configured_feature/lightwood_tree.json",

        "src/generated/v1.8/resources/data/advancedrocketrycommunity/worldgen/configured_feature/mars_aluminum_ore.json",

        "src/generated/v1.8/resources/data/advancedrocketrycommunity/worldgen/configured_feature/mars_copper_ore.json",

        "src/generated/v1.8/resources/data/advancedrocketrycommunity/worldgen/configured_feature/mars_dilithium_ore.json",

        "src/generated/v1.8/resources/data/advancedrocketrycommunity/worldgen/configured_feature/mars_iridium_ore.json",

        "src/generated/v1.8/resources/data/advancedrocketrycommunity/worldgen/configured_feature/mars_rutile_ore.json",

        "src/generated/v1.8/resources/data/advancedrocketrycommunity/worldgen/configured_feature/mars_tin_ore.json",

        "src/generated/v1.8/resources/data/advancedrocketrycommunity/worldgen/configured_feature/moon_aluminum_ore.json",

        "src/generated/v1.8/resources/data/advancedrocketrycommunity/worldgen/configured_feature/moon_copper_ore.json",

        "src/generated/v1.8/resources/data/advancedrocketrycommunity/worldgen/configured_feature/moon_dilithium_ore.json",

        "src/generated/v1.8/resources/data/advancedrocketrycommunity/worldgen/configured_feature/moon_iridium_ore.json",

        "src/generated/v1.8/resources/data/advancedrocketrycommunity/worldgen/configured_feature/moon_rutile_ore.json",

        "src/generated/v1.8/resources/data/advancedrocketrycommunity/worldgen/configured_feature/moon_tin_ore.json",

        "src/generated/v1.8/resources/data/advancedrocketrycommunity/worldgen/configured_feature/overworld_aluminum_ore.json",

        "src/generated/v1.8/resources/data/advancedrocketrycommunity/worldgen/configured_feature/overworld_dilithium_ore.json",

        "src/generated/v1.8/resources/data/advancedrocketrycommunity/worldgen/configured_feature/overworld_rutile_ore.json",

        "src/generated/v1.8/resources/data/advancedrocketrycommunity/worldgen/configured_feature/overworld_tin_ore.json",

        "src/generated/v1.8/resources/data/advancedrocketrycommunity/worldgen/noise/moon_terrain.json",

        "src/generated/v1.8/resources/data/advancedrocketrycommunity/worldgen/noise/tau_ceti_f_terrain.json",

        "src/generated/v1.8/resources/data/advancedrocketrycommunity/worldgen/noise/tau_ceti_g_terrain.json",

        "src/generated/v1.8/resources/data/advancedrocketrycommunity/worldgen/noise_settings/mars.json",

        "src/generated/v1.8/resources/data/advancedrocketrycommunity/worldgen/noise_settings/moon.json",

        "src/generated/v1.8/resources/data/advancedrocketrycommunity/worldgen/noise_settings/tau_ceti_f.json",

        "src/generated/v1.8/resources/data/advancedrocketrycommunity/worldgen/noise_settings/tau_ceti_g.json",

        "src/generated/v1.8/resources/data/advancedrocketrycommunity/worldgen/noise_settings/venus.json",

        "src/generated/v1.8/resources/data/advancedrocketrycommunity/worldgen/placed_feature/alien_forest_grass.json",

        "src/generated/v1.8/resources/data/advancedrocketrycommunity/worldgen/placed_feature/charred_tree.json",

        "src/generated/v1.8/resources/data/advancedrocketrycommunity/worldgen/placed_feature/crystal_cluster.json",

        "src/generated/v1.8/resources/data/advancedrocketrycommunity/worldgen/placed_feature/electric_mushrooms.json",

        "src/generated/v1.8/resources/data/advancedrocketrycommunity/worldgen/placed_feature/giant_swamp_tree.json",

        "src/generated/v1.8/resources/data/advancedrocketrycommunity/worldgen/placed_feature/inverted_pillar.json",

        "src/generated/v1.8/resources/data/advancedrocketrycommunity/worldgen/placed_feature/lightwood_tree.json",

        "src/generated/v1.8/resources/data/advancedrocketrycommunity/worldgen/placed_feature/mars_aluminum_ore.json",

        "src/generated/v1.8/resources/data/advancedrocketrycommunity/worldgen/placed_feature/mars_copper_ore.json",

        "src/generated/v1.8/resources/data/advancedrocketrycommunity/worldgen/placed_feature/mars_dilithium_ore.json",

        "src/generated/v1.8/resources/data/advancedrocketrycommunity/worldgen/placed_feature/mars_iridium_ore.json",

        "src/generated/v1.8/resources/data/advancedrocketrycommunity/worldgen/placed_feature/mars_rutile_ore.json"

      ],

      "cwd": "D:\\GitHub\\AdvancedRocketry-Community",

      "started_utc": "2026-10-04T05:00:43.488210+00:00",

      "exit": 0,

      "log": "phase-commit01-35.log",

      "log_sha256": "e3b0c44298fc1c149afbf4c8996fb92427ae41e4649b934ca495991b7852b855"

    },

    {

      "command": [

        "git",

        "-c",

        "core.autocrlf=false",

        "add",

        "--",

        "src/generated/v1.8/resources/data/advancedrocketrycommunity/worldgen/placed_feature/mars_tin_ore.json",

        "src/generated/v1.8/resources/data/advancedrocketrycommunity/worldgen/placed_feature/moon_aluminum_ore.json",

        "src/generated/v1.8/resources/data/advancedrocketrycommunity/worldgen/placed_feature/moon_copper_ore.json",

        "src/generated/v1.8/resources/data/advancedrocketrycommunity/worldgen/placed_feature/moon_dilithium_ore.json",

        "src/generated/v1.8/resources/data/advancedrocketrycommunity/worldgen/placed_feature/moon_iridium_ore.json",

        "src/generated/v1.8/resources/data/advancedrocketrycommunity/worldgen/placed_feature/moon_rutile_ore.json",

        "src/generated/v1.8/resources/data/advancedrocketrycommunity/worldgen/placed_feature/moon_tin_ore.json",

        "src/generated/v1.8/resources/data/advancedrocketrycommunity/worldgen/placed_feature/overworld_aluminum_ore.json",

        "src/generated/v1.8/resources/data/advancedrocketrycommunity/worldgen/placed_feature/overworld_dilithium_ore.json",

        "src/generated/v1.8/resources/data/advancedrocketrycommunity/worldgen/placed_feature/overworld_rutile_ore.json",

        "src/generated/v1.8/resources/data/advancedrocketrycommunity/worldgen/placed_feature/overworld_tin_ore.json",

        "src/generated/v1.8/resources/data/advancedrocketrycommunity/worldgen/placed_feature/stormland_charred_tree.json",

        "src/generated/v1.8/resources/data/advancedrocketrycommunity/worldgen/structure/geode.json",

        "src/generated/v1.8/resources/data/advancedrocketrycommunity/worldgen/structure/mars_crater.json",

        "src/generated/v1.8/resources/data/advancedrocketrycommunity/worldgen/structure/moon_crater.json",

        "src/generated/v1.8/resources/data/advancedrocketrycommunity/worldgen/structure/volcano.json",

        "src/generated/v1.8/resources/data/advancedrocketrycommunity/worldgen/structure_set/geodes.json",

        "src/generated/v1.8/resources/data/advancedrocketrycommunity/worldgen/structure_set/mars_craters.json",

        "src/generated/v1.8/resources/data/advancedrocketrycommunity/worldgen/structure_set/moon_craters.json",

        "src/generated/v1.8/resources/data/advancedrocketrycommunity/worldgen/structure_set/volcanoes.json",

        "src/generated/v1.8/resources/data/forge/tags/blocks/ores.json",

        "src/generated/v1.8/resources/data/forge/tags/blocks/ores/aluminum.json",

        "src/generated/v1.8/resources/data/forge/tags/blocks/ores/dilithium.json",

        "src/generated/v1.8/resources/data/forge/tags/blocks/ores/iridium.json",

        "src/generated/v1.8/resources/data/forge/tags/blocks/ores/rutile.json",

        "src/generated/v1.8/resources/data/forge/tags/blocks/ores/tin.json",

        "src/generated/v1.8/resources/data/forge/tags/blocks/ores/titanium.json",

        "src/generated/v1.8/resources/data/forge/tags/blocks/ores_in_ground/deepslate.json",

        "src/generated/v1.8/resources/data/forge/tags/blocks/ores_in_ground/stone.json",

        "src/generated/v1.8/resources/data/forge/tags/blocks/storage_blocks.json",

        "src/generated/v1.8/resources/data/forge/tags/blocks/storage_blocks/aluminum.json",

        "src/generated/v1.8/resources/data/forge/tags/blocks/storage_blocks/iridium.json",

        "src/generated/v1.8/resources/data/forge/tags/blocks/storage_blocks/steel.json",

        "src/generated/v1.8/resources/data/forge/tags/blocks/storage_blocks/tin.json",

        "src/generated/v1.8/resources/data/forge/tags/blocks/storage_blocks/titanium.json",

        "src/generated/v1.8/resources/data/forge/tags/blocks/storage_blocks/titanium_aluminide.json",

        "src/generated/v1.8/resources/data/forge/tags/blocks/storage_blocks/titanium_iridium.json",

        "src/generated/v1.8/resources/data/forge/tags/items/dusts.json",

        "src/generated/v1.8/resources/data/forge/tags/items/dusts/aluminum.json",

        "src/generated/v1.8/resources/data/forge/tags/items/dusts/copper.json",

        "src/generated/v1.8/resources/data/forge/tags/items/dusts/dilithium.json",

        "src/generated/v1.8/resources/data/forge/tags/items/dusts/gold.json",

        "src/generated/v1.8/resources/data/forge/tags/items/dusts/iridium.json",

        "src/generated/v1.8/resources/data/forge/tags/items/dusts/iron.json",

        "src/generated/v1.8/resources/data/forge/tags/items/dusts/silicon.json",

        "src/generated/v1.8/resources/data/forge/tags/items/dusts/steel.json",

        "src/generated/v1.8/resources/data/forge/tags/items/dusts/tin.json",

        "src/generated/v1.8/resources/data/forge/tags/items/dusts/titanium.json",

        "src/generated/v1.8/resources/data/forge/tags/items/dusts/titanium_aluminide.json",

        "src/generated/v1.8/resources/data/forge/tags/items/dusts/titanium_iridium.json",

        "src/generated/v1.8/resources/data/forge/tags/items/gears.json",

        "src/generated/v1.8/resources/data/forge/tags/items/gears/steel.json",

        "src/generated/v1.8/resources/data/forge/tags/items/gears/titanium.json",

        "src/generated/v1.8/resources/data/forge/tags/items/gears/titanium_aluminide.json",

        "src/generated/v1.8/resources/data/forge/tags/items/gears/titanium_iridium.json",

        "src/generated/v1.8/resources/data/forge/tags/items/gems.json",

        "src/generated/v1.8/resources/data/forge/tags/items/gems/dilithium.json",

        "src/generated/v1.8/resources/data/forge/tags/items/ingots.json",

        "src/generated/v1.8/resources/data/forge/tags/items/ingots/aluminum.json",

        "src/generated/v1.8/resources/data/forge/tags/items/ingots/iridium.json",

        "src/generated/v1.8/resources/data/forge/tags/items/ingots/silicon.json",

        "src/generated/v1.8/resources/data/forge/tags/items/ingots/steel.json",

        "src/generated/v1.8/resources/data/forge/tags/items/ingots/tin.json",

        "src/generated/v1.8/resources/data/forge/tags/items/ingots/titanium.json",

        "src/generated/v1.8/resources/data/forge/tags/items/ingots/titanium_aluminide.json",

        "src/generated/v1.8/resources/data/forge/tags/items/ingots/titanium_iridium.json",

        "src/generated/v1.8/resources/data/forge/tags/items/nuggets.json",

        "src/generated/v1.8/resources/data/forge/tags/items/nuggets/aluminum.json",

        "src/generated/v1.8/resources/data/forge/tags/items/nuggets/copper.json",

        "src/generated/v1.8/resources/data/forge/tags/items/nuggets/iridium.json",

        "src/generated/v1.8/resources/data/forge/tags/items/nuggets/silicon.json",

        "src/generated/v1.8/resources/data/forge/tags/items/nuggets/steel.json",

        "src/generated/v1.8/resources/data/forge/tags/items/nuggets/tin.json",

        "src/generated/v1.8/resources/data/forge/tags/items/nuggets/titanium.json",

        "src/generated/v1.8/resources/data/forge/tags/items/nuggets/titanium_aluminide.json",

        "src/generated/v1.8/resources/data/forge/tags/items/nuggets/titanium_iridium.json",

        "src/generated/v1.8/resources/data/forge/tags/items/ores.json",

        "src/generated/v1.8/resources/data/forge/tags/items/ores/aluminum.json",

        "src/generated/v1.8/resources/data/forge/tags/items/ores/dilithium.json",

        "src/generated/v1.8/resources/data/forge/tags/items/ores/iridium.json"

      ],

      "cwd": "D:\\GitHub\\AdvancedRocketry-Community",

      "started_utc": "2026-10-04T05:00:43.602712+00:00",

      "exit": 0,

      "log": "phase-commit01-36.log",

      "log_sha256": "e3b0c44298fc1c149afbf4c8996fb92427ae41e4649b934ca495991b7852b855"

    },

    {

      "command": [

        "git",

        "-c",

        "core.autocrlf=false",

        "add",

        "--",

        "src/generated/v1.8/resources/data/forge/tags/items/ores/rutile.json",

        "src/generated/v1.8/resources/data/forge/tags/items/ores/tin.json",

        "src/generated/v1.8/resources/data/forge/tags/items/ores/titanium.json",

        "src/generated/v1.8/resources/data/forge/tags/items/ores_in_ground/deepslate.json",

        "src/generated/v1.8/resources/data/forge/tags/items/ores_in_ground/stone.json",

        "src/generated/v1.8/resources/data/forge/tags/items/plates.json",

        "src/generated/v1.8/resources/data/forge/tags/items/plates/aluminum.json",

        "src/generated/v1.8/resources/data/forge/tags/items/plates/copper.json",

        "src/generated/v1.8/resources/data/forge/tags/items/plates/gold.json",

        "src/generated/v1.8/resources/data/forge/tags/items/plates/iridium.json",

        "src/generated/v1.8/resources/data/forge/tags/items/plates/iron.json",

        "src/generated/v1.8/resources/data/forge/tags/items/plates/silicon.json",

        "src/generated/v1.8/resources/data/forge/tags/items/plates/steel.json",

        "src/generated/v1.8/resources/data/forge/tags/items/plates/tin.json",

        "src/generated/v1.8/resources/data/forge/tags/items/plates/titanium.json",

        "src/generated/v1.8/resources/data/forge/tags/items/plates/titanium_aluminide.json",

        "src/generated/v1.8/resources/data/forge/tags/items/plates/titanium_iridium.json",

        "src/generated/v1.8/resources/data/forge/tags/items/raw_materials.json",

        "src/generated/v1.8/resources/data/forge/tags/items/raw_materials/aluminum.json",

        "src/generated/v1.8/resources/data/forge/tags/items/raw_materials/iridium.json",

        "src/generated/v1.8/resources/data/forge/tags/items/raw_materials/rutile.json",

        "src/generated/v1.8/resources/data/forge/tags/items/raw_materials/tin.json",

        "src/generated/v1.8/resources/data/forge/tags/items/rods.json",

        "src/generated/v1.8/resources/data/forge/tags/items/rods/copper.json",

        "src/generated/v1.8/resources/data/forge/tags/items/rods/iridium.json",

        "src/generated/v1.8/resources/data/forge/tags/items/rods/iron.json",

        "src/generated/v1.8/resources/data/forge/tags/items/rods/steel.json",

        "src/generated/v1.8/resources/data/forge/tags/items/rods/titanium.json",

        "src/generated/v1.8/resources/data/forge/tags/items/rods/titanium_aluminide.json",

        "src/generated/v1.8/resources/data/forge/tags/items/rods/titanium_iridium.json",

        "src/generated/v1.8/resources/data/forge/tags/items/storage_blocks.json",

        "src/generated/v1.8/resources/data/forge/tags/items/storage_blocks/aluminum.json",

        "src/generated/v1.8/resources/data/forge/tags/items/storage_blocks/iridium.json",

        "src/generated/v1.8/resources/data/forge/tags/items/storage_blocks/steel.json",

        "src/generated/v1.8/resources/data/forge/tags/items/storage_blocks/tin.json",

        "src/generated/v1.8/resources/data/forge/tags/items/storage_blocks/titanium.json",

        "src/generated/v1.8/resources/data/forge/tags/items/storage_blocks/titanium_aluminide.json",

        "src/generated/v1.8/resources/data/forge/tags/items/storage_blocks/titanium_iridium.json",

        "src/generated/v1.8/resources/data/minecraft/tags/blocks/leaves.json",

        "src/generated/v1.8/resources/data/minecraft/tags/blocks/logs_that_burn.json",

        "src/generated/v1.8/resources/data/minecraft/tags/blocks/mineable/axe.json",

        "src/generated/v1.8/resources/data/minecraft/tags/blocks/mineable/pickaxe.json",

        "src/generated/v1.8/resources/data/minecraft/tags/blocks/mineable/shovel.json",

        "src/generated/v1.8/resources/data/minecraft/tags/blocks/needs_iron_tool.json",

        "src/generated/v1.8/resources/data/minecraft/tags/blocks/needs_stone_tool.json",

        "src/generated/v1.8/resources/data/minecraft/tags/blocks/planks.json",

        "src/generated/v1.8/resources/data/minecraft/tags/blocks/saplings.json",

        "src/generated/v1.8/resources/data/minecraft/tags/items/leaves.json",

        "src/generated/v1.8/resources/data/minecraft/tags/items/logs_that_burn.json",

        "src/generated/v1.8/resources/data/minecraft/tags/items/planks.json",

        "src/generated/v1.8/resources/data/minecraft/tags/items/saplings.json",

        "docs/provenance/v1.8.0-c16a-pump-new-resources.md",

        "docs/provenance/v1.8.0-c16a-tank-new-resources.md",

        "docs/provenance/v1.8.0-development-metadata.md",

        "THIRD-PARTY-NOTICES.md"

      ],

      "cwd": "D:\\GitHub\\AdvancedRocketry-Community",

      "started_utc": "2026-10-04T05:00:43.697583+00:00",

      "exit": 0,

      "log": "phase-commit01-37.log",

      "log_sha256": "e3b0c44298fc1c149afbf4c8996fb92427ae41e4649b934ca495991b7852b855"

    },

    {

      "command": [

        "git",

        "diff",

        "--cached",

        "--name-only"

      ],

      "cwd": "D:\\GitHub\\AdvancedRocketry-Community",

      "started_utc": "2026-10-04T05:00:43.797019+00:00",

      "exit": 0,

      "log": "phase-commit01-38.log",

      "log_sha256": "52149af3c61690a008c83fbb0aad7ac0581b98ae024391c1507e1a5b7301a1bb"

    },

    {

      "command": [

        "git",

        "diff",

        "--cached",

        "--check"

      ],

      "cwd": "D:\\GitHub\\AdvancedRocketry-Community",

      "started_utc": "2026-10-04T05:00:43.860124+00:00",

      "exit": 0,

      "log": "phase-commit01-39.log",

      "log_sha256": "e3b0c44298fc1c149afbf4c8996fb92427ae41e4649b934ca495991b7852b855"

    },

    {

      "command": [

        "git",

        "commit",

        "-m",

        "feat(data): add v1.8 generated machine content and original art",

        "-m",

        "Keep generated recipes, models, language and original textures separate from implementation changes.\nThe actual Root runData reports 771 files and zero repeat writes; provenance validation exits 0."

      ],

      "cwd": "D:\\GitHub\\AdvancedRocketry-Community",

      "started_utc": "2026-10-04T05:00:43.954141+00:00",

      "exit": 0,

      "log": "phase-commit01-40.log",

      "log_sha256": "5b457a16fc4defb61e25d3d4bcf1eaf769343b53508ad53a88d85e03897c572c"

    },

    {

      "command": [

        "git",

        "rev-parse",

        "HEAD"

      ],

      "cwd": "D:\\GitHub\\AdvancedRocketry-Community",

      "started_utc": "2026-10-04T05:00:44.423274+00:00",

      "exit": 0,

      "log": "phase-commit01-41.log",

      "log_sha256": "54cdc7c5121da69164bade41dc987b3bb8f410455eac4bedbac7122ad7f26b78"

    },

    {

      "command": [

        "git",

        "-c",

        "core.autocrlf=false",

        "add",

        "--",

        "scripts/check-debian12-dev-host.sh",

        "scripts/check_celestial_identity.py",

        "scripts/check_clean_worktree.py",

        "scripts/check_client_imports.py",

        "scripts/ci_artifact_identity.py",

        "scripts/collect_v002_manual_evidence.py",

        "scripts/collect_v090_compatibility_evidence.py",

        "scripts/generate_v002_g0_evidence.py",

        "scripts/inspect_celestial_saved_data.py",

        "scripts/inspect_v100_world_upgrade.py",

        "scripts/java/DiscoveryCutProbe.java",

        "scripts/manage_v010_generated_manifest.py",

        "scripts/manage_v020_generated_manifest.py",

        "scripts/manage_v030_generated_manifest.py",

        "scripts/manage_v040_generated_manifest.py",

        "scripts/manage_v050_generated_manifest.py",

        "scripts/manage_v060_generated_manifest.py",

        "scripts/manage_v070_generated_manifest.py",

        "scripts/manage_v080_generated_manifest.py",

        "scripts/prepare_v002_final_g0_review_inputs.py",

        "scripts/prepare_v002_g0_review_packet.py",

        "scripts/run_dedicated_server_smoke.py",

        "scripts/run_v002_mismatch_server_cycle.py",

        "scripts/run_v020_machine_server_smoke.py",

        "scripts/run_v030_celestial_server_smoke.py",

        "scripts/run_v040_atmosphere_server_smoke.py",

        "scripts/run_v050_rocket_server_smoke.py",

        "scripts/run_v060_flight_server_smoke.py",

        "scripts/run_v070_multiplayer_server_smoke.py",

        "scripts/run_v070_station_server_smoke.py",

        "scripts/run_v080_multiplayer_server_smoke.py",

        "scripts/run_v080_satellite_server_smoke.py",

        "scripts/run_v090_forced_stop_recovery.py",

        "scripts/run_v090_migration_server_smoke.py",

        "scripts/run_v090_soak_server.py",

        "scripts/run_v100_beta_world_upgrade.py",

        "scripts/run_v100_compatibility_matrix.py",

        "scripts/run_v100_flight_forced_stop.py",

        "scripts/run_v100_transaction_forced_stop.py",

        "scripts/run_v120_electrolyzer_beta_migration_smoke.py",

        "scripts/run_v120_precision_legacy_migration_smoke.py",

        "scripts/run_v120_precision_restart_smoke.py",

        "scripts/run_v120_rolling_restart_smoke.py",

        "scripts/run_v130_adapter_flight_smoke.py",

        "scripts/run_v130_adapter_recovery_smoke.py",

        "scripts/run_v130_atmosphere_boundary_smoke.py",

        "scripts/run_v130_component_smoke.py",

        "scripts/run_v130_environment_smoke.py",

        "scripts/run_v130_fuel_smoke.py",

        "scripts/run_v130_satellite_payload_smoke.py",

        "scripts/run_v130_suit_equipment_smoke.py",

        "scripts/run_v140_celestial_schema_smoke.py",

        "scripts/run_v140_discovery_cut_smoke.py",

        "scripts/run_v140_migration_smoke.py",

        "scripts/run_v140_planetary_worlds_smoke.py",

        "scripts/run_v180_combustion_smoke.py",

        "scripts/run_v180_fluid_smoke.py",

        "scripts/run_v180_motor_smoke.py",

        "scripts/run_v180_pump_smoke.py",

        "scripts/run_v180_signature_smoke.py",

        "scripts/run_v180_tank_smoke.py",

        "scripts/start-xvfb-visual-smoke.sh",

        "scripts/tmux-arce-layout.sh",

        "scripts/v100_beta_world_fixture.py",

        "scripts/v100_compatibility_runtime.py",

        "scripts/v120_electrolyzer_world_fixture.py",

        "scripts/v120_precision_world_fixture.py",

        "scripts/v120_rolling_world_fixture.py",

        "scripts/v140_discovery_cut_fixture.py",

        "scripts/v140_migration_fixture.py",

        "scripts/validate_bootstrap_provenance.py",

        "scripts/validate_build_artifact.py",

        "scripts/validate_release_checksums.py",

        "scripts/validate_repository.py",

        "scripts/validate_v002_final_g0_review.py",

        "scripts/validate_v002_g4_applicability.py",

        "scripts/validate_v010_asset_baseline.py",

        "scripts/validate_v010_release_evidence.py",

        "scripts/validate_v020_release_evidence.py",

        "scripts/validate_v030_release_evidence.py"

      ],

      "cwd": "D:\\GitHub\\AdvancedRocketry-Community",

      "started_utc": "2026-10-04T05:00:44.479235+00:00",

      "exit": 0,

      "log": "phase-commit01-42.log",

      "log_sha256": "e3b0c44298fc1c149afbf4c8996fb92427ae41e4649b934ca495991b7852b855"

    },

    {

      "command": [

        "git",

        "-c",

        "core.autocrlf=false",

        "add",

        "--",

        "scripts/validate_v040_release_evidence.py",

        "scripts/validate_v050_release_evidence.py",

        "scripts/validate_v060_release_evidence.py",

        "scripts/validate_v070_release_evidence.py",

        "scripts/validate_v080_release_evidence.py",

        "scripts/validate_v090_migration_fixtures.py",

        "scripts/validate_v090_release_evidence.py",

        "scripts/validate_v090_resources.py",

        "scripts/validate_v120_machine_resources.py",

        "scripts/validate_v180_content_ledger.py",

        "scripts/validate_v1plus_planning.py",

        "tests/test_audit_upstream.py",

        "tests/test_bootstrap_version_dispatch.py",

        "tests/test_check_celestial_identity.py",

        "tests/test_check_clean_worktree.py",

        "tests/test_check_client_imports.py",

        "tests/test_ci_artifact_identity.py",

        "tests/test_collect_v002_manual_evidence.py",

        "tests/test_collect_v090_compatibility_evidence.py",

        "tests/test_dedicated_server_smoke.py",

        "tests/test_generate_v002_g0_evidence.py",

        "tests/test_import_v010_assets.py",

        "tests/test_inspect_celestial_saved_data.py",

        "tests/test_manage_v010_generated_manifest.py",

        "tests/test_manage_v030_generated_manifest.py",

        "tests/test_manage_v040_generated_manifest.py",

        "tests/test_manage_v050_generated_manifest.py",

        "tests/test_manage_v060_generated_manifest.py",

        "tests/test_manage_v070_generated_manifest.py",

        "tests/test_manage_v080_generated_manifest.py",

        "tests/test_prepare_v002_final_g0_review_inputs.py",

        "tests/test_prepare_v002_g0_review_packet.py",

        "tests/test_run_v002_mismatch_server_cycle.py",

        "tests/test_run_v030_celestial_server_smoke.py",

        "tests/test_run_v040_atmosphere_server_smoke.py",

        "tests/test_run_v050_rocket_server_smoke.py",

        "tests/test_run_v060_flight_server_smoke.py",

        "tests/test_run_v070_multiplayer_server_smoke.py",

        "tests/test_run_v070_station_server_smoke.py",

        "tests/test_run_v080_multiplayer_server_smoke.py",

        "tests/test_run_v090_forced_stop_recovery.py",

        "tests/test_run_v090_migration_server_smoke.py",

        "tests/test_run_v090_soak_server.py",

        "tests/test_run_v100_beta_world_upgrade.py",

        "tests/test_run_v100_flight_forced_stop.py",

        "tests/test_run_v100_transaction_forced_stop.py",

        "tests/test_run_v180_combustion_smoke.py",

        "tests/test_run_v180_fluid_smoke.py",

        "tests/test_run_v180_motor_smoke.py",

        "tests/test_run_v180_pump_smoke.py",

        "tests/test_run_v180_signature_smoke.py",

        "tests/test_run_v180_tank_smoke.py",

        "tests/test_screen_generated_art.py",

        "tests/test_v100_compatibility_matrix.py",

        "tests/test_v120_electrolyzer_beta_migration_smoke.py",

        "tests/test_v120_electrolyzer_world_fixture.py",

        "tests/test_v120_precision_world_fixture.py",

        "tests/test_v120_rolling_world_fixture.py",

        "tests/test_v130_adapter_flight_smoke.py",

        "tests/test_v130_adapter_recovery_smoke.py",

        "tests/test_v130_atmosphere_boundary_smoke.py",

        "tests/test_v130_component_smoke.py",

        "tests/test_v130_environment_smoke.py",

        "tests/test_v130_fuel_smoke.py",

        "tests/test_v130_satellite_payload_smoke.py",

        "tests/test_v130_suit_equipment_smoke.py",

        "tests/test_v140_celestial_schema_smoke.py",

        "tests/test_v140_discovery_cut_smoke.py",

        "tests/test_v140_migration_smoke.py",

        "tests/test_v140_planetary_worlds_smoke.py",

        "tests/test_v1plus_linux_helpers.py",

        "tests/test_v1plus_planning.py",

        "tests/test_validate_bootstrap_provenance.py",

        "tests/test_validate_build_artifact.py",

        "tests/test_validate_release_checksums.py",

        "tests/test_validate_repository.py",

        "tests/test_validate_v002_final_g0_review.py",

        "tests/test_validate_v002_g4_applicability.py",

        "tests/test_validate_v010_asset_baseline.py",

        "tests/test_validate_v010_release_evidence.py"

      ],

      "cwd": "D:\\GitHub\\AdvancedRocketry-Community",

      "started_utc": "2026-10-04T05:00:44.636857+00:00",

      "exit": 0,

      "log": "phase-commit01-43.log",

      "log_sha256": "e3b0c44298fc1c149afbf4c8996fb92427ae41e4649b934ca495991b7852b855"

    },

    {

      "command": [

        "git",

        "-c",

        "core.autocrlf=false",

        "add",

        "--",

        "tests/test_validate_v020_release_evidence.py",

        "tests/test_validate_v030_release_evidence.py",

        "tests/test_validate_v040_release_evidence.py",

        "tests/test_validate_v050_release_evidence.py",

        "tests/test_validate_v060_release_evidence.py",

        "tests/test_validate_v070_release_evidence.py",

        "tests/test_validate_v080_release_evidence.py",

        "tests/test_validate_v090_migration_fixtures.py",

        "tests/test_validate_v090_release_evidence.py",

        "tests/test_validate_v090_resources.py",

        "tests/test_validate_v180_content_ledger.py",

        "tests/test_vanilla_derivation.py"

      ],

      "cwd": "D:\\GitHub\\AdvancedRocketry-Community",

      "started_utc": "2026-10-04T05:00:44.732243+00:00",

      "exit": 0,

      "log": "phase-commit01-44.log",

      "log_sha256": "e3b0c44298fc1c149afbf4c8996fb92427ae41e4649b934ca495991b7852b855"

    },

    {

      "command": [

        "git",

        "diff",

        "--cached",

        "--name-only"

      ],

      "cwd": "D:\\GitHub\\AdvancedRocketry-Community",

      "started_utc": "2026-10-04T05:00:44.803904+00:00",

      "exit": 0,

      "log": "phase-commit01-45.log",

      "log_sha256": "83b782664f6b45e1e0012752492c2bdd6b4aeebf58cd8808e7fbd545a173828d"

    },

    {

      "command": [

        "git",

        "diff",

        "--cached",

        "--check"

      ],

      "cwd": "D:\\GitHub\\AdvancedRocketry-Community",

      "started_utc": "2026-10-04T05:00:44.864861+00:00",

      "exit": 0,

      "log": "phase-commit01-46.log",

      "log_sha256": "e3b0c44298fc1c149afbf4c8996fb92427ae41e4649b934ca495991b7852b855"

    },

    {

      "command": [

        "git",

        "commit",

        "-m",

        "test(machine): preserve v1.8 native probes and regression fixtures",

        "-m",

        "Retain bounded combustion, fluid, motor, pump, tank and signature probes and their tests.\nPrior failed/native injected-cut cohorts remain historical; these scripts do not grant whole-version acceptance."

      ],

      "cwd": "D:\\GitHub\\AdvancedRocketry-Community",

      "started_utc": "2026-10-04T05:00:44.928666+00:00",

      "exit": 0,

      "log": "phase-commit01-47.log",

      "log_sha256": "162ac8e0100d03f2f900d80745f7ef7e66f136748e2139f98296dd9beb3e627b"

    },

    {

      "command": [

        "git",

        "rev-parse",

        "HEAD"

      ],

      "cwd": "D:\\GitHub\\AdvancedRocketry-Community",

      "started_utc": "2026-10-04T05:00:45.245801+00:00",

      "exit": 0,

      "log": "phase-commit01-48.log",

      "log_sha256": "1a5e1a78fe0974c19ae747fccc458fcb1c4b85bc5217097936d9306f4352516f"

    },

    {

      "command": [

        "git",

        "-c",

        "core.autocrlf=false",

        "add",

        "--",

        "src/main/java/io/github/sunthemoon/advancedrocketrycommunity/machine/classic/adapter/ClassicNbtCanonicalBytes.java",

        "src/test/java/io/github/sunthemoon/advancedrocketrycommunity/machine/classic/adapter/ClassicNbtCanonicalBytesTest.java"

      ],

      "cwd": "D:\\GitHub\\AdvancedRocketry-Community",

      "started_utc": "2026-10-04T05:00:45.301142+00:00",

      "exit": 0,

      "log": "phase-commit01-49.log",

      "log_sha256": "e3b0c44298fc1c149afbf4c8996fb92427ae41e4649b934ca495991b7852b855"

    },

    {

      "command": [

        "git",

        "diff",

        "--cached",

        "--name-only"

      ],

      "cwd": "D:\\GitHub\\AdvancedRocketry-Community",

      "started_utc": "2026-10-04T05:00:45.374860+00:00",

      "exit": 0,

      "log": "phase-commit01-50.log",

      "log_sha256": "35137b32ad4761f878f4479644c9d50605671c70125628ce1aa0b652d29ea90a"

    },

    {

      "command": [

        "git",

        "diff",

        "--cached",

        "--check"

      ],

      "cwd": "D:\\GitHub\\AdvancedRocketry-Community",

      "started_utc": "2026-10-04T05:00:45.436570+00:00",

      "exit": 0,

      "log": "phase-commit01-51.log",

      "log_sha256": "e3b0c44298fc1c149afbf4c8996fb92427ae41e4649b934ca495991b7852b855"

    },

    {

      "command": [

        "git",

        "commit",

        "-m",

        "feat(machine): add bounded private canonical NBT bytes",

        "-m",

        "Add the two-file K2 delta after different-agent actual source review.\nActual author 20 tests and independent 28 tests pass; original signed-zero fixture failure is retained.\nRoot clean build/test/runData passes 1750 tests in 329 suites; 464 required GameTests pass.\nThis private computation does not authorize GuardTicket, native persistence, consumers, physical hatches or a version Gate."

      ],

      "cwd": "D:\\GitHub\\AdvancedRocketry-Community",

      "started_utc": "2026-10-04T05:00:45.499552+00:00",

      "exit": 0,

      "log": "phase-commit01-52.log",

      "log_sha256": "60d941c730e62b8d992ade1eab19192ee990049dc6e19bee318d1d7571ee3751"

    },

    {

      "command": [

        "git",

        "rev-parse",

        "HEAD"

      ],

      "cwd": "D:\\GitHub\\AdvancedRocketry-Community",

      "started_utc": "2026-10-04T05:00:45.948527+00:00",

      "exit": 0,

      "log": "phase-commit01-53.log",

      "log_sha256": "396319b925ac538bf97f5c2e2f4ba919db0d8ac264fb65305404a85b86153a99"

    },

    {

      "command": [

        "git",

        "diff",

        "--cached",

        "--name-only"

      ],

      "cwd": "D:\\GitHub\\AdvancedRocketry-Community",

      "started_utc": "2026-10-04T05:00:45.999264+00:00",

      "exit": 0,

      "log": "phase-commit01-54.log",

      "log_sha256": "e3b0c44298fc1c149afbf4c8996fb92427ae41e4649b934ca495991b7852b855"

    }

  ],

  "source_bytes_unchanged": true,

  "user_AGENTS_private_bundle_and_large_archives_not_staged": true,

  "release_or_Gate_claimed": false

}



===== operations/PHASE-PUSH-01.json =====
{

  "command": [

    "git",

    "push",

    "origin",

    "codex/v1.8.0-classic-content"

  ],

  "cwd": "D:\\GitHub\\AdvancedRocketry-Community",

  "started_utc": "2026-10-04T05:01:10.391799+00:00",

  "finished_utc": "2026-10-04T05:01:16.485415+00:00",

  "exit": 0,

  "log_sha256": "11fc888450a9ddbec68b0469d54f74fc8d47973eb0890bb8a1ce2d1a3a8c7892",

  "force": false

}


