To honour the JVM settings for this build a single-use Daemon process will be forked. For more on this, please refer to https://docs.gradle.org/8.8/userguide/gradle_daemon.html#sec:disabling_the_daemon in the Gradle documentation.
Daemon will be stopped at the end of the build 

> Configure project :
Java: 17.0.7, JVM: 17.0.7+8-LTS-224 (Oracle Corporation), Arch: amd64

> Task :clean
> Task :compileApiJava FROM-CACHE
> Task :compileAtmosphereApiJava FROM-CACHE
> Task :compileEnvironmentApiJava FROM-CACHE
> Task :compileRocketApiJava FROM-CACHE
> Task :compileSatelliteApiJava FROM-CACHE
> Task :compileJava FROM-CACHE
> Task :processResources
> Task :classes
> Task :jar
> Task :downloadMcpConfig
> Task :extractSrg
> Task :createMcpToSrg
> Task :reobfJar
> Task :apiJar
> Task :jarJar SKIPPED
> Task :reobfJarJar SKIPPED
> Task :sourcesJar
> Task :assemble
> Task :compileAdapterTestJava FROM-CACHE

> Task :compileTestJava
D:\GitHub\arce-v160-recovery-fix\src\test\java\io\github\sunthemoon\advancedrocketrycommunity\api\environment\EnvironmentSnapshotTest.java:11: warning: [removal] ResourceLocation(String,String) in ResourceLocation has been deprecated and marked for removal
    private static final ResourceLocation ID = new ResourceLocation("test", "body");
                                               ^
D:\GitHub\arce-v160-recovery-fix\src\test\java\io\github\sunthemoon\advancedrocketrycommunity\api\environment\EnvironmentSnapshotTest.java:62: warning: [removal] ResourceLocation(String,String) in ResourceLocation has been deprecated and marked for removal
        ResourceLocation longest = new ResourceLocation("a", "b".repeat(126));
                                   ^
D:\GitHub\arce-v160-recovery-fix\src\test\java\io\github\sunthemoon\advancedrocketrycommunity\api\environment\EnvironmentSnapshotTest.java:63: warning: [removal] ResourceLocation(String,String) in ResourceLocation has been deprecated and marked for removal
        ResourceLocation tooLong = new ResourceLocation("a", "b".repeat(127));
                                   ^
D:\GitHub\arce-v160-recovery-fix\src\test\java\io\github\sunthemoon\advancedrocketrycommunity\celestial\network\StationSkyContextPacketTest.java:24: warning: [removal] ResourceLocation(String) in ResourceLocation has been deprecated and marked for removal
                new StationSkyContextPacket(Optional.of(new ResourceLocation(longest)))}) {
                                                        ^
D:\GitHub\arce-v160-recovery-fix\src\test\java\io\github\sunthemoon\advancedrocketrycommunity\celestial\network\StationSkyContextPacketTest.java:39: warning: [removal] ResourceLocation(String) in ResourceLocation has been deprecated and marked for removal
                () -> new StationSkyContextPacket(Optional.of(new ResourceLocation(tooLong))));
                                                              ^
D:\GitHub\arce-v160-recovery-fix\src\test\java\io\github\sunthemoon\advancedrocketrycommunity\client\starmap\StarMapLayoutTest.java:89: warning: [removal] ResourceLocation(String,String) in ResourceLocation has been deprecated and marked for removal
    private static ResourceLocation id(int value) { return new ResourceLocation("test", "body_" + value); }
                                                           ^
D:\GitHub\arce-v160-recovery-fix\src\test\java\io\github\sunthemoon\advancedrocketrycommunity\compat\environment\ServerEnvironmentQueriesTest.java:120: warning: [removal] ResourceLocation(String,String) in ResourceLocation has been deprecated and marked for removal
        var unknown = station(stations, new ResourceLocation("test", "removed"));
                                        ^
D:\GitHub\arce-v160-recovery-fix\src\test\java\io\github\sunthemoon\advancedrocketrycommunity\compat\environment\ServerEnvironmentQueriesTest.java:172: warning: [removal] ResourceLocation(String,String) in ResourceLocation has been deprecated and marked for removal
        definitions.add(new CelestialBodyDefinition(new ResourceLocation("test", "alias"), earth.parentId(),
                                                    ^
D:\GitHub\arce-v160-recovery-fix\src\test\java\io\github\sunthemoon\advancedrocketrycommunity\rocket\menu\RocketNavigationTest.java:101: warning: [removal] ResourceLocation(String,String) in ResourceLocation has been deprecated and marked for removal
        return new ResourceLocation("n", "b".repeat(122) + String.format(Locale.ROOT, "%04d", index));
               ^
D:\GitHub\arce-v160-recovery-fix\src\test\java\io\github\sunthemoon\advancedrocketrycommunity\satellite\mission\QueueBoundsTest.java:39: warning: [removal] ResourceLocation(String,String) in ResourceLocation has been deprecated and marked for removal
    private static final List<RewardEntry> YIELD = List.of(new RewardEntry(new ResourceLocation("minecraft",
                                                                           ^
D:\GitHub\arce-v160-recovery-fix\src\test\java\io\github\sunthemoon\advancedrocketrycommunity\satellite\mission\QueueBoundsTest.java:40: warning: [removal] ResourceLocation(String,String) in ResourceLocation has been deprecated and marked for removal
            "iron_ore"), 30), new RewardEntry(new ResourceLocation("minecraft", "cobblestone"), 34));
                                              ^
D:\GitHub\arce-v160-recovery-fix\src\test\java\io\github\sunthemoon\advancedrocketrycommunity\satellite\mission\QueueBoundsTest.java:117: warning: [removal] ResourceLocation(String,String) in ResourceLocation has been deprecated and marked for removal
        ResourceLocation longLevel = new ResourceLocation("probe", "d".repeat(200));
                                     ^
D:\GitHub\arce-v160-recovery-fix\src\test\java\io\github\sunthemoon\advancedrocketrycommunity\satellite\mission\QueueBoundsTest.java:132: warning: [removal] ResourceLocation(String,String) in ResourceLocation has been deprecated and marked for removal
                        Optional.empty(), List.of(new RewardEntry(new ResourceLocation("minecraft", "iron_ore"), 5)),
                                                                  ^
D:\GitHub\arce-v160-recovery-fix\src\test\java\io\github\sunthemoon\advancedrocketrycommunity\satellite\mission\ResourceMissionsTest.java:35: warning: [removal] ResourceLocation(String,String) in ResourceLocation has been deprecated and marked for removal
            new RewardEntry(new ResourceLocation("minecraft", "iron_ore"), 30),
                            ^
D:\GitHub\arce-v160-recovery-fix\src\test\java\io\github\sunthemoon\advancedrocketrycommunity\satellite\mission\ResourceMissionsTest.java:36: warning: [removal] ResourceLocation(String,String) in ResourceLocation has been deprecated and marked for removal
            new RewardEntry(new ResourceLocation("minecraft", "cobblestone"), 170));
                            ^
D:\GitHub\arce-v160-recovery-fix\src\test\java\io\github\sunthemoon\advancedrocketrycommunity\satellite\mission\ResourceMissionsTest.java:129: warning: [removal] ResourceLocation(String,String) in ResourceLocation has been deprecated and marked for removal
        assertEquals(List.of(new RewardEntry(new ResourceLocation("minecraft", "iron_ore"), 30),
                                             ^
D:\GitHub\arce-v160-recovery-fix\src\test\java\io\github\sunthemoon\advancedrocketrycommunity\satellite\mission\ResourceMissionsTest.java:130: warning: [removal] ResourceLocation(String,String) in ResourceLocation has been deprecated and marked for removal
                new RewardEntry(new ResourceLocation("minecraft", "cobblestone"), 34)), resource.reward(),
                                ^
D:\GitHub\arce-v160-recovery-fix\src\test\java\io\github\sunthemoon\advancedrocketrycommunity\satellite\mission\ResourceMissionsTest.java:372: warning: [removal] ResourceLocation(String,String) in ResourceLocation has been deprecated and marked for removal
        List<RewardEntry> reward = List.of(new RewardEntry(new ResourceLocation("minecraft", "iron_ore"), 30),
                                                           ^
D:\GitHub\arce-v160-recovery-fix\src\test\java\io\github\sunthemoon\advancedrocketrycommunity\satellite\mission\ResourceMissionsTest.java:373: warning: [removal] ResourceLocation(String,String) in ResourceLocation has been deprecated and marked for removal
                new RewardEntry(new ResourceLocation("minecraft", "cobblestone"), 34));
                                ^
D:\GitHub\arce-v160-recovery-fix\src\test\java\io\github\sunthemoon\advancedrocketrycommunity\satellite\persistence\SatelliteWritePolicyTest.java:88: warning: [removal] ResourceLocation(String,String) in ResourceLocation has been deprecated and marked for removal
            new RewardEntry(new ResourceLocation("minecraft", "iron_ore"), 30));
                            ^
D:\GitHub\arce-v160-recovery-fix\src\test\java\io\github\sunthemoon\advancedrocketrycommunity\satellite\service\DeliveryRuntimeTest.java:43: warning: [removal] ResourceLocation(String,String) in ResourceLocation has been deprecated and marked for removal
        List<RewardEntry> reward = List.of(new RewardEntry(new ResourceLocation("minecraft", "iron_ore"), 30));
                                                           ^
D:\GitHub\arce-v160-recovery-fix\src\test\java\io\github\sunthemoon\advancedrocketrycommunity\satellite\terminal\DeliveryCrashCutTest.java:45: warning: [removal] ResourceLocation(String,String) in ResourceLocation has been deprecated and marked for removal
    private static final List<RewardEntry> REWARD = List.of(new RewardEntry(new ResourceLocation("minecraft", "iron_ore"),
                                                                            ^
D:\GitHub\arce-v160-recovery-fix\src\test\java\io\github\sunthemoon\advancedrocketrycommunity\satellite\terminal\DeliveryCrashCutTest.java:46: warning: [removal] ResourceLocation(String,String) in ResourceLocation has been deprecated and marked for removal
            30), new RewardEntry(new ResourceLocation("minecraft", "cobblestone"), 34));
                                 ^
D:\GitHub\arce-v160-recovery-fix\src\test\java\io\github\sunthemoon\advancedrocketrycommunity\satellite\terminal\TerminalDeliveryTest.java:26: warning: [removal] ResourceLocation(String,String) in ResourceLocation has been deprecated and marked for removal
    private static final ResourceLocation IRON = new ResourceLocation("minecraft", "iron_ore");
                                                 ^
D:\GitHub\arce-v160-recovery-fix\src\test\java\io\github\sunthemoon\advancedrocketrycommunity\satellite\terminal\TerminalDeliveryTest.java:27: warning: [removal] ResourceLocation(String,String) in ResourceLocation has been deprecated and marked for removal
    private static final ResourceLocation STONE = new ResourceLocation("minecraft", "cobblestone");
                                                  ^
D:\GitHub\arce-v160-recovery-fix\src\test\java\io\github\sunthemoon\advancedrocketrycommunity\satellite\terminal\TerminalDeliveryTest.java:59: warning: [removal] ResourceLocation(String,String) in ResourceLocation has been deprecated and marked for removal
            delivery.pay(new UUID(1L, index), List.of(new RewardEntry(new ResourceLocation("test", "item_" + index), 1)));
                                                                      ^
D:\GitHub\arce-v160-recovery-fix\src\test\java\io\github\sunthemoon\advancedrocketrycommunity\satellite\terminal\TerminalDeliveryTest.java:61: warning: [removal] ResourceLocation(String,String) in ResourceLocation has been deprecated and marked for removal
        assertNull(delivery.room(List.of(new RewardEntry(new ResourceLocation("test", "item_0"), 5))),
                                                         ^
D:\GitHub\arce-v160-recovery-fix\src\test\java\io\github\sunthemoon\advancedrocketrycommunity\satellite\terminal\TerminalDeliveryTest.java:65: warning: [removal] ResourceLocation(String,String) in ResourceLocation has been deprecated and marked for removal
        assertEquals(1, delivery.take(new ResourceLocation("test", "item_0"), 64));
                                      ^
D:\GitHub\arce-v160-recovery-fix\src\test\java\io\github\sunthemoon\advancedrocketrycommunity\satellite\terminal\TerminalDeliveryTest.java:66: warning: [removal] ResourceLocation(String,String) in ResourceLocation has been deprecated and marked for removal
        assertEquals(0, delivery.take(new ResourceLocation("test", "item_0"), 64));
                                      ^
Note: Some input files use or override a deprecated API.
Note: Recompile with -Xlint:deprecation for details.
29 warnings

> Task :processTestResources
> Task :testClasses
> Task :test
> Task :check
> Task :build
> Task :createSrgToMcp
> Task :downloadMCMeta
> Task :downloadAssets
> Task :extractNatives
> Task :makeSrcDirs
> Task :prepareRuns
> Task :prepareRunData
> Task :prepareRunDataCompile

> Task :runData
2026-10-01 17:52:39,104 main WARN Advanced terminal features are not available in this environment
[17:52:39] [main/INFO] [cp.mo.mo.Launcher/MODLAUNCHER]: ModLauncher running: args [--launchTarget, forgedatauserdev, --assetIndex, 5, --assetsDir, C:\Users\Administrator\.gradle\caches\forge_gradle\assets, --gameDir, ., --fml.forgeVersion, 47.4.10, --fml.mcVersion, 1.20.1, --fml.forgeGroup, net.minecraftforge, --fml.mcpVersion, 20230612.114412, --mod, advancedrocketrycommunity, --all, --output, D:\GitHub\arce-v160-recovery-fix\src\generated\v1.6\resources, --existing, D:\GitHub\arce-v160-recovery-fix\src\main\resources, --existing, D:\GitHub\arce-v160-recovery-fix\src\generated\resources, --existing, D:\GitHub\arce-v160-recovery-fix\src\generated\v0.2\resources, --existing, D:\GitHub\arce-v160-recovery-fix\src\generated\v0.3\resources, --existing, D:\GitHub\arce-v160-recovery-fix\src\generated\v0.4\resources, --existing, D:\GitHub\arce-v160-recovery-fix\src\generated\v0.5\resources, --existing, D:\GitHub\arce-v160-recovery-fix\src\generated\v0.6\resources, --existing, D:\GitHub\arce-v160-recovery-fix\src\generated\v0.7\resources, --existing, D:\GitHub\arce-v160-recovery-fix\src\generated\v0.8\resources, --existing, D:\GitHub\arce-v160-recovery-fix\src\generated\v1.2\resources, --existing, D:\GitHub\arce-v160-recovery-fix\src\generated\v1.3\resources, --existing, D:\GitHub\arce-v160-recovery-fix\src\generated\v1.4\resources, --existing, D:\GitHub\arce-v160-recovery-fix\src\generated\v1.5\resources]
[17:52:39] [main/INFO] [cp.mo.mo.Launcher/MODLAUNCHER]: ModLauncher 10.0.9+10.0.9+main.dcd20f30 starting: java version 17.0.7 by Oracle Corporation; OS Windows 11 arch amd64 version 10.0
[17:52:39] [main/WARN] [ne.mi.fm.lo.FMLConfig/CORE]: Configuration file D:\GitHub\arce-v160-recovery-fix\run-data\config\fml.toml is not correct. Correcting
[17:52:39] [main/INFO] [ne.mi.fm.lo.FMLConfig/CORE]: Incorrect key [earlyWindowSkipGLVersions] was corrected from null to []
[17:52:39] [main/INFO] [ne.mi.fm.lo.FMLConfig/CORE]: Incorrect key [earlyWindowLogHelpMessage] was corrected from null to true
[17:52:39] [main/INFO] [ne.mi.fm.lo.FMLConfig/CORE]: Incorrect key [earlyWindowSquir] was corrected from null to false
[17:52:39] [main/INFO] [ne.mi.fm.lo.FMLConfig/CORE]: Incorrect key [earlyWindowShowCPU] was corrected from null to false
[17:52:39] [main/INFO] [ne.mi.fm.lo.ImmediateWindowHandler/]: ImmediateWindowProvider not loading because launch target is forgedatauserdev
[17:52:39] [main/INFO] [mixin/]: SpongePowered MIXIN Subsystem Version=0.8.5 Source=union:/C:/Users/Administrator/.gradle/caches/modules-2/files-2.1/org.spongepowered/mixin/0.8.5/9d1c0c3a304ae6697ecd477218fa61b850bf57fc/mixin-0.8.5.jar%23128!/ Service=ModLauncher Env=CLIENT
[17:52:39] [main/WARN] [ne.mi.fm.lo.mo.ModFileParser/LOADING]: Mod file C:\Users\Administrator\.gradle\caches\modules-2\files-2.1\net.minecraftforge\javafmllanguage\1.20.1-47.4.10\ccc533c7dd67e0983217197d7549c8b49e7ab453\javafmllanguage-1.20.1-47.4.10.jar is missing mods.toml file
[17:52:39] [main/WARN] [ne.mi.fm.lo.mo.ModFileParser/LOADING]: Mod file C:\Users\Administrator\.gradle\caches\modules-2\files-2.1\net.minecraftforge\lowcodelanguage\1.20.1-47.4.10\e9a2879fe3612ea34b9728ec2633304a1e67d480\lowcodelanguage-1.20.1-47.4.10.jar is missing mods.toml file
[17:52:39] [main/WARN] [ne.mi.fm.lo.mo.ModFileParser/LOADING]: Mod file C:\Users\Administrator\.gradle\caches\modules-2\files-2.1\net.minecraftforge\mclanguage\1.20.1-47.4.10\ec5cefbbc65c67302b8fac317010faab85fa14b9\mclanguage-1.20.1-47.4.10.jar is missing mods.toml file
[17:52:39] [main/WARN] [ne.mi.fm.lo.mo.ModFileParser/LOADING]: Mod file C:\Users\Administrator\.gradle\caches\modules-2\files-2.1\net.minecraftforge\fmlcore\1.20.1-47.4.10\94dae566be650566ea9115a1414ab76bfcf5a804\fmlcore-1.20.1-47.4.10.jar is missing mods.toml file
[17:52:39] [main/INFO] [ne.mi.fm.lo.mo.JarInJarDependencyLocator/]: No dependencies to load found. Skipping!
[17:52:41] [main/INFO] [cp.mo.mo.LaunchServiceHandler/MODLAUNCHER]: Launching target 'forgedatauserdev' with arguments [--gameDir, ., --assetsDir, C:\Users\Administrator\.gradle\caches\forge_gradle\assets, --assetIndex, 5, --mod, advancedrocketrycommunity, --all, --output, D:\GitHub\arce-v160-recovery-fix\src\generated\v1.6\resources, --existing, D:\GitHub\arce-v160-recovery-fix\src\main\resources, --existing, D:\GitHub\arce-v160-recovery-fix\src\generated\resources, --existing, D:\GitHub\arce-v160-recovery-fix\src\generated\v0.2\resources, --existing, D:\GitHub\arce-v160-recovery-fix\src\generated\v0.3\resources, --existing, D:\GitHub\arce-v160-recovery-fix\src\generated\v0.4\resources, --existing, D:\GitHub\arce-v160-recovery-fix\src\generated\v0.5\resources, --existing, D:\GitHub\arce-v160-recovery-fix\src\generated\v0.6\resources, --existing, D:\GitHub\arce-v160-recovery-fix\src\generated\v0.7\resources, --existing, D:\GitHub\arce-v160-recovery-fix\src\generated\v0.8\resources, --existing, D:\GitHub\arce-v160-recovery-fix\src\generated\v1.2\resources, --existing, D:\GitHub\arce-v160-recovery-fix\src\generated\v1.3\resources, --existing, D:\GitHub\arce-v160-recovery-fix\src\generated\v1.4\resources, --existing, D:\GitHub\arce-v160-recovery-fix\src\generated\v1.5\resources]
[17:52:41] [main/INFO] [ne.mi.da.lo.DatagenModLoader/]: Initializing Data Gatherer for mods [advancedrocketrycommunity]
[17:52:46] [modloading-worker-0/INFO] [ne.mi.co.ForgeMod/FORGEMOD]: Forge mod loading, version 47.4.10, for MC 1.20.1 with MCP 20230612.114412
[17:52:46] [modloading-worker-0/INFO] [ne.mi.co.MinecraftForge/FORGE]: MinecraftForge v47.4.10 Initialized
[17:52:47] [main/WARN] [minecraft/VanillaPackResourcesBuilder]: Assets URL 'union:/C:/Users/Administrator/.gradle/caches/forge_gradle/minecraft_user_repo/net/minecraftforge/forge/1.20.1-47.4.10_mapped_official_1.20.1/forge-1.20.1-47.4.10_mapped_official_1.20.1.jar%23191!/assets/.mcassetsroot' uses unexpected schema
[17:52:47] [main/WARN] [minecraft/VanillaPackResourcesBuilder]: Assets URL 'union:/C:/Users/Administrator/.gradle/caches/forge_gradle/minecraft_user_repo/net/minecraftforge/forge/1.20.1-47.4.10_mapped_official_1.20.1/forge-1.20.1-47.4.10_mapped_official_1.20.1.jar%23191!/data/.mcassetsroot' uses unexpected schema
[17:52:47] [main/INFO] [minecraft/DataGenerator]: Starting provider: Languages: en_us
[17:52:47] [main/INFO] [minecraft/DataGenerator]: Languages: en_us finished after 11 ms
[17:52:47] [main/INFO] [minecraft/DataGenerator]: Starting provider: Languages: zh_cn
[17:52:47] [main/INFO] [minecraft/DataGenerator]: Languages: zh_cn finished after 2 ms
[17:52:47] [main/INFO] [minecraft/DataGenerator]: Starting provider: Block States: advancedrocketrycommunity
[17:52:47] [main/INFO] [minecraft/DataGenerator]: Block States: advancedrocketrycommunity finished after 182 ms
[17:52:47] [main/INFO] [minecraft/DataGenerator]: Starting provider: Loot Tables
[17:52:47] [main/INFO] [minecraft/DataGenerator]: Loot Tables finished after 40 ms
[17:52:47] [main/INFO] [minecraft/DataGenerator]: Starting provider: Recipes
[17:52:47] [main/INFO] [minecraft/DataGenerator]: Recipes finished after 23 ms
[17:52:47] [main/INFO] [minecraft/DataGenerator]: Starting provider: Tags for minecraft:block mod id advancedrocketrycommunity
[17:52:47] [main/INFO] [minecraft/DataGenerator]: Tags for minecraft:block mod id advancedrocketrycommunity finished after 13 ms
[17:52:47] [main/INFO] [minecraft/DataGenerator]: Starting provider: ARCE v1.6 satellite components
[17:52:47] [main/INFO] [minecraft/DataGenerator]: ARCE v1.6 satellite components finished after 8 ms
[17:52:47] [main/INFO] [minecraft/DataGenerator]: Starting provider: ARCE v1.6 satellite kind definitions
[17:52:47] [main/INFO] [minecraft/DataGenerator]: ARCE v1.6 satellite kind definitions finished after 7 ms
[17:52:47] [main/INFO] [minecraft/DataGenerator]: Starting provider: ARCE v1.6 resource tables
[17:52:47] [main/INFO] [minecraft/DataGenerator]: ARCE v1.6 resource tables finished after 12 ms
[17:52:47] [main/INFO] [minecraft/DataGenerator]: All providers took: 308 ms
[17:52:47] [main/INFO] [minecraft/HashCache]: Caching: total files: 61, old count: 0, new count: 62, removed stale: 0, written: 61

> Task :processAdapterTestResources
> Task :adapterTestClasses
> Task :prepareRunGameTestServer
> Task :prepareRunGameTestServerCompile

> Task :runGameTestServer
2026-10-01 17:52:49,784 main WARN Advanced terminal features are not available in this environment
[17:52:49] [main/INFO] [cp.mo.mo.Launcher/MODLAUNCHER]: ModLauncher running: args [--launchTarget, forgegametestserveruserdev, --gameDir, ., --fml.forgeVersion, 47.4.10, --fml.mcVersion, 1.20.1, --fml.forgeGroup, net.minecraftforge, --fml.mcpVersion, 20230612.114412]
[17:52:49] [main/INFO] [cp.mo.mo.Launcher/MODLAUNCHER]: ModLauncher 10.0.9+10.0.9+main.dcd20f30 starting: java version 17.0.7 by Oracle Corporation; OS Windows 11 arch amd64 version 10.0
[17:52:50] [main/WARN] [ne.mi.fm.lo.FMLConfig/CORE]: Configuration file D:\GitHub\arce-v160-recovery-fix\build\gametest\config\fml.toml is not correct. Correcting
[17:52:50] [main/INFO] [ne.mi.fm.lo.FMLConfig/CORE]: Incorrect key [earlyWindowSkipGLVersions] was corrected from null to []
[17:52:50] [main/INFO] [ne.mi.fm.lo.FMLConfig/CORE]: Incorrect key [earlyWindowLogHelpMessage] was corrected from null to true
[17:52:50] [main/INFO] [ne.mi.fm.lo.FMLConfig/CORE]: Incorrect key [earlyWindowSquir] was corrected from null to false
[17:52:50] [main/INFO] [ne.mi.fm.lo.FMLConfig/CORE]: Incorrect key [earlyWindowShowCPU] was corrected from null to false
[17:52:50] [main/INFO] [ne.mi.fm.lo.ImmediateWindowHandler/]: ImmediateWindowProvider not loading because launch target is forgegametestserveruserdev
[17:52:50] [main/INFO] [mixin/]: SpongePowered MIXIN Subsystem Version=0.8.5 Source=union:/C:/Users/Administrator/.gradle/caches/modules-2/files-2.1/org.spongepowered/mixin/0.8.5/9d1c0c3a304ae6697ecd477218fa61b850bf57fc/mixin-0.8.5.jar%23128!/ Service=ModLauncher Env=SERVER
[17:52:50] [main/WARN] [ne.mi.fm.lo.mo.ModFileParser/LOADING]: Mod file C:\Users\Administrator\.gradle\caches\modules-2\files-2.1\net.minecraftforge\javafmllanguage\1.20.1-47.4.10\ccc533c7dd67e0983217197d7549c8b49e7ab453\javafmllanguage-1.20.1-47.4.10.jar is missing mods.toml file
[17:52:50] [main/WARN] [ne.mi.fm.lo.mo.ModFileParser/LOADING]: Mod file C:\Users\Administrator\.gradle\caches\modules-2\files-2.1\net.minecraftforge\lowcodelanguage\1.20.1-47.4.10\e9a2879fe3612ea34b9728ec2633304a1e67d480\lowcodelanguage-1.20.1-47.4.10.jar is missing mods.toml file
[17:52:50] [main/WARN] [ne.mi.fm.lo.mo.ModFileParser/LOADING]: Mod file C:\Users\Administrator\.gradle\caches\modules-2\files-2.1\net.minecraftforge\mclanguage\1.20.1-47.4.10\ec5cefbbc65c67302b8fac317010faab85fa14b9\mclanguage-1.20.1-47.4.10.jar is missing mods.toml file
[17:52:50] [main/WARN] [ne.mi.fm.lo.mo.ModFileParser/LOADING]: Mod file C:\Users\Administrator\.gradle\caches\modules-2\files-2.1\net.minecraftforge\fmlcore\1.20.1-47.4.10\94dae566be650566ea9115a1414ab76bfcf5a804\fmlcore-1.20.1-47.4.10.jar is missing mods.toml file
[17:52:50] [main/INFO] [ne.mi.fm.lo.mo.JarInJarDependencyLocator/]: No dependencies to load found. Skipping!
[17:52:52] [main/INFO] [cp.mo.mo.LaunchServiceHandler/MODLAUNCHER]: Launching target 'forgegametestserveruserdev' with arguments [--gameDir, .]
[17:52:57] [modloading-worker-0/INFO] [ne.mi.co.ForgeMod/FORGEMOD]: Forge mod loading, version 47.4.10, for MC 1.20.1 with MCP 20230612.114412
[17:52:57] [modloading-worker-0/INFO] [ne.mi.co.MinecraftForge/FORGE]: MinecraftForge v47.4.10 Initialized
[17:52:58] [main/WARN] [ne.mi.co.ForgeConfigSpec/CORE]: Configuration file D:\GitHub\arce-v160-recovery-fix\build\gametest\config\advancedrocketrycommunity-common.toml is not correct. Correcting
[17:52:58] [main/WARN] [ne.mi.co.ForgeConfigSpec/CORE]: Incorrect key atmosphere was corrected from null to its default, SimpleCommentedConfig:{}. 
[17:52:58] [main/WARN] [ne.mi.co.ForgeConfigSpec/CORE]: Incorrect key atmosphere.maxVolumeCells was corrected from null to its default, 4096. 
[17:52:58] [main/WARN] [ne.mi.co.ForgeConfigSpec/CORE]: Incorrect key atmosphere.maxInspectionsPerLevelTick was corrected from null to its default, 1024. 
[17:52:58] [main/WARN] [ne.mi.co.ForgeConfigSpec/CORE]: Incorrect key stations was corrected from null to its default, SimpleCommentedConfig:{}. 
[17:52:58] [main/WARN] [ne.mi.co.ForgeConfigSpec/CORE]: Incorrect key stations.warpEnabled was corrected from null to its default, true. 
[17:52:58] [main/WARN] [ne.mi.co.ForgeConfigSpec/CORE]: Incorrect key stations.warpCostInSystem was corrected from null to its default, 2000000. 
[17:52:58] [main/WARN] [ne.mi.co.ForgeConfigSpec/CORE]: Incorrect key stations.warpCostInterstellar was corrected from null to its default, 8000000. 
[17:52:58] [main/WARN] [ne.mi.co.ForgeConfigSpec/CORE]: Incorrect key stations.checkedWriteTicksPer100Stations was corrected from null to its default, 3. 
[17:52:58] [main/WARN] [ne.mi.co.ForgeConfigSpec/CORE]: Incorrect key satellites was corrected from null to its default, SimpleCommentedConfig:{}. 
[17:52:58] [main/WARN] [ne.mi.co.ForgeConfigSpec/CORE]: Incorrect key satellites.surveyScanJobLimit was corrected from null to its default, 4. 
[17:52:58] [main/WARN] [ne.mi.co.ForgeConfigSpec/CORE]: Incorrect key satellites.surveyScanCooldownTicks was corrected from null to its default, 100. 
[17:52:58] [main/WARN] [ne.mi.co.ForgeConfigSpec/CORE]: Incorrect key satellites.surveyScanReadsPerTick was corrected from null to its default, 16384. 
[17:52:58] [main/WARN] [ne.mi.co.ForgeConfigSpec/CORE]: Incorrect key satellites.unfinishedMissionsGlobal was corrected from null to its default, 1024. 
[17:52:58] [main/WARN] [ne.mi.co.ForgeConfigSpec/CORE]: Incorrect key satellites.unfinishedMissionsPerOwner was corrected from null to its default, 64. 
[17:52:58] [main/WARN] [ne.mi.co.ForgeConfigSpec/CORE]: Incorrect key satellites.finishedMissionsPerOwner was corrected from null to its default, 128. 
[17:52:58] [main/WARN] [ne.mi.co.ForgeConfigSpec/CORE]: Incorrect key satellites.missionsTotal was corrected from null to its default, 3072. 
[17:52:58] [main/WARN] [ne.mi.co.ForgeConfigSpec/CORE]: Incorrect key satellites.satellitesGlobal was corrected from null to its default, 4096. 
[17:52:58] [main/WARN] [ne.mi.co.ForgeConfigSpec/CORE]: Incorrect key satellites.satellitesPerOwner was corrected from null to its default, 256. 
[17:52:58] [main/WARN] [ne.mi.co.ForgeConfigSpec/CORE]: Incorrect key satellites.asteroidInstancesGlobal was corrected from null to its default, 2048. 
[17:52:58] [main/WARN] [ne.mi.co.ForgeConfigSpec/CORE]: Incorrect key satellites.asteroidInstancesPerOwner was corrected from null to its default, 16. 
[17:52:58] [main/WARN] [ne.mi.co.ForgeConfigSpec/CORE]: Incorrect key satellites.intentIntervalTicks was corrected from null to its default, 10. 
[17:52:58] [main/WARN] [ne.mi.co.ForgeConfigSpec/CORE]: Incorrect key satellites.selectionIntervalTicks was corrected from null to its default, 2. 
[17:52:58] [main/WARN] [ne.mi.co.ForgeConfigSpec/CORE]: Incorrect key satellites.asteroidInstanceTtlTicks was corrected from null to its default, 168000. 
[17:52:58] [main/WARN] [ne.mi.co.ForgeConfigSpec/CORE]: Incorrect key satellites.asteroidMissionTimePercent was corrected from null to its default, 100. 
[17:52:58] [main/WARN] [ne.mi.co.ForgeConfigSpec/CORE]: Incorrect key satellites.gasMissionTimePercent was corrected from null to its default, 100. 
[17:52:58] [modloading-worker-0/INFO] [io.gi.su.ad.AdvancedRocketryCommunity/]: Advanced Rocketry: Community Edition 1.20.1-1.6.0-dev initialized
[17:52:58] [modloading-worker-0/INFO] [io.gi.su.ad.AdvancedRocketryCommunity/]: ARCE-BETA-1100 optional_compat=jei status=absent version=absent
[17:52:58] [main/INFO] [io.gi.su.ar.AdapterTestMod/]: ARCE_ADAPTER_REGISTRATION_CONFLICTS rejected=2
[17:52:58] [main/INFO] [io.gi.su.ar.AdapterTestMod/]: Registered rocket adapter arce_adapter_test:cargo_inventory (payload 1, API 1.7, event 1)
[17:52:58] [main/INFO] [io.gi.su.ar.AdapterTestMod/]: Registered rocket components (variant standard, API 1.7, event 1)
[17:52:58] [main/INFO] [io.gi.su.ar.AdapterTestMod/]: Registered rocket fuels (variant standard, API 1.7, event 1)
[17:52:58] [main/INFO] [io.gi.su.ar.SatellitePayloadFixture/]: Registered satellite payload arce_adapter_test:research_payload (API 1.7, event 1)
[17:52:58] [main/INFO] [io.gi.su.ar.AdapterTestMod/]: Registered atmosphere boundary arce_adapter_test:state_boundary (API 1.7, event 1)
[17:52:58] [main/INFO] [io.gi.su.ar.AdapterTestMod/]: Registered suit equipment arce_adapter_test:suit_oxygen (API 1.7, event 1)
[17:52:58] [Forge Version Check/INFO] [ne.mi.fm.VersionChecker/]: [forge] Starting version check at https://files.minecraftforge.net/net/minecraftforge/forge/promotions_slim.json
[17:52:59] [main/ERROR] [minecraft/Settings]: Failed to load properties from file: server.properties
java.nio.file.NoSuchFileException: server.properties
	at sun.nio.fs.WindowsException.translateToIOException(WindowsException.java:85) ~[?:?] {}
	at sun.nio.fs.WindowsException.rethrowAsIOException(WindowsException.java:103) ~[?:?] {}
	at sun.nio.fs.WindowsException.rethrowAsIOException(WindowsException.java:108) ~[?:?] {}
	at sun.nio.fs.WindowsFileSystemProvider.newByteChannel(WindowsFileSystemProvider.java:236) ~[?:?] {}
	at java.nio.file.Files.newByteChannel(Files.java:380) ~[?:?] {}
	at java.nio.file.Files.newByteChannel(Files.java:432) ~[?:?] {}
	at java.nio.file.spi.FileSystemProvider.newInputStream(FileSystemProvider.java:422) ~[?:?] {}
	at java.nio.file.Files.newInputStream(Files.java:160) ~[?:?] {}
	at net.minecraft.server.dedicated.Settings.loadFromFile(Settings.java:36) ~[forge-1.20.1-47.4.10_mapped_official_1.20.1.jar:?] {re:classloading}
	at net.minecraft.server.dedicated.DedicatedServerProperties.fromFile(DedicatedServerProperties.java:137) ~[forge-1.20.1-47.4.10_mapped_official_1.20.1.jar:?] {re:classloading}
	at net.minecraft.server.dedicated.DedicatedServerSettings.<init>(DedicatedServerSettings.java:12) ~[forge-1.20.1-47.4.10_mapped_official_1.20.1.jar:?] {re:classloading}
	at net.minecraft.server.Main.main(Main.java:126) ~[forge-1.20.1-47.4.10_mapped_official_1.20.1.jar:?] {re:classloading}
	at net.minecraftforge.gametest.GameTestMain.main(GameTestMain.java:16) ~[forge-1.20.1-47.4.10_mapped_official_1.20.1.jar:?] {re:classloading}
	at jdk.internal.reflect.NativeMethodAccessorImpl.invoke0(Native Method) ~[?:?] {}
	at jdk.internal.reflect.NativeMethodAccessorImpl.invoke(NativeMethodAccessorImpl.java:77) ~[?:?] {}
	at jdk.internal.reflect.DelegatingMethodAccessorImpl.invoke(DelegatingMethodAccessorImpl.java:43) ~[?:?] {}
	at java.lang.reflect.Method.invoke(Method.java:568) ~[?:?] {}
	at net.minecraftforge.fml.loading.targets.ForgeGametestUserdevLaunchHandler.devService(ForgeGametestUserdevLaunchHandler.java:16) ~[fmlloader-1.20.1-47.4.10.jar:?] {}
	at net.minecraftforge.fml.loading.targets.CommonDevLaunchHandler.lambda$makeService$7(CommonDevLaunchHandler.java:135) ~[fmlloader-1.20.1-47.4.10.jar:?] {}
	at cpw.mods.modlauncher.LaunchServiceHandlerDecorator.launch(LaunchServiceHandlerDecorator.java:30) ~[modlauncher-10.0.9.jar:?] {}
	at cpw.mods.modlauncher.LaunchServiceHandler.launch(LaunchServiceHandler.java:53) ~[modlauncher-10.0.9.jar:?] {}
	at cpw.mods.modlauncher.LaunchServiceHandler.launch(LaunchServiceHandler.java:71) ~[modlauncher-10.0.9.jar:?] {}
	at cpw.mods.modlauncher.Launcher.run(Launcher.java:108) ~[modlauncher-10.0.9.jar:?] {}
	at cpw.mods.modlauncher.Launcher.main(Launcher.java:78) ~[modlauncher-10.0.9.jar:?] {}
	at cpw.mods.modlauncher.BootstrapLaunchConsumer.accept(BootstrapLaunchConsumer.java:26) ~[modlauncher-10.0.9.jar:?] {}
	at cpw.mods.modlauncher.BootstrapLaunchConsumer.accept(BootstrapLaunchConsumer.java:23) ~[modlauncher-10.0.9.jar:?] {}
	at cpw.mods.bootstraplauncher.BootstrapLauncher.main(BootstrapLauncher.java:141) ~[bootstraplauncher-1.1.2.jar:?] {}
[17:52:59] [main/INFO] [mojang/YggdrasilAuthenticationService]: Environment: authHost='https://authserver.mojang.com', accountsHost='https://api.mojang.com', sessionHost='https://sessionserver.mojang.com', servicesHost='https://api.minecraftservices.com', name='PROD'
[17:52:59] [Forge Version Check/INFO] [ne.mi.fm.VersionChecker/]: [forge] Found status: UP_TO_DATE Current: 47.4.10 Target: null
[17:52:59] [main/WARN] [minecraft/VanillaPackResourcesBuilder]: Assets URL 'union:/C:/Users/Administrator/.gradle/caches/forge_gradle/minecraft_user_repo/net/minecraftforge/forge/1.20.1-47.4.10_mapped_official_1.20.1/forge-1.20.1-47.4.10_mapped_official_1.20.1.jar%23191!/assets/.mcassetsroot' uses unexpected schema
[17:52:59] [main/WARN] [minecraft/VanillaPackResourcesBuilder]: Assets URL 'union:/C:/Users/Administrator/.gradle/caches/forge_gradle/minecraft_user_repo/net/minecraftforge/forge/1.20.1-47.4.10_mapped_official_1.20.1/forge-1.20.1-47.4.10_mapped_official_1.20.1.jar%23191!/data/.mcassetsroot' uses unexpected schema
[17:53:01] [main/INFO] [minecraft/RecipeManager]: Loaded 10 recipes
[17:53:01] [main/INFO] [minecraft/AdvancementList]: Loaded 1315 advancements
[17:53:01] [main/INFO] [io.gi.su.ad.AdvancedRocketryCommunity/]: Accepted planetary catalog generation 1 with 8 bodies, 9 routes and 9 anchors
[17:53:01] [main/INFO] [io.gi.su.ad.AdvancedRocketryCommunity/]: Accepted satellite component catalog with 12 components
[17:53:01] [main/INFO] [io.gi.su.ad.AdvancedRocketryCommunity/]: Accepted satellite catalog generation 1 with 2 definitions
[17:53:01] [main/INFO] [io.gi.su.ad.AdvancedRocketryCommunity/]: Accepted resource tables generation 1: 4 asteroid types, 1 gas tables
[17:53:01] [main/INFO] [io.gi.su.ad.AdvancedRocketryCommunity/]: Accepted multiblock pattern catalog generation 1 with 2 definitions
[17:53:01] [main/INFO] [ne.mi.ga.ForgeGameTestHooks/]: Enabled Gametest Namespaces: [arce_adapter_test, advancedrocketrycommunity]
[17:53:01] [Server thread/WARN] [ne.mi.co.ForgeConfigSpec/CORE]: Configuration file .\world\serverconfig\forge-server.toml is not correct. Correcting
[17:53:01] [Server thread/WARN] [ne.mi.co.ForgeConfigSpec/CORE]: Incorrect key server was corrected from null to its default, SimpleCommentedConfig:{}. 
[17:53:01] [Server thread/WARN] [ne.mi.co.ForgeConfigSpec/CORE]: Incorrect key server.removeErroringBlockEntities was corrected from null to its default, false. 
[17:53:01] [Server thread/WARN] [ne.mi.co.ForgeConfigSpec/CORE]: Incorrect key server.removeErroringEntities was corrected from null to its default, false. 
[17:53:01] [Server thread/WARN] [ne.mi.co.ForgeConfigSpec/CORE]: Incorrect key server.fullBoundingBoxLadders was corrected from null to its default, false. 
[17:53:01] [Server thread/WARN] [ne.mi.co.ForgeConfigSpec/CORE]: Incorrect key server.zombieBaseSummonChance was corrected from null to its default, 0.1. 
[17:53:01] [Server thread/WARN] [ne.mi.co.ForgeConfigSpec/CORE]: Incorrect key server.zombieBabyChance was corrected from null to its default, 0.05. 
[17:53:01] [Server thread/WARN] [ne.mi.co.ForgeConfigSpec/CORE]: Incorrect key server.permissionHandler was corrected from null to its default, forge:default_handler. 
[17:53:01] [Server thread/WARN] [ne.mi.co.ForgeConfigSpec/CORE]: Incorrect key server.advertiseDedicatedServerToLan was corrected from null to its default, true. 
[17:53:01] [Server thread/WARN] [ne.mi.co.ForgeConfigSpec/CORE]: Incorrect key server.useItemWithDurationZero was corrected from null to its default, false. 
[17:53:01] [Server thread/INFO] [io.gi.su.ad.AdvancedRocketryCommunity/]: [ARCE-BETA-1000] Beta world data check complete: managed=0, migrated=0, backup=none
[17:53:01] [Server thread/INFO] [io.gi.su.ad.AdvancedRocketryCommunity/]: Planetary bindings ready: 8 recorded bodies
[17:53:04] [Server thread/INFO] [minecraft/MinecraftServer]: Preparing start region for dimension minecraft:overworld
[17:53:05] [Worker-Main-11/INFO] [minecraft/LoggerChunkProgressListener]: Preparing spawn area: 0%
[17:53:05] [Worker-Main-2/INFO] [minecraft/LoggerChunkProgressListener]: Preparing spawn area: 0%
[17:53:05] [Worker-Main-8/INFO] [minecraft/LoggerChunkProgressListener]: Preparing spawn area: 0%
[17:53:06] [Worker-Main-8/INFO] [minecraft/LoggerChunkProgressListener]: Preparing spawn area: 1%
[17:53:06] [Worker-Main-11/INFO] [minecraft/LoggerChunkProgressListener]: Preparing spawn area: 2%
[17:53:07] [Worker-Main-3/INFO] [minecraft/LoggerChunkProgressListener]: Preparing spawn area: 4%
[17:53:07] [Worker-Main-6/INFO] [minecraft/LoggerChunkProgressListener]: Preparing spawn area: 5%
[17:53:08] [Worker-Main-7/INFO] [minecraft/LoggerChunkProgressListener]: Preparing spawn area: 9%
[17:53:08] [Worker-Main-3/INFO] [minecraft/LoggerChunkProgressListener]: Preparing spawn area: 11%
[17:53:09] [Worker-Main-9/INFO] [minecraft/LoggerChunkProgressListener]: Preparing spawn area: 15%
[17:53:09] [Worker-Main-3/INFO] [minecraft/LoggerChunkProgressListener]: Preparing spawn area: 17%
[17:53:10] [Worker-Main-5/INFO] [minecraft/LoggerChunkProgressListener]: Preparing spawn area: 22%
[17:53:10] [Worker-Main-8/INFO] [minecraft/LoggerChunkProgressListener]: Preparing spawn area: 25%
[17:53:11] [Worker-Main-8/INFO] [minecraft/LoggerChunkProgressListener]: Preparing spawn area: 30%
[17:53:11] [Worker-Main-1/INFO] [minecraft/LoggerChunkProgressListener]: Preparing spawn area: 33%
[17:53:12] [Worker-Main-3/INFO] [minecraft/LoggerChunkProgressListener]: Preparing spawn area: 37%
[17:53:12] [Worker-Main-1/INFO] [minecraft/LoggerChunkProgressListener]: Preparing spawn area: 42%
[17:53:13] [Worker-Main-8/INFO] [minecraft/LoggerChunkProgressListener]: Preparing spawn area: 45%
[17:53:13] [Worker-Main-6/INFO] [minecraft/LoggerChunkProgressListener]: Preparing spawn area: 51%
[17:53:14] [Worker-Main-4/INFO] [minecraft/LoggerChunkProgressListener]: Preparing spawn area: 55%
[17:53:14] [Worker-Main-10/INFO] [minecraft/LoggerChunkProgressListener]: Preparing spawn area: 58%
[17:53:15] [Worker-Main-11/INFO] [minecraft/LoggerChunkProgressListener]: Preparing spawn area: 64%
[17:53:15] [Worker-Main-4/INFO] [minecraft/LoggerChunkProgressListener]: Preparing spawn area: 68%
[17:53:16] [Worker-Main-1/INFO] [minecraft/LoggerChunkProgressListener]: Preparing spawn area: 73%
[17:53:16] [Worker-Main-2/INFO] [minecraft/LoggerChunkProgressListener]: Preparing spawn area: 77%
[17:53:17] [Worker-Main-10/INFO] [minecraft/LoggerChunkProgressListener]: Preparing spawn area: 83%
[17:53:17] [Worker-Main-11/INFO] [minecraft/LoggerChunkProgressListener]: Preparing spawn area: 86%
[17:53:18] [Worker-Main-1/INFO] [minecraft/LoggerChunkProgressListener]: Preparing spawn area: 90%
[17:53:18] [Worker-Main-4/INFO] [minecraft/LoggerChunkProgressListener]: Preparing spawn area: 96%
[17:53:19] [Server thread/INFO] [minecraft/LoggerChunkProgressListener]: Time elapsed: 14286 ms
[17:53:19] [Server thread/INFO] [minecraft/GameTestServer]: Started game test server
[17:53:19] [Server thread/INFO] [ne.mi.se.pe.PermissionAPI/]: Successfully initialized permission handler forge:default_handler
[17:53:19] [Server thread/INFO] [io.gi.su.ar.EnvironmentQueryFixture/]: Environment query handle ready (API 1.7)
[17:53:21] [Server thread/INFO] [minecraft/GameTestBatchRunner]: Running test batch 'precision_energy_binding_gate:1' (1 tests)...
[17:53:21] [Server thread/INFO] [minecraft/GameTestServer]: 290 tests are now running!
[17:53:21] [Server thread/WARN] [minecraft/MinecraftServer]: Can't keep up! Is the server overloaded? Running 2003ms or 40 ticks behind
[17:53:30] [Server thread/ERROR] [ne.mi.ev.EventBus/EVENTBUS]: Exception caught during firing event: Intentional Energy-only migration binding save failure
	Index: 2
	Listeners:
		0: NORMAL
		1: net.minecraftforge.eventbus.EventBus$$Lambda$4008/0x000000080162f180@1b58dc5c
		2: net.minecraftforge.eventbus.EventBus$$Lambda$4008/0x000000080162f180@73ed9838
java.lang.IllegalStateException: Intentional Energy-only migration binding save failure
	at TRANSFORMER/advancedrocketrycommunity@1.20.1-1.6.0-dev/io.github.sunthemoon.advancedrocketrycommunity.machine.precision.PrecisionAssemblerMigrationBindingGameTests$BindingSaveFailure.accept(PrecisionAssemblerMigrationBindingGameTests.java:214)
	at TRANSFORMER/advancedrocketrycommunity@1.20.1-1.6.0-dev/io.github.sunthemoon.advancedrocketrycommunity.machine.precision.PrecisionAssemblerMigrationBindingGameTests$BindingSaveFailure.accept(PrecisionAssemblerMigrationBindingGameTests.java:190)
	at MC-BOOTSTRAP/net.minecraftforge.eventbus/net.minecraftforge.eventbus.EventBus.doCastFilter(EventBus.java:260)
	at MC-BOOTSTRAP/net.minecraftforge.eventbus/net.minecraftforge.eventbus.EventBus.lambda$addListener$11(EventBus.java:252)
	at MC-BOOTSTRAP/net.minecraftforge.eventbus/net.minecraftforge.eventbus.EventBus.post(EventBus.java:315)
	at MC-BOOTSTRAP/net.minecraftforge.eventbus/net.minecraftforge.eventbus.EventBus.post(EventBus.java:296)
	at TRANSFORMER/minecraft@1.20.1/net.minecraft.server.level.ChunkMap.save(ChunkMap.java:830)
	at java.base/java.util.stream.ReferencePipeline$2$1.accept(ReferencePipeline.java:178)
	at java.base/java.util.stream.ReferencePipeline$2$1.accept(ReferencePipeline.java:179)
	at java.base/java.util.stream.ReferencePipeline$3$1.accept(ReferencePipeline.java:197)
	at java.base/java.util.ArrayList$ArrayListSpliterator.forEachRemaining(ArrayList.java:1625)
	at java.base/java.util.stream.AbstractPipeline.copyInto(AbstractPipeline.java:509)
	at java.base/java.util.stream.AbstractPipeline.wrapAndCopyInto(AbstractPipeline.java:499)
	at java.base/java.util.stream.ForEachOps$ForEachOp.evaluateSequential(ForEachOps.java:150)
	at java.base/java.util.stream.ForEachOps$ForEachOp$OfRef.evaluateSequential(ForEachOps.java:173)
	at java.base/java.util.stream.AbstractPipeline.evaluate(AbstractPipeline.java:234)
	at java.base/java.util.stream.ReferencePipeline.forEach(ReferencePipeline.java:596)
	at TRANSFORMER/minecraft@1.20.1/net.minecraft.server.level.ChunkMap.saveAllChunks(ChunkMap.java:433)
	at TRANSFORMER/minecraft@1.20.1/net.minecraft.server.level.ServerChunkCache.save(ServerChunkCache.java:297)
	at TRANSFORMER/advancedrocketrycommunity@1.20.1-1.6.0-dev/io.github.sunthemoon.advancedrocketrycommunity.machine.precision.PrecisionAssemblerManager.flushMigrationBarrier(PrecisionAssemblerManager.java:423)
	at TRANSFORMER/advancedrocketrycommunity@1.20.1-1.6.0-dev/io.github.sunthemoon.advancedrocketrycommunity.machine.precision.PrecisionAssemblerManager.migrateLegacyItems(PrecisionAssemblerManager.java:339)
	at java.base/java.util.LinkedHashMap.forEach(LinkedHashMap.java:721)
	at TRANSFORMER/advancedrocketrycommunity@1.20.1-1.6.0-dev/io.github.sunthemoon.advancedrocketrycommunity.machine.precision.PrecisionAssemblerManager.processReady(PrecisionAssemblerManager.java:318)
	at TRANSFORMER/advancedrocketrycommunity@1.20.1-1.6.0-dev/io.github.sunthemoon.advancedrocketrycommunity.machine.precision.PrecisionAssemblerManager.tick(PrecisionAssemblerManager.java:125)
	at TRANSFORMER/advancedrocketrycommunity@1.20.1-1.6.0-dev/io.github.sunthemoon.advancedrocketrycommunity.machine.precision.PrecisionAssemblerMigrationBindingGameTests.lambda$exerciseSavedBinding$2(PrecisionAssemblerMigrationBindingGameTests.java:117)
	at TRANSFORMER/minecraft@1.20.1/net.minecraft.gametest.framework.GameTestInfo.tickInternal(GameTestInfo.java:97)
	at TRANSFORMER/minecraft@1.20.1/net.minecraft.gametest.framework.GameTestInfo.tick(GameTestInfo.java:73)
	at java.base/java.util.concurrent.CopyOnWriteArrayList.forEach(CopyOnWriteArrayList.java:807)
	at TRANSFORMER/minecraft@1.20.1/net.minecraft.gametest.framework.GameTestTicker.tick(GameTestTicker.java:20)
	at TRANSFORMER/minecraft@1.20.1/net.minecraft.server.MinecraftServer.tickChildren(MinecraftServer.java:911)
	at TRANSFORMER/minecraft@1.20.1/net.minecraft.server.MinecraftServer.tickServer(MinecraftServer.java:814)
	at TRANSFORMER/minecraft@1.20.1/net.minecraft.gametest.framework.GameTestServer.tickServer(GameTestServer.java:119)
	at TRANSFORMER/minecraft@1.20.1/net.minecraft.server.MinecraftServer.runServer(MinecraftServer.java:661)
	at TRANSFORMER/minecraft@1.20.1/net.minecraft.server.MinecraftServer.lambda$spin$2(MinecraftServer.java:251)
	at java.base/java.lang.Thread.run(Thread.java:833)

[17:53:30] [Server thread/ERROR] [minecraft/ChunkMap]: Failed to save chunk 40001,40001
java.lang.IllegalStateException: Intentional Energy-only migration binding save failure
	at io.github.sunthemoon.advancedrocketrycommunity.machine.precision.PrecisionAssemblerMigrationBindingGameTests$BindingSaveFailure.accept(PrecisionAssemblerMigrationBindingGameTests.java:214) ~[%23197!/:?] {re:classloading}
	at io.github.sunthemoon.advancedrocketrycommunity.machine.precision.PrecisionAssemblerMigrationBindingGameTests$BindingSaveFailure.accept(PrecisionAssemblerMigrationBindingGameTests.java:190) ~[%23197!/:?] {re:classloading}
	at net.minecraftforge.eventbus.EventBus.doCastFilter(EventBus.java:260) ~[eventbus-6.0.5.jar%23114!/:?] {}
	at net.minecraftforge.eventbus.EventBus.lambda$addListener$11(EventBus.java:252) ~[eventbus-6.0.5.jar%23114!/:?] {}
	at net.minecraftforge.eventbus.EventBus.post(EventBus.java:315) ~[eventbus-6.0.5.jar%23114!/:?] {}
	at net.minecraftforge.eventbus.EventBus.post(EventBus.java:296) ~[eventbus-6.0.5.jar%23114!/:?] {}
	at net.minecraft.server.level.ChunkMap.save(ChunkMap.java:830) ~[forge-1.20.1-47.4.10_mapped_official_1.20.1.jar%23191!/:?] {re:classloading}
	at java.util.stream.ReferencePipeline$2$1.accept(ReferencePipeline.java:178) ~[?:?] {}
	at java.util.stream.ReferencePipeline$2$1.accept(ReferencePipeline.java:179) ~[?:?] {}
	at java.util.stream.ReferencePipeline$3$1.accept(ReferencePipeline.java:197) ~[?:?] {}
	at java.util.ArrayList$ArrayListSpliterator.forEachRemaining(ArrayList.java:1625) ~[?:?] {}
	at java.util.stream.AbstractPipeline.copyInto(AbstractPipeline.java:509) ~[?:?] {}
	at java.util.stream.AbstractPipeline.wrapAndCopyInto(AbstractPipeline.java:499) ~[?:?] {}
	at java.util.stream.ForEachOps$ForEachOp.evaluateSequential(ForEachOps.java:150) ~[?:?] {}
	at java.util.stream.ForEachOps$ForEachOp$OfRef.evaluateSequential(ForEachOps.java:173) ~[?:?] {}
	at java.util.stream.AbstractPipeline.evaluate(AbstractPipeline.java:234) ~[?:?] {}
	at java.util.stream.ReferencePipeline.forEach(ReferencePipeline.java:596) ~[?:?] {}
	at net.minecraft.server.level.ChunkMap.saveAllChunks(ChunkMap.java:433) ~[forge-1.20.1-47.4.10_mapped_official_1.20.1.jar%23191!/:?] {re:classloading}
	at net.minecraft.server.level.ServerChunkCache.save(ServerChunkCache.java:297) ~[forge-1.20.1-47.4.10_mapped_official_1.20.1.jar%23191!/:?] {re:classloading,pl:accesstransformer:B}
	at io.github.sunthemoon.advancedrocketrycommunity.machine.precision.PrecisionAssemblerManager.flushMigrationBarrier(PrecisionAssemblerManager.java:423) ~[%23197!/:?] {re:classloading}
	at io.github.sunthemoon.advancedrocketrycommunity.machine.precision.PrecisionAssemblerManager.migrateLegacyItems(PrecisionAssemblerManager.java:339) ~[%23197!/:?] {re:classloading}
	at java.util.LinkedHashMap.forEach(LinkedHashMap.java:721) ~[?:?] {}
	at io.github.sunthemoon.advancedrocketrycommunity.machine.precision.PrecisionAssemblerManager.processReady(PrecisionAssemblerManager.java:318) ~[%23197!/:?] {re:classloading}
	at io.github.sunthemoon.advancedrocketrycommunity.machine.precision.PrecisionAssemblerManager.tick(PrecisionAssemblerManager.java:125) ~[%23197!/:?] {re:classloading}
	at io.github.sunthemoon.advancedrocketrycommunity.machine.precision.PrecisionAssemblerMigrationBindingGameTests.lambda$exerciseSavedBinding$2(PrecisionAssemblerMigrationBindingGameTests.java:117) ~[%23197!/:?] {re:classloading}
	at net.minecraft.gametest.framework.GameTestInfo.tickInternal(GameTestInfo.java:97) ~[forge-1.20.1-47.4.10_mapped_official_1.20.1.jar%23191!/:?] {re:classloading}
	at net.minecraft.gametest.framework.GameTestInfo.tick(GameTestInfo.java:73) ~[forge-1.20.1-47.4.10_mapped_official_1.20.1.jar%23191!/:?] {re:classloading}
	at java.util.concurrent.CopyOnWriteArrayList.forEach(CopyOnWriteArrayList.java:807) ~[?:?] {}
	at net.minecraft.gametest.framework.GameTestTicker.tick(GameTestTicker.java:20) ~[forge-1.20.1-47.4.10_mapped_official_1.20.1.jar%23191!/:?] {re:classloading}
	at net.minecraft.server.MinecraftServer.tickChildren(MinecraftServer.java:911) ~[forge-1.20.1-47.4.10_mapped_official_1.20.1.jar%23191!/:?] {re:classloading,pl:accesstransformer:B}
	at net.minecraft.server.MinecraftServer.tickServer(MinecraftServer.java:814) ~[forge-1.20.1-47.4.10_mapped_official_1.20.1.jar%23191!/:?] {re:classloading,pl:accesstransformer:B}
	at net.minecraft.gametest.framework.GameTestServer.tickServer(GameTestServer.java:119) ~[forge-1.20.1-47.4.10_mapped_official_1.20.1.jar%23191!/:?] {re:classloading,pl:accesstransformer:B}
	at net.minecraft.server.MinecraftServer.runServer(MinecraftServer.java:661) ~[forge-1.20.1-47.4.10_mapped_official_1.20.1.jar%23191!/:?] {re:classloading,pl:accesstransformer:B}
	at net.minecraft.server.MinecraftServer.lambda$spin$2(MinecraftServer.java:251) ~[forge-1.20.1-47.4.10_mapped_official_1.20.1.jar%23191!/:?] {re:classloading,pl:accesstransformer:B}
	at java.lang.Thread.run(Thread.java:833) ~[?:?] {}
[17:53:30] [Server thread/ERROR] [ne.mi.ev.EventBus/EVENTBUS]: Exception caught during firing event: Intentional Energy-only migration binding save failure
	Index: 2
	Listeners:
		0: NORMAL
		1: net.minecraftforge.eventbus.EventBus$$Lambda$4008/0x000000080162f180@1b58dc5c
		2: net.minecraftforge.eventbus.EventBus$$Lambda$4008/0x000000080162f180@73ed9838
java.lang.IllegalStateException: Intentional Energy-only migration binding save failure
	at TRANSFORMER/advancedrocketrycommunity@1.20.1-1.6.0-dev/io.github.sunthemoon.advancedrocketrycommunity.machine.precision.PrecisionAssemblerMigrationBindingGameTests$BindingSaveFailure.accept(PrecisionAssemblerMigrationBindingGameTests.java:214)
	at TRANSFORMER/advancedrocketrycommunity@1.20.1-1.6.0-dev/io.github.sunthemoon.advancedrocketrycommunity.machine.precision.PrecisionAssemblerMigrationBindingGameTests$BindingSaveFailure.accept(PrecisionAssemblerMigrationBindingGameTests.java:190)
	at MC-BOOTSTRAP/net.minecraftforge.eventbus/net.minecraftforge.eventbus.EventBus.doCastFilter(EventBus.java:260)
	at MC-BOOTSTRAP/net.minecraftforge.eventbus/net.minecraftforge.eventbus.EventBus.lambda$addListener$11(EventBus.java:252)
	at MC-BOOTSTRAP/net.minecraftforge.eventbus/net.minecraftforge.eventbus.EventBus.post(EventBus.java:315)
	at MC-BOOTSTRAP/net.minecraftforge.eventbus/net.minecraftforge.eventbus.EventBus.post(EventBus.java:296)
	at TRANSFORMER/minecraft@1.20.1/net.minecraft.server.level.ChunkMap.save(ChunkMap.java:830)
	at java.base/java.util.stream.ReferencePipeline$2$1.accept(ReferencePipeline.java:178)
	at java.base/java.util.stream.ReferencePipeline$2$1.accept(ReferencePipeline.java:179)
	at java.base/java.util.stream.ReferencePipeline$3$1.accept(ReferencePipeline.java:197)
	at java.base/java.util.ArrayList$ArrayListSpliterator.forEachRemaining(ArrayList.java:1625)
	at java.base/java.util.stream.AbstractPipeline.copyInto(AbstractPipeline.java:509)
	at java.base/java.util.stream.AbstractPipeline.wrapAndCopyInto(AbstractPipeline.java:499)
	at java.base/java.util.stream.ForEachOps$ForEachOp.evaluateSequential(ForEachOps.java:150)
	at java.base/java.util.stream.ForEachOps$ForEachOp$OfRef.evaluateSequential(ForEachOps.java:173)
	at java.base/java.util.stream.AbstractPipeline.evaluate(AbstractPipeline.java:234)
	at java.base/java.util.stream.ReferencePipeline.forEach(ReferencePipeline.java:596)
	at TRANSFORMER/minecraft@1.20.1/net.minecraft.server.level.ChunkMap.saveAllChunks(ChunkMap.java:433)
	at TRANSFORMER/minecraft@1.20.1/net.minecraft.server.level.ServerChunkCache.save(ServerChunkCache.java:297)
	at TRANSFORMER/advancedrocketrycommunity@1.20.1-1.6.0-dev/io.github.sunthemoon.advancedrocketrycommunity.machine.precision.PrecisionAssemblerManager.flushMigrationBarrier(PrecisionAssemblerManager.java:423)
	at TRANSFORMER/advancedrocketrycommunity@1.20.1-1.6.0-dev/io.github.sunthemoon.advancedrocketrycommunity.machine.precision.PrecisionAssemblerManager.migrateLegacyItems(PrecisionAssemblerManager.java:364)
	at java.base/java.util.LinkedHashMap.forEach(LinkedHashMap.java:721)
	at TRANSFORMER/advancedrocketrycommunity@1.20.1-1.6.0-dev/io.github.sunthemoon.advancedrocketrycommunity.machine.precision.PrecisionAssemblerManager.processReady(PrecisionAssemblerManager.java:318)
	at TRANSFORMER/advancedrocketrycommunity@1.20.1-1.6.0-dev/io.github.sunthemoon.advancedrocketrycommunity.machine.precision.PrecisionAssemblerManager.tick(PrecisionAssemblerManager.java:125)
	at TRANSFORMER/advancedrocketrycommunity@1.20.1-1.6.0-dev/io.github.sunthemoon.advancedrocketrycommunity.machine.precision.PrecisionAssemblerMigrationBindingGameTests.lambda$exerciseSavedBinding$2(PrecisionAssemblerMigrationBindingGameTests.java:117)
	at TRANSFORMER/minecraft@1.20.1/net.minecraft.gametest.framework.GameTestInfo.tickInternal(GameTestInfo.java:97)
	at TRANSFORMER/minecraft@1.20.1/net.minecraft.gametest.framework.GameTestInfo.tick(GameTestInfo.java:73)
	at java.base/java.util.concurrent.CopyOnWriteArrayList.forEach(CopyOnWriteArrayList.java:807)
	at TRANSFORMER/minecraft@1.20.1/net.minecraft.gametest.framework.GameTestTicker.tick(GameTestTicker.java:20)
	at TRANSFORMER/minecraft@1.20.1/net.minecraft.server.MinecraftServer.tickChildren(MinecraftServer.java:911)
	at TRANSFORMER/minecraft@1.20.1/net.minecraft.server.MinecraftServer.tickServer(MinecraftServer.java:814)
	at TRANSFORMER/minecraft@1.20.1/net.minecraft.gametest.framework.GameTestServer.tickServer(GameTestServer.java:119)
	at TRANSFORMER/minecraft@1.20.1/net.minecraft.server.MinecraftServer.runServer(MinecraftServer.java:661)
	at TRANSFORMER/minecraft@1.20.1/net.minecraft.server.MinecraftServer.lambda$spin$2(MinecraftServer.java:251)
	at java.base/java.lang.Thread.run(Thread.java:833)

[17:53:30] [Server thread/ERROR] [minecraft/ChunkMap]: Failed to save chunk 40001,40001
java.lang.IllegalStateException: Intentional Energy-only migration binding save failure
	at io.github.sunthemoon.advancedrocketrycommunity.machine.precision.PrecisionAssemblerMigrationBindingGameTests$BindingSaveFailure.accept(PrecisionAssemblerMigrationBindingGameTests.java:214) ~[%23197!/:?] {re:classloading}
	at io.github.sunthemoon.advancedrocketrycommunity.machine.precision.PrecisionAssemblerMigrationBindingGameTests$BindingSaveFailure.accept(PrecisionAssemblerMigrationBindingGameTests.java:190) ~[%23197!/:?] {re:classloading}
	at net.minecraftforge.eventbus.EventBus.doCastFilter(EventBus.java:260) ~[eventbus-6.0.5.jar%23114!/:?] {}
	at net.minecraftforge.eventbus.EventBus.lambda$addListener$11(EventBus.java:252) ~[eventbus-6.0.5.jar%23114!/:?] {}
	at net.minecraftforge.eventbus.EventBus.post(EventBus.java:315) ~[eventbus-6.0.5.jar%23114!/:?] {}
	at net.minecraftforge.eventbus.EventBus.post(EventBus.java:296) ~[eventbus-6.0.5.jar%23114!/:?] {}
	at net.minecraft.server.level.ChunkMap.save(ChunkMap.java:830) ~[forge-1.20.1-47.4.10_mapped_official_1.20.1.jar%23191!/:?] {re:classloading}
	at java.util.stream.ReferencePipeline$2$1.accept(ReferencePipeline.java:178) ~[?:?] {}
	at java.util.stream.ReferencePipeline$2$1.accept(ReferencePipeline.java:179) ~[?:?] {}
	at java.util.stream.ReferencePipeline$3$1.accept(ReferencePipeline.java:197) ~[?:?] {}
	at java.util.ArrayList$ArrayListSpliterator.forEachRemaining(ArrayList.java:1625) ~[?:?] {}
	at java.util.stream.AbstractPipeline.copyInto(AbstractPipeline.java:509) ~[?:?] {}
	at java.util.stream.AbstractPipeline.wrapAndCopyInto(AbstractPipeline.java:499) ~[?:?] {}
	at java.util.stream.ForEachOps$ForEachOp.evaluateSequential(ForEachOps.java:150) ~[?:?] {}
	at java.util.stream.ForEachOps$ForEachOp$OfRef.evaluateSequential(ForEachOps.java:173) ~[?:?] {}
	at java.util.stream.AbstractPipeline.evaluate(AbstractPipeline.java:234) ~[?:?] {}
	at java.util.stream.ReferencePipeline.forEach(ReferencePipeline.java:596) ~[?:?] {}
	at net.minecraft.server.level.ChunkMap.saveAllChunks(ChunkMap.java:433) ~[forge-1.20.1-47.4.10_mapped_official_1.20.1.jar%23191!/:?] {re:classloading}
	at net.minecraft.server.level.ServerChunkCache.save(ServerChunkCache.java:297) ~[forge-1.20.1-47.4.10_mapped_official_1.20.1.jar%23191!/:?] {re:classloading,pl:accesstransformer:B}
	at io.github.sunthemoon.advancedrocketrycommunity.machine.precision.PrecisionAssemblerManager.flushMigrationBarrier(PrecisionAssemblerManager.java:423) ~[%23197!/:?] {re:classloading}
	at io.github.sunthemoon.advancedrocketrycommunity.machine.precision.PrecisionAssemblerManager.migrateLegacyItems(PrecisionAssemblerManager.java:364) ~[%23197!/:?] {re:classloading}
	at java.util.LinkedHashMap.forEach(LinkedHashMap.java:721) ~[?:?] {}
	at io.github.sunthemoon.advancedrocketrycommunity.machine.precision.PrecisionAssemblerManager.processReady(PrecisionAssemblerManager.java:318) ~[%23197!/:?] {re:classloading}
	at io.github.sunthemoon.advancedrocketrycommunity.machine.precision.PrecisionAssemblerManager.tick(PrecisionAssemblerManager.java:125) ~[%23197!/:?] {re:classloading}
	at io.github.sunthemoon.advancedrocketrycommunity.machine.precision.PrecisionAssemblerMigrationBindingGameTests.lambda$exerciseSavedBinding$2(PrecisionAssemblerMigrationBindingGameTests.java:117) ~[%23197!/:?] {re:classloading}
	at net.minecraft.gametest.framework.GameTestInfo.tickInternal(GameTestInfo.java:97) ~[forge-1.20.1-47.4.10_mapped_official_1.20.1.jar%23191!/:?] {re:classloading}
	at net.minecraft.gametest.framework.GameTestInfo.tick(GameTestInfo.java:73) ~[forge-1.20.1-47.4.10_mapped_official_1.20.1.jar%23191!/:?] {re:classloading}
	at java.util.concurrent.CopyOnWriteArrayList.forEach(CopyOnWriteArrayList.java:807) ~[?:?] {}
	at net.minecraft.gametest.framework.GameTestTicker.tick(GameTestTicker.java:20) ~[forge-1.20.1-47.4.10_mapped_official_1.20.1.jar%23191!/:?] {re:classloading}
	at net.minecraft.server.MinecraftServer.tickChildren(MinecraftServer.java:911) ~[forge-1.20.1-47.4.10_mapped_official_1.20.1.jar%23191!/:?] {re:classloading,pl:accesstransformer:B}
	at net.minecraft.server.MinecraftServer.tickServer(MinecraftServer.java:814) ~[forge-1.20.1-47.4.10_mapped_official_1.20.1.jar%23191!/:?] {re:classloading,pl:accesstransformer:B}
	at net.minecraft.gametest.framework.GameTestServer.tickServer(GameTestServer.java:119) ~[forge-1.20.1-47.4.10_mapped_official_1.20.1.jar%23191!/:?] {re:classloading,pl:accesstransformer:B}
	at net.minecraft.server.MinecraftServer.runServer(MinecraftServer.java:661) ~[forge-1.20.1-47.4.10_mapped_official_1.20.1.jar%23191!/:?] {re:classloading,pl:accesstransformer:B}
	at net.minecraft.server.MinecraftServer.lambda$spin$2(MinecraftServer.java:251) ~[forge-1.20.1-47.4.10_mapped_official_1.20.1.jar%23191!/:?] {re:classloading,pl:accesstransformer:B}
	at java.lang.Thread.run(Thread.java:833) ~[?:?] {}
[17:53:30] [Server thread/ERROR] [io.gi.su.ad.AdvancedRocketryCommunity/]: Precision Assembler migration port marker roots are not confirmed on disk at BlockPos{x=640015, y=20, z=640013} in minecraft:overworld: BlockPos{x=640016, y=20, z=640016}: arce_part_binding differs (expected hash=417608404, saved hash=417608403)
[17:53:30] [Server thread/INFO] [minecraft/GameTestBatchRunner]: Running test batch 'flight_concurrency:1' (1 tests)...
[17:53:31] [Server thread/INFO] [minecraft/GameTestServer]: [+_                                                                                                                                                                                                                                                                                                ]
[17:53:31] [Server thread/INFO] [minecraft/GameTestServer]: [+_                                                                                                                                                                                                                                                                                                ]
[17:53:31] [Server thread/INFO] [io.gi.su.ad.AdvancedRocketryCommunity/]: ARCE_TRANSFER_PREPARE transfer=b5764891-a781-4e68-9d94-b72abecf5d80 logical=22c25125-e9dc-47e6-a877-8fa8e9832245 source=minecraft:overworld destination=advancedrocketrycommunity:moon code=SUCCESS candidates=1 chunks=1 detail=selected
[17:53:31] [Server thread/INFO] [io.gi.su.ad.AdvancedRocketryCommunity/]: ARCE_TRANSFER_PREPARE transfer=224c5f2a-d7ce-443d-80f6-43110d469544 logical=a5665c54-785b-4b7f-bccf-4657de796c7d source=minecraft:overworld destination=advancedrocketrycommunity:moon code=SUCCESS candidates=2 chunks=2 detail=selected
[17:53:31] [Server thread/INFO] [io.gi.su.ad.AdvancedRocketryCommunity/]: ARCE_ROCKET_ENTITY_ACTIVE entity=236b75d3-76cb-475b-a2ae-226c35ab2129 operational=true snapshot=d859e8a6bab7ef93fce2db95d46db62f410ac952c3aee24c873c223789d3e483 flight_state=COUNTDOWN fuel=1000
[17:53:31] [Server thread/INFO] [io.gi.su.ad.AdvancedRocketryCommunity/]: ARCE_ROCKET_ENTITY_ACTIVE entity=0c059517-f87b-4f09-b64d-d45e13a9967a operational=true snapshot=e050772e5a079dad69642b59d5977639de7e196a4925a226ef3a808ceca61d35 flight_state=COUNTDOWN fuel=1000
[17:53:31] [Server thread/INFO] [minecraft/GameTestServer]: [+_                                                                                                                                                                                                                                                                                                ]
[17:53:31] [Server thread/INFO] [minecraft/GameTestServer]: [+_                                                                                                                                                                                                                                                                                                ]
[17:53:31] [Server thread/INFO] [minecraft/GameTestServer]: [+_                                                                                                                                                                                                                                                                                                ]
[17:53:31] [Server thread/INFO] [io.gi.su.ad.AdvancedRocketryCommunity/]: ARCE_TRANSFER_PHASE transfer=b5764891-a781-4e68-9d94-b72abecf5d80 logical=22c25125-e9dc-47e6-a877-8fa8e9832245 phase=PREPARED event=countdown_complete entity=236b75d3-76cb-475b-a2ae-226c35ab2129 fuel_before=1000 fuel_after=633 required=367
[17:53:31] [Server thread/INFO] [io.gi.su.ad.AdvancedRocketryCommunity/]: ARCE_TRANSFER_PHASE transfer=224c5f2a-d7ce-443d-80f6-43110d469544 logical=a5665c54-785b-4b7f-bccf-4657de796c7d phase=PREPARED event=countdown_complete entity=0c059517-f87b-4f09-b64d-d45e13a9967a fuel_before=1000 fuel_after=633 required=367
[17:53:31] [Server thread/INFO] [minecraft/GameTestServer]: [+_                                                                                                                                                                                                                                                                                                ]
[17:53:31] [Server thread/INFO] [minecraft/GameTestServer]: [+_                                                                                                                                                                                                                                                                                                ]
[17:53:31] [Server thread/INFO] [minecraft/GameTestServer]: [+_                                                                                                                                                                                                                                                                                                ]
[17:53:32] [Server thread/INFO] [minecraft/GameTestServer]: [+_                                                                                                                                                                                                                                                                                                ]
[17:53:32] [Server thread/INFO] [io.gi.su.ad.AdvancedRocketryCommunity/]: ARCE_TRANSFER_PHASE transfer=b5764891-a781-4e68-9d94-b72abecf5d80 logical=22c25125-e9dc-47e6-a877-8fa8e9832245 phase=PREPARED event=ascent_complete entity=236b75d3-76cb-475b-a2ae-226c35ab2129 fuel_before=1000 fuel_after=633 required=367
[17:53:32] [Server thread/INFO] [io.gi.su.ad.AdvancedRocketryCommunity/]: ARCE_TRANSFER_PHASE transfer=224c5f2a-d7ce-443d-80f6-43110d469544 logical=a5665c54-785b-4b7f-bccf-4657de796c7d phase=PREPARED event=ascent_complete entity=0c059517-f87b-4f09-b64d-d45e13a9967a fuel_before=1000 fuel_after=633 required=367
[17:53:32] [Server thread/INFO] [minecraft/GameTestServer]: [+_                                                                                                                                                                                                                                                                                                ]
[17:53:32] [Server thread/INFO] [io.gi.su.ad.AdvancedRocketryCommunity/]: ARCE_TRANSFER_PHASE transfer=b5764891-a781-4e68-9d94-b72abecf5d80 logical=22c25125-e9dc-47e6-a877-8fa8e9832245 phase=DESTINATION_SPAWNED event=destination_spawned entity=50cd83b4-bc10-4efc-bfd0-99bce00e0e6c fuel_before=1000 fuel_after=633 required=367
[17:53:32] [Server thread/INFO] [io.gi.su.ad.AdvancedRocketryCommunity/]: ARCE_TRANSFER_PHASE transfer=224c5f2a-d7ce-443d-80f6-43110d469544 logical=a5665c54-785b-4b7f-bccf-4657de796c7d phase=DESTINATION_SPAWNED event=destination_spawned entity=1ce9ccea-b846-46b0-b429-4680739c8423 fuel_before=1000 fuel_after=633 required=367
[17:53:32] [Server thread/INFO] [io.gi.su.ad.AdvancedRocketryCommunity/]: ARCE_ROCKET_ENTITY_ACTIVE entity=50cd83b4-bc10-4efc-bfd0-99bce00e0e6c operational=true snapshot=07d3cb858b217296eff3d0757a10ef98a67c0e38b475efdb539296024cef3a3d flight_state=DESCENT fuel=633
[17:53:32] [Server thread/INFO] [io.gi.su.ad.AdvancedRocketryCommunity/]: ARCE_ROCKET_ENTITY_ACTIVE entity=1ce9ccea-b846-46b0-b429-4680739c8423 operational=true snapshot=dff83845f46631c7bca1c59c695ec66077e716e4431bf89f7c468527e496b241 flight_state=DESCENT fuel=633
[17:53:32] [Server thread/INFO] [io.gi.su.ad.AdvancedRocketryCommunity/]: ARCE_TRANSFER_PHASE transfer=b5764891-a781-4e68-9d94-b72abecf5d80 logical=22c25125-e9dc-47e6-a877-8fa8e9832245 phase=PASSENGERS_TRANSFERRED event=passengers_transferred entity=50cd83b4-bc10-4efc-bfd0-99bce00e0e6c fuel_before=1000 fuel_after=633 required=367
[17:53:32] [Server thread/INFO] [io.gi.su.ad.AdvancedRocketryCommunity/]: ARCE_TRANSFER_PHASE transfer=224c5f2a-d7ce-443d-80f6-43110d469544 logical=a5665c54-785b-4b7f-bccf-4657de796c7d phase=PASSENGERS_TRANSFERRED event=passengers_transferred entity=1ce9ccea-b846-46b0-b429-4680739c8423 fuel_before=1000 fuel_after=633 required=367
[17:53:32] [Server thread/INFO] [io.gi.su.ad.AdvancedRocketryCommunity/]: ARCE_ROCKET_ENTITY_REMOVED entity=236b75d3-76cb-475b-a2ae-226c35ab2129 reason=DISCARDED operational=true
[17:53:32] [Server thread/INFO] [io.gi.su.ad.AdvancedRocketryCommunity/]: ARCE_TRANSFER_PHASE transfer=b5764891-a781-4e68-9d94-b72abecf5d80 logical=22c25125-e9dc-47e6-a877-8fa8e9832245 phase=SOURCE_REMOVED event=source_removed entity=50cd83b4-bc10-4efc-bfd0-99bce00e0e6c fuel_before=1000 fuel_after=633 required=367
[17:53:32] [Server thread/INFO] [io.gi.su.ad.AdvancedRocketryCommunity/]: ARCE_ROCKET_ENTITY_REMOVED entity=0c059517-f87b-4f09-b64d-d45e13a9967a reason=DISCARDED operational=true
[17:53:32] [Server thread/INFO] [io.gi.su.ad.AdvancedRocketryCommunity/]: ARCE_TRANSFER_PHASE transfer=224c5f2a-d7ce-443d-80f6-43110d469544 logical=a5665c54-785b-4b7f-bccf-4657de796c7d phase=SOURCE_REMOVED event=source_removed entity=1ce9ccea-b846-46b0-b429-4680739c8423 fuel_before=1000 fuel_after=633 required=367
[17:53:32] [Server thread/INFO] [io.gi.su.ad.AdvancedRocketryCommunity/]: ARCE_TRANSFER_PHASE transfer=b5764891-a781-4e68-9d94-b72abecf5d80 logical=22c25125-e9dc-47e6-a877-8fa8e9832245 phase=COMMITTED event=committed entity=50cd83b4-bc10-4efc-bfd0-99bce00e0e6c fuel_before=1000 fuel_after=633 required=367
[17:53:32] [Server thread/INFO] [io.gi.su.ad.AdvancedRocketryCommunity/]: ARCE_TRANSFER_PHASE transfer=224c5f2a-d7ce-443d-80f6-43110d469544 logical=a5665c54-785b-4b7f-bccf-4657de796c7d phase=COMMITTED event=committed entity=1ce9ccea-b846-46b0-b429-4680739c8423 fuel_before=1000 fuel_after=633 required=367
[17:53:32] [Server thread/INFO] [minecraft/GameTestServer]: [+_                                                                                                                                                                                                                                                                                                ]
[17:53:32] [Server thread/INFO] [minecraft/GameTestServer]: [+_                                                                                                                                                                                                                                                                                                ]
[17:53:32] [Server thread/INFO] [minecraft/GameTestServer]: [+_                                                                                                                                                                                                                                                                                                ]
[17:53:32] [Server thread/INFO] [minecraft/GameTestServer]: [+_                                                                                                                                                                                                                                                                                                ]
[17:53:32] [Server thread/INFO] [io.gi.su.ad.AdvancedRocketryCommunity/]: ARCE_TRANSFER_PHASE transfer=b5764891-a781-4e68-9d94-b72abecf5d80 logical=22c25125-e9dc-47e6-a877-8fa8e9832245 phase=COMMITTED event=landing_complete entity=50cd83b4-bc10-4efc-bfd0-99bce00e0e6c fuel_before=1000 fuel_after=633 required=367
[17:53:32] [Server thread/INFO] [io.gi.su.ad.AdvancedRocketryCommunity/]: ARCE_TRANSFER_PHASE transfer=b5764891-a781-4e68-9d94-b72abecf5d80 logical=22c25125-e9dc-47e6-a877-8fa8e9832245 phase=COMMITTED event=landed_reservation_retained entity=50cd83b4-bc10-4efc-bfd0-99bce00e0e6c fuel_before=1000 fuel_after=633 required=367
[17:53:32] [Server thread/INFO] [io.gi.su.ad.AdvancedRocketryCommunity/]: ARCE_TRANSFER_PHASE transfer=224c5f2a-d7ce-443d-80f6-43110d469544 logical=a5665c54-785b-4b7f-bccf-4657de796c7d phase=COMMITTED event=landing_complete entity=1ce9ccea-b846-46b0-b429-4680739c8423 fuel_before=1000 fuel_after=633 required=367
[17:53:32] [Server thread/INFO] [io.gi.su.ad.AdvancedRocketryCommunity/]: ARCE_TRANSFER_PHASE transfer=224c5f2a-d7ce-443d-80f6-43110d469544 logical=a5665c54-785b-4b7f-bccf-4657de796c7d phase=COMMITTED event=landed_reservation_retained entity=1ce9ccea-b846-46b0-b429-4680739c8423 fuel_before=1000 fuel_after=633 required=367
[17:53:32] [Server thread/INFO] [minecraft/GameTestServer]: [+_                                                                                                                                                                                                                                                                                                ]
[17:53:32] [Server thread/INFO] [minecraft/GameTestServer]: [+_                                                                                                                                                                                                                                                                                                ]
[17:53:32] [Server thread/INFO] [io.gi.su.ad.AdvancedRocketryCommunity/]: ARCE_ROCKET_ENTITY_REMOVED entity=50cd83b4-bc10-4efc-bfd0-99bce00e0e6c reason=DISCARDED operational=true
[17:53:32] [Server thread/INFO] [io.gi.su.ad.AdvancedRocketryCommunity/]: ARCE_ROCKET_ENTITY_REMOVED entity=1ce9ccea-b846-46b0-b429-4680739c8423 reason=DISCARDED operational=true
[17:53:32] [Server thread/INFO] [minecraft/GameTestBatchRunner]: Running test batch 'precision_energy_binding_retry:1' (1 tests)...
[17:53:33] [Server thread/ERROR] [ne.mi.ev.EventBus/EVENTBUS]: Exception caught during firing event: Intentional Energy-only migration binding save failure
	Index: 2
	Listeners:
		0: NORMAL
		1: net.minecraftforge.eventbus.EventBus$$Lambda$4008/0x000000080162f180@1b58dc5c
		2: net.minecraftforge.eventbus.EventBus$$Lambda$4008/0x000000080162f180@2876b39c
java.lang.IllegalStateException: Intentional Energy-only migration binding save failure
	at TRANSFORMER/advancedrocketrycommunity@1.20.1-1.6.0-dev/io.github.sunthemoon.advancedrocketrycommunity.machine.precision.PrecisionAssemblerMigrationBindingGameTests$BindingSaveFailure.accept(PrecisionAssemblerMigrationBindingGameTests.java:214)
	at TRANSFORMER/advancedrocketrycommunity@1.20.1-1.6.0-dev/io.github.sunthemoon.advancedrocketrycommunity.machine.precision.PrecisionAssemblerMigrationBindingGameTests$BindingSaveFailure.accept(PrecisionAssemblerMigrationBindingGameTests.java:190)
	at MC-BOOTSTRAP/net.minecraftforge.eventbus/net.minecraftforge.eventbus.EventBus.doCastFilter(EventBus.java:260)
	at MC-BOOTSTRAP/net.minecraftforge.eventbus/net.minecraftforge.eventbus.EventBus.lambda$addListener$11(EventBus.java:252)
	at MC-BOOTSTRAP/net.minecraftforge.eventbus/net.minecraftforge.eventbus.EventBus.post(EventBus.java:315)
	at MC-BOOTSTRAP/net.minecraftforge.eventbus/net.minecraftforge.eventbus.EventBus.post(EventBus.java:296)
	at TRANSFORMER/minecraft@1.20.1/net.minecraft.server.level.ChunkMap.save(ChunkMap.java:830)
	at java.base/java.util.stream.ReferencePipeline$2$1.accept(ReferencePipeline.java:178)
	at java.base/java.util.stream.ReferencePipeline$2$1.accept(ReferencePipeline.java:179)
	at java.base/java.util.stream.ReferencePipeline$3$1.accept(ReferencePipeline.java:197)
	at java.base/java.util.ArrayList$ArrayListSpliterator.forEachRemaining(ArrayList.java:1625)
	at java.base/java.util.stream.AbstractPipeline.copyInto(AbstractPipeline.java:509)
	at java.base/java.util.stream.AbstractPipeline.wrapAndCopyInto(AbstractPipeline.java:499)
	at java.base/java.util.stream.ForEachOps$ForEachOp.evaluateSequential(ForEachOps.java:150)
	at java.base/java.util.stream.ForEachOps$ForEachOp$OfRef.evaluateSequential(ForEachOps.java:173)
	at java.base/java.util.stream.AbstractPipeline.evaluate(AbstractPipeline.java:234)
	at java.base/java.util.stream.ReferencePipeline.forEach(ReferencePipeline.java:596)
	at TRANSFORMER/minecraft@1.20.1/net.minecraft.server.level.ChunkMap.saveAllChunks(ChunkMap.java:433)
	at TRANSFORMER/minecraft@1.20.1/net.minecraft.server.level.ServerChunkCache.save(ServerChunkCache.java:297)
	at TRANSFORMER/advancedrocketrycommunity@1.20.1-1.6.0-dev/io.github.sunthemoon.advancedrocketrycommunity.machine.precision.PrecisionAssemblerManager.flushMigrationBarrier(PrecisionAssemblerManager.java:423)
	at TRANSFORMER/advancedrocketrycommunity@1.20.1-1.6.0-dev/io.github.sunthemoon.advancedrocketrycommunity.machine.precision.PrecisionAssemblerManager.migrateLegacyItems(PrecisionAssemblerManager.java:339)
	at java.base/java.util.LinkedHashMap.forEach(LinkedHashMap.java:721)
	at TRANSFORMER/advancedrocketrycommunity@1.20.1-1.6.0-dev/io.github.sunthemoon.advancedrocketrycommunity.machine.precision.PrecisionAssemblerManager.processReady(PrecisionAssemblerManager.java:318)
	at TRANSFORMER/advancedrocketrycommunity@1.20.1-1.6.0-dev/io.github.sunthemoon.advancedrocketrycommunity.machine.precision.PrecisionAssemblerManager.tick(PrecisionAssemblerManager.java:125)
	at TRANSFORMER/advancedrocketrycommunity@1.20.1-1.6.0-dev/io.github.sunthemoon.advancedrocketrycommunity.machine.precision.PrecisionAssemblerMigrationBindingGameTests.lambda$exerciseSavedBinding$2(PrecisionAssemblerMigrationBindingGameTests.java:117)
	at TRANSFORMER/minecraft@1.20.1/net.minecraft.gametest.framework.GameTestInfo.tickInternal(GameTestInfo.java:97)
	at TRANSFORMER/minecraft@1.20.1/net.minecraft.gametest.framework.GameTestInfo.tick(GameTestInfo.java:73)
	at java.base/java.util.concurrent.CopyOnWriteArrayList.forEach(CopyOnWriteArrayList.java:807)
	at TRANSFORMER/minecraft@1.20.1/net.minecraft.gametest.framework.GameTestTicker.tick(GameTestTicker.java:20)
	at TRANSFORMER/minecraft@1.20.1/net.minecraft.server.MinecraftServer.tickChildren(MinecraftServer.java:911)
	at TRANSFORMER/minecraft@1.20.1/net.minecraft.server.MinecraftServer.tickServer(MinecraftServer.java:814)
	at TRANSFORMER/minecraft@1.20.1/net.minecraft.gametest.framework.GameTestServer.tickServer(GameTestServer.java:119)
	at TRANSFORMER/minecraft@1.20.1/net.minecraft.server.MinecraftServer.runServer(MinecraftServer.java:661)
	at TRANSFORMER/minecraft@1.20.1/net.minecraft.server.MinecraftServer.lambda$spin$2(MinecraftServer.java:251)
	at java.base/java.lang.Thread.run(Thread.java:833)

[17:53:33] [Server thread/ERROR] [minecraft/ChunkMap]: Failed to save chunk 40002,40001
java.lang.IllegalStateException: Intentional Energy-only migration binding save failure
	at io.github.sunthemoon.advancedrocketrycommunity.machine.precision.PrecisionAssemblerMigrationBindingGameTests$BindingSaveFailure.accept(PrecisionAssemblerMigrationBindingGameTests.java:214) ~[%23197!/:?] {re:classloading}
	at io.github.sunthemoon.advancedrocketrycommunity.machine.precision.PrecisionAssemblerMigrationBindingGameTests$BindingSaveFailure.accept(PrecisionAssemblerMigrationBindingGameTests.java:190) ~[%23197!/:?] {re:classloading}
	at net.minecraftforge.eventbus.EventBus.doCastFilter(EventBus.java:260) ~[eventbus-6.0.5.jar%23114!/:?] {}
	at net.minecraftforge.eventbus.EventBus.lambda$addListener$11(EventBus.java:252) ~[eventbus-6.0.5.jar%23114!/:?] {}
	at net.minecraftforge.eventbus.EventBus.post(EventBus.java:315) ~[eventbus-6.0.5.jar%23114!/:?] {}
	at net.minecraftforge.eventbus.EventBus.post(EventBus.java:296) ~[eventbus-6.0.5.jar%23114!/:?] {}
	at net.minecraft.server.level.ChunkMap.save(ChunkMap.java:830) ~[forge-1.20.1-47.4.10_mapped_official_1.20.1.jar%23191!/:?] {re:classloading}
	at java.util.stream.ReferencePipeline$2$1.accept(ReferencePipeline.java:178) ~[?:?] {}
	at java.util.stream.ReferencePipeline$2$1.accept(ReferencePipeline.java:179) ~[?:?] {}
	at java.util.stream.ReferencePipeline$3$1.accept(ReferencePipeline.java:197) ~[?:?] {}
	at java.util.ArrayList$ArrayListSpliterator.forEachRemaining(ArrayList.java:1625) ~[?:?] {}
	at java.util.stream.AbstractPipeline.copyInto(AbstractPipeline.java:509) ~[?:?] {}
	at java.util.stream.AbstractPipeline.wrapAndCopyInto(AbstractPipeline.java:499) ~[?:?] {}
	at java.util.stream.ForEachOps$ForEachOp.evaluateSequential(ForEachOps.java:150) ~[?:?] {}
	at java.util.stream.ForEachOps$ForEachOp$OfRef.evaluateSequential(ForEachOps.java:173) ~[?:?] {}
	at java.util.stream.AbstractPipeline.evaluate(AbstractPipeline.java:234) ~[?:?] {}
	at java.util.stream.ReferencePipeline.forEach(ReferencePipeline.java:596) ~[?:?] {}
	at net.minecraft.server.level.ChunkMap.saveAllChunks(ChunkMap.java:433) ~[forge-1.20.1-47.4.10_mapped_official_1.20.1.jar%23191!/:?] {re:classloading}
	at net.minecraft.server.level.ServerChunkCache.save(ServerChunkCache.java:297) ~[forge-1.20.1-47.4.10_mapped_official_1.20.1.jar%23191!/:?] {re:classloading,pl:accesstransformer:B}
	at io.github.sunthemoon.advancedrocketrycommunity.machine.precision.PrecisionAssemblerManager.flushMigrationBarrier(PrecisionAssemblerManager.java:423) ~[%23197!/:?] {re:classloading}
	at io.github.sunthemoon.advancedrocketrycommunity.machine.precision.PrecisionAssemblerManager.migrateLegacyItems(PrecisionAssemblerManager.java:339) ~[%23197!/:?] {re:classloading}
	at java.util.LinkedHashMap.forEach(LinkedHashMap.java:721) ~[?:?] {}
	at io.github.sunthemoon.advancedrocketrycommunity.machine.precision.PrecisionAssemblerManager.processReady(PrecisionAssemblerManager.java:318) ~[%23197!/:?] {re:classloading}
	at io.github.sunthemoon.advancedrocketrycommunity.machine.precision.PrecisionAssemblerManager.tick(PrecisionAssemblerManager.java:125) ~[%23197!/:?] {re:classloading}
	at io.github.sunthemoon.advancedrocketrycommunity.machine.precision.PrecisionAssemblerMigrationBindingGameTests.lambda$exerciseSavedBinding$2(PrecisionAssemblerMigrationBindingGameTests.java:117) ~[%23197!/:?] {re:classloading}
	at net.minecraft.gametest.framework.GameTestInfo.tickInternal(GameTestInfo.java:97) ~[forge-1.20.1-47.4.10_mapped_official_1.20.1.jar%23191!/:?] {re:classloading}
	at net.minecraft.gametest.framework.GameTestInfo.tick(GameTestInfo.java:73) ~[forge-1.20.1-47.4.10_mapped_official_1.20.1.jar%23191!/:?] {re:classloading}
	at java.util.concurrent.CopyOnWriteArrayList.forEach(CopyOnWriteArrayList.java:807) ~[?:?] {}
	at net.minecraft.gametest.framework.GameTestTicker.tick(GameTestTicker.java:20) ~[forge-1.20.1-47.4.10_mapped_official_1.20.1.jar%23191!/:?] {re:classloading}
	at net.minecraft.server.MinecraftServer.tickChildren(MinecraftServer.java:911) ~[forge-1.20.1-47.4.10_mapped_official_1.20.1.jar%23191!/:?] {re:classloading,pl:accesstransformer:B}
	at net.minecraft.server.MinecraftServer.tickServer(MinecraftServer.java:814) ~[forge-1.20.1-47.4.10_mapped_official_1.20.1.jar%23191!/:?] {re:classloading,pl:accesstransformer:B}
	at net.minecraft.gametest.framework.GameTestServer.tickServer(GameTestServer.java:119) ~[forge-1.20.1-47.4.10_mapped_official_1.20.1.jar%23191!/:?] {re:classloading,pl:accesstransformer:B}
	at net.minecraft.server.MinecraftServer.runServer(MinecraftServer.java:661) ~[forge-1.20.1-47.4.10_mapped_official_1.20.1.jar%23191!/:?] {re:classloading,pl:accesstransformer:B}
	at net.minecraft.server.MinecraftServer.lambda$spin$2(MinecraftServer.java:251) ~[forge-1.20.1-47.4.10_mapped_official_1.20.1.jar%23191!/:?] {re:classloading,pl:accesstransformer:B}
	at java.lang.Thread.run(Thread.java:833) ~[?:?] {}
[17:53:33] [Server thread/INFO] [minecraft/GameTestBatchRunner]: Running test batch 'station_protection:1' (1 tests)...
[17:53:33] [Server thread/WARN] [io.gi.su.ad.AdvancedRocketryCommunity/]: ARCE_STATION_ACCESS_DENIED player=34b2cbb8-9e87-4aa9-b389-b1d7eaeafcbe position=0, 128, 0 dimension=advancedrocketrycommunity:space authority_available=false
[17:53:33] [Server thread/WARN] [io.gi.su.ad.AdvancedRocketryCommunity/]: ARCE_STATION_ACCESS_DENIED player=95c25b80-fe64-4c2d-a642-7376c1ecf1af position=0, 128, 0 dimension=advancedrocketrycommunity:space authority_available=false
[17:53:34] [Server thread/INFO] [minecraft/GameTestBatchRunner]: Running test batch 'atmosphere_performance:1' (1 tests)...
[17:53:34] [Server thread/INFO] [minecraft/GameTestServer]: [++++_                                                                                                                                                                                                                                                                                             ]
[17:53:34] [Server thread/INFO] [minecraft/GameTestServer]: [++++_                                                                                                                                                                                                                                                                                             ]
[17:53:34] [Server thread/INFO] [minecraft/GameTestServer]: [++++_                                                                                                                                                                                                                                                                                             ]
[17:53:34] [Server thread/INFO] [minecraft/GameTestServer]: [++++_                                                                                                                                                                                                                                                                                             ]
[17:53:34] [Server thread/INFO] [minecraft/GameTestServer]: [++++_                                                                                                                                                                                                                                                                                             ]
[17:53:34] [Server thread/INFO] [io.gi.su.ad.AdvancedRocketryCommunity/]: ARCE_ATMOSPHERE_PERF_WARMUP ticks=90 active_vents=16 tracked=16 pending=0 inspections=0 dirty=0 statuses=[ACTIVE, ACTIVE, ACTIVE, ACTIVE, ACTIVE, ACTIVE, ACTIVE, ACTIVE, ACTIVE, ACTIVE, ACTIVE, ACTIVE, ACTIVE, ACTIVE, ACTIVE, ACTIVE]
[17:53:34] [Server thread/INFO] [minecraft/GameTestServer]: [++++_                                                                                                                                                                                                                                                                                             ]
[17:53:35] [Server thread/INFO] [minecraft/GameTestServer]: [++++_                                                                                                                                                                                                                                                                                             ]
[17:53:35] [Server thread/INFO] [minecraft/GameTestServer]: [++++_                                                                                                                                                                                                                                                                                             ]
[17:53:35] [Server thread/INFO] [minecraft/GameTestServer]: [++++_                                                                                                                                                                                                                                                                                             ]
[17:53:35] [Server thread/INFO] [minecraft/GameTestServer]: [++++_                                                                                                                                                                                                                                                                                             ]
[17:53:35] [Server thread/INFO] [minecraft/GameTestServer]: [++++_                                                                                                                                                                                                                                                                                             ]
[17:53:35] [Server thread/INFO] [minecraft/GameTestServer]: [++++_                                                                                                                                                                                                                                                                                             ]
[17:53:35] [Server thread/INFO] [minecraft/GameTestServer]: [++++_                                                                                                                                                                                                                                                                                             ]
[17:53:35] [Server thread/INFO] [minecraft/GameTestServer]: [++++_                                                                                                                                                                                                                                                                                             ]
[17:53:35] [Server thread/INFO] [minecraft/GameTestServer]: [++++_                                                                                                                                                                                                                                                                                             ]
[17:53:35] [Server thread/INFO] [minecraft/GameTestServer]: [++++_                                                                                                                                                                                                                                                                                             ]
[17:53:35] [Server thread/INFO] [minecraft/GameTestServer]: [++++_                                                                                                                                                                                                                                                                                             ]
[17:53:35] [Server thread/INFO] [minecraft/GameTestServer]: [++++_                                                                                                                                                                                                                                                                                             ]
[17:53:35] [Server thread/INFO] [minecraft/GameTestServer]: [++++_                                                                                                                                                                                                                                                                                             ]
[17:53:35] [Server thread/INFO] [minecraft/GameTestServer]: [++++_                                                                                                                                                                                                                                                                                             ]
[17:53:35] [Server thread/INFO] [minecraft/GameTestServer]: [++++_                                                                                                                                                                                                                                                                                             ]
[17:53:35] [Server thread/INFO] [minecraft/GameTestServer]: [++++_                                                                                                                                                                                                                                                                                             ]
[17:53:35] [Server thread/INFO] [minecraft/GameTestServer]: [++++_                                                                                                                                                                                                                                                                                             ]
[17:53:35] [Server thread/INFO] [minecraft/GameTestServer]: [++++_                                                                                                                                                                                                                                                                                             ]
[17:53:35] [Server thread/INFO] [minecraft/GameTestServer]: [++++_                                                                                                                                                                                                                                                                                             ]
[17:53:35] [Server thread/INFO] [minecraft/GameTestServer]: [++++_                                                                                                                                                                                                                                                                                             ]
[17:53:35] [Server thread/INFO] [minecraft/GameTestServer]: [++++_                                                                                                                                                                                                                                                                                             ]
[17:53:35] [Server thread/INFO] [minecraft/GameTestServer]: [++++_                                                                                                                                                                                                                                                                                             ]
[17:53:35] [Server thread/INFO] [minecraft/GameTestServer]: [++++_                                                                                                                                                                                                                                                                                             ]
[17:53:35] [Server thread/INFO] [minecraft/GameTestServer]: [++++_                                                                                                                                                                                                                                                                                             ]
[17:53:35] [Server thread/INFO] [minecraft/GameTestServer]: [++++_                                                                                                                                                                                                                                                                                             ]
[17:53:35] [Server thread/INFO] [minecraft/GameTestServer]: [++++_                                                                                                                                                                                                                                                                                             ]
[17:53:35] [Server thread/INFO] [minecraft/GameTestServer]: [++++_                                                                                                                                                                                                                                                                                             ]
[17:53:35] [Server thread/INFO] [minecraft/GameTestServer]: [++++_                                                                                                                                                                                                                                                                                             ]
[17:53:36] [Server thread/INFO] [minecraft/GameTestServer]: [++++_                                                                                                                                                                                                                                                                                             ]
[17:53:36] [Server thread/INFO] [minecraft/GameTestServer]: [++++_                                                                                                                                                                                                                                                                                             ]
[17:53:36] [Server thread/INFO] [minecraft/GameTestServer]: [++++_                                                                                                                                                                                                                                                                                             ]
[17:53:36] [Server thread/INFO] [minecraft/GameTestServer]: [++++_                                                                                                                                                                                                                                                                                             ]
[17:53:36] [Server thread/INFO] [minecraft/GameTestServer]: [++++_                                                                                                                                                                                                                                                                                             ]
[17:53:36] [Server thread/INFO] [minecraft/GameTestServer]: [++++_                                                                                                                                                                                                                                                                                             ]
[17:53:36] [Server thread/INFO] [minecraft/GameTestServer]: [++++_                                                                                                                                                                                                                                                                                             ]
[17:53:36] [Server thread/INFO] [minecraft/GameTestServer]: [++++_                                                                                                                                                                                                                                                                                             ]
[17:53:36] [Server thread/INFO] [minecraft/GameTestServer]: [++++_                                                                                                                                                                                                                                                                                             ]
[17:53:36] [Server thread/INFO] [minecraft/GameTestServer]: [++++_                                                                                                                                                                                                                                                                                             ]
[17:53:36] [Server thread/INFO] [minecraft/GameTestServer]: [++++_                                                                                                                                                                                                                                                                                             ]
[17:53:36] [Server thread/INFO] [minecraft/GameTestServer]: [++++_                                                                                                                                                                                                                                                                                             ]
[17:53:36] [Server thread/INFO] [minecraft/GameTestServer]: [++++_                                                                                                                                                                                                                                                                                             ]
[17:53:36] [Server thread/INFO] [minecraft/GameTestServer]: [++++_                                                                                                                                                                                                                                                                                             ]
[17:53:36] [Server thread/INFO] [minecraft/GameTestServer]: [++++_                                                                                                                                                                                                                                                                                             ]
[17:53:36] [Server thread/INFO] [minecraft/GameTestServer]: [++++_                                                                                                                                                                                                                                                                                             ]
[17:53:36] [Server thread/INFO] [minecraft/GameTestServer]: [++++_                                                                                                                                                                                                                                                                                             ]
[17:53:36] [Server thread/INFO] [minecraft/GameTestServer]: [++++_                                                                                                                                                                                                                                                                                             ]
[17:53:36] [Server thread/INFO] [minecraft/GameTestServer]: [++++_                                                                                                                                                                                                                                                                                             ]
[17:53:36] [Server thread/INFO] [minecraft/GameTestServer]: [++++_                                                                                                                                                                                                                                                                                             ]
[17:53:36] [Server thread/INFO] [minecraft/GameTestServer]: [++++_                                                                                                                                                                                                                                                                                             ]
[17:53:36] [Server thread/INFO] [minecraft/GameTestServer]: [++++_                                                                                                                                                                                                                                                                                             ]
[17:53:36] [Server thread/INFO] [minecraft/GameTestServer]: [++++_                                                                                                                                                                                                                                                                                             ]
[17:53:36] [Server thread/INFO] [minecraft/GameTestServer]: [++++_                                                                                                                                                                                                                                                                                             ]
[17:53:36] [Server thread/INFO] [minecraft/GameTestServer]: [++++_                                                                                                                                                                                                                                                                                             ]
[17:53:36] [Server thread/INFO] [minecraft/GameTestServer]: [++++_                                                                                                                                                                                                                                                                                             ]
[17:53:36] [Server thread/INFO] [minecraft/GameTestServer]: [++++_                                                                                                                                                                                                                                                                                             ]
[17:53:36] [Server thread/INFO] [minecraft/GameTestServer]: [++++_                                                                                                                                                                                                                                                                                             ]
[17:53:36] [Server thread/INFO] [minecraft/GameTestServer]: [++++_                                                                                                                                                                                                                                                                                             ]
[17:53:36] [Server thread/INFO] [minecraft/GameTestServer]: [++++_                                                                                                                                                                                                                                                                                             ]
[17:53:36] [Server thread/INFO] [minecraft/GameTestServer]: [++++_                                                                                                                                                                                                                                                                                             ]
[17:53:36] [Server thread/INFO] [minecraft/GameTestServer]: [++++_                                                                                                                                                                                                                                                                                             ]
[17:53:36] [Server thread/INFO] [minecraft/GameTestServer]: [++++_                                                                                                                                                                                                                                                                                             ]
[17:53:36] [Server thread/INFO] [minecraft/GameTestServer]: [++++_                                                                                                                                                                                                                                                                                             ]
[17:53:36] [Server thread/INFO] [minecraft/GameTestServer]: [++++_                                                                                                                                                                                                                                                                                             ]
[17:53:36] [Server thread/INFO] [minecraft/GameTestServer]: [++++_                                                                                                                                                                                                                                                                                             ]
[17:53:36] [Server thread/INFO] [minecraft/GameTestServer]: [++++_                                                                                                                                                                                                                                                                                             ]
[17:53:36] [Server thread/INFO] [minecraft/GameTestServer]: [++++_                                                                                                                                                                                                                                                                                             ]
[17:53:36] [Server thread/INFO] [minecraft/GameTestServer]: [++++_                                                                                                                                                                                                                                                                                             ]
[17:53:36] [Server thread/INFO] [minecraft/GameTestServer]: [++++_                                                                                                                                                                                                                                                                                             ]
[17:53:36] [Server thread/INFO] [minecraft/GameTestServer]: [++++_                                                                                                                                                                                                                                                                                             ]
[17:53:36] [Server thread/INFO] [minecraft/GameTestServer]: [++++_                                                                                                                                                                                                                                                                                             ]
[17:53:36] [Server thread/INFO] [minecraft/GameTestServer]: [++++_                                                                                                                                                                                                                                                                                             ]
[17:53:36] [Server thread/INFO] [minecraft/GameTestServer]: [++++_                                                                                                                                                                                                                                                                                             ]
[17:53:36] [Server thread/INFO] [minecraft/GameTestServer]: [++++_                                                                                                                                                                                                                                                                                             ]
[17:53:36] [Server thread/INFO] [minecraft/GameTestServer]: [++++_                                                                                                                                                                                                                                                                                             ]
[17:53:36] [Server thread/INFO] [minecraft/GameTestServer]: [++++_                                                                                                                                                                                                                                                                                             ]
[17:53:36] [Server thread/INFO] [minecraft/GameTestServer]: [++++_                                                                                                                                                                                                                                                                                             ]
[17:53:36] [Server thread/INFO] [minecraft/GameTestServer]: [++++_                                                                                                                                                                                                                                                                                             ]
[17:53:36] [Server thread/INFO] [minecraft/GameTestServer]: [++++_                                                                                                                                                                                                                                                                                             ]
[17:53:37] [Server thread/INFO] [minecraft/GameTestServer]: [++++_                                                                                                                                                                                                                                                                                             ]
[17:53:37] [Server thread/INFO] [minecraft/GameTestServer]: [++++_                                                                                                                                                                                                                                                                                             ]
[17:53:37] [Server thread/INFO] [minecraft/GameTestServer]: [++++_                                                                                                                                                                                                                                                                                             ]
[17:53:37] [Server thread/INFO] [minecraft/GameTestServer]: [++++_                                                                                                                                                                                                                                                                                             ]
[17:53:37] [Server thread/INFO] [minecraft/GameTestServer]: [++++_                                                                                                                                                                                                                                                                                             ]
[17:53:37] [Server thread/INFO] [minecraft/GameTestServer]: [++++_                                                                                                                                                                                                                                                                                             ]
[17:53:37] [Server thread/INFO] [minecraft/GameTestServer]: [++++_                                                                                                                                                                                                                                                                                             ]
[17:53:37] [Server thread/INFO] [minecraft/GameTestServer]: [++++_                                                                                                                                                                                                                                                                                             ]
[17:53:37] [Server thread/INFO] [minecraft/GameTestServer]: [++++_                                                                                                                                                                                                                                                                                             ]
[17:53:37] [Server thread/INFO] [minecraft/GameTestServer]: [++++_                                                                                                                                                                                                                                                                                             ]
[17:53:37] [Server thread/INFO] [minecraft/GameTestServer]: [++++_                                                                                                                                                                                                                                                                                             ]
[17:53:37] [Server thread/INFO] [minecraft/GameTestServer]: [++++_                                                                                                                                                                                                                                                                                             ]
[17:53:37] [Server thread/INFO] [minecraft/GameTestServer]: [++++_                                                                                                                                                                                                                                                                                             ]
[17:53:37] [Server thread/INFO] [minecraft/GameTestServer]: [++++_                                                                                                                                                                                                                                                                                             ]
[17:53:37] [Server thread/INFO] [minecraft/GameTestServer]: [++++_                                                                                                                                                                                                                                                                                             ]
[17:53:37] [Server thread/INFO] [minecraft/GameTestServer]: [++++_                                                                                                                                                                                                                                                                                             ]
[17:53:37] [Server thread/INFO] [minecraft/GameTestServer]: [++++_                                                                                                                                                                                                                                                                                             ]
[17:53:37] [Server thread/INFO] [minecraft/GameTestServer]: [++++_                                                                                                                                                                                                                                                                                             ]
[17:53:37] [Server thread/INFO] [minecraft/GameTestServer]: [++++_                                                                                                                                                                                                                                                                                             ]
[17:53:37] [Server thread/INFO] [minecraft/GameTestServer]: [++++_                                                                                                                                                                                                                                                                                             ]
[17:53:37] [Server thread/INFO] [minecraft/GameTestServer]: [++++_                                                                                                                                                                                                                                                                                             ]
[17:53:37] [Server thread/INFO] [minecraft/GameTestServer]: [++++_                                                                                                                                                                                                                                                                                             ]
[17:53:37] [Server thread/INFO] [minecraft/GameTestServer]: [++++_                                                                                                                                                                                                                                                                                             ]
[17:53:37] [Server thread/INFO] [minecraft/GameTestServer]: [++++_                                                                                                                                                                                                                                                                                             ]
[17:53:37] [Server thread/INFO] [minecraft/GameTestServer]: [++++_                                                                                                                                                                                                                                                                                             ]
[17:53:37] [Server thread/INFO] [minecraft/GameTestServer]: [++++_                                                                                                                                                                                                                                                                                             ]
[17:53:37] [Server thread/INFO] [minecraft/GameTestServer]: [++++_                                                                                                                                                                                                                                                                                             ]
[17:53:37] [Server thread/INFO] [minecraft/GameTestServer]: [++++_                                                                                                                                                                                                                                                                                             ]
[17:53:37] [Server thread/INFO] [minecraft/GameTestServer]: [++++_                                                                                                                                                                                                                                                                                             ]
[17:53:37] [Server thread/INFO] [minecraft/GameTestServer]: [++++_                                                                                                                                                                                                                                                                                             ]
[17:53:37] [Server thread/INFO] [minecraft/GameTestServer]: [++++_                                                                                                                                                                                                                                                                                             ]
[17:53:37] [Server thread/INFO] [minecraft/GameTestServer]: [++++_                                                                                                                                                                                                                                                                                             ]
[17:53:37] [Server thread/INFO] [minecraft/GameTestServer]: [++++_                                                                                                                                                                                                                                                                                             ]
[17:53:37] [Server thread/INFO] [minecraft/GameTestServer]: [++++_                                                                                                                                                                                                                                                                                             ]
[17:53:37] [Server thread/INFO] [minecraft/GameTestServer]: [++++_                                                                                                                                                                                                                                                                                             ]
[17:53:37] [Server thread/INFO] [minecraft/GameTestServer]: [++++_                                                                                                                                                                                                                                                                                             ]
[17:53:37] [Server thread/INFO] [minecraft/GameTestServer]: [++++_                                                                                                                                                                                                                                                                                             ]
[17:53:37] [Server thread/INFO] [minecraft/GameTestServer]: [++++_                                                                                                                                                                                                                                                                                             ]
[17:53:37] [Server thread/INFO] [minecraft/GameTestServer]: [++++_                                                                                                                                                                                                                                                                                             ]
[17:53:37] [Server thread/INFO] [minecraft/GameTestServer]: [++++_                                                                                                                                                                                                                                                                                             ]
[17:53:37] [Server thread/INFO] [minecraft/GameTestServer]: [++++_                                                                                                                                                                                                                                                                                             ]
[17:53:37] [Server thread/INFO] [minecraft/GameTestServer]: [++++_                                                                                                                                                                                                                                                                                             ]
[17:53:37] [Server thread/INFO] [minecraft/GameTestServer]: [++++_                                                                                                                                                                                                                                                                                             ]
[17:53:37] [Server thread/INFO] [minecraft/GameTestServer]: [++++_                                                                                                                                                                                                                                                                                             ]
[17:53:37] [Server thread/INFO] [minecraft/GameTestServer]: [++++_                                                                                                                                                                                                                                                                                             ]
[17:53:37] [Server thread/INFO] [minecraft/GameTestServer]: [++++_                                                                                                                                                                                                                                                                                             ]
[17:53:37] [Server thread/INFO] [minecraft/GameTestServer]: [++++_                                                                                                                                                                                                                                                                                             ]
[17:53:37] [Server thread/INFO] [minecraft/GameTestServer]: [++++_                                                                                                                                                                                                                                                                                             ]
[17:53:37] [Server thread/INFO] [minecraft/GameTestServer]: [++++_                                                                                                                                                                                                                                                                                             ]
[17:53:37] [Server thread/INFO] [minecraft/GameTestServer]: [++++_                                                                                                                                                                                                                                                                                             ]
[17:53:37] [Server thread/INFO] [minecraft/GameTestServer]: [++++_                                                                                                                                                                                                                                                                                             ]
[17:53:37] [Server thread/INFO] [minecraft/GameTestServer]: [++++_                                                                                                                                                                                                                                                                                             ]
[17:53:37] [Server thread/INFO] [minecraft/GameTestServer]: [++++_                                                                                                                                                                                                                                                                                             ]
[17:53:37] [Server thread/INFO] [minecraft/GameTestServer]: [++++_                                                                                                                                                                                                                                                                                             ]
[17:53:37] [Server thread/INFO] [minecraft/GameTestServer]: [++++_                                                                                                                                                                                                                                                                                             ]
[17:53:37] [Server thread/INFO] [minecraft/GameTestServer]: [++++_                                                                                                                                                                                                                                                                                             ]
[17:53:37] [Server thread/INFO] [minecraft/GameTestServer]: [++++_                                                                                                                                                                                                                                                                                             ]
[17:53:37] [Server thread/INFO] [minecraft/GameTestServer]: [++++_                                                                                                                                                                                                                                                                                             ]
[17:53:37] [Server thread/INFO] [minecraft/GameTestServer]: [++++_                                                                                                                                                                                                                                                                                             ]
[17:53:37] [Server thread/INFO] [minecraft/GameTestServer]: [++++_                                                                                                                                                                                                                                                                                             ]
[17:53:38] [Server thread/INFO] [minecraft/GameTestServer]: [++++_                                                                                                                                                                                                                                                                                             ]
[17:53:38] [Server thread/INFO] [minecraft/GameTestServer]: [++++_                                                                                                                                                                                                                                                                                             ]
[17:53:38] [Server thread/INFO] [minecraft/GameTestServer]: [++++_                                                                                                                                                                                                                                                                                             ]
[17:53:38] [Server thread/INFO] [minecraft/GameTestServer]: [++++_                                                                                                                                                                                                                                                                                             ]
[17:53:38] [Server thread/INFO] [minecraft/GameTestServer]: [++++_                                                                                                                                                                                                                                                                                             ]
[17:53:38] [Server thread/INFO] [minecraft/GameTestServer]: [++++_                                                                                                                                                                                                                                                                                             ]
[17:53:38] [Server thread/INFO] [minecraft/GameTestServer]: [++++_                                                                                                                                                                                                                                                                                             ]
[17:53:38] [Server thread/INFO] [minecraft/GameTestServer]: [++++_                                                                                                                                                                                                                                                                                             ]
[17:53:38] [Server thread/INFO] [minecraft/GameTestServer]: [++++_                                                                                                                                                                                                                                                                                             ]
[17:53:38] [Server thread/INFO] [minecraft/GameTestServer]: [++++_                                                                                                                                                                                                                                                                                             ]
[17:53:38] [Server thread/INFO] [minecraft/GameTestServer]: [++++_                                                                                                                                                                                                                                                                                             ]
[17:53:38] [Server thread/INFO] [minecraft/GameTestServer]: [++++_                                                                                                                                                                                                                                                                                             ]
[17:53:38] [Server thread/INFO] [minecraft/GameTestServer]: [++++_                                                                                                                                                                                                                                                                                             ]
[17:53:38] [Server thread/INFO] [minecraft/GameTestServer]: [++++_                                                                                                                                                                                                                                                                                             ]
[17:53:38] [Server thread/INFO] [minecraft/GameTestServer]: [++++_                                                                                                                                                                                                                                                                                             ]
[17:53:38] [Server thread/INFO] [minecraft/GameTestServer]: [++++_                                                                                                                                                                                                                                                                                             ]
[17:53:38] [Server thread/INFO] [minecraft/GameTestServer]: [++++_                                                                                                                                                                                                                                                                                             ]
[17:53:38] [Server thread/INFO] [minecraft/GameTestServer]: [++++_                                                                                                                                                                                                                                                                                             ]
[17:53:38] [Server thread/INFO] [minecraft/GameTestServer]: [++++_                                                                                                                                                                                                                                                                                             ]
[17:53:38] [Server thread/INFO] [minecraft/GameTestServer]: [++++_                                                                                                                                                                                                                                                                                             ]
[17:53:38] [Server thread/INFO] [minecraft/GameTestServer]: [++++_                                                                                                                                                                                                                                                                                             ]
[17:53:38] [Server thread/INFO] [minecraft/GameTestServer]: [++++_                                                                                                                                                                                                                                                                                             ]
[17:53:38] [Server thread/INFO] [minecraft/GameTestServer]: [++++_                                                                                                                                                                                                                                                                                             ]
[17:53:38] [Server thread/INFO] [minecraft/GameTestServer]: [++++_                                                                                                                                                                                                                                                                                             ]
[17:53:38] [Server thread/INFO] [minecraft/GameTestServer]: [++++_                                                                                                                                                                                                                                                                                             ]
[17:53:38] [Server thread/INFO] [minecraft/GameTestServer]: [++++_                                                                                                                                                                                                                                                                                             ]
[17:53:38] [Server thread/INFO] [minecraft/GameTestServer]: [++++_                                                                                                                                                                                                                                                                                             ]
[17:53:38] [Server thread/INFO] [minecraft/GameTestServer]: [++++_                                                                                                                                                                                                                                                                                             ]
[17:53:38] [Server thread/INFO] [minecraft/GameTestServer]: [++++_                                                                                                                                                                                                                                                                                             ]
[17:53:38] [Server thread/INFO] [minecraft/GameTestServer]: [++++_                                                                                                                                                                                                                                                                                             ]
[17:53:38] [Server thread/INFO] [minecraft/GameTestServer]: [++++_                                                                                                                                                                                                                                                                                             ]
[17:53:38] [Server thread/INFO] [minecraft/GameTestServer]: [++++_                                                                                                                                                                                                                                                                                             ]
[17:53:38] [Server thread/INFO] [minecraft/GameTestServer]: [++++_                                                                                                                                                                                                                                                                                             ]
[17:53:38] [Server thread/INFO] [minecraft/GameTestServer]: [++++_                                                                                                                                                                                                                                                                                             ]
[17:53:38] [Server thread/INFO] [minecraft/GameTestServer]: [++++_                                                                                                                                                                                                                                                                                             ]
[17:53:38] [Server thread/INFO] [minecraft/GameTestServer]: [++++_                                                                                                                                                                                                                                                                                             ]
[17:53:38] [Server thread/INFO] [minecraft/GameTestServer]: [++++_                                                                                                                                                                                                                                                                                             ]
[17:53:38] [Server thread/INFO] [minecraft/GameTestServer]: [++++_                                                                                                                                                                                                                                                                                             ]
[17:53:38] [Server thread/INFO] [minecraft/GameTestServer]: [++++_                                                                                                                                                                                                                                                                                             ]
[17:53:38] [Server thread/INFO] [minecraft/GameTestServer]: [++++_                                                                                                                                                                                                                                                                                             ]
[17:53:38] [Server thread/INFO] [minecraft/GameTestServer]: [++++_                                                                                                                                                                                                                                                                                             ]
[17:53:38] [Server thread/INFO] [minecraft/GameTestServer]: [++++_                                                                                                                                                                                                                                                                                             ]
[17:53:38] [Server thread/INFO] [minecraft/GameTestServer]: [++++_                                                                                                                                                                                                                                                                                             ]
[17:53:38] [Server thread/INFO] [minecraft/GameTestServer]: [++++_                                                                                                                                                                                                                                                                                             ]
[17:53:38] [Server thread/INFO] [minecraft/GameTestServer]: [++++_                                                                                                                                                                                                                                                                                             ]
[17:53:38] [Server thread/INFO] [minecraft/GameTestServer]: [++++_                                                                                                                                                                                                                                                                                             ]
[17:53:38] [Server thread/INFO] [minecraft/GameTestServer]: [++++_                                                                                                                                                                                                                                                                                             ]
[17:53:38] [Server thread/INFO] [minecraft/GameTestServer]: [++++_                                                                                                                                                                                                                                                                                             ]
[17:53:38] [Server thread/INFO] [minecraft/GameTestServer]: [++++_                                                                                                                                                                                                                                                                                             ]
[17:53:38] [Server thread/INFO] [minecraft/GameTestServer]: [++++_                                                                                                                                                                                                                                                                                             ]
[17:53:38] [Server thread/INFO] [minecraft/GameTestServer]: [++++_                                                                                                                                                                                                                                                                                             ]
[17:53:38] [Server thread/INFO] [minecraft/GameTestServer]: [++++_                                                                                                                                                                                                                                                                                             ]
[17:53:38] [Server thread/INFO] [minecraft/GameTestServer]: [++++_                                                                                                                                                                                                                                                                                             ]
[17:53:38] [Server thread/INFO] [minecraft/GameTestServer]: [++++_                                                                                                                                                                                                                                                                                             ]
[17:53:38] [Server thread/INFO] [minecraft/GameTestServer]: [++++_                                                                                                                                                                                                                                                                                             ]
[17:53:38] [Server thread/INFO] [minecraft/GameTestServer]: [++++_                                                                                                                                                                                                                                                                                             ]
[17:53:38] [Server thread/INFO] [minecraft/GameTestServer]: [++++_                                                                                                                                                                                                                                                                                             ]
[17:53:38] [Server thread/INFO] [minecraft/GameTestServer]: [++++_                                                                                                                                                                                                                                                                                             ]
[17:53:38] [Server thread/INFO] [minecraft/GameTestServer]: [++++_                                                                                                                                                                                                                                                                                             ]
[17:53:38] [Server thread/INFO] [minecraft/GameTestServer]: [++++_                                                                                                                                                                                                                                                                                             ]
[17:53:38] [Server thread/INFO] [minecraft/GameTestServer]: [++++_                                                                                                                                                                                                                                                                                             ]
[17:53:38] [Server thread/INFO] [minecraft/GameTestServer]: [++++_                                                                                                                                                                                                                                                                                             ]
[17:53:38] [Server thread/INFO] [minecraft/GameTestServer]: [++++_                                                                                                                                                                                                                                                                                             ]
[17:53:38] [Server thread/INFO] [minecraft/GameTestServer]: [++++_                                                                                                                                                                                                                                                                                             ]
[17:53:38] [Server thread/INFO] [minecraft/GameTestServer]: [++++_                                                                                                                                                                                                                                                                                             ]
[17:53:38] [Server thread/INFO] [minecraft/GameTestServer]: [++++_                                                                                                                                                                                                                                                                                             ]
[17:53:38] [Server thread/INFO] [minecraft/GameTestServer]: [++++_                                                                                                                                                                                                                                                                                             ]
[17:53:38] [Server thread/INFO] [minecraft/GameTestServer]: [++++_                                                                                                                                                                                                                                                                                             ]
[17:53:38] [Server thread/INFO] [minecraft/GameTestServer]: [++++_                                                                                                                                                                                                                                                                                             ]
[17:53:38] [Server thread/INFO] [minecraft/GameTestServer]: [++++_                                                                                                                                                                                                                                                                                             ]
[17:53:38] [Server thread/INFO] [minecraft/GameTestServer]: [++++_                                                                                                                                                                                                                                                                                             ]
[17:53:38] [Server thread/INFO] [minecraft/GameTestServer]: [++++_                                                                                                                                                                                                                                                                                             ]
[17:53:38] [Server thread/INFO] [minecraft/GameTestServer]: [++++_                                                                                                                                                                                                                                                                                             ]
[17:53:38] [Server thread/INFO] [minecraft/GameTestServer]: [++++_                                                                                                                                                                                                                                                                                             ]
[17:53:38] [Server thread/INFO] [minecraft/GameTestServer]: [++++_                                                                                                                                                                                                                                                                                             ]
[17:53:38] [Server thread/INFO] [minecraft/GameTestServer]: [++++_                                                                                                                                                                                                                                                                                             ]
[17:53:38] [Server thread/INFO] [minecraft/GameTestServer]: [++++_                                                                                                                                                                                                                                                                                             ]
[17:53:38] [Server thread/INFO] [minecraft/GameTestServer]: [++++_                                                                                                                                                                                                                                                                                             ]
[17:53:39] [Server thread/INFO] [minecraft/GameTestServer]: [++++_                                                                                                                                                                                                                                                                                             ]
[17:53:39] [Server thread/INFO] [minecraft/GameTestServer]: [++++_                                                                                                                                                                                                                                                                                             ]
[17:53:39] [Server thread/INFO] [minecraft/GameTestServer]: [++++_                                                                                                                                                                                                                                                                                             ]
[17:53:39] [Server thread/INFO] [minecraft/GameTestServer]: [++++_                                                                                                                                                                                                                                                                                             ]
[17:53:39] [Server thread/INFO] [minecraft/GameTestServer]: [++++_                                                                                                                                                                                                                                                                                             ]
[17:53:39] [Server thread/INFO] [minecraft/GameTestServer]: [++++_                                                                                                                                                                                                                                                                                             ]
[17:53:39] [Server thread/INFO] [minecraft/GameTestServer]: [++++_                                                                                                                                                                                                                                                                                             ]
[17:53:39] [Server thread/INFO] [minecraft/GameTestServer]: [++++_                                                                                                                                                                                                                                                                                             ]
[17:53:39] [Server thread/INFO] [minecraft/GameTestServer]: [++++_                                                                                                                                                                                                                                                                                             ]
[17:53:39] [Server thread/INFO] [minecraft/GameTestServer]: [++++_                                                                                                                                                                                                                                                                                             ]
[17:53:39] [Server thread/INFO] [minecraft/GameTestServer]: [++++_                                                                                                                                                                                                                                                                                             ]
[17:53:39] [Server thread/INFO] [minecraft/GameTestServer]: [++++_                                                                                                                                                                                                                                                                                             ]
[17:53:39] [Server thread/INFO] [minecraft/GameTestServer]: [++++_                                                                                                                                                                                                                                                                                             ]
[17:53:39] [Server thread/INFO] [minecraft/GameTestServer]: [++++_                                                                                                                                                                                                                                                                                             ]
[17:53:39] [Server thread/INFO] [minecraft/GameTestServer]: [++++_                                                                                                                                                                                                                                                                                             ]
[17:53:39] [Server thread/INFO] [minecraft/GameTestServer]: [++++_                                                                                                                                                                                                                                                                                             ]
[17:53:39] [Server thread/INFO] [minecraft/GameTestServer]: [++++_                                                                                                                                                                                                                                                                                             ]
[17:53:39] [Server thread/INFO] [minecraft/GameTestServer]: [++++_                                                                                                                                                                                                                                                                                             ]
[17:53:39] [Server thread/INFO] [minecraft/GameTestServer]: [++++_                                                                                                                                                                                                                                                                                             ]
[17:53:39] [Server thread/INFO] [minecraft/GameTestServer]: [++++_                                                                                                                                                                                                                                                                                             ]
[17:53:39] [Server thread/INFO] [minecraft/GameTestServer]: [++++_                                                                                                                                                                                                                                                                                             ]
[17:53:39] [Server thread/INFO] [minecraft/GameTestServer]: [++++_                                                                                                                                                                                                                                                                                             ]
[17:53:39] [Server thread/INFO] [minecraft/GameTestServer]: [++++_                                                                                                                                                                                                                                                                                             ]
[17:53:39] [Server thread/INFO] [minecraft/GameTestServer]: [++++_                                                                                                                                                                                                                                                                                             ]
[17:53:39] [Server thread/INFO] [minecraft/GameTestServer]: [++++_                                                                                                                                                                                                                                                                                             ]
[17:53:39] [Server thread/INFO] [minecraft/GameTestServer]: [++++_                                                                                                                                                                                                                                                                                             ]
[17:53:39] [Server thread/INFO] [minecraft/GameTestServer]: [++++_                                                                                                                                                                                                                                                                                             ]
[17:53:39] [Server thread/INFO] [minecraft/GameTestServer]: [++++_                                                                                                                                                                                                                                                                                             ]
[17:53:39] [Server thread/INFO] [minecraft/GameTestServer]: [++++_                                                                                                                                                                                                                                                                                             ]
[17:53:39] [Server thread/INFO] [minecraft/GameTestServer]: [++++_                                                                                                                                                                                                                                                                                             ]
[17:53:39] [Server thread/INFO] [minecraft/GameTestServer]: [++++_                                                                                                                                                                                                                                                                                             ]
[17:53:39] [Server thread/INFO] [minecraft/GameTestServer]: [++++_                                                                                                                                                                                                                                                                                             ]
[17:53:39] [Server thread/INFO] [minecraft/GameTestServer]: [++++_                                                                                                                                                                                                                                                                                             ]
[17:53:39] [Server thread/INFO] [minecraft/GameTestServer]: [++++_                                                                                                                                                                                                                                                                                             ]
[17:53:39] [Server thread/INFO] [minecraft/GameTestServer]: [++++_                                                                                                                                                                                                                                                                                             ]
[17:53:39] [Server thread/INFO] [minecraft/GameTestServer]: [++++_                                                                                                                                                                                                                                                                                             ]
[17:53:39] [Server thread/INFO] [minecraft/GameTestServer]: [++++_                                                                                                                                                                                                                                                                                             ]
[17:53:39] [Server thread/INFO] [minecraft/GameTestServer]: [++++_                                                                                                                                                                                                                                                                                             ]
[17:53:39] [Server thread/INFO] [minecraft/GameTestServer]: [++++_                                                                                                                                                                                                                                                                                             ]
[17:53:39] [Server thread/INFO] [minecraft/GameTestServer]: [++++_                                                                                                                                                                                                                                                                                             ]
[17:53:39] [Server thread/INFO] [minecraft/GameTestServer]: [++++_                                                                                                                                                                                                                                                                                             ]
[17:53:39] [Server thread/INFO] [minecraft/GameTestServer]: [++++_                                                                                                                                                                                                                                                                                             ]
[17:53:39] [Server thread/INFO] [minecraft/GameTestServer]: [++++_                                                                                                                                                                                                                                                                                             ]
[17:53:39] [Server thread/INFO] [minecraft/GameTestServer]: [++++_                                                                                                                                                                                                                                                                                             ]
[17:53:39] [Server thread/INFO] [minecraft/GameTestServer]: [++++_                                                                                                                                                                                                                                                                                             ]
[17:53:39] [Server thread/INFO] [minecraft/GameTestServer]: [++++_                                                                                                                                                                                                                                                                                             ]
[17:53:39] [Server thread/INFO] [minecraft/GameTestServer]: [++++_                                                                                                                                                                                                                                                                                             ]
[17:53:39] [Server thread/INFO] [minecraft/GameTestServer]: [++++_                                                                                                                                                                                                                                                                                             ]
[17:53:39] [Server thread/INFO] [minecraft/GameTestServer]: [++++_                                                                                                                                                                                                                                                                                             ]
[17:53:39] [Server thread/INFO] [minecraft/GameTestServer]: [++++_                                                                                                                                                                                                                                                                                             ]
[17:53:39] [Server thread/INFO] [minecraft/GameTestServer]: [++++_                                                                                                                                                                                                                                                                                             ]
[17:53:39] [Server thread/INFO] [minecraft/GameTestServer]: [++++_                                                                                                                                                                                                                                                                                             ]
[17:53:39] [Server thread/INFO] [minecraft/GameTestServer]: [++++_                                                                                                                                                                                                                                                                                             ]
[17:53:39] [Server thread/INFO] [minecraft/GameTestServer]: [++++_                                                                                                                                                                                                                                                                                             ]
[17:53:39] [Server thread/INFO] [minecraft/GameTestServer]: [++++_                                                                                                                                                                                                                                                                                             ]
[17:53:39] [Server thread/INFO] [minecraft/GameTestServer]: [++++_                                                                                                                                                                                                                                                                                             ]
[17:53:39] [Server thread/INFO] [minecraft/GameTestServer]: [++++_                                                                                                                                                                                                                                                                                             ]
[17:53:39] [Server thread/INFO] [minecraft/GameTestServer]: [++++_                                                                                                                                                                                                                                                                                             ]
[17:53:39] [Server thread/INFO] [minecraft/GameTestServer]: [++++_                                                                                                                                                                                                                                                                                             ]
[17:53:39] [Server thread/INFO] [minecraft/GameTestServer]: [++++_                                                                                                                                                                                                                                                                                             ]
[17:53:39] [Server thread/INFO] [minecraft/GameTestServer]: [++++_                                                                                                                                                                                                                                                                                             ]
[17:53:39] [Server thread/INFO] [minecraft/GameTestServer]: [++++_                                                                                                                                                                                                                                                                                             ]
[17:53:39] [Server thread/INFO] [minecraft/GameTestServer]: [++++_                                                                                                                                                                                                                                                                                             ]
[17:53:39] [Server thread/INFO] [minecraft/GameTestServer]: [++++_                                                                                                                                                                                                                                                                                             ]
[17:53:39] [Server thread/INFO] [minecraft/GameTestServer]: [++++_                                                                                                                                                                                                                                                                                             ]
[17:53:39] [Server thread/INFO] [minecraft/GameTestServer]: [++++_                                                                                                                                                                                                                                                                                             ]
[17:53:39] [Server thread/INFO] [minecraft/GameTestServer]: [++++_                                                                                                                                                                                                                                                                                             ]
[17:53:39] [Server thread/INFO] [minecraft/GameTestServer]: [++++_                                                                                                                                                                                                                                                                                             ]
[17:53:39] [Server thread/INFO] [minecraft/GameTestServer]: [++++_                                                                                                                                                                                                                                                                                             ]
[17:53:39] [Server thread/INFO] [minecraft/GameTestServer]: [++++_                                                                                                                                                                                                                                                                                             ]
[17:53:39] [Server thread/INFO] [minecraft/GameTestServer]: [++++_                                                                                                                                                                                                                                                                                             ]
[17:53:39] [Server thread/INFO] [minecraft/GameTestServer]: [++++_                                                                                                                                                                                                                                                                                             ]
[17:53:39] [Server thread/INFO] [minecraft/GameTestServer]: [++++_                                                                                                                                                                                                                                                                                             ]
[17:53:39] [Server thread/INFO] [minecraft/GameTestServer]: [++++_                                                                                                                                                                                                                                                                                             ]
[17:53:39] [Server thread/INFO] [minecraft/GameTestServer]: [++++_                                                                                                                                                                                                                                                                                             ]
[17:53:39] [Server thread/INFO] [minecraft/GameTestServer]: [++++_                                                                                                                                                                                                                                                                                             ]
[17:53:39] [Server thread/INFO] [minecraft/GameTestServer]: [++++_                                                                                                                                                                                                                                                                                             ]
[17:53:39] [Server thread/INFO] [minecraft/GameTestServer]: [++++_                                                                                                                                                                                                                                                                                             ]
[17:53:39] [Server thread/INFO] [minecraft/GameTestServer]: [++++_                                                                                                                                                                                                                                                                                             ]
[17:53:39] [Server thread/INFO] [minecraft/GameTestServer]: [++++_                                                                                                                                                                                                                                                                                             ]
[17:53:39] [Server thread/INFO] [minecraft/GameTestServer]: [++++_                                                                                                                                                                                                                                                                                             ]
[17:53:40] [Server thread/INFO] [minecraft/GameTestServer]: [++++_                                                                                                                                                                                                                                                                                             ]
[17:53:40] [Server thread/INFO] [minecraft/GameTestServer]: [++++_                                                                                                                                                                                                                                                                                             ]
[17:53:40] [Server thread/INFO] [io.gi.su.ad.AdvancedRocketryCommunity/]: ARCE_ATMOSPHERE_PERF vents=16 simulated_ticks=6000 active=16 peak_inspections=112 measured_inspections=0 elapsed_seconds=5.820
[17:53:40] [Server thread/INFO] [minecraft/GameTestBatchRunner]: Running test batch 'station_warp_fold:1' (1 tests)...
[17:53:40] [Server thread/INFO] [io.gi.su.ad.AdvancedRocketryCommunity/]: ARCE_STATION_TRANSACTION action=creation_committed station=a99ff6dc-bda1-4cd9-8bc4-997a84a8a051 owner=03f18424-65de-44f4-8e69-290a696d1bde cell=0,0 region=-256,-256,255,255 inspected=289 changed=289 chunks=4 detail=generated
[17:53:40] [Server thread/INFO] [io.gi.su.ad.AdvancedRocketryCommunity/]: ARCE_STATION_TRANSACTION action=creation_committed station=50cb5210-b76a-470d-9b99-6af564354995 owner=4986df56-2873-4cbe-b128-aa491fdf598a cell=1,0 region=768,-256,1279,255 inspected=289 changed=289 chunks=4 detail=generated
[17:53:40] [Server thread/INFO] [io.gi.su.ad.AdvancedRocketryCommunity/]: ARCE_STATION_TRANSACTION action=creation_committed station=cf7bda1a-ef27-4ed4-a3f3-bb86027cffc7 owner=26d6c232-19c5-4645-8f09-d7bd4dfccfcd cell=1,1 region=768,768,1279,1279 inspected=289 changed=289 chunks=4 detail=generated
[17:53:40] [Server thread/INFO] [io.gi.su.ad.AdvancedRocketryCommunity/]: ARCE_STATION_TRANSACTION action=creation_committed station=c8133f15-4588-4666-a745-48f43d8fb3ea owner=28ad2560-ffc6-48d9-b981-9457766a79ad cell=0,1 region=-256,768,255,1279 inspected=289 changed=289 chunks=4 detail=generated
[17:53:40] [Server thread/INFO] [io.gi.su.ad.AdvancedRocketryCommunity/]: ARCE_STATION_TRANSACTION action=creation_committed station=4cadd95c-69a3-4547-984a-547f51b6e9fa owner=40a0a354-fb1f-420e-a0aa-941b6385bb5f cell=-1,1 region=-1280,768,-769,1279 inspected=289 changed=289 chunks=4 detail=generated
[17:53:40] [Server thread/INFO] [io.gi.su.ad.AdvancedRocketryCommunity/]: ARCE_STATION_TRANSACTION action=creation_committed station=42e23bb3-9c9d-44bc-b746-6a5a8200ba60 owner=3d85681c-e172-45c9-b6c6-ea91b1e10c51 cell=-1,0 region=-1280,-256,-769,255 inspected=289 changed=289 chunks=4 detail=generated
[17:53:41] [Server thread/INFO] [io.gi.su.ad.AdvancedRocketryCommunity/]: ARCE_STATION_TRANSACTION action=creation_committed station=81e9f26d-1e75-4ddf-9726-4435bc4424b8 owner=7a220d4e-bda1-4f5b-b6fb-af4d6ee3cb14 cell=-1,-1 region=-1280,-1280,-769,-769 inspected=289 changed=289 chunks=4 detail=generated
[17:53:41] [Server thread/INFO] [io.gi.su.ad.AdvancedRocketryCommunity/]: ARCE_STATION_TRANSACTION action=creation_committed station=fa1d3e34-79cb-40b9-a632-a5d7f67daefd owner=dddc172c-c8c1-4211-aa3b-5eeffb468e77 cell=0,-1 region=-256,-1280,255,-769 inspected=289 changed=289 chunks=4 detail=generated
[17:53:41] [Server thread/INFO] [io.gi.su.ad.AdvancedRocketryCommunity/]: ARCE_STATION_TRANSACTION action=creation_committed station=ce31020c-c7a2-4308-ab44-e0e0ed1030b1 owner=876c14ec-ec07-4b37-9e5b-f90e1d66cfd6 cell=1,-1 region=768,-1280,1279,-769 inspected=289 changed=289 chunks=4 detail=generated
[17:53:41] [Server thread/INFO] [io.gi.su.ad.AdvancedRocketryCommunity/]: ARCE_STATION_TRANSACTION action=creation_committed station=673103b6-c6d3-452c-b88b-bc8a7201ebed owner=0a37f169-0a9e-4722-9c89-7043310a98e1 cell=2,-1 region=1792,-1280,2303,-769 inspected=289 changed=289 chunks=4 detail=generated
[17:53:41] [Server thread/INFO] [minecraft/GameTestServer]: [+++++_                                                                                                                                                                                                                                                                                            ]
[17:53:41] [Server thread/INFO] [minecraft/GameTestServer]: [+++++_                                                                                                                                                                                                                                                                                            ]
[17:53:41] [Server thread/INFO] [minecraft/GameTestServer]: [+++++_                                                                                                                                                                                                                                                                                            ]
[17:53:41] [Server thread/INFO] [minecraft/GameTestServer]: [+++++_                                                                                                                                                                                                                                                                                            ]
[17:53:41] [Server thread/INFO] [minecraft/GameTestServer]: [+++++_                                                                                                                                                                                                                                                                                            ]
[17:53:41] [Server thread/INFO] [minecraft/GameTestServer]: [+++++_                                                                                                                                                                                                                                                                                            ]
[17:53:42] [Server thread/INFO] [minecraft/GameTestServer]: [+++++_                                                                                                                                                                                                                                                                                            ]
[17:53:42] [Server thread/INFO] [minecraft/GameTestServer]: [+++++_                                                                                                                                                                                                                                                                                            ]
[17:53:42] [Server thread/INFO] [minecraft/GameTestServer]: [+++++_                                                                                                                                                                                                                                                                                            ]
[17:53:42] [Server thread/INFO] [minecraft/GameTestServer]: [+++++_                                                                                                                                                                                                                                                                                            ]
[17:53:42] [Server thread/INFO] [minecraft/GameTestServer]: [+++++_                                                                                                                                                                                                                                                                                            ]
[17:53:42] [Server thread/INFO] [minecraft/GameTestServer]: [+++++_                                                                                                                                                                                                                                                                                            ]
[17:53:42] [Server thread/INFO] [minecraft/GameTestServer]: [+++++_                                                                                                                                                                                                                                                                                            ]
[17:53:42] [Server thread/INFO] [minecraft/GameTestServer]: [+++++_                                                                                                                                                                                                                                                                                            ]
[17:53:42] [Server thread/INFO] [minecraft/GameTestServer]: [+++++_                                                                                                                                                                                                                                                                                            ]
[17:53:42] [Server thread/INFO] [minecraft/GameTestServer]: [+++++_                                                                                                                                                                                                                                                                                            ]
[17:53:42] [Server thread/INFO] [minecraft/GameTestServer]: [+++++_                                                                                                                                                                                                                                                                                            ]
[17:53:42] [Server thread/INFO] [minecraft/GameTestServer]: [+++++_                                                                                                                                                                                                                                                                                            ]
[17:53:42] [Server thread/INFO] [minecraft/GameTestServer]: [+++++_                                                                                                                                                                                                                                                                                            ]
[17:53:42] [Server thread/INFO] [minecraft/GameTestServer]: [+++++_                                                                                                                                                                                                                                                                                            ]
[17:53:42] [Server thread/WARN] [io.gi.su.ad.AdvancedRocketryCommunity/]: ARCE_STATION_WARP_ENERGY_DROPPED station=a99ff6dc-bda1-4cd9-8bc4-997a84a8a051 energy=377000
[17:53:42] [Server thread/WARN] [io.gi.su.ad.AdvancedRocketryCommunity/]: ARCE_STATION_WARP_ENERGY_DROPPED station=50cb5210-b76a-470d-9b99-6af564354995 energy=377000
[17:53:42] [Server thread/WARN] [io.gi.su.ad.AdvancedRocketryCommunity/]: ARCE_STATION_WARP_ENERGY_DROPPED station=cf7bda1a-ef27-4ed4-a3f3-bb86027cffc7 energy=377000
[17:53:42] [Server thread/WARN] [io.gi.su.ad.AdvancedRocketryCommunity/]: ARCE_STATION_WARP_ENERGY_DROPPED station=c8133f15-4588-4666-a745-48f43d8fb3ea energy=377000
[17:53:42] [Server thread/WARN] [io.gi.su.ad.AdvancedRocketryCommunity/]: ARCE_STATION_WARP_ENERGY_DROPPED station=4cadd95c-69a3-4547-984a-547f51b6e9fa energy=377000
[17:53:42] [Server thread/WARN] [io.gi.su.ad.AdvancedRocketryCommunity/]: ARCE_STATION_WARP_ENERGY_DROPPED station=42e23bb3-9c9d-44bc-b746-6a5a8200ba60 energy=377000
[17:53:42] [Server thread/WARN] [io.gi.su.ad.AdvancedRocketryCommunity/]: ARCE_STATION_WARP_ENERGY_DROPPED station=81e9f26d-1e75-4ddf-9726-4435bc4424b8 energy=377000
[17:53:42] [Server thread/WARN] [io.gi.su.ad.AdvancedRocketryCommunity/]: ARCE_STATION_WARP_ENERGY_DROPPED station=fa1d3e34-79cb-40b9-a632-a5d7f67daefd energy=377000
[17:53:42] [Server thread/WARN] [io.gi.su.ad.AdvancedRocketryCommunity/]: ARCE_STATION_WARP_ENERGY_DROPPED station=ce31020c-c7a2-4308-ab44-e0e0ed1030b1 energy=377000
[17:53:42] [Server thread/WARN] [io.gi.su.ad.AdvancedRocketryCommunity/]: ARCE_STATION_WARP_ENERGY_DROPPED station=673103b6-c6d3-452c-b88b-bc8a7201ebed energy=377000
[17:53:42] [Server thread/INFO] [minecraft/GameTestBatchRunner]: Running test batch 'planetary_admission_station_built:1' (1 tests)...
[17:53:43] [Server thread/INFO] [io.gi.su.ad.AdvancedRocketryCommunity/]: ARCE_ROCKET_ENTITY_REMOVED entity=b62de7d7-abbf-4fba-9031-b337fcd16ef9 reason=DISCARDED operational=true
[17:53:43] [Server thread/INFO] [io.gi.su.ad.AdvancedRocketryCommunity/]: ARCE_ROCKET_ENTITY_REMOVED entity=f8ab9051-b968-4efc-a92a-aa0f8efb12a9 reason=DISCARDED operational=true
[17:53:43] [Server thread/INFO] [minecraft/GameTestBatchRunner]: Running test batch 'station_warp_commit:1' (1 tests)...
[17:53:44] [Server thread/INFO] [io.gi.su.ad.AdvancedRocketryCommunity/]: ARCE_STATION_TRANSACTION action=creation_committed station=3065fbd9-263e-4cc0-a3a6-16ef858e081e owner=b66b89a9-f730-437a-9632-7271e6bb7e96 cell=0,0 region=-256,-256,255,255 inspected=289 changed=289 chunks=4 detail=generated
[17:53:44] [Server thread/INFO] [minecraft/PlayerList]: warpOwner[embedded] logged in with entity id 137 at (0.5, 60.0, 0.5)
[17:53:44] [Server thread/INFO] [io.gi.su.ad.AdvancedRocketryCommunity/]: Sent 1496-byte celestial snapshot generation 1 to 1 player(s)
[17:53:44] [Server thread/INFO] [minecraft/MinecraftServer]: warpOwner joined the game
[17:53:44] [Server thread/INFO] [minecraft/PlayerList]: warpMember[embedded] logged in with entity id 138 at (0.5, 60.0, 0.5)
[17:53:44] [Server thread/INFO] [io.gi.su.ad.AdvancedRocketryCommunity/]: Sent 1496-byte celestial snapshot generation 1 to 1 player(s)
[17:53:44] [Server thread/INFO] [minecraft/MinecraftServer]: warpMember joined the game
[17:53:44] [Server thread/WARN] [io.gi.su.ad.AdvancedRocketryCommunity/]: ARCE_STATION_WARP_CREDIT_REFUSED offered=250000 credited=0 entry_room=true
[17:53:44] [Server thread/INFO] [io.gi.su.ad.AdvancedRocketryCommunity/]: ARCE_STATION_WARP action=request code=WARP_ISSUED station=3065fbd9-263e-4cc0-a3a6-16ef858e081e actor=b66b89a9-f730-437a-9632-7271e6bb7e96 target=advancedrocketrycommunity:moon class=IN_SYSTEM cost=2000000 balance=2500000
[17:53:44] [Server thread/INFO] [io.gi.su.ad.AdvancedRocketryCommunity/]: ARCE_STATION_WARP action=confirm code=NOT_LOCAL_PLAYER station=null actor=b66b89a9-f730-437a-9632-7271e6bb7e96 target=null class=null cost=null balance=0
[17:53:44] [Server thread/INFO] [io.gi.su.ad.AdvancedRocketryCommunity/]: ARCE_STATION_WARP action=confirm code=WARP_STARTED station=3065fbd9-263e-4cc0-a3a6-16ef858e081e actor=b66b89a9-f730-437a-9632-7271e6bb7e96 target=advancedrocketrycommunity:moon class=IN_SYSTEM cost=2000000 balance=2500000
[17:53:44] [Server thread/INFO] [minecraft/MinecraftServer]: [warpOwner: Warp countdown started; station=3065fbd9-263e-4cc0-a3a6-16ef858e081e target=advancedrocketrycommunity:moon commit in 10 seconds; /arce station warp cancel stops it]
[17:53:44] [Server thread/INFO] [minecraft/GameTestServer]: [+++++++_                                                                                                                                                                                                                                                                                          ]
[17:53:44] [Server thread/INFO] [minecraft/GameTestServer]: [+++++++_                                                                                                                                                                                                                                                                                          ]
[17:53:44] [Server thread/INFO] [minecraft/GameTestServer]: [+++++++_                                                                                                                                                                                                                                                                                          ]
[17:53:44] [Server thread/INFO] [minecraft/GameTestServer]: [+++++++_                                                                                                                                                                                                                                                                                          ]
[17:53:44] [Server thread/INFO] [minecraft/GameTestServer]: [+++++++_                                                                                                                                                                                                                                                                                          ]
[17:53:44] [Server thread/INFO] [minecraft/GameTestServer]: [+++++++_                                                                                                                                                                                                                                                                                          ]
[17:53:44] [Server thread/INFO] [minecraft/GameTestServer]: [+++++++_                                                                                                                                                                                                                                                                                          ]
[17:53:44] [Server thread/INFO] [minecraft/GameTestServer]: [+++++++_                                                                                                                                                                                                                                                                                          ]
[17:53:45] [Server thread/INFO] [minecraft/GameTestServer]: [+++++++_                                                                                                                                                                                                                                                                                          ]
[17:53:45] [Server thread/INFO] [minecraft/GameTestServer]: [+++++++_                                                                                                                                                                                                                                                                                          ]
[17:53:45] [Server thread/INFO] [io.gi.su.ad.AdvancedRocketryCommunity/]: ARCE_STATION_WARP action=commit code=WARP_COMMITTED station=3065fbd9-263e-4cc0-a3a6-16ef858e081e actor=b66b89a9-f730-437a-9632-7271e6bb7e96 from=advancedrocketrycommunity:earth to=advancedrocketrycommunity:moon class=IN_SYSTEM cost=2000000 balance=500000
[17:53:45] [Server thread/INFO] [io.gi.su.ad.AdvancedRocketryCommunity/]: ARCE_STATION_WARP action=request code=WARP_COOLDOWN station=3065fbd9-263e-4cc0-a3a6-16ef858e081e actor=b66b89a9-f730-437a-9632-7271e6bb7e96 target=null class=null cost=null balance=0
[17:53:45] [Server thread/WARN] [io.gi.su.ad.AdvancedRocketryCommunity/]: ARCE_STATION_WARP_ENERGY_DROPPED station=3065fbd9-263e-4cc0-a3a6-16ef858e081e energy=500000
[17:53:45] [Server thread/INFO] [minecraft/GameTestBatchRunner]: Running test batch 'star_systems:1' (1 tests)...
[17:53:45] [Server thread/INFO] [io.gi.su.ad.AdvancedRocketryCommunity/]: ARCE_STATION_TRANSACTION action=creation_committed station=76ef699e-2cef-4dbe-b2ef-e885efd25c38 owner=b10acdd7-e96a-4ee0-b7dc-9b5dd54cabef cell=0,0 region=-256,-256,255,255 inspected=289 changed=289 chunks=4 detail=generated
[17:53:45] [Server thread/INFO] [minecraft/PlayerList]: starVisitor[embedded] logged in with entity id 145 at (0.5, 60.0, 0.5)
[17:53:45] [Server thread/INFO] [io.gi.su.ad.AdvancedRocketryCommunity/]: Sent 1496-byte celestial snapshot generation 1 to 1 player(s)
[17:53:45] [Server thread/INFO] [minecraft/MinecraftServer]: starVisitor joined the game
[17:53:45] [Server thread/INFO] [minecraft/GameTestBatchRunner]: Running test batch 'station_sky_context:1' (1 tests)...
[17:53:45] [Server thread/INFO] [io.gi.su.ad.AdvancedRocketryCommunity/]: ARCE_STATION_TRANSACTION action=creation_committed station=c3049b69-7733-4fd1-a500-f8aeb4d692f5 owner=86dce24e-0e7a-4e5e-9095-2805928b7520 cell=0,0 region=-256,-256,255,255 inspected=289 changed=289 chunks=4 detail=generated
[17:53:45] [Server thread/INFO] [io.gi.su.ad.AdvancedRocketryCommunity/]: ARCE_STATION_TRANSACTION action=creation_committed station=705f5e64-00d2-4f7f-8cb7-e917a308ac33 owner=8154f3ff-276a-4af4-abb6-af704e2a2cd4 cell=1,0 region=768,-256,1279,255 inspected=289 changed=289 chunks=4 detail=generated
[17:53:45] [Server thread/INFO] [minecraft/PlayerList]: skyViewer[embedded] logged in with entity id 147 at (0.5, 60.0, 0.5)
[17:53:45] [Server thread/INFO] [io.gi.su.ad.AdvancedRocketryCommunity/]: Sent 1496-byte celestial snapshot generation 1 to 1 player(s)
[17:53:45] [Server thread/INFO] [minecraft/MinecraftServer]: skyViewer joined the game
[17:53:45] [Server thread/INFO] [minecraft/PlayerList]: skyOther[embedded] logged in with entity id 148 at (0.5, 60.0, 0.5)
[17:53:45] [Server thread/INFO] [io.gi.su.ad.AdvancedRocketryCommunity/]: Sent 1496-byte celestial snapshot generation 1 to 1 player(s)
[17:53:45] [Server thread/INFO] [minecraft/MinecraftServer]: skyOther joined the game
[17:53:45] [Server thread/INFO] [minecraft/GameTestBatchRunner]: Running test batch 'station_warp_serial:1' (1 tests)...
[17:53:45] [Server thread/INFO] [io.gi.su.ad.AdvancedRocketryCommunity/]: ARCE_STATION_TRANSACTION action=creation_committed station=f72cbaa3-6f70-4a89-a27e-e0ddc38c4128 owner=835c11c6-ea5d-40f0-b31b-ee2d42eb9dfb cell=0,0 region=-256,-256,255,255 inspected=289 changed=289 chunks=4 detail=generated
[17:53:45] [Server thread/INFO] [io.gi.su.ad.AdvancedRocketryCommunity/]: ARCE_STATION_TRANSACTION action=creation_committed station=a224eb8b-d532-4b21-b4de-a7fab6866d2e owner=380c4131-b7f7-4ee3-b4dd-6ec9a70fd69d cell=1,0 region=768,-256,1279,255 inspected=289 changed=289 chunks=4 detail=generated
[17:53:45] [Server thread/INFO] [minecraft/PlayerList]: serialOwner0[embedded] logged in with entity id 149 at (0.5, 60.0, 0.5)
[17:53:45] [Server thread/INFO] [io.gi.su.ad.AdvancedRocketryCommunity/]: Sent 1496-byte celestial snapshot generation 1 to 1 player(s)
[17:53:45] [Server thread/INFO] [minecraft/MinecraftServer]: serialOwner0 joined the game
[17:53:45] [Server thread/INFO] [io.gi.su.ad.AdvancedRocketryCommunity/]: ARCE_STATION_WARP action=request code=WARP_ISSUED station=f72cbaa3-6f70-4a89-a27e-e0ddc38c4128 actor=835c11c6-ea5d-40f0-b31b-ee2d42eb9dfb target=advancedrocketrycommunity:moon class=IN_SYSTEM cost=2000000 balance=2500000
[17:53:45] [Server thread/INFO] [io.gi.su.ad.AdvancedRocketryCommunity/]: ARCE_STATION_WARP action=confirm code=WARP_STARTED station=f72cbaa3-6f70-4a89-a27e-e0ddc38c4128 actor=835c11c6-ea5d-40f0-b31b-ee2d42eb9dfb target=advancedrocketrycommunity:moon class=IN_SYSTEM cost=2000000 balance=2500000
[17:53:45] [Server thread/INFO] [minecraft/MinecraftServer]: [serialOwner0: Warp countdown started; station=f72cbaa3-6f70-4a89-a27e-e0ddc38c4128 target=advancedrocketrycommunity:moon commit in 10 seconds; /arce station warp cancel stops it]
[17:53:45] [Server thread/INFO] [minecraft/PlayerList]: serialOwner1[embedded] logged in with entity id 150 at (0.5, 60.0, 0.5)
[17:53:45] [Server thread/INFO] [io.gi.su.ad.AdvancedRocketryCommunity/]: Sent 1496-byte celestial snapshot generation 1 to 1 player(s)
[17:53:45] [Server thread/INFO] [minecraft/MinecraftServer]: serialOwner1 joined the game
[17:53:45] [Server thread/INFO] [io.gi.su.ad.AdvancedRocketryCommunity/]: ARCE_STATION_WARP action=request code=WARP_ISSUED station=a224eb8b-d532-4b21-b4de-a7fab6866d2e actor=380c4131-b7f7-4ee3-b4dd-6ec9a70fd69d target=advancedrocketrycommunity:moon class=IN_SYSTEM cost=2000000 balance=2500000
[17:53:45] [Server thread/INFO] [io.gi.su.ad.AdvancedRocketryCommunity/]: ARCE_STATION_WARP action=confirm code=WARP_STARTED station=a224eb8b-d532-4b21-b4de-a7fab6866d2e actor=380c4131-b7f7-4ee3-b4dd-6ec9a70fd69d target=advancedrocketrycommunity:moon class=IN_SYSTEM cost=2000000 balance=2500000
[17:53:45] [Server thread/INFO] [minecraft/MinecraftServer]: [serialOwner1: Warp countdown started; station=a224eb8b-d532-4b21-b4de-a7fab6866d2e target=advancedrocketrycommunity:moon commit in 10 seconds; /arce station warp cancel stops it]
[17:53:45] [Server thread/INFO] [minecraft/GameTestServer]: [++++++++++_                                                                                                                                                                                                                                                                                       ]
[17:53:45] [Server thread/INFO] [minecraft/GameTestServer]: [++++++++++_                                                                                                                                                                                                                                                                                       ]
[17:53:45] [Server thread/INFO] [minecraft/GameTestServer]: [++++++++++_                                                                                                                                                                                                                                                                                       ]
[17:53:46] [Server thread/INFO] [minecraft/GameTestServer]: [++++++++++_                                                                                                                                                                                                                                                                                       ]
[17:53:46] [Server thread/INFO] [minecraft/GameTestServer]: [++++++++++_                                                                                                                                                                                                                                                                                       ]
[17:53:46] [Server thread/INFO] [minecraft/GameTestServer]: [++++++++++_                                                                                                                                                                                                                                                                                       ]
[17:53:46] [Server thread/INFO] [minecraft/GameTestServer]: [++++++++++_                                                                                                                                                                                                                                                                                       ]
[17:53:46] [Server thread/INFO] [minecraft/GameTestServer]: [++++++++++_                                                                                                                                                                                                                                                                                       ]
[17:53:46] [Server thread/INFO] [minecraft/GameTestServer]: [++++++++++_                                                                                                                                                                                                                                                                                       ]
[17:53:46] [Server thread/INFO] [minecraft/GameTestServer]: [++++++++++_                                                                                                                                                                                                                                                                                       ]
[17:53:46] [Server thread/INFO] [io.gi.su.ad.AdvancedRocketryCommunity/]: ARCE_STATION_WARP action=commit code=WARP_COMMITTED station=f72cbaa3-6f70-4a89-a27e-e0ddc38c4128 actor=835c11c6-ea5d-40f0-b31b-ee2d42eb9dfb from=advancedrocketrycommunity:earth to=advancedrocketrycommunity:moon class=IN_SYSTEM cost=2000000 balance=500000
[17:53:46] [Server thread/INFO] [io.gi.su.ad.AdvancedRocketryCommunity/]: ARCE_STATION_WARP action=commit code=WARP_COMMITTED station=a224eb8b-d532-4b21-b4de-a7fab6866d2e actor=380c4131-b7f7-4ee3-b4dd-6ec9a70fd69d from=advancedrocketrycommunity:earth to=advancedrocketrycommunity:moon class=IN_SYSTEM cost=2000000 balance=500000
[17:53:46] [Server thread/WARN] [io.gi.su.ad.AdvancedRocketryCommunity/]: ARCE_STATION_WARP_ENERGY_DROPPED station=f72cbaa3-6f70-4a89-a27e-e0ddc38c4128 energy=500000
[17:53:46] [Server thread/WARN] [io.gi.su.ad.AdvancedRocketryCommunity/]: ARCE_STATION_WARP_ENERGY_DROPPED station=a224eb8b-d532-4b21-b4de-a7fab6866d2e energy=500000
[17:53:46] [Server thread/INFO] [minecraft/GameTestBatchRunner]: Running test batch 'station_expansion:1' (1 tests)...
[17:53:46] [Server thread/INFO] [minecraft/GameTestServer]: [+++++++++++                                                                                                                                                                                                                                                                                       ]
[17:53:46] [Server thread/INFO] [io.gi.su.ad.AdvancedRocketryCommunity/]: ARCE_STATION_TRANSACTION action=creation_committed station=0fcd36f7-e678-4dea-b79c-a3c0e340114f owner=35ec832d-a168-45df-84c8-043a0f7764a7 cell=0,0 region=-256,-256,255,255 inspected=289 changed=289 chunks=4 detail=generated
[17:53:46] [Server thread/INFO] [io.gi.su.ad.AdvancedRocketryCommunity/]: ARCE_STATION_TRANSACTION action=creation_committed station=3f7a1ea8-9c79-4227-af4a-713b65de70af owner=1703a6c2-1411-42d2-ac85-c5134091339b cell=1,0 region=768,-256,1279,255 inspected=289 changed=289 chunks=4 detail=generated
[17:53:46] [Server thread/INFO] [minecraft/PlayerList]: expander0[embedded] logged in with entity id 151 at (0.5, 60.0, 0.5)
[17:53:46] [Server thread/INFO] [io.gi.su.ad.AdvancedRocketryCommunity/]: Sent 1496-byte celestial snapshot generation 1 to 1 player(s)
[17:53:46] [Server thread/INFO] [minecraft/MinecraftServer]: expander0 joined the game
[17:53:46] [Server thread/INFO] [io.gi.su.ad.AdvancedRocketryCommunity/]: ARCE_STATION_EXPANSION action=request code=UNAUTHORIZED station=0fcd36f7-e678-4dea-b79c-a3c0e340114f actor=660c4a00-da1a-4cb7-bd8b-06d4473563ae width=512 gravity_milli=0
[17:53:46] [Server thread/INFO] [minecraft/PlayerList]: expander1[embedded] logged in with entity id 152 at (0.5, 60.0, 0.5)
[17:53:46] [Server thread/INFO] [io.gi.su.ad.AdvancedRocketryCommunity/]: Sent 1496-byte celestial snapshot generation 1 to 1 player(s)
[17:53:46] [Server thread/INFO] [minecraft/MinecraftServer]: expander1 joined the game
[17:53:46] [Server thread/INFO] [io.gi.su.ad.AdvancedRocketryCommunity/]: ARCE_STATION_EXPANSION action=request code=UNAUTHORIZED station=0fcd36f7-e678-4dea-b79c-a3c0e340114f actor=fe3ab895-8c80-4501-be66-529fe66cf127 width=512 gravity_milli=0
[17:53:46] [Server thread/INFO] [minecraft/PlayerList]: expander2[embedded] logged in with entity id 153 at (0.5, 60.0, 0.5)
[17:53:46] [Server thread/INFO] [io.gi.su.ad.AdvancedRocketryCommunity/]: Sent 1496-byte celestial snapshot generation 1 to 1 player(s)
[17:53:46] [Server thread/INFO] [minecraft/MinecraftServer]: expander2 joined the game
[17:53:46] [Server thread/INFO] [io.gi.su.ad.AdvancedRocketryCommunity/]: ARCE_STATION_EXPANSION action=request code=UNAUTHORIZED station=0fcd36f7-e678-4dea-b79c-a3c0e340114f actor=8085cc70-033b-4e69-9edf-db7456042348 width=512 gravity_milli=0
[17:53:46] [Server thread/INFO] [minecraft/PlayerList]: expander3[embedded] logged in with entity id 154 at (0.5, 61.0, 0.5)
[17:53:46] [Server thread/INFO] [io.gi.su.ad.AdvancedRocketryCommunity/]: Sent 1496-byte celestial snapshot generation 1 to 1 player(s)
[17:53:46] [Server thread/INFO] [minecraft/MinecraftServer]: expander3 joined the game
[17:53:46] [Server thread/INFO] [io.gi.su.ad.AdvancedRocketryCommunity/]: ARCE_STATION_EXPANSION action=request code=NOT_IN_SPACE station=null actor=35ec832d-a168-45df-84c8-043a0f7764a7 width=null gravity_milli=null
[17:53:46] [Server thread/INFO] [io.gi.su.ad.AdvancedRocketryCommunity/]: ARCE_STATION_EXPANSION action=request code=NOT_IN_STATION station=null actor=35ec832d-a168-45df-84c8-043a0f7764a7 width=null gravity_milli=null
[17:53:46] [Server thread/INFO] [io.gi.su.ad.AdvancedRocketryCommunity/]: ARCE_STATION_EXPANSION action=request code=NOT_LOCAL_PLAYER station=0fcd36f7-e678-4dea-b79c-a3c0e340114f actor=35ec832d-a168-45df-84c8-043a0f7764a7 width=512 gravity_milli=0
[17:53:46] [Server thread/INFO] [io.gi.su.ad.AdvancedRocketryCommunity/]: ARCE_STATION_EXPANSION action=confirm code=NOT_LOCAL_PLAYER station=null actor=35ec832d-a168-45df-84c8-043a0f7764a7 width=null gravity_milli=null
[17:53:46] [Server thread/INFO] [io.gi.su.ad.AdvancedRocketryCommunity/]: ARCE_STATION_EXPANSION action=confirm code=NO_CONFIRMATION station=null actor=35ec832d-a168-45df-84c8-043a0f7764a7 width=null gravity_milli=null
[17:53:46] [Server thread/INFO] [io.gi.su.ad.AdvancedRocketryCommunity/]: ARCE_STATION_EXPANSION action=request code=NOT_LOCAL_PLAYER station=0fcd36f7-e678-4dea-b79c-a3c0e340114f actor=35ec832d-a168-45df-84c8-043a0f7764a7 width=512 gravity_milli=0
[17:53:46] [Server thread/INFO] [io.gi.su.ad.AdvancedRocketryCommunity/]: ARCE_STATION_EXPANSION action=confirm code=NO_CONFIRMATION station=null actor=35ec832d-a168-45df-84c8-043a0f7764a7 width=null gravity_milli=null
[17:53:46] [Server thread/INFO] [io.gi.su.ad.AdvancedRocketryCommunity/]: ARCE_STATION_EXPANSION action=request code=NOT_LOCAL_PLAYER station=0fcd36f7-e678-4dea-b79c-a3c0e340114f actor=35ec832d-a168-45df-84c8-043a0f7764a7 width=512 gravity_milli=0
[17:53:46] [Server thread/INFO] [io.gi.su.ad.AdvancedRocketryCommunity/]: ARCE_STATION_EXPANSION action=request code=ISSUED station=0fcd36f7-e678-4dea-b79c-a3c0e340114f actor=35ec832d-a168-45df-84c8-043a0f7764a7 width=512 gravity_milli=0
[17:53:46] [Server thread/INFO] [io.gi.su.ad.AdvancedRocketryCommunity/]: ARCE_STATION_EXPANSION action=confirm code=NOT_LOCAL_PLAYER station=null actor=35ec832d-a168-45df-84c8-043a0f7764a7 width=null gravity_milli=null
[17:53:46] [Server thread/INFO] [minecraft/PlayerList]: expander4[embedded] logged in with entity id 156 at (0.5, 60.0, 0.5)
[17:53:46] [Server thread/INFO] [io.gi.su.ad.AdvancedRocketryCommunity/]: Sent 1496-byte celestial snapshot generation 1 to 1 player(s)
[17:53:46] [Server thread/INFO] [minecraft/MinecraftServer]: expander4 joined the game
[17:53:46] [Server thread/INFO] [io.gi.su.ad.AdvancedRocketryCommunity/]: ARCE_STATION_EXPANSION action=confirm code=NO_CONFIRMATION station=null actor=47e0d506-a285-49c8-a490-c753ae0e3671 width=null gravity_milli=null
[17:53:46] [Server thread/INFO] [io.gi.su.ad.AdvancedRocketryCommunity/]: ARCE_STATION_EXPANSION action=confirm code=CONFIRMATION_MISMATCH station=null actor=35ec832d-a168-45df-84c8-043a0f7764a7 width=null gravity_milli=null
[17:53:46] [Server thread/INFO] [io.gi.su.ad.AdvancedRocketryCommunity/]: ARCE_STATION_EXPANSION action=confirm code=NO_CONFIRMATION station=null actor=35ec832d-a168-45df-84c8-043a0f7764a7 width=null gravity_milli=null
[17:53:46] [Server thread/INFO] [io.gi.su.ad.AdvancedRocketryCommunity/]: ARCE_STATION_EXPANSION action=request code=ISSUED station=0fcd36f7-e678-4dea-b79c-a3c0e340114f actor=35ec832d-a168-45df-84c8-043a0f7764a7 width=512 gravity_milli=0
[17:53:46] [Server thread/INFO] [minecraft/PlayerList]: expander4[embedded] logged in with entity id 157 at (0.5, 128.0, 0.5)
[17:53:46] [Server thread/INFO] [io.gi.su.ad.AdvancedRocketryCommunity/]: Sent 1496-byte celestial snapshot generation 1 to 1 player(s)
[17:53:46] [Server thread/INFO] [minecraft/MinecraftServer]: expander4 joined the game
[17:53:46] [Server thread/INFO] [io.gi.su.ad.AdvancedRocketryCommunity/]: ARCE_STATION_EXPANSION action=confirm code=NO_CONFIRMATION station=null actor=35ec832d-a168-45df-84c8-043a0f7764a7 width=null gravity_milli=null
[17:53:46] [Server thread/INFO] [io.gi.su.ad.AdvancedRocketryCommunity/]: ARCE_STATION_EXPANSION action=request code=NOT_LOCAL_PLAYER station=0fcd36f7-e678-4dea-b79c-a3c0e340114f actor=35ec832d-a168-45df-84c8-043a0f7764a7 width=512 gravity_milli=0
[17:53:46] [Server thread/INFO] [io.gi.su.ad.AdvancedRocketryCommunity/]: ARCE_STATION_EXPANSION action=request code=ISSUED station=0fcd36f7-e678-4dea-b79c-a3c0e340114f actor=35ec832d-a168-45df-84c8-043a0f7764a7 width=512 gravity_milli=0
[17:53:46] [Server thread/INFO] [io.gi.su.ad.AdvancedRocketryCommunity/]: ARCE_STATION_EXPANSION action=confirm code=STATION_CHANGED station=0fcd36f7-e678-4dea-b79c-a3c0e340114f actor=35ec832d-a168-45df-84c8-043a0f7764a7 width=512 gravity_milli=0
[17:53:46] [Server thread/INFO] [io.gi.su.ad.AdvancedRocketryCommunity/]: ARCE_STATION_EXPANSION action=request code=ISSUED station=0fcd36f7-e678-4dea-b79c-a3c0e340114f actor=35ec832d-a168-45df-84c8-043a0f7764a7 width=512 gravity_milli=0
[17:53:46] [Server thread/INFO] [io.gi.su.ad.AdvancedRocketryCommunity/]: ARCE_STATION_EXPANSION action=confirm code=EXPANDED station=0fcd36f7-e678-4dea-b79c-a3c0e340114f actor=35ec832d-a168-45df-84c8-043a0f7764a7 width=768 gravity_milli=0
[17:53:46] [Server thread/INFO] [minecraft/MinecraftServer]: [expander4: Station expanded; station=0fcd36f7-e678-4dea-b79c-a3c0e340114f region=-384,-384..383,383]
[17:53:46] [Server thread/INFO] [io.gi.su.ad.AdvancedRocketryCommunity/]: ARCE_STATION_EXPANSION action=request code=ALREADY_EXPANDED station=0fcd36f7-e678-4dea-b79c-a3c0e340114f actor=35ec832d-a168-45df-84c8-043a0f7764a7 width=768 gravity_milli=0
[17:53:46] [Server thread/INFO] [io.gi.su.ad.AdvancedRocketryCommunity/]: ARCE_STATION_EXPANSION action=request code=ISSUED station=3f7a1ea8-9c79-4227-af4a-713b65de70af actor=47e0d506-a285-49c8-a490-c753ae0e3671 width=512 gravity_milli=0
[17:53:46] [Server thread/INFO] [io.gi.su.ad.AdvancedRocketryCommunity/]: ARCE_STATION_EXPANSION action=confirm code=EXPANDED station=3f7a1ea8-9c79-4227-af4a-713b65de70af actor=47e0d506-a285-49c8-a490-c753ae0e3671 width=768 gravity_milli=0
[17:53:46] [Server thread/INFO] [minecraft/MinecraftServer]: [expander4: Station expanded; station=3f7a1ea8-9c79-4227-af4a-713b65de70af region=640,-384..1407,383]
[17:53:46] [Server thread/INFO] [minecraft/GameTestBatchRunner]: Running test batch 'planetary_discovery:1' (1 tests)...
[17:53:47] [Server thread/INFO] [io.gi.su.ad.AdvancedRocketryCommunity/]: ARCE_FLIGHT_INTENT request=3063d333-5ca9-4f3b-833e-d008a33378ea player=a6b9702d-e0f8-4267-9815-817ef13d5518 rocket=b3cb1dd2-04b0-4db1-800b-7b06cfc1727f action=LAUNCH destination=advancedrocketrycommunity:body_surface station=null code=DISCOVERY_REQUIRED required_fuel=0
[17:53:47] [Server thread/INFO] [io.gi.su.ad.AdvancedRocketryCommunity/]: ARCE_ROCKET_ENTITY_ACTIVE entity=b3cb1dd2-04b0-4db1-800b-7b06cfc1727f operational=true snapshot=36b90127a1cada2585e7ee6ac9bc43ea909cf198d9c6cf6cb908869ab6143f43 flight_state=FUELED fuel=1000
[17:53:47] [Server thread/INFO] [io.gi.su.ad.AdvancedRocketryCommunity/]: ARCE_ROCKET_ENTITY_ACTIVE entity=18b8a4a8-1616-4b7d-acb4-80f8545ae377 operational=true snapshot=407007d0742d03924646849217c611f55da54cc09c25cbc0441e8c93e4a5cb34 flight_state=FUELED fuel=1000
[17:53:47] [Server thread/INFO] [minecraft/GameTestServer]: [++++++++++++_                                                                                                                                                                                                                                                                                     ]
[17:53:47] [Server thread/INFO] [minecraft/GameTestServer]: [++++++++++++_                                                                                                                                                                                                                                                                                     ]
[17:53:47] [Server thread/INFO] [minecraft/GameTestServer]: [++++++++++++_                                                                                                                                                                                                                                                                                     ]
[17:53:47] [Server thread/INFO] [minecraft/GameTestServer]: [++++++++++++_                                                                                                                                                                                                                                                                                     ]
[17:53:47] [Server thread/INFO] [minecraft/GameTestServer]: [++++++++++++_                                                                                                                                                                                                                                                                                     ]
[17:53:47] [Server thread/INFO] [minecraft/GameTestServer]: [++++++++++++_                                                                                                                                                                                                                                                                                     ]
[17:53:47] [Server thread/INFO] [minecraft/GameTestServer]: [++++++++++++_                                                                                                                                                                                                                                                                                     ]
[17:53:47] [Server thread/INFO] [minecraft/GameTestServer]: [++++++++++++_                                                                                                                                                                                                                                                                                     ]
[17:53:47] [Server thread/INFO] [minecraft/GameTestServer]: [++++++++++++_                                                                                                                                                                                                                                                                                     ]
[17:53:47] [Server thread/INFO] [minecraft/GameTestServer]: [++++++++++++_                                                                                                                                                                                                                                                                                     ]
[17:53:47] [Server thread/INFO] [io.gi.su.ad.AdvancedRocketryCommunity/]: ARCE_SATELLITE_SCHEDULER completed=2 pruned=0 inspected=2 remaining=0
[17:53:47] [Server thread/INFO] [minecraft/GameTestServer]: [++++++++++++_                                                                                                                                                                                                                                                                                     ]
[17:53:47] [Server thread/INFO] [minecraft/GameTestServer]: [++++++++++++_                                                                                                                                                                                                                                                                                     ]
[17:53:47] [Server thread/INFO] [io.gi.su.ad.AdvancedRocketryCommunity/]: ARCE_ROCKET_ENTITY_REMOVED entity=b3cb1dd2-04b0-4db1-800b-7b06cfc1727f reason=DISCARDED operational=true
[17:53:47] [Server thread/INFO] [io.gi.su.ad.AdvancedRocketryCommunity/]: ARCE_ROCKET_ENTITY_REMOVED entity=18b8a4a8-1616-4b7d-acb4-80f8545ae377 reason=DISCARDED operational=true
[17:53:47] [Server thread/INFO] [minecraft/GameTestBatchRunner]: Running test batch 'precision_unload_prepared:1' (1 tests)...
[17:53:48] [Server thread/INFO] [minecraft/GameTestServer]: [+++++++++++++_                                                                                                                                                                                                                                                                                    ]
[17:53:50] [Server thread/INFO] [minecraft/GameTestBatchRunner]: Running test batch 'passenger_logout_cleanup:1' (1 tests)...
[17:53:50] [Server thread/INFO] [io.gi.su.ad.AdvancedRocketryCommunity/]: ARCE_TRANSFER_PREPARE transfer=641ef514-278a-43d4-bf98-fe64fa410a5a logical=c5f7c394-70f9-420b-a5a6-a7f4df172308 source=minecraft:overworld destination=advancedrocketrycommunity:moon code=SUCCESS candidates=1 chunks=1 detail=selected
[17:53:50] [Server thread/INFO] [io.gi.su.ad.AdvancedRocketryCommunity/]: ARCE_ROCKET_ENTITY_ACTIVE entity=d39b8679-f2b2-4035-b0fd-5f351d1075cd operational=true snapshot=282adf0a1263f33822dd4911a7e8df560c2a1d07461445041409e729fd48ff42 flight_state=COUNTDOWN fuel=1000
[17:53:50] [Server thread/INFO] [minecraft/GameTestServer]: [++++++++++++++_                                                                                                                                                                                                                                                                                   ]
[17:53:50] [Server thread/INFO] [minecraft/GameTestServer]: [++++++++++++++_                                                                                                                                                                                                                                                                                   ]
[17:53:51] [Server thread/INFO] [minecraft/GameTestServer]: [++++++++++++++_                                                                                                                                                                                                                                                                                   ]
[17:53:51] [Server thread/INFO] [io.gi.su.ad.AdvancedRocketryCommunity/]: ARCE_TRANSFER_PHASE transfer=641ef514-278a-43d4-bf98-fe64fa410a5a logical=c5f7c394-70f9-420b-a5a6-a7f4df172308 phase=PREPARED event=countdown_complete entity=d39b8679-f2b2-4035-b0fd-5f351d1075cd fuel_before=1000 fuel_after=623 required=377
[17:53:51] [Server thread/INFO] [minecraft/GameTestServer]: [++++++++++++++_                                                                                                                                                                                                                                                                                   ]
[17:53:51] [Server thread/INFO] [minecraft/GameTestServer]: [++++++++++++++_                                                                                                                                                                                                                                                                                   ]
[17:53:51] [Server thread/INFO] [minecraft/GameTestServer]: [++++++++++++++_                                                                                                                                                                                                                                                                                   ]
[17:53:51] [Server thread/INFO] [minecraft/GameTestServer]: [++++++++++++++_                                                                                                                                                                                                                                                                                   ]
[17:53:51] [Server thread/INFO] [io.gi.su.ad.AdvancedRocketryCommunity/]: ARCE_TRANSFER_PHASE transfer=641ef514-278a-43d4-bf98-fe64fa410a5a logical=c5f7c394-70f9-420b-a5a6-a7f4df172308 phase=PREPARED event=ascent_complete entity=d39b8679-f2b2-4035-b0fd-5f351d1075cd fuel_before=1000 fuel_after=623 required=377
[17:53:51] [Server thread/INFO] [minecraft/GameTestServer]: [++++++++++++++_                                                                                                                                                                                                                                                                                   ]
[17:53:51] [Server thread/INFO] [io.gi.su.ad.AdvancedRocketryCommunity/]: ARCE_TRANSFER_PHASE transfer=641ef514-278a-43d4-bf98-fe64fa410a5a logical=c5f7c394-70f9-420b-a5a6-a7f4df172308 phase=DESTINATION_SPAWNED event=destination_spawned entity=905b5fc7-254a-4283-843b-bb1f9be54a3f fuel_before=1000 fuel_after=623 required=377
[17:53:51] [Server thread/INFO] [io.gi.su.ad.AdvancedRocketryCommunity/]: ARCE_TRANSFER_PHASE transfer=641ef514-278a-43d4-bf98-fe64fa410a5a logical=c5f7c394-70f9-420b-a5a6-a7f4df172308 phase=PASSENGERS_TRANSFERRED event=passengers_transferred entity=905b5fc7-254a-4283-843b-bb1f9be54a3f fuel_before=1000 fuel_after=623 required=377
[17:53:51] [Server thread/INFO] [io.gi.su.ad.AdvancedRocketryCommunity/]: ARCE_ROCKET_ENTITY_REMOVED entity=d39b8679-f2b2-4035-b0fd-5f351d1075cd reason=DISCARDED operational=true
[17:53:51] [Server thread/INFO] [io.gi.su.ad.AdvancedRocketryCommunity/]: ARCE_TRANSFER_PHASE transfer=641ef514-278a-43d4-bf98-fe64fa410a5a logical=c5f7c394-70f9-420b-a5a6-a7f4df172308 phase=SOURCE_REMOVED event=source_removed entity=905b5fc7-254a-4283-843b-bb1f9be54a3f fuel_before=1000 fuel_after=623 required=377
[17:53:51] [Server thread/INFO] [io.gi.su.ad.AdvancedRocketryCommunity/]: ARCE_TRANSFER_PHASE transfer=641ef514-278a-43d4-bf98-fe64fa410a5a logical=c5f7c394-70f9-420b-a5a6-a7f4df172308 phase=COMMITTED event=committed entity=905b5fc7-254a-4283-843b-bb1f9be54a3f fuel_before=1000 fuel_after=623 required=377
[17:53:51] [Server thread/INFO] [minecraft/GameTestServer]: [++++++++++++++_                                                                                                                                                                                                                                                                                   ]
[17:53:51] [Server thread/INFO] [minecraft/GameTestServer]: [++++++++++++++_                                                                                                                                                                                                                                                                                   ]
[17:53:51] [Server thread/INFO] [minecraft/GameTestServer]: [++++++++++++++_                                                                                                                                                                                                                                                                                   ]
[17:53:51] [Server thread/INFO] [minecraft/GameTestServer]: [++++++++++++++_                                                                                                                                                                                                                                                                                   ]
[17:53:51] [Server thread/INFO] [io.gi.su.ad.AdvancedRocketryCommunity/]: ARCE_TRANSFER_PHASE transfer=641ef514-278a-43d4-bf98-fe64fa410a5a logical=c5f7c394-70f9-420b-a5a6-a7f4df172308 phase=COMMITTED event=landing_complete entity=905b5fc7-254a-4283-843b-bb1f9be54a3f fuel_before=1000 fuel_after=623 required=377
[17:53:51] [Server thread/INFO] [minecraft/GameTestServer]: [++++++++++++++_                                                                                                                                                                                                                                                                                   ]
[17:53:51] [Server thread/INFO] [io.gi.su.ad.AdvancedRocketryCommunity/]: ARCE_ROCKET_ENTITY_REMOVED entity=905b5fc7-254a-4283-843b-bb1f9be54a3f reason=DISCARDED operational=true
[17:53:51] [Server thread/INFO] [minecraft/GameTestBatchRunner]: Running test batch 'planetary_terrain:1' (2 tests)...
[17:53:52] [Server thread/INFO] [io.gi.su.ad.AdvancedRocketryCommunity/]: ARCE_PLANETARY_TERRAIN body=advancedrocketrycommunity:mars x=1024 z=1024 height=60 top=Block{minecraft:red_sand} rock=Block{minecraft:red_sandstone}
[17:53:52] [Server thread/INFO] [io.gi.su.ad.AdvancedRocketryCommunity/]: ARCE_PLANETARY_TERRAIN body=advancedrocketrycommunity:mars x=1056 z=1024 height=67 top=Block{minecraft:red_sand} rock=Block{minecraft:red_sandstone}
[17:53:52] [Server thread/INFO] [io.gi.su.ad.AdvancedRocketryCommunity/]: ARCE_PLANETARY_TERRAIN body=advancedrocketrycommunity:mars x=1088 z=1024 height=64 top=Block{minecraft:red_sand} rock=Block{minecraft:red_sandstone}
[17:53:52] [Server thread/INFO] [io.gi.su.ad.AdvancedRocketryCommunity/]: ARCE_PLANETARY_TERRAIN body=advancedrocketrycommunity:mars x=1120 z=1024 height=50 top=Block{minecraft:red_sand} rock=Block{minecraft:red_sandstone}
[17:53:52] [Server thread/INFO] [io.gi.su.ad.AdvancedRocketryCommunity/]: ARCE_PLANETARY_TERRAIN body=advancedrocketrycommunity:venus x=1024 z=1024 height=97 top=Block{minecraft:yellow_terracotta} rock=Block{minecraft:basalt}[axis=y]
[17:53:52] [Server thread/INFO] [io.gi.su.ad.AdvancedRocketryCommunity/]: ARCE_PLANETARY_TERRAIN body=advancedrocketrycommunity:venus x=1056 z=1024 height=110 top=Block{minecraft:yellow_terracotta} rock=Block{minecraft:basalt}[axis=y]
[17:53:52] [Server thread/INFO] [io.gi.su.ad.AdvancedRocketryCommunity/]: ARCE_PLANETARY_TERRAIN body=advancedrocketrycommunity:venus x=1088 z=1024 height=110 top=Block{minecraft:yellow_terracotta} rock=Block{minecraft:basalt}[axis=y]
[17:53:52] [Server thread/INFO] [io.gi.su.ad.AdvancedRocketryCommunity/]: ARCE_PLANETARY_TERRAIN body=advancedrocketrycommunity:venus x=1120 z=1024 height=119 top=Block{minecraft:yellow_terracotta} rock=Block{minecraft:basalt}[axis=y]
[17:53:52] [Server thread/INFO] [minecraft/GameTestBatchRunner]: Running test batch 'station_warp_charge:1' (1 tests)...
[17:53:52] [Server thread/INFO] [io.gi.su.ad.AdvancedRocketryCommunity/]: ARCE_STATION_TRANSACTION action=creation_committed station=07b1fe83-4bf3-4824-9fc2-a52e1139da45 owner=afccf7fc-b462-4bac-a46b-2a528070da2a cell=0,0 region=-256,-256,255,255 inspected=289 changed=289 chunks=4 detail=generated
[17:53:52] [Server thread/WARN] [io.gi.su.ad.AdvancedRocketryCommunity/]: ARCE_STATION_WARP_ENERGY_DROPPED station=07b1fe83-4bf3-4824-9fc2-a52e1139da45 energy=200000
[17:53:52] [Server thread/INFO] [minecraft/GameTestBatchRunner]: Running test batch 'satellite_flush_failure:1' (1 tests)...
[17:53:53] [Server thread/INFO] [io.gi.su.ad.AdvancedRocketryCommunity/]: ARCE_SATELLITE_EXPECTED_SAVE_FAILURE testing the idle-launch barrier
[17:53:53] [Server thread/ERROR] [io.gi.su.ad.AdvancedRocketryCommunity/]: Satellite idle launch operation failed
java.io.UncheckedIOException: java.io.IOException: SavedData authority and staging paths must be regular files
	at io.github.sunthemoon.advancedrocketrycommunity.persistence.migration.CheckedSavedDataFile.replace(CheckedSavedDataFile.java:71) ~[%23197!/:?] {re:classloading}
	at io.github.sunthemoon.advancedrocketrycommunity.persistence.migration.AtomicSavedData.flush(AtomicSavedData.java:48) ~[%23197!/:?] {re:classloading}
	at io.github.sunthemoon.advancedrocketrycommunity.persistence.migration.AtomicSavedData.flush(AtomicSavedData.java:42) ~[%23197!/:?] {re:classloading}
	at io.github.sunthemoon.advancedrocketrycommunity.persistence.migration.AtomicSavedData.flush(AtomicSavedData.java:38) ~[%23197!/:?] {re:classloading}
	at io.github.sunthemoon.advancedrocketrycommunity.satellite.service.SatelliteKindLifecycle.launchIdle(SatelliteKindLifecycle.java:106) ~[%23197!/:?] {re:classloading}
	at io.github.sunthemoon.advancedrocketrycommunity.satellite.service.SatelliteManager.launch(SatelliteManager.java:205) ~[%23197!/:?] {re:classloading}
	at io.github.sunthemoon.advancedrocketrycommunity.satellite.service.SatelliteRuntime.launch(SatelliteRuntime.java:46) ~[%23197!/:?] {re:classloading}
	at io.github.sunthemoon.advancedrocketrycommunity.satellite.terminal.SatelliteTerminalBlockEntity.launchOrStart(SatelliteTerminalBlockEntity.java:313) ~[%23197!/:?] {re:classloading}
	at io.github.sunthemoon.advancedrocketrycommunity.satellite.terminal.SatelliteTerminalBlockEntity.handleButton(SatelliteTerminalBlockEntity.java:194) ~[%23197!/:?] {re:classloading}
	at io.github.sunthemoon.advancedrocketrycommunity.gametest.SatelliteReviewGameTests.press(SatelliteReviewGameTests.java:375) ~[%23197!/:?] {re:classloading}
	at io.github.sunthemoon.advancedrocketrycommunity.gametest.SatelliteReviewGameTests.aFailedLaunchFlushKeepsThePackageUntilTheReplayIsDurable(SatelliteReviewGameTests.java:86) ~[%23197!/:?] {re:classloading}
	at jdk.internal.reflect.NativeMethodAccessorImpl.invoke0(Native Method) ~[?:?] {}
	at jdk.internal.reflect.NativeMethodAccessorImpl.invoke(NativeMethodAccessorImpl.java:77) ~[?:?] {}
	at jdk.internal.reflect.DelegatingMethodAccessorImpl.invoke(DelegatingMethodAccessorImpl.java:43) ~[?:?] {}
	at java.lang.reflect.Method.invoke(Method.java:568) ~[?:?] {}
	at net.minecraft.gametest.framework.GameTestRegistry.lambda$turnMethodIntoConsumer$3(GameTestRegistry.java:146) ~[forge-1.20.1-47.4.10_mapped_official_1.20.1.jar%23191!/:?] {re:classloading}
	at net.minecraft.gametest.framework.TestFunction.run(TestFunction.java:45) ~[forge-1.20.1-47.4.10_mapped_official_1.20.1.jar%23191!/:?] {re:classloading}
	at net.minecraft.gametest.framework.GameTestInfo.startTest(GameTestInfo.java:126) ~[forge-1.20.1-47.4.10_mapped_official_1.20.1.jar%23191!/:?] {re:classloading}
	at net.minecraft.gametest.framework.GameTestInfo.tickInternal(GameTestInfo.java:90) ~[forge-1.20.1-47.4.10_mapped_official_1.20.1.jar%23191!/:?] {re:classloading}
	at net.minecraft.gametest.framework.GameTestInfo.tick(GameTestInfo.java:73) ~[forge-1.20.1-47.4.10_mapped_official_1.20.1.jar%23191!/:?] {re:classloading}
	at java.util.concurrent.CopyOnWriteArrayList.forEach(CopyOnWriteArrayList.java:807) ~[?:?] {}
	at net.minecraft.gametest.framework.GameTestTicker.tick(GameTestTicker.java:20) ~[forge-1.20.1-47.4.10_mapped_official_1.20.1.jar%23191!/:?] {re:classloading}
	at net.minecraft.server.MinecraftServer.tickChildren(MinecraftServer.java:911) ~[forge-1.20.1-47.4.10_mapped_official_1.20.1.jar%23191!/:?] {re:classloading,pl:accesstransformer:B}
	at net.minecraft.server.MinecraftServer.tickServer(MinecraftServer.java:814) ~[forge-1.20.1-47.4.10_mapped_official_1.20.1.jar%23191!/:?] {re:classloading,pl:accesstransformer:B}
	at net.minecraft.gametest.framework.GameTestServer.tickServer(GameTestServer.java:119) ~[forge-1.20.1-47.4.10_mapped_official_1.20.1.jar%23191!/:?] {re:classloading,pl:accesstransformer:B}
	at net.minecraft.server.MinecraftServer.runServer(MinecraftServer.java:661) ~[forge-1.20.1-47.4.10_mapped_official_1.20.1.jar%23191!/:?] {re:classloading,pl:accesstransformer:B}
	at net.minecraft.server.MinecraftServer.lambda$spin$2(MinecraftServer.java:251) ~[forge-1.20.1-47.4.10_mapped_official_1.20.1.jar%23191!/:?] {re:classloading,pl:accesstransformer:B}
	at java.lang.Thread.run(Thread.java:833) ~[?:?] {}
Caused by: java.io.IOException: SavedData authority and staging paths must be regular files
	at io.github.sunthemoon.advancedrocketrycommunity.persistence.migration.CheckedSavedDataFile.requireFileOrAbsent(CheckedSavedDataFile.java:96) ~[%23197!/:?] {re:classloading}
	at io.github.sunthemoon.advancedrocketrycommunity.persistence.migration.CheckedSavedDataFile.replace(CheckedSavedDataFile.java:49) ~[%23197!/:?] {re:classloading}
	... 27 more
[17:53:53] [Server thread/ERROR] [io.gi.su.ad.AdvancedRocketryCommunity/]: Satellite idle launch operation failed
java.io.UncheckedIOException: java.io.IOException: SavedData authority and staging paths must be regular files
	at io.github.sunthemoon.advancedrocketrycommunity.persistence.migration.CheckedSavedDataFile.replace(CheckedSavedDataFile.java:71) ~[%23197!/:?] {re:classloading}
	at io.github.sunthemoon.advancedrocketrycommunity.persistence.migration.AtomicSavedData.flush(AtomicSavedData.java:48) ~[%23197!/:?] {re:classloading}
	at io.github.sunthemoon.advancedrocketrycommunity.persistence.migration.AtomicSavedData.flush(AtomicSavedData.java:42) ~[%23197!/:?] {re:classloading}
	at io.github.sunthemoon.advancedrocketrycommunity.persistence.migration.AtomicSavedData.flush(AtomicSavedData.java:38) ~[%23197!/:?] {re:classloading}
	at io.github.sunthemoon.advancedrocketrycommunity.satellite.service.SatelliteKindLifecycle.launchIdle(SatelliteKindLifecycle.java:62) ~[%23197!/:?] {re:classloading}
	at io.github.sunthemoon.advancedrocketrycommunity.satellite.service.SatelliteManager.launch(SatelliteManager.java:205) ~[%23197!/:?] {re:classloading}
	at io.github.sunthemoon.advancedrocketrycommunity.satellite.service.SatelliteRuntime.launch(SatelliteRuntime.java:46) ~[%23197!/:?] {re:classloading}
	at io.github.sunthemoon.advancedrocketrycommunity.satellite.terminal.SatelliteTerminalBlockEntity.launchOrStart(SatelliteTerminalBlockEntity.java:313) ~[%23197!/:?] {re:classloading}
	at io.github.sunthemoon.advancedrocketrycommunity.satellite.terminal.SatelliteTerminalBlockEntity.handleButton(SatelliteTerminalBlockEntity.java:194) ~[%23197!/:?] {re:classloading}
	at io.github.sunthemoon.advancedrocketrycommunity.gametest.SatelliteReviewGameTests.press(SatelliteReviewGameTests.java:375) ~[%23197!/:?] {re:classloading}
	at io.github.sunthemoon.advancedrocketrycommunity.gametest.SatelliteReviewGameTests.aFailedLaunchFlushKeepsThePackageUntilTheReplayIsDurable(SatelliteReviewGameTests.java:89) ~[%23197!/:?] {re:classloading}
	at jdk.internal.reflect.NativeMethodAccessorImpl.invoke0(Native Method) ~[?:?] {}
	at jdk.internal.reflect.NativeMethodAccessorImpl.invoke(NativeMethodAccessorImpl.java:77) ~[?:?] {}
	at jdk.internal.reflect.DelegatingMethodAccessorImpl.invoke(DelegatingMethodAccessorImpl.java:43) ~[?:?] {}
	at java.lang.reflect.Method.invoke(Method.java:568) ~[?:?] {}
	at net.minecraft.gametest.framework.GameTestRegistry.lambda$turnMethodIntoConsumer$3(GameTestRegistry.java:146) ~[forge-1.20.1-47.4.10_mapped_official_1.20.1.jar%23191!/:?] {re:classloading}
	at net.minecraft.gametest.framework.TestFunction.run(TestFunction.java:45) ~[forge-1.20.1-47.4.10_mapped_official_1.20.1.jar%23191!/:?] {re:classloading}
	at net.minecraft.gametest.framework.GameTestInfo.startTest(GameTestInfo.java:126) ~[forge-1.20.1-47.4.10_mapped_official_1.20.1.jar%23191!/:?] {re:classloading}
	at net.minecraft.gametest.framework.GameTestInfo.tickInternal(GameTestInfo.java:90) ~[forge-1.20.1-47.4.10_mapped_official_1.20.1.jar%23191!/:?] {re:classloading}
	at net.minecraft.gametest.framework.GameTestInfo.tick(GameTestInfo.java:73) ~[forge-1.20.1-47.4.10_mapped_official_1.20.1.jar%23191!/:?] {re:classloading}
	at java.util.concurrent.CopyOnWriteArrayList.forEach(CopyOnWriteArrayList.java:807) ~[?:?] {}
	at net.minecraft.gametest.framework.GameTestTicker.tick(GameTestTicker.java:20) ~[forge-1.20.1-47.4.10_mapped_official_1.20.1.jar%23191!/:?] {re:classloading}
	at net.minecraft.server.MinecraftServer.tickChildren(MinecraftServer.java:911) ~[forge-1.20.1-47.4.10_mapped_official_1.20.1.jar%23191!/:?] {re:classloading,pl:accesstransformer:B}
	at net.minecraft.server.MinecraftServer.tickServer(MinecraftServer.java:814) ~[forge-1.20.1-47.4.10_mapped_official_1.20.1.jar%23191!/:?] {re:classloading,pl:accesstransformer:B}
	at net.minecraft.gametest.framework.GameTestServer.tickServer(GameTestServer.java:119) ~[forge-1.20.1-47.4.10_mapped_official_1.20.1.jar%23191!/:?] {re:classloading,pl:accesstransformer:B}
	at net.minecraft.server.MinecraftServer.runServer(MinecraftServer.java:661) ~[forge-1.20.1-47.4.10_mapped_official_1.20.1.jar%23191!/:?] {re:classloading,pl:accesstransformer:B}
	at net.minecraft.server.MinecraftServer.lambda$spin$2(MinecraftServer.java:251) ~[forge-1.20.1-47.4.10_mapped_official_1.20.1.jar%23191!/:?] {re:classloading,pl:accesstransformer:B}
	at java.lang.Thread.run(Thread.java:833) ~[?:?] {}
Caused by: java.io.IOException: SavedData authority and staging paths must be regular files
	at io.github.sunthemoon.advancedrocketrycommunity.persistence.migration.CheckedSavedDataFile.requireFileOrAbsent(CheckedSavedDataFile.java:96) ~[%23197!/:?] {re:classloading}
	at io.github.sunthemoon.advancedrocketrycommunity.persistence.migration.CheckedSavedDataFile.replace(CheckedSavedDataFile.java:49) ~[%23197!/:?] {re:classloading}
	... 27 more
[17:53:53] [Server thread/INFO] [minecraft/GameTestBatchRunner]: Running test batch 'station_orbit:1' (1 tests)...
[17:53:53] [Server thread/INFO] [io.gi.su.ad.AdvancedRocketryCommunity/]: ARCE_STATION_TRANSACTION action=creation_committed station=49fef601-9911-444d-aca4-53e2f884f094 owner=45502586-839e-4f03-9529-706b83e9da2e cell=0,0 region=-256,-256,255,255 inspected=289 changed=289 chunks=4 detail=generated
[17:53:53] [Server thread/INFO] [minecraft/PlayerList]: orbiter0[embedded] logged in with entity id 208 at (0.5, 60.0, 0.5)
[17:53:53] [Server thread/INFO] [io.gi.su.ad.AdvancedRocketryCommunity/]: Sent 1496-byte celestial snapshot generation 1 to 1 player(s)
[17:53:53] [Server thread/INFO] [minecraft/MinecraftServer]: orbiter0 joined the game
[17:53:53] [Server thread/INFO] [minecraft/PlayerList]: orbiter1[embedded] logged in with entity id 209 at (0.5, 60.0, 0.5)
[17:53:53] [Server thread/INFO] [io.gi.su.ad.AdvancedRocketryCommunity/]: Sent 1496-byte celestial snapshot generation 1 to 1 player(s)
[17:53:53] [Server thread/INFO] [minecraft/MinecraftServer]: orbiter1 joined the game
[17:53:53] [Server thread/INFO] [io.gi.su.ad.AdvancedRocketryCommunity/]: ARCE_STATION_GRAVITY action=set code=UNAUTHORIZED station=49fef601-9911-444d-aca4-53e2f884f094 actor=4b03e71f-4452-477f-9e21-53573bd3d69e width=512 gravity_milli=0
[17:53:53] [Server thread/INFO] [io.gi.su.ad.AdvancedRocketryCommunity/]: ARCE_STATION_GRAVITY action=set code=NOT_LOCAL_PLAYER station=49fef601-9911-444d-aca4-53e2f884f094 actor=45502586-839e-4f03-9529-706b83e9da2e width=512 gravity_milli=0
[17:53:53] [Server thread/INFO] [io.gi.su.ad.AdvancedRocketryCommunity/]: ARCE_STATION_GRAVITY action=set code=GRAVITY_SET station=49fef601-9911-444d-aca4-53e2f884f094 actor=45502586-839e-4f03-9529-706b83e9da2e width=512 gravity_milli=350
[17:53:53] [Server thread/INFO] [minecraft/MinecraftServer]: [orbiter0: Station gravity set; station=49fef601-9911-444d-aca4-53e2f884f094 gravity=35%]
[17:53:53] [Server thread/INFO] [io.gi.su.ad.AdvancedRocketryCommunity/]: ARCE_STATION_GRAVITY action=set code=GRAVITY_UNCHANGED station=49fef601-9911-444d-aca4-53e2f884f094 actor=45502586-839e-4f03-9529-706b83e9da2e width=512 gravity_milli=350
[17:53:53] [Server thread/INFO] [io.gi.su.ad.AdvancedRocketryCommunity/]: ARCE_STATION_GRAVITY action=set code=GRAVITY_COOLDOWN station=49fef601-9911-444d-aca4-53e2f884f094 actor=45502586-839e-4f03-9529-706b83e9da2e width=512 gravity_milli=350
[17:53:53] [Server thread/INFO] [minecraft/PlayerList]: orbiter2[embedded] logged in with entity id 210 at (0.5, 60.0, 0.5)
[17:53:53] [Server thread/INFO] [io.gi.su.ad.AdvancedRocketryCommunity/]: Sent 1496-byte celestial snapshot generation 1 to 1 player(s)
[17:53:53] [Server thread/INFO] [minecraft/MinecraftServer]: orbiter2 joined the game
[17:53:53] [Server thread/INFO] [minecraft/GameTestBatchRunner]: Running test batch 'station_warp_deop:1' (1 tests)...
[17:53:53] [Server thread/INFO] [io.gi.su.ad.AdvancedRocketryCommunity/]: ARCE_STATION_TRANSACTION action=creation_committed station=6471dba2-aefc-4314-afdb-4be1c260847c owner=dc20b3cb-9fed-424e-8226-8e5e9de4fa69 cell=0,0 region=-256,-256,255,255 inspected=289 changed=289 chunks=4 detail=generated
[17:53:53] [Server thread/INFO] [minecraft/PlayerList]: warpOperator[embedded] logged in with entity id 211 at (0.5, 60.0, 0.5)
[17:53:53] [Server thread/INFO] [io.gi.su.ad.AdvancedRocketryCommunity/]: Sent 1496-byte celestial snapshot generation 1 to 1 player(s)
[17:53:53] [Server thread/INFO] [minecraft/MinecraftServer]: warpOperator joined the game
[17:53:53] [Server thread/INFO] [io.gi.su.ad.AdvancedRocketryCommunity/]: ARCE_STATION_WARP action=request code=WARP_ISSUED station=6471dba2-aefc-4314-afdb-4be1c260847c actor=b8c18366-bfb5-4438-a748-5305b19b35ef target=advancedrocketrycommunity:moon class=IN_SYSTEM cost=2000000 balance=2500000
[17:53:53] [Server thread/INFO] [io.gi.su.ad.AdvancedRocketryCommunity/]: ARCE_STATION_WARP action=confirm code=WARP_STARTED station=6471dba2-aefc-4314-afdb-4be1c260847c actor=b8c18366-bfb5-4438-a748-5305b19b35ef target=advancedrocketrycommunity:moon class=IN_SYSTEM cost=2000000 balance=2500000
[17:53:53] [Server thread/INFO] [minecraft/MinecraftServer]: [warpOperator: Warp countdown started; station=6471dba2-aefc-4314-afdb-4be1c260847c target=advancedrocketrycommunity:moon commit in 10 seconds; /arce station warp cancel stops it]
[17:53:53] [Server thread/INFO] [minecraft/GameTestServer]: [++++++++++++++++++++_                                                                                                                                                                                                                                                                             ]
[17:53:53] [Server thread/INFO] [minecraft/GameTestServer]: [++++++++++++++++++++_                                                                                                                                                                                                                                                                             ]
[17:53:53] [Server thread/INFO] [minecraft/GameTestServer]: [++++++++++++++++++++_                                                                                                                                                                                                                                                                             ]
[17:53:54] [Server thread/INFO] [minecraft/GameTestServer]: [++++++++++++++++++++_                                                                                                                                                                                                                                                                             ]
[17:53:54] [Server thread/INFO] [minecraft/GameTestServer]: [++++++++++++++++++++_                                                                                                                                                                                                                                                                             ]
[17:53:54] [Server thread/INFO] [minecraft/GameTestServer]: [++++++++++++++++++++_                                                                                                                                                                                                                                                                             ]
[17:53:54] [Server thread/INFO] [minecraft/GameTestServer]: [++++++++++++++++++++_                                                                                                                                                                                                                                                                             ]
[17:53:54] [Server thread/INFO] [minecraft/GameTestServer]: [++++++++++++++++++++_                                                                                                                                                                                                                                                                             ]
[17:53:54] [Server thread/INFO] [minecraft/GameTestServer]: [++++++++++++++++++++_                                                                                                                                                                                                                                                                             ]
[17:53:54] [Server thread/INFO] [minecraft/GameTestServer]: [++++++++++++++++++++_                                                                                                                                                                                                                                                                             ]
[17:53:54] [Server thread/INFO] [io.gi.su.ad.AdvancedRocketryCommunity/]: ARCE_STATION_WARP action=commit code=WARP_ACTOR_CHANGED station=6471dba2-aefc-4314-afdb-4be1c260847c actor=b8c18366-bfb5-4438-a748-5305b19b35ef from=advancedrocketrycommunity:earth to=advancedrocketrycommunity:moon class=IN_SYSTEM cost=2000000 balance=0
[17:53:54] [Server thread/INFO] [minecraft/GameTestServer]: [++++++++++++++++++++_                                                                                                                                                                                                                                                                             ]
[17:53:54] [Server thread/WARN] [io.gi.su.ad.AdvancedRocketryCommunity/]: ARCE_STATION_WARP_ENERGY_DROPPED station=6471dba2-aefc-4314-afdb-4be1c260847c energy=2500000
[17:53:54] [Server thread/INFO] [minecraft/GameTestBatchRunner]: Running test batch 'flight_recovery:1' (1 tests)...
[17:53:54] [Server thread/INFO] [minecraft/GameTestServer]: [+++++++++++++++++++++_                                                                                                                                                                                                                                                                            ]
[17:53:54] [Server thread/INFO] [minecraft/GameTestServer]: [+++++++++++++++++++++_                                                                                                                                                                                                                                                                            ]
[17:53:54] [Server thread/INFO] [io.gi.su.ad.AdvancedRocketryCommunity/]: ARCE_TRANSFER_PREPARE transfer=d5d72917-5a4f-4321-a6f2-7386aa207a07 logical=917a88bb-a5d9-4eea-9475-ab69f37d28c1 source=minecraft:overworld destination=advancedrocketrycommunity:moon code=SUCCESS candidates=1 chunks=1 detail=selected
[17:53:54] [Server thread/INFO] [minecraft/MinecraftServer]: Saving chunks for level 'ServerLevel[world]'/minecraft:overworld
[17:53:54] [Server thread/INFO] [minecraft/MinecraftServer]: Saving chunks for level 'ServerLevel[world]'/minecraft:the_end
[17:53:54] [Server thread/INFO] [minecraft/MinecraftServer]: Saving chunks for level 'ServerLevel[world]'/advancedrocketrycommunity:mars
[17:53:54] [Server thread/INFO] [minecraft/MinecraftServer]: Saving chunks for level 'ServerLevel[world]'/advancedrocketrycommunity:space
[17:53:54] [Server thread/INFO] [minecraft/MinecraftServer]: Saving chunks for level 'ServerLevel[world]'/advancedrocketrycommunity:moon
[17:53:54] [Server thread/INFO] [minecraft/MinecraftServer]: Saving chunks for level 'ServerLevel[world]'/minecraft:the_nether
[17:53:54] [Server thread/INFO] [minecraft/MinecraftServer]: Saving chunks for level 'ServerLevel[world]'/advancedrocketrycommunity:venus
[17:53:54] [Server thread/INFO] [minecraft/MinecraftServer]: ThreadedAnvilChunkStorage (world): All chunks are saved
[17:53:54] [Server thread/INFO] [minecraft/MinecraftServer]: ThreadedAnvilChunkStorage (DIM1): All chunks are saved
[17:53:54] [Server thread/INFO] [minecraft/MinecraftServer]: ThreadedAnvilChunkStorage (mars): All chunks are saved
[17:53:54] [Server thread/INFO] [minecraft/MinecraftServer]: ThreadedAnvilChunkStorage (space): All chunks are saved
[17:53:54] [Server thread/INFO] [minecraft/MinecraftServer]: ThreadedAnvilChunkStorage (moon): All chunks are saved
[17:53:54] [Server thread/INFO] [minecraft/MinecraftServer]: ThreadedAnvilChunkStorage (DIM-1): All chunks are saved
[17:53:54] [Server thread/INFO] [minecraft/MinecraftServer]: ThreadedAnvilChunkStorage (venus): All chunks are saved
[17:53:54] [Server thread/INFO] [minecraft/MinecraftServer]: ThreadedAnvilChunkStorage: All dimensions are saved
[17:53:54] [Server thread/WARN] [io.gi.su.ad.AdvancedRocketryCommunity/]: ARCE_TRANSFER_RECOVERY transfer=d5d72917-5a4f-4321-a6f2-7386aa207a07 phase=PREPARED source_count=1 destination_count=0 action=KEEP_SOURCE status=RECOVERED
[17:53:54] [Server thread/INFO] [io.gi.su.ad.AdvancedRocketryCommunity/]: ARCE_ROCKET_ENTITY_REMOVED entity=ed2d1fdb-ef47-4d6b-8b54-76ea7694425c reason=DISCARDED operational=true
[17:53:54] [Server thread/INFO] [io.gi.su.ad.AdvancedRocketryCommunity/]: ARCE_TRANSFER_PREPARE transfer=4b7bd048-1d20-4646-927a-8fbb07c8a699 logical=19988dfc-3141-4bcd-a40b-4fc404b5b19b source=minecraft:overworld destination=advancedrocketrycommunity:moon code=SUCCESS candidates=1 chunks=1 detail=selected
[17:53:54] [Server thread/INFO] [io.gi.su.ad.AdvancedRocketryCommunity/]: ARCE_ROCKET_ENTITY_REMOVED entity=45730f7c-df59-45e0-9007-0a7be840b3b4 reason=DISCARDED operational=true
[17:53:54] [Server thread/WARN] [io.gi.su.ad.AdvancedRocketryCommunity/]: ARCE_TRANSFER_RECOVERY transfer=4b7bd048-1d20-4646-927a-8fbb07c8a699 phase=PREPARED source_count=0 destination_count=1 action=KEEP_DESTINATION status=RECOVERED
[17:53:54] [Server thread/INFO] [io.gi.su.ad.AdvancedRocketryCommunity/]: ARCE_ROCKET_ENTITY_REMOVED entity=44516144-654b-4dcf-a1a9-48ec79c16ab2 reason=DISCARDED operational=true
[17:53:54] [Server thread/INFO] [io.gi.su.ad.AdvancedRocketryCommunity/]: ARCE_TRANSFER_PREPARE transfer=80f6a961-d15d-425b-944a-e5f101d6ce79 logical=87c90395-25fe-4ba1-95a5-0576c373d4db source=minecraft:overworld destination=advancedrocketrycommunity:moon code=SUCCESS candidates=1 chunks=1 detail=selected
[17:53:54] [Server thread/INFO] [io.gi.su.ad.AdvancedRocketryCommunity/]: ARCE_ROCKET_ENTITY_REMOVED entity=703fff4f-9cba-421d-a166-2261894a6fc8 reason=DISCARDED operational=true
[17:53:54] [Server thread/WARN] [io.gi.su.ad.AdvancedRocketryCommunity/]: ARCE_TRANSFER_RECOVERY transfer=80f6a961-d15d-425b-944a-e5f101d6ce79 phase=PREPARED source_count=1 destination_count=1 action=REMOVE_DESTINATION_KEEP_SOURCE status=RECOVERED
[17:53:54] [Server thread/INFO] [io.gi.su.ad.AdvancedRocketryCommunity/]: ARCE_ROCKET_ENTITY_REMOVED entity=ab036dfc-a64d-4d57-8347-0fb23c5dfe25 reason=DISCARDED operational=true
[17:53:54] [Server thread/INFO] [io.gi.su.ad.AdvancedRocketryCommunity/]: ARCE_TRANSFER_PREPARE transfer=72f751f5-aa5a-4ced-8f2a-5b5b7c09f98c logical=85bb5b5c-9ccd-499d-a189-df310bd974bc source=minecraft:overworld destination=advancedrocketrycommunity:moon code=SUCCESS candidates=1 chunks=1 detail=selected
[17:53:54] [Server thread/INFO] [io.gi.su.ad.AdvancedRocketryCommunity/]: ARCE_ROCKET_ENTITY_REMOVED entity=87d36168-6b15-461e-b195-2dec09f9e2be reason=DISCARDED operational=true
[17:53:54] [Server thread/WARN] [io.gi.su.ad.AdvancedRocketryCommunity/]: ARCE_TRANSFER_RECOVERY transfer=72f751f5-aa5a-4ced-8f2a-5b5b7c09f98c phase=DESTINATION_SPAWNED source_count=0 destination_count=0 action=REBUILD_DESTINATION status=RECOVERED
[17:53:54] [Server thread/INFO] [io.gi.su.ad.AdvancedRocketryCommunity/]: ARCE_ROCKET_ENTITY_REMOVED entity=6ddbab82-471a-4349-97f2-6e12b5c68aeb reason=DISCARDED operational=true
[17:53:55] [Server thread/INFO] [minecraft/GameTestBatchRunner]: Running test batch 'rocket_navigation_menu:1' (1 tests)...
[17:53:55] [Server thread/INFO] [io.gi.su.ad.AdvancedRocketryCommunity/]: ARCE_FLIGHT_INTENT request=22ee71c6-ca8e-4df7-8ed8-10b42824ac0b player=b19dd9b9-1ce1-433f-8981-cf7d94b8a6ad rocket=020bbe46-aa11-46c3-a0cc-ab939786af77 action=LAUNCH destination=advancedrocketrycommunity:station station=93f5d841-a92e-40f1-a1cd-2777effc5239 code=UNAUTHORIZED required_fuel=0
[17:53:55] [Server thread/INFO] [io.gi.su.ad.AdvancedRocketryCommunity/]: ARCE_ROCKET_ENTITY_ACTIVE entity=020bbe46-aa11-46c3-a0cc-ab939786af77 operational=true snapshot=feac679d483105bff8a01554fdcceb812184f1f6939726fcdd66a91a0f582027 flight_state=FUELED fuel=1000
[17:53:55] [Server thread/INFO] [minecraft/GameTestServer]: [++++++++++++++++++++++_                                                                                                                                                                                                                                                                           ]
[17:53:55] [Server thread/INFO] [io.gi.su.ad.AdvancedRocketryCommunity/]: ARCE_ROCKET_ENTITY_REMOVED entity=020bbe46-aa11-46c3-a0cc-ab939786af77 reason=DISCARDED operational=true
[17:53:55] [Server thread/INFO] [minecraft/GameTestBatchRunner]: Running test batch 'station_context:1' (1 tests)...
[17:53:55] [Server thread/INFO] [minecraft/GameTestBatchRunner]: Running test batch 'station_warp_logout:1' (1 tests)...
[17:53:55] [Server thread/INFO] [io.gi.su.ad.AdvancedRocketryCommunity/]: ARCE_STATION_TRANSACTION action=creation_committed station=91cb8f24-7fb8-4d2c-94f0-d4e87d58125f owner=90ccb740-ad0c-4333-a1c1-98b066d838e6 cell=0,0 region=-256,-256,255,255 inspected=289 changed=289 chunks=4 detail=generated
[17:53:55] [Server thread/INFO] [minecraft/PlayerList]: logoutMember[embedded] logged in with entity id 228 at (0.5, 60.0, 0.5)
[17:53:55] [Server thread/INFO] [io.gi.su.ad.AdvancedRocketryCommunity/]: Sent 1496-byte celestial snapshot generation 1 to 1 player(s)
[17:53:55] [Server thread/INFO] [minecraft/MinecraftServer]: logoutMember joined the game
[17:53:55] [Server thread/INFO] [minecraft/PlayerList]: logoutOwner[embedded] logged in with entity id 229 at (0.5, 60.0, 0.5)
[17:53:55] [Server thread/INFO] [io.gi.su.ad.AdvancedRocketryCommunity/]: Sent 1496-byte celestial snapshot generation 1 to 1 player(s)
[17:53:55] [Server thread/INFO] [minecraft/MinecraftServer]: logoutOwner joined the game
[17:53:55] [Server thread/INFO] [io.gi.su.ad.AdvancedRocketryCommunity/]: ARCE_STATION_WARP action=request code=WARP_ISSUED station=91cb8f24-7fb8-4d2c-94f0-d4e87d58125f actor=90ccb740-ad0c-4333-a1c1-98b066d838e6 target=advancedrocketrycommunity:moon class=IN_SYSTEM cost=2000000 balance=2500000
[17:53:55] [Server thread/INFO] [minecraft/PlayerList]: logoutOwner[embedded] logged in with entity id 230 at (0.5, 128.0, 0.5)
[17:53:55] [Server thread/INFO] [io.gi.su.ad.AdvancedRocketryCommunity/]: Sent 1496-byte celestial snapshot generation 1 to 1 player(s)
[17:53:55] [Server thread/INFO] [minecraft/MinecraftServer]: logoutOwner joined the game
[17:53:55] [Server thread/INFO] [io.gi.su.ad.AdvancedRocketryCommunity/]: ARCE_STATION_WARP action=confirm code=WARP_NO_CONFIRMATION station=null actor=90ccb740-ad0c-4333-a1c1-98b066d838e6 target=null class=null cost=null balance=0
[17:53:55] [Server thread/INFO] [io.gi.su.ad.AdvancedRocketryCommunity/]: ARCE_STATION_WARP action=request code=WARP_ISSUED station=91cb8f24-7fb8-4d2c-94f0-d4e87d58125f actor=90ccb740-ad0c-4333-a1c1-98b066d838e6 target=advancedrocketrycommunity:moon class=IN_SYSTEM cost=2000000 balance=2500000
[17:53:55] [Server thread/INFO] [io.gi.su.ad.AdvancedRocketryCommunity/]: ARCE_STATION_WARP action=confirm code=WARP_STARTED station=91cb8f24-7fb8-4d2c-94f0-d4e87d58125f actor=90ccb740-ad0c-4333-a1c1-98b066d838e6 target=advancedrocketrycommunity:moon class=IN_SYSTEM cost=2000000 balance=2500000
[17:53:55] [Server thread/INFO] [minecraft/MinecraftServer]: [logoutOwner: Warp countdown started; station=91cb8f24-7fb8-4d2c-94f0-d4e87d58125f target=advancedrocketrycommunity:moon commit in 10 seconds; /arce station warp cancel stops it]
[17:53:55] [Server thread/INFO] [minecraft/GameTestServer]: [++++++++++++++++++++++++_                                                                                                                                                                                                                                                                         ]
[17:53:55] [Server thread/INFO] [minecraft/GameTestServer]: [++++++++++++++++++++++++_                                                                                                                                                                                                                                                                         ]
[17:53:55] [Server thread/INFO] [minecraft/GameTestServer]: [++++++++++++++++++++++++_                                                                                                                                                                                                                                                                         ]
[17:53:55] [Server thread/INFO] [minecraft/GameTestServer]: [++++++++++++++++++++++++_                                                                                                                                                                                                                                                                         ]
[17:53:55] [Server thread/INFO] [minecraft/GameTestServer]: [++++++++++++++++++++++++_                                                                                                                                                                                                                                                                         ]
[17:53:55] [Server thread/INFO] [minecraft/GameTestServer]: [++++++++++++++++++++++++_                                                                                                                                                                                                                                                                         ]
[17:53:55] [Server thread/INFO] [minecraft/GameTestServer]: [++++++++++++++++++++++++_                                                                                                                                                                                                                                                                         ]
[17:53:55] [Server thread/INFO] [minecraft/GameTestServer]: [++++++++++++++++++++++++_                                                                                                                                                                                                                                                                         ]
[17:53:55] [Server thread/INFO] [minecraft/GameTestServer]: [++++++++++++++++++++++++_                                                                                                                                                                                                                                                                         ]
[17:53:55] [Server thread/INFO] [minecraft/GameTestServer]: [++++++++++++++++++++++++_                                                                                                                                                                                                                                                                         ]
[17:53:55] [Server thread/INFO] [io.gi.su.ad.AdvancedRocketryCommunity/]: ARCE_STATION_WARP action=commit code=WARP_COMMITTED station=91cb8f24-7fb8-4d2c-94f0-d4e87d58125f actor=90ccb740-ad0c-4333-a1c1-98b066d838e6 from=advancedrocketrycommunity:earth to=advancedrocketrycommunity:moon class=IN_SYSTEM cost=2000000 balance=500000
[17:53:55] [Server thread/WARN] [io.gi.su.ad.AdvancedRocketryCommunity/]: ARCE_STATION_WARP_ENERGY_DROPPED station=91cb8f24-7fb8-4d2c-94f0-d4e87d58125f energy=500000
[17:53:55] [Server thread/INFO] [minecraft/GameTestBatchRunner]: Running test batch 'precision_migration_port_failure:1' (1 tests)...
[17:53:57] [Server thread/ERROR] [ne.mi.ev.EventBus/EVENTBUS]: Exception caught during firing event: Intentional one-shot Precision migration save failure
	Index: 2
	Listeners:
		0: NORMAL
		1: net.minecraftforge.eventbus.EventBus$$Lambda$4008/0x000000080162f180@1b58dc5c
		2: net.minecraftforge.eventbus.EventBus$$Lambda$4008/0x000000080162f180@44d33f1e
java.lang.IllegalStateException: Intentional one-shot Precision migration save failure
	at TRANSFORMER/advancedrocketrycommunity@1.20.1-1.6.0-dev/io.github.sunthemoon.advancedrocketrycommunity.gametest.PrecisionAssemblerMigrationSaveFailureGameTests$OneShotSaveFailure.accept(PrecisionAssemblerMigrationSaveFailureGameTests.java:226)
	at TRANSFORMER/advancedrocketrycommunity@1.20.1-1.6.0-dev/io.github.sunthemoon.advancedrocketrycommunity.gametest.PrecisionAssemblerMigrationSaveFailureGameTests$OneShotSaveFailure.accept(PrecisionAssemblerMigrationSaveFailureGameTests.java:192)
	at MC-BOOTSTRAP/net.minecraftforge.eventbus/net.minecraftforge.eventbus.EventBus.doCastFilter(EventBus.java:260)
	at MC-BOOTSTRAP/net.minecraftforge.eventbus/net.minecraftforge.eventbus.EventBus.lambda$addListener$11(EventBus.java:252)
	at MC-BOOTSTRAP/net.minecraftforge.eventbus/net.minecraftforge.eventbus.EventBus.post(EventBus.java:315)
	at MC-BOOTSTRAP/net.minecraftforge.eventbus/net.minecraftforge.eventbus.EventBus.post(EventBus.java:296)
	at TRANSFORMER/minecraft@1.20.1/net.minecraft.server.level.ChunkMap.save(ChunkMap.java:830)
	at java.base/java.util.stream.ReferencePipeline$2$1.accept(ReferencePipeline.java:178)
	at java.base/java.util.stream.ReferencePipeline$2$1.accept(ReferencePipeline.java:179)
	at java.base/java.util.stream.ReferencePipeline$3$1.accept(ReferencePipeline.java:197)
	at java.base/java.util.ArrayList$ArrayListSpliterator.forEachRemaining(ArrayList.java:1625)
	at java.base/java.util.stream.AbstractPipeline.copyInto(AbstractPipeline.java:509)
	at java.base/java.util.stream.AbstractPipeline.wrapAndCopyInto(AbstractPipeline.java:499)
	at java.base/java.util.stream.ForEachOps$ForEachOp.evaluateSequential(ForEachOps.java:150)
	at java.base/java.util.stream.ForEachOps$ForEachOp$OfRef.evaluateSequential(ForEachOps.java:173)
	at java.base/java.util.stream.AbstractPipeline.evaluate(AbstractPipeline.java:234)
	at java.base/java.util.stream.ReferencePipeline.forEach(ReferencePipeline.java:596)
	at TRANSFORMER/minecraft@1.20.1/net.minecraft.server.level.ChunkMap.saveAllChunks(ChunkMap.java:433)
	at TRANSFORMER/minecraft@1.20.1/net.minecraft.server.level.ServerChunkCache.save(ServerChunkCache.java:297)
	at TRANSFORMER/advancedrocketrycommunity@1.20.1-1.6.0-dev/io.github.sunthemoon.advancedrocketrycommunity.machine.precision.PrecisionAssemblerManager.flushMigrationBarrier(PrecisionAssemblerManager.java:423)
	at TRANSFORMER/advancedrocketrycommunity@1.20.1-1.6.0-dev/io.github.sunthemoon.advancedrocketrycommunity.machine.precision.PrecisionAssemblerManager.migrateLegacyItems(PrecisionAssemblerManager.java:364)
	at java.base/java.util.LinkedHashMap.forEach(LinkedHashMap.java:721)
	at TRANSFORMER/advancedrocketrycommunity@1.20.1-1.6.0-dev/io.github.sunthemoon.advancedrocketrycommunity.machine.precision.PrecisionAssemblerManager.processReady(PrecisionAssemblerManager.java:318)
	at TRANSFORMER/advancedrocketrycommunity@1.20.1-1.6.0-dev/io.github.sunthemoon.advancedrocketrycommunity.machine.precision.PrecisionAssemblerManager.tick(PrecisionAssemblerManager.java:125)
	at TRANSFORMER/advancedrocketrycommunity@1.20.1-1.6.0-dev/io.github.sunthemoon.advancedrocketrycommunity.gametest.PrecisionAssemblerMigrationSaveFailureGameTests.lambda$exerciseRetry$1(PrecisionAssemblerMigrationSaveFailureGameTests.java:109)
	at TRANSFORMER/minecraft@1.20.1/net.minecraft.gametest.framework.GameTestInfo.tickInternal(GameTestInfo.java:97)
	at TRANSFORMER/minecraft@1.20.1/net.minecraft.gametest.framework.GameTestInfo.tick(GameTestInfo.java:73)
	at java.base/java.util.concurrent.CopyOnWriteArrayList.forEach(CopyOnWriteArrayList.java:807)
	at TRANSFORMER/minecraft@1.20.1/net.minecraft.gametest.framework.GameTestTicker.tick(GameTestTicker.java:20)
	at TRANSFORMER/minecraft@1.20.1/net.minecraft.server.MinecraftServer.tickChildren(MinecraftServer.java:911)
	at TRANSFORMER/minecraft@1.20.1/net.minecraft.server.MinecraftServer.tickServer(MinecraftServer.java:814)
	at TRANSFORMER/minecraft@1.20.1/net.minecraft.gametest.framework.GameTestServer.tickServer(GameTestServer.java:119)
	at TRANSFORMER/minecraft@1.20.1/net.minecraft.server.MinecraftServer.runServer(MinecraftServer.java:661)
	at TRANSFORMER/minecraft@1.20.1/net.minecraft.server.MinecraftServer.lambda$spin$2(MinecraftServer.java:251)
	at java.base/java.lang.Thread.run(Thread.java:833)

[17:53:57] [Server thread/ERROR] [minecraft/ChunkMap]: Failed to save chunk 32017,32000
java.lang.IllegalStateException: Intentional one-shot Precision migration save failure
	at io.github.sunthemoon.advancedrocketrycommunity.gametest.PrecisionAssemblerMigrationSaveFailureGameTests$OneShotSaveFailure.accept(PrecisionAssemblerMigrationSaveFailureGameTests.java:226) ~[%23197!/:?] {re:classloading}
	at io.github.sunthemoon.advancedrocketrycommunity.gametest.PrecisionAssemblerMigrationSaveFailureGameTests$OneShotSaveFailure.accept(PrecisionAssemblerMigrationSaveFailureGameTests.java:192) ~[%23197!/:?] {re:classloading}
	at net.minecraftforge.eventbus.EventBus.doCastFilter(EventBus.java:260) ~[eventbus-6.0.5.jar%23114!/:?] {}
	at net.minecraftforge.eventbus.EventBus.lambda$addListener$11(EventBus.java:252) ~[eventbus-6.0.5.jar%23114!/:?] {}
	at net.minecraftforge.eventbus.EventBus.post(EventBus.java:315) ~[eventbus-6.0.5.jar%23114!/:?] {}
	at net.minecraftforge.eventbus.EventBus.post(EventBus.java:296) ~[eventbus-6.0.5.jar%23114!/:?] {}
	at net.minecraft.server.level.ChunkMap.save(ChunkMap.java:830) ~[forge-1.20.1-47.4.10_mapped_official_1.20.1.jar%23191!/:?] {re:classloading}
	at java.util.stream.ReferencePipeline$2$1.accept(ReferencePipeline.java:178) ~[?:?] {}
	at java.util.stream.ReferencePipeline$2$1.accept(ReferencePipeline.java:179) ~[?:?] {}
	at java.util.stream.ReferencePipeline$3$1.accept(ReferencePipeline.java:197) ~[?:?] {}
	at java.util.ArrayList$ArrayListSpliterator.forEachRemaining(ArrayList.java:1625) ~[?:?] {}
	at java.util.stream.AbstractPipeline.copyInto(AbstractPipeline.java:509) ~[?:?] {}
	at java.util.stream.AbstractPipeline.wrapAndCopyInto(AbstractPipeline.java:499) ~[?:?] {}
	at java.util.stream.ForEachOps$ForEachOp.evaluateSequential(ForEachOps.java:150) ~[?:?] {}
	at java.util.stream.ForEachOps$ForEachOp$OfRef.evaluateSequential(ForEachOps.java:173) ~[?:?] {}
	at java.util.stream.AbstractPipeline.evaluate(AbstractPipeline.java:234) ~[?:?] {}
	at java.util.stream.ReferencePipeline.forEach(ReferencePipeline.java:596) ~[?:?] {}
	at net.minecraft.server.level.ChunkMap.saveAllChunks(ChunkMap.java:433) ~[forge-1.20.1-47.4.10_mapped_official_1.20.1.jar%23191!/:?] {re:classloading}
	at net.minecraft.server.level.ServerChunkCache.save(ServerChunkCache.java:297) ~[forge-1.20.1-47.4.10_mapped_official_1.20.1.jar%23191!/:?] {re:classloading,pl:accesstransformer:B}
	at io.github.sunthemoon.advancedrocketrycommunity.machine.precision.PrecisionAssemblerManager.flushMigrationBarrier(PrecisionAssemblerManager.java:423) ~[%23197!/:?] {re:classloading}
	at io.github.sunthemoon.advancedrocketrycommunity.machine.precision.PrecisionAssemblerManager.migrateLegacyItems(PrecisionAssemblerManager.java:364) ~[%23197!/:?] {re:classloading}
	at java.util.LinkedHashMap.forEach(LinkedHashMap.java:721) ~[?:?] {}
	at io.github.sunthemoon.advancedrocketrycommunity.machine.precision.PrecisionAssemblerManager.processReady(PrecisionAssemblerManager.java:318) ~[%23197!/:?] {re:classloading}
	at io.github.sunthemoon.advancedrocketrycommunity.machine.precision.PrecisionAssemblerManager.tick(PrecisionAssemblerManager.java:125) ~[%23197!/:?] {re:classloading}
	at io.github.sunthemoon.advancedrocketrycommunity.gametest.PrecisionAssemblerMigrationSaveFailureGameTests.lambda$exerciseRetry$1(PrecisionAssemblerMigrationSaveFailureGameTests.java:109) ~[%23197!/:?] {re:classloading}
	at net.minecraft.gametest.framework.GameTestInfo.tickInternal(GameTestInfo.java:97) ~[forge-1.20.1-47.4.10_mapped_official_1.20.1.jar%23191!/:?] {re:classloading}
	at net.minecraft.gametest.framework.GameTestInfo.tick(GameTestInfo.java:73) ~[forge-1.20.1-47.4.10_mapped_official_1.20.1.jar%23191!/:?] {re:classloading}
	at java.util.concurrent.CopyOnWriteArrayList.forEach(CopyOnWriteArrayList.java:807) ~[?:?] {}
	at net.minecraft.gametest.framework.GameTestTicker.tick(GameTestTicker.java:20) ~[forge-1.20.1-47.4.10_mapped_official_1.20.1.jar%23191!/:?] {re:classloading}
	at net.minecraft.server.MinecraftServer.tickChildren(MinecraftServer.java:911) ~[forge-1.20.1-47.4.10_mapped_official_1.20.1.jar%23191!/:?] {re:classloading,pl:accesstransformer:B}
	at net.minecraft.server.MinecraftServer.tickServer(MinecraftServer.java:814) ~[forge-1.20.1-47.4.10_mapped_official_1.20.1.jar%23191!/:?] {re:classloading,pl:accesstransformer:B}
	at net.minecraft.gametest.framework.GameTestServer.tickServer(GameTestServer.java:119) ~[forge-1.20.1-47.4.10_mapped_official_1.20.1.jar%23191!/:?] {re:classloading,pl:accesstransformer:B}
	at net.minecraft.server.MinecraftServer.runServer(MinecraftServer.java:661) ~[forge-1.20.1-47.4.10_mapped_official_1.20.1.jar%23191!/:?] {re:classloading,pl:accesstransformer:B}
	at net.minecraft.server.MinecraftServer.lambda$spin$2(MinecraftServer.java:251) ~[forge-1.20.1-47.4.10_mapped_official_1.20.1.jar%23191!/:?] {re:classloading,pl:accesstransformer:B}
	at java.lang.Thread.run(Thread.java:833) ~[?:?] {}
[17:53:57] [Server thread/ERROR] [io.gi.su.ad.AdvancedRocketryCommunity/]: Precision Assembler migration port marker roots are not confirmed on disk at BlockPos{x=512271, y=36, z=512015} in minecraft:overworld: BlockPos{x=512272, y=36, z=512015}: arce_precision_port_migration differs (expected hash=1572141886, saved hash=0)
[17:53:57] [Server thread/INFO] [minecraft/GameTestBatchRunner]: Running test batch 'planetary_admission:1' (3 tests)...
[17:53:57] [Server thread/INFO] [io.gi.su.ad.AdvancedRocketryCommunity/]: ARCE_EARTH_RETURN_FIXTURE installed x=0 y=63 z=0 blocks=25
[17:53:58] [Server thread/INFO] [minecraft/GameTestServer]: [++++++++++++++++++++++++++                                                                                                                                                                                                                                                                        ]
[17:53:58] [Server thread/INFO] [io.gi.su.ad.AdvancedRocketryCommunity/]: ARCE_FLIGHT_INTENT request=616f6818-2c85-4cdc-ac41-11e69f8b743c player=fc7c3e7d-b045-4c91-9be5-9fdaccb67a97 rocket=8edf7fbc-2c48-4d44-8b07-3e2c7cc05971 action=LAUNCH destination=advancedrocketrycommunity:body_surface station=null code=INVALID_DESTINATION required_fuel=0
[17:53:58] [Server thread/INFO] [io.gi.su.ad.AdvancedRocketryCommunity/]: ARCE_FLIGHT_INTENT request=ae0cc645-eb67-4ed9-9bac-1f99e748a94b player=fc7c3e7d-b045-4c91-9be5-9fdaccb67a97 rocket=8edf7fbc-2c48-4d44-8b07-3e2c7cc05971 action=LAUNCH destination=advancedrocketrycommunity:station station=239adc32-eba9-4fe6-9a67-ff61d16c85da code=INVALID_DESTINATION required_fuel=0
[17:53:58] [Server thread/INFO] [io.gi.su.ad.AdvancedRocketryCommunity/]: ARCE_ROCKET_ENTITY_REMOVED entity=8edf7fbc-2c48-4d44-8b07-3e2c7cc05971 reason=DISCARDED operational=true
[17:53:58] [Server thread/INFO] [io.gi.su.ad.AdvancedRocketryCommunity/]: ARCE_TRANSFER_PREPARE transfer=39b47cae-da14-4105-8f34-4f74a21bf047 logical=b379bafd-1b0e-4c72-9831-89df302cff7c source=minecraft:overworld destination=advancedrocketrycommunity:moon code=SUCCESS candidates=1 chunks=1 detail=selected
[17:53:58] [Server thread/INFO] [io.gi.su.ad.AdvancedRocketryCommunity/]: ARCE_FLIGHT_INTENT request=39b47cae-da14-4105-8f34-4f74a21bf047 player=3fcb169a-12bc-4cc1-ae01-72f9845b6de5 rocket=91bbeb8f-b1f9-4fb1-8808-e66e83742208 action=LAUNCH destination=advancedrocketrycommunity:body_surface station=null code=SUCCESS required_fuel=367
[17:53:58] [Server thread/INFO] [io.gi.su.ad.AdvancedRocketryCommunity/]: ARCE_TRANSFER_RETURNED_TO_SOURCE transfer=39b47cae-da14-4105-8f34-4f74a21bf047 logical=b379bafd-1b0e-4c72-9831-89df302cff7c reason=countdown_cancelled fuel=1000
[17:53:58] [Server thread/INFO] [io.gi.su.ad.AdvancedRocketryCommunity/]: ARCE_FLIGHT_INTENT request=8884093f-96a3-41f4-a797-9b5ea6e06d85 player=3fcb169a-12bc-4cc1-ae01-72f9845b6de5 rocket=91bbeb8f-b1f9-4fb1-8808-e66e83742208 action=CANCEL destination=advancedrocketrycommunity:body_surface station=null code=SUCCESS required_fuel=367
[17:53:58] [Server thread/INFO] [io.gi.su.ad.AdvancedRocketryCommunity/]: ARCE_ROCKET_ENTITY_REMOVED entity=91bbeb8f-b1f9-4fb1-8808-e66e83742208 reason=DISCARDED operational=true
[17:53:58] [Server thread/INFO] [io.gi.su.ad.AdvancedRocketryCommunity/]: ARCE_ROCKET_ENTITY_REMOVED entity=94a3dd2d-a9be-4631-8f1d-b28d96953bf3 reason=DISCARDED operational=true
[17:53:58] [Server thread/INFO] [minecraft/GameTestServer]: [++++++++++++++++++++++++++++_                                                                                                                                                                                                                                                                     ]
[17:53:58] [Server thread/INFO] [io.gi.su.ad.AdvancedRocketryCommunity/]: ARCE_ROCKET_ENTITY_ACTIVE entity=4d2c4410-32a6-448d-9138-246c273e5129 operational=true snapshot=e0fa950a852bdc6a3c8d5ce419edd22e2393fa017807761eb9c0cac306af16a7 flight_state=FUELED fuel=1000
[17:53:58] [Server thread/INFO] [io.gi.su.ad.AdvancedRocketryCommunity/]: ARCE_FLIGHT_INTENT request=f72f3448-73bd-40f3-9795-b36c3fc65a1e player=e5502c16-1fce-46a3-830c-b80b2c089ba7 rocket=4d2c4410-32a6-448d-9138-246c273e5129 action=LAUNCH destination=advancedrocketrycommunity:body_surface station=null code=UNAUTHORIZED required_fuel=0
[17:53:58] [Server thread/INFO] [io.gi.su.ad.AdvancedRocketryCommunity/]: ARCE_TRANSFER_PREPARE transfer=4bf3965e-5b83-4f65-988a-57a74134f0b0 logical=9643e3a4-9a23-4690-8af4-70e36439b238 source=advancedrocketrycommunity:space destination=minecraft:overworld code=SUCCESS candidates=1 chunks=1 detail=selected
[17:53:58] [Server thread/INFO] [io.gi.su.ad.AdvancedRocketryCommunity/]: ARCE_FLIGHT_INTENT request=4bf3965e-5b83-4f65-988a-57a74134f0b0 player=e5502c16-1fce-46a3-830c-b80b2c089ba7 rocket=4d2c4410-32a6-448d-9138-246c273e5129 action=LAUNCH destination=advancedrocketrycommunity:body_surface station=null code=SUCCESS required_fuel=325
[17:53:58] [Server thread/INFO] [io.gi.su.ad.AdvancedRocketryCommunity/]: ARCE_TRANSFER_RETURNED_TO_SOURCE transfer=4bf3965e-5b83-4f65-988a-57a74134f0b0 logical=9643e3a4-9a23-4690-8af4-70e36439b238 reason=countdown_cancelled fuel=1000
[17:53:58] [Server thread/INFO] [io.gi.su.ad.AdvancedRocketryCommunity/]: ARCE_FLIGHT_INTENT request=d7d2f9d7-1633-4de0-9daf-01457de1fe4d player=e5502c16-1fce-46a3-830c-b80b2c089ba7 rocket=4d2c4410-32a6-448d-9138-246c273e5129 action=CANCEL destination=advancedrocketrycommunity:body_surface station=null code=SUCCESS required_fuel=325
[17:53:58] [Server thread/INFO] [io.gi.su.ad.AdvancedRocketryCommunity/]: ARCE_ROCKET_ENTITY_REMOVED entity=4d2c4410-32a6-448d-9138-246c273e5129 reason=DISCARDED operational=true
[17:53:58] [Server thread/INFO] [io.gi.su.ad.AdvancedRocketryCommunity/]: ARCE_EARTH_RETURN_FIXTURE restored blocks=25
[17:53:58] [Server thread/INFO] [minecraft/GameTestBatchRunner]: Running test batch 'station_permission_matrix:1' (1 tests)...
[17:53:58] [Server thread/INFO] [io.gi.su.ad.AdvancedRocketryCommunity/]: ARCE_STATION_TRANSACTION action=creation_committed station=e8422521-9b0e-4f71-92ff-38e5d900fd22 owner=ca224578-1583-40ab-babf-7352a2e495a0 cell=0,0 region=-256,-256,255,255 inspected=289 changed=289 chunks=4 detail=generated
[17:53:58] [Server thread/INFO] [io.gi.su.ad.AdvancedRocketryCommunity/]: ARCE_STATION_TRANSACTION action=creation_committed station=b8ed3e29-d9ba-4952-999f-59db08a5c3d2 owner=12b0ad7a-a48e-45ac-a5f2-1311110be6ac cell=1,0 region=768,-256,1279,255 inspected=289 changed=289 chunks=4 detail=generated
[17:53:58] [Server thread/INFO] [minecraft/PlayerList]: mxStaleOwner[embedded] logged in with entity id 443 at (0.5, 60.0, 0.5)
[17:53:58] [Server thread/INFO] [io.gi.su.ad.AdvancedRocketryCommunity/]: Sent 1496-byte celestial snapshot generation 1 to 1 player(s)
[17:53:58] [Server thread/INFO] [minecraft/MinecraftServer]: mxStaleOwner joined the game
[17:53:58] [Server thread/INFO] [minecraft/PlayerList]: mx0OWNER[embedded] logged in with entity id 444 at (2.5, 128.0, 0.5)
[17:53:58] [Server thread/INFO] [io.gi.su.ad.AdvancedRocketryCommunity/]: Sent 1496-byte celestial snapshot generation 1 to 1 player(s)
[17:53:58] [Server thread/INFO] [minecraft/MinecraftServer]: mx0OWNER joined the game
[17:53:58] [Server thread/INFO] [minecraft/PlayerList]: mx1MEMBER[embedded] logged in with entity id 445 at (0.5, 60.0, 0.5)
[17:53:58] [Server thread/INFO] [io.gi.su.ad.AdvancedRocketryCommunity/]: Sent 1496-byte celestial snapshot generation 1 to 1 player(s)
[17:53:58] [Server thread/INFO] [minecraft/MinecraftServer]: mx1MEMBER joined the game
[17:53:58] [Server thread/INFO] [minecraft/PlayerList]: mx2INVITEE[embedded] logged in with entity id 446 at (0.5, 60.0, 0.5)
[17:53:58] [Server thread/INFO] [io.gi.su.ad.AdvancedRocketryCommunity/]: Sent 1496-byte celestial snapshot generation 1 to 1 player(s)
[17:53:58] [Server thread/INFO] [minecraft/MinecraftServer]: mx2INVITEE joined the game
[17:53:58] [Server thread/INFO] [minecraft/PlayerList]: mx3OUTSIDER[embedded] logged in with entity id 447 at (0.5, 60.0, 0.5)
[17:53:58] [Server thread/INFO] [io.gi.su.ad.AdvancedRocketryCommunity/]: Sent 1496-byte celestial snapshot generation 1 to 1 player(s)
[17:53:58] [Server thread/INFO] [minecraft/MinecraftServer]: mx3OUTSIDER joined the game
[17:53:58] [Server thread/INFO] [minecraft/PlayerList]: mx4OPERATOR[embedded] logged in with entity id 448 at (0.5, 60.0, 0.5)
[17:53:58] [Server thread/INFO] [io.gi.su.ad.AdvancedRocketryCommunity/]: Sent 1496-byte celestial snapshot generation 1 to 1 player(s)
[17:53:58] [Server thread/INFO] [minecraft/MinecraftServer]: mx4OPERATOR joined the game
[17:53:58] [Server thread/INFO] [minecraft/PlayerList]: mx6OTHER_ST[embedded] logged in with entity id 449 at (0.5, 60.0, 0.5)
[17:53:58] [Server thread/INFO] [io.gi.su.ad.AdvancedRocketryCommunity/]: Sent 1496-byte celestial snapshot generation 1 to 1 player(s)
[17:53:58] [Server thread/INFO] [minecraft/MinecraftServer]: mx6OTHER_ST joined the game
[17:53:58] [Server thread/INFO] [minecraft/PlayerList]: mx7REMOVED_[embedded] logged in with entity id 450 at (0.5, 60.0, 0.5)
[17:53:58] [Server thread/INFO] [io.gi.su.ad.AdvancedRocketryCommunity/]: Sent 1496-byte celestial snapshot generation 1 to 1 player(s)
[17:53:58] [Server thread/INFO] [minecraft/MinecraftServer]: mx7REMOVED_ joined the game
[17:53:58] [Server thread/INFO] [minecraft/PlayerList]: mx8PREVIOUS[embedded] logged in with entity id 451 at (0.5, 60.0, 0.5)
[17:53:58] [Server thread/INFO] [io.gi.su.ad.AdvancedRocketryCommunity/]: Sent 1496-byte celestial snapshot generation 1 to 1 player(s)
[17:53:58] [Server thread/INFO] [minecraft/MinecraftServer]: mx8PREVIOUS joined the game
[17:53:58] [Server thread/INFO] [minecraft/PlayerList]: mx9DEOPPED_[embedded] logged in with entity id 452 at (0.5, 60.0, 0.5)
[17:53:58] [Server thread/INFO] [io.gi.su.ad.AdvancedRocketryCommunity/]: Sent 1496-byte celestial snapshot generation 1 to 1 player(s)
[17:53:58] [Server thread/INFO] [minecraft/MinecraftServer]: mx9DEOPPED_ joined the game
[17:53:58] [Server thread/INFO] [minecraft/PlayerList]: mxCandidate[embedded] logged in with entity id 453 at (0.5, 60.0, 0.5)
[17:53:58] [Server thread/INFO] [io.gi.su.ad.AdvancedRocketryCommunity/]: Sent 1496-byte celestial snapshot generation 1 to 1 player(s)
[17:53:58] [Server thread/INFO] [minecraft/MinecraftServer]: mxCandidate joined the game
[17:53:58] [Server thread/INFO] [minecraft/PlayerList]: mxVictim[embedded] logged in with entity id 454 at (0.5, 60.0, 0.5)
[17:53:58] [Server thread/INFO] [io.gi.su.ad.AdvancedRocketryCommunity/]: Sent 1496-byte celestial snapshot generation 1 to 1 player(s)
[17:53:58] [Server thread/INFO] [minecraft/MinecraftServer]: mxVictim joined the game
[17:53:59] [Server thread/INFO] [minecraft/PlayerList]: mxOpOutside[embedded] logged in with entity id 455 at (0.5, 60.0, 0.5)
[17:53:59] [Server thread/INFO] [io.gi.su.ad.AdvancedRocketryCommunity/]: Sent 1496-byte celestial snapshot generation 1 to 1 player(s)
[17:53:59] [Server thread/INFO] [minecraft/MinecraftServer]: mxOpOutside joined the game
[17:53:59] [Server thread/INFO] [minecraft/GameTestServer]: [+++++++++++++++++++++++++++++_                                                                                                                                                                                                                                                                    ]
[17:53:59] [Server thread/INFO] [minecraft/GameTestServer]: [+++++++++++++++++++++++++++++_                                                                                                                                                                                                                                                                    ]
[17:53:59] [Server thread/INFO] [minecraft/GameTestServer]: [+++++++++++++++++++++++++++++_                                                                                                                                                                                                                                                                    ]
[17:53:59] [Server thread/INFO] [minecraft/GameTestServer]: [+++++++++++++++++++++++++++++_                                                                                                                                                                                                                                                                    ]
[17:53:59] [Server thread/INFO] [minecraft/GameTestServer]: [+++++++++++++++++++++++++++++_                                                                                                                                                                                                                                                                    ]
[17:53:59] [Server thread/INFO] [minecraft/GameTestServer]: [+++++++++++++++++++++++++++++_                                                                                                                                                                                                                                                                    ]
[17:54:00] [Server thread/INFO] [minecraft/GameTestServer]: [+++++++++++++++++++++++++++++_                                                                                                                                                                                                                                                                    ]
[17:54:00] [Server thread/INFO] [io.gi.su.ad.AdvancedRocketryCommunity/]: ARCE_STATION_EXPANSION action=confirm code=NO_CONFIRMATION station=null actor=b915a449-6711-4691-bd11-45472bbb598e width=null gravity_milli=null
[17:54:00] [Server thread/INFO] [io.gi.su.ad.AdvancedRocketryCommunity/]: ARCE_STATION_PERMISSION_MATRIX table=1 action=EXPAND_CONFIRM actor=OWNER precondition="no confirmation pending" expected=NO_CONFIRMATION actual=NO_CONFIRMATION result=PASS registry_changed=no chunk_delta=none
[17:54:00] [Server thread/INFO] [io.gi.su.ad.AdvancedRocketryCommunity/]: ARCE_STATION_EXPANSION action=confirm code=UNAUTHORIZED station=e8422521-9b0e-4f71-92ff-38e5d900fd22 actor=e90d3883-ad9e-4bc9-976a-658c21cd436c width=512 gravity_milli=0
[17:54:00] [Server thread/INFO] [io.gi.su.ad.AdvancedRocketryCommunity/]: ARCE_STATION_PERMISSION_MATRIX table=1 action=EXPAND_CONFIRM actor=MEMBER precondition="no confirmation pending" expected=UNAUTHORIZED actual=UNAUTHORIZED result=PASS registry_changed=no chunk_delta=none
[17:54:00] [Server thread/INFO] [io.gi.su.ad.AdvancedRocketryCommunity/]: ARCE_STATION_EXPANSION action=confirm code=UNAUTHORIZED station=e8422521-9b0e-4f71-92ff-38e5d900fd22 actor=8ba5a390-f003-40ff-8916-028dd4a90623 width=512 gravity_milli=0
[17:54:00] [Server thread/INFO] [io.gi.su.ad.AdvancedRocketryCommunity/]: ARCE_STATION_PERMISSION_MATRIX table=1 action=EXPAND_CONFIRM actor=INVITEE precondition="no confirmation pending" expected=UNAUTHORIZED actual=UNAUTHORIZED result=PASS registry_changed=no chunk_delta=none
[17:54:00] [Server thread/INFO] [io.gi.su.ad.AdvancedRocketryCommunity/]: ARCE_STATION_EXPANSION action=confirm code=UNAUTHORIZED station=e8422521-9b0e-4f71-92ff-38e5d900fd22 actor=efe17167-1fe6-4be4-a283-a36df8bf982a width=512 gravity_milli=0
[17:54:00] [Server thread/INFO] [io.gi.su.ad.AdvancedRocketryCommunity/]: ARCE_STATION_PERMISSION_MATRIX table=1 action=EXPAND_CONFIRM actor=OUTSIDER precondition="no confirmation pending" expected=UNAUTHORIZED actual=UNAUTHORIZED result=PASS registry_changed=no chunk_delta=none
[17:54:00] [Server thread/INFO] [io.gi.su.ad.AdvancedRocketryCommunity/]: ARCE_STATION_EXPANSION action=confirm code=NO_CONFIRMATION station=null actor=e5b44b99-915b-4f26-9b99-562ec6588071 width=null gravity_milli=null
[17:54:00] [Server thread/INFO] [io.gi.su.ad.AdvancedRocketryCommunity/]: ARCE_STATION_PERMISSION_MATRIX table=1 action=EXPAND_CONFIRM actor=OPERATOR precondition="no confirmation pending" expected=NO_CONFIRMATION actual=NO_CONFIRMATION result=PASS registry_changed=no chunk_delta=none
[17:54:00] [Server thread/INFO] [io.gi.su.ad.AdvancedRocketryCommunity/]: ARCE_STATION_EXPANSION action=confirm code=NOT_IN_STATION station=null actor=231a977d-3f0b-47a7-b8a8-79ed11090e7d width=null gravity_milli=null
[17:54:00] [Server thread/INFO] [io.gi.su.ad.AdvancedRocketryCommunity/]: ARCE_STATION_PERMISSION_MATRIX table=1 action=EXPAND_CONFIRM actor=OPERATOR_OUTSIDE precondition="no confirmation pending" expected=NOT_IN_STATION actual=NOT_IN_STATION result=PASS registry_changed=no chunk_delta=none
[17:54:00] [Server thread/INFO] [io.gi.su.ad.AdvancedRocketryCommunity/]: ARCE_STATION_EXPANSION action=confirm code=UNAUTHORIZED station=e8422521-9b0e-4f71-92ff-38e5d900fd22 actor=12b0ad7a-a48e-45ac-a5f2-1311110be6ac width=512 gravity_milli=0
[17:54:00] [Server thread/INFO] [io.gi.su.ad.AdvancedRocketryCommunity/]: ARCE_STATION_PERMISSION_MATRIX table=1 action=EXPAND_CONFIRM actor=OTHER_STATION_OWNER precondition="no confirmation pending" expected=UNAUTHORIZED actual=UNAUTHORIZED result=PASS registry_changed=no chunk_delta=none
[17:54:00] [Server thread/INFO] [io.gi.su.ad.AdvancedRocketryCommunity/]: ARCE_STATION_EXPANSION action=confirm code=UNAUTHORIZED station=e8422521-9b0e-4f71-92ff-38e5d900fd22 actor=f472b8e4-42d9-4171-97e0-b41ad6269aed width=512 gravity_milli=0
[17:54:00] [Server thread/INFO] [io.gi.su.ad.AdvancedRocketryCommunity/]: ARCE_STATION_PERMISSION_MATRIX table=1 action=EXPAND_CONFIRM actor=REMOVED_MEMBER precondition="no confirmation pending" expected=UNAUTHORIZED actual=UNAUTHORIZED result=PASS registry_changed=no chunk_delta=none
[17:54:00] [Server thread/INFO] [io.gi.su.ad.AdvancedRocketryCommunity/]: ARCE_STATION_EXPANSION action=confirm code=UNAUTHORIZED station=e8422521-9b0e-4f71-92ff-38e5d900fd22 actor=ca224578-1583-40ab-babf-7352a2e495a0 width=512 gravity_milli=0
[17:54:00] [Server thread/INFO] [io.gi.su.ad.AdvancedRocketryCommunity/]: ARCE_STATION_PERMISSION_MATRIX table=1 action=EXPAND_CONFIRM actor=PREVIOUS_OWNER precondition="no confirmation pending" expected=UNAUTHORIZED actual=UNAUTHORIZED result=PASS registry_changed=no chunk_delta=none
[17:54:00] [Server thread/INFO] [io.gi.su.ad.AdvancedRocketryCommunity/]: ARCE_STATION_EXPANSION action=confirm code=UNAUTHORIZED station=e8422521-9b0e-4f71-92ff-38e5d900fd22 actor=a6b86ce3-2833-410b-b3e8-feb0d95bb94f width=512 gravity_milli=0
[17:54:00] [Server thread/INFO] [io.gi.su.ad.AdvancedRocketryCommunity/]: ARCE_STATION_PERMISSION_MATRIX table=1 action=EXPAND_CONFIRM actor=DEOPPED_OPERATOR precondition="no confirmation pending" expected=UNAUTHORIZED actual=UNAUTHORIZED result=PASS registry_changed=no chunk_delta=none
[17:54:00] [Server thread/INFO] [io.gi.su.ad.AdvancedRocketryCommunity/]: ARCE_STATION_PERMISSION_MATRIX table=1 action=EXPAND_CONFIRM actor=CONSOLE precondition="no confirmation pending" expected=NOT_PLAYER actual=NOT_PLAYER result=PASS registry_changed=no chunk_delta=none
[17:54:00] [Server thread/INFO] [io.gi.su.ad.AdvancedRocketryCommunity/]: ARCE_STATION_EXPANSION action=confirm code=NOT_LOCAL_PLAYER station=null actor=b915a449-6711-4691-bd11-45472bbb598e width=null gravity_milli=null
[17:54:00] [Server thread/INFO] [io.gi.su.ad.AdvancedRocketryCommunity/]: ARCE_STATION_PERMISSION_MATRIX table=1 action=EXPAND_CONFIRM actor=EXECUTE_AS_OWNER precondition="no confirmation pending" expected=NOT_LOCAL_PLAYER actual=NOT_LOCAL_PLAYER result=PASS registry_changed=no chunk_delta=none
[17:54:00] [Server thread/INFO] [io.gi.su.ad.AdvancedRocketryCommunity/]: ARCE_STATION_EXPANSION action=confirm code=NOT_LOCAL_PLAYER station=null actor=b915a449-6711-4691-bd11-45472bbb598e width=null gravity_milli=null
[17:54:00] [Server thread/INFO] [io.gi.su.ad.AdvancedRocketryCommunity/]: ARCE_STATION_PERMISSION_MATRIX table=1 action=EXPAND_CONFIRM actor=SILENT_OWNER precondition="no confirmation pending" expected=NOT_LOCAL_PLAYER actual=NOT_LOCAL_PLAYER result=PASS registry_changed=no chunk_delta=none
[17:54:00] [Server thread/INFO] [io.gi.su.ad.AdvancedRocketryCommunity/]: ARCE_STATION_EXPANSION action=confirm code=NOT_LOCAL_PLAYER station=null actor=b915a449-6711-4691-bd11-45472bbb598e width=null gravity_milli=null
[17:54:00] [Server thread/INFO] [io.gi.su.ad.AdvancedRocketryCommunity/]: ARCE_STATION_PERMISSION_MATRIX table=1 action=EXPAND_CONFIRM actor=FAKE_PLAYER_OWNER precondition="no confirmation pending" expected=NOT_LOCAL_PLAYER actual=NOT_LOCAL_PLAYER result=PASS registry_changed=no chunk_delta=none
[17:54:00] [Server thread/INFO] [io.gi.su.ad.AdvancedRocketryCommunity/]: ARCE_STATION_EXPANSION action=confirm code=NOT_LOCAL_PLAYER station=null actor=b915a449-6711-4691-bd11-45472bbb598e width=null gravity_milli=null
[17:54:00] [Server thread/INFO] [io.gi.su.ad.AdvancedRocketryCommunity/]: ARCE_STATION_PERMISSION_MATRIX table=1 action=EXPAND_CONFIRM actor=STALE_OWNER precondition="no confirmation pending" expected=NOT_LOCAL_PLAYER actual=NOT_LOCAL_PLAYER result=PASS registry_changed=no chunk_delta=none
[17:54:00] [Server thread/INFO] [io.gi.su.ad.AdvancedRocketryCommunity/]: ARCE_STATION_EXPANSION action=request code=ISSUED station=e8422521-9b0e-4f71-92ff-38e5d900fd22 actor=b915a449-6711-4691-bd11-45472bbb598e width=512 gravity_milli=0
[17:54:00] [Server thread/INFO] [io.gi.su.ad.AdvancedRocketryCommunity/]: ARCE_STATION_PERMISSION_MATRIX table=1 action=EXPAND actor=OWNER precondition="station not expanded" expected=ISSUED actual=ISSUED result=PASS registry_changed=no chunk_delta=none
[17:54:00] [Server thread/INFO] [io.gi.su.ad.AdvancedRocketryCommunity/]: ARCE_STATION_EXPANSION action=request code=UNAUTHORIZED station=e8422521-9b0e-4f71-92ff-38e5d900fd22 actor=e90d3883-ad9e-4bc9-976a-658c21cd436c width=512 gravity_milli=0
[17:54:00] [Server thread/INFO] [io.gi.su.ad.AdvancedRocketryCommunity/]: ARCE_STATION_PERMISSION_MATRIX table=1 action=EXPAND actor=MEMBER precondition="station not expanded" expected=UNAUTHORIZED actual=UNAUTHORIZED result=PASS registry_changed=no chunk_delta=none
[17:54:00] [Server thread/INFO] [io.gi.su.ad.AdvancedRocketryCommunity/]: ARCE_STATION_EXPANSION action=request code=UNAUTHORIZED station=e8422521-9b0e-4f71-92ff-38e5d900fd22 actor=8ba5a390-f003-40ff-8916-028dd4a90623 width=512 gravity_milli=0
[17:54:00] [Server thread/INFO] [io.gi.su.ad.AdvancedRocketryCommunity/]: ARCE_STATION_PERMISSION_MATRIX table=1 action=EXPAND actor=INVITEE precondition="station not expanded" expected=UNAUTHORIZED actual=UNAUTHORIZED result=PASS registry_changed=no chunk_delta=none
[17:54:00] [Server thread/INFO] [io.gi.su.ad.AdvancedRocketryCommunity/]: ARCE_STATION_EXPANSION action=request code=UNAUTHORIZED station=e8422521-9b0e-4f71-92ff-38e5d900fd22 actor=efe17167-1fe6-4be4-a283-a36df8bf982a width=512 gravity_milli=0
[17:54:00] [Server thread/INFO] [io.gi.su.ad.AdvancedRocketryCommunity/]: ARCE_STATION_PERMISSION_MATRIX table=1 action=EXPAND actor=OUTSIDER precondition="station not expanded" expected=UNAUTHORIZED actual=UNAUTHORIZED result=PASS registry_changed=no chunk_delta=none
[17:54:00] [Server thread/INFO] [io.gi.su.ad.AdvancedRocketryCommunity/]: ARCE_STATION_EXPANSION action=request code=ISSUED station=e8422521-9b0e-4f71-92ff-38e5d900fd22 actor=e5b44b99-915b-4f26-9b99-562ec6588071 width=512 gravity_milli=0
[17:54:00] [Server thread/INFO] [io.gi.su.ad.AdvancedRocketryCommunity/]: ARCE_STATION_PERMISSION_MATRIX table=1 action=EXPAND actor=OPERATOR precondition="station not expanded" expected=ISSUED actual=ISSUED result=PASS registry_changed=no chunk_delta=none
[17:54:00] [Server thread/INFO] [io.gi.su.ad.AdvancedRocketryCommunity/]: ARCE_STATION_EXPANSION action=request code=NOT_IN_STATION station=null actor=231a977d-3f0b-47a7-b8a8-79ed11090e7d width=null gravity_milli=null
[17:54:00] [Server thread/INFO] [io.gi.su.ad.AdvancedRocketryCommunity/]: ARCE_STATION_PERMISSION_MATRIX table=1 action=EXPAND actor=OPERATOR_OUTSIDE precondition="station not expanded" expected=NOT_IN_STATION actual=NOT_IN_STATION result=PASS registry_changed=no chunk_delta=none
[17:54:00] [Server thread/INFO] [io.gi.su.ad.AdvancedRocketryCommunity/]: ARCE_STATION_EXPANSION action=request code=UNAUTHORIZED station=e8422521-9b0e-4f71-92ff-38e5d900fd22 actor=12b0ad7a-a48e-45ac-a5f2-1311110be6ac width=512 gravity_milli=0
[17:54:00] [Server thread/INFO] [io.gi.su.ad.AdvancedRocketryCommunity/]: ARCE_STATION_PERMISSION_MATRIX table=1 action=EXPAND actor=OTHER_STATION_OWNER precondition="station not expanded" expected=UNAUTHORIZED actual=UNAUTHORIZED result=PASS registry_changed=no chunk_delta=none
[17:54:00] [Server thread/INFO] [io.gi.su.ad.AdvancedRocketryCommunity/]: ARCE_STATION_EXPANSION action=request code=UNAUTHORIZED station=e8422521-9b0e-4f71-92ff-38e5d900fd22 actor=f472b8e4-42d9-4171-97e0-b41ad6269aed width=512 gravity_milli=0
[17:54:00] [Server thread/INFO] [io.gi.su.ad.AdvancedRocketryCommunity/]: ARCE_STATION_PERMISSION_MATRIX table=1 action=EXPAND actor=REMOVED_MEMBER precondition="station not expanded" expected=UNAUTHORIZED actual=UNAUTHORIZED result=PASS registry_changed=no chunk_delta=none
[17:54:00] [Server thread/INFO] [io.gi.su.ad.AdvancedRocketryCommunity/]: ARCE_STATION_EXPANSION action=request code=UNAUTHORIZED station=e8422521-9b0e-4f71-92ff-38e5d900fd22 actor=ca224578-1583-40ab-babf-7352a2e495a0 width=512 gravity_milli=0
[17:54:00] [Server thread/INFO] [io.gi.su.ad.AdvancedRocketryCommunity/]: ARCE_STATION_PERMISSION_MATRIX table=1 action=EXPAND actor=PREVIOUS_OWNER precondition="station not expanded" expected=UNAUTHORIZED actual=UNAUTHORIZED result=PASS registry_changed=no chunk_delta=none
[17:54:00] [Server thread/INFO] [io.gi.su.ad.AdvancedRocketryCommunity/]: ARCE_STATION_EXPANSION action=request code=UNAUTHORIZED station=e8422521-9b0e-4f71-92ff-38e5d900fd22 actor=a6b86ce3-2833-410b-b3e8-feb0d95bb94f width=512 gravity_milli=0
[17:54:00] [Server thread/INFO] [io.gi.su.ad.AdvancedRocketryCommunity/]: ARCE_STATION_PERMISSION_MATRIX table=1 action=EXPAND actor=DEOPPED_OPERATOR precondition="station not expanded" expected=UNAUTHORIZED actual=UNAUTHORIZED result=PASS registry_changed=no chunk_delta=none
[17:54:00] [Server thread/INFO] [io.gi.su.ad.AdvancedRocketryCommunity/]: ARCE_STATION_PERMISSION_MATRIX table=1 action=EXPAND actor=CONSOLE precondition="station not expanded" expected=NOT_PLAYER actual=NOT_PLAYER result=PASS registry_changed=no chunk_delta=none
[17:54:00] [Server thread/INFO] [io.gi.su.ad.AdvancedRocketryCommunity/]: ARCE_STATION_EXPANSION action=request code=NOT_LOCAL_PLAYER station=e8422521-9b0e-4f71-92ff-38e5d900fd22 actor=b915a449-6711-4691-bd11-45472bbb598e width=512 gravity_milli=0
[17:54:00] [Server thread/INFO] [io.gi.su.ad.AdvancedRocketryCommunity/]: ARCE_STATION_PERMISSION_MATRIX table=1 action=EXPAND actor=EXECUTE_AS_OWNER precondition="station not expanded" expected=NOT_LOCAL_PLAYER actual=NOT_LOCAL_PLAYER result=PASS registry_changed=no chunk_delta=none
[17:54:00] [Server thread/INFO] [io.gi.su.ad.AdvancedRocketryCommunity/]: ARCE_STATION_EXPANSION action=request code=NOT_LOCAL_PLAYER station=e8422521-9b0e-4f71-92ff-38e5d900fd22 actor=b915a449-6711-4691-bd11-45472bbb598e width=512 gravity_milli=0
[17:54:00] [Server thread/INFO] [io.gi.su.ad.AdvancedRocketryCommunity/]: ARCE_STATION_PERMISSION_MATRIX table=1 action=EXPAND actor=SILENT_OWNER precondition="station not expanded" expected=NOT_LOCAL_PLAYER actual=NOT_LOCAL_PLAYER result=PASS registry_changed=no chunk_delta=none
[17:54:00] [Server thread/INFO] [io.gi.su.ad.AdvancedRocketryCommunity/]: ARCE_STATION_EXPANSION action=request code=NOT_LOCAL_PLAYER station=e8422521-9b0e-4f71-92ff-38e5d900fd22 actor=b915a449-6711-4691-bd11-45472bbb598e width=512 gravity_milli=0
[17:54:00] [Server thread/INFO] [io.gi.su.ad.AdvancedRocketryCommunity/]: ARCE_STATION_PERMISSION_MATRIX table=1 action=EXPAND actor=FAKE_PLAYER_OWNER precondition="station not expanded" expected=NOT_LOCAL_PLAYER actual=NOT_LOCAL_PLAYER result=PASS registry_changed=no chunk_delta=none
[17:54:00] [Server thread/INFO] [io.gi.su.ad.AdvancedRocketryCommunity/]: ARCE_STATION_EXPANSION action=request code=NOT_LOCAL_PLAYER station=e8422521-9b0e-4f71-92ff-38e5d900fd22 actor=b915a449-6711-4691-bd11-45472bbb598e width=512 gravity_milli=0
[17:54:00] [Server thread/INFO] [io.gi.su.ad.AdvancedRocketryCommunity/]: ARCE_STATION_PERMISSION_MATRIX table=1 action=EXPAND actor=STALE_OWNER precondition="station not expanded" expected=NOT_LOCAL_PLAYER actual=NOT_LOCAL_PLAYER result=PASS registry_changed=no chunk_delta=none
[17:54:00] [Server thread/INFO] [io.gi.su.ad.AdvancedRocketryCommunity/]: ARCE_STATION_GRAVITY action=set code=GRAVITY_UNCHANGED station=e8422521-9b0e-4f71-92ff-38e5d900fd22 actor=b915a449-6711-4691-bd11-45472bbb598e width=512 gravity_milli=0
[17:54:00] [Server thread/INFO] [io.gi.su.ad.AdvancedRocketryCommunity/]: ARCE_STATION_PERMISSION_MATRIX table=1 action=GRAVITY actor=OWNER precondition="the current gravity is requested" expected=GRAVITY_UNCHANGED actual=GRAVITY_UNCHANGED result=PASS registry_changed=no chunk_delta=none
[17:54:00] [Server thread/INFO] [io.gi.su.ad.AdvancedRocketryCommunity/]: ARCE_STATION_GRAVITY action=set code=UNAUTHORIZED station=e8422521-9b0e-4f71-92ff-38e5d900fd22 actor=e90d3883-ad9e-4bc9-976a-658c21cd436c width=512 gravity_milli=0
[17:54:00] [Server thread/INFO] [io.gi.su.ad.AdvancedRocketryCommunity/]: ARCE_STATION_PERMISSION_MATRIX table=1 action=GRAVITY actor=MEMBER precondition="the current gravity is requested" expected=UNAUTHORIZED actual=UNAUTHORIZED result=PASS registry_changed=no chunk_delta=none
[17:54:00] [Server thread/INFO] [io.gi.su.ad.AdvancedRocketryCommunity/]: ARCE_STATION_GRAVITY action=set code=UNAUTHORIZED station=e8422521-9b0e-4f71-92ff-38e5d900fd22 actor=8ba5a390-f003-40ff-8916-028dd4a90623 width=512 gravity_milli=0
[17:54:00] [Server thread/INFO] [io.gi.su.ad.AdvancedRocketryCommunity/]: ARCE_STATION_PERMISSION_MATRIX table=1 action=GRAVITY actor=INVITEE precondition="the current gravity is requested" expected=UNAUTHORIZED actual=UNAUTHORIZED result=PASS registry_changed=no chunk_delta=none
[17:54:00] [Server thread/INFO] [io.gi.su.ad.AdvancedRocketryCommunity/]: ARCE_STATION_GRAVITY action=set code=UNAUTHORIZED station=e8422521-9b0e-4f71-92ff-38e5d900fd22 actor=efe17167-1fe6-4be4-a283-a36df8bf982a width=512 gravity_milli=0
[17:54:00] [Server thread/INFO] [io.gi.su.ad.AdvancedRocketryCommunity/]: ARCE_STATION_PERMISSION_MATRIX table=1 action=GRAVITY actor=OUTSIDER precondition="the current gravity is requested" expected=UNAUTHORIZED actual=UNAUTHORIZED result=PASS registry_changed=no chunk_delta=none
[17:54:00] [Server thread/INFO] [io.gi.su.ad.AdvancedRocketryCommunity/]: ARCE_STATION_GRAVITY action=set code=GRAVITY_UNCHANGED station=e8422521-9b0e-4f71-92ff-38e5d900fd22 actor=e5b44b99-915b-4f26-9b99-562ec6588071 width=512 gravity_milli=0
[17:54:00] [Server thread/INFO] [io.gi.su.ad.AdvancedRocketryCommunity/]: ARCE_STATION_PERMISSION_MATRIX table=1 action=GRAVITY actor=OPERATOR precondition="the current gravity is requested" expected=GRAVITY_UNCHANGED actual=GRAVITY_UNCHANGED result=PASS registry_changed=no chunk_delta=none
[17:54:00] [Server thread/INFO] [io.gi.su.ad.AdvancedRocketryCommunity/]: ARCE_STATION_GRAVITY action=set code=NOT_IN_STATION station=null actor=231a977d-3f0b-47a7-b8a8-79ed11090e7d width=null gravity_milli=null
[17:54:00] [Server thread/INFO] [io.gi.su.ad.AdvancedRocketryCommunity/]: ARCE_STATION_PERMISSION_MATRIX table=1 action=GRAVITY actor=OPERATOR_OUTSIDE precondition="the current gravity is requested" expected=NOT_IN_STATION actual=NOT_IN_STATION result=PASS registry_changed=no chunk_delta=none
[17:54:00] [Server thread/INFO] [io.gi.su.ad.AdvancedRocketryCommunity/]: ARCE_STATION_GRAVITY action=set code=UNAUTHORIZED station=e8422521-9b0e-4f71-92ff-38e5d900fd22 actor=12b0ad7a-a48e-45ac-a5f2-1311110be6ac width=512 gravity_milli=0
[17:54:00] [Server thread/INFO] [io.gi.su.ad.AdvancedRocketryCommunity/]: ARCE_STATION_PERMISSION_MATRIX table=1 action=GRAVITY actor=OTHER_STATION_OWNER precondition="the current gravity is requested" expected=UNAUTHORIZED actual=UNAUTHORIZED result=PASS registry_changed=no chunk_delta=none
[17:54:00] [Server thread/INFO] [io.gi.su.ad.AdvancedRocketryCommunity/]: ARCE_STATION_GRAVITY action=set code=UNAUTHORIZED station=e8422521-9b0e-4f71-92ff-38e5d900fd22 actor=f472b8e4-42d9-4171-97e0-b41ad6269aed width=512 gravity_milli=0
[17:54:00] [Server thread/INFO] [io.gi.su.ad.AdvancedRocketryCommunity/]: ARCE_STATION_PERMISSION_MATRIX table=1 action=GRAVITY actor=REMOVED_MEMBER precondition="the current gravity is requested" expected=UNAUTHORIZED actual=UNAUTHORIZED result=PASS registry_changed=no chunk_delta=none
[17:54:00] [Server thread/INFO] [io.gi.su.ad.AdvancedRocketryCommunity/]: ARCE_STATION_GRAVITY action=set code=UNAUTHORIZED station=e8422521-9b0e-4f71-92ff-38e5d900fd22 actor=ca224578-1583-40ab-babf-7352a2e495a0 width=512 gravity_milli=0
[17:54:00] [Server thread/INFO] [io.gi.su.ad.AdvancedRocketryCommunity/]: ARCE_STATION_PERMISSION_MATRIX table=1 action=GRAVITY actor=PREVIOUS_OWNER precondition="the current gravity is requested" expected=UNAUTHORIZED actual=UNAUTHORIZED result=PASS registry_changed=no chunk_delta=none
[17:54:00] [Server thread/INFO] [io.gi.su.ad.AdvancedRocketryCommunity/]: ARCE_STATION_GRAVITY action=set code=UNAUTHORIZED station=e8422521-9b0e-4f71-92ff-38e5d900fd22 actor=a6b86ce3-2833-410b-b3e8-feb0d95bb94f width=512 gravity_milli=0
[17:54:00] [Server thread/INFO] [io.gi.su.ad.AdvancedRocketryCommunity/]: ARCE_STATION_PERMISSION_MATRIX table=1 action=GRAVITY actor=DEOPPED_OPERATOR precondition="the current gravity is requested" expected=UNAUTHORIZED actual=UNAUTHORIZED result=PASS registry_changed=no chunk_delta=none
[17:54:00] [Server thread/INFO] [io.gi.su.ad.AdvancedRocketryCommunity/]: ARCE_STATION_PERMISSION_MATRIX table=1 action=GRAVITY actor=CONSOLE precondition="the current gravity is requested" expected=NOT_PLAYER actual=NOT_PLAYER result=PASS registry_changed=no chunk_delta=none
[17:54:00] [Server thread/INFO] [io.gi.su.ad.AdvancedRocketryCommunity/]: ARCE_STATION_GRAVITY action=set code=NOT_LOCAL_PLAYER station=e8422521-9b0e-4f71-92ff-38e5d900fd22 actor=b915a449-6711-4691-bd11-45472bbb598e width=512 gravity_milli=0
[17:54:00] [Server thread/INFO] [io.gi.su.ad.AdvancedRocketryCommunity/]: ARCE_STATION_PERMISSION_MATRIX table=1 action=GRAVITY actor=EXECUTE_AS_OWNER precondition="the current gravity is requested" expected=NOT_LOCAL_PLAYER actual=NOT_LOCAL_PLAYER result=PASS registry_changed=no chunk_delta=none
[17:54:00] [Server thread/INFO] [io.gi.su.ad.AdvancedRocketryCommunity/]: ARCE_STATION_GRAVITY action=set code=NOT_LOCAL_PLAYER station=e8422521-9b0e-4f71-92ff-38e5d900fd22 actor=b915a449-6711-4691-bd11-45472bbb598e width=512 gravity_milli=0
[17:54:00] [Server thread/INFO] [io.gi.su.ad.AdvancedRocketryCommunity/]: ARCE_STATION_PERMISSION_MATRIX table=1 action=GRAVITY actor=SILENT_OWNER precondition="the current gravity is requested" expected=NOT_LOCAL_PLAYER actual=NOT_LOCAL_PLAYER result=PASS registry_changed=no chunk_delta=none
[17:54:00] [Server thread/INFO] [io.gi.su.ad.AdvancedRocketryCommunity/]: ARCE_STATION_GRAVITY action=set code=NOT_LOCAL_PLAYER station=e8422521-9b0e-4f71-92ff-38e5d900fd22 actor=b915a449-6711-4691-bd11-45472bbb598e width=512 gravity_milli=0
[17:54:00] [Server thread/INFO] [io.gi.su.ad.AdvancedRocketryCommunity/]: ARCE_STATION_PERMISSION_MATRIX table=1 action=GRAVITY actor=FAKE_PLAYER_OWNER precondition="the current gravity is requested" expected=NOT_LOCAL_PLAYER actual=NOT_LOCAL_PLAYER result=PASS registry_changed=no chunk_delta=none
[17:54:00] [Server thread/INFO] [io.gi.su.ad.AdvancedRocketryCommunity/]: ARCE_STATION_GRAVITY action=set code=NOT_LOCAL_PLAYER station=e8422521-9b0e-4f71-92ff-38e5d900fd22 actor=b915a449-6711-4691-bd11-45472bbb598e width=512 gravity_milli=0
[17:54:00] [Server thread/INFO] [io.gi.su.ad.AdvancedRocketryCommunity/]: ARCE_STATION_PERMISSION_MATRIX table=1 action=GRAVITY actor=STALE_OWNER precondition="the current gravity is requested" expected=NOT_LOCAL_PLAYER actual=NOT_LOCAL_PLAYER result=PASS registry_changed=no chunk_delta=none
[17:54:00] [Server thread/INFO] [io.gi.su.ad.AdvancedRocketryCommunity/]: ARCE_STATION_WARP action=confirm code=WARP_NO_CONFIRMATION station=null actor=b915a449-6711-4691-bd11-45472bbb598e target=null class=null cost=null balance=0
[17:54:00] [Server thread/INFO] [io.gi.su.ad.AdvancedRocketryCommunity/]: ARCE_STATION_PERMISSION_MATRIX table=1 action=WARP_CONFIRM actor=OWNER precondition="no warp confirmation pending" expected=WARP_NO_CONFIRMATION actual=WARP_NO_CONFIRMATION result=PASS registry_changed=no chunk_delta=none
[17:54:00] [Server thread/INFO] [io.gi.su.ad.AdvancedRocketryCommunity/]: ARCE_STATION_WARP action=confirm code=UNAUTHORIZED station=e8422521-9b0e-4f71-92ff-38e5d900fd22 actor=e90d3883-ad9e-4bc9-976a-658c21cd436c target=null class=null cost=null balance=0
[17:54:00] [Server thread/INFO] [io.gi.su.ad.AdvancedRocketryCommunity/]: ARCE_STATION_PERMISSION_MATRIX table=1 action=WARP_CONFIRM actor=MEMBER precondition="no warp confirmation pending" expected=UNAUTHORIZED actual=UNAUTHORIZED result=PASS registry_changed=no chunk_delta=none
[17:54:00] [Server thread/INFO] [io.gi.su.ad.AdvancedRocketryCommunity/]: ARCE_STATION_WARP action=confirm code=UNAUTHORIZED station=e8422521-9b0e-4f71-92ff-38e5d900fd22 actor=8ba5a390-f003-40ff-8916-028dd4a90623 target=null class=null cost=null balance=0
[17:54:00] [Server thread/INFO] [io.gi.su.ad.AdvancedRocketryCommunity/]: ARCE_STATION_PERMISSION_MATRIX table=1 action=WARP_CONFIRM actor=INVITEE precondition="no warp confirmation pending" expected=UNAUTHORIZED actual=UNAUTHORIZED result=PASS registry_changed=no chunk_delta=none
[17:54:00] [Server thread/INFO] [io.gi.su.ad.AdvancedRocketryCommunity/]: ARCE_STATION_WARP action=confirm code=UNAUTHORIZED station=e8422521-9b0e-4f71-92ff-38e5d900fd22 actor=efe17167-1fe6-4be4-a283-a36df8bf982a target=null class=null cost=null balance=0
[17:54:00] [Server thread/INFO] [io.gi.su.ad.AdvancedRocketryCommunity/]: ARCE_STATION_PERMISSION_MATRIX table=1 action=WARP_CONFIRM actor=OUTSIDER precondition="no warp confirmation pending" expected=UNAUTHORIZED actual=UNAUTHORIZED result=PASS registry_changed=no chunk_delta=none
[17:54:00] [Server thread/INFO] [io.gi.su.ad.AdvancedRocketryCommunity/]: ARCE_STATION_WARP action=confirm code=WARP_NO_CONFIRMATION station=null actor=e5b44b99-915b-4f26-9b99-562ec6588071 target=null class=null cost=null balance=0
[17:54:00] [Server thread/INFO] [io.gi.su.ad.AdvancedRocketryCommunity/]: ARCE_STATION_PERMISSION_MATRIX table=1 action=WARP_CONFIRM actor=OPERATOR precondition="no warp confirmation pending" expected=WARP_NO_CONFIRMATION actual=WARP_NO_CONFIRMATION result=PASS registry_changed=no chunk_delta=none
[17:54:00] [Server thread/INFO] [io.gi.su.ad.AdvancedRocketryCommunity/]: ARCE_STATION_WARP action=confirm code=NOT_IN_STATION station=null actor=231a977d-3f0b-47a7-b8a8-79ed11090e7d target=null class=null cost=null balance=0
[17:54:00] [Server thread/INFO] [io.gi.su.ad.AdvancedRocketryCommunity/]: ARCE_STATION_PERMISSION_MATRIX table=1 action=WARP_CONFIRM actor=OPERATOR_OUTSIDE precondition="no warp confirmation pending" expected=NOT_IN_STATION actual=NOT_IN_STATION result=PASS registry_changed=no chunk_delta=none
[17:54:00] [Server thread/INFO] [io.gi.su.ad.AdvancedRocketryCommunity/]: ARCE_STATION_WARP action=confirm code=UNAUTHORIZED station=e8422521-9b0e-4f71-92ff-38e5d900fd22 actor=12b0ad7a-a48e-45ac-a5f2-1311110be6ac target=null class=null cost=null balance=0
[17:54:00] [Server thread/INFO] [io.gi.su.ad.AdvancedRocketryCommunity/]: ARCE_STATION_PERMISSION_MATRIX table=1 action=WARP_CONFIRM actor=OTHER_STATION_OWNER precondition="no warp confirmation pending" expected=UNAUTHORIZED actual=UNAUTHORIZED result=PASS registry_changed=no chunk_delta=none
[17:54:00] [Server thread/INFO] [io.gi.su.ad.AdvancedRocketryCommunity/]: ARCE_STATION_WARP action=confirm code=UNAUTHORIZED station=e8422521-9b0e-4f71-92ff-38e5d900fd22 actor=f472b8e4-42d9-4171-97e0-b41ad6269aed target=null class=null cost=null balance=0
[17:54:00] [Server thread/INFO] [io.gi.su.ad.AdvancedRocketryCommunity/]: ARCE_STATION_PERMISSION_MATRIX table=1 action=WARP_CONFIRM actor=REMOVED_MEMBER precondition="no warp confirmation pending" expected=UNAUTHORIZED actual=UNAUTHORIZED result=PASS registry_changed=no chunk_delta=none
[17:54:00] [Server thread/INFO] [io.gi.su.ad.AdvancedRocketryCommunity/]: ARCE_STATION_WARP action=confirm code=UNAUTHORIZED station=e8422521-9b0e-4f71-92ff-38e5d900fd22 actor=ca224578-1583-40ab-babf-7352a2e495a0 target=null class=null cost=null balance=0
[17:54:00] [Server thread/INFO] [io.gi.su.ad.AdvancedRocketryCommunity/]: ARCE_STATION_PERMISSION_MATRIX table=1 action=WARP_CONFIRM actor=PREVIOUS_OWNER precondition="no warp confirmation pending" expected=UNAUTHORIZED actual=UNAUTHORIZED result=PASS registry_changed=no chunk_delta=none
[17:54:00] [Server thread/INFO] [io.gi.su.ad.AdvancedRocketryCommunity/]: ARCE_STATION_WARP action=confirm code=UNAUTHORIZED station=e8422521-9b0e-4f71-92ff-38e5d900fd22 actor=a6b86ce3-2833-410b-b3e8-feb0d95bb94f target=null class=null cost=null balance=0
[17:54:00] [Server thread/INFO] [io.gi.su.ad.AdvancedRocketryCommunity/]: ARCE_STATION_PERMISSION_MATRIX table=1 action=WARP_CONFIRM actor=DEOPPED_OPERATOR precondition="no warp confirmation pending" expected=UNAUTHORIZED actual=UNAUTHORIZED result=PASS registry_changed=no chunk_delta=none
[17:54:00] [Server thread/INFO] [io.gi.su.ad.AdvancedRocketryCommunity/]: ARCE_STATION_PERMISSION_MATRIX table=1 action=WARP_CONFIRM actor=CONSOLE precondition="no warp confirmation pending" expected=NOT_PLAYER actual=NOT_PLAYER result=PASS registry_changed=no chunk_delta=none
[17:54:00] [Server thread/INFO] [io.gi.su.ad.AdvancedRocketryCommunity/]: ARCE_STATION_WARP action=confirm code=NOT_LOCAL_PLAYER station=null actor=b915a449-6711-4691-bd11-45472bbb598e target=null class=null cost=null balance=0
[17:54:00] [Server thread/INFO] [io.gi.su.ad.AdvancedRocketryCommunity/]: ARCE_STATION_PERMISSION_MATRIX table=1 action=WARP_CONFIRM actor=EXECUTE_AS_OWNER precondition="no warp confirmation pending" expected=NOT_LOCAL_PLAYER actual=NOT_LOCAL_PLAYER result=PASS registry_changed=no chunk_delta=none
[17:54:00] [Server thread/INFO] [io.gi.su.ad.AdvancedRocketryCommunity/]: ARCE_STATION_WARP action=confirm code=NOT_LOCAL_PLAYER station=null actor=b915a449-6711-4691-bd11-45472bbb598e target=null class=null cost=null balance=0
[17:54:00] [Server thread/INFO] [io.gi.su.ad.AdvancedRocketryCommunity/]: ARCE_STATION_PERMISSION_MATRIX table=1 action=WARP_CONFIRM actor=SILENT_OWNER precondition="no warp confirmation pending" expected=NOT_LOCAL_PLAYER actual=NOT_LOCAL_PLAYER result=PASS registry_changed=no chunk_delta=none
[17:54:00] [Server thread/INFO] [io.gi.su.ad.AdvancedRocketryCommunity/]: ARCE_STATION_WARP action=confirm code=NOT_LOCAL_PLAYER station=null actor=b915a449-6711-4691-bd11-45472bbb598e target=null class=null cost=null balance=0
[17:54:00] [Server thread/INFO] [io.gi.su.ad.AdvancedRocketryCommunity/]: ARCE_STATION_PERMISSION_MATRIX table=1 action=WARP_CONFIRM actor=FAKE_PLAYER_OWNER precondition="no warp confirmation pending" expected=NOT_LOCAL_PLAYER actual=NOT_LOCAL_PLAYER result=PASS registry_changed=no chunk_delta=none
[17:54:00] [Server thread/INFO] [io.gi.su.ad.AdvancedRocketryCommunity/]: ARCE_STATION_WARP action=confirm code=NOT_LOCAL_PLAYER station=null actor=b915a449-6711-4691-bd11-45472bbb598e target=null class=null cost=null balance=0
[17:54:00] [Server thread/INFO] [io.gi.su.ad.AdvancedRocketryCommunity/]: ARCE_STATION_PERMISSION_MATRIX table=1 action=WARP_CONFIRM actor=STALE_OWNER precondition="no warp confirmation pending" expected=NOT_LOCAL_PLAYER actual=NOT_LOCAL_PLAYER result=PASS registry_changed=no chunk_delta=none
[17:54:00] [Server thread/INFO] [io.gi.su.ad.AdvancedRocketryCommunity/]: ARCE_STATION_WARP action=cancel code=WARP_NO_COUNTDOWN station=e8422521-9b0e-4f71-92ff-38e5d900fd22 actor=b915a449-6711-4691-bd11-45472bbb598e target=null class=null cost=null balance=0
[17:54:00] [Server thread/INFO] [io.gi.su.ad.AdvancedRocketryCommunity/]: ARCE_STATION_PERMISSION_MATRIX table=1 action=WARP_CANCEL actor=OWNER precondition="no countdown running" expected=WARP_NO_COUNTDOWN actual=WARP_NO_COUNTDOWN result=PASS registry_changed=no chunk_delta=none
[17:54:00] [Server thread/INFO] [io.gi.su.ad.AdvancedRocketryCommunity/]: ARCE_STATION_WARP action=cancel code=UNAUTHORIZED station=e8422521-9b0e-4f71-92ff-38e5d900fd22 actor=e90d3883-ad9e-4bc9-976a-658c21cd436c target=null class=null cost=null balance=0
[17:54:00] [Server thread/INFO] [io.gi.su.ad.AdvancedRocketryCommunity/]: ARCE_STATION_PERMISSION_MATRIX table=1 action=WARP_CANCEL actor=MEMBER precondition="no countdown running" expected=UNAUTHORIZED actual=UNAUTHORIZED result=PASS registry_changed=no chunk_delta=none
[17:54:00] [Server thread/INFO] [io.gi.su.ad.AdvancedRocketryCommunity/]: ARCE_STATION_WARP action=cancel code=UNAUTHORIZED station=e8422521-9b0e-4f71-92ff-38e5d900fd22 actor=8ba5a390-f003-40ff-8916-028dd4a90623 target=null class=null cost=null balance=0
[17:54:00] [Server thread/INFO] [io.gi.su.ad.AdvancedRocketryCommunity/]: ARCE_STATION_PERMISSION_MATRIX table=1 action=WARP_CANCEL actor=INVITEE precondition="no countdown running" expected=UNAUTHORIZED actual=UNAUTHORIZED result=PASS registry_changed=no chunk_delta=none
[17:54:00] [Server thread/INFO] [io.gi.su.ad.AdvancedRocketryCommunity/]: ARCE_STATION_WARP action=cancel code=UNAUTHORIZED station=e8422521-9b0e-4f71-92ff-38e5d900fd22 actor=efe17167-1fe6-4be4-a283-a36df8bf982a target=null class=null cost=null balance=0
[17:54:00] [Server thread/INFO] [io.gi.su.ad.AdvancedRocketryCommunity/]: ARCE_STATION_PERMISSION_MATRIX table=1 action=WARP_CANCEL actor=OUTSIDER precondition="no countdown running" expected=UNAUTHORIZED actual=UNAUTHORIZED result=PASS registry_changed=no chunk_delta=none
[17:54:00] [Server thread/INFO] [io.gi.su.ad.AdvancedRocketryCommunity/]: ARCE_STATION_WARP action=cancel code=WARP_NO_COUNTDOWN station=e8422521-9b0e-4f71-92ff-38e5d900fd22 actor=e5b44b99-915b-4f26-9b99-562ec6588071 target=null class=null cost=null balance=0
[17:54:00] [Server thread/INFO] [io.gi.su.ad.AdvancedRocketryCommunity/]: ARCE_STATION_PERMISSION_MATRIX table=1 action=WARP_CANCEL actor=OPERATOR precondition="no countdown running" expected=WARP_NO_COUNTDOWN actual=WARP_NO_COUNTDOWN result=PASS registry_changed=no chunk_delta=none
[17:54:00] [Server thread/INFO] [io.gi.su.ad.AdvancedRocketryCommunity/]: ARCE_STATION_WARP action=cancel code=NOT_IN_STATION station=null actor=231a977d-3f0b-47a7-b8a8-79ed11090e7d target=null class=null cost=null balance=0
[17:54:00] [Server thread/INFO] [io.gi.su.ad.AdvancedRocketryCommunity/]: ARCE_STATION_PERMISSION_MATRIX table=1 action=WARP_CANCEL actor=OPERATOR_OUTSIDE precondition="no countdown running" expected=NOT_IN_STATION actual=NOT_IN_STATION result=PASS registry_changed=no chunk_delta=none
[17:54:00] [Server thread/INFO] [io.gi.su.ad.AdvancedRocketryCommunity/]: ARCE_STATION_WARP action=cancel code=UNAUTHORIZED station=e8422521-9b0e-4f71-92ff-38e5d900fd22 actor=12b0ad7a-a48e-45ac-a5f2-1311110be6ac target=null class=null cost=null balance=0
[17:54:00] [Server thread/INFO] [io.gi.su.ad.AdvancedRocketryCommunity/]: ARCE_STATION_PERMISSION_MATRIX table=1 action=WARP_CANCEL actor=OTHER_STATION_OWNER precondition="no countdown running" expected=UNAUTHORIZED actual=UNAUTHORIZED result=PASS registry_changed=no chunk_delta=none
[17:54:00] [Server thread/INFO] [io.gi.su.ad.AdvancedRocketryCommunity/]: ARCE_STATION_WARP action=cancel code=UNAUTHORIZED station=e8422521-9b0e-4f71-92ff-38e5d900fd22 actor=f472b8e4-42d9-4171-97e0-b41ad6269aed target=null class=null cost=null balance=0
[17:54:00] [Server thread/INFO] [io.gi.su.ad.AdvancedRocketryCommunity/]: ARCE_STATION_PERMISSION_MATRIX table=1 action=WARP_CANCEL actor=REMOVED_MEMBER precondition="no countdown running" expected=UNAUTHORIZED actual=UNAUTHORIZED result=PASS registry_changed=no chunk_delta=none
[17:54:00] [Server thread/INFO] [io.gi.su.ad.AdvancedRocketryCommunity/]: ARCE_STATION_WARP action=cancel code=UNAUTHORIZED station=e8422521-9b0e-4f71-92ff-38e5d900fd22 actor=ca224578-1583-40ab-babf-7352a2e495a0 target=null class=null cost=null balance=0
[17:54:00] [Server thread/INFO] [io.gi.su.ad.AdvancedRocketryCommunity/]: ARCE_STATION_PERMISSION_MATRIX table=1 action=WARP_CANCEL actor=PREVIOUS_OWNER precondition="no countdown running" expected=UNAUTHORIZED actual=UNAUTHORIZED result=PASS registry_changed=no chunk_delta=none
[17:54:00] [Server thread/INFO] [io.gi.su.ad.AdvancedRocketryCommunity/]: ARCE_STATION_WARP action=cancel code=UNAUTHORIZED station=e8422521-9b0e-4f71-92ff-38e5d900fd22 actor=a6b86ce3-2833-410b-b3e8-feb0d95bb94f target=null class=null cost=null balance=0
[17:54:00] [Server thread/INFO] [io.gi.su.ad.AdvancedRocketryCommunity/]: ARCE_STATION_PERMISSION_MATRIX table=1 action=WARP_CANCEL actor=DEOPPED_OPERATOR precondition="no countdown running" expected=UNAUTHORIZED actual=UNAUTHORIZED result=PASS registry_changed=no chunk_delta=none
[17:54:00] [Server thread/INFO] [io.gi.su.ad.AdvancedRocketryCommunity/]: ARCE_STATION_PERMISSION_MATRIX table=1 action=WARP_CANCEL actor=CONSOLE precondition="no countdown running" expected=NOT_PLAYER actual=NOT_PLAYER result=PASS registry_changed=no chunk_delta=none
[17:54:00] [Server thread/INFO] [io.gi.su.ad.AdvancedRocketryCommunity/]: ARCE_STATION_WARP action=cancel code=NOT_LOCAL_PLAYER station=e8422521-9b0e-4f71-92ff-38e5d900fd22 actor=b915a449-6711-4691-bd11-45472bbb598e target=null class=null cost=null balance=0
[17:54:00] [Server thread/INFO] [io.gi.su.ad.AdvancedRocketryCommunity/]: ARCE_STATION_PERMISSION_MATRIX table=1 action=WARP_CANCEL actor=EXECUTE_AS_OWNER precondition="no countdown running" expected=NOT_LOCAL_PLAYER actual=NOT_LOCAL_PLAYER result=PASS registry_changed=no chunk_delta=none
[17:54:00] [Server thread/INFO] [io.gi.su.ad.AdvancedRocketryCommunity/]: ARCE_STATION_WARP action=cancel code=NOT_LOCAL_PLAYER station=e8422521-9b0e-4f71-92ff-38e5d900fd22 actor=b915a449-6711-4691-bd11-45472bbb598e target=null class=null cost=null balance=0
[17:54:00] [Server thread/INFO] [io.gi.su.ad.AdvancedRocketryCommunity/]: ARCE_STATION_PERMISSION_MATRIX table=1 action=WARP_CANCEL actor=SILENT_OWNER precondition="no countdown running" expected=NOT_LOCAL_PLAYER actual=NOT_LOCAL_PLAYER result=PASS registry_changed=no chunk_delta=none
[17:54:00] [Server thread/INFO] [io.gi.su.ad.AdvancedRocketryCommunity/]: ARCE_STATION_WARP action=cancel code=NOT_LOCAL_PLAYER station=e8422521-9b0e-4f71-92ff-38e5d900fd22 actor=b915a449-6711-4691-bd11-45472bbb598e target=null class=null cost=null balance=0
[17:54:00] [Server thread/INFO] [io.gi.su.ad.AdvancedRocketryCommunity/]: ARCE_STATION_PERMISSION_MATRIX table=1 action=WARP_CANCEL actor=FAKE_PLAYER_OWNER precondition="no countdown running" expected=NOT_LOCAL_PLAYER actual=NOT_LOCAL_PLAYER result=PASS registry_changed=no chunk_delta=none
[17:54:00] [Server thread/INFO] [io.gi.su.ad.AdvancedRocketryCommunity/]: ARCE_STATION_WARP action=cancel code=NOT_LOCAL_PLAYER station=e8422521-9b0e-4f71-92ff-38e5d900fd22 actor=b915a449-6711-4691-bd11-45472bbb598e target=null class=null cost=null balance=0
[17:54:00] [Server thread/INFO] [io.gi.su.ad.AdvancedRocketryCommunity/]: ARCE_STATION_PERMISSION_MATRIX table=1 action=WARP_CANCEL actor=STALE_OWNER precondition="no countdown running" expected=NOT_LOCAL_PLAYER actual=NOT_LOCAL_PLAYER result=PASS registry_changed=no chunk_delta=none
[17:54:00] [Server thread/INFO] [io.gi.su.ad.AdvancedRocketryCommunity/]: ARCE_STATION_WARP action=request code=WARP_INSUFFICIENT_ENERGY station=e8422521-9b0e-4f71-92ff-38e5d900fd22 actor=b915a449-6711-4691-bd11-45472bbb598e target=advancedrocketrycommunity:moon class=IN_SYSTEM cost=2000000 balance=0
[17:54:00] [Server thread/INFO] [io.gi.su.ad.AdvancedRocketryCommunity/]: ARCE_STATION_PERMISSION_MATRIX table=1 action=WARP_REQUEST actor=OWNER precondition="looking at a warp core; balance 0" expected=WARP_INSUFFICIENT_ENERGY actual=WARP_INSUFFICIENT_ENERGY result=PASS registry_changed=no chunk_delta=none
[17:54:00] [Server thread/INFO] [io.gi.su.ad.AdvancedRocketryCommunity/]: ARCE_STATION_WARP action=request code=UNAUTHORIZED station=e8422521-9b0e-4f71-92ff-38e5d900fd22 actor=e90d3883-ad9e-4bc9-976a-658c21cd436c target=null class=null cost=null balance=0
[17:54:00] [Server thread/INFO] [io.gi.su.ad.AdvancedRocketryCommunity/]: ARCE_STATION_PERMISSION_MATRIX table=1 action=WARP_REQUEST actor=MEMBER precondition="looking at a warp core; balance 0" expected=UNAUTHORIZED actual=UNAUTHORIZED result=PASS registry_changed=no chunk_delta=none
[17:54:00] [Server thread/INFO] [io.gi.su.ad.AdvancedRocketryCommunity/]: ARCE_STATION_WARP action=request code=UNAUTHORIZED station=e8422521-9b0e-4f71-92ff-38e5d900fd22 actor=8ba5a390-f003-40ff-8916-028dd4a90623 target=null class=null cost=null balance=0
[17:54:00] [Server thread/INFO] [io.gi.su.ad.AdvancedRocketryCommunity/]: ARCE_STATION_PERMISSION_MATRIX table=1 action=WARP_REQUEST actor=INVITEE precondition="looking at a warp core; balance 0" expected=UNAUTHORIZED actual=UNAUTHORIZED result=PASS registry_changed=no chunk_delta=none
[17:54:00] [Server thread/INFO] [io.gi.su.ad.AdvancedRocketryCommunity/]: ARCE_STATION_WARP action=request code=UNAUTHORIZED station=e8422521-9b0e-4f71-92ff-38e5d900fd22 actor=efe17167-1fe6-4be4-a283-a36df8bf982a target=null class=null cost=null balance=0
[17:54:00] [Server thread/INFO] [io.gi.su.ad.AdvancedRocketryCommunity/]: ARCE_STATION_PERMISSION_MATRIX table=1 action=WARP_REQUEST actor=OUTSIDER precondition="looking at a warp core; balance 0" expected=UNAUTHORIZED actual=UNAUTHORIZED result=PASS registry_changed=no chunk_delta=none
[17:54:00] [Server thread/INFO] [io.gi.su.ad.AdvancedRocketryCommunity/]: ARCE_STATION_WARP action=request code=WARP_INSUFFICIENT_ENERGY station=e8422521-9b0e-4f71-92ff-38e5d900fd22 actor=e5b44b99-915b-4f26-9b99-562ec6588071 target=advancedrocketrycommunity:moon class=IN_SYSTEM cost=2000000 balance=0
[17:54:00] [Server thread/INFO] [io.gi.su.ad.AdvancedRocketryCommunity/]: ARCE_STATION_PERMISSION_MATRIX table=1 action=WARP_REQUEST actor=OPERATOR precondition="looking at a warp core; balance 0" expected=WARP_INSUFFICIENT_ENERGY actual=WARP_INSUFFICIENT_ENERGY result=PASS registry_changed=no chunk_delta=none
[17:54:00] [Server thread/INFO] [io.gi.su.ad.AdvancedRocketryCommunity/]: ARCE_STATION_WARP action=request code=NOT_IN_STATION station=null actor=231a977d-3f0b-47a7-b8a8-79ed11090e7d target=null class=null cost=null balance=0
[17:54:00] [Server thread/INFO] [io.gi.su.ad.AdvancedRocketryCommunity/]: ARCE_STATION_PERMISSION_MATRIX table=1 action=WARP_REQUEST actor=OPERATOR_OUTSIDE precondition="looking at a warp core; balance 0" expected=NOT_IN_STATION actual=NOT_IN_STATION result=PASS registry_changed=no chunk_delta=none
[17:54:00] [Server thread/INFO] [io.gi.su.ad.AdvancedRocketryCommunity/]: ARCE_STATION_WARP action=request code=UNAUTHORIZED station=e8422521-9b0e-4f71-92ff-38e5d900fd22 actor=12b0ad7a-a48e-45ac-a5f2-1311110be6ac target=null class=null cost=null balance=0
[17:54:00] [Server thread/INFO] [io.gi.su.ad.AdvancedRocketryCommunity/]: ARCE_STATION_PERMISSION_MATRIX table=1 action=WARP_REQUEST actor=OTHER_STATION_OWNER precondition="looking at a warp core; balance 0" expected=UNAUTHORIZED actual=UNAUTHORIZED result=PASS registry_changed=no chunk_delta=none
[17:54:00] [Server thread/INFO] [io.gi.su.ad.AdvancedRocketryCommunity/]: ARCE_STATION_WARP action=request code=UNAUTHORIZED station=e8422521-9b0e-4f71-92ff-38e5d900fd22 actor=f472b8e4-42d9-4171-97e0-b41ad6269aed target=null class=null cost=null balance=0
[17:54:00] [Server thread/INFO] [io.gi.su.ad.AdvancedRocketryCommunity/]: ARCE_STATION_PERMISSION_MATRIX table=1 action=WARP_REQUEST actor=REMOVED_MEMBER precondition="looking at a warp core; balance 0" expected=UNAUTHORIZED actual=UNAUTHORIZED result=PASS registry_changed=no chunk_delta=none
[17:54:00] [Server thread/INFO] [io.gi.su.ad.AdvancedRocketryCommunity/]: ARCE_STATION_WARP action=request code=UNAUTHORIZED station=e8422521-9b0e-4f71-92ff-38e5d900fd22 actor=ca224578-1583-40ab-babf-7352a2e495a0 target=null class=null cost=null balance=0
[17:54:00] [Server thread/INFO] [io.gi.su.ad.AdvancedRocketryCommunity/]: ARCE_STATION_PERMISSION_MATRIX table=1 action=WARP_REQUEST actor=PREVIOUS_OWNER precondition="looking at a warp core; balance 0" expected=UNAUTHORIZED actual=UNAUTHORIZED result=PASS registry_changed=no chunk_delta=none
[17:54:00] [Server thread/INFO] [io.gi.su.ad.AdvancedRocketryCommunity/]: ARCE_STATION_WARP action=request code=UNAUTHORIZED station=e8422521-9b0e-4f71-92ff-38e5d900fd22 actor=a6b86ce3-2833-410b-b3e8-feb0d95bb94f target=null class=null cost=null balance=0
[17:54:00] [Server thread/INFO] [io.gi.su.ad.AdvancedRocketryCommunity/]: ARCE_STATION_PERMISSION_MATRIX table=1 action=WARP_REQUEST actor=DEOPPED_OPERATOR precondition="looking at a warp core; balance 0" expected=UNAUTHORIZED actual=UNAUTHORIZED result=PASS registry_changed=no chunk_delta=none
[17:54:00] [Server thread/INFO] [io.gi.su.ad.AdvancedRocketryCommunity/]: ARCE_STATION_PERMISSION_MATRIX table=1 action=WARP_REQUEST actor=CONSOLE precondition="looking at a warp core; balance 0" expected=NOT_PLAYER actual=NOT_PLAYER result=PASS registry_changed=no chunk_delta=none
[17:54:00] [Server thread/INFO] [io.gi.su.ad.AdvancedRocketryCommunity/]: ARCE_STATION_WARP action=request code=NOT_LOCAL_PLAYER station=e8422521-9b0e-4f71-92ff-38e5d900fd22 actor=b915a449-6711-4691-bd11-45472bbb598e target=null class=null cost=null balance=0
[17:54:00] [Server thread/INFO] [io.gi.su.ad.AdvancedRocketryCommunity/]: ARCE_STATION_PERMISSION_MATRIX table=1 action=WARP_REQUEST actor=EXECUTE_AS_OWNER precondition="looking at a warp core; balance 0" expected=NOT_LOCAL_PLAYER actual=NOT_LOCAL_PLAYER result=PASS registry_changed=no chunk_delta=none
[17:54:00] [Server thread/INFO] [io.gi.su.ad.AdvancedRocketryCommunity/]: ARCE_STATION_WARP action=request code=NOT_LOCAL_PLAYER station=e8422521-9b0e-4f71-92ff-38e5d900fd22 actor=b915a449-6711-4691-bd11-45472bbb598e target=null class=null cost=null balance=0
[17:54:00] [Server thread/INFO] [io.gi.su.ad.AdvancedRocketryCommunity/]: ARCE_STATION_PERMISSION_MATRIX table=1 action=WARP_REQUEST actor=SILENT_OWNER precondition="looking at a warp core; balance 0" expected=NOT_LOCAL_PLAYER actual=NOT_LOCAL_PLAYER result=PASS registry_changed=no chunk_delta=none
[17:54:00] [Server thread/INFO] [io.gi.su.ad.AdvancedRocketryCommunity/]: ARCE_STATION_WARP action=request code=NOT_LOCAL_PLAYER station=e8422521-9b0e-4f71-92ff-38e5d900fd22 actor=b915a449-6711-4691-bd11-45472bbb598e target=null class=null cost=null balance=0
[17:54:00] [Server thread/INFO] [io.gi.su.ad.AdvancedRocketryCommunity/]: ARCE_STATION_PERMISSION_MATRIX table=1 action=WARP_REQUEST actor=FAKE_PLAYER_OWNER precondition="looking at a warp core; balance 0" expected=NOT_LOCAL_PLAYER actual=NOT_LOCAL_PLAYER result=PASS registry_changed=no chunk_delta=none
[17:54:00] [Server thread/INFO] [io.gi.su.ad.AdvancedRocketryCommunity/]: ARCE_STATION_WARP action=request code=NOT_LOCAL_PLAYER station=e8422521-9b0e-4f71-92ff-38e5d900fd22 actor=b915a449-6711-4691-bd11-45472bbb598e target=null class=null cost=null balance=0
[17:54:00] [Server thread/INFO] [io.gi.su.ad.AdvancedRocketryCommunity/]: ARCE_STATION_PERMISSION_MATRIX table=1 action=WARP_REQUEST actor=STALE_OWNER precondition="looking at a warp core; balance 0" expected=NOT_LOCAL_PLAYER actual=NOT_LOCAL_PLAYER result=PASS registry_changed=no chunk_delta=none
[17:54:00] [Server thread/INFO] [io.gi.su.ad.AdvancedRocketryCommunity/]: ARCE_STATION_PERMISSION_MATRIX table=1 action=WARP_STATUS actor=OWNER precondition="none" expected=WARP_STATUS actual=WARP_STATUS result=PASS registry_changed=no chunk_delta=none
[17:54:00] [Server thread/INFO] [io.gi.su.ad.AdvancedRocketryCommunity/]: ARCE_STATION_PERMISSION_MATRIX table=1 action=WARP_STATUS actor=MEMBER precondition="none" expected=WARP_STATUS actual=WARP_STATUS result=PASS registry_changed=no chunk_delta=none
[17:54:00] [Server thread/INFO] [io.gi.su.ad.AdvancedRocketryCommunity/]: ARCE_STATION_PERMISSION_MATRIX table=1 action=WARP_STATUS actor=INVITEE precondition="none" expected=UNAUTHORIZED actual=UNAUTHORIZED result=PASS registry_changed=no chunk_delta=none
[17:54:00] [Server thread/INFO] [io.gi.su.ad.AdvancedRocketryCommunity/]: ARCE_STATION_PERMISSION_MATRIX table=1 action=WARP_STATUS actor=OUTSIDER precondition="none" expected=UNAUTHORIZED actual=UNAUTHORIZED result=PASS registry_changed=no chunk_delta=none
[17:54:00] [Server thread/INFO] [io.gi.su.ad.AdvancedRocketryCommunity/]: ARCE_STATION_PERMISSION_MATRIX table=1 action=WARP_STATUS actor=OPERATOR precondition="none" expected=WARP_STATUS actual=WARP_STATUS result=PASS registry_changed=no chunk_delta=none
[17:54:00] [Server thread/INFO] [io.gi.su.ad.AdvancedRocketryCommunity/]: ARCE_STATION_PERMISSION_MATRIX table=1 action=WARP_STATUS actor=OPERATOR_OUTSIDE precondition="none" expected=NOT_IN_STATION actual=NOT_IN_STATION result=PASS registry_changed=no chunk_delta=none
[17:54:00] [Server thread/INFO] [io.gi.su.ad.AdvancedRocketryCommunity/]: ARCE_STATION_PERMISSION_MATRIX table=1 action=WARP_STATUS actor=OTHER_STATION_OWNER precondition="none" expected=UNAUTHORIZED actual=UNAUTHORIZED result=PASS registry_changed=no chunk_delta=none
[17:54:00] [Server thread/INFO] [io.gi.su.ad.AdvancedRocketryCommunity/]: ARCE_STATION_PERMISSION_MATRIX table=1 action=WARP_STATUS actor=REMOVED_MEMBER precondition="none" expected=UNAUTHORIZED actual=UNAUTHORIZED result=PASS registry_changed=no chunk_delta=none
[17:54:00] [Server thread/INFO] [io.gi.su.ad.AdvancedRocketryCommunity/]: ARCE_STATION_PERMISSION_MATRIX table=1 action=WARP_STATUS actor=PREVIOUS_OWNER precondition="none" expected=WARP_STATUS actual=WARP_STATUS result=PASS registry_changed=no chunk_delta=none
[17:54:00] [Server thread/INFO] [io.gi.su.ad.AdvancedRocketryCommunity/]: ARCE_STATION_PERMISSION_MATRIX table=1 action=WARP_STATUS actor=DEOPPED_OPERATOR precondition="none" expected=UNAUTHORIZED actual=UNAUTHORIZED result=PASS registry_changed=no chunk_delta=none
[17:54:00] [Server thread/INFO] [io.gi.su.ad.AdvancedRocketryCommunity/]: ARCE_STATION_PERMISSION_MATRIX table=1 action=WARP_STATUS actor=CONSOLE precondition="none" expected=NOT_PLAYER actual=NOT_PLAYER result=PASS registry_changed=no chunk_delta=none
[17:54:00] [Server thread/INFO] [io.gi.su.ad.AdvancedRocketryCommunity/]: ARCE_STATION_PERMISSION_MATRIX table=1 action=WARP_STATUS actor=EXECUTE_AS_OWNER precondition="none" expected=WARP_STATUS actual=WARP_STATUS result=PASS registry_changed=no chunk_delta=none
[17:54:00] [Server thread/INFO] [io.gi.su.ad.AdvancedRocketryCommunity/]: ARCE_STATION_PERMISSION_MATRIX table=1 action=WARP_STATUS actor=SILENT_OWNER precondition="none" expected=WARP_STATUS actual=WARP_STATUS result=PASS registry_changed=no chunk_delta=none
[17:54:00] [Server thread/INFO] [io.gi.su.ad.AdvancedRocketryCommunity/]: ARCE_STATION_PERMISSION_MATRIX table=1 action=WARP_STATUS actor=FAKE_PLAYER_OWNER precondition="none" expected=WARP_STATUS actual=WARP_STATUS result=PASS registry_changed=no chunk_delta=none
[17:54:00] [Server thread/INFO] [io.gi.su.ad.AdvancedRocketryCommunity/]: ARCE_STATION_PERMISSION_MATRIX table=1 action=WARP_STATUS actor=STALE_OWNER precondition="none" expected=WARP_STATUS actual=WARP_STATUS result=PASS registry_changed=no chunk_delta=none
[17:54:00] [Server thread/INFO] [io.gi.su.ad.AdvancedRocketryCommunity/]: ARCE_STATION_PERMISSION_MATRIX table=1 action=ENVIRONMENT actor=OWNER precondition="none" expected=IDENTIFIED actual=IDENTIFIED result=PASS registry_changed=no chunk_delta=none
[17:54:00] [Server thread/INFO] [io.gi.su.ad.AdvancedRocketryCommunity/]: ARCE_STATION_PERMISSION_MATRIX table=1 action=ENVIRONMENT actor=MEMBER precondition="none" expected=IDENTIFIED actual=IDENTIFIED result=PASS registry_changed=no chunk_delta=none
[17:54:00] [Server thread/INFO] [io.gi.su.ad.AdvancedRocketryCommunity/]: ARCE_STATION_PERMISSION_MATRIX table=1 action=ENVIRONMENT actor=INVITEE precondition="none" expected=ANONYMOUS actual=ANONYMOUS result=PASS registry_changed=no chunk_delta=none
[17:54:00] [Server thread/INFO] [io.gi.su.ad.AdvancedRocketryCommunity/]: ARCE_STATION_PERMISSION_MATRIX table=1 action=ENVIRONMENT actor=OUTSIDER precondition="none" expected=ANONYMOUS actual=ANONYMOUS result=PASS registry_changed=no chunk_delta=none
[17:54:00] [Server thread/INFO] [io.gi.su.ad.AdvancedRocketryCommunity/]: ARCE_STATION_PERMISSION_MATRIX table=1 action=ENVIRONMENT actor=OPERATOR precondition="none" expected=IDENTIFIED actual=IDENTIFIED result=PASS registry_changed=no chunk_delta=none
[17:54:00] [Server thread/INFO] [io.gi.su.ad.AdvancedRocketryCommunity/]: ARCE_STATION_PERMISSION_MATRIX table=1 action=ENVIRONMENT actor=OPERATOR_OUTSIDE precondition="none" expected=NOT_IN_STATION actual=NOT_IN_STATION result=PASS registry_changed=no chunk_delta=none
[17:54:00] [Server thread/INFO] [io.gi.su.ad.AdvancedRocketryCommunity/]: ARCE_STATION_PERMISSION_MATRIX table=1 action=ENVIRONMENT actor=OTHER_STATION_OWNER precondition="none" expected=ANONYMOUS actual=ANONYMOUS result=PASS registry_changed=no chunk_delta=none
[17:54:00] [Server thread/INFO] [io.gi.su.ad.AdvancedRocketryCommunity/]: ARCE_STATION_PERMISSION_MATRIX table=1 action=ENVIRONMENT actor=REMOVED_MEMBER precondition="none" expected=ANONYMOUS actual=ANONYMOUS result=PASS registry_changed=no chunk_delta=none
[17:54:00] [Server thread/INFO] [io.gi.su.ad.AdvancedRocketryCommunity/]: ARCE_STATION_PERMISSION_MATRIX table=1 action=ENVIRONMENT actor=PREVIOUS_OWNER precondition="none" expected=IDENTIFIED actual=IDENTIFIED result=PASS registry_changed=no chunk_delta=none
[17:54:00] [Server thread/INFO] [io.gi.su.ad.AdvancedRocketryCommunity/]: ARCE_STATION_PERMISSION_MATRIX table=1 action=ENVIRONMENT actor=DEOPPED_OPERATOR precondition="none" expected=ANONYMOUS actual=ANONYMOUS result=PASS registry_changed=no chunk_delta=none
[17:54:00] [Server thread/INFO] [io.gi.su.ad.AdvancedRocketryCommunity/]: ARCE_STATION_PERMISSION_MATRIX table=1 action=ENVIRONMENT actor=CONSOLE precondition="none" expected=NOT_PLAYER actual=NOT_PLAYER result=PASS registry_changed=no chunk_delta=none
[17:54:00] [Server thread/INFO] [io.gi.su.ad.AdvancedRocketryCommunity/]: ARCE_STATION_PERMISSION_MATRIX table=1 action=ENVIRONMENT actor=EXECUTE_AS_OWNER precondition="none" expected=IDENTIFIED actual=IDENTIFIED result=PASS registry_changed=no chunk_delta=none
[17:54:00] [Server thread/INFO] [io.gi.su.ad.AdvancedRocketryCommunity/]: ARCE_STATION_PERMISSION_MATRIX table=1 action=ENVIRONMENT actor=SILENT_OWNER precondition="none" expected=ALLOWED actual=ALLOWED result=PASS registry_changed=no chunk_delta=none
[17:54:00] [Server thread/INFO] [io.gi.su.ad.AdvancedRocketryCommunity/]: ARCE_STATION_PERMISSION_MATRIX table=1 action=ENVIRONMENT actor=FAKE_PLAYER_OWNER precondition="none" expected=ALLOWED actual=ALLOWED result=PASS registry_changed=no chunk_delta=none
[17:54:00] [Server thread/INFO] [io.gi.su.ad.AdvancedRocketryCommunity/]: ARCE_STATION_PERMISSION_MATRIX table=1 action=ENVIRONMENT actor=STALE_OWNER precondition="none" expected=IDENTIFIED actual=IDENTIFIED result=PASS registry_changed=no chunk_delta=none
[17:54:00] [Server thread/INFO] [io.gi.su.ad.AdvancedRocketryCommunity/]: ARCE_STATION_ACCESS action=invite station=e8422521-9b0e-4f71-92ff-38e5d900fd22 actor=b915a449-6711-4691-bd11-45472bbb598e subject=175fc9fc-c738-4324-98da-2a054edb1f85 allowed=true
[17:54:00] [Server thread/INFO] [minecraft/MinecraftServer]: [mx0OWNER: Invitation recorded for mxCandidate; station=e8422521-9b0e-4f71-92ff-38e5d900fd22]
[17:54:00] [Server thread/INFO] [io.gi.su.ad.AdvancedRocketryCommunity/]: ARCE_STATION_PERMISSION_MATRIX table=1 action=INVITE actor=OWNER precondition="target online and not invited; reset after an allowed cell" expected=ALLOWED actual=ALLOWED result=PASS registry_changed=yes (reset) chunk_delta=none
[17:54:00] [Server thread/INFO] [io.gi.su.ad.AdvancedRocketryCommunity/]: ARCE_STATION_ACCESS action=manage_members station=e8422521-9b0e-4f71-92ff-38e5d900fd22 actor=e90d3883-ad9e-4bc9-976a-658c21cd436c subject=e90d3883-ad9e-4bc9-976a-658c21cd436c allowed=false
[17:54:00] [Server thread/INFO] [io.gi.su.ad.AdvancedRocketryCommunity/]: ARCE_STATION_PERMISSION_MATRIX table=1 action=INVITE actor=MEMBER precondition="target online and not invited; reset after an allowed cell" expected=UNAUTHORIZED actual=UNAUTHORIZED result=PASS registry_changed=no chunk_delta=none
[17:54:00] [Server thread/INFO] [io.gi.su.ad.AdvancedRocketryCommunity/]: ARCE_STATION_ACCESS action=manage_members station=e8422521-9b0e-4f71-92ff-38e5d900fd22 actor=8ba5a390-f003-40ff-8916-028dd4a90623 subject=8ba5a390-f003-40ff-8916-028dd4a90623 allowed=false
[17:54:00] [Server thread/INFO] [io.gi.su.ad.AdvancedRocketryCommunity/]: ARCE_STATION_PERMISSION_MATRIX table=1 action=INVITE actor=INVITEE precondition="target online and not invited; reset after an allowed cell" expected=UNAUTHORIZED actual=UNAUTHORIZED result=PASS registry_changed=no chunk_delta=none
[17:54:00] [Server thread/INFO] [io.gi.su.ad.AdvancedRocketryCommunity/]: ARCE_STATION_ACCESS action=manage_members station=e8422521-9b0e-4f71-92ff-38e5d900fd22 actor=efe17167-1fe6-4be4-a283-a36df8bf982a subject=efe17167-1fe6-4be4-a283-a36df8bf982a allowed=false
[17:54:00] [Server thread/INFO] [io.gi.su.ad.AdvancedRocketryCommunity/]: ARCE_STATION_PERMISSION_MATRIX table=1 action=INVITE actor=OUTSIDER precondition="target online and not invited; reset after an allowed cell" expected=UNAUTHORIZED actual=UNAUTHORIZED result=PASS registry_changed=no chunk_delta=none
[17:54:00] [Server thread/INFO] [io.gi.su.ad.AdvancedRocketryCommunity/]: ARCE_STATION_ACCESS action=invite station=e8422521-9b0e-4f71-92ff-38e5d900fd22 actor=e5b44b99-915b-4f26-9b99-562ec6588071 subject=175fc9fc-c738-4324-98da-2a054edb1f85 allowed=true
[17:54:00] [Server thread/INFO] [minecraft/MinecraftServer]: [mx4OPERATOR: Invitation recorded for mxCandidate; station=e8422521-9b0e-4f71-92ff-38e5d900fd22]
[17:54:00] [Server thread/INFO] [io.gi.su.ad.AdvancedRocketryCommunity/]: ARCE_STATION_PERMISSION_MATRIX table=1 action=INVITE actor=OPERATOR precondition="target online and not invited; reset after an allowed cell" expected=ALLOWED actual=ALLOWED result=PASS registry_changed=yes (reset) chunk_delta=none
[17:54:00] [Server thread/INFO] [io.gi.su.ad.AdvancedRocketryCommunity/]: ARCE_STATION_ACCESS action=invite station=e8422521-9b0e-4f71-92ff-38e5d900fd22 actor=231a977d-3f0b-47a7-b8a8-79ed11090e7d subject=175fc9fc-c738-4324-98da-2a054edb1f85 allowed=true
[17:54:00] [Server thread/INFO] [minecraft/MinecraftServer]: [mxOpOutside: Invitation recorded for mxCandidate; station=e8422521-9b0e-4f71-92ff-38e5d900fd22]
[17:54:00] [Server thread/INFO] [io.gi.su.ad.AdvancedRocketryCommunity/]: ARCE_STATION_PERMISSION_MATRIX table=1 action=INVITE actor=OPERATOR_OUTSIDE precondition="target online and not invited; reset after an allowed cell" expected=ALLOWED actual=ALLOWED result=PASS registry_changed=yes (reset) chunk_delta=none
[17:54:00] [Server thread/INFO] [io.gi.su.ad.AdvancedRocketryCommunity/]: ARCE_STATION_ACCESS action=manage_members station=e8422521-9b0e-4f71-92ff-38e5d900fd22 actor=12b0ad7a-a48e-45ac-a5f2-1311110be6ac subject=12b0ad7a-a48e-45ac-a5f2-1311110be6ac allowed=false
[17:54:00] [Server thread/INFO] [io.gi.su.ad.AdvancedRocketryCommunity/]: ARCE_STATION_PERMISSION_MATRIX table=1 action=INVITE actor=OTHER_STATION_OWNER precondition="target online and not invited; reset after an allowed cell" expected=UNAUTHORIZED actual=UNAUTHORIZED result=PASS registry_changed=no chunk_delta=none
[17:54:00] [Server thread/INFO] [io.gi.su.ad.AdvancedRocketryCommunity/]: ARCE_STATION_ACCESS action=manage_members station=e8422521-9b0e-4f71-92ff-38e5d900fd22 actor=f472b8e4-42d9-4171-97e0-b41ad6269aed subject=f472b8e4-42d9-4171-97e0-b41ad6269aed allowed=false
[17:54:00] [Server thread/INFO] [io.gi.su.ad.AdvancedRocketryCommunity/]: ARCE_STATION_PERMISSION_MATRIX table=1 action=INVITE actor=REMOVED_MEMBER precondition="target online and not invited; reset after an allowed cell" expected=UNAUTHORIZED actual=UNAUTHORIZED result=PASS registry_changed=no chunk_delta=none
[17:54:00] [Server thread/INFO] [io.gi.su.ad.AdvancedRocketryCommunity/]: ARCE_STATION_ACCESS action=manage_members station=e8422521-9b0e-4f71-92ff-38e5d900fd22 actor=ca224578-1583-40ab-babf-7352a2e495a0 subject=ca224578-1583-40ab-babf-7352a2e495a0 allowed=false
[17:54:00] [Server thread/INFO] [io.gi.su.ad.AdvancedRocketryCommunity/]: ARCE_STATION_PERMISSION_MATRIX table=1 action=INVITE actor=PREVIOUS_OWNER precondition="target online and not invited; reset after an allowed cell" expected=UNAUTHORIZED actual=UNAUTHORIZED result=PASS registry_changed=no chunk_delta=none
[17:54:00] [Server thread/INFO] [io.gi.su.ad.AdvancedRocketryCommunity/]: ARCE_STATION_ACCESS action=manage_members station=e8422521-9b0e-4f71-92ff-38e5d900fd22 actor=a6b86ce3-2833-410b-b3e8-feb0d95bb94f subject=a6b86ce3-2833-410b-b3e8-feb0d95bb94f allowed=false
[17:54:00] [Server thread/INFO] [io.gi.su.ad.AdvancedRocketryCommunity/]: ARCE_STATION_PERMISSION_MATRIX table=1 action=INVITE actor=DEOPPED_OPERATOR precondition="target online and not invited; reset after an allowed cell" expected=UNAUTHORIZED actual=UNAUTHORIZED result=PASS registry_changed=no chunk_delta=none
[17:54:00] [Server thread/INFO] [io.gi.su.ad.AdvancedRocketryCommunity/]: ARCE_STATION_PERMISSION_MATRIX table=1 action=INVITE actor=CONSOLE precondition="target online and not invited; reset after an allowed cell" expected=NOT_PLAYER actual=NOT_PLAYER result=PASS registry_changed=no chunk_delta=none
[17:54:00] [Server thread/INFO] [io.gi.su.ad.AdvancedRocketryCommunity/]: ARCE_STATION_ACCESS action=invite station=e8422521-9b0e-4f71-92ff-38e5d900fd22 actor=b915a449-6711-4691-bd11-45472bbb598e subject=175fc9fc-c738-4324-98da-2a054edb1f85 allowed=true
[17:54:00] [Server thread/INFO] [io.gi.su.ad.AdvancedRocketryCommunity/]: ARCE_STATION_PERMISSION_MATRIX table=1 action=INVITE actor=EXECUTE_AS_OWNER precondition="target online and not invited; reset after an allowed cell" expected=ALLOWED actual=ALLOWED result=PASS registry_changed=yes (reset) chunk_delta=none
[17:54:00] [Server thread/INFO] [io.gi.su.ad.AdvancedRocketryCommunity/]: ARCE_STATION_ACCESS action=invite station=e8422521-9b0e-4f71-92ff-38e5d900fd22 actor=b915a449-6711-4691-bd11-45472bbb598e subject=175fc9fc-c738-4324-98da-2a054edb1f85 allowed=true
[17:54:00] [Server thread/INFO] [io.gi.su.ad.AdvancedRocketryCommunity/]: ARCE_STATION_PERMISSION_MATRIX table=1 action=INVITE actor=SILENT_OWNER precondition="target online and not invited; reset after an allowed cell" expected=ALLOWED actual=ALLOWED result=PASS registry_changed=yes (reset) chunk_delta=none
[17:54:00] [Server thread/INFO] [io.gi.su.ad.AdvancedRocketryCommunity/]: ARCE_STATION_ACCESS action=invite station=e8422521-9b0e-4f71-92ff-38e5d900fd22 actor=b915a449-6711-4691-bd11-45472bbb598e subject=175fc9fc-c738-4324-98da-2a054edb1f85 allowed=true
[17:54:00] [Server thread/INFO] [minecraft/MinecraftServer]: [mxFakeOwner: Invitation recorded for mxCandidate; station=e8422521-9b0e-4f71-92ff-38e5d900fd22]
[17:54:00] [Server thread/INFO] [io.gi.su.ad.AdvancedRocketryCommunity/]: ARCE_STATION_PERMISSION_MATRIX table=1 action=INVITE actor=FAKE_PLAYER_OWNER precondition="target online and not invited; reset after an allowed cell" expected=ALLOWED actual=ALLOWED result=PASS registry_changed=yes (reset) chunk_delta=none
[17:54:00] [Server thread/INFO] [io.gi.su.ad.AdvancedRocketryCommunity/]: ARCE_STATION_ACCESS action=invite station=e8422521-9b0e-4f71-92ff-38e5d900fd22 actor=b915a449-6711-4691-bd11-45472bbb598e subject=175fc9fc-c738-4324-98da-2a054edb1f85 allowed=true
[17:54:00] [Server thread/INFO] [minecraft/MinecraftServer]: [mxStaleOwner: Invitation recorded for mxCandidate; station=e8422521-9b0e-4f71-92ff-38e5d900fd22]
[17:54:00] [Server thread/INFO] [io.gi.su.ad.AdvancedRocketryCommunity/]: ARCE_STATION_PERMISSION_MATRIX table=1 action=INVITE actor=STALE_OWNER precondition="target online and not invited; reset after an allowed cell" expected=ALLOWED actual=ALLOWED result=PASS registry_changed=yes (reset) chunk_delta=none
[17:54:00] [Server thread/INFO] [io.gi.su.ad.AdvancedRocketryCommunity/]: ARCE_STATION_ACCESS action=remove station=e8422521-9b0e-4f71-92ff-38e5d900fd22 actor=b915a449-6711-4691-bd11-45472bbb598e subject=bb1d2741-85ee-4a42-8c20-38d10c66c99a allowed=true
[17:54:00] [Server thread/INFO] [minecraft/MinecraftServer]: [mx0OWNER: Member removed immediately; station=e8422521-9b0e-4f71-92ff-38e5d900fd22]
[17:54:00] [Server thread/INFO] [io.gi.su.ad.AdvancedRocketryCommunity/]: ARCE_STATION_PERMISSION_MATRIX table=1 action=REMOVE actor=OWNER precondition="target an online member; reset after an allowed cell" expected=ALLOWED actual=ALLOWED result=PASS registry_changed=yes (reset) chunk_delta=none
[17:54:00] [Server thread/INFO] [io.gi.su.ad.AdvancedRocketryCommunity/]: ARCE_STATION_ACCESS action=manage_members station=e8422521-9b0e-4f71-92ff-38e5d900fd22 actor=e90d3883-ad9e-4bc9-976a-658c21cd436c subject=e90d3883-ad9e-4bc9-976a-658c21cd436c allowed=false
[17:54:00] [Server thread/INFO] [io.gi.su.ad.AdvancedRocketryCommunity/]: ARCE_STATION_PERMISSION_MATRIX table=1 action=REMOVE actor=MEMBER precondition="target an online member; reset after an allowed cell" expected=UNAUTHORIZED actual=UNAUTHORIZED result=PASS registry_changed=no chunk_delta=none
[17:54:00] [Server thread/INFO] [io.gi.su.ad.AdvancedRocketryCommunity/]: ARCE_STATION_ACCESS action=manage_members station=e8422521-9b0e-4f71-92ff-38e5d900fd22 actor=8ba5a390-f003-40ff-8916-028dd4a90623 subject=8ba5a390-f003-40ff-8916-028dd4a90623 allowed=false
[17:54:00] [Server thread/INFO] [io.gi.su.ad.AdvancedRocketryCommunity/]: ARCE_STATION_PERMISSION_MATRIX table=1 action=REMOVE actor=INVITEE precondition="target an online member; reset after an allowed cell" expected=UNAUTHORIZED actual=UNAUTHORIZED result=PASS registry_changed=no chunk_delta=none
[17:54:00] [Server thread/INFO] [io.gi.su.ad.AdvancedRocketryCommunity/]: ARCE_STATION_ACCESS action=manage_members station=e8422521-9b0e-4f71-92ff-38e5d900fd22 actor=efe17167-1fe6-4be4-a283-a36df8bf982a subject=efe17167-1fe6-4be4-a283-a36df8bf982a allowed=false
[17:54:00] [Server thread/INFO] [io.gi.su.ad.AdvancedRocketryCommunity/]: ARCE_STATION_PERMISSION_MATRIX table=1 action=REMOVE actor=OUTSIDER precondition="target an online member; reset after an allowed cell" expected=UNAUTHORIZED actual=UNAUTHORIZED result=PASS registry_changed=no chunk_delta=none
[17:54:00] [Server thread/INFO] [io.gi.su.ad.AdvancedRocketryCommunity/]: ARCE_STATION_ACCESS action=remove station=e8422521-9b0e-4f71-92ff-38e5d900fd22 actor=e5b44b99-915b-4f26-9b99-562ec6588071 subject=bb1d2741-85ee-4a42-8c20-38d10c66c99a allowed=true
[17:54:00] [Server thread/INFO] [minecraft/MinecraftServer]: [mx4OPERATOR: Member removed immediately; station=e8422521-9b0e-4f71-92ff-38e5d900fd22]
[17:54:00] [Server thread/INFO] [io.gi.su.ad.AdvancedRocketryCommunity/]: ARCE_STATION_PERMISSION_MATRIX table=1 action=REMOVE actor=OPERATOR precondition="target an online member; reset after an allowed cell" expected=ALLOWED actual=ALLOWED result=PASS registry_changed=yes (reset) chunk_delta=none
[17:54:00] [Server thread/INFO] [io.gi.su.ad.AdvancedRocketryCommunity/]: ARCE_STATION_ACCESS action=remove station=e8422521-9b0e-4f71-92ff-38e5d900fd22 actor=231a977d-3f0b-47a7-b8a8-79ed11090e7d subject=bb1d2741-85ee-4a42-8c20-38d10c66c99a allowed=true
[17:54:00] [Server thread/INFO] [minecraft/MinecraftServer]: [mxOpOutside: Member removed immediately; station=e8422521-9b0e-4f71-92ff-38e5d900fd22]
[17:54:00] [Server thread/INFO] [io.gi.su.ad.AdvancedRocketryCommunity/]: ARCE_STATION_PERMISSION_MATRIX table=1 action=REMOVE actor=OPERATOR_OUTSIDE precondition="target an online member; reset after an allowed cell" expected=ALLOWED actual=ALLOWED result=PASS registry_changed=yes (reset) chunk_delta=none
[17:54:00] [Server thread/INFO] [io.gi.su.ad.AdvancedRocketryCommunity/]: ARCE_STATION_ACCESS action=manage_members station=e8422521-9b0e-4f71-92ff-38e5d900fd22 actor=12b0ad7a-a48e-45ac-a5f2-1311110be6ac subject=12b0ad7a-a48e-45ac-a5f2-1311110be6ac allowed=false
[17:54:00] [Server thread/INFO] [io.gi.su.ad.AdvancedRocketryCommunity/]: ARCE_STATION_PERMISSION_MATRIX table=1 action=REMOVE actor=OTHER_STATION_OWNER precondition="target an online member; reset after an allowed cell" expected=UNAUTHORIZED actual=UNAUTHORIZED result=PASS registry_changed=no chunk_delta=none
[17:54:00] [Server thread/INFO] [io.gi.su.ad.AdvancedRocketryCommunity/]: ARCE_STATION_ACCESS action=manage_members station=e8422521-9b0e-4f71-92ff-38e5d900fd22 actor=f472b8e4-42d9-4171-97e0-b41ad6269aed subject=f472b8e4-42d9-4171-97e0-b41ad6269aed allowed=false
[17:54:00] [Server thread/INFO] [io.gi.su.ad.AdvancedRocketryCommunity/]: ARCE_STATION_PERMISSION_MATRIX table=1 action=REMOVE actor=REMOVED_MEMBER precondition="target an online member; reset after an allowed cell" expected=UNAUTHORIZED actual=UNAUTHORIZED result=PASS registry_changed=no chunk_delta=none
[17:54:00] [Server thread/INFO] [io.gi.su.ad.AdvancedRocketryCommunity/]: ARCE_STATION_ACCESS action=manage_members station=e8422521-9b0e-4f71-92ff-38e5d900fd22 actor=ca224578-1583-40ab-babf-7352a2e495a0 subject=ca224578-1583-40ab-babf-7352a2e495a0 allowed=false
[17:54:00] [Server thread/INFO] [io.gi.su.ad.AdvancedRocketryCommunity/]: ARCE_STATION_PERMISSION_MATRIX table=1 action=REMOVE actor=PREVIOUS_OWNER precondition="target an online member; reset after an allowed cell" expected=UNAUTHORIZED actual=UNAUTHORIZED result=PASS registry_changed=no chunk_delta=none
[17:54:00] [Server thread/INFO] [io.gi.su.ad.AdvancedRocketryCommunity/]: ARCE_STATION_ACCESS action=manage_members station=e8422521-9b0e-4f71-92ff-38e5d900fd22 actor=a6b86ce3-2833-410b-b3e8-feb0d95bb94f subject=a6b86ce3-2833-410b-b3e8-feb0d95bb94f allowed=false
[17:54:00] [Server thread/INFO] [io.gi.su.ad.AdvancedRocketryCommunity/]: ARCE_STATION_PERMISSION_MATRIX table=1 action=REMOVE actor=DEOPPED_OPERATOR precondition="target an online member; reset after an allowed cell" expected=UNAUTHORIZED actual=UNAUTHORIZED result=PASS registry_changed=no chunk_delta=none
[17:54:00] [Server thread/INFO] [io.gi.su.ad.AdvancedRocketryCommunity/]: ARCE_STATION_PERMISSION_MATRIX table=1 action=REMOVE actor=CONSOLE precondition="target an online member; reset after an allowed cell" expected=NOT_PLAYER actual=NOT_PLAYER result=PASS registry_changed=no chunk_delta=none
[17:54:00] [Server thread/INFO] [io.gi.su.ad.AdvancedRocketryCommunity/]: ARCE_STATION_ACCESS action=remove station=e8422521-9b0e-4f71-92ff-38e5d900fd22 actor=b915a449-6711-4691-bd11-45472bbb598e subject=bb1d2741-85ee-4a42-8c20-38d10c66c99a allowed=true
[17:54:00] [Server thread/INFO] [io.gi.su.ad.AdvancedRocketryCommunity/]: ARCE_STATION_PERMISSION_MATRIX table=1 action=REMOVE actor=EXECUTE_AS_OWNER precondition="target an online member; reset after an allowed cell" expected=ALLOWED actual=ALLOWED result=PASS registry_changed=yes (reset) chunk_delta=none
[17:54:00] [Server thread/INFO] [io.gi.su.ad.AdvancedRocketryCommunity/]: ARCE_STATION_ACCESS action=remove station=e8422521-9b0e-4f71-92ff-38e5d900fd22 actor=b915a449-6711-4691-bd11-45472bbb598e subject=bb1d2741-85ee-4a42-8c20-38d10c66c99a allowed=true
[17:54:00] [Server thread/INFO] [io.gi.su.ad.AdvancedRocketryCommunity/]: ARCE_STATION_PERMISSION_MATRIX table=1 action=REMOVE actor=SILENT_OWNER precondition="target an online member; reset after an allowed cell" expected=ALLOWED actual=ALLOWED result=PASS registry_changed=yes (reset) chunk_delta=none
[17:54:00] [Server thread/INFO] [io.gi.su.ad.AdvancedRocketryCommunity/]: ARCE_STATION_ACCESS action=remove station=e8422521-9b0e-4f71-92ff-38e5d900fd22 actor=b915a449-6711-4691-bd11-45472bbb598e subject=bb1d2741-85ee-4a42-8c20-38d10c66c99a allowed=true
[17:54:00] [Server thread/INFO] [minecraft/MinecraftServer]: [mxFakeOwner: Member removed immediately; station=e8422521-9b0e-4f71-92ff-38e5d900fd22]
[17:54:00] [Server thread/INFO] [io.gi.su.ad.AdvancedRocketryCommunity/]: ARCE_STATION_PERMISSION_MATRIX table=1 action=REMOVE actor=FAKE_PLAYER_OWNER precondition="target an online member; reset after an allowed cell" expected=ALLOWED actual=ALLOWED result=PASS registry_changed=yes (reset) chunk_delta=none
[17:54:00] [Server thread/INFO] [io.gi.su.ad.AdvancedRocketryCommunity/]: ARCE_STATION_ACCESS action=remove station=e8422521-9b0e-4f71-92ff-38e5d900fd22 actor=b915a449-6711-4691-bd11-45472bbb598e subject=bb1d2741-85ee-4a42-8c20-38d10c66c99a allowed=true
[17:54:00] [Server thread/INFO] [minecraft/MinecraftServer]: [mxStaleOwner: Member removed immediately; station=e8422521-9b0e-4f71-92ff-38e5d900fd22]
[17:54:00] [Server thread/INFO] [io.gi.su.ad.AdvancedRocketryCommunity/]: ARCE_STATION_PERMISSION_MATRIX table=1 action=REMOVE actor=STALE_OWNER precondition="target an online member; reset after an allowed cell" expected=ALLOWED actual=ALLOWED result=PASS registry_changed=yes (reset) chunk_delta=none
[17:54:00] [Server thread/INFO] [io.gi.su.ad.AdvancedRocketryCommunity/]: ARCE_STATION_ACCESS action=remove station=e8422521-9b0e-4f71-92ff-38e5d900fd22 actor=b915a449-6711-4691-bd11-45472bbb598e subject=3483d48f-cafd-41f5-a04f-885c25ad7971 allowed=true
[17:54:00] [Server thread/INFO] [minecraft/MinecraftServer]: [mx0OWNER: Member 3483d48f-cafd-41f5-a04f-885c25ad7971 removed immediately; station=e8422521-9b0e-4f71-92ff-38e5d900fd22]
[17:54:00] [Server thread/INFO] [io.gi.su.ad.AdvancedRocketryCommunity/]: ARCE_STATION_PERMISSION_MATRIX table=1 action=REMOVE_UUID actor=OWNER precondition="target an offline member by UUID; reset after an allowed cell" expected=ALLOWED actual=ALLOWED result=PASS registry_changed=yes (reset) chunk_delta=none
[17:54:00] [Server thread/INFO] [io.gi.su.ad.AdvancedRocketryCommunity/]: ARCE_STATION_ACCESS action=manage_members station=e8422521-9b0e-4f71-92ff-38e5d900fd22 actor=e90d3883-ad9e-4bc9-976a-658c21cd436c subject=e90d3883-ad9e-4bc9-976a-658c21cd436c allowed=false
[17:54:00] [Server thread/INFO] [io.gi.su.ad.AdvancedRocketryCommunity/]: ARCE_STATION_PERMISSION_MATRIX table=1 action=REMOVE_UUID actor=MEMBER precondition="target an offline member by UUID; reset after an allowed cell" expected=UNAUTHORIZED actual=UNAUTHORIZED result=PASS registry_changed=no chunk_delta=none
[17:54:00] [Server thread/INFO] [io.gi.su.ad.AdvancedRocketryCommunity/]: ARCE_STATION_ACCESS action=manage_members station=e8422521-9b0e-4f71-92ff-38e5d900fd22 actor=8ba5a390-f003-40ff-8916-028dd4a90623 subject=8ba5a390-f003-40ff-8916-028dd4a90623 allowed=false
[17:54:00] [Server thread/INFO] [io.gi.su.ad.AdvancedRocketryCommunity/]: ARCE_STATION_PERMISSION_MATRIX table=1 action=REMOVE_UUID actor=INVITEE precondition="target an offline member by UUID; reset after an allowed cell" expected=UNAUTHORIZED actual=UNAUTHORIZED result=PASS registry_changed=no chunk_delta=none
[17:54:00] [Server thread/INFO] [io.gi.su.ad.AdvancedRocketryCommunity/]: ARCE_STATION_ACCESS action=manage_members station=e8422521-9b0e-4f71-92ff-38e5d900fd22 actor=efe17167-1fe6-4be4-a283-a36df8bf982a subject=efe17167-1fe6-4be4-a283-a36df8bf982a allowed=false
[17:54:00] [Server thread/INFO] [io.gi.su.ad.AdvancedRocketryCommunity/]: ARCE_STATION_PERMISSION_MATRIX table=1 action=REMOVE_UUID actor=OUTSIDER precondition="target an offline member by UUID; reset after an allowed cell" expected=UNAUTHORIZED actual=UNAUTHORIZED result=PASS registry_changed=no chunk_delta=none
[17:54:00] [Server thread/INFO] [io.gi.su.ad.AdvancedRocketryCommunity/]: ARCE_STATION_ACCESS action=remove station=e8422521-9b0e-4f71-92ff-38e5d900fd22 actor=e5b44b99-915b-4f26-9b99-562ec6588071 subject=3483d48f-cafd-41f5-a04f-885c25ad7971 allowed=true
[17:54:00] [Server thread/INFO] [minecraft/MinecraftServer]: [mx4OPERATOR: Member 3483d48f-cafd-41f5-a04f-885c25ad7971 removed immediately; station=e8422521-9b0e-4f71-92ff-38e5d900fd22]
[17:54:00] [Server thread/INFO] [io.gi.su.ad.AdvancedRocketryCommunity/]: ARCE_STATION_PERMISSION_MATRIX table=1 action=REMOVE_UUID actor=OPERATOR precondition="target an offline member by UUID; reset after an allowed cell" expected=ALLOWED actual=ALLOWED result=PASS registry_changed=yes (reset) chunk_delta=none
[17:54:00] [Server thread/INFO] [io.gi.su.ad.AdvancedRocketryCommunity/]: ARCE_STATION_ACCESS action=remove station=e8422521-9b0e-4f71-92ff-38e5d900fd22 actor=231a977d-3f0b-47a7-b8a8-79ed11090e7d subject=3483d48f-cafd-41f5-a04f-885c25ad7971 allowed=true
[17:54:00] [Server thread/INFO] [minecraft/MinecraftServer]: [mxOpOutside: Member 3483d48f-cafd-41f5-a04f-885c25ad7971 removed immediately; station=e8422521-9b0e-4f71-92ff-38e5d900fd22]
[17:54:00] [Server thread/INFO] [io.gi.su.ad.AdvancedRocketryCommunity/]: ARCE_STATION_PERMISSION_MATRIX table=1 action=REMOVE_UUID actor=OPERATOR_OUTSIDE precondition="target an offline member by UUID; reset after an allowed cell" expected=ALLOWED actual=ALLOWED result=PASS registry_changed=yes (reset) chunk_delta=none
[17:54:00] [Server thread/INFO] [io.gi.su.ad.AdvancedRocketryCommunity/]: ARCE_STATION_ACCESS action=manage_members station=e8422521-9b0e-4f71-92ff-38e5d900fd22 actor=12b0ad7a-a48e-45ac-a5f2-1311110be6ac subject=12b0ad7a-a48e-45ac-a5f2-1311110be6ac allowed=false
[17:54:00] [Server thread/INFO] [io.gi.su.ad.AdvancedRocketryCommunity/]: ARCE_STATION_PERMISSION_MATRIX table=1 action=REMOVE_UUID actor=OTHER_STATION_OWNER precondition="target an offline member by UUID; reset after an allowed cell" expected=UNAUTHORIZED actual=UNAUTHORIZED result=PASS registry_changed=no chunk_delta=none
[17:54:00] [Server thread/INFO] [io.gi.su.ad.AdvancedRocketryCommunity/]: ARCE_STATION_ACCESS action=manage_members station=e8422521-9b0e-4f71-92ff-38e5d900fd22 actor=f472b8e4-42d9-4171-97e0-b41ad6269aed subject=f472b8e4-42d9-4171-97e0-b41ad6269aed allowed=false
[17:54:00] [Server thread/INFO] [io.gi.su.ad.AdvancedRocketryCommunity/]: ARCE_STATION_PERMISSION_MATRIX table=1 action=REMOVE_UUID actor=REMOVED_MEMBER precondition="target an offline member by UUID; reset after an allowed cell" expected=UNAUTHORIZED actual=UNAUTHORIZED result=PASS registry_changed=no chunk_delta=none
[17:54:00] [Server thread/INFO] [io.gi.su.ad.AdvancedRocketryCommunity/]: ARCE_STATION_ACCESS action=manage_members station=e8422521-9b0e-4f71-92ff-38e5d900fd22 actor=ca224578-1583-40ab-babf-7352a2e495a0 subject=ca224578-1583-40ab-babf-7352a2e495a0 allowed=false
[17:54:00] [Server thread/INFO] [io.gi.su.ad.AdvancedRocketryCommunity/]: ARCE_STATION_PERMISSION_MATRIX table=1 action=REMOVE_UUID actor=PREVIOUS_OWNER precondition="target an offline member by UUID; reset after an allowed cell" expected=UNAUTHORIZED actual=UNAUTHORIZED result=PASS registry_changed=no chunk_delta=none
[17:54:00] [Server thread/INFO] [io.gi.su.ad.AdvancedRocketryCommunity/]: ARCE_STATION_ACCESS action=manage_members station=e8422521-9b0e-4f71-92ff-38e5d900fd22 actor=a6b86ce3-2833-410b-b3e8-feb0d95bb94f subject=a6b86ce3-2833-410b-b3e8-feb0d95bb94f allowed=false
[17:54:00] [Server thread/INFO] [io.gi.su.ad.AdvancedRocketryCommunity/]: ARCE_STATION_PERMISSION_MATRIX table=1 action=REMOVE_UUID actor=DEOPPED_OPERATOR precondition="target an offline member by UUID; reset after an allowed cell" expected=UNAUTHORIZED actual=UNAUTHORIZED result=PASS registry_changed=no chunk_delta=none
[17:54:00] [Server thread/INFO] [io.gi.su.ad.AdvancedRocketryCommunity/]: ARCE_STATION_PERMISSION_MATRIX table=1 action=REMOVE_UUID actor=CONSOLE precondition="target an offline member by UUID; reset after an allowed cell" expected=NOT_PLAYER actual=NOT_PLAYER result=PASS registry_changed=no chunk_delta=none
[17:54:00] [Server thread/INFO] [io.gi.su.ad.AdvancedRocketryCommunity/]: ARCE_STATION_ACCESS action=remove station=e8422521-9b0e-4f71-92ff-38e5d900fd22 actor=b915a449-6711-4691-bd11-45472bbb598e subject=3483d48f-cafd-41f5-a04f-885c25ad7971 allowed=true
[17:54:00] [Server thread/INFO] [io.gi.su.ad.AdvancedRocketryCommunity/]: ARCE_STATION_PERMISSION_MATRIX table=1 action=REMOVE_UUID actor=EXECUTE_AS_OWNER precondition="target an offline member by UUID; reset after an allowed cell" expected=ALLOWED actual=ALLOWED result=PASS registry_changed=yes (reset) chunk_delta=none
[17:54:00] [Server thread/INFO] [io.gi.su.ad.AdvancedRocketryCommunity/]: ARCE_STATION_ACCESS action=remove station=e8422521-9b0e-4f71-92ff-38e5d900fd22 actor=b915a449-6711-4691-bd11-45472bbb598e subject=3483d48f-cafd-41f5-a04f-885c25ad7971 allowed=true
[17:54:00] [Server thread/INFO] [io.gi.su.ad.AdvancedRocketryCommunity/]: ARCE_STATION_PERMISSION_MATRIX table=1 action=REMOVE_UUID actor=SILENT_OWNER precondition="target an offline member by UUID; reset after an allowed cell" expected=ALLOWED actual=ALLOWED result=PASS registry_changed=yes (reset) chunk_delta=none
[17:54:00] [Server thread/INFO] [io.gi.su.ad.AdvancedRocketryCommunity/]: ARCE_STATION_ACCESS action=remove station=e8422521-9b0e-4f71-92ff-38e5d900fd22 actor=b915a449-6711-4691-bd11-45472bbb598e subject=3483d48f-cafd-41f5-a04f-885c25ad7971 allowed=true
[17:54:00] [Server thread/INFO] [minecraft/MinecraftServer]: [mxFakeOwner: Member 3483d48f-cafd-41f5-a04f-885c25ad7971 removed immediately; station=e8422521-9b0e-4f71-92ff-38e5d900fd22]
[17:54:00] [Server thread/INFO] [io.gi.su.ad.AdvancedRocketryCommunity/]: ARCE_STATION_PERMISSION_MATRIX table=1 action=REMOVE_UUID actor=FAKE_PLAYER_OWNER precondition="target an offline member by UUID; reset after an allowed cell" expected=ALLOWED actual=ALLOWED result=PASS registry_changed=yes (reset) chunk_delta=none
[17:54:00] [Server thread/INFO] [io.gi.su.ad.AdvancedRocketryCommunity/]: ARCE_STATION_ACCESS action=remove station=e8422521-9b0e-4f71-92ff-38e5d900fd22 actor=b915a449-6711-4691-bd11-45472bbb598e subject=3483d48f-cafd-41f5-a04f-885c25ad7971 allowed=true
[17:54:00] [Server thread/INFO] [minecraft/MinecraftServer]: [mxStaleOwner: Member 3483d48f-cafd-41f5-a04f-885c25ad7971 removed immediately; station=e8422521-9b0e-4f71-92ff-38e5d900fd22]
[17:54:00] [Server thread/INFO] [io.gi.su.ad.AdvancedRocketryCommunity/]: ARCE_STATION_PERMISSION_MATRIX table=1 action=REMOVE_UUID actor=STALE_OWNER precondition="target an offline member by UUID; reset after an allowed cell" expected=ALLOWED actual=ALLOWED result=PASS registry_changed=yes (reset) chunk_delta=none
[17:54:00] [Server thread/INFO] [io.gi.su.ad.AdvancedRocketryCommunity/]: ARCE_STATION_PERMISSION_MATRIX table=1 action=ACCEPT actor=OWNER precondition="one pending invitation (the invitee's); reset after an allowed cell" expected=INVITATION_MISSING actual=INVITATION_MISSING result=PASS registry_changed=no chunk_delta=none
[17:54:00] [Server thread/INFO] [io.gi.su.ad.AdvancedRocketryCommunity/]: ARCE_STATION_PERMISSION_MATRIX table=1 action=ACCEPT actor=MEMBER precondition="one pending invitation (the invitee's); reset after an allowed cell" expected=INVITATION_MISSING actual=INVITATION_MISSING result=PASS registry_changed=no chunk_delta=none
[17:54:00] [Server thread/INFO] [io.gi.su.ad.AdvancedRocketryCommunity/]: ARCE_STATION_ACCESS action=accept station=e8422521-9b0e-4f71-92ff-38e5d900fd22 actor=8ba5a390-f003-40ff-8916-028dd4a90623 subject=8ba5a390-f003-40ff-8916-028dd4a90623 allowed=true
[17:54:00] [Server thread/INFO] [minecraft/MinecraftServer]: [mx2INVITEE: Station invitation accepted; station=e8422521-9b0e-4f71-92ff-38e5d900fd22]
[17:54:00] [Server thread/INFO] [io.gi.su.ad.AdvancedRocketryCommunity/]: ARCE_STATION_PERMISSION_MATRIX table=1 action=ACCEPT actor=INVITEE precondition="one pending invitation (the invitee's); reset after an allowed cell" expected=ALLOWED actual=ALLOWED result=PASS registry_changed=yes (reset) chunk_delta=none
[17:54:00] [Server thread/INFO] [io.gi.su.ad.AdvancedRocketryCommunity/]: ARCE_STATION_PERMISSION_MATRIX table=1 action=ACCEPT actor=OUTSIDER precondition="one pending invitation (the invitee's); reset after an allowed cell" expected=INVITATION_MISSING actual=INVITATION_MISSING result=PASS registry_changed=no chunk_delta=none
[17:54:00] [Server thread/INFO] [io.gi.su.ad.AdvancedRocketryCommunity/]: ARCE_STATION_PERMISSION_MATRIX table=1 action=ACCEPT actor=OPERATOR precondition="one pending invitation (the invitee's); reset after an allowed cell" expected=INVITATION_MISSING actual=INVITATION_MISSING result=PASS registry_changed=no chunk_delta=none
[17:54:00] [Server thread/INFO] [io.gi.su.ad.AdvancedRocketryCommunity/]: ARCE_STATION_PERMISSION_MATRIX table=1 action=ACCEPT actor=OPERATOR_OUTSIDE precondition="one pending invitation (the invitee's); reset after an allowed cell" expected=INVITATION_MISSING actual=INVITATION_MISSING result=PASS registry_changed=no chunk_delta=none
[17:54:00] [Server thread/INFO] [io.gi.su.ad.AdvancedRocketryCommunity/]: ARCE_STATION_PERMISSION_MATRIX table=1 action=ACCEPT actor=OTHER_STATION_OWNER precondition="one pending invitation (the invitee's); reset after an allowed cell" expected=INVITATION_MISSING actual=INVITATION_MISSING result=PASS registry_changed=no chunk_delta=none
[17:54:00] [Server thread/INFO] [io.gi.su.ad.AdvancedRocketryCommunity/]: ARCE_STATION_PERMISSION_MATRIX table=1 action=ACCEPT actor=REMOVED_MEMBER precondition="one pending invitation (the invitee's); reset after an allowed cell" expected=INVITATION_MISSING actual=INVITATION_MISSING result=PASS registry_changed=no chunk_delta=none
[17:54:00] [Server thread/INFO] [io.gi.su.ad.AdvancedRocketryCommunity/]: ARCE_STATION_PERMISSION_MATRIX table=1 action=ACCEPT actor=PREVIOUS_OWNER precondition="one pending invitation (the invitee's); reset after an allowed cell" expected=INVITATION_MISSING actual=INVITATION_MISSING result=PASS registry_changed=no chunk_delta=none
[17:54:00] [Server thread/INFO] [io.gi.su.ad.AdvancedRocketryCommunity/]: ARCE_STATION_PERMISSION_MATRIX table=1 action=ACCEPT actor=DEOPPED_OPERATOR precondition="one pending invitation (the invitee's); reset after an allowed cell" expected=INVITATION_MISSING actual=INVITATION_MISSING result=PASS registry_changed=no chunk_delta=none
[17:54:00] [Server thread/INFO] [io.gi.su.ad.AdvancedRocketryCommunity/]: ARCE_STATION_PERMISSION_MATRIX table=1 action=ACCEPT actor=CONSOLE precondition="one pending invitation (the invitee's); reset after an allowed cell" expected=NOT_PLAYER actual=NOT_PLAYER result=PASS registry_changed=no chunk_delta=none
[17:54:00] [Server thread/INFO] [io.gi.su.ad.AdvancedRocketryCommunity/]: ARCE_STATION_PERMISSION_MATRIX table=1 action=ACCEPT actor=EXECUTE_AS_OWNER precondition="one pending invitation (the invitee's); reset after an allowed cell" expected=INVITATION_MISSING actual=INVITATION_MISSING result=PASS registry_changed=no chunk_delta=none
[17:54:00] [Server thread/INFO] [io.gi.su.ad.AdvancedRocketryCommunity/]: ARCE_STATION_PERMISSION_MATRIX table=1 action=ACCEPT actor=SILENT_OWNER precondition="one pending invitation (the invitee's); reset after an allowed cell" expected=REJECTED actual=REJECTED result=PASS registry_changed=no chunk_delta=none
[17:54:00] [Server thread/INFO] [io.gi.su.ad.AdvancedRocketryCommunity/]: ARCE_STATION_PERMISSION_MATRIX table=1 action=ACCEPT actor=FAKE_PLAYER_OWNER precondition="one pending invitation (the invitee's); reset after an allowed cell" expected=REJECTED actual=REJECTED result=PASS registry_changed=no chunk_delta=none
[17:54:00] [Server thread/INFO] [io.gi.su.ad.AdvancedRocketryCommunity/]: ARCE_STATION_PERMISSION_MATRIX table=1 action=ACCEPT actor=STALE_OWNER precondition="one pending invitation (the invitee's); reset after an allowed cell" expected=INVITATION_MISSING actual=INVITATION_MISSING result=PASS registry_changed=no chunk_delta=none
[17:54:00] [Server thread/INFO] [io.gi.su.ad.AdvancedRocketryCommunity/]: ARCE_STATION_PERMISSION_MATRIX table=1 action=DECLINE actor=OWNER precondition="one pending invitation (the invitee's); reset after an allowed cell" expected=INVITATION_MISSING actual=INVITATION_MISSING result=PASS registry_changed=no chunk_delta=none
[17:54:00] [Server thread/INFO] [io.gi.su.ad.AdvancedRocketryCommunity/]: ARCE_STATION_PERMISSION_MATRIX table=1 action=DECLINE actor=MEMBER precondition="one pending invitation (the invitee's); reset after an allowed cell" expected=INVITATION_MISSING actual=INVITATION_MISSING result=PASS registry_changed=no chunk_delta=none
[17:54:00] [Server thread/INFO] [io.gi.su.ad.AdvancedRocketryCommunity/]: ARCE_STATION_ACCESS action=decline station=e8422521-9b0e-4f71-92ff-38e5d900fd22 actor=8ba5a390-f003-40ff-8916-028dd4a90623 subject=8ba5a390-f003-40ff-8916-028dd4a90623 allowed=true
[17:54:00] [Server thread/INFO] [minecraft/MinecraftServer]: [mx2INVITEE: Station invitation declined; station=e8422521-9b0e-4f71-92ff-38e5d900fd22]
[17:54:00] [Server thread/INFO] [io.gi.su.ad.AdvancedRocketryCommunity/]: ARCE_STATION_PERMISSION_MATRIX table=1 action=DECLINE actor=INVITEE precondition="one pending invitation (the invitee's); reset after an allowed cell" expected=ALLOWED actual=ALLOWED result=PASS registry_changed=yes (reset) chunk_delta=none
[17:54:00] [Server thread/INFO] [io.gi.su.ad.AdvancedRocketryCommunity/]: ARCE_STATION_PERMISSION_MATRIX table=1 action=DECLINE actor=OUTSIDER precondition="one pending invitation (the invitee's); reset after an allowed cell" expected=INVITATION_MISSING actual=INVITATION_MISSING result=PASS registry_changed=no chunk_delta=none
[17:54:00] [Server thread/INFO] [io.gi.su.ad.AdvancedRocketryCommunity/]: ARCE_STATION_PERMISSION_MATRIX table=1 action=DECLINE actor=OPERATOR precondition="one pending invitation (the invitee's); reset after an allowed cell" expected=INVITATION_MISSING actual=INVITATION_MISSING result=PASS registry_changed=no chunk_delta=none
[17:54:00] [Server thread/INFO] [io.gi.su.ad.AdvancedRocketryCommunity/]: ARCE_STATION_PERMISSION_MATRIX table=1 action=DECLINE actor=OPERATOR_OUTSIDE precondition="one pending invitation (the invitee's); reset after an allowed cell" expected=INVITATION_MISSING actual=INVITATION_MISSING result=PASS registry_changed=no chunk_delta=none
[17:54:00] [Server thread/INFO] [io.gi.su.ad.AdvancedRocketryCommunity/]: ARCE_STATION_PERMISSION_MATRIX table=1 action=DECLINE actor=OTHER_STATION_OWNER precondition="one pending invitation (the invitee's); reset after an allowed cell" expected=INVITATION_MISSING actual=INVITATION_MISSING result=PASS registry_changed=no chunk_delta=none
[17:54:00] [Server thread/INFO] [io.gi.su.ad.AdvancedRocketryCommunity/]: ARCE_STATION_PERMISSION_MATRIX table=1 action=DECLINE actor=REMOVED_MEMBER precondition="one pending invitation (the invitee's); reset after an allowed cell" expected=INVITATION_MISSING actual=INVITATION_MISSING result=PASS registry_changed=no chunk_delta=none
[17:54:00] [Server thread/INFO] [io.gi.su.ad.AdvancedRocketryCommunity/]: ARCE_STATION_PERMISSION_MATRIX table=1 action=DECLINE actor=PREVIOUS_OWNER precondition="one pending invitation (the invitee's); reset after an allowed cell" expected=INVITATION_MISSING actual=INVITATION_MISSING result=PASS registry_changed=no chunk_delta=none
[17:54:00] [Server thread/INFO] [io.gi.su.ad.AdvancedRocketryCommunity/]: ARCE_STATION_PERMISSION_MATRIX table=1 action=DECLINE actor=DEOPPED_OPERATOR precondition="one pending invitation (the invitee's); reset after an allowed cell" expected=INVITATION_MISSING actual=INVITATION_MISSING result=PASS registry_changed=no chunk_delta=none
[17:54:00] [Server thread/INFO] [io.gi.su.ad.AdvancedRocketryCommunity/]: ARCE_STATION_PERMISSION_MATRIX table=1 action=DECLINE actor=CONSOLE precondition="one pending invitation (the invitee's); reset after an allowed cell" expected=NOT_PLAYER actual=NOT_PLAYER result=PASS registry_changed=no chunk_delta=none
[17:54:00] [Server thread/INFO] [io.gi.su.ad.AdvancedRocketryCommunity/]: ARCE_STATION_PERMISSION_MATRIX table=1 action=DECLINE actor=EXECUTE_AS_OWNER precondition="one pending invitation (the invitee's); reset after an allowed cell" expected=INVITATION_MISSING actual=INVITATION_MISSING result=PASS registry_changed=no chunk_delta=none
[17:54:00] [Server thread/INFO] [io.gi.su.ad.AdvancedRocketryCommunity/]: ARCE_STATION_PERMISSION_MATRIX table=1 action=DECLINE actor=SILENT_OWNER precondition="one pending invitation (the invitee's); reset after an allowed cell" expected=REJECTED actual=REJECTED result=PASS registry_changed=no chunk_delta=none
[17:54:00] [Server thread/INFO] [io.gi.su.ad.AdvancedRocketryCommunity/]: ARCE_STATION_PERMISSION_MATRIX table=1 action=DECLINE actor=FAKE_PLAYER_OWNER precondition="one pending invitation (the invitee's); reset after an allowed cell" expected=REJECTED actual=REJECTED result=PASS registry_changed=no chunk_delta=none
[17:54:00] [Server thread/INFO] [io.gi.su.ad.AdvancedRocketryCommunity/]: ARCE_STATION_PERMISSION_MATRIX table=1 action=DECLINE actor=STALE_OWNER precondition="one pending invitation (the invitee's); reset after an allowed cell" expected=INVITATION_MISSING actual=INVITATION_MISSING result=PASS registry_changed=no chunk_delta=none
[17:54:00] [Server thread/INFO] [io.gi.su.ad.AdvancedRocketryCommunity/]: ARCE_STATION_PERMISSION_MATRIX table=1 action=LIST actor=OWNER precondition="none" expected=SEES actual=SEES result=PASS registry_changed=no chunk_delta=none
[17:54:00] [Server thread/INFO] [io.gi.su.ad.AdvancedRocketryCommunity/]: ARCE_STATION_PERMISSION_MATRIX table=1 action=LIST actor=MEMBER precondition="none" expected=SEES actual=SEES result=PASS registry_changed=no chunk_delta=none
[17:54:00] [Server thread/INFO] [io.gi.su.ad.AdvancedRocketryCommunity/]: ARCE_STATION_PERMISSION_MATRIX table=1 action=LIST actor=INVITEE precondition="none" expected=SEES actual=SEES result=PASS registry_changed=no chunk_delta=none
[17:54:00] [Server thread/INFO] [io.gi.su.ad.AdvancedRocketryCommunity/]: ARCE_STATION_PERMISSION_MATRIX table=1 action=LIST actor=OUTSIDER precondition="none" expected=HIDDEN actual=HIDDEN result=PASS registry_changed=no chunk_delta=none
[17:54:00] [Server thread/INFO] [io.gi.su.ad.AdvancedRocketryCommunity/]: ARCE_STATION_PERMISSION_MATRIX table=1 action=LIST actor=OPERATOR precondition="none" expected=SEES actual=SEES result=PASS registry_changed=no chunk_delta=none
[17:54:00] [Server thread/INFO] [io.gi.su.ad.AdvancedRocketryCommunity/]: ARCE_STATION_PERMISSION_MATRIX table=1 action=LIST actor=OPERATOR_OUTSIDE precondition="none" expected=SEES actual=SEES result=PASS registry_changed=no chunk_delta=none
[17:54:00] [Server thread/INFO] [io.gi.su.ad.AdvancedRocketryCommunity/]: ARCE_STATION_PERMISSION_MATRIX table=1 action=LIST actor=OTHER_STATION_OWNER precondition="none" expected=HIDDEN actual=HIDDEN result=PASS registry_changed=no chunk_delta=none
[17:54:00] [Server thread/INFO] [io.gi.su.ad.AdvancedRocketryCommunity/]: ARCE_STATION_PERMISSION_MATRIX table=1 action=LIST actor=REMOVED_MEMBER precondition="none" expected=HIDDEN actual=HIDDEN result=PASS registry_changed=no chunk_delta=none
[17:54:00] [Server thread/INFO] [io.gi.su.ad.AdvancedRocketryCommunity/]: ARCE_STATION_PERMISSION_MATRIX table=1 action=LIST actor=PREVIOUS_OWNER precondition="none" expected=SEES actual=SEES result=PASS registry_changed=no chunk_delta=none
[17:54:00] [Server thread/INFO] [io.gi.su.ad.AdvancedRocketryCommunity/]: ARCE_STATION_PERMISSION_MATRIX table=1 action=LIST actor=DEOPPED_OPERATOR precondition="none" expected=HIDDEN actual=HIDDEN result=PASS registry_changed=no chunk_delta=none
[17:54:00] [Server thread/INFO] [io.gi.su.ad.AdvancedRocketryCommunity/]: ARCE_STATION_PERMISSION_MATRIX table=1 action=LIST actor=CONSOLE precondition="none" expected=SEES actual=SEES result=PASS registry_changed=no chunk_delta=none
[17:54:00] [Server thread/INFO] [io.gi.su.ad.AdvancedRocketryCommunity/]: ARCE_STATION_PERMISSION_MATRIX table=1 action=LIST actor=EXECUTE_AS_OWNER precondition="none" expected=SEES actual=SEES result=PASS registry_changed=no chunk_delta=none
[17:54:00] [Server thread/INFO] [io.gi.su.ad.AdvancedRocketryCommunity/]: ARCE_STATION_PERMISSION_MATRIX table=1 action=LIST actor=SILENT_OWNER precondition="none" expected=SEES actual=SEES result=PASS registry_changed=no chunk_delta=none
[17:54:00] [Server thread/INFO] [io.gi.su.ad.AdvancedRocketryCommunity/]: ARCE_STATION_PERMISSION_MATRIX table=1 action=LIST actor=FAKE_PLAYER_OWNER precondition="none" expected=SEES actual=SEES result=PASS registry_changed=no chunk_delta=none
[17:54:00] [Server thread/INFO] [io.gi.su.ad.AdvancedRocketryCommunity/]: ARCE_STATION_PERMISSION_MATRIX table=1 action=LIST actor=STALE_OWNER precondition="none" expected=SEES actual=SEES result=PASS registry_changed=no chunk_delta=none
[17:54:00] [Server thread/INFO] [io.gi.su.ad.AdvancedRocketryCommunity/]: ARCE_STATION_PERMISSION_MATRIX table=1 action=ADMIN_INSPECT actor=OWNER precondition="none" expected=UNKNOWN_COMMAND actual=UNKNOWN_COMMAND result=PASS registry_changed=no chunk_delta=none
[17:54:00] [Server thread/INFO] [io.gi.su.ad.AdvancedRocketryCommunity/]: ARCE_STATION_PERMISSION_MATRIX table=1 action=ADMIN_INSPECT actor=MEMBER precondition="none" expected=UNKNOWN_COMMAND actual=UNKNOWN_COMMAND result=PASS registry_changed=no chunk_delta=none
[17:54:00] [Server thread/INFO] [io.gi.su.ad.AdvancedRocketryCommunity/]: ARCE_STATION_PERMISSION_MATRIX table=1 action=ADMIN_INSPECT actor=INVITEE precondition="none" expected=UNKNOWN_COMMAND actual=UNKNOWN_COMMAND result=PASS registry_changed=no chunk_delta=none
[17:54:00] [Server thread/INFO] [io.gi.su.ad.AdvancedRocketryCommunity/]: ARCE_STATION_PERMISSION_MATRIX table=1 action=ADMIN_INSPECT actor=OUTSIDER precondition="none" expected=UNKNOWN_COMMAND actual=UNKNOWN_COMMAND result=PASS registry_changed=no chunk_delta=none
[17:54:00] [Server thread/INFO] [io.gi.su.ad.AdvancedRocketryCommunity/]: ARCE_STATION_PERMISSION_MATRIX table=1 action=ADMIN_INSPECT actor=OPERATOR precondition="none" expected=REACHED actual=REACHED result=PASS registry_changed=no chunk_delta=none
[17:54:00] [Server thread/INFO] [io.gi.su.ad.AdvancedRocketryCommunity/]: ARCE_STATION_PERMISSION_MATRIX table=1 action=ADMIN_INSPECT actor=OPERATOR_OUTSIDE precondition="none" expected=REACHED actual=REACHED result=PASS registry_changed=no chunk_delta=none
[17:54:00] [Server thread/INFO] [io.gi.su.ad.AdvancedRocketryCommunity/]: ARCE_STATION_PERMISSION_MATRIX table=1 action=ADMIN_INSPECT actor=OTHER_STATION_OWNER precondition="none" expected=UNKNOWN_COMMAND actual=UNKNOWN_COMMAND result=PASS registry_changed=no chunk_delta=none
[17:54:00] [Server thread/INFO] [io.gi.su.ad.AdvancedRocketryCommunity/]: ARCE_STATION_PERMISSION_MATRIX table=1 action=ADMIN_INSPECT actor=REMOVED_MEMBER precondition="none" expected=UNKNOWN_COMMAND actual=UNKNOWN_COMMAND result=PASS registry_changed=no chunk_delta=none
[17:54:00] [Server thread/INFO] [io.gi.su.ad.AdvancedRocketryCommunity/]: ARCE_STATION_PERMISSION_MATRIX table=1 action=ADMIN_INSPECT actor=PREVIOUS_OWNER precondition="none" expected=UNKNOWN_COMMAND actual=UNKNOWN_COMMAND result=PASS registry_changed=no chunk_delta=none
[17:54:00] [Server thread/INFO] [io.gi.su.ad.AdvancedRocketryCommunity/]: ARCE_STATION_PERMISSION_MATRIX table=1 action=ADMIN_INSPECT actor=DEOPPED_OPERATOR precondition="none" expected=UNKNOWN_COMMAND actual=UNKNOWN_COMMAND result=PASS registry_changed=no chunk_delta=none
[17:54:00] [Server thread/INFO] [io.gi.su.ad.AdvancedRocketryCommunity/]: ARCE_STATION_PERMISSION_MATRIX table=1 action=ADMIN_INSPECT actor=CONSOLE precondition="none" expected=REACHED actual=REACHED result=PASS registry_changed=no chunk_delta=none
[17:54:00] [Server thread/INFO] [io.gi.su.ad.AdvancedRocketryCommunity/]: ARCE_STATION_PERMISSION_MATRIX table=1 action=ADMIN_INSPECT actor=EXECUTE_AS_OWNER precondition="none" expected=REACHED actual=REACHED result=PASS registry_changed=no chunk_delta=none
[17:54:00] [Server thread/INFO] [io.gi.su.ad.AdvancedRocketryCommunity/]: ARCE_STATION_PERMISSION_MATRIX table=1 action=ADMIN_INSPECT actor=SILENT_OWNER precondition="none" expected=UNKNOWN_COMMAND actual=UNKNOWN_COMMAND result=PASS registry_changed=no chunk_delta=none
[17:54:00] [Server thread/INFO] [io.gi.su.ad.AdvancedRocketryCommunity/]: ARCE_STATION_PERMISSION_MATRIX table=1 action=ADMIN_INSPECT actor=FAKE_PLAYER_OWNER precondition="none" expected=UNKNOWN_COMMAND actual=UNKNOWN_COMMAND result=PASS registry_changed=no chunk_delta=none
[17:54:00] [Server thread/INFO] [io.gi.su.ad.AdvancedRocketryCommunity/]: ARCE_STATION_PERMISSION_MATRIX table=1 action=ADMIN_INSPECT actor=STALE_OWNER precondition="none" expected=UNKNOWN_COMMAND actual=UNKNOWN_COMMAND result=PASS registry_changed=no chunk_delta=none
[17:54:00] [Server thread/INFO] [io.gi.su.ad.AdvancedRocketryCommunity/]: ARCE_STATION_PERMISSION_MATRIX table=1 action=ADMIN_DUMP actor=OWNER precondition="none" expected=UNKNOWN_COMMAND actual=UNKNOWN_COMMAND result=PASS registry_changed=no chunk_delta=none
[17:54:00] [Server thread/INFO] [io.gi.su.ad.AdvancedRocketryCommunity/]: ARCE_STATION_PERMISSION_MATRIX table=1 action=ADMIN_DUMP actor=MEMBER precondition="none" expected=UNKNOWN_COMMAND actual=UNKNOWN_COMMAND result=PASS registry_changed=no chunk_delta=none
[17:54:00] [Server thread/INFO] [io.gi.su.ad.AdvancedRocketryCommunity/]: ARCE_STATION_PERMISSION_MATRIX table=1 action=ADMIN_DUMP actor=INVITEE precondition="none" expected=UNKNOWN_COMMAND actual=UNKNOWN_COMMAND result=PASS registry_changed=no chunk_delta=none
[17:54:00] [Server thread/INFO] [io.gi.su.ad.AdvancedRocketryCommunity/]: ARCE_STATION_PERMISSION_MATRIX table=1 action=ADMIN_DUMP actor=OUTSIDER precondition="none" expected=UNKNOWN_COMMAND actual=UNKNOWN_COMMAND result=PASS registry_changed=no chunk_delta=none
[17:54:00] [Server thread/INFO] [io.gi.su.ad.AdvancedRocketryCommunity/]: ARCE_STATION_REGION_DUMP count=2
[17:54:00] [Server thread/INFO] [io.gi.su.ad.AdvancedRocketryCommunity/]: ARCE_STATION_REGION station=b8ed3e29-d9ba-4952-999f-59db08a5c3d2 owner=12b0ad7a-a48e-45ac-a5f2-1311110be6ac cell=1,0 region=768,-256,1279,255 members=0
[17:54:00] [Server thread/INFO] [io.gi.su.ad.AdvancedRocketryCommunity/]: ARCE_STATION_REGION station=e8422521-9b0e-4f71-92ff-38e5d900fd22 owner=b915a449-6711-4691-bd11-45472bbb598e cell=0,0 region=-256,-256,255,255 members=4
[17:54:00] [Server thread/INFO] [minecraft/MinecraftServer]: [mx4OPERATOR: Wrote bounded region dump for 2 stations]
[17:54:00] [Server thread/INFO] [io.gi.su.ad.AdvancedRocketryCommunity/]: ARCE_STATION_PERMISSION_MATRIX table=1 action=ADMIN_DUMP actor=OPERATOR precondition="none" expected=REACHED actual=REACHED result=PASS registry_changed=no chunk_delta=none
[17:54:00] [Server thread/INFO] [io.gi.su.ad.AdvancedRocketryCommunity/]: ARCE_STATION_REGION_DUMP count=2
[17:54:00] [Server thread/INFO] [io.gi.su.ad.AdvancedRocketryCommunity/]: ARCE_STATION_REGION station=b8ed3e29-d9ba-4952-999f-59db08a5c3d2 owner=12b0ad7a-a48e-45ac-a5f2-1311110be6ac cell=1,0 region=768,-256,1279,255 members=0
[17:54:00] [Server thread/INFO] [io.gi.su.ad.AdvancedRocketryCommunity/]: ARCE_STATION_REGION station=e8422521-9b0e-4f71-92ff-38e5d900fd22 owner=b915a449-6711-4691-bd11-45472bbb598e cell=0,0 region=-256,-256,255,255 members=4
[17:54:00] [Server thread/INFO] [minecraft/MinecraftServer]: [mxOpOutside: Wrote bounded region dump for 2 stations]
[17:54:00] [Server thread/INFO] [io.gi.su.ad.AdvancedRocketryCommunity/]: ARCE_STATION_PERMISSION_MATRIX table=1 action=ADMIN_DUMP actor=OPERATOR_OUTSIDE precondition="none" expected=REACHED actual=REACHED result=PASS registry_changed=no chunk_delta=none
[17:54:00] [Server thread/INFO] [io.gi.su.ad.AdvancedRocketryCommunity/]: ARCE_STATION_PERMISSION_MATRIX table=1 action=ADMIN_DUMP actor=OTHER_STATION_OWNER precondition="none" expected=UNKNOWN_COMMAND actual=UNKNOWN_COMMAND result=PASS registry_changed=no chunk_delta=none
[17:54:00] [Server thread/INFO] [io.gi.su.ad.AdvancedRocketryCommunity/]: ARCE_STATION_PERMISSION_MATRIX table=1 action=ADMIN_DUMP actor=REMOVED_MEMBER precondition="none" expected=UNKNOWN_COMMAND actual=UNKNOWN_COMMAND result=PASS registry_changed=no chunk_delta=none
[17:54:00] [Server thread/INFO] [io.gi.su.ad.AdvancedRocketryCommunity/]: ARCE_STATION_PERMISSION_MATRIX table=1 action=ADMIN_DUMP actor=PREVIOUS_OWNER precondition="none" expected=UNKNOWN_COMMAND actual=UNKNOWN_COMMAND result=PASS registry_changed=no chunk_delta=none
[17:54:00] [Server thread/INFO] [io.gi.su.ad.AdvancedRocketryCommunity/]: ARCE_STATION_PERMISSION_MATRIX table=1 action=ADMIN_DUMP actor=DEOPPED_OPERATOR precondition="none" expected=UNKNOWN_COMMAND actual=UNKNOWN_COMMAND result=PASS registry_changed=no chunk_delta=none
[17:54:00] [Server thread/INFO] [io.gi.su.ad.AdvancedRocketryCommunity/]: ARCE_STATION_REGION_DUMP count=2
[17:54:00] [Server thread/INFO] [io.gi.su.ad.AdvancedRocketryCommunity/]: ARCE_STATION_REGION station=b8ed3e29-d9ba-4952-999f-59db08a5c3d2 owner=12b0ad7a-a48e-45ac-a5f2-1311110be6ac cell=1,0 region=768,-256,1279,255 members=0
[17:54:00] [Server thread/INFO] [io.gi.su.ad.AdvancedRocketryCommunity/]: ARCE_STATION_REGION station=e8422521-9b0e-4f71-92ff-38e5d900fd22 owner=b915a449-6711-4691-bd11-45472bbb598e cell=0,0 region=-256,-256,255,255 members=4
[17:54:00] [Server thread/INFO] [io.gi.su.ad.AdvancedRocketryCommunity/]: ARCE_STATION_PERMISSION_MATRIX table=1 action=ADMIN_DUMP actor=CONSOLE precondition="none" expected=REACHED actual=REACHED result=PASS registry_changed=no chunk_delta=none
[17:54:00] [Server thread/INFO] [io.gi.su.ad.AdvancedRocketryCommunity/]: ARCE_STATION_REGION_DUMP count=2
[17:54:00] [Server thread/INFO] [io.gi.su.ad.AdvancedRocketryCommunity/]: ARCE_STATION_REGION station=b8ed3e29-d9ba-4952-999f-59db08a5c3d2 owner=12b0ad7a-a48e-45ac-a5f2-1311110be6ac cell=1,0 region=768,-256,1279,255 members=0
[17:54:00] [Server thread/INFO] [io.gi.su.ad.AdvancedRocketryCommunity/]: ARCE_STATION_REGION station=e8422521-9b0e-4f71-92ff-38e5d900fd22 owner=b915a449-6711-4691-bd11-45472bbb598e cell=0,0 region=-256,-256,255,255 members=4
[17:54:00] [Server thread/INFO] [io.gi.su.ad.AdvancedRocketryCommunity/]: ARCE_STATION_PERMISSION_MATRIX table=1 action=ADMIN_DUMP actor=EXECUTE_AS_OWNER precondition="none" expected=REACHED actual=REACHED result=PASS registry_changed=no chunk_delta=none
[17:54:00] [Server thread/INFO] [io.gi.su.ad.AdvancedRocketryCommunity/]: ARCE_STATION_PERMISSION_MATRIX table=1 action=ADMIN_DUMP actor=SILENT_OWNER precondition="none" expected=UNKNOWN_COMMAND actual=UNKNOWN_COMMAND result=PASS registry_changed=no chunk_delta=none
[17:54:00] [Server thread/INFO] [io.gi.su.ad.AdvancedRocketryCommunity/]: ARCE_STATION_PERMISSION_MATRIX table=1 action=ADMIN_DUMP actor=FAKE_PLAYER_OWNER precondition="none" expected=UNKNOWN_COMMAND actual=UNKNOWN_COMMAND result=PASS registry_changed=no chunk_delta=none
[17:54:00] [Server thread/INFO] [io.gi.su.ad.AdvancedRocketryCommunity/]: ARCE_STATION_PERMISSION_MATRIX table=1 action=ADMIN_DUMP actor=STALE_OWNER precondition="none" expected=UNKNOWN_COMMAND actual=UNKNOWN_COMMAND result=PASS registry_changed=no chunk_delta=none
[17:54:00] [Server thread/INFO] [io.gi.su.ad.AdvancedRocketryCommunity/]: ARCE_STATION_PERMISSION_MATRIX table=1 action=ADMIN_RECOVER_RESERVATIONS actor=OWNER precondition="no stale reservation" expected=UNKNOWN_COMMAND actual=UNKNOWN_COMMAND result=PASS registry_changed=no chunk_delta=none
[17:54:00] [Server thread/INFO] [io.gi.su.ad.AdvancedRocketryCommunity/]: ARCE_STATION_PERMISSION_MATRIX table=1 action=ADMIN_RECOVER_RESERVATIONS actor=MEMBER precondition="no stale reservation" expected=UNKNOWN_COMMAND actual=UNKNOWN_COMMAND result=PASS registry_changed=no chunk_delta=none
[17:54:00] [Server thread/INFO] [io.gi.su.ad.AdvancedRocketryCommunity/]: ARCE_STATION_PERMISSION_MATRIX table=1 action=ADMIN_RECOVER_RESERVATIONS actor=INVITEE precondition="no stale reservation" expected=UNKNOWN_COMMAND actual=UNKNOWN_COMMAND result=PASS registry_changed=no chunk_delta=none
[17:54:00] [Server thread/INFO] [io.gi.su.ad.AdvancedRocketryCommunity/]: ARCE_STATION_PERMISSION_MATRIX table=1 action=ADMIN_RECOVER_RESERVATIONS actor=OUTSIDER precondition="no stale reservation" expected=UNKNOWN_COMMAND actual=UNKNOWN_COMMAND result=PASS registry_changed=no chunk_delta=none
[17:54:00] [Server thread/INFO] [minecraft/MinecraftServer]: [mx4OPERATOR: Recovered 0 station reservations]
[17:54:00] [Server thread/INFO] [io.gi.su.ad.AdvancedRocketryCommunity/]: ARCE_STATION_PERMISSION_MATRIX table=1 action=ADMIN_RECOVER_RESERVATIONS actor=OPERATOR precondition="no stale reservation" expected=REACHED actual=REACHED result=PASS registry_changed=no chunk_delta=none
[17:54:00] [Server thread/INFO] [minecraft/MinecraftServer]: [mxOpOutside: Recovered 0 station reservations]
[17:54:00] [Server thread/INFO] [io.gi.su.ad.AdvancedRocketryCommunity/]: ARCE_STATION_PERMISSION_MATRIX table=1 action=ADMIN_RECOVER_RESERVATIONS actor=OPERATOR_OUTSIDE precondition="no stale reservation" expected=REACHED actual=REACHED result=PASS registry_changed=no chunk_delta=none
[17:54:00] [Server thread/INFO] [io.gi.su.ad.AdvancedRocketryCommunity/]: ARCE_STATION_PERMISSION_MATRIX table=1 action=ADMIN_RECOVER_RESERVATIONS actor=OTHER_STATION_OWNER precondition="no stale reservation" expected=UNKNOWN_COMMAND actual=UNKNOWN_COMMAND result=PASS registry_changed=no chunk_delta=none
[17:54:00] [Server thread/INFO] [io.gi.su.ad.AdvancedRocketryCommunity/]: ARCE_STATION_PERMISSION_MATRIX table=1 action=ADMIN_RECOVER_RESERVATIONS actor=REMOVED_MEMBER precondition="no stale reservation" expected=UNKNOWN_COMMAND actual=UNKNOWN_COMMAND result=PASS registry_changed=no chunk_delta=none
[17:54:00] [Server thread/INFO] [io.gi.su.ad.AdvancedRocketryCommunity/]: ARCE_STATION_PERMISSION_MATRIX table=1 action=ADMIN_RECOVER_RESERVATIONS actor=PREVIOUS_OWNER precondition="no stale reservation" expected=UNKNOWN_COMMAND actual=UNKNOWN_COMMAND result=PASS registry_changed=no chunk_delta=none
[17:54:00] [Server thread/INFO] [io.gi.su.ad.AdvancedRocketryCommunity/]: ARCE_STATION_PERMISSION_MATRIX table=1 action=ADMIN_RECOVER_RESERVATIONS actor=DEOPPED_OPERATOR precondition="no stale reservation" expected=UNKNOWN_COMMAND actual=UNKNOWN_COMMAND result=PASS registry_changed=no chunk_delta=none
[17:54:00] [Server thread/INFO] [io.gi.su.ad.AdvancedRocketryCommunity/]: ARCE_STATION_PERMISSION_MATRIX table=1 action=ADMIN_RECOVER_RESERVATIONS actor=CONSOLE precondition="no stale reservation" expected=REACHED actual=REACHED result=PASS registry_changed=no chunk_delta=none
[17:54:00] [Server thread/INFO] [io.gi.su.ad.AdvancedRocketryCommunity/]: ARCE_STATION_PERMISSION_MATRIX table=1 action=ADMIN_RECOVER_RESERVATIONS actor=EXECUTE_AS_OWNER precondition="no stale reservation" expected=REACHED actual=REACHED result=PASS registry_changed=no chunk_delta=none
[17:54:00] [Server thread/INFO] [io.gi.su.ad.AdvancedRocketryCommunity/]: ARCE_STATION_PERMISSION_MATRIX table=1 action=ADMIN_RECOVER_RESERVATIONS actor=SILENT_OWNER precondition="no stale reservation" expected=UNKNOWN_COMMAND actual=UNKNOWN_COMMAND result=PASS registry_changed=no chunk_delta=none
[17:54:00] [Server thread/INFO] [io.gi.su.ad.AdvancedRocketryCommunity/]: ARCE_STATION_PERMISSION_MATRIX table=1 action=ADMIN_RECOVER_RESERVATIONS actor=FAKE_PLAYER_OWNER precondition="no stale reservation" expected=UNKNOWN_COMMAND actual=UNKNOWN_COMMAND result=PASS registry_changed=no chunk_delta=none
[17:54:00] [Server thread/INFO] [io.gi.su.ad.AdvancedRocketryCommunity/]: ARCE_STATION_PERMISSION_MATRIX table=1 action=ADMIN_RECOVER_RESERVATIONS actor=STALE_OWNER precondition="no stale reservation" expected=UNKNOWN_COMMAND actual=UNKNOWN_COMMAND result=PASS registry_changed=no chunk_delta=none
[17:54:00] [Server thread/INFO] [io.gi.su.ad.AdvancedRocketryCommunity/]: ARCE_STATION_PERMISSION_MATRIX table=1 action=ADMIN_WARP actor=OWNER precondition="none" expected=UNKNOWN_COMMAND actual=UNKNOWN_COMMAND result=PASS registry_changed=no chunk_delta=none
[17:54:00] [Server thread/INFO] [io.gi.su.ad.AdvancedRocketryCommunity/]: ARCE_STATION_PERMISSION_MATRIX table=1 action=ADMIN_WARP actor=MEMBER precondition="none" expected=UNKNOWN_COMMAND actual=UNKNOWN_COMMAND result=PASS registry_changed=no chunk_delta=none
[17:54:00] [Server thread/INFO] [io.gi.su.ad.AdvancedRocketryCommunity/]: ARCE_STATION_PERMISSION_MATRIX table=1 action=ADMIN_WARP actor=INVITEE precondition="none" expected=UNKNOWN_COMMAND actual=UNKNOWN_COMMAND result=PASS registry_changed=no chunk_delta=none
[17:54:00] [Server thread/INFO] [io.gi.su.ad.AdvancedRocketryCommunity/]: ARCE_STATION_PERMISSION_MATRIX table=1 action=ADMIN_WARP actor=OUTSIDER precondition="none" expected=UNKNOWN_COMMAND actual=UNKNOWN_COMMAND result=PASS registry_changed=no chunk_delta=none
[17:54:00] [Server thread/INFO] [io.gi.su.ad.AdvancedRocketryCommunity/]: ARCE_STATION_PERMISSION_MATRIX table=1 action=ADMIN_WARP actor=OPERATOR precondition="none" expected=REACHED actual=REACHED result=PASS registry_changed=no chunk_delta=none
[17:54:00] [Server thread/INFO] [io.gi.su.ad.AdvancedRocketryCommunity/]: ARCE_STATION_PERMISSION_MATRIX table=1 action=ADMIN_WARP actor=OPERATOR_OUTSIDE precondition="none" expected=REACHED actual=REACHED result=PASS registry_changed=no chunk_delta=none
[17:54:00] [Server thread/INFO] [io.gi.su.ad.AdvancedRocketryCommunity/]: ARCE_STATION_PERMISSION_MATRIX table=1 action=ADMIN_WARP actor=OTHER_STATION_OWNER precondition="none" expected=UNKNOWN_COMMAND actual=UNKNOWN_COMMAND result=PASS registry_changed=no chunk_delta=none
[17:54:00] [Server thread/INFO] [io.gi.su.ad.AdvancedRocketryCommunity/]: ARCE_STATION_PERMISSION_MATRIX table=1 action=ADMIN_WARP actor=REMOVED_MEMBER precondition="none" expected=UNKNOWN_COMMAND actual=UNKNOWN_COMMAND result=PASS registry_changed=no chunk_delta=none
[17:54:00] [Server thread/INFO] [io.gi.su.ad.AdvancedRocketryCommunity/]: ARCE_STATION_PERMISSION_MATRIX table=1 action=ADMIN_WARP actor=PREVIOUS_OWNER precondition="none" expected=UNKNOWN_COMMAND actual=UNKNOWN_COMMAND result=PASS registry_changed=no chunk_delta=none
[17:54:00] [Server thread/INFO] [io.gi.su.ad.AdvancedRocketryCommunity/]: ARCE_STATION_PERMISSION_MATRIX table=1 action=ADMIN_WARP actor=DEOPPED_OPERATOR precondition="none" expected=UNKNOWN_COMMAND actual=UNKNOWN_COMMAND result=PASS registry_changed=no chunk_delta=none
[17:54:00] [Server thread/INFO] [io.gi.su.ad.AdvancedRocketryCommunity/]: ARCE_STATION_PERMISSION_MATRIX table=1 action=ADMIN_WARP actor=CONSOLE precondition="none" expected=REACHED actual=REACHED result=PASS registry_changed=no chunk_delta=none
[17:54:00] [Server thread/INFO] [io.gi.su.ad.AdvancedRocketryCommunity/]: ARCE_STATION_PERMISSION_MATRIX table=1 action=ADMIN_WARP actor=EXECUTE_AS_OWNER precondition="none" expected=REACHED actual=REACHED result=PASS registry_changed=no chunk_delta=none
[17:54:00] [Server thread/INFO] [io.gi.su.ad.AdvancedRocketryCommunity/]: ARCE_STATION_PERMISSION_MATRIX table=1 action=ADMIN_WARP actor=SILENT_OWNER precondition="none" expected=UNKNOWN_COMMAND actual=UNKNOWN_COMMAND result=PASS registry_changed=no chunk_delta=none
[17:54:00] [Server thread/INFO] [io.gi.su.ad.AdvancedRocketryCommunity/]: ARCE_STATION_PERMISSION_MATRIX table=1 action=ADMIN_WARP actor=FAKE_PLAYER_OWNER precondition="none" expected=UNKNOWN_COMMAND actual=UNKNOWN_COMMAND result=PASS registry_changed=no chunk_delta=none
[17:54:00] [Server thread/INFO] [io.gi.su.ad.AdvancedRocketryCommunity/]: ARCE_STATION_PERMISSION_MATRIX table=1 action=ADMIN_WARP actor=STALE_OWNER precondition="none" expected=UNKNOWN_COMMAND actual=UNKNOWN_COMMAND result=PASS registry_changed=no chunk_delta=none
[17:54:00] [Server thread/INFO] [io.gi.su.ad.AdvancedRocketryCommunity/]: ARCE_STATION_PERMISSION_MATRIX table=1 action=ADMIN_ELEVATOR_CHECK actor=OWNER precondition="none" expected=UNKNOWN_COMMAND actual=UNKNOWN_COMMAND result=PASS registry_changed=no chunk_delta=none
[17:54:00] [Server thread/INFO] [io.gi.su.ad.AdvancedRocketryCommunity/]: ARCE_STATION_PERMISSION_MATRIX table=1 action=ADMIN_ELEVATOR_CHECK actor=MEMBER precondition="none" expected=UNKNOWN_COMMAND actual=UNKNOWN_COMMAND result=PASS registry_changed=no chunk_delta=none
[17:54:00] [Server thread/INFO] [io.gi.su.ad.AdvancedRocketryCommunity/]: ARCE_STATION_PERMISSION_MATRIX table=1 action=ADMIN_ELEVATOR_CHECK actor=INVITEE precondition="none" expected=UNKNOWN_COMMAND actual=UNKNOWN_COMMAND result=PASS registry_changed=no chunk_delta=none
[17:54:00] [Server thread/INFO] [io.gi.su.ad.AdvancedRocketryCommunity/]: ARCE_STATION_PERMISSION_MATRIX table=1 action=ADMIN_ELEVATOR_CHECK actor=OUTSIDER precondition="none" expected=UNKNOWN_COMMAND actual=UNKNOWN_COMMAND result=PASS registry_changed=no chunk_delta=none
[17:54:00] [Server thread/INFO] [io.gi.su.ad.AdvancedRocketryCommunity/]: ARCE_STATION_ELEVATOR_CHECK actor=e5b44b99-915b-4f26-9b99-562ec6588071 operator=true station=e8422521-9b0e-4f71-92ff-38e5d900fd22 body=advancedrocketrycommunity:earth x=0 z=0 rule=0 result=VALID
[17:54:00] [Server thread/INFO] [io.gi.su.ad.AdvancedRocketryCommunity/]: ARCE_STATION_PERMISSION_MATRIX table=1 action=ADMIN_ELEVATOR_CHECK actor=OPERATOR precondition="none" expected=REACHED actual=REACHED result=PASS registry_changed=no chunk_delta=none
[17:54:00] [Server thread/INFO] [io.gi.su.ad.AdvancedRocketryCommunity/]: ARCE_STATION_ELEVATOR_CHECK actor=231a977d-3f0b-47a7-b8a8-79ed11090e7d operator=true station=e8422521-9b0e-4f71-92ff-38e5d900fd22 body=advancedrocketrycommunity:earth x=0 z=0 rule=0 result=VALID
[17:54:00] [Server thread/INFO] [io.gi.su.ad.AdvancedRocketryCommunity/]: ARCE_STATION_PERMISSION_MATRIX table=1 action=ADMIN_ELEVATOR_CHECK actor=OPERATOR_OUTSIDE precondition="none" expected=REACHED actual=REACHED result=PASS registry_changed=no chunk_delta=none
[17:54:00] [Server thread/INFO] [io.gi.su.ad.AdvancedRocketryCommunity/]: ARCE_STATION_PERMISSION_MATRIX table=1 action=ADMIN_ELEVATOR_CHECK actor=OTHER_STATION_OWNER precondition="none" expected=UNKNOWN_COMMAND actual=UNKNOWN_COMMAND result=PASS registry_changed=no chunk_delta=none
[17:54:00] [Server thread/INFO] [io.gi.su.ad.AdvancedRocketryCommunity/]: ARCE_STATION_PERMISSION_MATRIX table=1 action=ADMIN_ELEVATOR_CHECK actor=REMOVED_MEMBER precondition="none" expected=UNKNOWN_COMMAND actual=UNKNOWN_COMMAND result=PASS registry_changed=no chunk_delta=none
[17:54:00] [Server thread/INFO] [io.gi.su.ad.AdvancedRocketryCommunity/]: ARCE_STATION_PERMISSION_MATRIX table=1 action=ADMIN_ELEVATOR_CHECK actor=PREVIOUS_OWNER precondition="none" expected=UNKNOWN_COMMAND actual=UNKNOWN_COMMAND result=PASS registry_changed=no chunk_delta=none
[17:54:00] [Server thread/INFO] [io.gi.su.ad.AdvancedRocketryCommunity/]: ARCE_STATION_PERMISSION_MATRIX table=1 action=ADMIN_ELEVATOR_CHECK actor=DEOPPED_OPERATOR precondition="none" expected=UNKNOWN_COMMAND actual=UNKNOWN_COMMAND result=PASS registry_changed=no chunk_delta=none
[17:54:00] [Server thread/INFO] [io.gi.su.ad.AdvancedRocketryCommunity/]: ARCE_STATION_ELEVATOR_CHECK actor=00000000-0000-0000-0000-000000000007 operator=true station=e8422521-9b0e-4f71-92ff-38e5d900fd22 body=advancedrocketrycommunity:earth x=0 z=0 rule=0 result=VALID
[17:54:00] [Server thread/INFO] [io.gi.su.ad.AdvancedRocketryCommunity/]: ARCE_STATION_PERMISSION_MATRIX table=1 action=ADMIN_ELEVATOR_CHECK actor=CONSOLE precondition="none" expected=REACHED actual=REACHED result=PASS registry_changed=no chunk_delta=none
[17:54:00] [Server thread/INFO] [io.gi.su.ad.AdvancedRocketryCommunity/]: ARCE_STATION_ELEVATOR_CHECK actor=b915a449-6711-4691-bd11-45472bbb598e operator=true station=e8422521-9b0e-4f71-92ff-38e5d900fd22 body=advancedrocketrycommunity:earth x=0 z=0 rule=0 result=VALID
[17:54:00] [Server thread/INFO] [io.gi.su.ad.AdvancedRocketryCommunity/]: ARCE_STATION_PERMISSION_MATRIX table=1 action=ADMIN_ELEVATOR_CHECK actor=EXECUTE_AS_OWNER precondition="none" expected=REACHED actual=REACHED result=PASS registry_changed=no chunk_delta=none
[17:54:00] [Server thread/INFO] [io.gi.su.ad.AdvancedRocketryCommunity/]: ARCE_STATION_PERMISSION_MATRIX table=1 action=ADMIN_ELEVATOR_CHECK actor=SILENT_OWNER precondition="none" expected=UNKNOWN_COMMAND actual=UNKNOWN_COMMAND result=PASS registry_changed=no chunk_delta=none
[17:54:00] [Server thread/INFO] [io.gi.su.ad.AdvancedRocketryCommunity/]: ARCE_STATION_PERMISSION_MATRIX table=1 action=ADMIN_ELEVATOR_CHECK actor=FAKE_PLAYER_OWNER precondition="none" expected=UNKNOWN_COMMAND actual=UNKNOWN_COMMAND result=PASS registry_changed=no chunk_delta=none
[17:54:00] [Server thread/INFO] [io.gi.su.ad.AdvancedRocketryCommunity/]: ARCE_STATION_PERMISSION_MATRIX table=1 action=ADMIN_ELEVATOR_CHECK actor=STALE_OWNER precondition="none" expected=UNKNOWN_COMMAND actual=UNKNOWN_COMMAND result=PASS registry_changed=no chunk_delta=none
[17:54:00] [Server thread/INFO] [io.gi.su.ad.AdvancedRocketryCommunity/]: ARCE_STATION_PERMISSION_MATRIX table=1 action=ADMIN_TRANSFER actor=OWNER precondition="transfer to the current owner (no change)" expected=UNKNOWN_COMMAND actual=UNKNOWN_COMMAND result=PASS registry_changed=no chunk_delta=none
[17:54:00] [Server thread/INFO] [io.gi.su.ad.AdvancedRocketryCommunity/]: ARCE_STATION_PERMISSION_MATRIX table=1 action=ADMIN_TRANSFER actor=MEMBER precondition="transfer to the current owner (no change)" expected=UNKNOWN_COMMAND actual=UNKNOWN_COMMAND result=PASS registry_changed=no chunk_delta=none
[17:54:00] [Server thread/INFO] [io.gi.su.ad.AdvancedRocketryCommunity/]: ARCE_STATION_PERMISSION_MATRIX table=1 action=ADMIN_TRANSFER actor=INVITEE precondition="transfer to the current owner (no change)" expected=UNKNOWN_COMMAND actual=UNKNOWN_COMMAND result=PASS registry_changed=no chunk_delta=none
[17:54:00] [Server thread/INFO] [io.gi.su.ad.AdvancedRocketryCommunity/]: ARCE_STATION_PERMISSION_MATRIX table=1 action=ADMIN_TRANSFER actor=OUTSIDER precondition="transfer to the current owner (no change)" expected=UNKNOWN_COMMAND actual=UNKNOWN_COMMAND result=PASS registry_changed=no chunk_delta=none
[17:54:00] [Server thread/INFO] [io.gi.su.ad.AdvancedRocketryCommunity/]: ARCE_STATION_ACCESS action=transfer station=e8422521-9b0e-4f71-92ff-38e5d900fd22 actor=e5b44b99-915b-4f26-9b99-562ec6588071 subject=b915a449-6711-4691-bd11-45472bbb598e allowed=true
[17:54:00] [Server thread/INFO] [minecraft/MinecraftServer]: [mx4OPERATOR: Station ownership transferred; station=e8422521-9b0e-4f71-92ff-38e5d900fd22]
[17:54:00] [Server thread/INFO] [io.gi.su.ad.AdvancedRocketryCommunity/]: ARCE_STATION_PERMISSION_MATRIX table=1 action=ADMIN_TRANSFER actor=OPERATOR precondition="transfer to the current owner (no change)" expected=REACHED actual=REACHED result=PASS registry_changed=no chunk_delta=none
[17:54:00] [Server thread/INFO] [io.gi.su.ad.AdvancedRocketryCommunity/]: ARCE_STATION_ACCESS action=transfer station=e8422521-9b0e-4f71-92ff-38e5d900fd22 actor=231a977d-3f0b-47a7-b8a8-79ed11090e7d subject=b915a449-6711-4691-bd11-45472bbb598e allowed=true
[17:54:00] [Server thread/INFO] [minecraft/MinecraftServer]: [mxOpOutside: Station ownership transferred; station=e8422521-9b0e-4f71-92ff-38e5d900fd22]
[17:54:00] [Server thread/INFO] [io.gi.su.ad.AdvancedRocketryCommunity/]: ARCE_STATION_PERMISSION_MATRIX table=1 action=ADMIN_TRANSFER actor=OPERATOR_OUTSIDE precondition="transfer to the current owner (no change)" expected=REACHED actual=REACHED result=PASS registry_changed=no chunk_delta=none
[17:54:00] [Server thread/INFO] [io.gi.su.ad.AdvancedRocketryCommunity/]: ARCE_STATION_PERMISSION_MATRIX table=1 action=ADMIN_TRANSFER actor=OTHER_STATION_OWNER precondition="transfer to the current owner (no change)" expected=UNKNOWN_COMMAND actual=UNKNOWN_COMMAND result=PASS registry_changed=no chunk_delta=none
[17:54:00] [Server thread/INFO] [io.gi.su.ad.AdvancedRocketryCommunity/]: ARCE_STATION_PERMISSION_MATRIX table=1 action=ADMIN_TRANSFER actor=REMOVED_MEMBER precondition="transfer to the current owner (no change)" expected=UNKNOWN_COMMAND actual=UNKNOWN_COMMAND result=PASS registry_changed=no chunk_delta=none
[17:54:00] [Server thread/INFO] [io.gi.su.ad.AdvancedRocketryCommunity/]: ARCE_STATION_PERMISSION_MATRIX table=1 action=ADMIN_TRANSFER actor=PREVIOUS_OWNER precondition="transfer to the current owner (no change)" expected=UNKNOWN_COMMAND actual=UNKNOWN_COMMAND result=PASS registry_changed=no chunk_delta=none
[17:54:00] [Server thread/INFO] [io.gi.su.ad.AdvancedRocketryCommunity/]: ARCE_STATION_PERMISSION_MATRIX table=1 action=ADMIN_TRANSFER actor=DEOPPED_OPERATOR precondition="transfer to the current owner (no change)" expected=UNKNOWN_COMMAND actual=UNKNOWN_COMMAND result=PASS registry_changed=no chunk_delta=none
[17:54:00] [Server thread/INFO] [io.gi.su.ad.AdvancedRocketryCommunity/]: ARCE_STATION_ACCESS action=transfer station=e8422521-9b0e-4f71-92ff-38e5d900fd22 actor=00000000-0000-0000-0000-000000000007 subject=b915a449-6711-4691-bd11-45472bbb598e allowed=true
[17:54:00] [Server thread/INFO] [io.gi.su.ad.AdvancedRocketryCommunity/]: ARCE_STATION_PERMISSION_MATRIX table=1 action=ADMIN_TRANSFER actor=CONSOLE precondition="transfer to the current owner (no change)" expected=REACHED actual=REACHED result=PASS registry_changed=no chunk_delta=none
[17:54:00] [Server thread/INFO] [io.gi.su.ad.AdvancedRocketryCommunity/]: ARCE_STATION_ACCESS action=transfer station=e8422521-9b0e-4f71-92ff-38e5d900fd22 actor=b915a449-6711-4691-bd11-45472bbb598e subject=b915a449-6711-4691-bd11-45472bbb598e allowed=true
[17:54:00] [Server thread/INFO] [io.gi.su.ad.AdvancedRocketryCommunity/]: ARCE_STATION_PERMISSION_MATRIX table=1 action=ADMIN_TRANSFER actor=EXECUTE_AS_OWNER precondition="transfer to the current owner (no change)" expected=REACHED actual=REACHED result=PASS registry_changed=no chunk_delta=none
[17:54:00] [Server thread/INFO] [io.gi.su.ad.AdvancedRocketryCommunity/]: ARCE_STATION_PERMISSION_MATRIX table=1 action=ADMIN_TRANSFER actor=SILENT_OWNER precondition="transfer to the current owner (no change)" expected=UNKNOWN_COMMAND actual=UNKNOWN_COMMAND result=PASS registry_changed=no chunk_delta=none
[17:54:00] [Server thread/INFO] [io.gi.su.ad.AdvancedRocketryCommunity/]: ARCE_STATION_PERMISSION_MATRIX table=1 action=ADMIN_TRANSFER actor=FAKE_PLAYER_OWNER precondition="transfer to the current owner (no change)" expected=UNKNOWN_COMMAND actual=UNKNOWN_COMMAND result=PASS registry_changed=no chunk_delta=none
[17:54:00] [Server thread/INFO] [io.gi.su.ad.AdvancedRocketryCommunity/]: ARCE_STATION_PERMISSION_MATRIX table=1 action=ADMIN_TRANSFER actor=STALE_OWNER precondition="transfer to the current owner (no change)" expected=UNKNOWN_COMMAND actual=UNKNOWN_COMMAND result=PASS registry_changed=no chunk_delta=none
[17:54:00] [Server thread/INFO] [io.gi.su.ad.AdvancedRocketryCommunity/]: ARCE_STATION_PERMISSION_MATRIX table=1 action=ADMIN_CREATE_DELETE actor=OWNER precondition="create then delete a station; executed for OPERATOR and CONSOLE" expected=UNKNOWN_COMMAND actual=UNKNOWN_COMMAND result=PASS registry_changed=no chunk_delta=none
[17:54:00] [Server thread/INFO] [io.gi.su.ad.AdvancedRocketryCommunity/]: ARCE_STATION_PERMISSION_MATRIX table=1 action=ADMIN_CREATE_DELETE actor=MEMBER precondition="create then delete a station; executed for OPERATOR and CONSOLE" expected=UNKNOWN_COMMAND actual=UNKNOWN_COMMAND result=PASS registry_changed=no chunk_delta=none
[17:54:00] [Server thread/INFO] [io.gi.su.ad.AdvancedRocketryCommunity/]: ARCE_STATION_PERMISSION_MATRIX table=1 action=ADMIN_CREATE_DELETE actor=INVITEE precondition="create then delete a station; executed for OPERATOR and CONSOLE" expected=UNKNOWN_COMMAND actual=UNKNOWN_COMMAND result=PASS registry_changed=no chunk_delta=none
[17:54:00] [Server thread/INFO] [io.gi.su.ad.AdvancedRocketryCommunity/]: ARCE_STATION_PERMISSION_MATRIX table=1 action=ADMIN_CREATE_DELETE actor=OUTSIDER precondition="create then delete a station; executed for OPERATOR and CONSOLE" expected=UNKNOWN_COMMAND actual=UNKNOWN_COMMAND result=PASS registry_changed=no chunk_delta=none
[17:54:00] [Server thread/INFO] [io.gi.su.ad.AdvancedRocketryCommunity/]: ARCE_STATION_TRANSACTION action=creation_committed station=62646d75-e76b-4959-8c6a-4a45a643f5e5 owner=b7b50df5-b49e-4952-b8a9-a8699d682611 cell=1,1 region=768,768,1279,1279 inspected=289 changed=289 chunks=4 detail=generated
[17:54:00] [Server thread/INFO] [minecraft/MinecraftServer]: [mx4OPERATOR: Created Matrix temporary id=62646d75-e76b-4959-8c6a-4a45a643f5e5 cell=1,1]
[17:54:00] [Server thread/WARN] [io.gi.su.ad.AdvancedRocketryCommunity/]: ARCE_STATION_DELETE_BACKUP station=62646d75-e76b-4959-8c6a-4a45a643f5e5 owner=b7b50df5-b49e-4952-b8a9-a8699d682611 members=[] cell=1,1 region=768,768,1279,1279
[17:54:00] [Server thread/WARN] [io.gi.su.ad.AdvancedRocketryCommunity/]: ARCE_STATION_DELETED station=62646d75-e76b-4959-8c6a-4a45a643f5e5 actor=e5b44b99-915b-4f26-9b99-562ec6588071 inspected=289 removed=289 chunks=4
[17:54:00] [Server thread/INFO] [minecraft/MinecraftServer]: [mx4OPERATOR: Station deleted; unmatched player construction was left as an orphan; station=62646d75-e76b-4959-8c6a-4a45a643f5e5]
[17:54:00] [Server thread/INFO] [io.gi.su.ad.AdvancedRocketryCommunity/]: ARCE_STATION_PERMISSION_MATRIX table=1 action=ADMIN_CREATE_DELETE actor=OPERATOR precondition="create then delete a station; executed for OPERATOR and CONSOLE" expected=REACHED actual=REACHED result=PASS registry_changed=no chunk_delta={ResourceKey[minecraft:dimension / advancedrocketrycommunity:space]=676} cell_full_chunks=4
[17:54:00] [Server thread/INFO] [io.gi.su.ad.AdvancedRocketryCommunity/]: ARCE_STATION_PERMISSION_MATRIX table=1 action=ADMIN_CREATE_DELETE actor=OPERATOR_OUTSIDE precondition="create then delete a station; executed for OPERATOR and CONSOLE" expected=REACHED actual=REACHED result=PASS registry_changed=no chunk_delta=none
[17:54:00] [Server thread/INFO] [io.gi.su.ad.AdvancedRocketryCommunity/]: ARCE_STATION_PERMISSION_MATRIX table=1 action=ADMIN_CREATE_DELETE actor=OTHER_STATION_OWNER precondition="create then delete a station; executed for OPERATOR and CONSOLE" expected=UNKNOWN_COMMAND actual=UNKNOWN_COMMAND result=PASS registry_changed=no chunk_delta=none
[17:54:00] [Server thread/INFO] [io.gi.su.ad.AdvancedRocketryCommunity/]: ARCE_STATION_PERMISSION_MATRIX table=1 action=ADMIN_CREATE_DELETE actor=REMOVED_MEMBER precondition="create then delete a station; executed for OPERATOR and CONSOLE" expected=UNKNOWN_COMMAND actual=UNKNOWN_COMMAND result=PASS registry_changed=no chunk_delta=none
[17:54:00] [Server thread/INFO] [io.gi.su.ad.AdvancedRocketryCommunity/]: ARCE_STATION_PERMISSION_MATRIX table=1 action=ADMIN_CREATE_DELETE actor=PREVIOUS_OWNER precondition="create then delete a station; executed for OPERATOR and CONSOLE" expected=UNKNOWN_COMMAND actual=UNKNOWN_COMMAND result=PASS registry_changed=no chunk_delta=none
[17:54:00] [Server thread/INFO] [io.gi.su.ad.AdvancedRocketryCommunity/]: ARCE_STATION_PERMISSION_MATRIX table=1 action=ADMIN_CREATE_DELETE actor=DEOPPED_OPERATOR precondition="create then delete a station; executed for OPERATOR and CONSOLE" expected=UNKNOWN_COMMAND actual=UNKNOWN_COMMAND result=PASS registry_changed=no chunk_delta=none
[17:54:00] [Server thread/INFO] [io.gi.su.ad.AdvancedRocketryCommunity/]: ARCE_STATION_TRANSACTION action=creation_committed station=f3b77ff5-bfa6-4922-b1e8-a6c34581ab58 owner=1840267b-0a7f-42d5-ba6c-b80302155074 cell=1,1 region=768,768,1279,1279 inspected=289 changed=289 chunks=4 detail=generated
[17:54:00] [Server thread/WARN] [io.gi.su.ad.AdvancedRocketryCommunity/]: ARCE_STATION_DELETE_BACKUP station=f3b77ff5-bfa6-4922-b1e8-a6c34581ab58 owner=1840267b-0a7f-42d5-ba6c-b80302155074 members=[] cell=1,1 region=768,768,1279,1279
[17:54:00] [Server thread/WARN] [io.gi.su.ad.AdvancedRocketryCommunity/]: ARCE_STATION_DELETED station=f3b77ff5-bfa6-4922-b1e8-a6c34581ab58 actor=00000000-0000-0000-0000-000000000007 inspected=289 removed=289 chunks=4
[17:54:00] [Server thread/INFO] [io.gi.su.ad.AdvancedRocketryCommunity/]: ARCE_STATION_PERMISSION_MATRIX table=1 action=ADMIN_CREATE_DELETE actor=CONSOLE precondition="create then delete a station; executed for OPERATOR and CONSOLE" expected=REACHED actual=REACHED result=PASS registry_changed=no chunk_delta=none cell_full_chunks=4
[17:54:00] [Server thread/INFO] [io.gi.su.ad.AdvancedRocketryCommunity/]: ARCE_STATION_PERMISSION_MATRIX table=1 action=ADMIN_CREATE_DELETE actor=EXECUTE_AS_OWNER precondition="create then delete a station; executed for OPERATOR and CONSOLE" expected=REACHED actual=REACHED result=PASS registry_changed=no chunk_delta=none
[17:54:00] [Server thread/INFO] [io.gi.su.ad.AdvancedRocketryCommunity/]: ARCE_STATION_PERMISSION_MATRIX table=1 action=ADMIN_CREATE_DELETE actor=SILENT_OWNER precondition="create then delete a station; executed for OPERATOR and CONSOLE" expected=UNKNOWN_COMMAND actual=UNKNOWN_COMMAND result=PASS registry_changed=no chunk_delta=none
[17:54:00] [Server thread/INFO] [io.gi.su.ad.AdvancedRocketryCommunity/]: ARCE_STATION_PERMISSION_MATRIX table=1 action=ADMIN_CREATE_DELETE actor=FAKE_PLAYER_OWNER precondition="create then delete a station; executed for OPERATOR and CONSOLE" expected=UNKNOWN_COMMAND actual=UNKNOWN_COMMAND result=PASS registry_changed=no chunk_delta=none
[17:54:00] [Server thread/INFO] [io.gi.su.ad.AdvancedRocketryCommunity/]: ARCE_STATION_PERMISSION_MATRIX table=1 action=ADMIN_CREATE_DELETE actor=STALE_OWNER precondition="create then delete a station; executed for OPERATOR and CONSOLE" expected=UNKNOWN_COMMAND actual=UNKNOWN_COMMAND result=PASS registry_changed=no chunk_delta=none
[17:54:00] [Server thread/INFO] [io.gi.su.ad.AdvancedRocketryCommunity/]: ARCE_STATION_PERMISSION_MATRIX table=1 action=BUILD actor=OWNER precondition="block break event on the platform" expected=ALLOWED actual=ALLOWED result=PASS registry_changed=no chunk_delta=none
[17:54:00] [Server thread/INFO] [io.gi.su.ad.AdvancedRocketryCommunity/]: ARCE_STATION_PERMISSION_MATRIX table=1 action=BUILD actor=MEMBER precondition="block break event on the platform" expected=ALLOWED actual=ALLOWED result=PASS registry_changed=no chunk_delta=none
[17:54:00] [Server thread/WARN] [io.gi.su.ad.AdvancedRocketryCommunity/]: ARCE_STATION_ACCESS_DENIED player=8ba5a390-f003-40ff-8916-028dd4a90623 position=4, 127, 4 dimension=advancedrocketrycommunity:space authority_available=true
[17:54:00] [Server thread/INFO] [io.gi.su.ad.AdvancedRocketryCommunity/]: ARCE_STATION_PERMISSION_MATRIX table=1 action=BUILD actor=INVITEE precondition="block break event on the platform" expected=CANCELLED actual=CANCELLED result=PASS registry_changed=no chunk_delta=none
[17:54:00] [Server thread/WARN] [io.gi.su.ad.AdvancedRocketryCommunity/]: ARCE_STATION_ACCESS_DENIED player=efe17167-1fe6-4be4-a283-a36df8bf982a position=4, 127, 4 dimension=advancedrocketrycommunity:space authority_available=true
[17:54:00] [Server thread/INFO] [io.gi.su.ad.AdvancedRocketryCommunity/]: ARCE_STATION_PERMISSION_MATRIX table=1 action=BUILD actor=OUTSIDER precondition="block break event on the platform" expected=CANCELLED actual=CANCELLED result=PASS registry_changed=no chunk_delta=none
[17:54:00] [Server thread/INFO] [io.gi.su.ad.AdvancedRocketryCommunity/]: ARCE_STATION_PERMISSION_MATRIX table=1 action=BUILD actor=OPERATOR precondition="block break event on the platform" expected=ALLOWED actual=ALLOWED result=PASS registry_changed=no chunk_delta=none
[17:54:00] [Server thread/INFO] [io.gi.su.ad.AdvancedRocketryCommunity/]: ARCE_STATION_PERMISSION_MATRIX table=1 action=BUILD actor=OPERATOR_OUTSIDE precondition="block break event on the platform" expected=ALLOWED actual=ALLOWED result=PASS registry_changed=no chunk_delta=none
[17:54:00] [Server thread/WARN] [io.gi.su.ad.AdvancedRocketryCommunity/]: ARCE_STATION_ACCESS_DENIED player=12b0ad7a-a48e-45ac-a5f2-1311110be6ac position=4, 127, 4 dimension=advancedrocketrycommunity:space authority_available=true
[17:54:00] [Server thread/INFO] [io.gi.su.ad.AdvancedRocketryCommunity/]: ARCE_STATION_PERMISSION_MATRIX table=1 action=BUILD actor=OTHER_STATION_OWNER precondition="block break event on the platform" expected=CANCELLED actual=CANCELLED result=PASS registry_changed=no chunk_delta=none
[17:54:00] [Server thread/WARN] [io.gi.su.ad.AdvancedRocketryCommunity/]: ARCE_STATION_ACCESS_DENIED player=f472b8e4-42d9-4171-97e0-b41ad6269aed position=4, 127, 4 dimension=advancedrocketrycommunity:space authority_available=true
[17:54:00] [Server thread/INFO] [io.gi.su.ad.AdvancedRocketryCommunity/]: ARCE_STATION_PERMISSION_MATRIX table=1 action=BUILD actor=REMOVED_MEMBER precondition="block break event on the platform" expected=CANCELLED actual=CANCELLED result=PASS registry_changed=no chunk_delta=none
[17:54:00] [Server thread/INFO] [io.gi.su.ad.AdvancedRocketryCommunity/]: ARCE_STATION_PERMISSION_MATRIX table=1 action=BUILD actor=PREVIOUS_OWNER precondition="block break event on the platform" expected=ALLOWED actual=ALLOWED result=PASS registry_changed=no chunk_delta=none
[17:54:00] [Server thread/WARN] [io.gi.su.ad.AdvancedRocketryCommunity/]: ARCE_STATION_ACCESS_DENIED player=a6b86ce3-2833-410b-b3e8-feb0d95bb94f position=4, 127, 4 dimension=advancedrocketrycommunity:space authority_available=true
[17:54:00] [Server thread/INFO] [io.gi.su.ad.AdvancedRocketryCommunity/]: ARCE_STATION_PERMISSION_MATRIX table=1 action=BUILD actor=DEOPPED_OPERATOR precondition="block break event on the platform" expected=CANCELLED actual=CANCELLED result=PASS registry_changed=no chunk_delta=none
[17:54:00] [Server thread/INFO] [io.gi.su.ad.AdvancedRocketryCommunity/]: ARCE_STATION_PERMISSION_MATRIX table=1 action=BUILD actor=CONSOLE precondition="block break event on the platform" expected=N/A actual=N/A result=PASS registry_changed=no chunk_delta=none
[17:54:00] [Server thread/INFO] [io.gi.su.ad.AdvancedRocketryCommunity/]: ARCE_STATION_PERMISSION_MATRIX table=1 action=BUILD actor=EXECUTE_AS_OWNER precondition="block break event on the platform" expected=N/A actual=N/A result=PASS registry_changed=no chunk_delta=none
[17:54:00] [Server thread/INFO] [io.gi.su.ad.AdvancedRocketryCommunity/]: ARCE_STATION_PERMISSION_MATRIX table=1 action=BUILD actor=SILENT_OWNER precondition="block break event on the platform" expected=N/A actual=N/A result=PASS registry_changed=no chunk_delta=none
[17:54:00] [Server thread/INFO] [io.gi.su.ad.AdvancedRocketryCommunity/]: ARCE_STATION_PERMISSION_MATRIX table=1 action=BUILD actor=FAKE_PLAYER_OWNER precondition="block break event on the platform" expected=ALLOWED actual=ALLOWED result=PASS registry_changed=no chunk_delta=none
[17:54:00] [Server thread/INFO] [io.gi.su.ad.AdvancedRocketryCommunity/]: ARCE_STATION_PERMISSION_MATRIX table=1 action=BUILD actor=STALE_OWNER precondition="block break event on the platform" expected=N/A actual=N/A result=PASS registry_changed=no chunk_delta=none
[17:54:00] [Server thread/INFO] [io.gi.su.ad.AdvancedRocketryCommunity/]: ARCE_STATION_PERMISSION_MATRIX table=1 action=VISIT actor=OWNER precondition="the flight service's VISIT predicate and inputs" expected=ALLOWED actual=ALLOWED result=PASS registry_changed=no chunk_delta=none
[17:54:00] [Server thread/INFO] [io.gi.su.ad.AdvancedRocketryCommunity/]: ARCE_STATION_PERMISSION_MATRIX table=1 action=VISIT actor=MEMBER precondition="the flight service's VISIT predicate and inputs" expected=ALLOWED actual=ALLOWED result=PASS registry_changed=no chunk_delta=none
[17:54:00] [Server thread/INFO] [io.gi.su.ad.AdvancedRocketryCommunity/]: ARCE_STATION_PERMISSION_MATRIX table=1 action=VISIT actor=INVITEE precondition="the flight service's VISIT predicate and inputs" expected=UNAUTHORIZED actual=UNAUTHORIZED result=PASS registry_changed=no chunk_delta=none
[17:54:00] [Server thread/INFO] [io.gi.su.ad.AdvancedRocketryCommunity/]: ARCE_STATION_PERMISSION_MATRIX table=1 action=VISIT actor=OUTSIDER precondition="the flight service's VISIT predicate and inputs" expected=UNAUTHORIZED actual=UNAUTHORIZED result=PASS registry_changed=no chunk_delta=none
[17:54:00] [Server thread/INFO] [io.gi.su.ad.AdvancedRocketryCommunity/]: ARCE_STATION_PERMISSION_MATRIX table=1 action=VISIT actor=OPERATOR precondition="the flight service's VISIT predicate and inputs" expected=ALLOWED actual=ALLOWED result=PASS registry_changed=no chunk_delta=none
[17:54:00] [Server thread/INFO] [io.gi.su.ad.AdvancedRocketryCommunity/]: ARCE_STATION_PERMISSION_MATRIX table=1 action=VISIT actor=OPERATOR_OUTSIDE precondition="the flight service's VISIT predicate and inputs" expected=ALLOWED actual=ALLOWED result=PASS registry_changed=no chunk_delta=none
[17:54:00] [Server thread/INFO] [io.gi.su.ad.AdvancedRocketryCommunity/]: ARCE_STATION_PERMISSION_MATRIX table=1 action=VISIT actor=OTHER_STATION_OWNER precondition="the flight service's VISIT predicate and inputs" expected=UNAUTHORIZED actual=UNAUTHORIZED result=PASS registry_changed=no chunk_delta=none
[17:54:00] [Server thread/INFO] [io.gi.su.ad.AdvancedRocketryCommunity/]: ARCE_STATION_PERMISSION_MATRIX table=1 action=VISIT actor=REMOVED_MEMBER precondition="the flight service's VISIT predicate and inputs" expected=UNAUTHORIZED actual=UNAUTHORIZED result=PASS registry_changed=no chunk_delta=none
[17:54:00] [Server thread/INFO] [io.gi.su.ad.AdvancedRocketryCommunity/]: ARCE_STATION_PERMISSION_MATRIX table=1 action=VISIT actor=PREVIOUS_OWNER precondition="the flight service's VISIT predicate and inputs" expected=ALLOWED actual=ALLOWED result=PASS registry_changed=no chunk_delta=none
[17:54:00] [Server thread/INFO] [io.gi.su.ad.AdvancedRocketryCommunity/]: ARCE_STATION_PERMISSION_MATRIX table=1 action=VISIT actor=DEOPPED_OPERATOR precondition="the flight service's VISIT predicate and inputs" expected=UNAUTHORIZED actual=UNAUTHORIZED result=PASS registry_changed=no chunk_delta=none
[17:54:00] [Server thread/INFO] [io.gi.su.ad.AdvancedRocketryCommunity/]: ARCE_STATION_PERMISSION_MATRIX table=1 action=VISIT actor=CONSOLE precondition="the flight service's VISIT predicate and inputs" expected=N/A actual=N/A result=PASS registry_changed=no chunk_delta=none
[17:54:00] [Server thread/INFO] [io.gi.su.ad.AdvancedRocketryCommunity/]: ARCE_STATION_PERMISSION_MATRIX table=1 action=VISIT actor=EXECUTE_AS_OWNER precondition="the flight service's VISIT predicate and inputs" expected=N/A actual=N/A result=PASS registry_changed=no chunk_delta=none
[17:54:00] [Server thread/INFO] [io.gi.su.ad.AdvancedRocketryCommunity/]: ARCE_STATION_PERMISSION_MATRIX table=1 action=VISIT actor=SILENT_OWNER precondition="the flight service's VISIT predicate and inputs" expected=N/A actual=N/A result=PASS registry_changed=no chunk_delta=none
[17:54:00] [Server thread/INFO] [io.gi.su.ad.AdvancedRocketryCommunity/]: ARCE_STATION_PERMISSION_MATRIX table=1 action=VISIT actor=FAKE_PLAYER_OWNER precondition="the flight service's VISIT predicate and inputs" expected=N/A actual=N/A result=PASS registry_changed=no chunk_delta=none
[17:54:00] [Server thread/INFO] [io.gi.su.ad.AdvancedRocketryCommunity/]: ARCE_STATION_PERMISSION_MATRIX table=1 action=VISIT actor=STALE_OWNER precondition="the flight service's VISIT predicate and inputs" expected=N/A actual=N/A result=PASS registry_changed=no chunk_delta=none
[17:54:00] [Server thread/INFO] [io.gi.su.ad.AdvancedRocketryCommunity/]: ARCE_STATION_PERMISSION_MATRIX_SUMMARY table=1 cells=345 executed=336 not_applicable=9 pass=345 fail=0
[17:54:00] [Server thread/INFO] [minecraft/GameTestBatchRunner]: Running test batch 'station_warp_rejections:1' (1 tests)...
[17:54:00] [Server thread/INFO] [io.gi.su.ad.AdvancedRocketryCommunity/]: ARCE_STATION_TRANSACTION action=creation_committed station=5c4b3171-08c2-491f-8b5e-dad18c945ca7 owner=5765db95-ae3a-4831-b3c7-dc3f73709f63 cell=0,0 region=-256,-256,255,255 inspected=289 changed=289 chunks=4 detail=generated
[17:54:00] [Server thread/INFO] [minecraft/PlayerList]: rejectOwner[embedded] logged in with entity id 459 at (0.5, 60.0, 0.5)
[17:54:00] [Server thread/INFO] [io.gi.su.ad.AdvancedRocketryCommunity/]: Sent 1496-byte celestial snapshot generation 1 to 1 player(s)
[17:54:00] [Server thread/INFO] [minecraft/MinecraftServer]: rejectOwner joined the game
[17:54:00] [Server thread/INFO] [minecraft/PlayerList]: rejectMember[embedded] logged in with entity id 460 at (0.5, 60.0, 0.5)
[17:54:00] [Server thread/INFO] [io.gi.su.ad.AdvancedRocketryCommunity/]: Sent 1496-byte celestial snapshot generation 1 to 1 player(s)
[17:54:00] [Server thread/INFO] [minecraft/MinecraftServer]: rejectMember joined the game
[17:54:00] [Server thread/INFO] [minecraft/PlayerList]: rejectOutsider[embedded] logged in with entity id 461 at (0.5, 60.0, 0.5)
[17:54:00] [Server thread/INFO] [io.gi.su.ad.AdvancedRocketryCommunity/]: Sent 1496-byte celestial snapshot generation 1 to 1 player(s)
[17:54:00] [Server thread/INFO] [minecraft/MinecraftServer]: rejectOutsider joined the game
[17:54:00] [Server thread/INFO] [io.gi.su.ad.AdvancedRocketryCommunity/]: ARCE_STATION_WARP action=request code=NOT_LOCAL_PLAYER station=5c4b3171-08c2-491f-8b5e-dad18c945ca7 actor=5765db95-ae3a-4831-b3c7-dc3f73709f63 target=null class=null cost=null balance=0
[17:54:00] [Server thread/INFO] [io.gi.su.ad.AdvancedRocketryCommunity/]: ARCE_STATION_WARP action=request code=UNAUTHORIZED station=5c4b3171-08c2-491f-8b5e-dad18c945ca7 actor=058cd110-aa6a-4826-8c7d-56b905c4f81e target=null class=null cost=null balance=0
[17:54:00] [Server thread/INFO] [io.gi.su.ad.AdvancedRocketryCommunity/]: ARCE_STATION_WARP action=request code=NO_WARP_CORE station=5c4b3171-08c2-491f-8b5e-dad18c945ca7 actor=5765db95-ae3a-4831-b3c7-dc3f73709f63 target=null class=null cost=null balance=0
[17:54:00] [Server thread/INFO] [io.gi.su.ad.AdvancedRocketryCommunity/]: ARCE_STATION_WARP action=request code=WARP_TARGET_UNAVAILABLE station=5c4b3171-08c2-491f-8b5e-dad18c945ca7 actor=5765db95-ae3a-4831-b3c7-dc3f73709f63 target=null class=null cost=null balance=0
[17:54:00] [Server thread/INFO] [io.gi.su.ad.AdvancedRocketryCommunity/]: ARCE_STATION_WARP action=request code=WARP_TARGET_UNAVAILABLE station=5c4b3171-08c2-491f-8b5e-dad18c945ca7 actor=5765db95-ae3a-4831-b3c7-dc3f73709f63 target=null class=null cost=null balance=0
[17:54:00] [Server thread/INFO] [io.gi.su.ad.AdvancedRocketryCommunity/]: ARCE_STATION_WARP action=request code=WARP_SAME_ORBIT station=5c4b3171-08c2-491f-8b5e-dad18c945ca7 actor=5765db95-ae3a-4831-b3c7-dc3f73709f63 target=null class=null cost=null balance=0
[17:54:00] [Server thread/INFO] [io.gi.su.ad.AdvancedRocketryCommunity/]: ARCE_STATION_WARP action=request code=WARP_INSUFFICIENT_ENERGY station=5c4b3171-08c2-491f-8b5e-dad18c945ca7 actor=5765db95-ae3a-4831-b3c7-dc3f73709f63 target=advancedrocketrycommunity:moon class=IN_SYSTEM cost=2000000 balance=0
[17:54:00] [Server thread/INFO] [io.gi.su.ad.AdvancedRocketryCommunity/]: ARCE_STATION_WARP action=request code=WARP_ROCKETS_IN_MOTION station=5c4b3171-08c2-491f-8b5e-dad18c945ca7 actor=5765db95-ae3a-4831-b3c7-dc3f73709f63 target=advancedrocketrycommunity:moon class=IN_SYSTEM cost=2000000 balance=3000000
[17:54:00] [Server thread/INFO] [io.gi.su.ad.AdvancedRocketryCommunity/]: ARCE_STATION_WARP action=request code=WARP_DISABLED station=5c4b3171-08c2-491f-8b5e-dad18c945ca7 actor=5765db95-ae3a-4831-b3c7-dc3f73709f63 target=null class=null cost=null balance=0
[17:54:00] [Server thread/INFO] [io.gi.su.ad.AdvancedRocketryCommunity/]: ARCE_STATION_WARP action=confirm code=WARP_NO_CONFIRMATION station=null actor=5765db95-ae3a-4831-b3c7-dc3f73709f63 target=null class=null cost=null balance=0
[17:54:00] [Server thread/INFO] [io.gi.su.ad.AdvancedRocketryCommunity/]: ARCE_STATION_WARP action=cancel code=WARP_NO_COUNTDOWN station=5c4b3171-08c2-491f-8b5e-dad18c945ca7 actor=5765db95-ae3a-4831-b3c7-dc3f73709f63 target=null class=null cost=null balance=0
[17:54:00] [Server thread/WARN] [io.gi.su.ad.AdvancedRocketryCommunity/]: ARCE_STATION_WARP_ENERGY_DROPPED station=5c4b3171-08c2-491f-8b5e-dad18c945ca7 energy=3001000
[17:54:00] [Server thread/INFO] [minecraft/GameTestBatchRunner]: Running test batch 'planetary_sunlight:1' (1 tests)...
[17:54:01] [Server thread/INFO] [io.gi.su.ad.AdvancedRocketryCommunity/]: ARCE_SUNLIGHT_FIXTURE roof_observed_tick=1 sky_light=14
[17:54:01] [Server thread/INFO] [minecraft/GameTestBatchRunner]: Running test batch 'precision_assembler:1' (36 tests)...
[17:54:02] [Server thread/INFO] [minecraft/GameTestServer]: [+++++++++++++++++++++++++++++++++__+___+_+____+__+___++_____+++_+++_                                                                                                                                                                                                                              ]
[17:54:02] [Server thread/INFO] [minecraft/GameTestServer]: [++++++++++++++++++++++++++++++++++++++_+++_+_++_++_++++++_++++++++++                                                                                                                                                                                                                              ]
[17:54:02] [Server thread/INFO] [minecraft/GameTestServer]: [++++++++++++++++++++++++++++++++++++++_+++_+_++_+++++++++_++++++++++                                                                                                                                                                                                                              ]
[17:54:02] [Server thread/INFO] [minecraft/GameTestBatchRunner]: Running test batch 'flight:1' (2 tests)...
[17:54:02] [Server thread/INFO] [io.gi.su.ad.AdvancedRocketryCommunity/]: ARCE_EARTH_RETURN_FIXTURE installed x=0 y=63 z=0 blocks=25
[17:54:03] [Server thread/INFO] [io.gi.su.ad.AdvancedRocketryCommunity/]: ARCE_ROCKET_ENTITY_REMOVED entity=40b78286-d0aa-478d-b1fb-2ae382d6abb6 reason=DISCARDED operational=true
[17:54:03] [Server thread/INFO] [minecraft/GameTestServer]: [+++++++++++++++++++++++++++++++++++++++++++++++++++++++++++++++++++++_                                                                                                                                                                                                                            ]
[17:54:03] [Server thread/INFO] [minecraft/GameTestServer]: [+++++++++++++++++++++++++++++++++++++++++++++++++++++++++++++++++++++_                                                                                                                                                                                                                            ]
[17:54:03] [Server thread/INFO] [minecraft/GameTestServer]: [+++++++++++++++++++++++++++++++++++++++++++++++++++++++++++++++++++++_                                                                                                                                                                                                                            ]
[17:54:03] [Server thread/INFO] [minecraft/GameTestServer]: [+++++++++++++++++++++++++++++++++++++++++++++++++++++++++++++++++++++_                                                                                                                                                                                                                            ]
[17:54:03] [Server thread/INFO] [io.gi.su.ad.AdvancedRocketryCommunity/]: ARCE_TRANSFER_PREPARE transfer=23cb85f9-6607-4955-b138-e68023aa3971 logical=749b46cb-bb8f-4d58-991e-1d5a81266115 source=minecraft:overworld destination=advancedrocketrycommunity:moon code=SUCCESS candidates=1 chunks=1 detail=selected
[17:54:03] [Server thread/INFO] [io.gi.su.ad.AdvancedRocketryCommunity/]: ARCE_ROCKET_ENTITY_ACTIVE entity=a6879c28-9c8f-484d-b2bc-971f42fc6bb3 operational=true snapshot=0864e39a97eed85aaf2bf9d4d25c89c6cbe3d2db07dc4477718a7415c80df209 flight_state=COUNTDOWN fuel=1000
[17:54:03] [Server thread/INFO] [minecraft/GameTestServer]: [+++++++++++++++++++++++++++++++++++++++++++++++++++++++++++++++++++++_                                                                                                                                                                                                                            ]
[17:54:03] [Server thread/INFO] [minecraft/GameTestServer]: [+++++++++++++++++++++++++++++++++++++++++++++++++++++++++++++++++++++_                                                                                                                                                                                                                            ]
[17:54:03] [Server thread/INFO] [minecraft/GameTestServer]: [+++++++++++++++++++++++++++++++++++++++++++++++++++++++++++++++++++++_                                                                                                                                                                                                                            ]
[17:54:03] [Server thread/INFO] [io.gi.su.ad.AdvancedRocketryCommunity/]: ARCE_TRANSFER_PHASE transfer=23cb85f9-6607-4955-b138-e68023aa3971 logical=749b46cb-bb8f-4d58-991e-1d5a81266115 phase=PREPARED event=countdown_complete entity=a6879c28-9c8f-484d-b2bc-971f42fc6bb3 fuel_before=1000 fuel_after=633 required=367
[17:54:03] [Server thread/INFO] [minecraft/GameTestServer]: [+++++++++++++++++++++++++++++++++++++++++++++++++++++++++++++++++++++_                                                                                                                                                                                                                            ]
[17:54:03] [Server thread/INFO] [minecraft/GameTestServer]: [+++++++++++++++++++++++++++++++++++++++++++++++++++++++++++++++++++++_                                                                                                                                                                                                                            ]
[17:54:03] [Server thread/INFO] [minecraft/GameTestServer]: [+++++++++++++++++++++++++++++++++++++++++++++++++++++++++++++++++++++_                                                                                                                                                                                                                            ]
[17:54:03] [Server thread/INFO] [minecraft/GameTestServer]: [+++++++++++++++++++++++++++++++++++++++++++++++++++++++++++++++++++++_                                                                                                                                                                                                                            ]
[17:54:03] [Server thread/INFO] [io.gi.su.ad.AdvancedRocketryCommunity/]: ARCE_TRANSFER_PHASE transfer=23cb85f9-6607-4955-b138-e68023aa3971 logical=749b46cb-bb8f-4d58-991e-1d5a81266115 phase=PREPARED event=ascent_complete entity=a6879c28-9c8f-484d-b2bc-971f42fc6bb3 fuel_before=1000 fuel_after=633 required=367
[17:54:03] [Server thread/INFO] [minecraft/GameTestServer]: [+++++++++++++++++++++++++++++++++++++++++++++++++++++++++++++++++++++_                                                                                                                                                                                                                            ]
[17:54:03] [Server thread/INFO] [io.gi.su.ad.AdvancedRocketryCommunity/]: ARCE_TRANSFER_PHASE transfer=23cb85f9-6607-4955-b138-e68023aa3971 logical=749b46cb-bb8f-4d58-991e-1d5a81266115 phase=DESTINATION_SPAWNED event=destination_spawned entity=39dc1d39-b97e-49da-bcea-49e66bc6ce26 fuel_before=1000 fuel_after=633 required=367
[17:54:03] [Server thread/INFO] [io.gi.su.ad.AdvancedRocketryCommunity/]: ARCE_TRANSFER_PHASE transfer=23cb85f9-6607-4955-b138-e68023aa3971 logical=749b46cb-bb8f-4d58-991e-1d5a81266115 phase=PASSENGERS_TRANSFERRED event=passengers_transferred entity=39dc1d39-b97e-49da-bcea-49e66bc6ce26 fuel_before=1000 fuel_after=633 required=367
[17:54:03] [Server thread/INFO] [io.gi.su.ad.AdvancedRocketryCommunity/]: ARCE_ROCKET_ENTITY_REMOVED entity=a6879c28-9c8f-484d-b2bc-971f42fc6bb3 reason=DISCARDED operational=true
[17:54:03] [Server thread/INFO] [io.gi.su.ad.AdvancedRocketryCommunity/]: ARCE_TRANSFER_PHASE transfer=23cb85f9-6607-4955-b138-e68023aa3971 logical=749b46cb-bb8f-4d58-991e-1d5a81266115 phase=SOURCE_REMOVED event=source_removed entity=39dc1d39-b97e-49da-bcea-49e66bc6ce26 fuel_before=1000 fuel_after=633 required=367
[17:54:03] [Server thread/INFO] [io.gi.su.ad.AdvancedRocketryCommunity/]: ARCE_TRANSFER_PHASE transfer=23cb85f9-6607-4955-b138-e68023aa3971 logical=749b46cb-bb8f-4d58-991e-1d5a81266115 phase=COMMITTED event=committed entity=39dc1d39-b97e-49da-bcea-49e66bc6ce26 fuel_before=1000 fuel_after=633 required=367
[17:54:03] [Server thread/INFO] [minecraft/GameTestServer]: [+++++++++++++++++++++++++++++++++++++++++++++++++++++++++++++++++++++_                                                                                                                                                                                                                            ]
[17:54:03] [Server thread/INFO] [minecraft/GameTestServer]: [+++++++++++++++++++++++++++++++++++++++++++++++++++++++++++++++++++++_                                                                                                                                                                                                                            ]
[17:54:03] [Server thread/INFO] [minecraft/GameTestServer]: [+++++++++++++++++++++++++++++++++++++++++++++++++++++++++++++++++++++_                                                                                                                                                                                                                            ]
[17:54:04] [Server thread/INFO] [minecraft/GameTestServer]: [+++++++++++++++++++++++++++++++++++++++++++++++++++++++++++++++++++++_                                                                                                                                                                                                                            ]
[17:54:04] [Server thread/INFO] [io.gi.su.ad.AdvancedRocketryCommunity/]: ARCE_TRANSFER_PHASE transfer=23cb85f9-6607-4955-b138-e68023aa3971 logical=749b46cb-bb8f-4d58-991e-1d5a81266115 phase=COMMITTED event=landing_complete entity=39dc1d39-b97e-49da-bcea-49e66bc6ce26 fuel_before=1000 fuel_after=633 required=367
[17:54:04] [Server thread/INFO] [io.gi.su.ad.AdvancedRocketryCommunity/]: ARCE_TRANSFER_PHASE transfer=23cb85f9-6607-4955-b138-e68023aa3971 logical=749b46cb-bb8f-4d58-991e-1d5a81266115 phase=COMMITTED event=landed_reservation_retained entity=39dc1d39-b97e-49da-bcea-49e66bc6ce26 fuel_before=1000 fuel_after=633 required=367
[17:54:04] [Server thread/INFO] [minecraft/GameTestServer]: [+++++++++++++++++++++++++++++++++++++++++++++++++++++++++++++++++++++_                                                                                                                                                                                                                            ]
[17:54:04] [Server thread/INFO] [minecraft/GameTestServer]: [+++++++++++++++++++++++++++++++++++++++++++++++++++++++++++++++++++++_                                                                                                                                                                                                                            ]
[17:54:04] [Server thread/INFO] [io.gi.su.ad.AdvancedRocketryCommunity/]: ARCE_TRANSFER_PREPARE transfer=9f86bc6d-8518-4df0-a7ce-6412355a0522 logical=749b46cb-bb8f-4d58-991e-1d5a81266115 source=advancedrocketrycommunity:moon destination=minecraft:overworld code=SUCCESS candidates=1 chunks=1 detail=selected
[17:54:04] [Server thread/INFO] [minecraft/GameTestServer]: [+++++++++++++++++++++++++++++++++++++++++++++++++++++++++++++++++++++_                                                                                                                                                                                                                            ]
[17:54:04] [Server thread/INFO] [minecraft/GameTestServer]: [+++++++++++++++++++++++++++++++++++++++++++++++++++++++++++++++++++++_                                                                                                                                                                                                                            ]
[17:54:04] [Server thread/INFO] [minecraft/GameTestServer]: [+++++++++++++++++++++++++++++++++++++++++++++++++++++++++++++++++++++_                                                                                                                                                                                                                            ]
[17:54:04] [Server thread/INFO] [io.gi.su.ad.AdvancedRocketryCommunity/]: ARCE_TRANSFER_PHASE transfer=9f86bc6d-8518-4df0-a7ce-6412355a0522 logical=749b46cb-bb8f-4d58-991e-1d5a81266115 phase=PREPARED event=countdown_complete entity=39dc1d39-b97e-49da-bcea-49e66bc6ce26 fuel_before=633 fuel_after=266 required=367
[17:54:04] [Server thread/INFO] [minecraft/GameTestServer]: [+++++++++++++++++++++++++++++++++++++++++++++++++++++++++++++++++++++_                                                                                                                                                                                                                            ]
[17:54:04] [Server thread/INFO] [minecraft/GameTestServer]: [+++++++++++++++++++++++++++++++++++++++++++++++++++++++++++++++++++++_                                                                                                                                                                                                                            ]
[17:54:04] [Server thread/INFO] [minecraft/GameTestServer]: [+++++++++++++++++++++++++++++++++++++++++++++++++++++++++++++++++++++_                                                                                                                                                                                                                            ]
[17:54:04] [Server thread/INFO] [minecraft/GameTestServer]: [+++++++++++++++++++++++++++++++++++++++++++++++++++++++++++++++++++++_                                                                                                                                                                                                                            ]
[17:54:04] [Server thread/INFO] [io.gi.su.ad.AdvancedRocketryCommunity/]: ARCE_TRANSFER_PHASE transfer=9f86bc6d-8518-4df0-a7ce-6412355a0522 logical=749b46cb-bb8f-4d58-991e-1d5a81266115 phase=PREPARED event=ascent_complete entity=39dc1d39-b97e-49da-bcea-49e66bc6ce26 fuel_before=633 fuel_after=266 required=367
[17:54:04] [Server thread/INFO] [minecraft/GameTestServer]: [+++++++++++++++++++++++++++++++++++++++++++++++++++++++++++++++++++++_                                                                                                                                                                                                                            ]
[17:54:04] [Server thread/INFO] [io.gi.su.ad.AdvancedRocketryCommunity/]: ARCE_TRANSFER_PHASE transfer=9f86bc6d-8518-4df0-a7ce-6412355a0522 logical=749b46cb-bb8f-4d58-991e-1d5a81266115 phase=DESTINATION_SPAWNED event=destination_spawned entity=b87ed1b1-f3f3-490c-b002-15719e6a747e fuel_before=633 fuel_after=266 required=367
[17:54:04] [Server thread/INFO] [io.gi.su.ad.AdvancedRocketryCommunity/]: ARCE_ROCKET_ENTITY_ACTIVE entity=b87ed1b1-f3f3-490c-b002-15719e6a747e operational=true snapshot=03dad047d0c28701a1faf6b7e944469f25ff19da72fc141d407c691e4b4987b7 flight_state=DESCENT fuel=266
[17:54:04] [Server thread/INFO] [io.gi.su.ad.AdvancedRocketryCommunity/]: ARCE_TRANSFER_PHASE transfer=9f86bc6d-8518-4df0-a7ce-6412355a0522 logical=749b46cb-bb8f-4d58-991e-1d5a81266115 phase=PASSENGERS_TRANSFERRED event=passengers_transferred entity=b87ed1b1-f3f3-490c-b002-15719e6a747e fuel_before=633 fuel_after=266 required=367
[17:54:04] [Server thread/INFO] [io.gi.su.ad.AdvancedRocketryCommunity/]: ARCE_ROCKET_ENTITY_REMOVED entity=39dc1d39-b97e-49da-bcea-49e66bc6ce26 reason=DISCARDED operational=true
[17:54:04] [Server thread/INFO] [io.gi.su.ad.AdvancedRocketryCommunity/]: ARCE_TRANSFER_PHASE transfer=9f86bc6d-8518-4df0-a7ce-6412355a0522 logical=749b46cb-bb8f-4d58-991e-1d5a81266115 phase=SOURCE_REMOVED event=source_removed entity=b87ed1b1-f3f3-490c-b002-15719e6a747e fuel_before=633 fuel_after=266 required=367
[17:54:04] [Server thread/INFO] [io.gi.su.ad.AdvancedRocketryCommunity/]: ARCE_TRANSFER_PHASE transfer=9f86bc6d-8518-4df0-a7ce-6412355a0522 logical=749b46cb-bb8f-4d58-991e-1d5a81266115 phase=COMMITTED event=committed entity=b87ed1b1-f3f3-490c-b002-15719e6a747e fuel_before=633 fuel_after=266 required=367
[17:54:04] [Server thread/INFO] [minecraft/GameTestServer]: [+++++++++++++++++++++++++++++++++++++++++++++++++++++++++++++++++++++_                                                                                                                                                                                                                            ]
[17:54:04] [Server thread/INFO] [minecraft/GameTestServer]: [+++++++++++++++++++++++++++++++++++++++++++++++++++++++++++++++++++++_                                                                                                                                                                                                                            ]
[17:54:04] [Server thread/INFO] [minecraft/GameTestServer]: [+++++++++++++++++++++++++++++++++++++++++++++++++++++++++++++++++++++_                                                                                                                                                                                                                            ]
[17:54:04] [Server thread/INFO] [minecraft/GameTestServer]: [+++++++++++++++++++++++++++++++++++++++++++++++++++++++++++++++++++++_                                                                                                                                                                                                                            ]
[17:54:04] [Server thread/INFO] [io.gi.su.ad.AdvancedRocketryCommunity/]: ARCE_TRANSFER_PHASE transfer=9f86bc6d-8518-4df0-a7ce-6412355a0522 logical=749b46cb-bb8f-4d58-991e-1d5a81266115 phase=COMMITTED event=landing_complete entity=b87ed1b1-f3f3-490c-b002-15719e6a747e fuel_before=633 fuel_after=266 required=367
[17:54:04] [Server thread/INFO] [io.gi.su.ad.AdvancedRocketryCommunity/]: ARCE_TRANSFER_PHASE transfer=9f86bc6d-8518-4df0-a7ce-6412355a0522 logical=749b46cb-bb8f-4d58-991e-1d5a81266115 phase=COMMITTED event=landed_reservation_retained entity=b87ed1b1-f3f3-490c-b002-15719e6a747e fuel_before=633 fuel_after=266 required=367
[17:54:04] [Server thread/INFO] [minecraft/GameTestServer]: [+++++++++++++++++++++++++++++++++++++++++++++++++++++++++++++++++++++_                                                                                                                                                                                                                            ]
[17:54:04] [Server thread/INFO] [io.gi.su.ad.AdvancedRocketryCommunity/]: ARCE_ROCKET_ENTITY_REMOVED entity=b87ed1b1-f3f3-490c-b002-15719e6a747e reason=DISCARDED operational=true
[17:54:04] [Server thread/INFO] [io.gi.su.ad.AdvancedRocketryCommunity/]: ARCE_TRANSFER_PREPARE transfer=7a6ffed6-6a25-4f4c-a3a4-7053d4d1b96e logical=94f66b58-3c25-4de3-814c-146bb6219626 source=minecraft:overworld destination=advancedrocketrycommunity:moon code=SUCCESS candidates=1 chunks=1 detail=selected
[17:54:04] [Server thread/INFO] [io.gi.su.ad.AdvancedRocketryCommunity/]: ARCE_ROCKET_ENTITY_ACTIVE entity=5f68912f-8755-4aee-bf39-9f5322c9c2fc operational=true snapshot=f07457424b4a924da87d16f7b6e3af48fd15b2ac1f39fbf2bfd9d95e943a3775 flight_state=COUNTDOWN fuel=1000
[17:54:04] [Server thread/INFO] [minecraft/GameTestServer]: [+++++++++++++++++++++++++++++++++++++++++++++++++++++++++++++++++++++_                                                                                                                                                                                                                            ]
[17:54:04] [Server thread/INFO] [minecraft/GameTestServer]: [+++++++++++++++++++++++++++++++++++++++++++++++++++++++++++++++++++++_                                                                                                                                                                                                                            ]
[17:54:04] [Server thread/INFO] [minecraft/GameTestServer]: [+++++++++++++++++++++++++++++++++++++++++++++++++++++++++++++++++++++_                                                                                                                                                                                                                            ]
[17:54:04] [Server thread/INFO] [io.gi.su.ad.AdvancedRocketryCommunity/]: ARCE_TRANSFER_PHASE transfer=7a6ffed6-6a25-4f4c-a3a4-7053d4d1b96e logical=94f66b58-3c25-4de3-814c-146bb6219626 phase=PREPARED event=countdown_complete entity=5f68912f-8755-4aee-bf39-9f5322c9c2fc fuel_before=1000 fuel_after=633 required=367
[17:54:04] [Server thread/INFO] [minecraft/GameTestServer]: [+++++++++++++++++++++++++++++++++++++++++++++++++++++++++++++++++++++_                                                                                                                                                                                                                            ]
[17:54:04] [Server thread/INFO] [minecraft/GameTestServer]: [+++++++++++++++++++++++++++++++++++++++++++++++++++++++++++++++++++++_                                                                                                                                                                                                                            ]
[17:54:04] [Server thread/INFO] [minecraft/GameTestServer]: [+++++++++++++++++++++++++++++++++++++++++++++++++++++++++++++++++++++_                                                                                                                                                                                                                            ]
[17:54:04] [Server thread/INFO] [minecraft/GameTestServer]: [+++++++++++++++++++++++++++++++++++++++++++++++++++++++++++++++++++++_                                                                                                                                                                                                                            ]
[17:54:04] [Server thread/INFO] [io.gi.su.ad.AdvancedRocketryCommunity/]: ARCE_TRANSFER_PHASE transfer=7a6ffed6-6a25-4f4c-a3a4-7053d4d1b96e logical=94f66b58-3c25-4de3-814c-146bb6219626 phase=PREPARED event=ascent_complete entity=5f68912f-8755-4aee-bf39-9f5322c9c2fc fuel_before=1000 fuel_after=633 required=367
[17:54:04] [Server thread/INFO] [minecraft/GameTestServer]: [+++++++++++++++++++++++++++++++++++++++++++++++++++++++++++++++++++++_                                                                                                                                                                                                                            ]
[17:54:04] [Server thread/WARN] [io.gi.su.ad.AdvancedRocketryCommunity/]: ARCE_TRANSFER_RETURNED_TO_SOURCE transfer=7a6ffed6-6a25-4f4c-a3a4-7053d4d1b96e logical=94f66b58-3c25-4de3-814c-146bb6219626 reason=destination_pad_blocked fuel=1000
[17:54:04] [Server thread/INFO] [minecraft/GameTestServer]: [+++++++++++++++++++++++++++++++++++++++++++++++++++++++++++++++++++++_                                                                                                                                                                                                                            ]
[17:54:04] [Server thread/INFO] [minecraft/GameTestServer]: [+++++++++++++++++++++++++++++++++++++++++++++++++++++++++++++++++++++_                                                                                                                                                                                                                            ]
[17:54:04] [Server thread/INFO] [io.gi.su.ad.AdvancedRocketryCommunity/]: ARCE_ROCKET_ENTITY_REMOVED entity=5f68912f-8755-4aee-bf39-9f5322c9c2fc reason=DISCARDED operational=true
[17:54:04] [Server thread/INFO] [io.gi.su.ad.AdvancedRocketryCommunity/]: ARCE_EARTH_RETURN_FIXTURE restored blocks=25
[17:54:04] [Server thread/INFO] [minecraft/GameTestBatchRunner]: Running test batch 'station_warp_abort:1' (1 tests)...
[17:54:04] [Server thread/INFO] [io.gi.su.ad.AdvancedRocketryCommunity/]: ARCE_STATION_TRANSACTION action=creation_committed station=134a8ca0-07a0-4519-9e59-0f7eea9f44c7 owner=869d4ed7-3322-4299-8d04-15646f0569e2 cell=0,0 region=-256,-256,255,255 inspected=289 changed=289 chunks=4 detail=generated
[17:54:05] [Server thread/INFO] [io.gi.su.ad.AdvancedRocketryCommunity/]: ARCE_STATION_TRANSACTION action=creation_committed station=05657982-a60b-4c54-ba1a-d24339a5b45b owner=2ebed8b0-fd4b-444c-964d-663c16322fbc cell=1,0 region=768,-256,1279,255 inspected=289 changed=289 chunks=4 detail=generated
[17:54:05] [Server thread/INFO] [minecraft/PlayerList]: abortOwner0[embedded] logged in with entity id 646 at (0.5, 60.0, 0.5)
[17:54:05] [Server thread/INFO] [io.gi.su.ad.AdvancedRocketryCommunity/]: Sent 1496-byte celestial snapshot generation 1 to 1 player(s)
[17:54:05] [Server thread/INFO] [minecraft/MinecraftServer]: abortOwner0 joined the game
[17:54:05] [Server thread/INFO] [io.gi.su.ad.AdvancedRocketryCommunity/]: ARCE_STATION_WARP action=request code=WARP_ISSUED station=134a8ca0-07a0-4519-9e59-0f7eea9f44c7 actor=869d4ed7-3322-4299-8d04-15646f0569e2 target=advancedrocketrycommunity:moon class=IN_SYSTEM cost=2000000 balance=5000000
[17:54:05] [Server thread/INFO] [io.gi.su.ad.AdvancedRocketryCommunity/]: ARCE_STATION_WARP action=confirm code=WARP_STARTED station=134a8ca0-07a0-4519-9e59-0f7eea9f44c7 actor=869d4ed7-3322-4299-8d04-15646f0569e2 target=advancedrocketrycommunity:moon class=IN_SYSTEM cost=2000000 balance=5000000
[17:54:05] [Server thread/INFO] [minecraft/MinecraftServer]: [abortOwner0: Warp countdown started; station=134a8ca0-07a0-4519-9e59-0f7eea9f44c7 target=advancedrocketrycommunity:moon commit in 10 seconds; /arce station warp cancel stops it]
[17:54:05] [Server thread/INFO] [minecraft/PlayerList]: abortOwner1[embedded] logged in with entity id 647 at (0.5, 60.0, 0.5)
[17:54:05] [Server thread/INFO] [io.gi.su.ad.AdvancedRocketryCommunity/]: Sent 1496-byte celestial snapshot generation 1 to 1 player(s)
[17:54:05] [Server thread/INFO] [minecraft/MinecraftServer]: abortOwner1 joined the game
[17:54:05] [Server thread/INFO] [io.gi.su.ad.AdvancedRocketryCommunity/]: ARCE_STATION_WARP action=request code=WARP_ISSUED station=05657982-a60b-4c54-ba1a-d24339a5b45b actor=2ebed8b0-fd4b-444c-964d-663c16322fbc target=advancedrocketrycommunity:moon class=IN_SYSTEM cost=2000000 balance=5000000
[17:54:05] [Server thread/INFO] [io.gi.su.ad.AdvancedRocketryCommunity/]: ARCE_STATION_WARP action=confirm code=WARP_STARTED station=05657982-a60b-4c54-ba1a-d24339a5b45b actor=2ebed8b0-fd4b-444c-964d-663c16322fbc target=advancedrocketrycommunity:moon class=IN_SYSTEM cost=2000000 balance=5000000
[17:54:05] [Server thread/INFO] [minecraft/MinecraftServer]: [abortOwner1: Warp countdown started; station=05657982-a60b-4c54-ba1a-d24339a5b45b target=advancedrocketrycommunity:moon commit in 10 seconds; /arce station warp cancel stops it]
[17:54:05] [Server thread/INFO] [io.gi.su.ad.AdvancedRocketryCommunity/]: ARCE_STATION_WARP action=cancel code=WARP_CANCELLED station=134a8ca0-07a0-4519-9e59-0f7eea9f44c7 actor=869d4ed7-3322-4299-8d04-15646f0569e2 target=advancedrocketrycommunity:moon class=IN_SYSTEM cost=2000000 balance=5000000
[17:54:05] [Server thread/INFO] [minecraft/MinecraftServer]: [abortOwner0: Warp countdown cancelled; station=134a8ca0-07a0-4519-9e59-0f7eea9f44c7]
[17:54:05] [Server thread/INFO] [minecraft/GameTestServer]: [++++++++++++++++++++++++++++++++++++++++++++++++++++++++++++++++++++++_                                                                                                                                                                                                                           ]
[17:54:05] [Server thread/INFO] [minecraft/GameTestServer]: [++++++++++++++++++++++++++++++++++++++++++++++++++++++++++++++++++++++_                                                                                                                                                                                                                           ]
[17:54:05] [Server thread/INFO] [minecraft/GameTestServer]: [++++++++++++++++++++++++++++++++++++++++++++++++++++++++++++++++++++++_                                                                                                                                                                                                                           ]
[17:54:05] [Server thread/INFO] [minecraft/GameTestServer]: [++++++++++++++++++++++++++++++++++++++++++++++++++++++++++++++++++++++_                                                                                                                                                                                                                           ]
[17:54:05] [Server thread/INFO] [minecraft/GameTestServer]: [++++++++++++++++++++++++++++++++++++++++++++++++++++++++++++++++++++++_                                                                                                                                                                                                                           ]
[17:54:05] [Server thread/INFO] [minecraft/GameTestServer]: [++++++++++++++++++++++++++++++++++++++++++++++++++++++++++++++++++++++_                                                                                                                                                                                                                           ]
[17:54:05] [Server thread/INFO] [minecraft/GameTestServer]: [++++++++++++++++++++++++++++++++++++++++++++++++++++++++++++++++++++++_                                                                                                                                                                                                                           ]
[17:54:05] [Server thread/INFO] [minecraft/GameTestServer]: [++++++++++++++++++++++++++++++++++++++++++++++++++++++++++++++++++++++_                                                                                                                                                                                                                           ]
[17:54:05] [Server thread/INFO] [minecraft/GameTestServer]: [++++++++++++++++++++++++++++++++++++++++++++++++++++++++++++++++++++++_                                                                                                                                                                                                                           ]
[17:54:05] [Server thread/INFO] [minecraft/GameTestServer]: [++++++++++++++++++++++++++++++++++++++++++++++++++++++++++++++++++++++_                                                                                                                                                                                                                           ]
[17:54:05] [Server thread/INFO] [io.gi.su.ad.AdvancedRocketryCommunity/]: ARCE_STATION_WARP action=commit code=STATION_CHANGED station=05657982-a60b-4c54-ba1a-d24339a5b45b actor=2ebed8b0-fd4b-444c-964d-663c16322fbc from=advancedrocketrycommunity:earth to=advancedrocketrycommunity:moon class=IN_SYSTEM cost=2000000 balance=0
[17:54:05] [Server thread/WARN] [io.gi.su.ad.AdvancedRocketryCommunity/]: ARCE_STATION_WARP_ENERGY_DROPPED station=134a8ca0-07a0-4519-9e59-0f7eea9f44c7 energy=5000000
[17:54:05] [Server thread/WARN] [io.gi.su.ad.AdvancedRocketryCommunity/]: ARCE_STATION_WARP_ENERGY_DROPPED station=05657982-a60b-4c54-ba1a-d24339a5b45b energy=5000000
[17:54:05] [Server thread/INFO] [minecraft/GameTestBatchRunner]: Running test batch 'station_flight:1' (1 tests)...
[17:54:05] [Server thread/INFO] [io.gi.su.ad.AdvancedRocketryCommunity/]: ARCE_EARTH_RETURN_FIXTURE installed x=0 y=63 z=0 blocks=25
[17:54:06] [Server thread/INFO] [minecraft/GameTestServer]: [+++++++++++++++++++++++++++++++++++++++++++++++++++++++++++++++++++++++_                                                                                                                                                                                                                          ]
[17:54:06] [Server thread/INFO] [minecraft/GameTestServer]: [+++++++++++++++++++++++++++++++++++++++++++++++++++++++++++++++++++++++_                                                                                                                                                                                                                          ]
[17:54:06] [Server thread/INFO] [io.gi.su.ad.AdvancedRocketryCommunity/]: ARCE_STATION_TRANSACTION action=creation_committed station=c42d801d-6cfe-4667-832e-73b7257cdf7f owner=efc95869-87c0-40c2-af98-55dd7ad76cdb cell=0,0 region=-256,-256,255,255 inspected=289 changed=289 chunks=4 detail=generated
[17:54:06] [Server thread/INFO] [io.gi.su.ad.AdvancedRocketryCommunity/]: ARCE_TRANSFER_PREPARE transfer=9d9f24d0-5c40-4d81-ac69-f1b53d8aebca logical=e50cc377-3d99-4ccb-ab21-bd2ad1c1befd source=minecraft:overworld destination=advancedrocketrycommunity:space code=SUCCESS candidates=1 chunks=1 detail=selected
[17:54:06] [Server thread/INFO] [io.gi.su.ad.AdvancedRocketryCommunity/]: ARCE_ROCKET_ENTITY_ACTIVE entity=3743615e-5cd7-4a1a-9e37-8595e6dfa9a9 operational=true snapshot=09f06d42383cfb26ebf83d487213b1716a53500f32f49de41c168b8ae4d2c9d1 flight_state=COUNTDOWN fuel=1000
[17:54:06] [Server thread/INFO] [minecraft/GameTestServer]: [+++++++++++++++++++++++++++++++++++++++++++++++++++++++++++++++++++++++_                                                                                                                                                                                                                          ]
[17:54:06] [Server thread/INFO] [minecraft/GameTestServer]: [+++++++++++++++++++++++++++++++++++++++++++++++++++++++++++++++++++++++_                                                                                                                                                                                                                          ]
[17:54:06] [Server thread/INFO] [minecraft/GameTestServer]: [+++++++++++++++++++++++++++++++++++++++++++++++++++++++++++++++++++++++_                                                                                                                                                                                                                          ]
[17:54:06] [Server thread/INFO] [io.gi.su.ad.AdvancedRocketryCommunity/]: ARCE_TRANSFER_PHASE transfer=9d9f24d0-5c40-4d81-ac69-f1b53d8aebca logical=e50cc377-3d99-4ccb-ab21-bd2ad1c1befd phase=PREPARED event=countdown_complete entity=3743615e-5cd7-4a1a-9e37-8595e6dfa9a9 fuel_before=1000 fuel_after=675 required=325
[17:54:06] [Server thread/INFO] [minecraft/GameTestServer]: [+++++++++++++++++++++++++++++++++++++++++++++++++++++++++++++++++++++++_                                                                                                                                                                                                                          ]
[17:54:06] [Server thread/INFO] [minecraft/GameTestServer]: [+++++++++++++++++++++++++++++++++++++++++++++++++++++++++++++++++++++++_                                                                                                                                                                                                                          ]
[17:54:06] [Server thread/INFO] [minecraft/GameTestServer]: [+++++++++++++++++++++++++++++++++++++++++++++++++++++++++++++++++++++++_                                                                                                                                                                                                                          ]
[17:54:06] [Server thread/INFO] [minecraft/GameTestServer]: [+++++++++++++++++++++++++++++++++++++++++++++++++++++++++++++++++++++++_                                                                                                                                                                                                                          ]
[17:54:06] [Server thread/INFO] [io.gi.su.ad.AdvancedRocketryCommunity/]: ARCE_TRANSFER_PHASE transfer=9d9f24d0-5c40-4d81-ac69-f1b53d8aebca logical=e50cc377-3d99-4ccb-ab21-bd2ad1c1befd phase=PREPARED event=ascent_complete entity=3743615e-5cd7-4a1a-9e37-8595e6dfa9a9 fuel_before=1000 fuel_after=675 required=325
[17:54:06] [Server thread/INFO] [minecraft/GameTestServer]: [+++++++++++++++++++++++++++++++++++++++++++++++++++++++++++++++++++++++_                                                                                                                                                                                                                          ]
[17:54:06] [Server thread/INFO] [io.gi.su.ad.AdvancedRocketryCommunity/]: ARCE_TRANSFER_PHASE transfer=9d9f24d0-5c40-4d81-ac69-f1b53d8aebca logical=e50cc377-3d99-4ccb-ab21-bd2ad1c1befd phase=DESTINATION_SPAWNED event=destination_spawned entity=36af2fc7-e740-433f-b5ec-22cacd8ed998 fuel_before=1000 fuel_after=675 required=325
[17:54:06] [Server thread/INFO] [io.gi.su.ad.AdvancedRocketryCommunity/]: ARCE_ROCKET_ENTITY_ACTIVE entity=36af2fc7-e740-433f-b5ec-22cacd8ed998 operational=true snapshot=fb690085861b6423122641d4c1c1ee47eb20a56251db066db5962238d51eb4f9 flight_state=DESCENT fuel=675
[17:54:06] [Server thread/INFO] [io.gi.su.ad.AdvancedRocketryCommunity/]: ARCE_TRANSFER_PHASE transfer=9d9f24d0-5c40-4d81-ac69-f1b53d8aebca logical=e50cc377-3d99-4ccb-ab21-bd2ad1c1befd phase=PASSENGERS_TRANSFERRED event=passengers_transferred entity=36af2fc7-e740-433f-b5ec-22cacd8ed998 fuel_before=1000 fuel_after=675 required=325
[17:54:06] [Server thread/INFO] [io.gi.su.ad.AdvancedRocketryCommunity/]: ARCE_ROCKET_ENTITY_REMOVED entity=3743615e-5cd7-4a1a-9e37-8595e6dfa9a9 reason=DISCARDED operational=true
[17:54:06] [Server thread/INFO] [io.gi.su.ad.AdvancedRocketryCommunity/]: ARCE_TRANSFER_PHASE transfer=9d9f24d0-5c40-4d81-ac69-f1b53d8aebca logical=e50cc377-3d99-4ccb-ab21-bd2ad1c1befd phase=SOURCE_REMOVED event=source_removed entity=36af2fc7-e740-433f-b5ec-22cacd8ed998 fuel_before=1000 fuel_after=675 required=325
[17:54:06] [Server thread/INFO] [io.gi.su.ad.AdvancedRocketryCommunity/]: ARCE_TRANSFER_PHASE transfer=9d9f24d0-5c40-4d81-ac69-f1b53d8aebca logical=e50cc377-3d99-4ccb-ab21-bd2ad1c1befd phase=COMMITTED event=committed entity=36af2fc7-e740-433f-b5ec-22cacd8ed998 fuel_before=1000 fuel_after=675 required=325
[17:54:06] [Server thread/INFO] [minecraft/GameTestServer]: [+++++++++++++++++++++++++++++++++++++++++++++++++++++++++++++++++++++++_                                                                                                                                                                                                                          ]
[17:54:06] [Server thread/INFO] [minecraft/GameTestServer]: [+++++++++++++++++++++++++++++++++++++++++++++++++++++++++++++++++++++++_                                                                                                                                                                                                                          ]
[17:54:06] [Server thread/INFO] [minecraft/GameTestServer]: [+++++++++++++++++++++++++++++++++++++++++++++++++++++++++++++++++++++++_                                                                                                                                                                                                                          ]
[17:54:06] [Server thread/INFO] [minecraft/GameTestServer]: [+++++++++++++++++++++++++++++++++++++++++++++++++++++++++++++++++++++++_                                                                                                                                                                                                                          ]
[17:54:06] [Server thread/INFO] [io.gi.su.ad.AdvancedRocketryCommunity/]: ARCE_TRANSFER_PHASE transfer=9d9f24d0-5c40-4d81-ac69-f1b53d8aebca logical=e50cc377-3d99-4ccb-ab21-bd2ad1c1befd phase=COMMITTED event=landing_complete entity=36af2fc7-e740-433f-b5ec-22cacd8ed998 fuel_before=1000 fuel_after=675 required=325
[17:54:06] [Server thread/INFO] [io.gi.su.ad.AdvancedRocketryCommunity/]: ARCE_TRANSFER_PHASE transfer=9d9f24d0-5c40-4d81-ac69-f1b53d8aebca logical=e50cc377-3d99-4ccb-ab21-bd2ad1c1befd phase=COMMITTED event=landed_reservation_retained entity=36af2fc7-e740-433f-b5ec-22cacd8ed998 fuel_before=1000 fuel_after=675 required=325
[17:54:06] [Server thread/INFO] [minecraft/GameTestServer]: [+++++++++++++++++++++++++++++++++++++++++++++++++++++++++++++++++++++++_                                                                                                                                                                                                                          ]
[17:54:06] [Server thread/INFO] [io.gi.su.ad.AdvancedRocketryCommunity/]: ARCE_TRANSFER_PREPARE transfer=37f5d817-697d-415f-a576-1a9ba9d69c0a logical=e50cc377-3d99-4ccb-ab21-bd2ad1c1befd source=advancedrocketrycommunity:space destination=minecraft:overworld code=SUCCESS candidates=1 chunks=1 detail=selected
[17:54:06] [Server thread/INFO] [minecraft/GameTestServer]: [+++++++++++++++++++++++++++++++++++++++++++++++++++++++++++++++++++++++_                                                                                                                                                                                                                          ]
[17:54:06] [Server thread/INFO] [minecraft/GameTestServer]: [+++++++++++++++++++++++++++++++++++++++++++++++++++++++++++++++++++++++_                                                                                                                                                                                                                          ]
[17:54:06] [Server thread/INFO] [minecraft/GameTestServer]: [+++++++++++++++++++++++++++++++++++++++++++++++++++++++++++++++++++++++_                                                                                                                                                                                                                          ]
[17:54:06] [Server thread/INFO] [io.gi.su.ad.AdvancedRocketryCommunity/]: ARCE_TRANSFER_PHASE transfer=37f5d817-697d-415f-a576-1a9ba9d69c0a logical=e50cc377-3d99-4ccb-ab21-bd2ad1c1befd phase=PREPARED event=countdown_complete entity=36af2fc7-e740-433f-b5ec-22cacd8ed998 fuel_before=675 fuel_after=350 required=325
[17:54:06] [Server thread/INFO] [minecraft/GameTestServer]: [+++++++++++++++++++++++++++++++++++++++++++++++++++++++++++++++++++++++_                                                                                                                                                                                                                          ]
[17:54:06] [Server thread/INFO] [minecraft/GameTestServer]: [+++++++++++++++++++++++++++++++++++++++++++++++++++++++++++++++++++++++_                                                                                                                                                                                                                          ]
[17:54:06] [Server thread/INFO] [minecraft/GameTestServer]: [+++++++++++++++++++++++++++++++++++++++++++++++++++++++++++++++++++++++_                                                                                                                                                                                                                          ]
[17:54:06] [Server thread/INFO] [minecraft/GameTestServer]: [+++++++++++++++++++++++++++++++++++++++++++++++++++++++++++++++++++++++_                                                                                                                                                                                                                          ]
[17:54:06] [Server thread/INFO] [io.gi.su.ad.AdvancedRocketryCommunity/]: ARCE_TRANSFER_PHASE transfer=37f5d817-697d-415f-a576-1a9ba9d69c0a logical=e50cc377-3d99-4ccb-ab21-bd2ad1c1befd phase=PREPARED event=ascent_complete entity=36af2fc7-e740-433f-b5ec-22cacd8ed998 fuel_before=675 fuel_after=350 required=325
[17:54:06] [Server thread/INFO] [minecraft/GameTestServer]: [+++++++++++++++++++++++++++++++++++++++++++++++++++++++++++++++++++++++_                                                                                                                                                                                                                          ]
[17:54:07] [Server thread/INFO] [io.gi.su.ad.AdvancedRocketryCommunity/]: ARCE_TRANSFER_PHASE transfer=37f5d817-697d-415f-a576-1a9ba9d69c0a logical=e50cc377-3d99-4ccb-ab21-bd2ad1c1befd phase=DESTINATION_SPAWNED event=destination_spawned entity=02ed051e-916e-4de3-9f18-9b9f9d9158fc fuel_before=675 fuel_after=350 required=325
[17:54:07] [Server thread/INFO] [io.gi.su.ad.AdvancedRocketryCommunity/]: ARCE_ROCKET_ENTITY_ACTIVE entity=02ed051e-916e-4de3-9f18-9b9f9d9158fc operational=true snapshot=03dad047d0c28701a1faf6b7e944469f25ff19da72fc141d407c691e4b4987b7 flight_state=DESCENT fuel=350
[17:54:07] [Server thread/INFO] [io.gi.su.ad.AdvancedRocketryCommunity/]: ARCE_TRANSFER_PHASE transfer=37f5d817-697d-415f-a576-1a9ba9d69c0a logical=e50cc377-3d99-4ccb-ab21-bd2ad1c1befd phase=PASSENGERS_TRANSFERRED event=passengers_transferred entity=02ed051e-916e-4de3-9f18-9b9f9d9158fc fuel_before=675 fuel_after=350 required=325
[17:54:07] [Server thread/INFO] [io.gi.su.ad.AdvancedRocketryCommunity/]: ARCE_ROCKET_ENTITY_REMOVED entity=36af2fc7-e740-433f-b5ec-22cacd8ed998 reason=DISCARDED operational=true
[17:54:07] [Server thread/INFO] [io.gi.su.ad.AdvancedRocketryCommunity/]: ARCE_TRANSFER_PHASE transfer=37f5d817-697d-415f-a576-1a9ba9d69c0a logical=e50cc377-3d99-4ccb-ab21-bd2ad1c1befd phase=SOURCE_REMOVED event=source_removed entity=02ed051e-916e-4de3-9f18-9b9f9d9158fc fuel_before=675 fuel_after=350 required=325
[17:54:07] [Server thread/INFO] [io.gi.su.ad.AdvancedRocketryCommunity/]: ARCE_TRANSFER_PHASE transfer=37f5d817-697d-415f-a576-1a9ba9d69c0a logical=e50cc377-3d99-4ccb-ab21-bd2ad1c1befd phase=COMMITTED event=committed entity=02ed051e-916e-4de3-9f18-9b9f9d9158fc fuel_before=675 fuel_after=350 required=325
[17:54:07] [Server thread/INFO] [minecraft/GameTestServer]: [+++++++++++++++++++++++++++++++++++++++++++++++++++++++++++++++++++++++_                                                                                                                                                                                                                          ]
[17:54:07] [Server thread/INFO] [minecraft/GameTestServer]: [+++++++++++++++++++++++++++++++++++++++++++++++++++++++++++++++++++++++_                                                                                                                                                                                                                          ]
[17:54:07] [Server thread/INFO] [minecraft/GameTestServer]: [+++++++++++++++++++++++++++++++++++++++++++++++++++++++++++++++++++++++_                                                                                                                                                                                                                          ]
[17:54:07] [Server thread/INFO] [minecraft/GameTestServer]: [+++++++++++++++++++++++++++++++++++++++++++++++++++++++++++++++++++++++_                                                                                                                                                                                                                          ]
[17:54:07] [Server thread/INFO] [io.gi.su.ad.AdvancedRocketryCommunity/]: ARCE_TRANSFER_PHASE transfer=37f5d817-697d-415f-a576-1a9ba9d69c0a logical=e50cc377-3d99-4ccb-ab21-bd2ad1c1befd phase=COMMITTED event=landing_complete entity=02ed051e-916e-4de3-9f18-9b9f9d9158fc fuel_before=675 fuel_after=350 required=325
[17:54:07] [Server thread/INFO] [io.gi.su.ad.AdvancedRocketryCommunity/]: ARCE_TRANSFER_PHASE transfer=37f5d817-697d-415f-a576-1a9ba9d69c0a logical=e50cc377-3d99-4ccb-ab21-bd2ad1c1befd phase=COMMITTED event=landed_reservation_retained entity=02ed051e-916e-4de3-9f18-9b9f9d9158fc fuel_before=675 fuel_after=350 required=325
[17:54:07] [Server thread/INFO] [minecraft/GameTestServer]: [+++++++++++++++++++++++++++++++++++++++++++++++++++++++++++++++++++++++_                                                                                                                                                                                                                          ]
[17:54:07] [Server thread/INFO] [minecraft/GameTestServer]: [+++++++++++++++++++++++++++++++++++++++++++++++++++++++++++++++++++++++_                                                                                                                                                                                                                          ]
[17:54:07] [Server thread/INFO] [io.gi.su.ad.AdvancedRocketryCommunity/]: ARCE_ROCKET_ENTITY_REMOVED entity=02ed051e-916e-4de3-9f18-9b9f9d9158fc reason=DISCARDED operational=true
[17:54:07] [Server thread/INFO] [io.gi.su.ad.AdvancedRocketryCommunity/]: ARCE_EARTH_RETURN_FIXTURE restored blocks=25
[17:54:07] [Server thread/INFO] [minecraft/GameTestBatchRunner]: Running test batch 'station_warp_delete:1' (1 tests)...
[17:54:07] [Server thread/INFO] [io.gi.su.ad.AdvancedRocketryCommunity/]: ARCE_STATION_TRANSACTION action=creation_committed station=a8f24a5f-89be-4888-8561-a8a9f7ea5cc3 owner=6f9020c9-85c0-4b67-bfa9-f7fe7ec79f0b cell=0,0 region=-256,-256,255,255 inspected=289 changed=289 chunks=4 detail=generated
[17:54:07] [Server thread/INFO] [minecraft/GameTestBatchRunner]: Running test batch 'passenger_new_board:1' (1 tests)...
[17:54:07] [Server thread/INFO] [io.gi.su.ad.AdvancedRocketryCommunity/]: ARCE_TRANSFER_PREPARE transfer=64400afa-61c2-42f0-9f98-92bbfc3c2eec logical=67798582-f75d-4b92-900f-ddbba8c4c0aa source=minecraft:overworld destination=advancedrocketrycommunity:moon code=SUCCESS candidates=1 chunks=1 detail=selected
[17:54:07] [Server thread/INFO] [io.gi.su.ad.AdvancedRocketryCommunity/]: ARCE_ROCKET_ENTITY_ACTIVE entity=c82aed08-5579-4129-9b95-ee63efdf8a75 operational=true snapshot=a44ab84910f12f05c3b16a060ccac9b608f968d23936cc519252da45af8c0e41 flight_state=COUNTDOWN fuel=1000
[17:54:07] [Server thread/INFO] [minecraft/GameTestServer]: [+++++++++++++++++++++++++++++++++++++++++++++++++++++++++++++++++++++++++_                                                                                                                                                                                                                        ]
[17:54:07] [Server thread/INFO] [minecraft/GameTestServer]: [+++++++++++++++++++++++++++++++++++++++++++++++++++++++++++++++++++++++++_                                                                                                                                                                                                                        ]
[17:54:07] [Server thread/INFO] [minecraft/GameTestServer]: [+++++++++++++++++++++++++++++++++++++++++++++++++++++++++++++++++++++++++_                                                                                                                                                                                                                        ]
[17:54:07] [Server thread/INFO] [io.gi.su.ad.AdvancedRocketryCommunity/]: ARCE_TRANSFER_PHASE transfer=64400afa-61c2-42f0-9f98-92bbfc3c2eec logical=67798582-f75d-4b92-900f-ddbba8c4c0aa phase=PREPARED event=countdown_complete entity=c82aed08-5579-4129-9b95-ee63efdf8a75 fuel_before=1000 fuel_after=623 required=377
[17:54:07] [Server thread/INFO] [minecraft/GameTestServer]: [+++++++++++++++++++++++++++++++++++++++++++++++++++++++++++++++++++++++++_                                                                                                                                                                                                                        ]
[17:54:07] [Server thread/INFO] [minecraft/GameTestServer]: [+++++++++++++++++++++++++++++++++++++++++++++++++++++++++++++++++++++++++_                                                                                                                                                                                                                        ]
[17:54:07] [Server thread/INFO] [minecraft/GameTestServer]: [+++++++++++++++++++++++++++++++++++++++++++++++++++++++++++++++++++++++++_                                                                                                                                                                                                                        ]
[17:54:07] [Server thread/INFO] [minecraft/GameTestServer]: [+++++++++++++++++++++++++++++++++++++++++++++++++++++++++++++++++++++++++_                                                                                                                                                                                                                        ]
[17:54:07] [Server thread/INFO] [io.gi.su.ad.AdvancedRocketryCommunity/]: ARCE_TRANSFER_PHASE transfer=64400afa-61c2-42f0-9f98-92bbfc3c2eec logical=67798582-f75d-4b92-900f-ddbba8c4c0aa phase=PREPARED event=ascent_complete entity=c82aed08-5579-4129-9b95-ee63efdf8a75 fuel_before=1000 fuel_after=623 required=377
[17:54:07] [Server thread/INFO] [minecraft/GameTestServer]: [+++++++++++++++++++++++++++++++++++++++++++++++++++++++++++++++++++++++++_                                                                                                                                                                                                                        ]
[17:54:07] [Server thread/INFO] [io.gi.su.ad.AdvancedRocketryCommunity/]: ARCE_TRANSFER_PHASE transfer=64400afa-61c2-42f0-9f98-92bbfc3c2eec logical=67798582-f75d-4b92-900f-ddbba8c4c0aa phase=DESTINATION_SPAWNED event=destination_spawned entity=e9e6522e-0ff7-4314-b44b-957286f47eee fuel_before=1000 fuel_after=623 required=377
[17:54:07] [Server thread/INFO] [io.gi.su.ad.AdvancedRocketryCommunity/]: ARCE_TRANSFER_PHASE transfer=64400afa-61c2-42f0-9f98-92bbfc3c2eec logical=67798582-f75d-4b92-900f-ddbba8c4c0aa phase=PASSENGERS_TRANSFERRED event=passengers_transferred entity=e9e6522e-0ff7-4314-b44b-957286f47eee fuel_before=1000 fuel_after=623 required=377
[17:54:07] [Server thread/INFO] [io.gi.su.ad.AdvancedRocketryCommunity/]: ARCE_ROCKET_ENTITY_REMOVED entity=c82aed08-5579-4129-9b95-ee63efdf8a75 reason=DISCARDED operational=true
[17:54:07] [Server thread/INFO] [io.gi.su.ad.AdvancedRocketryCommunity/]: ARCE_TRANSFER_PHASE transfer=64400afa-61c2-42f0-9f98-92bbfc3c2eec logical=67798582-f75d-4b92-900f-ddbba8c4c0aa phase=SOURCE_REMOVED event=source_removed entity=e9e6522e-0ff7-4314-b44b-957286f47eee fuel_before=1000 fuel_after=623 required=377
[17:54:07] [Server thread/INFO] [io.gi.su.ad.AdvancedRocketryCommunity/]: ARCE_TRANSFER_PHASE transfer=64400afa-61c2-42f0-9f98-92bbfc3c2eec logical=67798582-f75d-4b92-900f-ddbba8c4c0aa phase=COMMITTED event=committed entity=e9e6522e-0ff7-4314-b44b-957286f47eee fuel_before=1000 fuel_after=623 required=377
[17:54:07] [Server thread/INFO] [minecraft/GameTestServer]: [+++++++++++++++++++++++++++++++++++++++++++++++++++++++++++++++++++++++++_                                                                                                                                                                                                                        ]
[17:54:07] [Server thread/INFO] [minecraft/GameTestServer]: [+++++++++++++++++++++++++++++++++++++++++++++++++++++++++++++++++++++++++_                                                                                                                                                                                                                        ]
[17:54:08] [Server thread/INFO] [minecraft/GameTestServer]: [+++++++++++++++++++++++++++++++++++++++++++++++++++++++++++++++++++++++++_                                                                                                                                                                                                                        ]
[17:54:08] [Server thread/INFO] [minecraft/GameTestServer]: [+++++++++++++++++++++++++++++++++++++++++++++++++++++++++++++++++++++++++_                                                                                                                                                                                                                        ]
[17:54:08] [Server thread/INFO] [io.gi.su.ad.AdvancedRocketryCommunity/]: ARCE_TRANSFER_PHASE transfer=64400afa-61c2-42f0-9f98-92bbfc3c2eec logical=67798582-f75d-4b92-900f-ddbba8c4c0aa phase=COMMITTED event=landing_complete entity=e9e6522e-0ff7-4314-b44b-957286f47eee fuel_before=1000 fuel_after=623 required=377
[17:54:08] [Server thread/INFO] [minecraft/GameTestServer]: [+++++++++++++++++++++++++++++++++++++++++++++++++++++++++++++++++++++++++_                                                                                                                                                                                                                        ]
[17:54:08] [Server thread/INFO] [io.gi.su.ad.AdvancedRocketryCommunity/]: ARCE_FLIGHT_INTENT request=e7343490-3cab-4d30-849d-a1dd9812158b player=5555eb2b-0beb-486c-9b78-72cc93da9ea9 rocket=e9e6522e-0ff7-4314-b44b-957286f47eee action=BOARD destination=advancedrocketrycommunity:body_surface station=null code=SUCCESS required_fuel=0
[17:54:08] [Server thread/INFO] [io.gi.su.ad.AdvancedRocketryCommunity/]: ARCE_ROCKET_ENTITY_REMOVED entity=e9e6522e-0ff7-4314-b44b-957286f47eee reason=DISCARDED operational=true
[17:54:08] [Server thread/INFO] [minecraft/GameTestBatchRunner]: Running test batch 'station_warp_repriced:1' (1 tests)...
[17:54:08] [Server thread/INFO] [io.gi.su.ad.AdvancedRocketryCommunity/]: ARCE_STATION_TRANSACTION action=creation_committed station=4d524346-32eb-4321-9b1c-db417a479b27 owner=250fe7cf-ef3d-4f48-be08-417407e20d5a cell=0,0 region=-256,-256,255,255 inspected=289 changed=289 chunks=4 detail=generated
[17:54:08] [Server thread/INFO] [minecraft/PlayerList]: repricedOwner[embedded] logged in with entity id 685 at (0.5, 60.0, 0.5)
[17:54:08] [Server thread/INFO] [io.gi.su.ad.AdvancedRocketryCommunity/]: Sent 1496-byte celestial snapshot generation 1 to 1 player(s)
[17:54:08] [Server thread/INFO] [minecraft/MinecraftServer]: repricedOwner joined the game
[17:54:08] [Server thread/INFO] [io.gi.su.ad.AdvancedRocketryCommunity/]: ARCE_STATION_WARP action=request code=WARP_ISSUED station=4d524346-32eb-4321-9b1c-db417a479b27 actor=250fe7cf-ef3d-4f48-be08-417407e20d5a target=advancedrocketrycommunity:moon class=IN_SYSTEM cost=2000000 balance=5000000
[17:54:08] [Server thread/INFO] [io.gi.su.ad.AdvancedRocketryCommunity/]: ARCE_STATION_WARP action=confirm code=WARP_STARTED station=4d524346-32eb-4321-9b1c-db417a479b27 actor=250fe7cf-ef3d-4f48-be08-417407e20d5a target=advancedrocketrycommunity:moon class=IN_SYSTEM cost=2000000 balance=5000000
[17:54:08] [Server thread/INFO] [minecraft/GameTestServer]: [++++++++++++++++++++++++++++++++++++++++++++++++++++++++++++++++++++++++++_                                                                                                                                                                                                                       ]
[17:54:08] [Server thread/INFO] [minecraft/GameTestServer]: [++++++++++++++++++++++++++++++++++++++++++++++++++++++++++++++++++++++++++_                                                                                                                                                                                                                       ]
[17:54:08] [Server thread/INFO] [minecraft/GameTestServer]: [++++++++++++++++++++++++++++++++++++++++++++++++++++++++++++++++++++++++++_                                                                                                                                                                                                                       ]
[17:54:08] [Server thread/INFO] [minecraft/GameTestServer]: [++++++++++++++++++++++++++++++++++++++++++++++++++++++++++++++++++++++++++_                                                                                                                                                                                                                       ]
[17:54:08] [Server thread/INFO] [minecraft/GameTestServer]: [++++++++++++++++++++++++++++++++++++++++++++++++++++++++++++++++++++++++++_                                                                                                                                                                                                                       ]
[17:54:08] [Server thread/INFO] [minecraft/GameTestServer]: [++++++++++++++++++++++++++++++++++++++++++++++++++++++++++++++++++++++++++_                                                                                                                                                                                                                       ]
[17:54:08] [Server thread/INFO] [minecraft/GameTestServer]: [++++++++++++++++++++++++++++++++++++++++++++++++++++++++++++++++++++++++++_                                                                                                                                                                                                                       ]
[17:54:08] [Server thread/INFO] [minecraft/GameTestServer]: [++++++++++++++++++++++++++++++++++++++++++++++++++++++++++++++++++++++++++_                                                                                                                                                                                                                       ]
[17:54:08] [Server thread/INFO] [minecraft/GameTestServer]: [++++++++++++++++++++++++++++++++++++++++++++++++++++++++++++++++++++++++++_                                                                                                                                                                                                                       ]
[17:54:08] [Server thread/INFO] [minecraft/GameTestServer]: [++++++++++++++++++++++++++++++++++++++++++++++++++++++++++++++++++++++++++_                                                                                                                                                                                                                       ]
[17:54:08] [Server thread/INFO] [io.gi.su.ad.AdvancedRocketryCommunity/]: ARCE_STATION_WARP action=commit code=WARP_QUOTE_CHANGED station=4d524346-32eb-4321-9b1c-db417a479b27 actor=250fe7cf-ef3d-4f48-be08-417407e20d5a from=advancedrocketrycommunity:earth to=advancedrocketrycommunity:moon class=IN_SYSTEM cost=2000000 balance=5000000
[17:54:08] [Server thread/INFO] [minecraft/GameTestServer]: [++++++++++++++++++++++++++++++++++++++++++++++++++++++++++++++++++++++++++_                                                                                                                                                                                                                       ]
[17:54:08] [Server thread/WARN] [io.gi.su.ad.AdvancedRocketryCommunity/]: ARCE_STATION_WARP_ENERGY_DROPPED station=4d524346-32eb-4321-9b1c-db417a479b27 energy=5000000
[17:54:08] [Server thread/INFO] [minecraft/GameTestBatchRunner]: Running test batch 'planetary_surface_flight:1' (1 tests)...
[17:54:08] [Server thread/INFO] [io.gi.su.ad.AdvancedRocketryCommunity/]: ARCE_EARTH_RETURN_FIXTURE installed x=0 y=63 z=0 blocks=25
[17:54:08] [Server thread/INFO] [minecraft/GameTestServer]: [+++++++++++++++++++++++++++++++++++++++++++++++++++++++++++++++++++++++++++_                                                                                                                                                                                                                      ]
[17:54:09] [Server thread/INFO] [io.gi.su.ad.AdvancedRocketryCommunity/]: ARCE_TRANSFER_PREPARE transfer=03e24c8c-71d6-4989-8ea1-ceb486cee459 logical=614bec2d-b5d7-451e-a5e9-135bb00734ed source=minecraft:overworld destination=advancedrocketrycommunity:mars code=SUCCESS candidates=1 chunks=2 detail=selected
[17:54:09] [Server thread/INFO] [io.gi.su.ad.AdvancedRocketryCommunity/]: ARCE_ROCKET_ENTITY_ACTIVE entity=37c9bea9-9bf3-40ac-a04d-722263805f27 operational=true snapshot=35a341ac8ebe0f468da063e19cc71593c868ec6a064ae9897778ab586cc1e103 flight_state=COUNTDOWN fuel=2000
[17:54:09] [Server thread/INFO] [minecraft/GameTestServer]: [+++++++++++++++++++++++++++++++++++++++++++++++++++++++++++++++++++++++++++_                                                                                                                                                                                                                      ]
[17:54:09] [Server thread/INFO] [minecraft/GameTestServer]: [+++++++++++++++++++++++++++++++++++++++++++++++++++++++++++++++++++++++++++_                                                                                                                                                                                                                      ]
[17:54:09] [Server thread/INFO] [minecraft/GameTestServer]: [+++++++++++++++++++++++++++++++++++++++++++++++++++++++++++++++++++++++++++_                                                                                                                                                                                                                      ]
[17:54:09] [Server thread/INFO] [io.gi.su.ad.AdvancedRocketryCommunity/]: ARCE_TRANSFER_PHASE transfer=03e24c8c-71d6-4989-8ea1-ceb486cee459 logical=614bec2d-b5d7-451e-a5e9-135bb00734ed phase=PREPARED event=countdown_complete entity=37c9bea9-9bf3-40ac-a04d-722263805f27 fuel_before=2000 fuel_after=1557 required=443
[17:54:09] [Server thread/INFO] [minecraft/GameTestServer]: [+++++++++++++++++++++++++++++++++++++++++++++++++++++++++++++++++++++++++++_                                                                                                                                                                                                                      ]
[17:54:09] [Server thread/INFO] [minecraft/GameTestServer]: [+++++++++++++++++++++++++++++++++++++++++++++++++++++++++++++++++++++++++++_                                                                                                                                                                                                                      ]
[17:54:09] [Server thread/INFO] [minecraft/GameTestServer]: [+++++++++++++++++++++++++++++++++++++++++++++++++++++++++++++++++++++++++++_                                                                                                                                                                                                                      ]
[17:54:09] [Server thread/INFO] [minecraft/GameTestServer]: [+++++++++++++++++++++++++++++++++++++++++++++++++++++++++++++++++++++++++++_                                                                                                                                                                                                                      ]
[17:54:09] [Server thread/INFO] [io.gi.su.ad.AdvancedRocketryCommunity/]: ARCE_TRANSFER_PHASE transfer=03e24c8c-71d6-4989-8ea1-ceb486cee459 logical=614bec2d-b5d7-451e-a5e9-135bb00734ed phase=PREPARED event=ascent_complete entity=37c9bea9-9bf3-40ac-a04d-722263805f27 fuel_before=2000 fuel_after=1557 required=443
[17:54:09] [Server thread/INFO] [minecraft/GameTestServer]: [+++++++++++++++++++++++++++++++++++++++++++++++++++++++++++++++++++++++++++_                                                                                                                                                                                                                      ]
[17:54:09] [Server thread/INFO] [io.gi.su.ad.AdvancedRocketryCommunity/]: ARCE_TRANSFER_PHASE transfer=03e24c8c-71d6-4989-8ea1-ceb486cee459 logical=614bec2d-b5d7-451e-a5e9-135bb00734ed phase=DESTINATION_SPAWNED event=destination_spawned entity=ea387604-25ed-4d48-a93d-fe14f1525335 fuel_before=2000 fuel_after=1557 required=443
[17:54:09] [Server thread/INFO] [io.gi.su.ad.AdvancedRocketryCommunity/]: ARCE_TRANSFER_PHASE transfer=03e24c8c-71d6-4989-8ea1-ceb486cee459 logical=614bec2d-b5d7-451e-a5e9-135bb00734ed phase=PASSENGERS_TRANSFERRED event=passengers_transferred entity=ea387604-25ed-4d48-a93d-fe14f1525335 fuel_before=2000 fuel_after=1557 required=443
[17:54:09] [Server thread/INFO] [io.gi.su.ad.AdvancedRocketryCommunity/]: ARCE_ROCKET_ENTITY_REMOVED entity=37c9bea9-9bf3-40ac-a04d-722263805f27 reason=DISCARDED operational=true
[17:54:09] [Server thread/INFO] [io.gi.su.ad.AdvancedRocketryCommunity/]: ARCE_TRANSFER_PHASE transfer=03e24c8c-71d6-4989-8ea1-ceb486cee459 logical=614bec2d-b5d7-451e-a5e9-135bb00734ed phase=SOURCE_REMOVED event=source_removed entity=ea387604-25ed-4d48-a93d-fe14f1525335 fuel_before=2000 fuel_after=1557 required=443
[17:54:09] [Server thread/INFO] [io.gi.su.ad.AdvancedRocketryCommunity/]: ARCE_TRANSFER_PHASE transfer=03e24c8c-71d6-4989-8ea1-ceb486cee459 logical=614bec2d-b5d7-451e-a5e9-135bb00734ed phase=COMMITTED event=committed entity=ea387604-25ed-4d48-a93d-fe14f1525335 fuel_before=2000 fuel_after=1557 required=443
[17:54:09] [Server thread/INFO] [minecraft/GameTestServer]: [+++++++++++++++++++++++++++++++++++++++++++++++++++++++++++++++++++++++++++_                                                                                                                                                                                                                      ]
[17:54:09] [Server thread/INFO] [minecraft/GameTestServer]: [+++++++++++++++++++++++++++++++++++++++++++++++++++++++++++++++++++++++++++_                                                                                                                                                                                                                      ]
[17:54:09] [Server thread/INFO] [minecraft/GameTestServer]: [+++++++++++++++++++++++++++++++++++++++++++++++++++++++++++++++++++++++++++_                                                                                                                                                                                                                      ]
[17:54:09] [Server thread/INFO] [minecraft/GameTestServer]: [+++++++++++++++++++++++++++++++++++++++++++++++++++++++++++++++++++++++++++_                                                                                                                                                                                                                      ]
[17:54:09] [Server thread/INFO] [io.gi.su.ad.AdvancedRocketryCommunity/]: ARCE_TRANSFER_PHASE transfer=03e24c8c-71d6-4989-8ea1-ceb486cee459 logical=614bec2d-b5d7-451e-a5e9-135bb00734ed phase=COMMITTED event=landing_complete entity=ea387604-25ed-4d48-a93d-fe14f1525335 fuel_before=2000 fuel_after=1557 required=443
[17:54:09] [Server thread/INFO] [io.gi.su.ad.AdvancedRocketryCommunity/]: ARCE_TRANSFER_PHASE transfer=03e24c8c-71d6-4989-8ea1-ceb486cee459 logical=614bec2d-b5d7-451e-a5e9-135bb00734ed phase=COMMITTED event=landed_reservation_retained entity=ea387604-25ed-4d48-a93d-fe14f1525335 fuel_before=2000 fuel_after=1557 required=443
[17:54:09] [Server thread/INFO] [minecraft/GameTestServer]: [+++++++++++++++++++++++++++++++++++++++++++++++++++++++++++++++++++++++++++_                                                                                                                                                                                                                      ]
[17:54:09] [Server thread/INFO] [io.gi.su.ad.AdvancedRocketryCommunity/]: ARCE_TRANSFER_PREPARE transfer=c45f42e4-6d0b-424e-9a87-5b4fdd1e60d2 logical=614bec2d-b5d7-451e-a5e9-135bb00734ed source=advancedrocketrycommunity:mars destination=advancedrocketrycommunity:venus code=SUCCESS candidates=1 chunks=2 detail=selected
[17:54:09] [Server thread/INFO] [minecraft/GameTestServer]: [+++++++++++++++++++++++++++++++++++++++++++++++++++++++++++++++++++++++++++_                                                                                                                                                                                                                      ]
[17:54:09] [Server thread/INFO] [minecraft/GameTestServer]: [+++++++++++++++++++++++++++++++++++++++++++++++++++++++++++++++++++++++++++_                                                                                                                                                                                                                      ]
[17:54:09] [Server thread/INFO] [minecraft/GameTestServer]: [+++++++++++++++++++++++++++++++++++++++++++++++++++++++++++++++++++++++++++_                                                                                                                                                                                                                      ]
[17:54:09] [Server thread/INFO] [io.gi.su.ad.AdvancedRocketryCommunity/]: ARCE_TRANSFER_PHASE transfer=c45f42e4-6d0b-424e-9a87-5b4fdd1e60d2 logical=614bec2d-b5d7-451e-a5e9-135bb00734ed phase=PREPARED event=countdown_complete entity=ea387604-25ed-4d48-a93d-fe14f1525335 fuel_before=1557 fuel_after=1029 required=528
[17:54:09] [Server thread/INFO] [minecraft/GameTestServer]: [+++++++++++++++++++++++++++++++++++++++++++++++++++++++++++++++++++++++++++_                                                                                                                                                                                                                      ]
[17:54:09] [Server thread/INFO] [minecraft/GameTestServer]: [+++++++++++++++++++++++++++++++++++++++++++++++++++++++++++++++++++++++++++_                                                                                                                                                                                                                      ]
[17:54:10] [Server thread/INFO] [minecraft/GameTestServer]: [+++++++++++++++++++++++++++++++++++++++++++++++++++++++++++++++++++++++++++_                                                                                                                                                                                                                      ]
[17:54:10] [Server thread/INFO] [minecraft/GameTestServer]: [+++++++++++++++++++++++++++++++++++++++++++++++++++++++++++++++++++++++++++_                                                                                                                                                                                                                      ]
[17:54:10] [Server thread/INFO] [io.gi.su.ad.AdvancedRocketryCommunity/]: ARCE_TRANSFER_PHASE transfer=c45f42e4-6d0b-424e-9a87-5b4fdd1e60d2 logical=614bec2d-b5d7-451e-a5e9-135bb00734ed phase=PREPARED event=ascent_complete entity=ea387604-25ed-4d48-a93d-fe14f1525335 fuel_before=1557 fuel_after=1029 required=528
[17:54:10] [Server thread/INFO] [minecraft/GameTestServer]: [+++++++++++++++++++++++++++++++++++++++++++++++++++++++++++++++++++++++++++_                                                                                                                                                                                                                      ]
[17:54:10] [Server thread/INFO] [io.gi.su.ad.AdvancedRocketryCommunity/]: ARCE_TRANSFER_PHASE transfer=c45f42e4-6d0b-424e-9a87-5b4fdd1e60d2 logical=614bec2d-b5d7-451e-a5e9-135bb00734ed phase=DESTINATION_SPAWNED event=destination_spawned entity=44096faf-398d-4071-b4e9-2c281c785a63 fuel_before=1557 fuel_after=1029 required=528
[17:54:10] [Server thread/INFO] [io.gi.su.ad.AdvancedRocketryCommunity/]: ARCE_TRANSFER_PHASE transfer=c45f42e4-6d0b-424e-9a87-5b4fdd1e60d2 logical=614bec2d-b5d7-451e-a5e9-135bb00734ed phase=PASSENGERS_TRANSFERRED event=passengers_transferred entity=44096faf-398d-4071-b4e9-2c281c785a63 fuel_before=1557 fuel_after=1029 required=528
[17:54:10] [Server thread/INFO] [io.gi.su.ad.AdvancedRocketryCommunity/]: ARCE_ROCKET_ENTITY_REMOVED entity=ea387604-25ed-4d48-a93d-fe14f1525335 reason=DISCARDED operational=true
[17:54:10] [Server thread/INFO] [io.gi.su.ad.AdvancedRocketryCommunity/]: ARCE_TRANSFER_PHASE transfer=c45f42e4-6d0b-424e-9a87-5b4fdd1e60d2 logical=614bec2d-b5d7-451e-a5e9-135bb00734ed phase=SOURCE_REMOVED event=source_removed entity=44096faf-398d-4071-b4e9-2c281c785a63 fuel_before=1557 fuel_after=1029 required=528
[17:54:10] [Server thread/INFO] [io.gi.su.ad.AdvancedRocketryCommunity/]: ARCE_TRANSFER_PHASE transfer=c45f42e4-6d0b-424e-9a87-5b4fdd1e60d2 logical=614bec2d-b5d7-451e-a5e9-135bb00734ed phase=COMMITTED event=committed entity=44096faf-398d-4071-b4e9-2c281c785a63 fuel_before=1557 fuel_after=1029 required=528
[17:54:10] [Server thread/INFO] [minecraft/GameTestServer]: [+++++++++++++++++++++++++++++++++++++++++++++++++++++++++++++++++++++++++++_                                                                                                                                                                                                                      ]
[17:54:10] [Server thread/INFO] [minecraft/GameTestServer]: [+++++++++++++++++++++++++++++++++++++++++++++++++++++++++++++++++++++++++++_                                                                                                                                                                                                                      ]
[17:54:10] [Server thread/INFO] [minecraft/GameTestServer]: [+++++++++++++++++++++++++++++++++++++++++++++++++++++++++++++++++++++++++++_                                                                                                                                                                                                                      ]
[17:54:10] [Server thread/INFO] [minecraft/GameTestServer]: [+++++++++++++++++++++++++++++++++++++++++++++++++++++++++++++++++++++++++++_                                                                                                                                                                                                                      ]
[17:54:10] [Server thread/INFO] [io.gi.su.ad.AdvancedRocketryCommunity/]: ARCE_TRANSFER_PHASE transfer=c45f42e4-6d0b-424e-9a87-5b4fdd1e60d2 logical=614bec2d-b5d7-451e-a5e9-135bb00734ed phase=COMMITTED event=landing_complete entity=44096faf-398d-4071-b4e9-2c281c785a63 fuel_before=1557 fuel_after=1029 required=528
[17:54:10] [Server thread/INFO] [io.gi.su.ad.AdvancedRocketryCommunity/]: ARCE_TRANSFER_PHASE transfer=c45f42e4-6d0b-424e-9a87-5b4fdd1e60d2 logical=614bec2d-b5d7-451e-a5e9-135bb00734ed phase=COMMITTED event=landed_reservation_retained entity=44096faf-398d-4071-b4e9-2c281c785a63 fuel_before=1557 fuel_after=1029 required=528
[17:54:10] [Server thread/INFO] [minecraft/GameTestServer]: [+++++++++++++++++++++++++++++++++++++++++++++++++++++++++++++++++++++++++++_                                                                                                                                                                                                                      ]
[17:54:10] [Server thread/INFO] [minecraft/GameTestServer]: [+++++++++++++++++++++++++++++++++++++++++++++++++++++++++++++++++++++++++++_                                                                                                                                                                                                                      ]
[17:54:10] [Server thread/INFO] [io.gi.su.ad.AdvancedRocketryCommunity/]: ARCE_TRANSFER_PREPARE transfer=485aa6ff-5e1c-4abd-9a26-85a777989d3c logical=614bec2d-b5d7-451e-a5e9-135bb00734ed source=advancedrocketrycommunity:venus destination=minecraft:overworld code=SUCCESS candidates=1 chunks=2 detail=selected
[17:54:10] [Server thread/INFO] [minecraft/GameTestServer]: [+++++++++++++++++++++++++++++++++++++++++++++++++++++++++++++++++++++++++++_                                                                                                                                                                                                                      ]
[17:54:10] [Server thread/INFO] [minecraft/GameTestServer]: [+++++++++++++++++++++++++++++++++++++++++++++++++++++++++++++++++++++++++++_                                                                                                                                                                                                                      ]
[17:54:10] [Server thread/INFO] [minecraft/GameTestServer]: [+++++++++++++++++++++++++++++++++++++++++++++++++++++++++++++++++++++++++++_                                                                                                                                                                                                                      ]
[17:54:10] [Server thread/INFO] [io.gi.su.ad.AdvancedRocketryCommunity/]: ARCE_TRANSFER_PHASE transfer=485aa6ff-5e1c-4abd-9a26-85a777989d3c logical=614bec2d-b5d7-451e-a5e9-135bb00734ed phase=PREPARED event=countdown_complete entity=44096faf-398d-4071-b4e9-2c281c785a63 fuel_before=1029 fuel_after=519 required=510
[17:54:10] [Server thread/INFO] [minecraft/GameTestServer]: [+++++++++++++++++++++++++++++++++++++++++++++++++++++++++++++++++++++++++++_                                                                                                                                                                                                                      ]
[17:54:10] [Server thread/INFO] [minecraft/GameTestServer]: [+++++++++++++++++++++++++++++++++++++++++++++++++++++++++++++++++++++++++++_                                                                                                                                                                                                                      ]
[17:54:10] [Server thread/INFO] [minecraft/GameTestServer]: [+++++++++++++++++++++++++++++++++++++++++++++++++++++++++++++++++++++++++++_                                                                                                                                                                                                                      ]
[17:54:10] [Server thread/INFO] [minecraft/GameTestServer]: [+++++++++++++++++++++++++++++++++++++++++++++++++++++++++++++++++++++++++++_                                                                                                                                                                                                                      ]
[17:54:10] [Server thread/INFO] [io.gi.su.ad.AdvancedRocketryCommunity/]: ARCE_TRANSFER_PHASE transfer=485aa6ff-5e1c-4abd-9a26-85a777989d3c logical=614bec2d-b5d7-451e-a5e9-135bb00734ed phase=PREPARED event=ascent_complete entity=44096faf-398d-4071-b4e9-2c281c785a63 fuel_before=1029 fuel_after=519 required=510
[17:54:10] [Server thread/INFO] [minecraft/GameTestServer]: [+++++++++++++++++++++++++++++++++++++++++++++++++++++++++++++++++++++++++++_                                                                                                                                                                                                                      ]
[17:54:10] [Server thread/INFO] [io.gi.su.ad.AdvancedRocketryCommunity/]: ARCE_TRANSFER_PHASE transfer=485aa6ff-5e1c-4abd-9a26-85a777989d3c logical=614bec2d-b5d7-451e-a5e9-135bb00734ed phase=DESTINATION_SPAWNED event=destination_spawned entity=283d224c-35e4-4a9a-95fc-d6f68b7ba754 fuel_before=1029 fuel_after=519 required=510
[17:54:10] [Server thread/INFO] [io.gi.su.ad.AdvancedRocketryCommunity/]: ARCE_ROCKET_ENTITY_ACTIVE entity=283d224c-35e4-4a9a-95fc-d6f68b7ba754 operational=true snapshot=f9431af67b2838dbfa942409d64b3814b612dfe75ee35ac111ef0826c1f6ef12 flight_state=DESCENT fuel=519
[17:54:10] [Server thread/INFO] [io.gi.su.ad.AdvancedRocketryCommunity/]: ARCE_TRANSFER_PHASE transfer=485aa6ff-5e1c-4abd-9a26-85a777989d3c logical=614bec2d-b5d7-451e-a5e9-135bb00734ed phase=PASSENGERS_TRANSFERRED event=passengers_transferred entity=283d224c-35e4-4a9a-95fc-d6f68b7ba754 fuel_before=1029 fuel_after=519 required=510
[17:54:10] [Server thread/INFO] [io.gi.su.ad.AdvancedRocketryCommunity/]: ARCE_ROCKET_ENTITY_REMOVED entity=44096faf-398d-4071-b4e9-2c281c785a63 reason=DISCARDED operational=true
[17:54:10] [Server thread/INFO] [io.gi.su.ad.AdvancedRocketryCommunity/]: ARCE_TRANSFER_PHASE transfer=485aa6ff-5e1c-4abd-9a26-85a777989d3c logical=614bec2d-b5d7-451e-a5e9-135bb00734ed phase=SOURCE_REMOVED event=source_removed entity=283d224c-35e4-4a9a-95fc-d6f68b7ba754 fuel_before=1029 fuel_after=519 required=510
[17:54:10] [Server thread/INFO] [io.gi.su.ad.AdvancedRocketryCommunity/]: ARCE_TRANSFER_PHASE transfer=485aa6ff-5e1c-4abd-9a26-85a777989d3c logical=614bec2d-b5d7-451e-a5e9-135bb00734ed phase=COMMITTED event=committed entity=283d224c-35e4-4a9a-95fc-d6f68b7ba754 fuel_before=1029 fuel_after=519 required=510
[17:54:10] [Server thread/INFO] [minecraft/GameTestServer]: [+++++++++++++++++++++++++++++++++++++++++++++++++++++++++++++++++++++++++++_                                                                                                                                                                                                                      ]
[17:54:10] [Server thread/INFO] [minecraft/GameTestServer]: [+++++++++++++++++++++++++++++++++++++++++++++++++++++++++++++++++++++++++++_                                                                                                                                                                                                                      ]
[17:54:10] [Server thread/INFO] [minecraft/GameTestServer]: [+++++++++++++++++++++++++++++++++++++++++++++++++++++++++++++++++++++++++++_                                                                                                                                                                                                                      ]
[17:54:10] [Server thread/INFO] [minecraft/GameTestServer]: [+++++++++++++++++++++++++++++++++++++++++++++++++++++++++++++++++++++++++++_                                                                                                                                                                                                                      ]
[17:54:10] [Server thread/INFO] [io.gi.su.ad.AdvancedRocketryCommunity/]: ARCE_TRANSFER_PHASE transfer=485aa6ff-5e1c-4abd-9a26-85a777989d3c logical=614bec2d-b5d7-451e-a5e9-135bb00734ed phase=COMMITTED event=landing_complete entity=283d224c-35e4-4a9a-95fc-d6f68b7ba754 fuel_before=1029 fuel_after=519 required=510
[17:54:10] [Server thread/INFO] [io.gi.su.ad.AdvancedRocketryCommunity/]: ARCE_TRANSFER_PHASE transfer=485aa6ff-5e1c-4abd-9a26-85a777989d3c logical=614bec2d-b5d7-451e-a5e9-135bb00734ed phase=COMMITTED event=landed_reservation_retained entity=283d224c-35e4-4a9a-95fc-d6f68b7ba754 fuel_before=1029 fuel_after=519 required=510
[17:54:10] [Server thread/INFO] [minecraft/GameTestServer]: [+++++++++++++++++++++++++++++++++++++++++++++++++++++++++++++++++++++++++++_                                                                                                                                                                                                                      ]
[17:54:10] [Server thread/INFO] [io.gi.su.ad.AdvancedRocketryCommunity/]: ARCE_ROCKET_ENTITY_REMOVED entity=283d224c-35e4-4a9a-95fc-d6f68b7ba754 reason=DISCARDED operational=true
[17:54:10] [Server thread/INFO] [io.gi.su.ad.AdvancedRocketryCommunity/]: ARCE_EARTH_RETURN_FIXTURE restored blocks=25
[17:54:10] [Server thread/INFO] [minecraft/GameTestBatchRunner]: Running test batch 'station_elevator:1' (1 tests)...
[17:54:10] [Server thread/INFO] [io.gi.su.ad.AdvancedRocketryCommunity/]: ARCE_STATION_TRANSACTION action=creation_committed station=59894bab-ca43-4f13-8b63-0ddfc9512fab owner=1289d805-e470-4e17-b13a-6675a17a4ca7 cell=0,0 region=-256,-256,255,255 inspected=289 changed=289 chunks=4 detail=generated
[17:54:10] [Server thread/INFO] [io.gi.su.ad.AdvancedRocketryCommunity/]: ARCE_STATION_ELEVATOR_CHECK actor=00000000-0000-0000-0000-000000000007 operator=true station=59894bab-ca43-4f13-8b63-0ddfc9512fab body=advancedrocketrycommunity:earth x=100 z=-100 rule=0 result=VALID
[17:54:10] [Server thread/INFO] [io.gi.su.ad.AdvancedRocketryCommunity/]: ARCE_STATION_ELEVATOR_CHECK actor=00000000-0000-0000-0000-000000000007 operator=true station=41cc054e-9d2a-4460-a68a-5f063752bcc2 body=advancedrocketrycommunity:earth x=0 z=0 rule=1 result=STATION_MISSING
[17:54:10] [Server thread/INFO] [io.gi.su.ad.AdvancedRocketryCommunity/]: ARCE_STATION_ELEVATOR_CHECK actor=00000000-0000-0000-0000-000000000007 operator=true station=59894bab-ca43-4f13-8b63-0ddfc9512fab body=advancedrocketrycommunity:moon x=0 z=0 rule=3 result=NOT_CURRENT_ORBIT
[17:54:10] [Server thread/INFO] [io.gi.su.ad.AdvancedRocketryCommunity/]: ARCE_STATION_ELEVATOR_CHECK actor=00000000-0000-0000-0000-000000000007 operator=true station=59894bab-ca43-4f13-8b63-0ddfc9512fab body=advancedrocketrycommunity:earth x=5000 z=0 rule=5 result=OUTSIDE_WORLD_BORDER
[17:54:10] [Server thread/INFO] [io.gi.su.ad.AdvancedRocketryCommunity/]: ARCE_STATION_ELEVATOR_CHECK actor=00000000-0000-0000-0000-000000000007 operator=true station=59894bab-ca43-4f13-8b63-0ddfc9512fab body=advancedrocketrycommunity:earth x=5000 z=0 rule=0 result=VALID
[17:54:10] [Server thread/INFO] [io.gi.su.ad.AdvancedRocketryCommunity/]: ARCE_STATION_ELEVATOR_CHECK actor=1289d805-e470-4e17-b13a-6675a17a4ca7 operator=false station=59894bab-ca43-4f13-8b63-0ddfc9512fab body=advancedrocketrycommunity:earth x=0 z=0 rule=4 result=LEVEL_ABSENT
[17:54:10] [Server thread/INFO] [io.gi.su.ad.AdvancedRocketryCommunity/]: ARCE_STATION_ELEVATOR_CHECK actor=1289d805-e470-4e17-b13a-6675a17a4ca7 operator=false station=59894bab-ca43-4f13-8b63-0ddfc9512fab body=advancedrocketrycommunity:earth x=0 z=0 rule=4 result=NO_SURFACE
[17:54:10] [Server thread/INFO] [io.gi.su.ad.AdvancedRocketryCommunity/]: ARCE_STATION_ELEVATOR_CHECK actor=1289d805-e470-4e17-b13a-6675a17a4ca7 operator=false station=59894bab-ca43-4f13-8b63-0ddfc9512fab body=advancedrocketrycommunity:earth x=0 z=0 rule=0 result=VALID
[17:54:10] [Server thread/INFO] [io.gi.su.ad.AdvancedRocketryCommunity/]: ARCE_STATION_ELEVATOR_CHECK actor=8e908c35-3fdb-4e04-b89a-7e4735b40475 operator=false station=59894bab-ca43-4f13-8b63-0ddfc9512fab body=advancedrocketrycommunity:earth x=0 z=0 rule=2 result=UNAUTHORIZED
[17:54:10] [Server thread/INFO] [minecraft/PlayerList]: elevatorOwner[embedded] logged in with entity id 798 at (0.5, 60.0, 0.5)
[17:54:10] [Server thread/INFO] [io.gi.su.ad.AdvancedRocketryCommunity/]: Sent 1496-byte celestial snapshot generation 1 to 1 player(s)
[17:54:10] [Server thread/INFO] [minecraft/MinecraftServer]: elevatorOwner joined the game
[17:54:10] [Server thread/INFO] [io.gi.su.ad.AdvancedRocketryCommunity/]: ARCE_STATION_ELEVATOR_CHECK actor=00000000-0000-0000-0000-000000000007 operator=true station=59894bab-ca43-4f13-8b63-0ddfc9512fab body=advancedrocketrycommunity:earth x=100 z=-100 rule=3 result=NOT_CURRENT_ORBIT
[17:54:10] [Server thread/INFO] [io.gi.su.ad.AdvancedRocketryCommunity/]: ARCE_STATION_ELEVATOR_CHECK actor=00000000-0000-0000-0000-000000000007 operator=true station=59894bab-ca43-4f13-8b63-0ddfc9512fab body=advancedrocketrycommunity:moon x=100 z=-100 rule=0 result=VALID
[17:54:10] [Server thread/INFO] [minecraft/GameTestBatchRunner]: Running test batch 'planetary_discovery_recovery:1' (1 tests)...
[17:54:10] [Server thread/INFO] [io.gi.su.ad.AdvancedRocketryCommunity/]: ARCE_DISCOVERY_EXPECTED_SAVE_FAILURE testing launch acknowledgment
[17:54:10] [Server thread/ERROR] [io.gi.su.ad.AdvancedRocketryCommunity/]: Satellite launch operation failed
java.io.UncheckedIOException: java.io.IOException: SavedData authority and staging paths must be regular files
	at io.github.sunthemoon.advancedrocketrycommunity.persistence.migration.CheckedSavedDataFile.replace(CheckedSavedDataFile.java:71) ~[%23197!/:?] {re:classloading}
	at io.github.sunthemoon.advancedrocketrycommunity.persistence.migration.AtomicSavedData.flush(AtomicSavedData.java:48) ~[%23197!/:?] {re:classloading}
	at io.github.sunthemoon.advancedrocketrycommunity.persistence.migration.AtomicSavedData.flush(AtomicSavedData.java:42) ~[%23197!/:?] {re:classloading}
	at io.github.sunthemoon.advancedrocketrycommunity.persistence.migration.AtomicSavedData.flush(AtomicSavedData.java:38) ~[%23197!/:?] {re:classloading}
	at io.github.sunthemoon.advancedrocketrycommunity.satellite.service.SatelliteManager.launch(SatelliteManager.java:228) ~[%23197!/:?] {re:classloading}
	at io.github.sunthemoon.advancedrocketrycommunity.satellite.service.DiscoveryRecoveryGameTests.oldPaidReceiptAndNewRemovedTargetRecoverWithoutAnotherClaim(DiscoveryRecoveryGameTests.java:72) ~[%23197!/:?] {re:classloading}
	at jdk.internal.reflect.NativeMethodAccessorImpl.invoke0(Native Method) ~[?:?] {}
	at jdk.internal.reflect.NativeMethodAccessorImpl.invoke(NativeMethodAccessorImpl.java:77) ~[?:?] {}
	at jdk.internal.reflect.DelegatingMethodAccessorImpl.invoke(DelegatingMethodAccessorImpl.java:43) ~[?:?] {}
	at java.lang.reflect.Method.invoke(Method.java:568) ~[?:?] {}
	at net.minecraft.gametest.framework.GameTestRegistry.lambda$turnMethodIntoConsumer$3(GameTestRegistry.java:146) ~[forge-1.20.1-47.4.10_mapped_official_1.20.1.jar%23191!/:?] {re:classloading}
	at net.minecraft.gametest.framework.TestFunction.run(TestFunction.java:45) ~[forge-1.20.1-47.4.10_mapped_official_1.20.1.jar%23191!/:?] {re:classloading}
	at net.minecraft.gametest.framework.GameTestInfo.startTest(GameTestInfo.java:126) ~[forge-1.20.1-47.4.10_mapped_official_1.20.1.jar%23191!/:?] {re:classloading}
	at net.minecraft.gametest.framework.GameTestInfo.tickInternal(GameTestInfo.java:90) ~[forge-1.20.1-47.4.10_mapped_official_1.20.1.jar%23191!/:?] {re:classloading}
	at net.minecraft.gametest.framework.GameTestInfo.tick(GameTestInfo.java:73) ~[forge-1.20.1-47.4.10_mapped_official_1.20.1.jar%23191!/:?] {re:classloading}
	at java.util.concurrent.CopyOnWriteArrayList.forEach(CopyOnWriteArrayList.java:807) ~[?:?] {}
	at net.minecraft.gametest.framework.GameTestTicker.tick(GameTestTicker.java:20) ~[forge-1.20.1-47.4.10_mapped_official_1.20.1.jar%23191!/:?] {re:classloading}
	at net.minecraft.server.MinecraftServer.tickChildren(MinecraftServer.java:911) ~[forge-1.20.1-47.4.10_mapped_official_1.20.1.jar%23191!/:?] {re:classloading,pl:accesstransformer:B}
	at net.minecraft.server.MinecraftServer.tickServer(MinecraftServer.java:814) ~[forge-1.20.1-47.4.10_mapped_official_1.20.1.jar%23191!/:?] {re:classloading,pl:accesstransformer:B}
	at net.minecraft.gametest.framework.GameTestServer.tickServer(GameTestServer.java:119) ~[forge-1.20.1-47.4.10_mapped_official_1.20.1.jar%23191!/:?] {re:classloading,pl:accesstransformer:B}
	at net.minecraft.server.MinecraftServer.runServer(MinecraftServer.java:661) ~[forge-1.20.1-47.4.10_mapped_official_1.20.1.jar%23191!/:?] {re:classloading,pl:accesstransformer:B}
	at net.minecraft.server.MinecraftServer.lambda$spin$2(MinecraftServer.java:251) ~[forge-1.20.1-47.4.10_mapped_official_1.20.1.jar%23191!/:?] {re:classloading,pl:accesstransformer:B}
	at java.lang.Thread.run(Thread.java:833) ~[?:?] {}
Caused by: java.io.IOException: SavedData authority and staging paths must be regular files
	at io.github.sunthemoon.advancedrocketrycommunity.persistence.migration.CheckedSavedDataFile.requireFileOrAbsent(CheckedSavedDataFile.java:96) ~[%23197!/:?] {re:classloading}
	at io.github.sunthemoon.advancedrocketrycommunity.persistence.migration.CheckedSavedDataFile.replace(CheckedSavedDataFile.java:49) ~[%23197!/:?] {re:classloading}
	... 22 more
[17:54:10] [Server thread/INFO] [minecraft/GameTestBatchRunner]: Running test batch 'satellite_lifecycle:1' (1 tests)...
[17:54:10] [Server thread/WARN] [io.gi.su.ad.AdvancedRocketryCommunity/]: ARCE_SATELLITE_RESTORE quarantined_missions=1 recovery_required=1 quarantined_instances=0 accounts_added=0
[17:54:10] [Server thread/INFO] [io.gi.su.ad.AdvancedRocketryCommunity/]: ARCE_SATELLITE_ADMIN action=mission_release id=b031b2d2-0e83-4162-93c9-abf5b970b8c7 result=RECOVERY_REQUIRED by=779a32b5-b6b3-4fb3-a837-7a00097c7626
[17:54:10] [Server thread/INFO] [io.gi.su.ad.AdvancedRocketryCommunity/]: ARCE_SATELLITE_ADMIN action=mission_cancel id=b031b2d2-0e83-4162-93c9-abf5b970b8c7 result=SUCCESS by=779a32b5-b6b3-4fb3-a837-7a00097c7626
[17:54:10] [Server thread/INFO] [io.gi.su.ad.AdvancedRocketryCommunity/]: ARCE_SATELLITE_ADMIN action=satellite_recover id=3b8bdbfa-969e-495a-b75f-6d64773fcc3f result=SUCCESS by=779a32b5-b6b3-4fb3-a837-7a00097c7626
[17:54:10] [Server thread/INFO] [io.gi.su.ad.AdvancedRocketryCommunity/]: ARCE_SATELLITE_DIAGNOSTICS satellites=1 missions=1 unfinished=0 finished=1 scheduled=0 instances=0 bytes_satellites=364 bytes_missions=570 bytes_instances=0 bytes_accounts=128 save_epoch=3 flush_pending=true coalesced_flushes=1 coalesced_flush_mean_ms=4.755 coalesced_flush_max_ms=4.755
[17:54:11] [Server thread/INFO] [minecraft/GameTestBatchRunner]: Running test batch 'passenger_leave:1' (1 tests)...
[17:54:11] [Server thread/INFO] [io.gi.su.ad.AdvancedRocketryCommunity/]: ARCE_TRANSFER_PREPARE transfer=82780548-3ac3-41ca-91af-640316a41f9e logical=79c5ffc5-0ed1-4eda-9957-a5a1b6b61ec0 source=minecraft:overworld destination=advancedrocketrycommunity:moon code=SUCCESS candidates=1 chunks=1 detail=selected
[17:54:11] [Server thread/INFO] [io.gi.su.ad.AdvancedRocketryCommunity/]: ARCE_ROCKET_ENTITY_ACTIVE entity=2b9f5314-0a9c-4553-a49a-52658935b2d4 operational=true snapshot=fcbbced70d7527f92721d97159ac815094ce26d6c99c30b2e7542638b8e9ddbb flight_state=COUNTDOWN fuel=1000
[17:54:11] [Server thread/INFO] [minecraft/GameTestServer]: [+++++++++++++++++++++++++++++++++++++++++++++++++++++++++++++++++++++++++++++++_                                                                                                                                                                                                                  ]
[17:54:11] [Server thread/INFO] [minecraft/GameTestServer]: [+++++++++++++++++++++++++++++++++++++++++++++++++++++++++++++++++++++++++++++++_                                                                                                                                                                                                                  ]
[17:54:11] [Server thread/INFO] [minecraft/GameTestServer]: [+++++++++++++++++++++++++++++++++++++++++++++++++++++++++++++++++++++++++++++++_                                                                                                                                                                                                                  ]
[17:54:11] [Server thread/INFO] [io.gi.su.ad.AdvancedRocketryCommunity/]: ARCE_TRANSFER_PHASE transfer=82780548-3ac3-41ca-91af-640316a41f9e logical=79c5ffc5-0ed1-4eda-9957-a5a1b6b61ec0 phase=PREPARED event=countdown_complete entity=2b9f5314-0a9c-4553-a49a-52658935b2d4 fuel_before=1000 fuel_after=623 required=377
[17:54:11] [Server thread/INFO] [minecraft/GameTestServer]: [+++++++++++++++++++++++++++++++++++++++++++++++++++++++++++++++++++++++++++++++_                                                                                                                                                                                                                  ]
[17:54:11] [Server thread/INFO] [minecraft/GameTestServer]: [+++++++++++++++++++++++++++++++++++++++++++++++++++++++++++++++++++++++++++++++_                                                                                                                                                                                                                  ]
[17:54:11] [Server thread/INFO] [minecraft/GameTestServer]: [+++++++++++++++++++++++++++++++++++++++++++++++++++++++++++++++++++++++++++++++_                                                                                                                                                                                                                  ]
[17:54:11] [Server thread/INFO] [minecraft/GameTestServer]: [+++++++++++++++++++++++++++++++++++++++++++++++++++++++++++++++++++++++++++++++_                                                                                                                                                                                                                  ]
[17:54:11] [Server thread/INFO] [io.gi.su.ad.AdvancedRocketryCommunity/]: ARCE_TRANSFER_PHASE transfer=82780548-3ac3-41ca-91af-640316a41f9e logical=79c5ffc5-0ed1-4eda-9957-a5a1b6b61ec0 phase=PREPARED event=ascent_complete entity=2b9f5314-0a9c-4553-a49a-52658935b2d4 fuel_before=1000 fuel_after=623 required=377
[17:54:11] [Server thread/INFO] [minecraft/GameTestServer]: [+++++++++++++++++++++++++++++++++++++++++++++++++++++++++++++++++++++++++++++++_                                                                                                                                                                                                                  ]
[17:54:11] [Server thread/INFO] [io.gi.su.ad.AdvancedRocketryCommunity/]: ARCE_TRANSFER_PHASE transfer=82780548-3ac3-41ca-91af-640316a41f9e logical=79c5ffc5-0ed1-4eda-9957-a5a1b6b61ec0 phase=DESTINATION_SPAWNED event=destination_spawned entity=5748254c-1b1c-4643-825b-d1ec3a23397c fuel_before=1000 fuel_after=623 required=377
[17:54:11] [Server thread/INFO] [io.gi.su.ad.AdvancedRocketryCommunity/]: ARCE_TRANSFER_PHASE transfer=82780548-3ac3-41ca-91af-640316a41f9e logical=79c5ffc5-0ed1-4eda-9957-a5a1b6b61ec0 phase=PASSENGERS_TRANSFERRED event=passengers_transferred entity=5748254c-1b1c-4643-825b-d1ec3a23397c fuel_before=1000 fuel_after=623 required=377
[17:54:11] [Server thread/INFO] [io.gi.su.ad.AdvancedRocketryCommunity/]: ARCE_ROCKET_ENTITY_REMOVED entity=2b9f5314-0a9c-4553-a49a-52658935b2d4 reason=DISCARDED operational=true
[17:54:11] [Server thread/INFO] [io.gi.su.ad.AdvancedRocketryCommunity/]: ARCE_TRANSFER_PHASE transfer=82780548-3ac3-41ca-91af-640316a41f9e logical=79c5ffc5-0ed1-4eda-9957-a5a1b6b61ec0 phase=SOURCE_REMOVED event=source_removed entity=5748254c-1b1c-4643-825b-d1ec3a23397c fuel_before=1000 fuel_after=623 required=377
[17:54:11] [Server thread/INFO] [io.gi.su.ad.AdvancedRocketryCommunity/]: ARCE_TRANSFER_PHASE transfer=82780548-3ac3-41ca-91af-640316a41f9e logical=79c5ffc5-0ed1-4eda-9957-a5a1b6b61ec0 phase=COMMITTED event=committed entity=5748254c-1b1c-4643-825b-d1ec3a23397c fuel_before=1000 fuel_after=623 required=377
[17:54:11] [Server thread/INFO] [minecraft/GameTestServer]: [+++++++++++++++++++++++++++++++++++++++++++++++++++++++++++++++++++++++++++++++_                                                                                                                                                                                                                  ]
[17:54:11] [Server thread/INFO] [minecraft/GameTestServer]: [+++++++++++++++++++++++++++++++++++++++++++++++++++++++++++++++++++++++++++++++_                                                                                                                                                                                                                  ]
[17:54:11] [Server thread/INFO] [minecraft/GameTestServer]: [+++++++++++++++++++++++++++++++++++++++++++++++++++++++++++++++++++++++++++++++_                                                                                                                                                                                                                  ]
[17:54:11] [Server thread/INFO] [minecraft/GameTestServer]: [+++++++++++++++++++++++++++++++++++++++++++++++++++++++++++++++++++++++++++++++_                                                                                                                                                                                                                  ]
[17:54:11] [Server thread/INFO] [io.gi.su.ad.AdvancedRocketryCommunity/]: ARCE_TRANSFER_PHASE transfer=82780548-3ac3-41ca-91af-640316a41f9e logical=79c5ffc5-0ed1-4eda-9957-a5a1b6b61ec0 phase=COMMITTED event=landing_complete entity=5748254c-1b1c-4643-825b-d1ec3a23397c fuel_before=1000 fuel_after=623 required=377
[17:54:11] [Server thread/INFO] [minecraft/GameTestServer]: [+++++++++++++++++++++++++++++++++++++++++++++++++++++++++++++++++++++++++++++++_                                                                                                                                                                                                                  ]
[17:54:11] [Server thread/INFO] [minecraft/GameTestServer]: [+++++++++++++++++++++++++++++++++++++++++++++++++++++++++++++++++++++++++++++++_                                                                                                                                                                                                                  ]
[17:54:11] [Server thread/INFO] [io.gi.su.ad.AdvancedRocketryCommunity/]: ARCE_FLIGHT_INTENT request=a6556488-93a2-4113-8146-0336d25b02ff player=b0a0d393-8419-424c-a404-1830b2ecf66e rocket=5748254c-1b1c-4643-825b-d1ec3a23397c action=LEAVE destination=advancedrocketrycommunity:body_surface station=null code=SUCCESS required_fuel=0
[17:54:11] [Server thread/INFO] [io.gi.su.ad.AdvancedRocketryCommunity/]: ARCE_ROCKET_ENTITY_REMOVED entity=5748254c-1b1c-4643-825b-d1ec3a23397c reason=DISCARDED operational=true
[17:54:11] [Server thread/INFO] [minecraft/GameTestBatchRunner]: Running test batch 'station_sky_context_wiring:1' (1 tests)...
[17:54:11] [Server thread/INFO] [io.gi.su.ad.AdvancedRocketryCommunity/]: ARCE_STATION_TRANSACTION action=creation_committed station=c7485a9e-b017-449b-bda4-4bff8b520fe8 owner=043d0544-e937-44c1-9c00-a8f22aeb0e2b cell=0,0 region=-256,-256,255,255 inspected=289 changed=289 chunks=4 detail=generated
[17:54:11] [Server thread/INFO] [minecraft/PlayerList]: skyWiring[embedded] logged in with entity id 833 at (0.5, 60.0, 0.5)
[17:54:11] [Server thread/INFO] [io.gi.su.ad.AdvancedRocketryCommunity/]: Sent 1496-byte celestial snapshot generation 1 to 1 player(s)
[17:54:11] [Server thread/INFO] [minecraft/MinecraftServer]: skyWiring joined the game
[17:54:11] [Server thread/INFO] [minecraft/GameTestServer]: [++++++++++++++++++++++++++++++++++++++++++++++++++++++++++++++++++++++++++++++++_                                                                                                                                                                                                                 ]
[17:54:12] [Server thread/INFO] [minecraft/GameTestServer]: [++++++++++++++++++++++++++++++++++++++++++++++++++++++++++++++++++++++++++++++++_                                                                                                                                                                                                                 ]
[17:54:12] [Server thread/INFO] [minecraft/GameTestBatchRunner]: Running test batch 'passenger_entity_readiness:1' (1 tests)...
[17:54:12] [Server thread/INFO] [io.gi.su.ad.AdvancedRocketryCommunity/]: ARCE_TRANSFER_PREPARE transfer=c3ebeb72-432a-49d6-8cc8-8f921cc92dda logical=d8ac19fe-06f4-4f13-a6a5-8b30a097c7f4 source=minecraft:overworld destination=advancedrocketrycommunity:moon code=SUCCESS candidates=1 chunks=1 detail=selected
[17:54:12] [Server thread/INFO] [io.gi.su.ad.AdvancedRocketryCommunity/]: ARCE_ROCKET_ENTITY_ACTIVE entity=6a57b080-c782-441d-a8a6-5a5425f16b1d operational=true snapshot=e60f9e4d01726fbb3ae27b16924d44ffa9e9e146b1500712f4457dba3a92254e flight_state=COUNTDOWN fuel=1000
[17:54:12] [Server thread/INFO] [minecraft/GameTestServer]: [+++++++++++++++++++++++++++++++++++++++++++++++++++++++++++++++++++++++++++++++++_                                                                                                                                                                                                                ]
[17:54:12] [Server thread/INFO] [minecraft/GameTestServer]: [+++++++++++++++++++++++++++++++++++++++++++++++++++++++++++++++++++++++++++++++++_                                                                                                                                                                                                                ]
[17:54:12] [Server thread/INFO] [minecraft/GameTestServer]: [+++++++++++++++++++++++++++++++++++++++++++++++++++++++++++++++++++++++++++++++++_                                                                                                                                                                                                                ]
[17:54:12] [Server thread/INFO] [io.gi.su.ad.AdvancedRocketryCommunity/]: ARCE_TRANSFER_PHASE transfer=c3ebeb72-432a-49d6-8cc8-8f921cc92dda logical=d8ac19fe-06f4-4f13-a6a5-8b30a097c7f4 phase=PREPARED event=countdown_complete entity=6a57b080-c782-441d-a8a6-5a5425f16b1d fuel_before=1000 fuel_after=623 required=377
[17:54:12] [Server thread/INFO] [minecraft/GameTestServer]: [+++++++++++++++++++++++++++++++++++++++++++++++++++++++++++++++++++++++++++++++++_                                                                                                                                                                                                                ]
[17:54:12] [Server thread/INFO] [minecraft/GameTestServer]: [+++++++++++++++++++++++++++++++++++++++++++++++++++++++++++++++++++++++++++++++++_                                                                                                                                                                                                                ]
[17:54:12] [Server thread/INFO] [minecraft/GameTestServer]: [+++++++++++++++++++++++++++++++++++++++++++++++++++++++++++++++++++++++++++++++++_                                                                                                                                                                                                                ]
[17:54:12] [Server thread/INFO] [minecraft/GameTestServer]: [+++++++++++++++++++++++++++++++++++++++++++++++++++++++++++++++++++++++++++++++++_                                                                                                                                                                                                                ]
[17:54:12] [Server thread/INFO] [io.gi.su.ad.AdvancedRocketryCommunity/]: ARCE_TRANSFER_PHASE transfer=c3ebeb72-432a-49d6-8cc8-8f921cc92dda logical=d8ac19fe-06f4-4f13-a6a5-8b30a097c7f4 phase=PREPARED event=ascent_complete entity=6a57b080-c782-441d-a8a6-5a5425f16b1d fuel_before=1000 fuel_after=623 required=377
[17:54:12] [Server thread/INFO] [minecraft/GameTestServer]: [+++++++++++++++++++++++++++++++++++++++++++++++++++++++++++++++++++++++++++++++++_                                                                                                                                                                                                                ]
[17:54:12] [Server thread/INFO] [io.gi.su.ad.AdvancedRocketryCommunity/]: ARCE_TRANSFER_PHASE transfer=c3ebeb72-432a-49d6-8cc8-8f921cc92dda logical=d8ac19fe-06f4-4f13-a6a5-8b30a097c7f4 phase=DESTINATION_SPAWNED event=destination_spawned entity=73e509bf-dbaa-4c87-88ae-90ddd9a84952 fuel_before=1000 fuel_after=623 required=377
[17:54:12] [Server thread/INFO] [io.gi.su.ad.AdvancedRocketryCommunity/]: ARCE_TRANSFER_PHASE transfer=c3ebeb72-432a-49d6-8cc8-8f921cc92dda logical=d8ac19fe-06f4-4f13-a6a5-8b30a097c7f4 phase=PASSENGERS_TRANSFERRED event=passengers_transferred entity=73e509bf-dbaa-4c87-88ae-90ddd9a84952 fuel_before=1000 fuel_after=623 required=377
[17:54:12] [Server thread/INFO] [io.gi.su.ad.AdvancedRocketryCommunity/]: ARCE_ROCKET_ENTITY_REMOVED entity=6a57b080-c782-441d-a8a6-5a5425f16b1d reason=DISCARDED operational=true
[17:54:12] [Server thread/INFO] [io.gi.su.ad.AdvancedRocketryCommunity/]: ARCE_TRANSFER_PHASE transfer=c3ebeb72-432a-49d6-8cc8-8f921cc92dda logical=d8ac19fe-06f4-4f13-a6a5-8b30a097c7f4 phase=SOURCE_REMOVED event=source_removed entity=73e509bf-dbaa-4c87-88ae-90ddd9a84952 fuel_before=1000 fuel_after=623 required=377
[17:54:12] [Server thread/INFO] [io.gi.su.ad.AdvancedRocketryCommunity/]: ARCE_TRANSFER_PHASE transfer=c3ebeb72-432a-49d6-8cc8-8f921cc92dda logical=d8ac19fe-06f4-4f13-a6a5-8b30a097c7f4 phase=COMMITTED event=committed entity=73e509bf-dbaa-4c87-88ae-90ddd9a84952 fuel_before=1000 fuel_after=623 required=377
[17:54:12] [Server thread/INFO] [minecraft/GameTestServer]: [+++++++++++++++++++++++++++++++++++++++++++++++++++++++++++++++++++++++++++++++++_                                                                                                                                                                                                                ]
[17:54:12] [Server thread/INFO] [minecraft/GameTestServer]: [+++++++++++++++++++++++++++++++++++++++++++++++++++++++++++++++++++++++++++++++++_                                                                                                                                                                                                                ]
[17:54:12] [Server thread/INFO] [minecraft/GameTestServer]: [+++++++++++++++++++++++++++++++++++++++++++++++++++++++++++++++++++++++++++++++++_                                                                                                                                                                                                                ]
[17:54:12] [Server thread/INFO] [minecraft/GameTestServer]: [+++++++++++++++++++++++++++++++++++++++++++++++++++++++++++++++++++++++++++++++++_                                                                                                                                                                                                                ]
[17:54:12] [Server thread/INFO] [io.gi.su.ad.AdvancedRocketryCommunity/]: ARCE_TRANSFER_PHASE transfer=c3ebeb72-432a-49d6-8cc8-8f921cc92dda logical=d8ac19fe-06f4-4f13-a6a5-8b30a097c7f4 phase=COMMITTED event=landing_complete entity=73e509bf-dbaa-4c87-88ae-90ddd9a84952 fuel_before=1000 fuel_after=623 required=377
[17:54:12] [Server thread/INFO] [minecraft/GameTestServer]: [+++++++++++++++++++++++++++++++++++++++++++++++++++++++++++++++++++++++++++++++++_                                                                                                                                                                                                                ]
[17:54:12] [Server thread/INFO] [minecraft/GameTestServer]: [+++++++++++++++++++++++++++++++++++++++++++++++++++++++++++++++++++++++++++++++++_                                                                                                                                                                                                                ]
[17:54:12] [Server thread/INFO] [io.gi.su.ad.AdvancedRocketryCommunity/]: ARCE_ROCKET_ENTITY_REMOVED entity=73e509bf-dbaa-4c87-88ae-90ddd9a84952 reason=DISCARDED operational=true
[17:54:12] [Server thread/INFO] [minecraft/GameTestBatchRunner]: Running test batch 'planetary_player_station:1' (1 tests)...
[17:54:13] [Server thread/INFO] [io.gi.su.ad.AdvancedRocketryCommunity/]: ARCE_STATION_TRANSACTION action=creation_committed station=0648c47e-5255-4834-b8c1-c3ae42da483e owner=39d6321c-c1d8-4124-9e82-f95dce61bf18 cell=0,0 region=-256,-256,255,255 inspected=289 changed=289 chunks=4 detail=generated
[17:54:13] [Server thread/INFO] [io.gi.su.ad.AdvancedRocketryCommunity/]: ARCE_STATION_TRANSACTION action=creation_committed station=e32ba9d8-cb2c-42eb-b0b0-e117c5de6858 owner=b74055be-5c62-4f3a-841c-9f6cf787a894 cell=0,0 region=-256,-256,255,255 inspected=289 changed=289 chunks=4 detail=generated
[17:54:13] [Server thread/INFO] [minecraft/GameTestBatchRunner]: Running test batch 'station:1' (2 tests)...
[17:54:13] [Server thread/INFO] [io.gi.su.ad.AdvancedRocketryCommunity/]: ARCE_STATION_TRANSACTION action=creation_rolled_back station=b99bac83-d9be-4f25-857a-66f280125672 owner=fdb883c2-bdcb-4fd3-a2fa-1f76be18a868 cell=0,0 region=-256,-256,255,255 inspected=145 changed=0 chunks=4 detail=platform footprint is occupied
[17:54:13] [Server thread/INFO] [io.gi.su.ad.AdvancedRocketryCommunity/]: ARCE_STATION_TRANSACTION action=creation_committed station=c1534e0c-66ca-45c5-91a2-415ccccd86e3 owner=cb9dbbdc-3764-3438-a81a-d41dda0c6c16 cell=0,0 region=-256,-256,255,255 inspected=289 changed=289 chunks=4 detail=generated
[17:54:13] [Server thread/INFO] [io.gi.su.ad.AdvancedRocketryCommunity/]: ARCE_STATION_TRANSACTION action=creation_committed station=2cee1567-5892-4d1b-81d9-25d2f653830e owner=b27d80ee-a219-307d-a010-1d187ef68d92 cell=1,0 region=768,-256,1279,255 inspected=289 changed=289 chunks=4 detail=generated
[17:54:13] [Server thread/INFO] [io.gi.su.ad.AdvancedRocketryCommunity/]: ARCE_STATION_TRANSACTION action=creation_committed station=a77eca32-657d-4de0-8653-615bfa21cd0b owner=d77e65f7-d8b4-39f3-8981-0a337cd314e7 cell=1,1 region=768,768,1279,1279 inspected=289 changed=289 chunks=4 detail=generated
[17:54:13] [Server thread/INFO] [io.gi.su.ad.AdvancedRocketryCommunity/]: ARCE_STATION_TRANSACTION action=creation_committed station=9b6cc60f-008b-4686-8d1a-27bc202c4725 owner=d1a11722-a1ec-3e78-8b90-b2fd39773080 cell=0,1 region=-256,768,255,1279 inspected=289 changed=289 chunks=4 detail=generated
[17:54:13] [Server thread/INFO] [io.gi.su.ad.AdvancedRocketryCommunity/]: ARCE_STATION_TRANSACTION action=creation_committed station=ea3858a2-8b6e-4748-8466-72ce687312fa owner=6dc90e7a-53e9-3e98-a8f8-4eb63a5e145f cell=-1,1 region=-1280,768,-769,1279 inspected=289 changed=289 chunks=4 detail=generated
[17:54:13] [Server thread/INFO] [io.gi.su.ad.AdvancedRocketryCommunity/]: ARCE_STATION_TRANSACTION action=creation_committed station=56f6ed51-4d60-4076-878b-47fd136c674f owner=82db48f3-0718-3f51-bece-55161234ef50 cell=-1,0 region=-1280,-256,-769,255 inspected=289 changed=289 chunks=4 detail=generated
[17:54:13] [Server thread/INFO] [io.gi.su.ad.AdvancedRocketryCommunity/]: ARCE_STATION_TRANSACTION action=creation_committed station=bbcd1cdc-b85f-4d4e-a0d0-36c98470d9e7 owner=755144ff-709d-3d68-bf31-56ef00bea077 cell=-1,-1 region=-1280,-1280,-769,-769 inspected=289 changed=289 chunks=4 detail=generated
[17:54:14] [Server thread/INFO] [io.gi.su.ad.AdvancedRocketryCommunity/]: ARCE_STATION_TRANSACTION action=creation_committed station=0c2f4183-6e68-4ff2-95a3-30e80a55a8af owner=b1d337ad-212b-3cf1-a3f9-d4c38b659d36 cell=0,-1 region=-256,-1280,255,-769 inspected=289 changed=289 chunks=4 detail=generated
[17:54:14] [Server thread/INFO] [io.gi.su.ad.AdvancedRocketryCommunity/]: ARCE_STATION_TRANSACTION action=creation_committed station=33c1b564-3b28-4505-9e5b-77a9f551392d owner=c1978a75-5dab-3152-b0ab-b017d2cca223 cell=1,-1 region=768,-1280,1279,-769 inspected=289 changed=289 chunks=4 detail=generated
[17:54:14] [Server thread/INFO] [io.gi.su.ad.AdvancedRocketryCommunity/]: ARCE_STATION_TRANSACTION action=creation_committed station=4dfa9d83-d2da-4574-95a7-7fbb9f3e2540 owner=7b5ee234-ce7a-33a6-8815-82aad1ba51f9 cell=2,-1 region=1792,-1280,2303,-769 inspected=289 changed=289 chunks=4 detail=generated
[17:54:14] [Server thread/INFO] [io.gi.su.ad.AdvancedRocketryCommunity/]: ARCE_ROCKET_ENTITY_REMOVED entity=d82355f6-129a-4380-a04b-512e3b210441 reason=DISCARDED operational=false
[17:54:14] [Server thread/WARN] [io.gi.su.ad.AdvancedRocketryCommunity/]: ARCE_STATION_DELETE_BACKUP station=c1534e0c-66ca-45c5-91a2-415ccccd86e3 owner=cb9dbbdc-3764-3438-a81a-d41dda0c6c16 members=[] cell=0,0 region=-256,-256,255,255
[17:54:14] [Server thread/WARN] [io.gi.su.ad.AdvancedRocketryCommunity/]: ARCE_STATION_DELETED station=c1534e0c-66ca-45c5-91a2-415ccccd86e3 actor=cb9dbbdc-3764-3438-a81a-d41dda0c6c16 inspected=289 removed=289 chunks=4
[17:54:14] [Server thread/INFO] [minecraft/GameTestBatchRunner]: Running test batch 'rocket_navigation:1' (1 tests)...
[17:54:15] [Server thread/INFO] [io.gi.su.ad.AdvancedRocketryCommunity/]: ARCE_FLIGHT_INTENT request=6a3e1240-f8cf-4409-b991-e15f9ec5a80d player=da70994a-eeb7-43a3-ab88-b7406d1c4e97 rocket=55fbad7e-1212-4595-aeef-0f78de3e7806 action=LAUNCH destination=advancedrocketrycommunity:body_surface station=null code=INVALID_DESTINATION required_fuel=0
[17:54:15] [Server thread/INFO] [io.gi.su.ad.AdvancedRocketryCommunity/]: ARCE_ROCKET_ENTITY_REMOVED entity=55fbad7e-1212-4595-aeef-0f78de3e7806 reason=DISCARDED operational=true
[17:54:15] [Server thread/INFO] [minecraft/GameTestBatchRunner]: Running test batch 'rocket_navigation_refresh:1' (1 tests)...
[17:54:15] [Server thread/INFO] [io.gi.su.ad.AdvancedRocketryCommunity/]: ARCE_ROCKET_ENTITY_ACTIVE entity=d40d0f4e-4f90-49cb-b6ae-69fe2b4f4007 operational=true snapshot=d20c9514d351bf829ba35465a19cb4bf54160fdde2b49b0409d72a9f6e003f0a flight_state=FUELED fuel=1000
[17:54:15] [Server thread/INFO] [minecraft/GameTestServer]: [++++++++++++++++++++++++++++++++++++++++++++++++++++++++++++++++++++++++++++++++++++++_                                                                                                                                                                                                           ]
[17:54:15] [Server thread/INFO] [minecraft/GameTestServer]: [++++++++++++++++++++++++++++++++++++++++++++++++++++++++++++++++++++++++++++++++++++++_                                                                                                                                                                                                           ]
[17:54:15] [Server thread/INFO] [minecraft/GameTestServer]: [++++++++++++++++++++++++++++++++++++++++++++++++++++++++++++++++++++++++++++++++++++++_                                                                                                                                                                                                           ]
[17:54:15] [Server thread/INFO] [minecraft/GameTestServer]: [++++++++++++++++++++++++++++++++++++++++++++++++++++++++++++++++++++++++++++++++++++++_                                                                                                                                                                                                           ]
[17:54:16] [Server thread/INFO] [minecraft/GameTestServer]: [++++++++++++++++++++++++++++++++++++++++++++++++++++++++++++++++++++++++++++++++++++++_                                                                                                                                                                                                           ]
[17:54:16] [Server thread/INFO] [io.gi.su.ad.AdvancedRocketryCommunity/]: ARCE_ROCKET_ENTITY_REMOVED entity=d40d0f4e-4f90-49cb-b6ae-69fe2b4f4007 reason=DISCARDED operational=true
[17:54:16] [Server thread/INFO] [minecraft/GameTestBatchRunner]: Running test batch 'passenger_refueled_disassembly:1' (1 tests)...
[17:54:16] [Server thread/INFO] [io.gi.su.ad.AdvancedRocketryCommunity/]: ARCE_TRANSFER_PREPARE transfer=a3d28463-8f0f-4266-bd77-fcf81a23f8e5 logical=c24c97dd-36f9-495a-a049-d76e0ad54a0d source=minecraft:overworld destination=advancedrocketrycommunity:moon code=SUCCESS candidates=1 chunks=1 detail=selected
[17:54:16] [Server thread/INFO] [io.gi.su.ad.AdvancedRocketryCommunity/]: ARCE_ROCKET_ENTITY_ACTIVE entity=2e626b66-bd40-4dfa-9b21-0b5693e7f200 operational=true snapshot=15ea0f07c35ff380e644ba774b6706faf753494cfd543c18f64ff31b657d1359 flight_state=COUNTDOWN fuel=1000
[17:54:16] [Server thread/INFO] [minecraft/GameTestServer]: [+++++++++++++++++++++++++++++++++++++++++++++++++++++++++++++++++++++++++++++++++++++++_                                                                                                                                                                                                          ]
[17:54:16] [Server thread/INFO] [minecraft/GameTestServer]: [+++++++++++++++++++++++++++++++++++++++++++++++++++++++++++++++++++++++++++++++++++++++_                                                                                                                                                                                                          ]
[17:54:16] [Server thread/INFO] [minecraft/GameTestServer]: [+++++++++++++++++++++++++++++++++++++++++++++++++++++++++++++++++++++++++++++++++++++++_                                                                                                                                                                                                          ]
[17:54:16] [Server thread/INFO] [io.gi.su.ad.AdvancedRocketryCommunity/]: ARCE_TRANSFER_PHASE transfer=a3d28463-8f0f-4266-bd77-fcf81a23f8e5 logical=c24c97dd-36f9-495a-a049-d76e0ad54a0d phase=PREPARED event=countdown_complete entity=2e626b66-bd40-4dfa-9b21-0b5693e7f200 fuel_before=1000 fuel_after=623 required=377
[17:54:16] [Server thread/INFO] [minecraft/GameTestServer]: [+++++++++++++++++++++++++++++++++++++++++++++++++++++++++++++++++++++++++++++++++++++++_                                                                                                                                                                                                          ]
[17:54:16] [Server thread/INFO] [minecraft/GameTestServer]: [+++++++++++++++++++++++++++++++++++++++++++++++++++++++++++++++++++++++++++++++++++++++_                                                                                                                                                                                                          ]
[17:54:16] [Server thread/INFO] [minecraft/GameTestServer]: [+++++++++++++++++++++++++++++++++++++++++++++++++++++++++++++++++++++++++++++++++++++++_                                                                                                                                                                                                          ]
[17:54:16] [Server thread/INFO] [minecraft/GameTestServer]: [+++++++++++++++++++++++++++++++++++++++++++++++++++++++++++++++++++++++++++++++++++++++_                                                                                                                                                                                                          ]
[17:54:16] [Server thread/INFO] [io.gi.su.ad.AdvancedRocketryCommunity/]: ARCE_TRANSFER_PHASE transfer=a3d28463-8f0f-4266-bd77-fcf81a23f8e5 logical=c24c97dd-36f9-495a-a049-d76e0ad54a0d phase=PREPARED event=ascent_complete entity=2e626b66-bd40-4dfa-9b21-0b5693e7f200 fuel_before=1000 fuel_after=623 required=377
[17:54:16] [Server thread/INFO] [minecraft/GameTestServer]: [+++++++++++++++++++++++++++++++++++++++++++++++++++++++++++++++++++++++++++++++++++++++_                                                                                                                                                                                                          ]
[17:54:16] [Server thread/INFO] [io.gi.su.ad.AdvancedRocketryCommunity/]: ARCE_TRANSFER_PHASE transfer=a3d28463-8f0f-4266-bd77-fcf81a23f8e5 logical=c24c97dd-36f9-495a-a049-d76e0ad54a0d phase=DESTINATION_SPAWNED event=destination_spawned entity=ebfd1c1a-d9e3-4f09-9f89-abf0c2d6c920 fuel_before=1000 fuel_after=623 required=377
[17:54:16] [Server thread/INFO] [io.gi.su.ad.AdvancedRocketryCommunity/]: ARCE_TRANSFER_PHASE transfer=a3d28463-8f0f-4266-bd77-fcf81a23f8e5 logical=c24c97dd-36f9-495a-a049-d76e0ad54a0d phase=PASSENGERS_TRANSFERRED event=passengers_transferred entity=ebfd1c1a-d9e3-4f09-9f89-abf0c2d6c920 fuel_before=1000 fuel_after=623 required=377
[17:54:16] [Server thread/INFO] [io.gi.su.ad.AdvancedRocketryCommunity/]: ARCE_ROCKET_ENTITY_REMOVED entity=2e626b66-bd40-4dfa-9b21-0b5693e7f200 reason=DISCARDED operational=true
[17:54:16] [Server thread/INFO] [io.gi.su.ad.AdvancedRocketryCommunity/]: ARCE_TRANSFER_PHASE transfer=a3d28463-8f0f-4266-bd77-fcf81a23f8e5 logical=c24c97dd-36f9-495a-a049-d76e0ad54a0d phase=SOURCE_REMOVED event=source_removed entity=ebfd1c1a-d9e3-4f09-9f89-abf0c2d6c920 fuel_before=1000 fuel_after=623 required=377
[17:54:16] [Server thread/INFO] [io.gi.su.ad.AdvancedRocketryCommunity/]: ARCE_TRANSFER_PHASE transfer=a3d28463-8f0f-4266-bd77-fcf81a23f8e5 logical=c24c97dd-36f9-495a-a049-d76e0ad54a0d phase=COMMITTED event=committed entity=ebfd1c1a-d9e3-4f09-9f89-abf0c2d6c920 fuel_before=1000 fuel_after=623 required=377
[17:54:16] [Server thread/INFO] [minecraft/GameTestServer]: [+++++++++++++++++++++++++++++++++++++++++++++++++++++++++++++++++++++++++++++++++++++++_                                                                                                                                                                                                          ]
[17:54:16] [Server thread/INFO] [minecraft/GameTestServer]: [+++++++++++++++++++++++++++++++++++++++++++++++++++++++++++++++++++++++++++++++++++++++_                                                                                                                                                                                                          ]
[17:54:16] [Server thread/INFO] [minecraft/GameTestServer]: [+++++++++++++++++++++++++++++++++++++++++++++++++++++++++++++++++++++++++++++++++++++++_                                                                                                                                                                                                          ]
[17:54:16] [Server thread/INFO] [minecraft/GameTestServer]: [+++++++++++++++++++++++++++++++++++++++++++++++++++++++++++++++++++++++++++++++++++++++_                                                                                                                                                                                                          ]
[17:54:16] [Server thread/INFO] [io.gi.su.ad.AdvancedRocketryCommunity/]: ARCE_TRANSFER_PHASE transfer=a3d28463-8f0f-4266-bd77-fcf81a23f8e5 logical=c24c97dd-36f9-495a-a049-d76e0ad54a0d phase=COMMITTED event=landing_complete entity=ebfd1c1a-d9e3-4f09-9f89-abf0c2d6c920 fuel_before=1000 fuel_after=623 required=377
[17:54:16] [Server thread/INFO] [minecraft/GameTestServer]: [+++++++++++++++++++++++++++++++++++++++++++++++++++++++++++++++++++++++++++++++++++++++_                                                                                                                                                                                                          ]
[17:54:16] [Server thread/INFO] [io.gi.su.ad.AdvancedRocketryCommunity/]: ARCE_ROCKET_ENTITY_REMOVED entity=ebfd1c1a-d9e3-4f09-9f89-abf0c2d6c920 reason=DISCARDED operational=true
[17:54:16] [Server thread/INFO] [io.gi.su.ad.AdvancedRocketryCommunity/]: ARCE_TRANSFER_PHASE transfer=a3d28463-8f0f-4266-bd77-fcf81a23f8e5 logical=c24c97dd-36f9-495a-a049-d76e0ad54a0d phase=COMMITTED event=landed_reservation_released entity=ebfd1c1a-d9e3-4f09-9f89-abf0c2d6c920 fuel_before=1000 fuel_after=623 required=377
[17:54:16] [Server thread/INFO] [io.gi.su.ad.AdvancedRocketryCommunity/]: ARCE_ROCKET_FUEL_DISCARDED entity=ebfd1c1a-d9e3-4f09-9f89-abf0c2d6c920 logical=c24c97dd-36f9-495a-a049-d76e0ad54a0d amount=1000 reason=confirmed_disassembly
[17:54:16] [Server thread/INFO] [io.gi.su.ad.AdvancedRocketryCommunity/]: ARCE_ROCKET_TRANSACTION operation=disassembly code=SUCCESS blocks=5 snapshot=03d09a9966f25cc62b749ee20515cf37b8cf1f2b52c45cf2f095df18b41b7932 entity=ebfd1c1a-d9e3-4f09-9f89-abf0c2d6c920
[17:54:16] [Server thread/INFO] [io.gi.su.ad.AdvancedRocketryCommunity/]: ARCE_ROCKET_ENTITY_REMOVED entity=ebfd1c1a-d9e3-4f09-9f89-abf0c2d6c920 reason=DISCARDED operational=true
[17:54:16] [Server thread/INFO] [minecraft/GameTestBatchRunner]: Running test batch 'satellite:1' (21 tests)...
[17:54:16] [Server thread/INFO] [io.gi.su.ad.AdvancedRocketryCommunity/]: ARCE_SATELLITE_DECOMMISSION satellite=b20c45ee-b384-4af3-bb50-1134256117fe owner=0ceacd25-82cd-42db-8ac5-c896080ac747 by=0ceacd25-82cd-42db-8ac5-c896080ac747
[17:54:16] [Server thread/INFO] [io.gi.su.ad.AdvancedRocketryCommunity/]: ARCE_SATELLITE_BLANK_CHIP player=0ceacd25-82cd-42db-8ac5-c896080ac747 satellite=b20c45ee-b384-4af3-bb50-1134256117fe decode=VALID by=0ceacd25-82cd-42db-8ac5-c896080ac747
[17:54:17] [Server thread/INFO] [io.gi.su.ad.AdvancedRocketryCommunity/]: ARCE_SATELLITE_UNLINK satellite=6a4a6e43-55f8-439b-8876-f5cc1bba89c4 receiver=35e65bb0-ffaf-4b94-9e43-b3b0e4101cac by=3e297847-604d-45b1-acdb-f10acb32be1a reason=missing
[17:54:17] [Server thread/INFO] [io.gi.su.ad.AdvancedRocketryCommunity/]: ARCE_SATELLITE_DECOMMISSION satellite=6a4a6e43-55f8-439b-8876-f5cc1bba89c4 owner=3e297847-604d-45b1-acdb-f10acb32be1a by=3e297847-604d-45b1-acdb-f10acb32be1a
[17:54:17] [Server thread/INFO] [io.gi.su.ad.AdvancedRocketryCommunity/]: ARCE_SATELLITE_UNLINK satellite=e4799163-54fa-4e9a-8cab-01a1945df817 receiver=043df9b0-0196-4431-b12a-af58f217e9d6 by=3e297847-604d-45b1-acdb-f10acb32be1a reason=operator
[17:54:17] [Server thread/INFO] [minecraft/GameTestServer]: [+++++++++++++++++++++++++++++++++++++++++++++++++++++++++++++++++++++++++++++++++++++++++__++++_+_+++__++++__                                                                                                                                                                                     ]
[17:54:17] [Server thread/INFO] [minecraft/GameTestServer]: [+++++++++++++++++++++++++++++++++++++++++++++++++++++++++++++++++++++++++++++++++++++++++__++++_++++++_++++++                                                                                                                                                                                     ]
[17:54:17] [Server thread/INFO] [minecraft/GameTestServer]: [+++++++++++++++++++++++++++++++++++++++++++++++++++++++++++++++++++++++++++++++++++++++++__++++++++++++++++++                                                                                                                                                                                     ]
[17:54:17] [Server thread/INFO] [minecraft/GameTestServer]: [+++++++++++++++++++++++++++++++++++++++++++++++++++++++++++++++++++++++++++++++++++++++++__++++++++++++++++++                                                                                                                                                                                     ]
[17:54:17] [Server thread/INFO] [minecraft/GameTestServer]: [+++++++++++++++++++++++++++++++++++++++++++++++++++++++++++++++++++++++++++++++++++++++++__++++++++++++++++++                                                                                                                                                                                     ]
[17:54:17] [Server thread/INFO] [minecraft/GameTestServer]: [++++++++++++++++++++++++++++++++++++++++++++++++++++++++++++++++++++++++++++++++++++++++++_++++++++++++++++++                                                                                                                                                                                     ]
[17:54:17] [Server thread/INFO] [minecraft/GameTestServer]: [++++++++++++++++++++++++++++++++++++++++++++++++++++++++++++++++++++++++++++++++++++++++++_++++++++++++++++++                                                                                                                                                                                     ]
[17:54:17] [Server thread/INFO] [minecraft/GameTestServer]: [++++++++++++++++++++++++++++++++++++++++++++++++++++++++++++++++++++++++++++++++++++++++++_++++++++++++++++++                                                                                                                                                                                     ]
[17:54:17] [Server thread/INFO] [minecraft/GameTestServer]: [++++++++++++++++++++++++++++++++++++++++++++++++++++++++++++++++++++++++++++++++++++++++++_++++++++++++++++++                                                                                                                                                                                     ]
[17:54:17] [Server thread/INFO] [minecraft/GameTestServer]: [++++++++++++++++++++++++++++++++++++++++++++++++++++++++++++++++++++++++++++++++++++++++++_++++++++++++++++++                                                                                                                                                                                     ]
[17:54:17] [Server thread/INFO] [io.gi.su.ad.AdvancedRocketryCommunity/]: ARCE_SATELLITE_SCHEDULER completed=2 pruned=0 inspected=3 remaining=1
[17:54:17] [Server thread/INFO] [minecraft/GameTestServer]: [++++++++++++++++++++++++++++++++++++++++++++++++++++++++++++++++++++++++++++++++++++++++++_++++++++++++++++++                                                                                                                                                                                     ]
[17:54:17] [Server thread/INFO] [minecraft/GameTestServer]: [++++++++++++++++++++++++++++++++++++++++++++++++++++++++++++++++++++++++++++++++++++++++++_++++++++++++++++++                                                                                                                                                                                     ]
[17:54:17] [Server thread/INFO] [minecraft/GameTestBatchRunner]: Running test batch 'precision_migration_controller_failure:1' (1 tests)...
[17:54:17] [Server thread/INFO] [minecraft/GameTestServer]: [+++++++++++++++++++++++++++++++++++++++++++++++++++++++++++++++++++++++++++++++++++++++++++++++++++++++++++++                                                                                                                                                                                     ]
[17:54:19] [Server thread/ERROR] [ne.mi.ev.EventBus/EVENTBUS]: Exception caught during firing event: Intentional one-shot Precision migration save failure
	Index: 2
	Listeners:
		0: NORMAL
		1: net.minecraftforge.eventbus.EventBus$$Lambda$4008/0x000000080162f180@1b58dc5c
		2: net.minecraftforge.eventbus.EventBus$$Lambda$4008/0x000000080162f180@36736152
java.lang.IllegalStateException: Intentional one-shot Precision migration save failure
	at TRANSFORMER/advancedrocketrycommunity@1.20.1-1.6.0-dev/io.github.sunthemoon.advancedrocketrycommunity.gametest.PrecisionAssemblerMigrationSaveFailureGameTests$OneShotSaveFailure.accept(PrecisionAssemblerMigrationSaveFailureGameTests.java:226)
	at TRANSFORMER/advancedrocketrycommunity@1.20.1-1.6.0-dev/io.github.sunthemoon.advancedrocketrycommunity.gametest.PrecisionAssemblerMigrationSaveFailureGameTests$OneShotSaveFailure.accept(PrecisionAssemblerMigrationSaveFailureGameTests.java:192)
	at MC-BOOTSTRAP/net.minecraftforge.eventbus/net.minecraftforge.eventbus.EventBus.doCastFilter(EventBus.java:260)
	at MC-BOOTSTRAP/net.minecraftforge.eventbus/net.minecraftforge.eventbus.EventBus.lambda$addListener$11(EventBus.java:252)
	at MC-BOOTSTRAP/net.minecraftforge.eventbus/net.minecraftforge.eventbus.EventBus.post(EventBus.java:315)
	at MC-BOOTSTRAP/net.minecraftforge.eventbus/net.minecraftforge.eventbus.EventBus.post(EventBus.java:296)
	at TRANSFORMER/minecraft@1.20.1/net.minecraft.server.level.ChunkMap.save(ChunkMap.java:830)
	at java.base/java.util.stream.ReferencePipeline$2$1.accept(ReferencePipeline.java:178)
	at java.base/java.util.stream.ReferencePipeline$2$1.accept(ReferencePipeline.java:179)
	at java.base/java.util.stream.ReferencePipeline$3$1.accept(ReferencePipeline.java:197)
	at java.base/java.util.ArrayList$ArrayListSpliterator.forEachRemaining(ArrayList.java:1625)
	at java.base/java.util.stream.AbstractPipeline.copyInto(AbstractPipeline.java:509)
	at java.base/java.util.stream.AbstractPipeline.wrapAndCopyInto(AbstractPipeline.java:499)
	at java.base/java.util.stream.ForEachOps$ForEachOp.evaluateSequential(ForEachOps.java:150)
	at java.base/java.util.stream.ForEachOps$ForEachOp$OfRef.evaluateSequential(ForEachOps.java:173)
	at java.base/java.util.stream.AbstractPipeline.evaluate(AbstractPipeline.java:234)
	at java.base/java.util.stream.ReferencePipeline.forEach(ReferencePipeline.java:596)
	at TRANSFORMER/minecraft@1.20.1/net.minecraft.server.level.ChunkMap.saveAllChunks(ChunkMap.java:433)
	at TRANSFORMER/minecraft@1.20.1/net.minecraft.server.level.ServerChunkCache.save(ServerChunkCache.java:297)
	at TRANSFORMER/advancedrocketrycommunity@1.20.1-1.6.0-dev/io.github.sunthemoon.advancedrocketrycommunity.machine.precision.PrecisionAssemblerManager.flushMigrationBarrier(PrecisionAssemblerManager.java:423)
	at TRANSFORMER/advancedrocketrycommunity@1.20.1-1.6.0-dev/io.github.sunthemoon.advancedrocketrycommunity.machine.precision.PrecisionAssemblerManager.migrateLegacyItems(PrecisionAssemblerManager.java:339)
	at java.base/java.util.LinkedHashMap.forEach(LinkedHashMap.java:721)
	at TRANSFORMER/advancedrocketrycommunity@1.20.1-1.6.0-dev/io.github.sunthemoon.advancedrocketrycommunity.machine.precision.PrecisionAssemblerManager.processReady(PrecisionAssemblerManager.java:318)
	at TRANSFORMER/advancedrocketrycommunity@1.20.1-1.6.0-dev/io.github.sunthemoon.advancedrocketrycommunity.machine.precision.PrecisionAssemblerManager.tick(PrecisionAssemblerManager.java:125)
	at TRANSFORMER/advancedrocketrycommunity@1.20.1-1.6.0-dev/io.github.sunthemoon.advancedrocketrycommunity.gametest.PrecisionAssemblerMigrationSaveFailureGameTests.lambda$exerciseRetry$1(PrecisionAssemblerMigrationSaveFailureGameTests.java:109)
	at TRANSFORMER/minecraft@1.20.1/net.minecraft.gametest.framework.GameTestInfo.tickInternal(GameTestInfo.java:97)
	at TRANSFORMER/minecraft@1.20.1/net.minecraft.gametest.framework.GameTestInfo.tick(GameTestInfo.java:73)
	at java.base/java.util.concurrent.CopyOnWriteArrayList.forEach(CopyOnWriteArrayList.java:807)
	at TRANSFORMER/minecraft@1.20.1/net.minecraft.gametest.framework.GameTestTicker.tick(GameTestTicker.java:20)
	at TRANSFORMER/minecraft@1.20.1/net.minecraft.server.MinecraftServer.tickChildren(MinecraftServer.java:911)
	at TRANSFORMER/minecraft@1.20.1/net.minecraft.server.MinecraftServer.tickServer(MinecraftServer.java:814)
	at TRANSFORMER/minecraft@1.20.1/net.minecraft.gametest.framework.GameTestServer.tickServer(GameTestServer.java:119)
	at TRANSFORMER/minecraft@1.20.1/net.minecraft.server.MinecraftServer.runServer(MinecraftServer.java:661)
	at TRANSFORMER/minecraft@1.20.1/net.minecraft.server.MinecraftServer.lambda$spin$2(MinecraftServer.java:251)
	at java.base/java.lang.Thread.run(Thread.java:833)

[17:54:19] [Server thread/ERROR] [minecraft/ChunkMap]: Failed to save chunk 32001,32002
java.lang.IllegalStateException: Intentional one-shot Precision migration save failure
	at io.github.sunthemoon.advancedrocketrycommunity.gametest.PrecisionAssemblerMigrationSaveFailureGameTests$OneShotSaveFailure.accept(PrecisionAssemblerMigrationSaveFailureGameTests.java:226) ~[%23197!/:?] {re:classloading}
	at io.github.sunthemoon.advancedrocketrycommunity.gametest.PrecisionAssemblerMigrationSaveFailureGameTests$OneShotSaveFailure.accept(PrecisionAssemblerMigrationSaveFailureGameTests.java:192) ~[%23197!/:?] {re:classloading}
	at net.minecraftforge.eventbus.EventBus.doCastFilter(EventBus.java:260) ~[eventbus-6.0.5.jar%23114!/:?] {}
	at net.minecraftforge.eventbus.EventBus.lambda$addListener$11(EventBus.java:252) ~[eventbus-6.0.5.jar%23114!/:?] {}
	at net.minecraftforge.eventbus.EventBus.post(EventBus.java:315) ~[eventbus-6.0.5.jar%23114!/:?] {}
	at net.minecraftforge.eventbus.EventBus.post(EventBus.java:296) ~[eventbus-6.0.5.jar%23114!/:?] {}
	at net.minecraft.server.level.ChunkMap.save(ChunkMap.java:830) ~[forge-1.20.1-47.4.10_mapped_official_1.20.1.jar%23191!/:?] {re:classloading}
	at java.util.stream.ReferencePipeline$2$1.accept(ReferencePipeline.java:178) ~[?:?] {}
	at java.util.stream.ReferencePipeline$2$1.accept(ReferencePipeline.java:179) ~[?:?] {}
	at java.util.stream.ReferencePipeline$3$1.accept(ReferencePipeline.java:197) ~[?:?] {}
	at java.util.ArrayList$ArrayListSpliterator.forEachRemaining(ArrayList.java:1625) ~[?:?] {}
	at java.util.stream.AbstractPipeline.copyInto(AbstractPipeline.java:509) ~[?:?] {}
	at java.util.stream.AbstractPipeline.wrapAndCopyInto(AbstractPipeline.java:499) ~[?:?] {}
	at java.util.stream.ForEachOps$ForEachOp.evaluateSequential(ForEachOps.java:150) ~[?:?] {}
	at java.util.stream.ForEachOps$ForEachOp$OfRef.evaluateSequential(ForEachOps.java:173) ~[?:?] {}
	at java.util.stream.AbstractPipeline.evaluate(AbstractPipeline.java:234) ~[?:?] {}
	at java.util.stream.ReferencePipeline.forEach(ReferencePipeline.java:596) ~[?:?] {}
	at net.minecraft.server.level.ChunkMap.saveAllChunks(ChunkMap.java:433) ~[forge-1.20.1-47.4.10_mapped_official_1.20.1.jar%23191!/:?] {re:classloading}
	at net.minecraft.server.level.ServerChunkCache.save(ServerChunkCache.java:297) ~[forge-1.20.1-47.4.10_mapped_official_1.20.1.jar%23191!/:?] {re:classloading,pl:accesstransformer:B}
	at io.github.sunthemoon.advancedrocketrycommunity.machine.precision.PrecisionAssemblerManager.flushMigrationBarrier(PrecisionAssemblerManager.java:423) ~[%23197!/:?] {re:classloading}
	at io.github.sunthemoon.advancedrocketrycommunity.machine.precision.PrecisionAssemblerManager.migrateLegacyItems(PrecisionAssemblerManager.java:339) ~[%23197!/:?] {re:classloading}
	at java.util.LinkedHashMap.forEach(LinkedHashMap.java:721) ~[?:?] {}
	at io.github.sunthemoon.advancedrocketrycommunity.machine.precision.PrecisionAssemblerManager.processReady(PrecisionAssemblerManager.java:318) ~[%23197!/:?] {re:classloading}
	at io.github.sunthemoon.advancedrocketrycommunity.machine.precision.PrecisionAssemblerManager.tick(PrecisionAssemblerManager.java:125) ~[%23197!/:?] {re:classloading}
	at io.github.sunthemoon.advancedrocketrycommunity.gametest.PrecisionAssemblerMigrationSaveFailureGameTests.lambda$exerciseRetry$1(PrecisionAssemblerMigrationSaveFailureGameTests.java:109) ~[%23197!/:?] {re:classloading}
	at net.minecraft.gametest.framework.GameTestInfo.tickInternal(GameTestInfo.java:97) ~[forge-1.20.1-47.4.10_mapped_official_1.20.1.jar%23191!/:?] {re:classloading}
	at net.minecraft.gametest.framework.GameTestInfo.tick(GameTestInfo.java:73) ~[forge-1.20.1-47.4.10_mapped_official_1.20.1.jar%23191!/:?] {re:classloading}
	at java.util.concurrent.CopyOnWriteArrayList.forEach(CopyOnWriteArrayList.java:807) ~[?:?] {}
	at net.minecraft.gametest.framework.GameTestTicker.tick(GameTestTicker.java:20) ~[forge-1.20.1-47.4.10_mapped_official_1.20.1.jar%23191!/:?] {re:classloading}
	at net.minecraft.server.MinecraftServer.tickChildren(MinecraftServer.java:911) ~[forge-1.20.1-47.4.10_mapped_official_1.20.1.jar%23191!/:?] {re:classloading,pl:accesstransformer:B}
	at net.minecraft.server.MinecraftServer.tickServer(MinecraftServer.java:814) ~[forge-1.20.1-47.4.10_mapped_official_1.20.1.jar%23191!/:?] {re:classloading,pl:accesstransformer:B}
	at net.minecraft.gametest.framework.GameTestServer.tickServer(GameTestServer.java:119) ~[forge-1.20.1-47.4.10_mapped_official_1.20.1.jar%23191!/:?] {re:classloading,pl:accesstransformer:B}
	at net.minecraft.server.MinecraftServer.runServer(MinecraftServer.java:661) ~[forge-1.20.1-47.4.10_mapped_official_1.20.1.jar%23191!/:?] {re:classloading,pl:accesstransformer:B}
	at net.minecraft.server.MinecraftServer.lambda$spin$2(MinecraftServer.java:251) ~[forge-1.20.1-47.4.10_mapped_official_1.20.1.jar%23191!/:?] {re:classloading,pl:accesstransformer:B}
	at java.lang.Thread.run(Thread.java:833) ~[?:?] {}
[17:54:19] [Server thread/ERROR] [io.gi.su.ad.AdvancedRocketryCommunity/]: Precision Assembler migration controller snapshot roots are not confirmed on disk at BlockPos{x=512031, y=20, z=512047} in minecraft:overworld: BlockPos{x=512031, y=20, z=512047}: arce_precision_resources differs (expected hash=2126291964, saved hash=0)
[17:54:19] [Server thread/INFO] [minecraft/GameTestBatchRunner]: Running test batch 'station_warp_killswitch:1' (1 tests)...
[17:54:19] [Server thread/INFO] [io.gi.su.ad.AdvancedRocketryCommunity/]: ARCE_STATION_TRANSACTION action=creation_committed station=81c88af1-84b1-4cd9-9449-aae8f5d9c0d1 owner=53aab242-7862-440c-b4fb-951991c86d07 cell=0,0 region=-256,-256,255,255 inspected=289 changed=289 chunks=4 detail=generated
[17:54:19] [Server thread/INFO] [minecraft/PlayerList]: killOwner[embedded] logged in with entity id 967 at (0.5, 60.0, 0.5)
[17:54:19] [Server thread/INFO] [io.gi.su.ad.AdvancedRocketryCommunity/]: Sent 1496-byte celestial snapshot generation 1 to 1 player(s)
[17:54:19] [Server thread/INFO] [minecraft/MinecraftServer]: killOwner joined the game
[17:54:19] [Server thread/INFO] [io.gi.su.ad.AdvancedRocketryCommunity/]: ARCE_STATION_WARP action=request code=WARP_ISSUED station=81c88af1-84b1-4cd9-9449-aae8f5d9c0d1 actor=53aab242-7862-440c-b4fb-951991c86d07 target=advancedrocketrycommunity:moon class=IN_SYSTEM cost=2000000 balance=2500000
[17:54:19] [Server thread/INFO] [io.gi.su.ad.AdvancedRocketryCommunity/]: ARCE_STATION_WARP action=confirm code=WARP_STARTED station=81c88af1-84b1-4cd9-9449-aae8f5d9c0d1 actor=53aab242-7862-440c-b4fb-951991c86d07 target=advancedrocketrycommunity:moon class=IN_SYSTEM cost=2000000 balance=2500000
[17:54:19] [Server thread/INFO] [minecraft/GameTestServer]: [++++++++++++++++++++++++++++++++++++++++++++++++++++++++++++++++++++++++++++++++++++++++++++++++++++++++++++++_                                                                                                                                                                                   ]
[17:54:19] [Server thread/INFO] [minecraft/GameTestServer]: [++++++++++++++++++++++++++++++++++++++++++++++++++++++++++++++++++++++++++++++++++++++++++++++++++++++++++++++_                                                                                                                                                                                   ]
[17:54:19] [Server thread/INFO] [minecraft/GameTestServer]: [++++++++++++++++++++++++++++++++++++++++++++++++++++++++++++++++++++++++++++++++++++++++++++++++++++++++++++++_                                                                                                                                                                                   ]
[17:54:19] [Server thread/INFO] [minecraft/GameTestServer]: [++++++++++++++++++++++++++++++++++++++++++++++++++++++++++++++++++++++++++++++++++++++++++++++++++++++++++++++_                                                                                                                                                                                   ]
[17:54:19] [Server thread/INFO] [minecraft/GameTestServer]: [++++++++++++++++++++++++++++++++++++++++++++++++++++++++++++++++++++++++++++++++++++++++++++++++++++++++++++++_                                                                                                                                                                                   ]
[17:54:19] [Server thread/INFO] [minecraft/GameTestServer]: [++++++++++++++++++++++++++++++++++++++++++++++++++++++++++++++++++++++++++++++++++++++++++++++++++++++++++++++_                                                                                                                                                                                   ]
[17:54:19] [Server thread/INFO] [minecraft/GameTestServer]: [++++++++++++++++++++++++++++++++++++++++++++++++++++++++++++++++++++++++++++++++++++++++++++++++++++++++++++++_                                                                                                                                                                                   ]
[17:54:19] [Server thread/INFO] [minecraft/GameTestServer]: [++++++++++++++++++++++++++++++++++++++++++++++++++++++++++++++++++++++++++++++++++++++++++++++++++++++++++++++_                                                                                                                                                                                   ]
[17:54:20] [Server thread/INFO] [minecraft/GameTestServer]: [++++++++++++++++++++++++++++++++++++++++++++++++++++++++++++++++++++++++++++++++++++++++++++++++++++++++++++++_                                                                                                                                                                                   ]
[17:54:20] [Server thread/INFO] [minecraft/GameTestServer]: [++++++++++++++++++++++++++++++++++++++++++++++++++++++++++++++++++++++++++++++++++++++++++++++++++++++++++++++_                                                                                                                                                                                   ]
[17:54:20] [Server thread/INFO] [io.gi.su.ad.AdvancedRocketryCommunity/]: ARCE_STATION_WARP action=commit code=WARP_DISABLED station=81c88af1-84b1-4cd9-9449-aae8f5d9c0d1 actor=53aab242-7862-440c-b4fb-951991c86d07 from=advancedrocketrycommunity:earth to=advancedrocketrycommunity:moon class=IN_SYSTEM cost=2000000 balance=0
[17:54:20] [Server thread/WARN] [io.gi.su.ad.AdvancedRocketryCommunity/]: ARCE_STATION_WARP_ENERGY_DROPPED station=81c88af1-84b1-4cd9-9449-aae8f5d9c0d1 energy=2500000
[17:54:20] [Server thread/INFO] [minecraft/GameTestBatchRunner]: Running test batch 'satellite_resources:1' (7 tests)...
[17:54:20] [Server thread/INFO] [io.gi.su.ad.AdvancedRocketryCommunity/]: ARCE_MISSION_DELIVERY event=CLAIM mission=3ab538e2-5201-4c82-9db2-2defb62aba85 terminal=ea96b8c9-3ca2-43e6-818e-0d76cab379f2 epoch=2 owner=b3d9c015-4141-4629-b7e3-ffa343cb1b17 reward=22f4d27f97a2affb
[17:54:20] [Server thread/INFO] [io.gi.su.ad.AdvancedRocketryCommunity/]: ARCE_MISSION_DELIVERY event=CLAIM mission=eab1d21c-515f-4d68-9745-ffec1b29795b terminal=ea96b8c9-3ca2-43e6-818e-0d76cab379f2 epoch=2 owner=b3d9c015-4141-4629-b7e3-ffa343cb1b17 reward=75674a68dc9434f3
[17:54:20] [Server thread/INFO] [io.gi.su.ad.AdvancedRocketryCommunity/]: ARCE_MISSION_DELIVERY event=CLAIM mission=c3896b64-5e85-44b2-9f2b-db1f07e6b8ac terminal=ea96b8c9-3ca2-43e6-818e-0d76cab379f2 epoch=2 owner=b3d9c015-4141-4629-b7e3-ffa343cb1b17 reward=3c0b15824ec3df5a
[17:54:20] [Server thread/INFO] [io.gi.su.ad.AdvancedRocketryCommunity/]: ARCE_MISSION_DELIVERY event=CLAIM mission=903e2bab-18e4-4a56-8b4a-6284e412b971 terminal=ea96b8c9-3ca2-43e6-818e-0d76cab379f2 epoch=2 owner=b3d9c015-4141-4629-b7e3-ffa343cb1b17 reward=fa4d5620e60a8210
[17:54:20] [Server thread/INFO] [io.gi.su.ad.AdvancedRocketryCommunity/]: ARCE_MISSION_DELIVERY event=CLAIM mission=0fe80b50-aafe-486b-9513-82316e7c94ee terminal=ea96b8c9-3ca2-43e6-818e-0d76cab379f2 epoch=2 owner=b3d9c015-4141-4629-b7e3-ffa343cb1b17 reward=d44d688e501ec1cb
[17:54:20] [Server thread/INFO] [io.gi.su.ad.AdvancedRocketryCommunity/]: ARCE_MISSION_DELIVERY event=CLAIM mission=cd23cd56-cf12-4f83-8fed-a9f8ea5e4845 terminal=ea96b8c9-3ca2-43e6-818e-0d76cab379f2 epoch=2 owner=b3d9c015-4141-4629-b7e3-ffa343cb1b17 reward=34ac5f7519bec022
[17:54:20] [Server thread/INFO] [io.gi.su.ad.AdvancedRocketryCommunity/]: ARCE_MISSION_DELIVERY event=CLAIM mission=2635d2ca-1151-4e0a-9bf0-aebdf7ea6cac terminal=ea96b8c9-3ca2-43e6-818e-0d76cab379f2 epoch=2 owner=b3d9c015-4141-4629-b7e3-ffa343cb1b17 reward=0ddbc17b468e4dd1
[17:54:20] [Server thread/INFO] [io.gi.su.ad.AdvancedRocketryCommunity/]: ARCE_MISSION_DELIVERY event=CLAIM mission=6de4050c-f4f0-40e6-b263-b78c39da3499 terminal=ea96b8c9-3ca2-43e6-818e-0d76cab379f2 epoch=2 owner=b3d9c015-4141-4629-b7e3-ffa343cb1b17 reward=007cce5a48a9ab10
[17:54:20] [Server thread/INFO] [io.gi.su.ad.AdvancedRocketryCommunity/]: ARCE_MISSION_DELIVERY event=CLAIM mission=168fa342-9f1b-444f-bfc9-8b63d8b4351b terminal=ea96b8c9-3ca2-43e6-818e-0d76cab379f2 epoch=2 owner=b3d9c015-4141-4629-b7e3-ffa343cb1b17 reward=ff667d394044316a
[17:54:20] [Server thread/INFO] [io.gi.su.ad.AdvancedRocketryCommunity/]: ARCE_MISSION_DELIVERY event=CLAIM mission=d221f34d-84ad-4449-8e1d-859359ec3513 terminal=ea96b8c9-3ca2-43e6-818e-0d76cab379f2 epoch=2 owner=b3d9c015-4141-4629-b7e3-ffa343cb1b17 reward=f820b7453491e2ef
[17:54:20] [Server thread/INFO] [io.gi.su.ad.AdvancedRocketryCommunity/]: ARCE_MISSION_DELIVERY event=CLAIM mission=9e255cd5-d9ce-44e5-a7c5-50458ed21e09 terminal=ea96b8c9-3ca2-43e6-818e-0d76cab379f2 epoch=2 owner=b3d9c015-4141-4629-b7e3-ffa343cb1b17 reward=45b79f6936ce0798
[17:54:20] [Server thread/INFO] [io.gi.su.ad.AdvancedRocketryCommunity/]: ARCE_MISSION_DELIVERY event=CLAIM mission=c9c897dc-faf9-43e8-a83b-107dedf4aa2b terminal=ea96b8c9-3ca2-43e6-818e-0d76cab379f2 epoch=2 owner=b3d9c015-4141-4629-b7e3-ffa343cb1b17 reward=52c89eb15e7af12f
[17:54:20] [Server thread/INFO] [io.gi.su.ad.AdvancedRocketryCommunity/]: ARCE_MISSION_DELIVERY event=CLAIM mission=b695e027-c7da-43f9-a5db-b0b9a0a34586 terminal=ea96b8c9-3ca2-43e6-818e-0d76cab379f2 epoch=2 owner=b3d9c015-4141-4629-b7e3-ffa343cb1b17 reward=d4b8e0bc714b0e87
[17:54:20] [Server thread/INFO] [io.gi.su.ad.AdvancedRocketryCommunity/]: ARCE_MISSION_DELIVERY event=CLAIM mission=599180b4-fcda-4f44-a4c3-68fe829843ee terminal=ea96b8c9-3ca2-43e6-818e-0d76cab379f2 epoch=2 owner=b3d9c015-4141-4629-b7e3-ffa343cb1b17 reward=6eab3e9711a8c1a7
[17:54:20] [Server thread/INFO] [io.gi.su.ad.AdvancedRocketryCommunity/]: ARCE_MISSION_DELIVERY event=CLAIM mission=3a4cd5fc-82c5-4feb-9c63-ec2bf4ce071d terminal=ea96b8c9-3ca2-43e6-818e-0d76cab379f2 epoch=2 owner=b3d9c015-4141-4629-b7e3-ffa343cb1b17 reward=fba07f7a0714dbe4
[17:54:20] [Server thread/INFO] [io.gi.su.ad.AdvancedRocketryCommunity/]: ARCE_MISSION_DELIVERY event=CLAIM mission=c42d25b7-b405-4495-923a-2fb558f142c0 terminal=ea96b8c9-3ca2-43e6-818e-0d76cab379f2 epoch=2 owner=b3d9c015-4141-4629-b7e3-ffa343cb1b17 reward=9dae8ba4639a1dda
[17:54:20] [Server thread/INFO] [io.gi.su.ad.AdvancedRocketryCommunity/]: ARCE_MISSION_DELIVERY event=CLAIM mission=2fa1eec1-439a-43ad-b50a-647443623805 terminal=ea96b8c9-3ca2-43e6-818e-0d76cab379f2 epoch=3 owner=b3d9c015-4141-4629-b7e3-ffa343cb1b17 reward=10038fec73da7f49
[17:54:20] [Server thread/INFO] [io.gi.su.ad.AdvancedRocketryCommunity/]: ARCE_MISSION_DELIVERY event=CLAIM mission=dcceed8b-a288-4045-8942-14dd004be3c0 terminal=ea96b8c9-3ca2-43e6-818e-0d76cab379f2 epoch=3 owner=b3d9c015-4141-4629-b7e3-ffa343cb1b17 reward=5c433fddf378f84d
[17:54:20] [Server thread/INFO] [io.gi.su.ad.AdvancedRocketryCommunity/]: ARCE_MISSION_DELIVERY event=CLAIM mission=be56da96-0c33-4c01-9589-12aab051120f terminal=ea96b8c9-3ca2-43e6-818e-0d76cab379f2 epoch=3 owner=b3d9c015-4141-4629-b7e3-ffa343cb1b17 reward=8e2f74198798ef6b
[17:54:20] [Server thread/INFO] [io.gi.su.ad.AdvancedRocketryCommunity/]: ARCE_MISSION_DELIVERY event=CLAIM mission=d2bdb516-dfd1-45dd-b726-74dfaffb6646 terminal=ea96b8c9-3ca2-43e6-818e-0d76cab379f2 epoch=3 owner=b3d9c015-4141-4629-b7e3-ffa343cb1b17 reward=5ae71db4ce45289e
[17:54:20] [Server thread/INFO] [io.gi.su.ad.AdvancedRocketryCommunity/]: ARCE_MISSION_DELIVERY event=CLAIM mission=4028b37f-4045-4ed4-8b72-4e58b4f44ce7 terminal=ea96b8c9-3ca2-43e6-818e-0d76cab379f2 epoch=3 owner=b3d9c015-4141-4629-b7e3-ffa343cb1b17 reward=541db37251ba6be1
[17:54:20] [Server thread/INFO] [io.gi.su.ad.AdvancedRocketryCommunity/]: ARCE_MISSION_DELIVERY event=CLAIM mission=56885a01-bc71-4868-8c20-0e475a1212c8 terminal=ea96b8c9-3ca2-43e6-818e-0d76cab379f2 epoch=3 owner=b3d9c015-4141-4629-b7e3-ffa343cb1b17 reward=d04d9e986906a177
[17:54:20] [Server thread/INFO] [io.gi.su.ad.AdvancedRocketryCommunity/]: ARCE_MISSION_DELIVERY event=CLAIM mission=1ecd1267-8110-4297-b0d0-f983a0389b0f terminal=ea96b8c9-3ca2-43e6-818e-0d76cab379f2 epoch=3 owner=b3d9c015-4141-4629-b7e3-ffa343cb1b17 reward=c1a1d3dd7b40ea48
[17:54:20] [Server thread/INFO] [io.gi.su.ad.AdvancedRocketryCommunity/]: ARCE_MISSION_DELIVERY event=CLAIM mission=61e1c5a9-7260-402d-9d01-786e16954b33 terminal=ea96b8c9-3ca2-43e6-818e-0d76cab379f2 epoch=3 owner=b3d9c015-4141-4629-b7e3-ffa343cb1b17 reward=6a7b8d8c0221621b
[17:54:20] [Server thread/INFO] [io.gi.su.ad.AdvancedRocketryCommunity/]: ARCE_MISSION_DELIVERY event=CLAIM mission=92baeaa1-0efd-4f71-82cf-cae3171af394 terminal=ea96b8c9-3ca2-43e6-818e-0d76cab379f2 epoch=3 owner=b3d9c015-4141-4629-b7e3-ffa343cb1b17 reward=12d44add6bf6de52
[17:54:20] [Server thread/INFO] [io.gi.su.ad.AdvancedRocketryCommunity/]: ARCE_MISSION_DELIVERY event=CLAIM mission=41ad7445-beee-4856-afb6-531252b96eab terminal=ea96b8c9-3ca2-43e6-818e-0d76cab379f2 epoch=3 owner=b3d9c015-4141-4629-b7e3-ffa343cb1b17 reward=4d06bfcc13099985
[17:54:20] [Server thread/INFO] [io.gi.su.ad.AdvancedRocketryCommunity/]: ARCE_MISSION_DELIVERY event=CLAIM mission=1aa13845-baaf-47b8-afd6-0697ef594b14 terminal=ea96b8c9-3ca2-43e6-818e-0d76cab379f2 epoch=3 owner=b3d9c015-4141-4629-b7e3-ffa343cb1b17 reward=334de5f3a15ce8d8
[17:54:20] [Server thread/INFO] [io.gi.su.ad.AdvancedRocketryCommunity/]: ARCE_MISSION_DELIVERY event=CLAIM mission=af4d26ee-f41c-408f-918d-c98ead471d80 terminal=ea96b8c9-3ca2-43e6-818e-0d76cab379f2 epoch=3 owner=b3d9c015-4141-4629-b7e3-ffa343cb1b17 reward=266fc4a14f99c2f5
[17:54:20] [Server thread/INFO] [io.gi.su.ad.AdvancedRocketryCommunity/]: ARCE_MISSION_DELIVERY event=CLAIM mission=4e98cab8-aa8b-465e-86d5-b9d51c1368c1 terminal=ea96b8c9-3ca2-43e6-818e-0d76cab379f2 epoch=3 owner=b3d9c015-4141-4629-b7e3-ffa343cb1b17 reward=fca444fd0a2b0f1a
[17:54:20] [Server thread/INFO] [io.gi.su.ad.AdvancedRocketryCommunity/]: ARCE_MISSION_DELIVERY event=CLAIM mission=4651dae7-fec6-46dc-b60e-32f5c2b7f8ea terminal=ea96b8c9-3ca2-43e6-818e-0d76cab379f2 epoch=3 owner=b3d9c015-4141-4629-b7e3-ffa343cb1b17 reward=40604f95b37f298f
[17:54:20] [Server thread/INFO] [io.gi.su.ad.AdvancedRocketryCommunity/]: ARCE_MISSION_DELIVERY event=CLAIM mission=f48573fc-48d0-4cfc-a0cb-e703439e334f terminal=ea96b8c9-3ca2-43e6-818e-0d76cab379f2 epoch=3 owner=b3d9c015-4141-4629-b7e3-ffa343cb1b17 reward=b51c70e505653bb2
[17:54:20] [Server thread/INFO] [io.gi.su.ad.AdvancedRocketryCommunity/]: ARCE_MISSION_DELIVERY event=CLAIM mission=ec0749a1-3c77-4d39-aa45-15703352aaa6 terminal=ea96b8c9-3ca2-43e6-818e-0d76cab379f2 epoch=3 owner=b3d9c015-4141-4629-b7e3-ffa343cb1b17 reward=d345e98df1b03c38
[17:54:20] [Server thread/INFO] [io.gi.su.ad.AdvancedRocketryCommunity/]: ARCE_MISSION_DELIVERY event=CLAIM mission=1063754a-e66f-44fc-8cc1-4fef0e0b0bc8 terminal=ea96b8c9-3ca2-43e6-818e-0d76cab379f2 epoch=4 owner=b3d9c015-4141-4629-b7e3-ffa343cb1b17 reward=31ed3366463aa13f
[17:54:20] [Server thread/INFO] [io.gi.su.ad.AdvancedRocketryCommunity/]: ARCE_MISSION_DELIVERY event=CLAIM mission=c195b3c8-1fbd-4147-b75c-a9b476843298 terminal=ea96b8c9-3ca2-43e6-818e-0d76cab379f2 epoch=4 owner=b3d9c015-4141-4629-b7e3-ffa343cb1b17 reward=7b83d11fed78b9a1
[17:54:20] [Server thread/INFO] [io.gi.su.ad.AdvancedRocketryCommunity/]: ARCE_MISSION_DELIVERY event=CLAIM mission=ea11fbf0-0207-4d0b-842c-749c113bcd5f terminal=ea96b8c9-3ca2-43e6-818e-0d76cab379f2 epoch=4 owner=b3d9c015-4141-4629-b7e3-ffa343cb1b17 reward=ab1eab174052e454
[17:54:20] [Server thread/INFO] [io.gi.su.ad.AdvancedRocketryCommunity/]: ARCE_MISSION_DELIVERY event=CLAIM mission=b9c22e0c-9b3b-48b0-a42a-b2dd23a19799 terminal=ea96b8c9-3ca2-43e6-818e-0d76cab379f2 epoch=4 owner=b3d9c015-4141-4629-b7e3-ffa343cb1b17 reward=ebaccc847b083262
[17:54:20] [Server thread/INFO] [io.gi.su.ad.AdvancedRocketryCommunity/]: ARCE_MISSION_DELIVERY event=CLAIM mission=972bbfa6-a5eb-46a1-b864-d43d4c79dc37 terminal=ea96b8c9-3ca2-43e6-818e-0d76cab379f2 epoch=4 owner=b3d9c015-4141-4629-b7e3-ffa343cb1b17 reward=ec3168510d486221
[17:54:20] [Server thread/INFO] [io.gi.su.ad.AdvancedRocketryCommunity/]: ARCE_MISSION_DELIVERY event=CLAIM mission=233b1dd0-7e46-4867-bcb0-cff7824ba576 terminal=ea96b8c9-3ca2-43e6-818e-0d76cab379f2 epoch=4 owner=b3d9c015-4141-4629-b7e3-ffa343cb1b17 reward=9fc5d77b6c1d3e89
[17:54:20] [Server thread/INFO] [io.gi.su.ad.AdvancedRocketryCommunity/]: ARCE_MISSION_DELIVERY event=CLAIM mission=9de5e550-55be-4f94-8756-2652b2175993 terminal=ea96b8c9-3ca2-43e6-818e-0d76cab379f2 epoch=4 owner=b3d9c015-4141-4629-b7e3-ffa343cb1b17 reward=e1e65288ee5afa82
[17:54:20] [Server thread/INFO] [io.gi.su.ad.AdvancedRocketryCommunity/]: ARCE_MISSION_DELIVERY event=CLAIM mission=6a0ef162-a3b4-4c15-96b7-7a961aa11030 terminal=ea96b8c9-3ca2-43e6-818e-0d76cab379f2 epoch=4 owner=b3d9c015-4141-4629-b7e3-ffa343cb1b17 reward=0486a08fd322ce1e
[17:54:20] [Server thread/INFO] [io.gi.su.ad.AdvancedRocketryCommunity/]: ARCE_MISSION_DELIVERY event=CLAIM mission=6802c935-3c2a-4b8c-8832-534c21ae62c0 terminal=ea96b8c9-3ca2-43e6-818e-0d76cab379f2 epoch=4 owner=b3d9c015-4141-4629-b7e3-ffa343cb1b17 reward=c57c8e352261b443
[17:54:20] [Server thread/INFO] [io.gi.su.ad.AdvancedRocketryCommunity/]: ARCE_MISSION_DELIVERY event=CLAIM mission=45d847d6-fe20-414e-8244-e57ef3ecb869 terminal=ea96b8c9-3ca2-43e6-818e-0d76cab379f2 epoch=4 owner=b3d9c015-4141-4629-b7e3-ffa343cb1b17 reward=482f7d4d800618be
[17:54:20] [Server thread/INFO] [io.gi.su.ad.AdvancedRocketryCommunity/]: ARCE_MISSION_DELIVERY event=CLAIM mission=fe6f2e85-40d1-4e75-8fd4-9c1578bfbcd1 terminal=ea96b8c9-3ca2-43e6-818e-0d76cab379f2 epoch=4 owner=b3d9c015-4141-4629-b7e3-ffa343cb1b17 reward=79cbc211b14e2638
[17:54:20] [Server thread/INFO] [io.gi.su.ad.AdvancedRocketryCommunity/]: ARCE_MISSION_DELIVERY event=CLAIM mission=efb758c0-4f87-4285-ad75-b9e2676b1b1a terminal=ea96b8c9-3ca2-43e6-818e-0d76cab379f2 epoch=4 owner=b3d9c015-4141-4629-b7e3-ffa343cb1b17 reward=4894ea4bb82aaf6f
[17:54:20] [Server thread/INFO] [io.gi.su.ad.AdvancedRocketryCommunity/]: ARCE_MISSION_DELIVERY event=CLAIM mission=374cdc33-4f70-45cd-8e12-a16f6c15269f terminal=ea96b8c9-3ca2-43e6-818e-0d76cab379f2 epoch=4 owner=b3d9c015-4141-4629-b7e3-ffa343cb1b17 reward=f2d298a7efd42a9c
[17:54:20] [Server thread/INFO] [io.gi.su.ad.AdvancedRocketryCommunity/]: ARCE_MISSION_DELIVERY event=CLAIM mission=1e6b72a5-83bb-4b9e-bfef-07ca54557792 terminal=ea96b8c9-3ca2-43e6-818e-0d76cab379f2 epoch=4 owner=b3d9c015-4141-4629-b7e3-ffa343cb1b17 reward=1ac6d56a6a81a4e6
[17:54:20] [Server thread/INFO] [io.gi.su.ad.AdvancedRocketryCommunity/]: ARCE_MISSION_DELIVERY event=CLAIM mission=efe4b636-abbe-4275-9f30-cf4146ee00bd terminal=ea96b8c9-3ca2-43e6-818e-0d76cab379f2 epoch=4 owner=b3d9c015-4141-4629-b7e3-ffa343cb1b17 reward=7428c89a7866d5a6
[17:54:20] [Server thread/INFO] [io.gi.su.ad.AdvancedRocketryCommunity/]: ARCE_MISSION_DELIVERY event=CLAIM mission=902a1e1f-1923-454a-b13e-3f54c738d413 terminal=ea96b8c9-3ca2-43e6-818e-0d76cab379f2 epoch=4 owner=b3d9c015-4141-4629-b7e3-ffa343cb1b17 reward=68a9a7ea31fdb956
[17:54:20] [Server thread/INFO] [io.gi.su.ad.AdvancedRocketryCommunity/]: ARCE_MISSION_DELIVERY event=CLAIM mission=01bdd0f1-2359-4c25-8a31-6d443089025e terminal=ea96b8c9-3ca2-43e6-818e-0d76cab379f2 epoch=5 owner=b3d9c015-4141-4629-b7e3-ffa343cb1b17 reward=eda3a32dea45b60e
[17:54:20] [Server thread/INFO] [io.gi.su.ad.AdvancedRocketryCommunity/]: ARCE_MISSION_DELIVERY event=CLAIM mission=5f8b0e6a-c205-4387-b038-c97a0cd0718d terminal=ea96b8c9-3ca2-43e6-818e-0d76cab379f2 epoch=5 owner=b3d9c015-4141-4629-b7e3-ffa343cb1b17 reward=879965bb6ba0cc64
[17:54:20] [Server thread/INFO] [io.gi.su.ad.AdvancedRocketryCommunity/]: ARCE_MISSION_DELIVERY event=CLAIM mission=084e03a6-7627-4e3a-9593-a64be96a5184 terminal=ea96b8c9-3ca2-43e6-818e-0d76cab379f2 epoch=5 owner=b3d9c015-4141-4629-b7e3-ffa343cb1b17 reward=62f0dd4e8431531c
[17:54:20] [Server thread/INFO] [io.gi.su.ad.AdvancedRocketryCommunity/]: ARCE_MISSION_DELIVERY event=CLAIM mission=514cac69-167a-40f1-aba3-bc4c7ec8a4a6 terminal=ea96b8c9-3ca2-43e6-818e-0d76cab379f2 epoch=5 owner=b3d9c015-4141-4629-b7e3-ffa343cb1b17 reward=0945d6e6e530817f
[17:54:20] [Server thread/INFO] [io.gi.su.ad.AdvancedRocketryCommunity/]: ARCE_MISSION_DELIVERY event=CLAIM mission=52f24dcc-f923-4b03-9a8f-7ced2b8fd965 terminal=ea96b8c9-3ca2-43e6-818e-0d76cab379f2 epoch=5 owner=b3d9c015-4141-4629-b7e3-ffa343cb1b17 reward=fb52f9a7649492d1
[17:54:20] [Server thread/INFO] [io.gi.su.ad.AdvancedRocketryCommunity/]: ARCE_MISSION_DELIVERY event=CLAIM mission=a32014f1-5d72-4874-bab1-f7e51fe718a1 terminal=ea96b8c9-3ca2-43e6-818e-0d76cab379f2 epoch=5 owner=b3d9c015-4141-4629-b7e3-ffa343cb1b17 reward=652e97d6820c699e
[17:54:20] [Server thread/INFO] [io.gi.su.ad.AdvancedRocketryCommunity/]: ARCE_MISSION_DELIVERY event=CLAIM mission=a3c54dee-30b9-46f6-a0af-3fd3f8b2d2f0 terminal=ea96b8c9-3ca2-43e6-818e-0d76cab379f2 epoch=5 owner=b3d9c015-4141-4629-b7e3-ffa343cb1b17 reward=83c01dfa03d18c42
[17:54:20] [Server thread/INFO] [io.gi.su.ad.AdvancedRocketryCommunity/]: ARCE_MISSION_DELIVERY event=CLAIM mission=11843acf-7954-4259-ab53-482c109e682a terminal=ea96b8c9-3ca2-43e6-818e-0d76cab379f2 epoch=5 owner=b3d9c015-4141-4629-b7e3-ffa343cb1b17 reward=71f5056d388ac1ac
[17:54:20] [Server thread/INFO] [io.gi.su.ad.AdvancedRocketryCommunity/]: ARCE_MISSION_DELIVERY event=CLAIM mission=4666fafa-5a28-4139-ab42-4eebe8daaed1 terminal=ea96b8c9-3ca2-43e6-818e-0d76cab379f2 epoch=5 owner=b3d9c015-4141-4629-b7e3-ffa343cb1b17 reward=4dab0a2a00cf6971
[17:54:20] [Server thread/INFO] [io.gi.su.ad.AdvancedRocketryCommunity/]: ARCE_MISSION_DELIVERY event=CLAIM mission=10de9256-e95f-483a-a9be-16b4577cb436 terminal=ea96b8c9-3ca2-43e6-818e-0d76cab379f2 epoch=5 owner=b3d9c015-4141-4629-b7e3-ffa343cb1b17 reward=4a9d376f133551e8
[17:54:20] [Server thread/INFO] [io.gi.su.ad.AdvancedRocketryCommunity/]: ARCE_MISSION_DELIVERY event=CLAIM mission=8b280b6a-fd99-4085-9ed9-cd75591422f3 terminal=ea96b8c9-3ca2-43e6-818e-0d76cab379f2 epoch=5 owner=b3d9c015-4141-4629-b7e3-ffa343cb1b17 reward=35059b92b336f99b
[17:54:20] [Server thread/INFO] [io.gi.su.ad.AdvancedRocketryCommunity/]: ARCE_MISSION_DELIVERY event=CLAIM mission=a642bcd9-7afc-4ca3-a000-4fdcbc6d09c2 terminal=ea96b8c9-3ca2-43e6-818e-0d76cab379f2 epoch=5 owner=b3d9c015-4141-4629-b7e3-ffa343cb1b17 reward=c4ba504e06454ec4
[17:54:20] [Server thread/INFO] [io.gi.su.ad.AdvancedRocketryCommunity/]: ARCE_MISSION_DELIVERY event=CLAIM mission=a25aeac8-42fa-4043-b1e8-59153d0bddd6 terminal=ea96b8c9-3ca2-43e6-818e-0d76cab379f2 epoch=5 owner=b3d9c015-4141-4629-b7e3-ffa343cb1b17 reward=7efced971253e8aa
[17:54:20] [Server thread/INFO] [io.gi.su.ad.AdvancedRocketryCommunity/]: ARCE_MISSION_DELIVERY event=CLAIM mission=21b351af-b382-48c7-8860-f379c7bcd30b terminal=ea96b8c9-3ca2-43e6-818e-0d76cab379f2 epoch=5 owner=b3d9c015-4141-4629-b7e3-ffa343cb1b17 reward=83e612a67510825b
[17:54:20] [Server thread/INFO] [io.gi.su.ad.AdvancedRocketryCommunity/]: ARCE_MISSION_DELIVERY event=CLAIM mission=4f6a048f-abe2-4b42-a6c3-9ae659704f42 terminal=ea96b8c9-3ca2-43e6-818e-0d76cab379f2 epoch=5 owner=b3d9c015-4141-4629-b7e3-ffa343cb1b17 reward=cbdc213e52062b36
[17:54:20] [Server thread/INFO] [io.gi.su.ad.AdvancedRocketryCommunity/]: ARCE_MISSION_DELIVERY event=CLAIM mission=ba3f44fc-8667-48c1-859d-c411c50a9c2c terminal=ea96b8c9-3ca2-43e6-818e-0d76cab379f2 epoch=5 owner=b3d9c015-4141-4629-b7e3-ffa343cb1b17 reward=2a8736b969d18369
[17:54:20] [Server thread/INFO] [io.gi.su.ad.AdvancedRocketryCommunity/]: ARCE_MISSION_DELIVERY event=CLAIM mission=6b5cb2cd-e8b5-40c2-a71e-5a4258405f2e terminal=ea96b8c9-3ca2-43e6-818e-0d76cab379f2 epoch=6 owner=b3d9c015-4141-4629-b7e3-ffa343cb1b17 reward=fa6404ecd92e4991
[17:54:20] [Server thread/INFO] [io.gi.su.ad.AdvancedRocketryCommunity/]: ARCE_MISSION_DELIVERY event=CLAIM mission=d448e601-843f-439d-94c8-d98a5b1ce236 terminal=ea96b8c9-3ca2-43e6-818e-0d76cab379f2 epoch=6 owner=b3d9c015-4141-4629-b7e3-ffa343cb1b17 reward=7f20f0252d1f7c62
[17:54:20] [Server thread/INFO] [io.gi.su.ad.AdvancedRocketryCommunity/]: ARCE_MISSION_DELIVERY event=CLAIM mission=0d674fad-19ce-4cc0-9c45-a40a3cdfa8ba terminal=ea96b8c9-3ca2-43e6-818e-0d76cab379f2 epoch=6 owner=b3d9c015-4141-4629-b7e3-ffa343cb1b17 reward=2b842be3596c123b
[17:54:20] [Server thread/INFO] [io.gi.su.ad.AdvancedRocketryCommunity/]: ARCE_MISSION_DELIVERY event=CLAIM mission=f6d14eb9-03bb-46cb-9fea-25f5e803adef terminal=ea96b8c9-3ca2-43e6-818e-0d76cab379f2 epoch=6 owner=b3d9c015-4141-4629-b7e3-ffa343cb1b17 reward=31be9aae513470b0
[17:54:20] [Server thread/INFO] [io.gi.su.ad.AdvancedRocketryCommunity/]: ARCE_MISSION_DELIVERY event=CLAIM mission=ab622fd0-2cdc-45b3-989f-30bb265698f5 terminal=ea96b8c9-3ca2-43e6-818e-0d76cab379f2 epoch=6 owner=b3d9c015-4141-4629-b7e3-ffa343cb1b17 reward=a039c244d8b76cc6
[17:54:20] [Server thread/INFO] [io.gi.su.ad.AdvancedRocketryCommunity/]: ARCE_MISSION_DELIVERY event=CLAIM mission=a9f0af1f-4a61-47ff-9c90-893e78c82481 terminal=ea96b8c9-3ca2-43e6-818e-0d76cab379f2 epoch=6 owner=b3d9c015-4141-4629-b7e3-ffa343cb1b17 reward=f7d75da2384982ed
[17:54:20] [Server thread/INFO] [io.gi.su.ad.AdvancedRocketryCommunity/]: ARCE_MISSION_DELIVERY event=CLAIM mission=66a1cb0d-dbbd-49e5-974a-c7a332ffc957 terminal=ea96b8c9-3ca2-43e6-818e-0d76cab379f2 epoch=6 owner=b3d9c015-4141-4629-b7e3-ffa343cb1b17 reward=d2adff7592687677
[17:54:20] [Server thread/INFO] [io.gi.su.ad.AdvancedRocketryCommunity/]: ARCE_MISSION_DELIVERY event=CLAIM mission=61c8c5e7-785c-4d21-99b2-f962dfb283cc terminal=ea96b8c9-3ca2-43e6-818e-0d76cab379f2 epoch=6 owner=b3d9c015-4141-4629-b7e3-ffa343cb1b17 reward=57d4f527b92d4a94
[17:54:20] [Server thread/INFO] [io.gi.su.ad.AdvancedRocketryCommunity/]: ARCE_MISSION_DELIVERY event=CLAIM mission=084a7677-0b25-4114-aa1e-b6e809beeb3e terminal=ea96b8c9-3ca2-43e6-818e-0d76cab379f2 epoch=6 owner=b3d9c015-4141-4629-b7e3-ffa343cb1b17 reward=b6935b3e8d6becbc
[17:54:20] [Server thread/INFO] [io.gi.su.ad.AdvancedRocketryCommunity/]: ARCE_MISSION_DELIVERY event=CLAIM mission=ef30f895-0074-4bf6-bba4-e53b685742ca terminal=ea96b8c9-3ca2-43e6-818e-0d76cab379f2 epoch=6 owner=b3d9c015-4141-4629-b7e3-ffa343cb1b17 reward=2e659b34f6482fa7
[17:54:20] [Server thread/INFO] [io.gi.su.ad.AdvancedRocketryCommunity/]: ARCE_MISSION_DELIVERY event=CLAIM mission=5881d3f5-39a0-4be3-a1bf-8464f2e2f42c terminal=ea96b8c9-3ca2-43e6-818e-0d76cab379f2 epoch=6 owner=b3d9c015-4141-4629-b7e3-ffa343cb1b17 reward=b8650196fa73a15a
[17:54:20] [Server thread/INFO] [io.gi.su.ad.AdvancedRocketryCommunity/]: ARCE_MISSION_DELIVERY event=CLAIM mission=f14e858a-f2e1-4770-aa3a-0715e51a3338 terminal=ea96b8c9-3ca2-43e6-818e-0d76cab379f2 epoch=6 owner=b3d9c015-4141-4629-b7e3-ffa343cb1b17 reward=562317eeffd56e78
[17:54:20] [Server thread/INFO] [io.gi.su.ad.AdvancedRocketryCommunity/]: ARCE_MISSION_DELIVERY event=CLAIM mission=22436105-3ff5-4450-b56f-6391b5a9b7f4 terminal=ea96b8c9-3ca2-43e6-818e-0d76cab379f2 epoch=6 owner=b3d9c015-4141-4629-b7e3-ffa343cb1b17 reward=c1841dfc135a50db
[17:54:20] [Server thread/INFO] [io.gi.su.ad.AdvancedRocketryCommunity/]: ARCE_MISSION_DELIVERY event=CLAIM mission=7b3258c7-41e3-4e38-9500-15d62cfa74dd terminal=ea96b8c9-3ca2-43e6-818e-0d76cab379f2 epoch=6 owner=b3d9c015-4141-4629-b7e3-ffa343cb1b17 reward=5dae90d4d7b9cae1
[17:54:20] [Server thread/INFO] [io.gi.su.ad.AdvancedRocketryCommunity/]: ARCE_MISSION_DELIVERY event=CLAIM mission=5bc4cc66-646d-4a76-90f8-55e0df541f93 terminal=ea96b8c9-3ca2-43e6-818e-0d76cab379f2 epoch=6 owner=b3d9c015-4141-4629-b7e3-ffa343cb1b17 reward=30c6be178035e13a
[17:54:20] [Server thread/INFO] [io.gi.su.ad.AdvancedRocketryCommunity/]: ARCE_MISSION_DELIVERY event=CLAIM mission=7b8f2b95-a6c8-4df9-bdb1-2777b85146fb terminal=ea96b8c9-3ca2-43e6-818e-0d76cab379f2 epoch=6 owner=b3d9c015-4141-4629-b7e3-ffa343cb1b17 reward=9de7300d74ca2797
[17:54:20] [Server thread/INFO] [io.gi.su.ad.AdvancedRocketryCommunity/]: ARCE_MISSION_DELIVERY event=CLAIM mission=c0bed79a-0f50-44bc-948a-38e27e49ad17 terminal=ea96b8c9-3ca2-43e6-818e-0d76cab379f2 epoch=7 owner=b3d9c015-4141-4629-b7e3-ffa343cb1b17 reward=3aaf6d7a7cde1e23
[17:54:20] [Server thread/INFO] [io.gi.su.ad.AdvancedRocketryCommunity/]: ARCE_MISSION_DELIVERY event=CLAIM mission=785c5832-4412-4dbe-a9ee-680eda2c4b9d terminal=ea96b8c9-3ca2-43e6-818e-0d76cab379f2 epoch=7 owner=b3d9c015-4141-4629-b7e3-ffa343cb1b17 reward=545a6b06cd52ad3b
[17:54:20] [Server thread/INFO] [io.gi.su.ad.AdvancedRocketryCommunity/]: ARCE_MISSION_DELIVERY event=CLAIM mission=a14d91db-63d2-49d4-99cc-ea9ca77ecc03 terminal=ea96b8c9-3ca2-43e6-818e-0d76cab379f2 epoch=7 owner=b3d9c015-4141-4629-b7e3-ffa343cb1b17 reward=89c50fc66ecc1016
[17:54:20] [Server thread/INFO] [io.gi.su.ad.AdvancedRocketryCommunity/]: ARCE_MISSION_DELIVERY event=CLAIM mission=39fe9364-3f08-434d-8363-89c33ff13b79 terminal=ea96b8c9-3ca2-43e6-818e-0d76cab379f2 epoch=7 owner=b3d9c015-4141-4629-b7e3-ffa343cb1b17 reward=faf7b276fdcad6f6
[17:54:20] [Server thread/INFO] [io.gi.su.ad.AdvancedRocketryCommunity/]: ARCE_MISSION_DELIVERY event=CLAIM mission=0d911b6b-33e0-4b3d-8c2e-b439831bcccd terminal=ea96b8c9-3ca2-43e6-818e-0d76cab379f2 epoch=7 owner=b3d9c015-4141-4629-b7e3-ffa343cb1b17 reward=42519a547fc238a0
[17:54:20] [Server thread/INFO] [io.gi.su.ad.AdvancedRocketryCommunity/]: ARCE_MISSION_DELIVERY event=CLAIM mission=531c7a08-a7d2-446e-8709-7c7ffb0a5063 terminal=ea96b8c9-3ca2-43e6-818e-0d76cab379f2 epoch=7 owner=b3d9c015-4141-4629-b7e3-ffa343cb1b17 reward=3c7a82aabf6ca8ae
[17:54:20] [Server thread/INFO] [io.gi.su.ad.AdvancedRocketryCommunity/]: ARCE_MISSION_DELIVERY event=CLAIM mission=a81454e0-3a85-4b62-9127-e2da85bba383 terminal=ea96b8c9-3ca2-43e6-818e-0d76cab379f2 epoch=7 owner=b3d9c015-4141-4629-b7e3-ffa343cb1b17 reward=4cd0fcf97c7db1df
[17:54:20] [Server thread/INFO] [io.gi.su.ad.AdvancedRocketryCommunity/]: ARCE_MISSION_DELIVERY event=CLAIM mission=b2f83b93-66ad-4461-ac1e-411dbf26d503 terminal=ea96b8c9-3ca2-43e6-818e-0d76cab379f2 epoch=7 owner=b3d9c015-4141-4629-b7e3-ffa343cb1b17 reward=72901039edaaf543
[17:54:20] [Server thread/INFO] [io.gi.su.ad.AdvancedRocketryCommunity/]: ARCE_MISSION_DELIVERY event=CLAIM mission=2a2b800b-d8f8-43d3-9c6a-5b25c0695994 terminal=ea96b8c9-3ca2-43e6-818e-0d76cab379f2 epoch=7 owner=b3d9c015-4141-4629-b7e3-ffa343cb1b17 reward=f2c6f1144f1f9bd3
[17:54:20] [Server thread/INFO] [io.gi.su.ad.AdvancedRocketryCommunity/]: ARCE_MISSION_DELIVERY event=CLAIM mission=d6fb7b26-aef5-4ef7-abb7-44b3ddc276ee terminal=ea96b8c9-3ca2-43e6-818e-0d76cab379f2 epoch=7 owner=b3d9c015-4141-4629-b7e3-ffa343cb1b17 reward=61926dcaef815e0c
[17:54:20] [Server thread/INFO] [io.gi.su.ad.AdvancedRocketryCommunity/]: ARCE_MISSION_DELIVERY event=CLAIM mission=2719fecf-735f-43fc-af84-95432e8f5e7a terminal=ea96b8c9-3ca2-43e6-818e-0d76cab379f2 epoch=7 owner=b3d9c015-4141-4629-b7e3-ffa343cb1b17 reward=b47a0c064a3288b8
[17:54:20] [Server thread/INFO] [io.gi.su.ad.AdvancedRocketryCommunity/]: ARCE_MISSION_DELIVERY event=CLAIM mission=a54b8dcf-a555-4719-bb2b-e572563da3ee terminal=ea96b8c9-3ca2-43e6-818e-0d76cab379f2 epoch=7 owner=b3d9c015-4141-4629-b7e3-ffa343cb1b17 reward=d7bba53323b40114
[17:54:20] [Server thread/INFO] [io.gi.su.ad.AdvancedRocketryCommunity/]: ARCE_MISSION_DELIVERY event=CLAIM mission=e76f9dc7-206b-4211-a729-80187eb07e1a terminal=ea96b8c9-3ca2-43e6-818e-0d76cab379f2 epoch=7 owner=b3d9c015-4141-4629-b7e3-ffa343cb1b17 reward=47d98eaaffef25b2
[17:54:20] [Server thread/INFO] [io.gi.su.ad.AdvancedRocketryCommunity/]: ARCE_MISSION_DELIVERY event=CLAIM mission=76ff4569-9a80-42b9-9357-f314ba6e1f9f terminal=ea96b8c9-3ca2-43e6-818e-0d76cab379f2 epoch=7 owner=b3d9c015-4141-4629-b7e3-ffa343cb1b17 reward=b6f3b89fc8fefe73
[17:54:20] [Server thread/INFO] [io.gi.su.ad.AdvancedRocketryCommunity/]: ARCE_MISSION_DELIVERY event=CLAIM mission=3a5ff1d8-24f4-47c1-be5f-d85fad0aa72e terminal=ea96b8c9-3ca2-43e6-818e-0d76cab379f2 epoch=7 owner=b3d9c015-4141-4629-b7e3-ffa343cb1b17 reward=1a5adf0da2802136
[17:54:20] [Server thread/INFO] [io.gi.su.ad.AdvancedRocketryCommunity/]: ARCE_MISSION_DELIVERY event=CLAIM mission=c47c866a-614c-4d86-b7bb-c8ae2f73d44b terminal=ea96b8c9-3ca2-43e6-818e-0d76cab379f2 epoch=7 owner=b3d9c015-4141-4629-b7e3-ffa343cb1b17 reward=29dd9f269f83555f
[17:54:20] [Server thread/INFO] [io.gi.su.ad.AdvancedRocketryCommunity/]: ARCE_MISSION_DELIVERY event=CLAIM mission=8905c32f-abad-4967-879e-b5a9ae5c6d05 terminal=ea96b8c9-3ca2-43e6-818e-0d76cab379f2 epoch=8 owner=b3d9c015-4141-4629-b7e3-ffa343cb1b17 reward=5b0004002dd5900b
[17:54:20] [Server thread/INFO] [io.gi.su.ad.AdvancedRocketryCommunity/]: ARCE_MISSION_DELIVERY event=CLAIM mission=4bed8074-8129-4a10-ac98-4992829a50a2 terminal=ea96b8c9-3ca2-43e6-818e-0d76cab379f2 epoch=8 owner=b3d9c015-4141-4629-b7e3-ffa343cb1b17 reward=ebad1439d94d6fa9
[17:54:20] [Server thread/INFO] [io.gi.su.ad.AdvancedRocketryCommunity/]: ARCE_MISSION_DELIVERY event=CLAIM mission=603f9e71-74f1-469e-907b-4031fc4bb845 terminal=ea96b8c9-3ca2-43e6-818e-0d76cab379f2 epoch=8 owner=b3d9c015-4141-4629-b7e3-ffa343cb1b17 reward=81ae971113ded7dd
[17:54:20] [Server thread/INFO] [io.gi.su.ad.AdvancedRocketryCommunity/]: ARCE_MISSION_DELIVERY event=CLAIM mission=a46c72ac-7876-4bcf-b180-cf2bd9df74ca terminal=ea96b8c9-3ca2-43e6-818e-0d76cab379f2 epoch=8 owner=b3d9c015-4141-4629-b7e3-ffa343cb1b17 reward=911792dbc6a89cf7
[17:54:20] [Server thread/INFO] [io.gi.su.ad.AdvancedRocketryCommunity/]: ARCE_MISSION_DELIVERY event=CLAIM mission=36b40064-21f5-44ee-9789-fde6c610eb58 terminal=ea96b8c9-3ca2-43e6-818e-0d76cab379f2 epoch=8 owner=b3d9c015-4141-4629-b7e3-ffa343cb1b17 reward=b66f8d9e4eafd8aa
[17:54:20] [Server thread/INFO] [io.gi.su.ad.AdvancedRocketryCommunity/]: ARCE_MISSION_DELIVERY event=CLAIM mission=000e8df1-092c-417a-9f63-2e7c7022b8c2 terminal=ea96b8c9-3ca2-43e6-818e-0d76cab379f2 epoch=8 owner=b3d9c015-4141-4629-b7e3-ffa343cb1b17 reward=450e90346ca2d4a9
[17:54:20] [Server thread/INFO] [io.gi.su.ad.AdvancedRocketryCommunity/]: ARCE_MISSION_DELIVERY event=CLAIM mission=3ec6369d-24d0-48db-acd0-a2bc1cb773db terminal=ea96b8c9-3ca2-43e6-818e-0d76cab379f2 epoch=8 owner=b3d9c015-4141-4629-b7e3-ffa343cb1b17 reward=54a7589a1930c5e5
[17:54:20] [Server thread/INFO] [io.gi.su.ad.AdvancedRocketryCommunity/]: ARCE_MISSION_DELIVERY event=CLAIM mission=ddef9381-d99f-4f31-92e1-2e2f885d3a10 terminal=ea96b8c9-3ca2-43e6-818e-0d76cab379f2 epoch=8 owner=b3d9c015-4141-4629-b7e3-ffa343cb1b17 reward=9182c0947cff0763
[17:54:20] [Server thread/INFO] [io.gi.su.ad.AdvancedRocketryCommunity/]: ARCE_MISSION_DELIVERY event=CLAIM mission=39a5e5ec-a841-4964-a440-d3557c6a78dd terminal=ea96b8c9-3ca2-43e6-818e-0d76cab379f2 epoch=8 owner=b3d9c015-4141-4629-b7e3-ffa343cb1b17 reward=345860b4e570b5a5
[17:54:20] [Server thread/INFO] [io.gi.su.ad.AdvancedRocketryCommunity/]: ARCE_MISSION_DELIVERY event=CLAIM mission=d96a4f89-cc0b-4473-b862-c20f34883285 terminal=ea96b8c9-3ca2-43e6-818e-0d76cab379f2 epoch=8 owner=b3d9c015-4141-4629-b7e3-ffa343cb1b17 reward=e2834a5f9409b66d
[17:54:20] [Server thread/INFO] [io.gi.su.ad.AdvancedRocketryCommunity/]: ARCE_MISSION_DELIVERY event=CLAIM mission=43b8210b-a859-4c8f-ac6d-4a3f9bff3e06 terminal=ea96b8c9-3ca2-43e6-818e-0d76cab379f2 epoch=8 owner=b3d9c015-4141-4629-b7e3-ffa343cb1b17 reward=0a9e163a647a5a12
[17:54:20] [Server thread/INFO] [io.gi.su.ad.AdvancedRocketryCommunity/]: ARCE_MISSION_DELIVERY event=CLAIM mission=c9b4f9d8-1586-4ace-be4b-0114f79c7327 terminal=ea96b8c9-3ca2-43e6-818e-0d76cab379f2 epoch=8 owner=b3d9c015-4141-4629-b7e3-ffa343cb1b17 reward=2b133d4a67e0539c
[17:54:20] [Server thread/INFO] [io.gi.su.ad.AdvancedRocketryCommunity/]: ARCE_MISSION_DELIVERY event=CLAIM mission=1c9d70fa-b486-4d2d-a251-e32e46b2abe5 terminal=ea96b8c9-3ca2-43e6-818e-0d76cab379f2 epoch=8 owner=b3d9c015-4141-4629-b7e3-ffa343cb1b17 reward=38e437f884eef620
[17:54:20] [Server thread/INFO] [io.gi.su.ad.AdvancedRocketryCommunity/]: ARCE_MISSION_DELIVERY event=CLAIM mission=fe65f90a-92a3-4ded-b58d-eab35dda88bc terminal=ea96b8c9-3ca2-43e6-818e-0d76cab379f2 epoch=8 owner=b3d9c015-4141-4629-b7e3-ffa343cb1b17 reward=3a019acab1af17ff
[17:54:20] [Server thread/INFO] [io.gi.su.ad.AdvancedRocketryCommunity/]: ARCE_MISSION_DELIVERY event=CLAIM mission=fc4d3fae-3bba-479f-a06c-00e491ff874e terminal=ea96b8c9-3ca2-43e6-818e-0d76cab379f2 epoch=8 owner=b3d9c015-4141-4629-b7e3-ffa343cb1b17 reward=b5f086858a7ae449
[17:54:20] [Server thread/INFO] [io.gi.su.ad.AdvancedRocketryCommunity/]: ARCE_MISSION_DELIVERY event=CLAIM mission=fab8a3c7-b6f1-4d0f-8957-56fca68f85bb terminal=ea96b8c9-3ca2-43e6-818e-0d76cab379f2 epoch=8 owner=b3d9c015-4141-4629-b7e3-ffa343cb1b17 reward=3244f5161edf1842
[17:54:20] [Server thread/INFO] [io.gi.su.ad.AdvancedRocketryCommunity/]: ARCE_MISSION_DELIVERY event=CLAIM mission=5edae1be-5ea0-41af-b1f2-d1daff8dbc70 terminal=ea96b8c9-3ca2-43e6-818e-0d76cab379f2 epoch=9 owner=b3d9c015-4141-4629-b7e3-ffa343cb1b17 reward=63ae799d5c57a017
[17:54:20] [Server thread/INFO] [io.gi.su.ad.AdvancedRocketryCommunity/]: ARCE_MISSION_DELIVERY event=CLAIM mission=822b942d-4d09-4b76-8ac2-2d2264df4e61 terminal=ea96b8c9-3ca2-43e6-818e-0d76cab379f2 epoch=9 owner=b3d9c015-4141-4629-b7e3-ffa343cb1b17 reward=51a930a64b63b713
[17:54:20] [Server thread/INFO] [io.gi.su.ad.AdvancedRocketryCommunity/]: ARCE_MISSION_DELIVERY event=CLAIM mission=0db385c6-f767-402b-892c-66b59cf05ca9 terminal=ea96b8c9-3ca2-43e6-818e-0d76cab379f2 epoch=9 owner=b3d9c015-4141-4629-b7e3-ffa343cb1b17 reward=bef26906f7ea780d
[17:54:20] [Server thread/INFO] [io.gi.su.ad.AdvancedRocketryCommunity/]: ARCE_MISSION_DELIVERY event=CLAIM mission=8ec17129-8566-496d-a41d-241fab686da2 terminal=ea96b8c9-3ca2-43e6-818e-0d76cab379f2 epoch=9 owner=b3d9c015-4141-4629-b7e3-ffa343cb1b17 reward=a6943e625fc07482
[17:54:20] [Server thread/INFO] [io.gi.su.ad.AdvancedRocketryCommunity/]: ARCE_MISSION_DELIVERY event=CLAIM mission=9a8e0641-73f1-4247-b117-7114c8dc6c94 terminal=ea96b8c9-3ca2-43e6-818e-0d76cab379f2 epoch=9 owner=b3d9c015-4141-4629-b7e3-ffa343cb1b17 reward=16bfbfbcd23da5fd
[17:54:20] [Server thread/INFO] [io.gi.su.ad.AdvancedRocketryCommunity/]: ARCE_MISSION_DELIVERY event=CLAIM mission=8ac06ad5-ffdf-4b65-93f3-b3158e32d572 terminal=ea96b8c9-3ca2-43e6-818e-0d76cab379f2 epoch=9 owner=b3d9c015-4141-4629-b7e3-ffa343cb1b17 reward=c7d37fa8285e7871
[17:54:20] [Server thread/INFO] [io.gi.su.ad.AdvancedRocketryCommunity/]: ARCE_MISSION_DELIVERY event=CLAIM mission=56dbbe48-c7bc-404c-ab02-ec47f8a0b693 terminal=ea96b8c9-3ca2-43e6-818e-0d76cab379f2 epoch=9 owner=b3d9c015-4141-4629-b7e3-ffa343cb1b17 reward=e8e8b35b8dcf11cb
[17:54:20] [Server thread/INFO] [io.gi.su.ad.AdvancedRocketryCommunity/]: ARCE_MISSION_DELIVERY event=CLAIM mission=6f45de03-84f2-4a07-861b-0e6973849ace terminal=ea96b8c9-3ca2-43e6-818e-0d76cab379f2 epoch=9 owner=b3d9c015-4141-4629-b7e3-ffa343cb1b17 reward=dc23d88ca8e5d614
[17:54:20] [Server thread/INFO] [io.gi.su.ad.AdvancedRocketryCommunity/]: ARCE_MISSION_DELIVERY event=CLAIM mission=8487a4e2-01fb-46fb-bf5f-a834224f3a2c terminal=ea96b8c9-3ca2-43e6-818e-0d76cab379f2 epoch=9 owner=b3d9c015-4141-4629-b7e3-ffa343cb1b17 reward=3ea5c94118f09538
[17:54:20] [Server thread/INFO] [io.gi.su.ad.AdvancedRocketryCommunity/]: ARCE_MISSION_DELIVERY event=CLAIM mission=06fac938-ff6d-4c70-8359-1b51937d5803 terminal=ea96b8c9-3ca2-43e6-818e-0d76cab379f2 epoch=9 owner=b3d9c015-4141-4629-b7e3-ffa343cb1b17 reward=e1d712e4b4a530ee
[17:54:20] [Server thread/INFO] [io.gi.su.ad.AdvancedRocketryCommunity/]: ARCE_MISSION_DELIVERY event=CLAIM mission=7eb7fa18-024b-4205-bfb7-47d011a12c93 terminal=ea96b8c9-3ca2-43e6-818e-0d76cab379f2 epoch=9 owner=b3d9c015-4141-4629-b7e3-ffa343cb1b17 reward=58a62d4023a21f39
[17:54:20] [Server thread/INFO] [io.gi.su.ad.AdvancedRocketryCommunity/]: ARCE_MISSION_DELIVERY event=CLAIM mission=4c632a72-067b-474a-bbb7-f4452002935b terminal=ea96b8c9-3ca2-43e6-818e-0d76cab379f2 epoch=9 owner=b3d9c015-4141-4629-b7e3-ffa343cb1b17 reward=c252072d6a84f45f
[17:54:20] [Server thread/INFO] [io.gi.su.ad.AdvancedRocketryCommunity/]: ARCE_MISSION_DELIVERY event=CLAIM mission=e3122569-2d1e-4ab4-94dc-8860778a28ef terminal=ea96b8c9-3ca2-43e6-818e-0d76cab379f2 epoch=9 owner=b3d9c015-4141-4629-b7e3-ffa343cb1b17 reward=aefaee1413839b85
[17:54:20] [Server thread/INFO] [io.gi.su.ad.AdvancedRocketryCommunity/]: ARCE_MISSION_DELIVERY event=CLAIM mission=e18d49d1-0727-4ffd-aea5-a087e6576de5 terminal=ea96b8c9-3ca2-43e6-818e-0d76cab379f2 epoch=9 owner=b3d9c015-4141-4629-b7e3-ffa343cb1b17 reward=5828467971b09d7b
[17:54:20] [Server thread/INFO] [io.gi.su.ad.AdvancedRocketryCommunity/]: ARCE_MISSION_DELIVERY event=CLAIM mission=8a9721df-9a78-4078-91c0-ce246e8e4b34 terminal=ea96b8c9-3ca2-43e6-818e-0d76cab379f2 epoch=9 owner=b3d9c015-4141-4629-b7e3-ffa343cb1b17 reward=ecac1fd5f85d1438
[17:54:20] [Server thread/INFO] [io.gi.su.ad.AdvancedRocketryCommunity/]: ARCE_MISSION_DELIVERY event=CLAIM mission=13cb0a27-c4fb-443a-b553-ac0a2ceb5a07 terminal=ea96b8c9-3ca2-43e6-818e-0d76cab379f2 epoch=9 owner=b3d9c015-4141-4629-b7e3-ffa343cb1b17 reward=90d3f351314614d5
[17:54:20] [Server thread/INFO] [io.gi.su.ad.AdvancedRocketryCommunity/]: ARCE_MISSION_DELIVERY event=CLAIM mission=07b13e31-da51-4f7b-9fc7-f8bc0a0411ad terminal=ea96b8c9-3ca2-43e6-818e-0d76cab379f2 epoch=10 owner=b3d9c015-4141-4629-b7e3-ffa343cb1b17 reward=41061d0a52462593
[17:54:20] [Server thread/INFO] [io.gi.su.ad.AdvancedRocketryCommunity/]: ARCE_MISSION_DELIVERY event=CLAIM mission=342cbcb5-3f6f-49b3-a232-01b3ff36849a terminal=ea96b8c9-3ca2-43e6-818e-0d76cab379f2 epoch=10 owner=b3d9c015-4141-4629-b7e3-ffa343cb1b17 reward=f1ca3cdd71df9d44
[17:54:20] [Server thread/INFO] [io.gi.su.ad.AdvancedRocketryCommunity/]: ARCE_MISSION_DELIVERY event=CLAIM mission=a0d9a2ca-dd16-4f42-89d3-355fc032f9af terminal=ea96b8c9-3ca2-43e6-818e-0d76cab379f2 epoch=10 owner=b3d9c015-4141-4629-b7e3-ffa343cb1b17 reward=3ed396d5608257c1
[17:54:20] [Server thread/INFO] [io.gi.su.ad.AdvancedRocketryCommunity/]: ARCE_MISSION_DELIVERY event=CLAIM mission=378fe763-23e0-4e08-8304-a4a6d8e7488b terminal=ea96b8c9-3ca2-43e6-818e-0d76cab379f2 epoch=10 owner=b3d9c015-4141-4629-b7e3-ffa343cb1b17 reward=1e8da5e1a85f9320
[17:54:20] [Server thread/INFO] [io.gi.su.ad.AdvancedRocketryCommunity/]: ARCE_MISSION_DELIVERY event=CLAIM mission=9c5033ef-8c4b-46a6-8b4a-697406ca53ce terminal=ea96b8c9-3ca2-43e6-818e-0d76cab379f2 epoch=10 owner=b3d9c015-4141-4629-b7e3-ffa343cb1b17 reward=194572bcae492255
[17:54:20] [Server thread/INFO] [io.gi.su.ad.AdvancedRocketryCommunity/]: ARCE_MISSION_DELIVERY event=CLAIM mission=c002b770-1bff-419a-936c-d824278e1c35 terminal=ea96b8c9-3ca2-43e6-818e-0d76cab379f2 epoch=10 owner=b3d9c015-4141-4629-b7e3-ffa343cb1b17 reward=1f7d6a3d1b2f03f2
[17:54:20] [Server thread/INFO] [io.gi.su.ad.AdvancedRocketryCommunity/]: ARCE_MISSION_DELIVERY event=CLAIM mission=d6103e36-8525-4daf-b673-d7400dafc6b2 terminal=ea96b8c9-3ca2-43e6-818e-0d76cab379f2 epoch=10 owner=b3d9c015-4141-4629-b7e3-ffa343cb1b17 reward=ac567d5791e8f67a
[17:54:20] [Server thread/INFO] [io.gi.su.ad.AdvancedRocketryCommunity/]: ARCE_MISSION_DELIVERY event=CLAIM mission=285adb6e-ffd6-4fca-ab0f-b30eb3b1e678 terminal=ea96b8c9-3ca2-43e6-818e-0d76cab379f2 epoch=10 owner=b3d9c015-4141-4629-b7e3-ffa343cb1b17 reward=95555f6bbfe1b81a
[17:54:20] [Server thread/INFO] [io.gi.su.ad.AdvancedRocketryCommunity/]: ARCE_MISSION_DELIVERY event=CLAIM mission=e3796ec1-ac0f-4ffb-a613-574387b5f9e4 terminal=ea96b8c9-3ca2-43e6-818e-0d76cab379f2 epoch=10 owner=b3d9c015-4141-4629-b7e3-ffa343cb1b17 reward=bbac1acc7a39b2ed
[17:54:20] [Server thread/INFO] [io.gi.su.ad.AdvancedRocketryCommunity/]: ARCE_MISSION_DELIVERY event=CLAIM mission=5ed46cb1-a5b9-4208-bc60-4f74a73b38bc terminal=ea96b8c9-3ca2-43e6-818e-0d76cab379f2 epoch=10 owner=b3d9c015-4141-4629-b7e3-ffa343cb1b17 reward=feda25356f7325ea
[17:54:20] [Server thread/INFO] [io.gi.su.ad.AdvancedRocketryCommunity/]: ARCE_MISSION_DELIVERY event=CLAIM mission=9bc91b74-a5ae-4796-a262-0e85f6f922a0 terminal=ea96b8c9-3ca2-43e6-818e-0d76cab379f2 epoch=10 owner=b3d9c015-4141-4629-b7e3-ffa343cb1b17 reward=7e8f425f5220488c
[17:54:20] [Server thread/INFO] [io.gi.su.ad.AdvancedRocketryCommunity/]: ARCE_MISSION_DELIVERY event=CLAIM mission=8c371bdf-56ea-45c5-b9ee-09e9b900cc4f terminal=ea96b8c9-3ca2-43e6-818e-0d76cab379f2 epoch=10 owner=b3d9c015-4141-4629-b7e3-ffa343cb1b17 reward=9548fd5ecfda128b
[17:54:20] [Server thread/INFO] [io.gi.su.ad.AdvancedRocketryCommunity/]: ARCE_MISSION_DELIVERY event=CLAIM mission=9a613112-705c-442a-b614-df9a23f6fbf5 terminal=ea96b8c9-3ca2-43e6-818e-0d76cab379f2 epoch=10 owner=b3d9c015-4141-4629-b7e3-ffa343cb1b17 reward=0a72ad3cb9c33fb9
[17:54:20] [Server thread/INFO] [io.gi.su.ad.AdvancedRocketryCommunity/]: ARCE_MISSION_DELIVERY event=CLAIM mission=8b4ae8f8-7f46-47e4-92b2-77c2afa37d40 terminal=ea96b8c9-3ca2-43e6-818e-0d76cab379f2 epoch=10 owner=b3d9c015-4141-4629-b7e3-ffa343cb1b17 reward=c72597aa72785b85
[17:54:20] [Server thread/INFO] [io.gi.su.ad.AdvancedRocketryCommunity/]: ARCE_MISSION_DELIVERY event=CLAIM mission=9fa474ab-ef8f-4b93-8f08-528afe3aad76 terminal=ea96b8c9-3ca2-43e6-818e-0d76cab379f2 epoch=10 owner=b3d9c015-4141-4629-b7e3-ffa343cb1b17 reward=06c83f26f9ad8367
[17:54:20] [Server thread/INFO] [io.gi.su.ad.AdvancedRocketryCommunity/]: ARCE_MISSION_DELIVERY event=CLAIM mission=fae1fc4c-c855-437e-884f-69cdd1299f14 terminal=ea96b8c9-3ca2-43e6-818e-0d76cab379f2 epoch=10 owner=b3d9c015-4141-4629-b7e3-ffa343cb1b17 reward=bf9964c3d9543d0e
[17:54:20] [Server thread/INFO] [io.gi.su.ad.AdvancedRocketryCommunity/]: ARCE_MISSION_DELIVERY event=CLAIM mission=ee32e279-cf8f-4d75-b0b6-f2cbeab7ebb8 terminal=ea96b8c9-3ca2-43e6-818e-0d76cab379f2 epoch=11 owner=b3d9c015-4141-4629-b7e3-ffa343cb1b17 reward=f6676cd23992b93c
[17:54:20] [Server thread/INFO] [io.gi.su.ad.AdvancedRocketryCommunity/]: ARCE_MISSION_DELIVERY event=CLAIM mission=8efd218a-7c74-4f5b-bef7-41696023e327 terminal=ea96b8c9-3ca2-43e6-818e-0d76cab379f2 epoch=11 owner=b3d9c015-4141-4629-b7e3-ffa343cb1b17 reward=37ea81d0484110d0
[17:54:20] [Server thread/INFO] [io.gi.su.ad.AdvancedRocketryCommunity/]: ARCE_MISSION_DELIVERY event=CLAIM mission=a2eac487-b72e-409e-912f-26cea224758f terminal=ea96b8c9-3ca2-43e6-818e-0d76cab379f2 epoch=11 owner=b3d9c015-4141-4629-b7e3-ffa343cb1b17 reward=981a67011a374c9e
[17:54:20] [Server thread/INFO] [io.gi.su.ad.AdvancedRocketryCommunity/]: ARCE_MISSION_DELIVERY event=CLAIM mission=4e545950-2a6b-403c-9d4c-b000c391bbbc terminal=ea96b8c9-3ca2-43e6-818e-0d76cab379f2 epoch=11 owner=b3d9c015-4141-4629-b7e3-ffa343cb1b17 reward=ee4abe8716b9b447
[17:54:20] [Server thread/INFO] [io.gi.su.ad.AdvancedRocketryCommunity/]: ARCE_MISSION_DELIVERY event=CLAIM mission=831d9174-4014-4bf5-83bd-8d51dd594b29 terminal=ea96b8c9-3ca2-43e6-818e-0d76cab379f2 epoch=11 owner=b3d9c015-4141-4629-b7e3-ffa343cb1b17 reward=eb444c407f6dc441
[17:54:20] [Server thread/INFO] [io.gi.su.ad.AdvancedRocketryCommunity/]: ARCE_MISSION_DELIVERY event=CLAIM mission=924b9f4b-4847-425d-a3c1-0d062477cf1f terminal=ea96b8c9-3ca2-43e6-818e-0d76cab379f2 epoch=11 owner=b3d9c015-4141-4629-b7e3-ffa343cb1b17 reward=b2c0c6965c96aac5
[17:54:20] [Server thread/INFO] [io.gi.su.ad.AdvancedRocketryCommunity/]: ARCE_MISSION_DELIVERY event=CLAIM mission=820700b0-7e64-4641-a61b-8fa7e86dc328 terminal=ea96b8c9-3ca2-43e6-818e-0d76cab379f2 epoch=11 owner=b3d9c015-4141-4629-b7e3-ffa343cb1b17 reward=06fb4bc8771743cb
[17:54:20] [Server thread/INFO] [io.gi.su.ad.AdvancedRocketryCommunity/]: ARCE_MISSION_DELIVERY event=CLAIM mission=2b0f18da-ac4a-4e79-b570-41b210ff9bd0 terminal=ea96b8c9-3ca2-43e6-818e-0d76cab379f2 epoch=11 owner=b3d9c015-4141-4629-b7e3-ffa343cb1b17 reward=e9ffb797c0b2fa89
[17:54:20] [Server thread/INFO] [io.gi.su.ad.AdvancedRocketryCommunity/]: ARCE_MISSION_DELIVERY event=CLAIM mission=6127debc-b318-4c83-8562-39a82dde517a terminal=ea96b8c9-3ca2-43e6-818e-0d76cab379f2 epoch=11 owner=b3d9c015-4141-4629-b7e3-ffa343cb1b17 reward=a6943e625fc07482
[17:54:20] [Server thread/INFO] [io.gi.su.ad.AdvancedRocketryCommunity/]: ARCE_MISSION_DELIVERY event=CLAIM mission=db76f75f-ff3f-4952-b3b7-24d8bb7b52fb terminal=ea96b8c9-3ca2-43e6-818e-0d76cab379f2 epoch=11 owner=b3d9c015-4141-4629-b7e3-ffa343cb1b17 reward=e1d8f0526004ad6b
[17:54:20] [Server thread/INFO] [io.gi.su.ad.AdvancedRocketryCommunity/]: ARCE_MISSION_DELIVERY event=CLAIM mission=fa46e512-7def-4117-b730-efe7b3a7c720 terminal=ea96b8c9-3ca2-43e6-818e-0d76cab379f2 epoch=11 owner=b3d9c015-4141-4629-b7e3-ffa343cb1b17 reward=a47c55c099743bbf
[17:54:20] [Server thread/INFO] [io.gi.su.ad.AdvancedRocketryCommunity/]: ARCE_MISSION_DELIVERY event=CLAIM mission=a40c7fee-6628-4e6e-bde5-8461e3e2e20f terminal=ea96b8c9-3ca2-43e6-818e-0d76cab379f2 epoch=11 owner=b3d9c015-4141-4629-b7e3-ffa343cb1b17 reward=f51bd5e7229dd60d
[17:54:20] [Server thread/INFO] [io.gi.su.ad.AdvancedRocketryCommunity/]: ARCE_MISSION_DELIVERY event=CLAIM mission=a6174a0f-7a42-44b4-b407-6cba29084dc9 terminal=ea96b8c9-3ca2-43e6-818e-0d76cab379f2 epoch=11 owner=b3d9c015-4141-4629-b7e3-ffa343cb1b17 reward=24047af725df3e75
[17:54:20] [Server thread/INFO] [io.gi.su.ad.AdvancedRocketryCommunity/]: ARCE_MISSION_DELIVERY event=CLAIM mission=ea85575b-c30e-4925-b68d-1332d9dd57ac terminal=ea96b8c9-3ca2-43e6-818e-0d76cab379f2 epoch=11 owner=b3d9c015-4141-4629-b7e3-ffa343cb1b17 reward=cd1b43043201c4d3
[17:54:20] [Server thread/INFO] [io.gi.su.ad.AdvancedRocketryCommunity/]: ARCE_MISSION_DELIVERY event=CLAIM mission=22dc714b-ef0f-4ee4-8f9b-e2a317806487 terminal=ea96b8c9-3ca2-43e6-818e-0d76cab379f2 epoch=11 owner=b3d9c015-4141-4629-b7e3-ffa343cb1b17 reward=e8448482dc109e81
[17:54:20] [Server thread/INFO] [io.gi.su.ad.AdvancedRocketryCommunity/]: ARCE_MISSION_DELIVERY event=CLAIM mission=3633b2fb-52f5-495a-a5a3-c2551811be1c terminal=ea96b8c9-3ca2-43e6-818e-0d76cab379f2 epoch=11 owner=b3d9c015-4141-4629-b7e3-ffa343cb1b17 reward=1802fc16748e174c
[17:54:20] [Server thread/INFO] [io.gi.su.ad.AdvancedRocketryCommunity/]: ARCE_MISSION_DELIVERY event=CLAIM mission=4456213c-2a82-4e53-94e9-e9a31494abaa terminal=ea96b8c9-3ca2-43e6-818e-0d76cab379f2 epoch=12 owner=b3d9c015-4141-4629-b7e3-ffa343cb1b17 reward=457f4a6b45976380
[17:54:20] [Server thread/INFO] [io.gi.su.ad.AdvancedRocketryCommunity/]: ARCE_MISSION_DELIVERY event=CLAIM mission=14d12d7c-ea0b-46e3-b627-218c224767ce terminal=ea96b8c9-3ca2-43e6-818e-0d76cab379f2 epoch=12 owner=b3d9c015-4141-4629-b7e3-ffa343cb1b17 reward=e54a66f33bea7f4b
[17:54:20] [Server thread/INFO] [io.gi.su.ad.AdvancedRocketryCommunity/]: ARCE_MISSION_DELIVERY event=CLAIM mission=aec9055e-01be-4429-b6e4-41436cd3fd22 terminal=ea96b8c9-3ca2-43e6-818e-0d76cab379f2 epoch=12 owner=b3d9c015-4141-4629-b7e3-ffa343cb1b17 reward=1cb246dc0b3f692a
[17:54:20] [Server thread/INFO] [io.gi.su.ad.AdvancedRocketryCommunity/]: ARCE_MISSION_DELIVERY event=CLAIM mission=6d63cf52-950e-4c8c-bf3a-213cf9fabd53 terminal=ea96b8c9-3ca2-43e6-818e-0d76cab379f2 epoch=12 owner=b3d9c015-4141-4629-b7e3-ffa343cb1b17 reward=9fefa0b516b44f55
[17:54:20] [Server thread/INFO] [io.gi.su.ad.AdvancedRocketryCommunity/]: ARCE_MISSION_DELIVERY event=CLAIM mission=9766aad2-7eff-4a22-97cf-8f64258b08a2 terminal=ea96b8c9-3ca2-43e6-818e-0d76cab379f2 epoch=12 owner=b3d9c015-4141-4629-b7e3-ffa343cb1b17 reward=2207bd0aa3ade84e
[17:54:20] [Server thread/INFO] [io.gi.su.ad.AdvancedRocketryCommunity/]: ARCE_MISSION_DELIVERY event=CLAIM mission=dd7dd33f-f875-4da3-b6b5-3146526fd4f3 terminal=ea96b8c9-3ca2-43e6-818e-0d76cab379f2 epoch=12 owner=b3d9c015-4141-4629-b7e3-ffa343cb1b17 reward=338e87af3482da4d
[17:54:20] [Server thread/INFO] [io.gi.su.ad.AdvancedRocketryCommunity/]: ARCE_MISSION_DELIVERY event=CLAIM mission=cd2a9992-450e-4ae6-a05f-68199f20ce7d terminal=ea96b8c9-3ca2-43e6-818e-0d76cab379f2 epoch=12 owner=b3d9c015-4141-4629-b7e3-ffa343cb1b17 reward=fb0f2730078ebc59
[17:54:20] [Server thread/INFO] [io.gi.su.ad.AdvancedRocketryCommunity/]: ARCE_MISSION_DELIVERY event=CLAIM mission=9b91bc63-b82c-4f48-9c3a-51c9c542dc58 terminal=ea96b8c9-3ca2-43e6-818e-0d76cab379f2 epoch=12 owner=b3d9c015-4141-4629-b7e3-ffa343cb1b17 reward=ef18aef41f9badfc
[17:54:20] [Server thread/INFO] [io.gi.su.ad.AdvancedRocketryCommunity/]: ARCE_MISSION_DELIVERY event=CLAIM mission=d63fca3a-bca2-4a9f-8432-5d2f5e5721b4 terminal=ea96b8c9-3ca2-43e6-818e-0d76cab379f2 epoch=12 owner=b3d9c015-4141-4629-b7e3-ffa343cb1b17 reward=52f6da77e61f2804
[17:54:20] [Server thread/INFO] [io.gi.su.ad.AdvancedRocketryCommunity/]: ARCE_MISSION_DELIVERY event=CLAIM mission=a220d5c5-dcd2-4f95-b5ce-8d012bfddebe terminal=ea96b8c9-3ca2-43e6-818e-0d76cab379f2 epoch=12 owner=b3d9c015-4141-4629-b7e3-ffa343cb1b17 reward=fa7d4e24d24393c1
[17:54:20] [Server thread/INFO] [io.gi.su.ad.AdvancedRocketryCommunity/]: ARCE_MISSION_DELIVERY event=CLAIM mission=181e72e3-843b-4b22-90ad-9ca28e42835a terminal=ea96b8c9-3ca2-43e6-818e-0d76cab379f2 epoch=12 owner=b3d9c015-4141-4629-b7e3-ffa343cb1b17 reward=953271f4dcff0e5c
[17:54:20] [Server thread/INFO] [io.gi.su.ad.AdvancedRocketryCommunity/]: ARCE_MISSION_DELIVERY event=CLAIM mission=fe93805f-ec3c-4533-926a-3c1a66333020 terminal=ea96b8c9-3ca2-43e6-818e-0d76cab379f2 epoch=12 owner=b3d9c015-4141-4629-b7e3-ffa343cb1b17 reward=23b9a4175ca42b61
[17:54:20] [Server thread/INFO] [io.gi.su.ad.AdvancedRocketryCommunity/]: ARCE_MISSION_DELIVERY event=CLAIM mission=716c76a6-ef3d-4a6d-a3e2-073a59a992e5 terminal=ea96b8c9-3ca2-43e6-818e-0d76cab379f2 epoch=12 owner=b3d9c015-4141-4629-b7e3-ffa343cb1b17 reward=1bc7199247f658b9
[17:54:20] [Server thread/INFO] [io.gi.su.ad.AdvancedRocketryCommunity/]: ARCE_MISSION_DELIVERY event=CLAIM mission=2cadbdd1-2cd3-4f6e-b372-059c5e13a367 terminal=ea96b8c9-3ca2-43e6-818e-0d76cab379f2 epoch=12 owner=b3d9c015-4141-4629-b7e3-ffa343cb1b17 reward=fbec874ded4de683
[17:54:20] [Server thread/INFO] [io.gi.su.ad.AdvancedRocketryCommunity/]: ARCE_MISSION_DELIVERY event=CLAIM mission=a52bfb94-708f-4701-b507-b2a1ba1971d5 terminal=ea96b8c9-3ca2-43e6-818e-0d76cab379f2 epoch=12 owner=b3d9c015-4141-4629-b7e3-ffa343cb1b17 reward=48fced5c24f14877
[17:54:20] [Server thread/INFO] [io.gi.su.ad.AdvancedRocketryCommunity/]: ARCE_MISSION_DELIVERY event=CLAIM mission=2c6ffb8d-1750-490b-9d6a-019dc9b1cd45 terminal=ea96b8c9-3ca2-43e6-818e-0d76cab379f2 epoch=12 owner=b3d9c015-4141-4629-b7e3-ffa343cb1b17 reward=3ee563fb97006a9e
[17:54:20] [Server thread/INFO] [io.gi.su.ad.AdvancedRocketryCommunity/]: ARCE_MISSION_DELIVERY event=CLAIM mission=c404241f-94ef-4078-93ab-572594e58536 terminal=ea96b8c9-3ca2-43e6-818e-0d76cab379f2 epoch=13 owner=b3d9c015-4141-4629-b7e3-ffa343cb1b17 reward=5328eee2bd6475a4
[17:54:20] [Server thread/INFO] [io.gi.su.ad.AdvancedRocketryCommunity/]: ARCE_MISSION_DELIVERY event=CLAIM mission=96aed652-9f22-4190-b737-d4fe8035e2ed terminal=ea96b8c9-3ca2-43e6-818e-0d76cab379f2 epoch=13 owner=b3d9c015-4141-4629-b7e3-ffa343cb1b17 reward=14db992bc77d5e80
[17:54:20] [Server thread/INFO] [io.gi.su.ad.AdvancedRocketryCommunity/]: ARCE_MISSION_DELIVERY event=CLAIM mission=4ae0c0b1-3256-4a47-a6ff-88b97b7e6572 terminal=ea96b8c9-3ca2-43e6-818e-0d76cab379f2 epoch=13 owner=b3d9c015-4141-4629-b7e3-ffa343cb1b17 reward=783fa9748d2fd824
[17:54:20] [Server thread/INFO] [io.gi.su.ad.AdvancedRocketryCommunity/]: ARCE_MISSION_DELIVERY event=CLAIM mission=7b84c1a9-21c4-4dd2-a61f-5e2a03ebb35f terminal=ea96b8c9-3ca2-43e6-818e-0d76cab379f2 epoch=13 owner=b3d9c015-4141-4629-b7e3-ffa343cb1b17 reward=d988ccc2922bbdcf
[17:54:20] [Server thread/INFO] [io.gi.su.ad.AdvancedRocketryCommunity/]: ARCE_MISSION_DELIVERY event=CLAIM mission=fa2b916d-884c-4280-be23-a665fc6cbc30 terminal=ea96b8c9-3ca2-43e6-818e-0d76cab379f2 epoch=13 owner=b3d9c015-4141-4629-b7e3-ffa343cb1b17 reward=cdd59481c83d8c4a
[17:54:20] [Server thread/INFO] [io.gi.su.ad.AdvancedRocketryCommunity/]: ARCE_MISSION_DELIVERY event=CLAIM mission=f925c4a7-44e6-4365-a553-1d0e177c8071 terminal=ea96b8c9-3ca2-43e6-818e-0d76cab379f2 epoch=13 owner=b3d9c015-4141-4629-b7e3-ffa343cb1b17 reward=ac42798ede2b2a61
[17:54:20] [Server thread/INFO] [io.gi.su.ad.AdvancedRocketryCommunity/]: ARCE_MISSION_DELIVERY event=CLAIM mission=16895eef-2588-416d-b7d7-0e59fdbfa449 terminal=ea96b8c9-3ca2-43e6-818e-0d76cab379f2 epoch=13 owner=b3d9c015-4141-4629-b7e3-ffa343cb1b17 reward=08d3984fd9ec58b5
[17:54:20] [Server thread/INFO] [io.gi.su.ad.AdvancedRocketryCommunity/]: ARCE_MISSION_DELIVERY event=CLAIM mission=525cf708-f89a-4558-8d9b-724b252e9160 terminal=ea96b8c9-3ca2-43e6-818e-0d76cab379f2 epoch=13 owner=b3d9c015-4141-4629-b7e3-ffa343cb1b17 reward=b9272c35778812dd
[17:54:20] [Server thread/INFO] [io.gi.su.ad.AdvancedRocketryCommunity/]: ARCE_MISSION_DELIVERY event=CLAIM mission=7b6071db-514e-4d0b-a63f-383991601be7 terminal=ea96b8c9-3ca2-43e6-818e-0d76cab379f2 epoch=13 owner=b3d9c015-4141-4629-b7e3-ffa343cb1b17 reward=1cb0d3cc0e02e0b7
[17:54:20] [Server thread/INFO] [io.gi.su.ad.AdvancedRocketryCommunity/]: ARCE_MISSION_DELIVERY event=CLAIM mission=f479dab1-847d-4c0b-a4da-cf723b04243a terminal=ea96b8c9-3ca2-43e6-818e-0d76cab379f2 epoch=13 owner=b3d9c015-4141-4629-b7e3-ffa343cb1b17 reward=312fe6db33cf71bb
[17:54:20] [Server thread/INFO] [io.gi.su.ad.AdvancedRocketryCommunity/]: ARCE_MISSION_DELIVERY event=CLAIM mission=03f3de7e-8e0f-4710-9670-40a02da13136 terminal=ea96b8c9-3ca2-43e6-818e-0d76cab379f2 epoch=13 owner=b3d9c015-4141-4629-b7e3-ffa343cb1b17 reward=9d089b762228952b
[17:54:20] [Server thread/INFO] [io.gi.su.ad.AdvancedRocketryCommunity/]: ARCE_MISSION_DELIVERY event=CLAIM mission=640eda21-aefb-4acf-869e-f870543ba32a terminal=ea96b8c9-3ca2-43e6-818e-0d76cab379f2 epoch=13 owner=b3d9c015-4141-4629-b7e3-ffa343cb1b17 reward=62e5e5fa8ee83874
[17:54:20] [Server thread/INFO] [io.gi.su.ad.AdvancedRocketryCommunity/]: ARCE_MISSION_DELIVERY event=CLAIM mission=97e97a38-1d8c-49ee-8575-62933da94e47 terminal=ea96b8c9-3ca2-43e6-818e-0d76cab379f2 epoch=13 owner=b3d9c015-4141-4629-b7e3-ffa343cb1b17 reward=bea31a9708591d02
[17:54:20] [Server thread/INFO] [io.gi.su.ad.AdvancedRocketryCommunity/]: ARCE_MISSION_DELIVERY event=CLAIM mission=65352994-14ff-450c-9d6e-617bc3fbd116 terminal=ea96b8c9-3ca2-43e6-818e-0d76cab379f2 epoch=13 owner=b3d9c015-4141-4629-b7e3-ffa343cb1b17 reward=4c8ebe4f54824a24
[17:54:20] [Server thread/INFO] [io.gi.su.ad.AdvancedRocketryCommunity/]: ARCE_MISSION_DELIVERY event=CLAIM mission=86906f84-b910-4193-9556-26af8b2d3a0a terminal=ea96b8c9-3ca2-43e6-818e-0d76cab379f2 epoch=13 owner=b3d9c015-4141-4629-b7e3-ffa343cb1b17 reward=4b4e232f31421080
[17:54:20] [Server thread/INFO] [io.gi.su.ad.AdvancedRocketryCommunity/]: ARCE_MISSION_DELIVERY event=CLAIM mission=0f39b6a7-2630-442e-b7bd-c92588b01a31 terminal=ea96b8c9-3ca2-43e6-818e-0d76cab379f2 epoch=13 owner=b3d9c015-4141-4629-b7e3-ffa343cb1b17 reward=118edf45e412a51e
[17:54:20] [Server thread/INFO] [io.gi.su.ad.AdvancedRocketryCommunity/]: ARCE_MISSION_DELIVERY event=CLAIM mission=e97a31b5-906e-47b3-9b83-d354ce5d1d2d terminal=ea96b8c9-3ca2-43e6-818e-0d76cab379f2 epoch=14 owner=b3d9c015-4141-4629-b7e3-ffa343cb1b17 reward=190b0b8874552ffc
[17:54:20] [Server thread/INFO] [io.gi.su.ad.AdvancedRocketryCommunity/]: ARCE_MISSION_DELIVERY event=CLAIM mission=dc4819c2-a0be-4e6e-a50c-cdff83ea0036 terminal=ea96b8c9-3ca2-43e6-818e-0d76cab379f2 epoch=14 owner=b3d9c015-4141-4629-b7e3-ffa343cb1b17 reward=e7904a403c449582
[17:54:20] [Server thread/INFO] [io.gi.su.ad.AdvancedRocketryCommunity/]: ARCE_MISSION_DELIVERY event=CLAIM mission=b6628ca5-61aa-4d40-a9b3-2b97d73b4e78 terminal=ea96b8c9-3ca2-43e6-818e-0d76cab379f2 epoch=14 owner=b3d9c015-4141-4629-b7e3-ffa343cb1b17 reward=cfd1de5667413590
[17:54:20] [Server thread/INFO] [io.gi.su.ad.AdvancedRocketryCommunity/]: ARCE_MISSION_DELIVERY event=CLAIM mission=e1d7d238-856a-47ff-ae2c-74da2ac19a86 terminal=ea96b8c9-3ca2-43e6-818e-0d76cab379f2 epoch=14 owner=b3d9c015-4141-4629-b7e3-ffa343cb1b17 reward=c5f522a280957a79
[17:54:20] [Server thread/INFO] [io.gi.su.ad.AdvancedRocketryCommunity/]: ARCE_MISSION_DELIVERY event=CLAIM mission=4fdea261-7bf0-4fcf-b0a8-e899e84ca791 terminal=ea96b8c9-3ca2-43e6-818e-0d76cab379f2 epoch=14 owner=b3d9c015-4141-4629-b7e3-ffa343cb1b17 reward=770533aa8ead121c
[17:54:20] [Server thread/INFO] [io.gi.su.ad.AdvancedRocketryCommunity/]: ARCE_MISSION_DELIVERY event=CLAIM mission=321d9186-7904-4b7d-9d21-3b8f99e72bd4 terminal=ea96b8c9-3ca2-43e6-818e-0d76cab379f2 epoch=14 owner=b3d9c015-4141-4629-b7e3-ffa343cb1b17 reward=dc8fd883149f9877
[17:54:20] [Server thread/INFO] [io.gi.su.ad.AdvancedRocketryCommunity/]: ARCE_MISSION_DELIVERY event=CLAIM mission=605d1536-b79c-4256-bf0f-6aa07d1e5691 terminal=ea96b8c9-3ca2-43e6-818e-0d76cab379f2 epoch=14 owner=b3d9c015-4141-4629-b7e3-ffa343cb1b17 reward=c77702c22c67d838
[17:54:20] [Server thread/INFO] [io.gi.su.ad.AdvancedRocketryCommunity/]: ARCE_MISSION_DELIVERY event=CLAIM mission=4ca253b7-0d99-48b0-891b-99e2dc31aca7 terminal=ea96b8c9-3ca2-43e6-818e-0d76cab379f2 epoch=14 owner=b3d9c015-4141-4629-b7e3-ffa343cb1b17 reward=a89b592b6936c96f
[17:54:20] [Server thread/INFO] [io.gi.su.ad.AdvancedRocketryCommunity/]: ARCE_MISSION_DELIVERY event=CLAIM mission=3fffd1b7-2bc3-42d6-bd38-22777e9cd551 terminal=ea96b8c9-3ca2-43e6-818e-0d76cab379f2 epoch=14 owner=b3d9c015-4141-4629-b7e3-ffa343cb1b17 reward=28a4fb31ffd26d6c
[17:54:20] [Server thread/INFO] [io.gi.su.ad.AdvancedRocketryCommunity/]: ARCE_MISSION_DELIVERY event=CLAIM mission=5378742e-59ab-42ba-90ad-465dcf3e5a9a terminal=ea96b8c9-3ca2-43e6-818e-0d76cab379f2 epoch=14 owner=b3d9c015-4141-4629-b7e3-ffa343cb1b17 reward=251301b6a3e88da6
[17:54:20] [Server thread/INFO] [io.gi.su.ad.AdvancedRocketryCommunity/]: ARCE_MISSION_DELIVERY event=CLAIM mission=baf7d235-c431-4de7-9221-55827e4b9dc5 terminal=ea96b8c9-3ca2-43e6-818e-0d76cab379f2 epoch=14 owner=b3d9c015-4141-4629-b7e3-ffa343cb1b17 reward=56e72a8a7d8fbb87
[17:54:20] [Server thread/INFO] [io.gi.su.ad.AdvancedRocketryCommunity/]: ARCE_MISSION_DELIVERY event=CLAIM mission=9296cb30-eefd-48b8-ba15-dae68235b534 terminal=ea96b8c9-3ca2-43e6-818e-0d76cab379f2 epoch=14 owner=b3d9c015-4141-4629-b7e3-ffa343cb1b17 reward=9baeb90dd924bf02
[17:54:20] [Server thread/INFO] [io.gi.su.ad.AdvancedRocketryCommunity/]: ARCE_MISSION_DELIVERY event=CLAIM mission=ef68267a-47c8-4c0a-997f-cb1d3343efa3 terminal=ea96b8c9-3ca2-43e6-818e-0d76cab379f2 epoch=14 owner=b3d9c015-4141-4629-b7e3-ffa343cb1b17 reward=42b812afdd52fd81
[17:54:20] [Server thread/INFO] [io.gi.su.ad.AdvancedRocketryCommunity/]: ARCE_MISSION_DELIVERY event=CLAIM mission=ed2750e2-3128-47cc-8eb1-1014a000b7a7 terminal=ea96b8c9-3ca2-43e6-818e-0d76cab379f2 epoch=14 owner=b3d9c015-4141-4629-b7e3-ffa343cb1b17 reward=4698cdc513fc7916
[17:54:20] [Server thread/INFO] [io.gi.su.ad.AdvancedRocketryCommunity/]: ARCE_MISSION_DELIVERY event=CLAIM mission=aca09a0d-b900-49ba-a755-ac13b5ec1d06 terminal=ea96b8c9-3ca2-43e6-818e-0d76cab379f2 epoch=14 owner=b3d9c015-4141-4629-b7e3-ffa343cb1b17 reward=15fa07a87889a956
[17:54:20] [Server thread/INFO] [io.gi.su.ad.AdvancedRocketryCommunity/]: ARCE_MISSION_DELIVERY event=CLAIM mission=aa913bc7-0144-46c0-aeb2-3f51338c5368 terminal=ea96b8c9-3ca2-43e6-818e-0d76cab379f2 epoch=14 owner=b3d9c015-4141-4629-b7e3-ffa343cb1b17 reward=888996907434d38b
[17:54:20] [Server thread/INFO] [io.gi.su.ad.AdvancedRocketryCommunity/]: ARCE_MISSION_DELIVERY event=CLAIM mission=4f328a47-b10a-4b36-a43d-89f88a006ae7 terminal=ea96b8c9-3ca2-43e6-818e-0d76cab379f2 epoch=15 owner=b3d9c015-4141-4629-b7e3-ffa343cb1b17 reward=e33ebec849271a95
[17:54:20] [Server thread/INFO] [io.gi.su.ad.AdvancedRocketryCommunity/]: ARCE_MISSION_DELIVERY event=CLAIM mission=66e5af4f-674d-49b7-ad5e-8be979c2783c terminal=ea96b8c9-3ca2-43e6-818e-0d76cab379f2 epoch=15 owner=b3d9c015-4141-4629-b7e3-ffa343cb1b17 reward=6929fb6d29c24e9a
[17:54:20] [Server thread/INFO] [io.gi.su.ad.AdvancedRocketryCommunity/]: ARCE_MISSION_DELIVERY event=CLAIM mission=15875be7-3562-443b-a264-9bfa62bd184a terminal=ea96b8c9-3ca2-43e6-818e-0d76cab379f2 epoch=15 owner=b3d9c015-4141-4629-b7e3-ffa343cb1b17 reward=cdd58abe5160a191
[17:54:20] [Server thread/INFO] [io.gi.su.ad.AdvancedRocketryCommunity/]: ARCE_MISSION_DELIVERY event=CLAIM mission=eed8790e-038b-4035-9c8e-78742ae17bfe terminal=ea96b8c9-3ca2-43e6-818e-0d76cab379f2 epoch=15 owner=b3d9c015-4141-4629-b7e3-ffa343cb1b17 reward=b66f4f31f93cd170
[17:54:20] [Server thread/INFO] [io.gi.su.ad.AdvancedRocketryCommunity/]: ARCE_MISSION_DELIVERY event=CLAIM mission=2264757c-4d42-462c-9ccd-e0f25daeec5f terminal=ea96b8c9-3ca2-43e6-818e-0d76cab379f2 epoch=15 owner=b3d9c015-4141-4629-b7e3-ffa343cb1b17 reward=cb63ec9241d982c3
[17:54:20] [Server thread/INFO] [io.gi.su.ad.AdvancedRocketryCommunity/]: ARCE_MISSION_DELIVERY event=CLAIM mission=e1bd7751-6036-46fb-b055-0f140b7fabd4 terminal=ea96b8c9-3ca2-43e6-818e-0d76cab379f2 epoch=15 owner=b3d9c015-4141-4629-b7e3-ffa343cb1b17 reward=e64ef9d784b0688f
[17:54:20] [Server thread/INFO] [io.gi.su.ad.AdvancedRocketryCommunity/]: ARCE_MISSION_DELIVERY event=CLAIM mission=db3c7d16-b95f-407b-aa91-507f2139508d terminal=ea96b8c9-3ca2-43e6-818e-0d76cab379f2 epoch=15 owner=b3d9c015-4141-4629-b7e3-ffa343cb1b17 reward=f9ebb02426dcbdd1
[17:54:20] [Server thread/INFO] [io.gi.su.ad.AdvancedRocketryCommunity/]: ARCE_MISSION_DELIVERY event=CLAIM mission=e9951f8c-86e6-4789-973c-30f7002ca052 terminal=ea96b8c9-3ca2-43e6-818e-0d76cab379f2 epoch=15 owner=b3d9c015-4141-4629-b7e3-ffa343cb1b17 reward=d916f28a894ebc0c
[17:54:20] [Server thread/INFO] [io.gi.su.ad.AdvancedRocketryCommunity/]: ARCE_MISSION_DELIVERY event=CLAIM mission=68469a4c-b340-4a20-86a9-518313e99a3a terminal=ea96b8c9-3ca2-43e6-818e-0d76cab379f2 epoch=15 owner=b3d9c015-4141-4629-b7e3-ffa343cb1b17 reward=744f2b30659bfe2f
[17:54:20] [Server thread/INFO] [io.gi.su.ad.AdvancedRocketryCommunity/]: ARCE_MISSION_DELIVERY event=CLAIM mission=16f47bf1-4115-4953-80da-4e00e72c8ea9 terminal=ea96b8c9-3ca2-43e6-818e-0d76cab379f2 epoch=15 owner=b3d9c015-4141-4629-b7e3-ffa343cb1b17 reward=b9faf2cc9e1f8527
[17:54:20] [Server thread/INFO] [io.gi.su.ad.AdvancedRocketryCommunity/]: ARCE_MISSION_DELIVERY event=CLAIM mission=4fb8d2c8-3bbd-4bd0-888e-65518d069d22 terminal=ea96b8c9-3ca2-43e6-818e-0d76cab379f2 epoch=15 owner=b3d9c015-4141-4629-b7e3-ffa343cb1b17 reward=b0bef2767ab9bcc0
[17:54:20] [Server thread/INFO] [io.gi.su.ad.AdvancedRocketryCommunity/]: ARCE_MISSION_DELIVERY event=CLAIM mission=d8a386ba-6779-49cc-8601-7275470af5a1 terminal=ea96b8c9-3ca2-43e6-818e-0d76cab379f2 epoch=15 owner=b3d9c015-4141-4629-b7e3-ffa343cb1b17 reward=26e1e74b745fafee
[17:54:20] [Server thread/INFO] [io.gi.su.ad.AdvancedRocketryCommunity/]: ARCE_MISSION_DELIVERY event=CLAIM mission=7432705a-ee0b-4090-8ac5-9627118d3f78 terminal=ea96b8c9-3ca2-43e6-818e-0d76cab379f2 epoch=15 owner=b3d9c015-4141-4629-b7e3-ffa343cb1b17 reward=78491ebdf09d2596
[17:54:20] [Server thread/INFO] [io.gi.su.ad.AdvancedRocketryCommunity/]: ARCE_MISSION_DELIVERY event=CLAIM mission=a2696a76-9faf-4150-bdfe-635202b0718d terminal=ea96b8c9-3ca2-43e6-818e-0d76cab379f2 epoch=15 owner=b3d9c015-4141-4629-b7e3-ffa343cb1b17 reward=d8a9008f5e285812
[17:54:20] [Server thread/INFO] [io.gi.su.ad.AdvancedRocketryCommunity/]: ARCE_MISSION_DELIVERY event=CLAIM mission=c88942f0-9878-4ca7-90c3-a05b7a85f7bb terminal=ea96b8c9-3ca2-43e6-818e-0d76cab379f2 epoch=15 owner=b3d9c015-4141-4629-b7e3-ffa343cb1b17 reward=1b5ee7c82b1c676e
[17:54:20] [Server thread/INFO] [io.gi.su.ad.AdvancedRocketryCommunity/]: ARCE_MISSION_DELIVERY event=CLAIM mission=19d2ac97-0965-4dd1-bbba-9388239b94f2 terminal=ea96b8c9-3ca2-43e6-818e-0d76cab379f2 epoch=15 owner=b3d9c015-4141-4629-b7e3-ffa343cb1b17 reward=9a662c2f4b1d045b
[17:54:20] [Server thread/INFO] [io.gi.su.ad.AdvancedRocketryCommunity/]: ARCE_MISSION_DELIVERY event=CLAIM mission=de279fe5-8913-489d-8f62-f3d73c6cfdcc terminal=ea96b8c9-3ca2-43e6-818e-0d76cab379f2 epoch=16 owner=b3d9c015-4141-4629-b7e3-ffa343cb1b17 reward=f1a486fd4d9aca84
[17:54:20] [Server thread/INFO] [io.gi.su.ad.AdvancedRocketryCommunity/]: ARCE_MISSION_DELIVERY event=CLAIM mission=ede98ff0-fd87-4e0b-aca3-fa0ce9d4c99d terminal=ea96b8c9-3ca2-43e6-818e-0d76cab379f2 epoch=16 owner=b3d9c015-4141-4629-b7e3-ffa343cb1b17 reward=bb62d7cdfae400b1
[17:54:20] [Server thread/INFO] [io.gi.su.ad.AdvancedRocketryCommunity/]: ARCE_MISSION_DELIVERY event=CLAIM mission=0cbc4c67-d0c9-4af9-8480-fa72f7989100 terminal=ea96b8c9-3ca2-43e6-818e-0d76cab379f2 epoch=16 owner=b3d9c015-4141-4629-b7e3-ffa343cb1b17 reward=276750309ff73176
[17:54:20] [Server thread/INFO] [io.gi.su.ad.AdvancedRocketryCommunity/]: ARCE_MISSION_DELIVERY event=CLAIM mission=5e408d0b-b989-4cb9-8956-34eb92fe88d2 terminal=ea96b8c9-3ca2-43e6-818e-0d76cab379f2 epoch=16 owner=b3d9c015-4141-4629-b7e3-ffa343cb1b17 reward=b07652fbee414428
[17:54:20] [Server thread/INFO] [io.gi.su.ad.AdvancedRocketryCommunity/]: ARCE_MISSION_DELIVERY event=CLAIM mission=4e579e02-f0b0-4b8e-a96c-cd68a3d2be81 terminal=ea96b8c9-3ca2-43e6-818e-0d76cab379f2 epoch=16 owner=b3d9c015-4141-4629-b7e3-ffa343cb1b17 reward=9bc66797b95c68a5
[17:54:20] [Server thread/INFO] [io.gi.su.ad.AdvancedRocketryCommunity/]: ARCE_MISSION_DELIVERY event=CLAIM mission=90b10613-4eb5-4c23-b212-644567bb35a2 terminal=ea96b8c9-3ca2-43e6-818e-0d76cab379f2 epoch=16 owner=b3d9c015-4141-4629-b7e3-ffa343cb1b17 reward=1bbb48a50ecb36b3
[17:54:20] [Server thread/INFO] [io.gi.su.ad.AdvancedRocketryCommunity/]: ARCE_MISSION_DELIVERY event=CLAIM mission=c6c0bd32-3286-4afe-b68b-24b88aeb8cb1 terminal=ea96b8c9-3ca2-43e6-818e-0d76cab379f2 epoch=16 owner=b3d9c015-4141-4629-b7e3-ffa343cb1b17 reward=b648c6c116229130
[17:54:20] [Server thread/INFO] [io.gi.su.ad.AdvancedRocketryCommunity/]: ARCE_MISSION_DELIVERY event=CLAIM mission=58721e3a-786b-4248-97ea-1f29f0244039 terminal=ea96b8c9-3ca2-43e6-818e-0d76cab379f2 epoch=16 owner=b3d9c015-4141-4629-b7e3-ffa343cb1b17 reward=cfbceca6283bd486
[17:54:20] [Server thread/INFO] [io.gi.su.ad.AdvancedRocketryCommunity/]: ARCE_MISSION_DELIVERY event=CLAIM mission=cf7ac673-ff1f-40ab-b8a2-ec2fc7fb5ae0 terminal=ea96b8c9-3ca2-43e6-818e-0d76cab379f2 epoch=16 owner=b3d9c015-4141-4629-b7e3-ffa343cb1b17 reward=fce9586e7ca0efad
[17:54:20] [Server thread/INFO] [io.gi.su.ad.AdvancedRocketryCommunity/]: ARCE_MISSION_DELIVERY event=CLAIM mission=26c1742b-7e15-4edb-be87-4bb93611e318 terminal=ea96b8c9-3ca2-43e6-818e-0d76cab379f2 epoch=16 owner=b3d9c015-4141-4629-b7e3-ffa343cb1b17 reward=97c5c25ac4f7137d
[17:54:20] [Server thread/INFO] [io.gi.su.ad.AdvancedRocketryCommunity/]: ARCE_MISSION_DELIVERY event=CLAIM mission=b4f422dc-635d-4d86-9da7-c89a9736f328 terminal=ea96b8c9-3ca2-43e6-818e-0d76cab379f2 epoch=16 owner=b3d9c015-4141-4629-b7e3-ffa343cb1b17 reward=a479a573d7040f94
[17:54:20] [Server thread/INFO] [io.gi.su.ad.AdvancedRocketryCommunity/]: ARCE_MISSION_DELIVERY event=CLAIM mission=a14c206a-6ba0-4d94-9e69-57dc972c5e58 terminal=ea96b8c9-3ca2-43e6-818e-0d76cab379f2 epoch=16 owner=b3d9c015-4141-4629-b7e3-ffa343cb1b17 reward=5e0cf8a3095e6266
[17:54:20] [Server thread/INFO] [io.gi.su.ad.AdvancedRocketryCommunity/]: ARCE_MISSION_DELIVERY event=CLAIM mission=3bdac226-6304-46c7-aa5c-aa0f73768ef6 terminal=ea96b8c9-3ca2-43e6-818e-0d76cab379f2 epoch=16 owner=b3d9c015-4141-4629-b7e3-ffa343cb1b17 reward=4803abcc09cd62ff
[17:54:20] [Server thread/INFO] [io.gi.su.ad.AdvancedRocketryCommunity/]: ARCE_MISSION_DELIVERY event=CLAIM mission=015c9d57-533d-4d10-8008-2b41cb1863ca terminal=ea96b8c9-3ca2-43e6-818e-0d76cab379f2 epoch=16 owner=b3d9c015-4141-4629-b7e3-ffa343cb1b17 reward=76dbc1d1994b20a4
[17:54:20] [Server thread/INFO] [io.gi.su.ad.AdvancedRocketryCommunity/]: ARCE_MISSION_DELIVERY event=CLAIM mission=c6e30154-79db-4771-a14a-446b753f8be9 terminal=ea96b8c9-3ca2-43e6-818e-0d76cab379f2 epoch=16 owner=b3d9c015-4141-4629-b7e3-ffa343cb1b17 reward=3016f79971137c1a
[17:54:20] [Server thread/INFO] [io.gi.su.ad.AdvancedRocketryCommunity/]: ARCE_MISSION_DELIVERY event=CLAIM mission=1481c6d0-eac0-4f24-9960-050b33a6393c terminal=ea96b8c9-3ca2-43e6-818e-0d76cab379f2 epoch=16 owner=b3d9c015-4141-4629-b7e3-ffa343cb1b17 reward=9dc58b9312ea830a
[17:54:20] [Server thread/INFO] [io.gi.su.ad.AdvancedRocketryCommunity/]: ARCE_MISSION_DELIVERY event=CLAIM mission=69aabea7-d504-4b66-ab73-6b58837769a0 terminal=ea96b8c9-3ca2-43e6-818e-0d76cab379f2 epoch=17 owner=b3d9c015-4141-4629-b7e3-ffa343cb1b17 reward=5d0752a404ad31a9
[17:54:20] [Server thread/INFO] [io.gi.su.ad.AdvancedRocketryCommunity/]: ARCE_MISSION_DELIVERY event=CLAIM mission=b1b72629-d187-4667-b5d3-89aa7f9898a8 terminal=ea96b8c9-3ca2-43e6-818e-0d76cab379f2 epoch=17 owner=b3d9c015-4141-4629-b7e3-ffa343cb1b17 reward=e1a9bcb6f88753c9
[17:54:20] [Server thread/INFO] [io.gi.su.ad.AdvancedRocketryCommunity/]: ARCE_MISSION_DELIVERY event=CLAIM mission=bc26513c-647c-4bef-9d56-ed3646dc317e terminal=ea96b8c9-3ca2-43e6-818e-0d76cab379f2 epoch=17 owner=b3d9c015-4141-4629-b7e3-ffa343cb1b17 reward=48497efccc06b374
[17:54:20] [Server thread/INFO] [io.gi.su.ad.AdvancedRocketryCommunity/]: ARCE_MISSION_DELIVERY event=CLAIM mission=acd2d6aa-2873-47f8-ac93-f55d15a88209 terminal=ea96b8c9-3ca2-43e6-818e-0d76cab379f2 epoch=17 owner=b3d9c015-4141-4629-b7e3-ffa343cb1b17 reward=eeaaf0caeab6e0db
[17:54:20] [Server thread/INFO] [io.gi.su.ad.AdvancedRocketryCommunity/]: ARCE_MISSION_DELIVERY event=CLAIM mission=151736d1-6412-4864-8275-f0c97eaee36c terminal=ea96b8c9-3ca2-43e6-818e-0d76cab379f2 epoch=17 owner=b3d9c015-4141-4629-b7e3-ffa343cb1b17 reward=b0a2328582b589c0
[17:54:20] [Server thread/INFO] [io.gi.su.ad.AdvancedRocketryCommunity/]: ARCE_MISSION_DELIVERY event=CLAIM mission=989d31f9-79c8-4aae-84f9-0ddf34993e13 terminal=ea96b8c9-3ca2-43e6-818e-0d76cab379f2 epoch=17 owner=b3d9c015-4141-4629-b7e3-ffa343cb1b17 reward=c7362da024923357
[17:54:20] [Server thread/INFO] [io.gi.su.ad.AdvancedRocketryCommunity/]: ARCE_MISSION_DELIVERY event=CLAIM mission=de4e5fc0-0c83-42e6-9afb-a6935596eb32 terminal=ea96b8c9-3ca2-43e6-818e-0d76cab379f2 epoch=17 owner=b3d9c015-4141-4629-b7e3-ffa343cb1b17 reward=471ec5843ec860b6
[17:54:20] [Server thread/INFO] [io.gi.su.ad.AdvancedRocketryCommunity/]: ARCE_MISSION_DELIVERY event=CLAIM mission=9462f61b-ad67-4d76-a998-96447d3da9a1 terminal=ea96b8c9-3ca2-43e6-818e-0d76cab379f2 epoch=17 owner=b3d9c015-4141-4629-b7e3-ffa343cb1b17 reward=1413b67357653795
[17:54:20] [Server thread/INFO] [io.gi.su.ad.AdvancedRocketryCommunity/]: ARCE_MISSION_DELIVERY event=CLAIM mission=e4214334-57be-431d-a4eb-36d92383d01c terminal=ea96b8c9-3ca2-43e6-818e-0d76cab379f2 epoch=17 owner=b3d9c015-4141-4629-b7e3-ffa343cb1b17 reward=238ea0171285fbb6
[17:54:20] [Server thread/INFO] [io.gi.su.ad.AdvancedRocketryCommunity/]: ARCE_MISSION_DELIVERY event=CLAIM mission=4e060c9e-79e0-48df-b154-25d6a52adb09 terminal=ea96b8c9-3ca2-43e6-818e-0d76cab379f2 epoch=17 owner=b3d9c015-4141-4629-b7e3-ffa343cb1b17 reward=cbb070a84fb022f2
[17:54:20] [Server thread/INFO] [io.gi.su.ad.AdvancedRocketryCommunity/]: ARCE_MISSION_DELIVERY event=CLAIM mission=74011ad9-1dd9-41e9-bf32-42654d29002c terminal=ea96b8c9-3ca2-43e6-818e-0d76cab379f2 epoch=17 owner=b3d9c015-4141-4629-b7e3-ffa343cb1b17 reward=e5cf980feef2b408
[17:54:20] [Server thread/INFO] [io.gi.su.ad.AdvancedRocketryCommunity/]: ARCE_MISSION_DELIVERY event=CLAIM mission=e2877784-df05-4ce5-a7f7-db11674cbf77 terminal=ea96b8c9-3ca2-43e6-818e-0d76cab379f2 epoch=17 owner=b3d9c015-4141-4629-b7e3-ffa343cb1b17 reward=d93fbebbdf102319
[17:54:20] [Server thread/INFO] [io.gi.su.ad.AdvancedRocketryCommunity/]: ARCE_MISSION_DELIVERY event=CLAIM mission=29900787-f952-4b70-a3f5-c67c9416b4db terminal=ea96b8c9-3ca2-43e6-818e-0d76cab379f2 epoch=17 owner=b3d9c015-4141-4629-b7e3-ffa343cb1b17 reward=122cedf864070f3b
[17:54:20] [Server thread/INFO] [io.gi.su.ad.AdvancedRocketryCommunity/]: ARCE_MISSION_DELIVERY event=CLAIM mission=3398728e-cb5f-4a4d-97e3-bab8ffa6908e terminal=ea96b8c9-3ca2-43e6-818e-0d76cab379f2 epoch=17 owner=b3d9c015-4141-4629-b7e3-ffa343cb1b17 reward=b3585cb60ac917e1
[17:54:20] [Server thread/INFO] [io.gi.su.ad.AdvancedRocketryCommunity/]: ARCE_MISSION_DELIVERY event=CLAIM mission=8e414d4d-ef7e-4c93-bda0-9dbb490f0c37 terminal=ea96b8c9-3ca2-43e6-818e-0d76cab379f2 epoch=17 owner=b3d9c015-4141-4629-b7e3-ffa343cb1b17 reward=b617f87e566377be
[17:54:20] [Server thread/INFO] [io.gi.su.ad.AdvancedRocketryCommunity/]: ARCE_MISSION_DELIVERY event=CLAIM mission=029c6094-451c-4c32-acc5-e0e6056bd69d terminal=ea96b8c9-3ca2-43e6-818e-0d76cab379f2 epoch=17 owner=b3d9c015-4141-4629-b7e3-ffa343cb1b17 reward=170ba24f252923b2
[17:54:20] [Server thread/INFO] [io.gi.su.ad.AdvancedRocketryCommunity/]: ARCE_MISSION_DELIVERY event=CLAIM mission=c157a102-bde4-4ac0-99b9-cafe6e33d0d9 terminal=5bb29ee8-c8bc-45d6-9cb3-046bb9605e92 epoch=19 owner=15712130-ac69-4380-a58a-23cb5ff8b4c7 reward=81becf41b789af80
[17:54:20] [Server thread/INFO] [io.gi.su.ad.AdvancedRocketryCommunity/]: ARCE_MISSION_DELIVERY event=ACKNOWLEDGED mission=c157a102-bde4-4ac0-99b9-cafe6e33d0d9 terminal=5bb29ee8-c8bc-45d6-9cb3-046bb9605e92 epoch=19 owner=15712130-ac69-4380-a58a-23cb5ff8b4c7 reward=81becf41b789af80
[17:54:20] [Server thread/INFO] [io.gi.su.ad.AdvancedRocketryCommunity/]: ARCE_MISSION_DELIVERY event=CLAIM mission=f227dc4d-b019-4526-9b6a-297ba1d21d4e terminal=5bb29ee8-c8bc-45d6-9cb3-046bb9605e92 epoch=19 owner=15712130-ac69-4380-a58a-23cb5ff8b4c7 reward=22143c7ac31863fa
[17:54:20] [Server thread/INFO] [io.gi.su.ad.AdvancedRocketryCommunity/]: ARCE_MISSION_DELIVERY event=CLAIM mission=23d50ef2-41df-43f5-b717-bd753dca97c4 terminal=af292225-f160-442c-b137-0a8583b67656 epoch=20 owner=282f271d-1b52-492d-905d-75e4abce4d5b reward=416f0b7b02cf4c17
[17:54:20] [Server thread/INFO] [io.gi.su.ad.AdvancedRocketryCommunity/]: ARCE_SATELLITE_VERIFY id=cc1a7c16-1b42-420f-9ba5-a6f23eed131b record=mission/survey outcome=MATCH detail=survey-v1 over 4 candidates by=2ed53146-e842-4d02-94a4-c0c3ac6b9b52
[17:54:20] [Server thread/INFO] [io.gi.su.ad.AdvancedRocketryCommunity/]: ARCE_MISSION_DELIVERY event=CLAIM mission=560a3ded-f3bc-491b-87b7-243a740fdfa2 terminal=e0c96433-7467-4668-afc1-39b36f907bac epoch=21 owner=2ed53146-e842-4d02-94a4-c0c3ac6b9b52 reward=aec7e520eab45f04
[17:54:20] [Server thread/INFO] [io.gi.su.ad.AdvancedRocketryCommunity/]: ARCE_MISSION_DELIVERY event=CANCEL mission=94585401-698c-4607-a41f-456e8bdbbbb4 terminal=96dacf13-321b-49ae-870b-978cd1285be1 epoch=22 owner=3aa88eb6-4488-4070-a61c-7e0d246d9009 reward=dcc05c6ac49d0b3d
[17:54:20] [Server thread/INFO] [io.gi.su.ad.AdvancedRocketryCommunity/]: ARCE_MISSION_DELIVERY event=CANCEL mission=90f94d95-c5b0-4cd4-b501-4b62004a1a7b terminal=none epoch=22 owner=3aa88eb6-4488-4070-a61c-7e0d246d9009 reward=dcc05c6ac49d0b3d by=operator
[17:54:20] [Server thread/INFO] [io.gi.su.ad.AdvancedRocketryCommunity/]: ARCE_SATELLITE_ADMIN action=mission_cancel id=90f94d95-c5b0-4cd4-b501-4b62004a1a7b result=SUCCESS by=3aa88eb6-4488-4070-a61c-7e0d246d9009
[17:54:20] [Server thread/INFO] [io.gi.su.ad.AdvancedRocketryCommunity/]: ARCE_SATELLITE_ADMIN action=instance_release id=c15f6493-9650-4d39-b3fb-0a29f480f6c2 result=SUCCESS by=3aa88eb6-4488-4070-a61c-7e0d246d9009
[17:54:21] [Server thread/INFO] [io.gi.su.ad.AdvancedRocketryCommunity/]: ARCE_MISSION_DELIVERY event=ACKNOWLEDGED mission=820700b0-7e64-4641-a61b-8fa7e86dc328 terminal=ea96b8c9-3ca2-43e6-818e-0d76cab379f2 epoch=23 owner=b3d9c015-4141-4629-b7e3-ffa343cb1b17 reward=06fb4bc8771743cb
[17:54:21] [Server thread/INFO] [io.gi.su.ad.AdvancedRocketryCommunity/]: ARCE_MISSION_DELIVERY event=ACKNOWLEDGED mission=822b942d-4d09-4b76-8ac2-2d2264df4e61 terminal=ea96b8c9-3ca2-43e6-818e-0d76cab379f2 epoch=23 owner=b3d9c015-4141-4629-b7e3-ffa343cb1b17 reward=51a930a64b63b713
[17:54:21] [Server thread/INFO] [io.gi.su.ad.AdvancedRocketryCommunity/]: ARCE_MISSION_DELIVERY event=ACKNOWLEDGED mission=831d9174-4014-4bf5-83bd-8d51dd594b29 terminal=ea96b8c9-3ca2-43e6-818e-0d76cab379f2 epoch=23 owner=b3d9c015-4141-4629-b7e3-ffa343cb1b17 reward=eb444c407f6dc441
[17:54:21] [Server thread/INFO] [io.gi.su.ad.AdvancedRocketryCommunity/]: ARCE_MISSION_DELIVERY event=ACKNOWLEDGED mission=8487a4e2-01fb-46fb-bf5f-a834224f3a2c terminal=ea96b8c9-3ca2-43e6-818e-0d76cab379f2 epoch=23 owner=b3d9c015-4141-4629-b7e3-ffa343cb1b17 reward=3ea5c94118f09538
[17:54:21] [Server thread/INFO] [io.gi.su.ad.AdvancedRocketryCommunity/]: ARCE_MISSION_DELIVERY event=ACKNOWLEDGED mission=86906f84-b910-4193-9556-26af8b2d3a0a terminal=ea96b8c9-3ca2-43e6-818e-0d76cab379f2 epoch=23 owner=b3d9c015-4141-4629-b7e3-ffa343cb1b17 reward=4b4e232f31421080
[17:54:21] [Server thread/INFO] [io.gi.su.ad.AdvancedRocketryCommunity/]: ARCE_MISSION_DELIVERY event=ACKNOWLEDGED mission=8905c32f-abad-4967-879e-b5a9ae5c6d05 terminal=ea96b8c9-3ca2-43e6-818e-0d76cab379f2 epoch=23 owner=b3d9c015-4141-4629-b7e3-ffa343cb1b17 reward=5b0004002dd5900b
[17:54:21] [Server thread/INFO] [io.gi.su.ad.AdvancedRocketryCommunity/]: ARCE_MISSION_DELIVERY event=ACKNOWLEDGED mission=8a9721df-9a78-4078-91c0-ce246e8e4b34 terminal=ea96b8c9-3ca2-43e6-818e-0d76cab379f2 epoch=23 owner=b3d9c015-4141-4629-b7e3-ffa343cb1b17 reward=ecac1fd5f85d1438
[17:54:21] [Server thread/INFO] [io.gi.su.ad.AdvancedRocketryCommunity/]: ARCE_MISSION_DELIVERY event=ACKNOWLEDGED mission=8ac06ad5-ffdf-4b65-93f3-b3158e32d572 terminal=ea96b8c9-3ca2-43e6-818e-0d76cab379f2 epoch=23 owner=b3d9c015-4141-4629-b7e3-ffa343cb1b17 reward=c7d37fa8285e7871
[17:54:21] [Server thread/INFO] [io.gi.su.ad.AdvancedRocketryCommunity/]: ARCE_MISSION_DELIVERY event=ACKNOWLEDGED mission=8b280b6a-fd99-4085-9ed9-cd75591422f3 terminal=ea96b8c9-3ca2-43e6-818e-0d76cab379f2 epoch=23 owner=b3d9c015-4141-4629-b7e3-ffa343cb1b17 reward=35059b92b336f99b
[17:54:21] [Server thread/INFO] [io.gi.su.ad.AdvancedRocketryCommunity/]: ARCE_MISSION_DELIVERY event=ACKNOWLEDGED mission=8b4ae8f8-7f46-47e4-92b2-77c2afa37d40 terminal=ea96b8c9-3ca2-43e6-818e-0d76cab379f2 epoch=23 owner=b3d9c015-4141-4629-b7e3-ffa343cb1b17 reward=c72597aa72785b85
[17:54:21] [Server thread/INFO] [io.gi.su.ad.AdvancedRocketryCommunity/]: ARCE_MISSION_DELIVERY event=ACKNOWLEDGED mission=8c371bdf-56ea-45c5-b9ee-09e9b900cc4f terminal=ea96b8c9-3ca2-43e6-818e-0d76cab379f2 epoch=23 owner=b3d9c015-4141-4629-b7e3-ffa343cb1b17 reward=9548fd5ecfda128b
[17:54:21] [Server thread/INFO] [io.gi.su.ad.AdvancedRocketryCommunity/]: ARCE_MISSION_DELIVERY event=ACKNOWLEDGED mission=8e414d4d-ef7e-4c93-bda0-9dbb490f0c37 terminal=ea96b8c9-3ca2-43e6-818e-0d76cab379f2 epoch=23 owner=b3d9c015-4141-4629-b7e3-ffa343cb1b17 reward=b617f87e566377be
[17:54:21] [Server thread/INFO] [io.gi.su.ad.AdvancedRocketryCommunity/]: ARCE_MISSION_DELIVERY event=ACKNOWLEDGED mission=8ec17129-8566-496d-a41d-241fab686da2 terminal=ea96b8c9-3ca2-43e6-818e-0d76cab379f2 epoch=23 owner=b3d9c015-4141-4629-b7e3-ffa343cb1b17 reward=a6943e625fc07482
[17:54:21] [Server thread/INFO] [io.gi.su.ad.AdvancedRocketryCommunity/]: ARCE_MISSION_DELIVERY event=ACKNOWLEDGED mission=8efd218a-7c74-4f5b-bef7-41696023e327 terminal=ea96b8c9-3ca2-43e6-818e-0d76cab379f2 epoch=23 owner=b3d9c015-4141-4629-b7e3-ffa343cb1b17 reward=37ea81d0484110d0
[17:54:21] [Server thread/INFO] [io.gi.su.ad.AdvancedRocketryCommunity/]: ARCE_MISSION_DELIVERY event=ACKNOWLEDGED mission=902a1e1f-1923-454a-b13e-3f54c738d413 terminal=ea96b8c9-3ca2-43e6-818e-0d76cab379f2 epoch=23 owner=b3d9c015-4141-4629-b7e3-ffa343cb1b17 reward=68a9a7ea31fdb956
[17:54:21] [Server thread/INFO] [io.gi.su.ad.AdvancedRocketryCommunity/]: ARCE_MISSION_DELIVERY event=ACKNOWLEDGED mission=903e2bab-18e4-4a56-8b4a-6284e412b971 terminal=ea96b8c9-3ca2-43e6-818e-0d76cab379f2 epoch=23 owner=b3d9c015-4141-4629-b7e3-ffa343cb1b17 reward=fa4d5620e60a8210
[17:54:21] [Server thread/INFO] [io.gi.su.ad.AdvancedRocketryCommunity/]: ARCE_MISSION_DELIVERY event=ACKNOWLEDGED mission=90b10613-4eb5-4c23-b212-644567bb35a2 terminal=ea96b8c9-3ca2-43e6-818e-0d76cab379f2 epoch=23 owner=b3d9c015-4141-4629-b7e3-ffa343cb1b17 reward=1bbb48a50ecb36b3
[17:54:21] [Server thread/INFO] [io.gi.su.ad.AdvancedRocketryCommunity/]: ARCE_MISSION_DELIVERY event=ACKNOWLEDGED mission=924b9f4b-4847-425d-a3c1-0d062477cf1f terminal=ea96b8c9-3ca2-43e6-818e-0d76cab379f2 epoch=23 owner=b3d9c015-4141-4629-b7e3-ffa343cb1b17 reward=b2c0c6965c96aac5
[17:54:21] [Server thread/INFO] [io.gi.su.ad.AdvancedRocketryCommunity/]: ARCE_MISSION_DELIVERY event=ACKNOWLEDGED mission=9296cb30-eefd-48b8-ba15-dae68235b534 terminal=ea96b8c9-3ca2-43e6-818e-0d76cab379f2 epoch=23 owner=b3d9c015-4141-4629-b7e3-ffa343cb1b17 reward=9baeb90dd924bf02
[17:54:21] [Server thread/INFO] [io.gi.su.ad.AdvancedRocketryCommunity/]: ARCE_MISSION_DELIVERY event=ACKNOWLEDGED mission=92baeaa1-0efd-4f71-82cf-cae3171af394 terminal=ea96b8c9-3ca2-43e6-818e-0d76cab379f2 epoch=23 owner=b3d9c015-4141-4629-b7e3-ffa343cb1b17 reward=12d44add6bf6de52
[17:54:21] [Server thread/INFO] [io.gi.su.ad.AdvancedRocketryCommunity/]: ARCE_MISSION_DELIVERY event=ACKNOWLEDGED mission=9462f61b-ad67-4d76-a998-96447d3da9a1 terminal=ea96b8c9-3ca2-43e6-818e-0d76cab379f2 epoch=23 owner=b3d9c015-4141-4629-b7e3-ffa343cb1b17 reward=1413b67357653795
[17:54:21] [Server thread/INFO] [io.gi.su.ad.AdvancedRocketryCommunity/]: ARCE_MISSION_DELIVERY event=ACKNOWLEDGED mission=96aed652-9f22-4190-b737-d4fe8035e2ed terminal=ea96b8c9-3ca2-43e6-818e-0d76cab379f2 epoch=23 owner=b3d9c015-4141-4629-b7e3-ffa343cb1b17 reward=14db992bc77d5e80
[17:54:21] [Server thread/INFO] [io.gi.su.ad.AdvancedRocketryCommunity/]: ARCE_MISSION_DELIVERY event=ACKNOWLEDGED mission=972bbfa6-a5eb-46a1-b864-d43d4c79dc37 terminal=ea96b8c9-3ca2-43e6-818e-0d76cab379f2 epoch=23 owner=b3d9c015-4141-4629-b7e3-ffa343cb1b17 reward=ec3168510d486221
[17:54:21] [Server thread/INFO] [io.gi.su.ad.AdvancedRocketryCommunity/]: ARCE_MISSION_DELIVERY event=ACKNOWLEDGED mission=9766aad2-7eff-4a22-97cf-8f64258b08a2 terminal=ea96b8c9-3ca2-43e6-818e-0d76cab379f2 epoch=23 owner=b3d9c015-4141-4629-b7e3-ffa343cb1b17 reward=2207bd0aa3ade84e
[17:54:21] [Server thread/INFO] [io.gi.su.ad.AdvancedRocketryCommunity/]: ARCE_MISSION_DELIVERY event=ACKNOWLEDGED mission=97e97a38-1d8c-49ee-8575-62933da94e47 terminal=ea96b8c9-3ca2-43e6-818e-0d76cab379f2 epoch=23 owner=b3d9c015-4141-4629-b7e3-ffa343cb1b17 reward=bea31a9708591d02
[17:54:21] [Server thread/INFO] [io.gi.su.ad.AdvancedRocketryCommunity/]: ARCE_MISSION_DELIVERY event=ACKNOWLEDGED mission=989d31f9-79c8-4aae-84f9-0ddf34993e13 terminal=ea96b8c9-3ca2-43e6-818e-0d76cab379f2 epoch=23 owner=b3d9c015-4141-4629-b7e3-ffa343cb1b17 reward=c7362da024923357
[17:54:21] [Server thread/INFO] [io.gi.su.ad.AdvancedRocketryCommunity/]: ARCE_MISSION_DELIVERY event=ACKNOWLEDGED mission=9a613112-705c-442a-b614-df9a23f6fbf5 terminal=ea96b8c9-3ca2-43e6-818e-0d76cab379f2 epoch=23 owner=b3d9c015-4141-4629-b7e3-ffa343cb1b17 reward=0a72ad3cb9c33fb9
[17:54:21] [Server thread/INFO] [io.gi.su.ad.AdvancedRocketryCommunity/]: ARCE_MISSION_DELIVERY event=ACKNOWLEDGED mission=9a8e0641-73f1-4247-b117-7114c8dc6c94 terminal=ea96b8c9-3ca2-43e6-818e-0d76cab379f2 epoch=23 owner=b3d9c015-4141-4629-b7e3-ffa343cb1b17 reward=16bfbfbcd23da5fd
[17:54:21] [Server thread/INFO] [io.gi.su.ad.AdvancedRocketryCommunity/]: ARCE_MISSION_DELIVERY event=ACKNOWLEDGED mission=9b91bc63-b82c-4f48-9c3a-51c9c542dc58 terminal=ea96b8c9-3ca2-43e6-818e-0d76cab379f2 epoch=23 owner=b3d9c015-4141-4629-b7e3-ffa343cb1b17 reward=ef18aef41f9badfc
[17:54:21] [Server thread/INFO] [io.gi.su.ad.AdvancedRocketryCommunity/]: ARCE_MISSION_DELIVERY event=ACKNOWLEDGED mission=9bc91b74-a5ae-4796-a262-0e85f6f922a0 terminal=ea96b8c9-3ca2-43e6-818e-0d76cab379f2 epoch=23 owner=b3d9c015-4141-4629-b7e3-ffa343cb1b17 reward=7e8f425f5220488c
[17:54:21] [Server thread/INFO] [io.gi.su.ad.AdvancedRocketryCommunity/]: ARCE_MISSION_DELIVERY event=ACKNOWLEDGED mission=9c5033ef-8c4b-46a6-8b4a-697406ca53ce terminal=ea96b8c9-3ca2-43e6-818e-0d76cab379f2 epoch=23 owner=b3d9c015-4141-4629-b7e3-ffa343cb1b17 reward=194572bcae492255
[17:54:21] [Server thread/INFO] [io.gi.su.ad.AdvancedRocketryCommunity/]: ARCE_MISSION_DELIVERY event=ACKNOWLEDGED mission=9de5e550-55be-4f94-8756-2652b2175993 terminal=ea96b8c9-3ca2-43e6-818e-0d76cab379f2 epoch=23 owner=b3d9c015-4141-4629-b7e3-ffa343cb1b17 reward=e1e65288ee5afa82
[17:54:21] [Server thread/INFO] [io.gi.su.ad.AdvancedRocketryCommunity/]: ARCE_MISSION_DELIVERY event=ACKNOWLEDGED mission=9e255cd5-d9ce-44e5-a7c5-50458ed21e09 terminal=ea96b8c9-3ca2-43e6-818e-0d76cab379f2 epoch=23 owner=b3d9c015-4141-4629-b7e3-ffa343cb1b17 reward=45b79f6936ce0798
[17:54:21] [Server thread/INFO] [io.gi.su.ad.AdvancedRocketryCommunity/]: ARCE_MISSION_DELIVERY event=ACKNOWLEDGED mission=9fa474ab-ef8f-4b93-8f08-528afe3aad76 terminal=ea96b8c9-3ca2-43e6-818e-0d76cab379f2 epoch=23 owner=b3d9c015-4141-4629-b7e3-ffa343cb1b17 reward=06c83f26f9ad8367
[17:54:21] [Server thread/INFO] [io.gi.su.ad.AdvancedRocketryCommunity/]: ARCE_MISSION_DELIVERY event=ACKNOWLEDGED mission=a0d9a2ca-dd16-4f42-89d3-355fc032f9af terminal=ea96b8c9-3ca2-43e6-818e-0d76cab379f2 epoch=23 owner=b3d9c015-4141-4629-b7e3-ffa343cb1b17 reward=3ed396d5608257c1
[17:54:21] [Server thread/INFO] [io.gi.su.ad.AdvancedRocketryCommunity/]: ARCE_MISSION_DELIVERY event=ACKNOWLEDGED mission=a14c206a-6ba0-4d94-9e69-57dc972c5e58 terminal=ea96b8c9-3ca2-43e6-818e-0d76cab379f2 epoch=23 owner=b3d9c015-4141-4629-b7e3-ffa343cb1b17 reward=5e0cf8a3095e6266
[17:54:21] [Server thread/INFO] [io.gi.su.ad.AdvancedRocketryCommunity/]: ARCE_MISSION_DELIVERY event=ACKNOWLEDGED mission=a14d91db-63d2-49d4-99cc-ea9ca77ecc03 terminal=ea96b8c9-3ca2-43e6-818e-0d76cab379f2 epoch=23 owner=b3d9c015-4141-4629-b7e3-ffa343cb1b17 reward=89c50fc66ecc1016
[17:54:21] [Server thread/INFO] [io.gi.su.ad.AdvancedRocketryCommunity/]: ARCE_MISSION_DELIVERY event=ACKNOWLEDGED mission=a220d5c5-dcd2-4f95-b5ce-8d012bfddebe terminal=ea96b8c9-3ca2-43e6-818e-0d76cab379f2 epoch=23 owner=b3d9c015-4141-4629-b7e3-ffa343cb1b17 reward=fa7d4e24d24393c1
[17:54:21] [Server thread/INFO] [io.gi.su.ad.AdvancedRocketryCommunity/]: ARCE_MISSION_DELIVERY event=ACKNOWLEDGED mission=a25aeac8-42fa-4043-b1e8-59153d0bddd6 terminal=ea96b8c9-3ca2-43e6-818e-0d76cab379f2 epoch=23 owner=b3d9c015-4141-4629-b7e3-ffa343cb1b17 reward=7efced971253e8aa
[17:54:21] [Server thread/INFO] [io.gi.su.ad.AdvancedRocketryCommunity/]: ARCE_MISSION_DELIVERY event=ACKNOWLEDGED mission=a2696a76-9faf-4150-bdfe-635202b0718d terminal=ea96b8c9-3ca2-43e6-818e-0d76cab379f2 epoch=23 owner=b3d9c015-4141-4629-b7e3-ffa343cb1b17 reward=d8a9008f5e285812
[17:54:21] [Server thread/INFO] [io.gi.su.ad.AdvancedRocketryCommunity/]: ARCE_MISSION_DELIVERY event=ACKNOWLEDGED mission=a2eac487-b72e-409e-912f-26cea224758f terminal=ea96b8c9-3ca2-43e6-818e-0d76cab379f2 epoch=23 owner=b3d9c015-4141-4629-b7e3-ffa343cb1b17 reward=981a67011a374c9e
[17:54:21] [Server thread/INFO] [io.gi.su.ad.AdvancedRocketryCommunity/]: ARCE_MISSION_DELIVERY event=ACKNOWLEDGED mission=a32014f1-5d72-4874-bab1-f7e51fe718a1 terminal=ea96b8c9-3ca2-43e6-818e-0d76cab379f2 epoch=23 owner=b3d9c015-4141-4629-b7e3-ffa343cb1b17 reward=652e97d6820c699e
[17:54:21] [Server thread/INFO] [io.gi.su.ad.AdvancedRocketryCommunity/]: ARCE_MISSION_DELIVERY event=ACKNOWLEDGED mission=a3c54dee-30b9-46f6-a0af-3fd3f8b2d2f0 terminal=ea96b8c9-3ca2-43e6-818e-0d76cab379f2 epoch=23 owner=b3d9c015-4141-4629-b7e3-ffa343cb1b17 reward=83c01dfa03d18c42
[17:54:21] [Server thread/INFO] [io.gi.su.ad.AdvancedRocketryCommunity/]: ARCE_MISSION_DELIVERY event=ACKNOWLEDGED mission=a40c7fee-6628-4e6e-bde5-8461e3e2e20f terminal=ea96b8c9-3ca2-43e6-818e-0d76cab379f2 epoch=23 owner=b3d9c015-4141-4629-b7e3-ffa343cb1b17 reward=f51bd5e7229dd60d
[17:54:21] [Server thread/INFO] [io.gi.su.ad.AdvancedRocketryCommunity/]: ARCE_MISSION_DELIVERY event=ACKNOWLEDGED mission=a46c72ac-7876-4bcf-b180-cf2bd9df74ca terminal=ea96b8c9-3ca2-43e6-818e-0d76cab379f2 epoch=23 owner=b3d9c015-4141-4629-b7e3-ffa343cb1b17 reward=911792dbc6a89cf7
[17:54:21] [Server thread/INFO] [io.gi.su.ad.AdvancedRocketryCommunity/]: ARCE_MISSION_DELIVERY event=ACKNOWLEDGED mission=a52bfb94-708f-4701-b507-b2a1ba1971d5 terminal=ea96b8c9-3ca2-43e6-818e-0d76cab379f2 epoch=23 owner=b3d9c015-4141-4629-b7e3-ffa343cb1b17 reward=48fced5c24f14877
[17:54:21] [Server thread/INFO] [io.gi.su.ad.AdvancedRocketryCommunity/]: ARCE_MISSION_DELIVERY event=ACKNOWLEDGED mission=a54b8dcf-a555-4719-bb2b-e572563da3ee terminal=ea96b8c9-3ca2-43e6-818e-0d76cab379f2 epoch=23 owner=b3d9c015-4141-4629-b7e3-ffa343cb1b17 reward=d7bba53323b40114
[17:54:21] [Server thread/INFO] [io.gi.su.ad.AdvancedRocketryCommunity/]: ARCE_MISSION_DELIVERY event=ACKNOWLEDGED mission=a6174a0f-7a42-44b4-b407-6cba29084dc9 terminal=ea96b8c9-3ca2-43e6-818e-0d76cab379f2 epoch=23 owner=b3d9c015-4141-4629-b7e3-ffa343cb1b17 reward=24047af725df3e75
[17:54:21] [Server thread/INFO] [io.gi.su.ad.AdvancedRocketryCommunity/]: ARCE_MISSION_DELIVERY event=ACKNOWLEDGED mission=a642bcd9-7afc-4ca3-a000-4fdcbc6d09c2 terminal=ea96b8c9-3ca2-43e6-818e-0d76cab379f2 epoch=23 owner=b3d9c015-4141-4629-b7e3-ffa343cb1b17 reward=c4ba504e06454ec4
[17:54:21] [Server thread/INFO] [io.gi.su.ad.AdvancedRocketryCommunity/]: ARCE_MISSION_DELIVERY event=ACKNOWLEDGED mission=a81454e0-3a85-4b62-9127-e2da85bba383 terminal=ea96b8c9-3ca2-43e6-818e-0d76cab379f2 epoch=23 owner=b3d9c015-4141-4629-b7e3-ffa343cb1b17 reward=4cd0fcf97c7db1df
[17:54:21] [Server thread/INFO] [io.gi.su.ad.AdvancedRocketryCommunity/]: ARCE_MISSION_DELIVERY event=ACKNOWLEDGED mission=a9f0af1f-4a61-47ff-9c90-893e78c82481 terminal=ea96b8c9-3ca2-43e6-818e-0d76cab379f2 epoch=23 owner=b3d9c015-4141-4629-b7e3-ffa343cb1b17 reward=f7d75da2384982ed
[17:54:21] [Server thread/INFO] [io.gi.su.ad.AdvancedRocketryCommunity/]: ARCE_MISSION_DELIVERY event=ACKNOWLEDGED mission=aa913bc7-0144-46c0-aeb2-3f51338c5368 terminal=ea96b8c9-3ca2-43e6-818e-0d76cab379f2 epoch=23 owner=b3d9c015-4141-4629-b7e3-ffa343cb1b17 reward=888996907434d38b
[17:54:21] [Server thread/INFO] [io.gi.su.ad.AdvancedRocketryCommunity/]: ARCE_MISSION_DELIVERY event=ACKNOWLEDGED mission=ab622fd0-2cdc-45b3-989f-30bb265698f5 terminal=ea96b8c9-3ca2-43e6-818e-0d76cab379f2 epoch=23 owner=b3d9c015-4141-4629-b7e3-ffa343cb1b17 reward=a039c244d8b76cc6
[17:54:21] [Server thread/INFO] [io.gi.su.ad.AdvancedRocketryCommunity/]: ARCE_MISSION_DELIVERY event=ACKNOWLEDGED mission=aca09a0d-b900-49ba-a755-ac13b5ec1d06 terminal=ea96b8c9-3ca2-43e6-818e-0d76cab379f2 epoch=23 owner=b3d9c015-4141-4629-b7e3-ffa343cb1b17 reward=15fa07a87889a956
[17:54:21] [Server thread/INFO] [io.gi.su.ad.AdvancedRocketryCommunity/]: ARCE_MISSION_DELIVERY event=ACKNOWLEDGED mission=acd2d6aa-2873-47f8-ac93-f55d15a88209 terminal=ea96b8c9-3ca2-43e6-818e-0d76cab379f2 epoch=23 owner=b3d9c015-4141-4629-b7e3-ffa343cb1b17 reward=eeaaf0caeab6e0db
[17:54:21] [Server thread/INFO] [io.gi.su.ad.AdvancedRocketryCommunity/]: ARCE_MISSION_DELIVERY event=ACKNOWLEDGED mission=aec9055e-01be-4429-b6e4-41436cd3fd22 terminal=ea96b8c9-3ca2-43e6-818e-0d76cab379f2 epoch=23 owner=b3d9c015-4141-4629-b7e3-ffa343cb1b17 reward=1cb246dc0b3f692a
[17:54:21] [Server thread/INFO] [io.gi.su.ad.AdvancedRocketryCommunity/]: ARCE_MISSION_DELIVERY event=ACKNOWLEDGED mission=af4d26ee-f41c-408f-918d-c98ead471d80 terminal=ea96b8c9-3ca2-43e6-818e-0d76cab379f2 epoch=23 owner=b3d9c015-4141-4629-b7e3-ffa343cb1b17 reward=266fc4a14f99c2f5
[17:54:21] [Server thread/INFO] [io.gi.su.ad.AdvancedRocketryCommunity/]: ARCE_MISSION_DELIVERY event=ACKNOWLEDGED mission=b1b72629-d187-4667-b5d3-89aa7f9898a8 terminal=ea96b8c9-3ca2-43e6-818e-0d76cab379f2 epoch=23 owner=b3d9c015-4141-4629-b7e3-ffa343cb1b17 reward=e1a9bcb6f88753c9
[17:54:21] [Server thread/INFO] [io.gi.su.ad.AdvancedRocketryCommunity/]: ARCE_MISSION_DELIVERY event=ACKNOWLEDGED mission=b2f83b93-66ad-4461-ac1e-411dbf26d503 terminal=ea96b8c9-3ca2-43e6-818e-0d76cab379f2 epoch=23 owner=b3d9c015-4141-4629-b7e3-ffa343cb1b17 reward=72901039edaaf543
[17:54:21] [Server thread/INFO] [io.gi.su.ad.AdvancedRocketryCommunity/]: ARCE_MISSION_DELIVERY event=ACKNOWLEDGED mission=b4f422dc-635d-4d86-9da7-c89a9736f328 terminal=ea96b8c9-3ca2-43e6-818e-0d76cab379f2 epoch=23 owner=b3d9c015-4141-4629-b7e3-ffa343cb1b17 reward=a479a573d7040f94
[17:54:21] [Server thread/INFO] [io.gi.su.ad.AdvancedRocketryCommunity/]: ARCE_MISSION_DELIVERY event=ACKNOWLEDGED mission=b6628ca5-61aa-4d40-a9b3-2b97d73b4e78 terminal=ea96b8c9-3ca2-43e6-818e-0d76cab379f2 epoch=23 owner=b3d9c015-4141-4629-b7e3-ffa343cb1b17 reward=cfd1de5667413590
[17:54:21] [Server thread/INFO] [io.gi.su.ad.AdvancedRocketryCommunity/]: ARCE_MISSION_DELIVERY event=ACKNOWLEDGED mission=b695e027-c7da-43f9-a5db-b0b9a0a34586 terminal=ea96b8c9-3ca2-43e6-818e-0d76cab379f2 epoch=23 owner=b3d9c015-4141-4629-b7e3-ffa343cb1b17 reward=d4b8e0bc714b0e87
[17:54:21] [Server thread/INFO] [io.gi.su.ad.AdvancedRocketryCommunity/]: ARCE_MISSION_DELIVERY event=ACKNOWLEDGED mission=b9c22e0c-9b3b-48b0-a42a-b2dd23a19799 terminal=ea96b8c9-3ca2-43e6-818e-0d76cab379f2 epoch=23 owner=b3d9c015-4141-4629-b7e3-ffa343cb1b17 reward=ebaccc847b083262
[17:54:21] [Server thread/INFO] [io.gi.su.ad.AdvancedRocketryCommunity/]: ARCE_MISSION_DELIVERY event=ACKNOWLEDGED mission=ba3f44fc-8667-48c1-859d-c411c50a9c2c terminal=ea96b8c9-3ca2-43e6-818e-0d76cab379f2 epoch=23 owner=b3d9c015-4141-4629-b7e3-ffa343cb1b17 reward=2a8736b969d18369
[17:54:21] [Server thread/INFO] [io.gi.su.ad.AdvancedRocketryCommunity/]: ARCE_MISSION_DELIVERY event=RECEIPT_DROPPED mission=c157a102-bde4-4ac0-99b9-cafe6e33d0d9 terminal=5bb29ee8-c8bc-45d6-9cb3-046bb9605e92 epoch=23 owner=15712130-ac69-4380-a58a-23cb5ff8b4c7 reward=81becf41b789af80
[17:54:21] [Server thread/INFO] [io.gi.su.ad.AdvancedRocketryCommunity/]: ARCE_MISSION_DELIVERY event=ACKNOWLEDGED mission=f227dc4d-b019-4526-9b6a-297ba1d21d4e terminal=5bb29ee8-c8bc-45d6-9cb3-046bb9605e92 epoch=23 owner=15712130-ac69-4380-a58a-23cb5ff8b4c7 reward=22143c7ac31863fa
[17:54:21] [Server thread/INFO] [io.gi.su.ad.AdvancedRocketryCommunity/]: ARCE_MISSION_DELIVERY event=ACKNOWLEDGED mission=23d50ef2-41df-43f5-b717-bd753dca97c4 terminal=af292225-f160-442c-b137-0a8583b67656 epoch=23 owner=282f271d-1b52-492d-905d-75e4abce4d5b reward=416f0b7b02cf4c17
[17:54:21] [Server thread/INFO] [io.gi.su.ad.AdvancedRocketryCommunity/]: ARCE_MISSION_DELIVERY event=ACKNOWLEDGED mission=560a3ded-f3bc-491b-87b7-243a740fdfa2 terminal=e0c96433-7467-4668-afc1-39b36f907bac epoch=23 owner=2ed53146-e842-4d02-94a4-c0c3ac6b9b52 reward=aec7e520eab45f04
[17:54:21] [Server thread/INFO] [minecraft/GameTestServer]: [++++++++++++++++++++++++++++++++++++++++++++++++++++++++++++++++++++++++++++++++++++++++++++++++++++++++++++++++_++_++                                                                                                                                                                            ]
[17:54:21] [Server thread/INFO] [io.gi.su.ad.AdvancedRocketryCommunity/]: ARCE_MISSION_DELIVERY event=ACKNOWLEDGED mission=baf7d235-c431-4de7-9221-55827e4b9dc5 terminal=ea96b8c9-3ca2-43e6-818e-0d76cab379f2 epoch=24 owner=b3d9c015-4141-4629-b7e3-ffa343cb1b17 reward=56e72a8a7d8fbb87
[17:54:21] [Server thread/INFO] [io.gi.su.ad.AdvancedRocketryCommunity/]: ARCE_MISSION_DELIVERY event=ACKNOWLEDGED mission=bc26513c-647c-4bef-9d56-ed3646dc317e terminal=ea96b8c9-3ca2-43e6-818e-0d76cab379f2 epoch=24 owner=b3d9c015-4141-4629-b7e3-ffa343cb1b17 reward=48497efccc06b374
[17:54:21] [Server thread/INFO] [io.gi.su.ad.AdvancedRocketryCommunity/]: ARCE_MISSION_DELIVERY event=ACKNOWLEDGED mission=be56da96-0c33-4c01-9589-12aab051120f terminal=ea96b8c9-3ca2-43e6-818e-0d76cab379f2 epoch=24 owner=b3d9c015-4141-4629-b7e3-ffa343cb1b17 reward=8e2f74198798ef6b
[17:54:21] [Server thread/INFO] [io.gi.su.ad.AdvancedRocketryCommunity/]: ARCE_MISSION_DELIVERY event=ACKNOWLEDGED mission=c002b770-1bff-419a-936c-d824278e1c35 terminal=ea96b8c9-3ca2-43e6-818e-0d76cab379f2 epoch=24 owner=b3d9c015-4141-4629-b7e3-ffa343cb1b17 reward=1f7d6a3d1b2f03f2
[17:54:21] [Server thread/INFO] [io.gi.su.ad.AdvancedRocketryCommunity/]: ARCE_MISSION_DELIVERY event=ACKNOWLEDGED mission=c0bed79a-0f50-44bc-948a-38e27e49ad17 terminal=ea96b8c9-3ca2-43e6-818e-0d76cab379f2 epoch=24 owner=b3d9c015-4141-4629-b7e3-ffa343cb1b17 reward=3aaf6d7a7cde1e23
[17:54:21] [Server thread/INFO] [io.gi.su.ad.AdvancedRocketryCommunity/]: ARCE_MISSION_DELIVERY event=ACKNOWLEDGED mission=c195b3c8-1fbd-4147-b75c-a9b476843298 terminal=ea96b8c9-3ca2-43e6-818e-0d76cab379f2 epoch=24 owner=b3d9c015-4141-4629-b7e3-ffa343cb1b17 reward=7b83d11fed78b9a1
[17:54:21] [Server thread/INFO] [io.gi.su.ad.AdvancedRocketryCommunity/]: ARCE_MISSION_DELIVERY event=ACKNOWLEDGED mission=c3896b64-5e85-44b2-9f2b-db1f07e6b8ac terminal=ea96b8c9-3ca2-43e6-818e-0d76cab379f2 epoch=24 owner=b3d9c015-4141-4629-b7e3-ffa343cb1b17 reward=3c0b15824ec3df5a
[17:54:21] [Server thread/INFO] [io.gi.su.ad.AdvancedRocketryCommunity/]: ARCE_MISSION_DELIVERY event=ACKNOWLEDGED mission=c404241f-94ef-4078-93ab-572594e58536 terminal=ea96b8c9-3ca2-43e6-818e-0d76cab379f2 epoch=24 owner=b3d9c015-4141-4629-b7e3-ffa343cb1b17 reward=5328eee2bd6475a4
[17:54:21] [Server thread/INFO] [io.gi.su.ad.AdvancedRocketryCommunity/]: ARCE_MISSION_DELIVERY event=ACKNOWLEDGED mission=c42d25b7-b405-4495-923a-2fb558f142c0 terminal=ea96b8c9-3ca2-43e6-818e-0d76cab379f2 epoch=24 owner=b3d9c015-4141-4629-b7e3-ffa343cb1b17 reward=9dae8ba4639a1dda
[17:54:21] [Server thread/INFO] [io.gi.su.ad.AdvancedRocketryCommunity/]: ARCE_MISSION_DELIVERY event=ACKNOWLEDGED mission=c47c866a-614c-4d86-b7bb-c8ae2f73d44b terminal=ea96b8c9-3ca2-43e6-818e-0d76cab379f2 epoch=24 owner=b3d9c015-4141-4629-b7e3-ffa343cb1b17 reward=29dd9f269f83555f
[17:54:21] [Server thread/INFO] [io.gi.su.ad.AdvancedRocketryCommunity/]: ARCE_MISSION_DELIVERY event=ACKNOWLEDGED mission=c6c0bd32-3286-4afe-b68b-24b88aeb8cb1 terminal=ea96b8c9-3ca2-43e6-818e-0d76cab379f2 epoch=24 owner=b3d9c015-4141-4629-b7e3-ffa343cb1b17 reward=b648c6c116229130
[17:54:21] [Server thread/INFO] [io.gi.su.ad.AdvancedRocketryCommunity/]: ARCE_MISSION_DELIVERY event=ACKNOWLEDGED mission=c6e30154-79db-4771-a14a-446b753f8be9 terminal=ea96b8c9-3ca2-43e6-818e-0d76cab379f2 epoch=24 owner=b3d9c015-4141-4629-b7e3-ffa343cb1b17 reward=3016f79971137c1a
[17:54:21] [Server thread/INFO] [io.gi.su.ad.AdvancedRocketryCommunity/]: ARCE_MISSION_DELIVERY event=ACKNOWLEDGED mission=c88942f0-9878-4ca7-90c3-a05b7a85f7bb terminal=ea96b8c9-3ca2-43e6-818e-0d76cab379f2 epoch=24 owner=b3d9c015-4141-4629-b7e3-ffa343cb1b17 reward=1b5ee7c82b1c676e
[17:54:21] [Server thread/INFO] [io.gi.su.ad.AdvancedRocketryCommunity/]: ARCE_MISSION_DELIVERY event=ACKNOWLEDGED mission=c9b4f9d8-1586-4ace-be4b-0114f79c7327 terminal=ea96b8c9-3ca2-43e6-818e-0d76cab379f2 epoch=24 owner=b3d9c015-4141-4629-b7e3-ffa343cb1b17 reward=2b133d4a67e0539c
[17:54:21] [Server thread/INFO] [io.gi.su.ad.AdvancedRocketryCommunity/]: ARCE_MISSION_DELIVERY event=ACKNOWLEDGED mission=c9c897dc-faf9-43e8-a83b-107dedf4aa2b terminal=ea96b8c9-3ca2-43e6-818e-0d76cab379f2 epoch=24 owner=b3d9c015-4141-4629-b7e3-ffa343cb1b17 reward=52c89eb15e7af12f
[17:54:21] [Server thread/INFO] [io.gi.su.ad.AdvancedRocketryCommunity/]: ARCE_MISSION_DELIVERY event=ACKNOWLEDGED mission=cd23cd56-cf12-4f83-8fed-a9f8ea5e4845 terminal=ea96b8c9-3ca2-43e6-818e-0d76cab379f2 epoch=24 owner=b3d9c015-4141-4629-b7e3-ffa343cb1b17 reward=34ac5f7519bec022
[17:54:21] [Server thread/INFO] [io.gi.su.ad.AdvancedRocketryCommunity/]: ARCE_MISSION_DELIVERY event=ACKNOWLEDGED mission=cd2a9992-450e-4ae6-a05f-68199f20ce7d terminal=ea96b8c9-3ca2-43e6-818e-0d76cab379f2 epoch=24 owner=b3d9c015-4141-4629-b7e3-ffa343cb1b17 reward=fb0f2730078ebc59
[17:54:21] [Server thread/INFO] [io.gi.su.ad.AdvancedRocketryCommunity/]: ARCE_MISSION_DELIVERY event=ACKNOWLEDGED mission=cf7ac673-ff1f-40ab-b8a2-ec2fc7fb5ae0 terminal=ea96b8c9-3ca2-43e6-818e-0d76cab379f2 epoch=24 owner=b3d9c015-4141-4629-b7e3-ffa343cb1b17 reward=fce9586e7ca0efad
[17:54:21] [Server thread/INFO] [io.gi.su.ad.AdvancedRocketryCommunity/]: ARCE_MISSION_DELIVERY event=ACKNOWLEDGED mission=d221f34d-84ad-4449-8e1d-859359ec3513 terminal=ea96b8c9-3ca2-43e6-818e-0d76cab379f2 epoch=24 owner=b3d9c015-4141-4629-b7e3-ffa343cb1b17 reward=f820b7453491e2ef
[17:54:21] [Server thread/INFO] [io.gi.su.ad.AdvancedRocketryCommunity/]: ARCE_MISSION_DELIVERY event=ACKNOWLEDGED mission=d2bdb516-dfd1-45dd-b726-74dfaffb6646 terminal=ea96b8c9-3ca2-43e6-818e-0d76cab379f2 epoch=24 owner=b3d9c015-4141-4629-b7e3-ffa343cb1b17 reward=5ae71db4ce45289e
[17:54:21] [Server thread/INFO] [io.gi.su.ad.AdvancedRocketryCommunity/]: ARCE_MISSION_DELIVERY event=ACKNOWLEDGED mission=d448e601-843f-439d-94c8-d98a5b1ce236 terminal=ea96b8c9-3ca2-43e6-818e-0d76cab379f2 epoch=24 owner=b3d9c015-4141-4629-b7e3-ffa343cb1b17 reward=7f20f0252d1f7c62
[17:54:21] [Server thread/INFO] [io.gi.su.ad.AdvancedRocketryCommunity/]: ARCE_MISSION_DELIVERY event=ACKNOWLEDGED mission=d6103e36-8525-4daf-b673-d7400dafc6b2 terminal=ea96b8c9-3ca2-43e6-818e-0d76cab379f2 epoch=24 owner=b3d9c015-4141-4629-b7e3-ffa343cb1b17 reward=ac567d5791e8f67a
[17:54:21] [Server thread/INFO] [io.gi.su.ad.AdvancedRocketryCommunity/]: ARCE_MISSION_DELIVERY event=ACKNOWLEDGED mission=d63fca3a-bca2-4a9f-8432-5d2f5e5721b4 terminal=ea96b8c9-3ca2-43e6-818e-0d76cab379f2 epoch=24 owner=b3d9c015-4141-4629-b7e3-ffa343cb1b17 reward=52f6da77e61f2804
[17:54:21] [Server thread/INFO] [io.gi.su.ad.AdvancedRocketryCommunity/]: ARCE_MISSION_DELIVERY event=ACKNOWLEDGED mission=d6fb7b26-aef5-4ef7-abb7-44b3ddc276ee terminal=ea96b8c9-3ca2-43e6-818e-0d76cab379f2 epoch=24 owner=b3d9c015-4141-4629-b7e3-ffa343cb1b17 reward=61926dcaef815e0c
[17:54:21] [Server thread/INFO] [io.gi.su.ad.AdvancedRocketryCommunity/]: ARCE_MISSION_DELIVERY event=ACKNOWLEDGED mission=d8a386ba-6779-49cc-8601-7275470af5a1 terminal=ea96b8c9-3ca2-43e6-818e-0d76cab379f2 epoch=24 owner=b3d9c015-4141-4629-b7e3-ffa343cb1b17 reward=26e1e74b745fafee
[17:54:21] [Server thread/INFO] [io.gi.su.ad.AdvancedRocketryCommunity/]: ARCE_MISSION_DELIVERY event=ACKNOWLEDGED mission=d96a4f89-cc0b-4473-b862-c20f34883285 terminal=ea96b8c9-3ca2-43e6-818e-0d76cab379f2 epoch=24 owner=b3d9c015-4141-4629-b7e3-ffa343cb1b17 reward=e2834a5f9409b66d
[17:54:21] [Server thread/INFO] [io.gi.su.ad.AdvancedRocketryCommunity/]: ARCE_MISSION_DELIVERY event=ACKNOWLEDGED mission=db3c7d16-b95f-407b-aa91-507f2139508d terminal=ea96b8c9-3ca2-43e6-818e-0d76cab379f2 epoch=24 owner=b3d9c015-4141-4629-b7e3-ffa343cb1b17 reward=f9ebb02426dcbdd1
[17:54:21] [Server thread/INFO] [io.gi.su.ad.AdvancedRocketryCommunity/]: ARCE_MISSION_DELIVERY event=ACKNOWLEDGED mission=db76f75f-ff3f-4952-b3b7-24d8bb7b52fb terminal=ea96b8c9-3ca2-43e6-818e-0d76cab379f2 epoch=24 owner=b3d9c015-4141-4629-b7e3-ffa343cb1b17 reward=e1d8f0526004ad6b
[17:54:21] [Server thread/INFO] [io.gi.su.ad.AdvancedRocketryCommunity/]: ARCE_MISSION_DELIVERY event=ACKNOWLEDGED mission=dc4819c2-a0be-4e6e-a50c-cdff83ea0036 terminal=ea96b8c9-3ca2-43e6-818e-0d76cab379f2 epoch=24 owner=b3d9c015-4141-4629-b7e3-ffa343cb1b17 reward=e7904a403c449582
[17:54:21] [Server thread/INFO] [io.gi.su.ad.AdvancedRocketryCommunity/]: ARCE_MISSION_DELIVERY event=ACKNOWLEDGED mission=dcceed8b-a288-4045-8942-14dd004be3c0 terminal=ea96b8c9-3ca2-43e6-818e-0d76cab379f2 epoch=24 owner=b3d9c015-4141-4629-b7e3-ffa343cb1b17 reward=5c433fddf378f84d
[17:54:21] [Server thread/INFO] [io.gi.su.ad.AdvancedRocketryCommunity/]: ARCE_MISSION_DELIVERY event=ACKNOWLEDGED mission=dd7dd33f-f875-4da3-b6b5-3146526fd4f3 terminal=ea96b8c9-3ca2-43e6-818e-0d76cab379f2 epoch=24 owner=b3d9c015-4141-4629-b7e3-ffa343cb1b17 reward=338e87af3482da4d
[17:54:21] [Server thread/INFO] [io.gi.su.ad.AdvancedRocketryCommunity/]: ARCE_MISSION_DELIVERY event=ACKNOWLEDGED mission=ddef9381-d99f-4f31-92e1-2e2f885d3a10 terminal=ea96b8c9-3ca2-43e6-818e-0d76cab379f2 epoch=24 owner=b3d9c015-4141-4629-b7e3-ffa343cb1b17 reward=9182c0947cff0763
[17:54:21] [Server thread/INFO] [io.gi.su.ad.AdvancedRocketryCommunity/]: ARCE_MISSION_DELIVERY event=ACKNOWLEDGED mission=de279fe5-8913-489d-8f62-f3d73c6cfdcc terminal=ea96b8c9-3ca2-43e6-818e-0d76cab379f2 epoch=24 owner=b3d9c015-4141-4629-b7e3-ffa343cb1b17 reward=f1a486fd4d9aca84
[17:54:21] [Server thread/INFO] [io.gi.su.ad.AdvancedRocketryCommunity/]: ARCE_MISSION_DELIVERY event=ACKNOWLEDGED mission=de4e5fc0-0c83-42e6-9afb-a6935596eb32 terminal=ea96b8c9-3ca2-43e6-818e-0d76cab379f2 epoch=24 owner=b3d9c015-4141-4629-b7e3-ffa343cb1b17 reward=471ec5843ec860b6
[17:54:21] [Server thread/INFO] [io.gi.su.ad.AdvancedRocketryCommunity/]: ARCE_MISSION_DELIVERY event=ACKNOWLEDGED mission=e18d49d1-0727-4ffd-aea5-a087e6576de5 terminal=ea96b8c9-3ca2-43e6-818e-0d76cab379f2 epoch=24 owner=b3d9c015-4141-4629-b7e3-ffa343cb1b17 reward=5828467971b09d7b
[17:54:21] [Server thread/INFO] [io.gi.su.ad.AdvancedRocketryCommunity/]: ARCE_MISSION_DELIVERY event=ACKNOWLEDGED mission=e1bd7751-6036-46fb-b055-0f140b7fabd4 terminal=ea96b8c9-3ca2-43e6-818e-0d76cab379f2 epoch=24 owner=b3d9c015-4141-4629-b7e3-ffa343cb1b17 reward=e64ef9d784b0688f
[17:54:21] [Server thread/INFO] [io.gi.su.ad.AdvancedRocketryCommunity/]: ARCE_MISSION_DELIVERY event=ACKNOWLEDGED mission=e1d7d238-856a-47ff-ae2c-74da2ac19a86 terminal=ea96b8c9-3ca2-43e6-818e-0d76cab379f2 epoch=24 owner=b3d9c015-4141-4629-b7e3-ffa343cb1b17 reward=c5f522a280957a79
[17:54:21] [Server thread/INFO] [io.gi.su.ad.AdvancedRocketryCommunity/]: ARCE_MISSION_DELIVERY event=ACKNOWLEDGED mission=e2877784-df05-4ce5-a7f7-db11674cbf77 terminal=ea96b8c9-3ca2-43e6-818e-0d76cab379f2 epoch=24 owner=b3d9c015-4141-4629-b7e3-ffa343cb1b17 reward=d93fbebbdf102319
[17:54:21] [Server thread/INFO] [io.gi.su.ad.AdvancedRocketryCommunity/]: ARCE_MISSION_DELIVERY event=ACKNOWLEDGED mission=e3122569-2d1e-4ab4-94dc-8860778a28ef terminal=ea96b8c9-3ca2-43e6-818e-0d76cab379f2 epoch=24 owner=b3d9c015-4141-4629-b7e3-ffa343cb1b17 reward=aefaee1413839b85
[17:54:21] [Server thread/INFO] [io.gi.su.ad.AdvancedRocketryCommunity/]: ARCE_MISSION_DELIVERY event=ACKNOWLEDGED mission=e3796ec1-ac0f-4ffb-a613-574387b5f9e4 terminal=ea96b8c9-3ca2-43e6-818e-0d76cab379f2 epoch=24 owner=b3d9c015-4141-4629-b7e3-ffa343cb1b17 reward=bbac1acc7a39b2ed
[17:54:21] [Server thread/INFO] [io.gi.su.ad.AdvancedRocketryCommunity/]: ARCE_MISSION_DELIVERY event=ACKNOWLEDGED mission=e4214334-57be-431d-a4eb-36d92383d01c terminal=ea96b8c9-3ca2-43e6-818e-0d76cab379f2 epoch=24 owner=b3d9c015-4141-4629-b7e3-ffa343cb1b17 reward=238ea0171285fbb6
[17:54:21] [Server thread/INFO] [io.gi.su.ad.AdvancedRocketryCommunity/]: ARCE_MISSION_DELIVERY event=ACKNOWLEDGED mission=e76f9dc7-206b-4211-a729-80187eb07e1a terminal=ea96b8c9-3ca2-43e6-818e-0d76cab379f2 epoch=24 owner=b3d9c015-4141-4629-b7e3-ffa343cb1b17 reward=47d98eaaffef25b2
[17:54:21] [Server thread/INFO] [io.gi.su.ad.AdvancedRocketryCommunity/]: ARCE_MISSION_DELIVERY event=ACKNOWLEDGED mission=e97a31b5-906e-47b3-9b83-d354ce5d1d2d terminal=ea96b8c9-3ca2-43e6-818e-0d76cab379f2 epoch=24 owner=b3d9c015-4141-4629-b7e3-ffa343cb1b17 reward=190b0b8874552ffc
[17:54:21] [Server thread/INFO] [io.gi.su.ad.AdvancedRocketryCommunity/]: ARCE_MISSION_DELIVERY event=ACKNOWLEDGED mission=e9951f8c-86e6-4789-973c-30f7002ca052 terminal=ea96b8c9-3ca2-43e6-818e-0d76cab379f2 epoch=24 owner=b3d9c015-4141-4629-b7e3-ffa343cb1b17 reward=d916f28a894ebc0c
[17:54:21] [Server thread/INFO] [io.gi.su.ad.AdvancedRocketryCommunity/]: ARCE_MISSION_DELIVERY event=ACKNOWLEDGED mission=ea11fbf0-0207-4d0b-842c-749c113bcd5f terminal=ea96b8c9-3ca2-43e6-818e-0d76cab379f2 epoch=24 owner=b3d9c015-4141-4629-b7e3-ffa343cb1b17 reward=ab1eab174052e454
[17:54:21] [Server thread/INFO] [io.gi.su.ad.AdvancedRocketryCommunity/]: ARCE_MISSION_DELIVERY event=ACKNOWLEDGED mission=ea85575b-c30e-4925-b68d-1332d9dd57ac terminal=ea96b8c9-3ca2-43e6-818e-0d76cab379f2 epoch=24 owner=b3d9c015-4141-4629-b7e3-ffa343cb1b17 reward=cd1b43043201c4d3
[17:54:21] [Server thread/INFO] [io.gi.su.ad.AdvancedRocketryCommunity/]: ARCE_MISSION_DELIVERY event=ACKNOWLEDGED mission=eab1d21c-515f-4d68-9745-ffec1b29795b terminal=ea96b8c9-3ca2-43e6-818e-0d76cab379f2 epoch=24 owner=b3d9c015-4141-4629-b7e3-ffa343cb1b17 reward=75674a68dc9434f3
[17:54:21] [Server thread/INFO] [io.gi.su.ad.AdvancedRocketryCommunity/]: ARCE_MISSION_DELIVERY event=ACKNOWLEDGED mission=ec0749a1-3c77-4d39-aa45-15703352aaa6 terminal=ea96b8c9-3ca2-43e6-818e-0d76cab379f2 epoch=24 owner=b3d9c015-4141-4629-b7e3-ffa343cb1b17 reward=d345e98df1b03c38
[17:54:21] [Server thread/INFO] [io.gi.su.ad.AdvancedRocketryCommunity/]: ARCE_MISSION_DELIVERY event=ACKNOWLEDGED mission=ed2750e2-3128-47cc-8eb1-1014a000b7a7 terminal=ea96b8c9-3ca2-43e6-818e-0d76cab379f2 epoch=24 owner=b3d9c015-4141-4629-b7e3-ffa343cb1b17 reward=4698cdc513fc7916
[17:54:21] [Server thread/INFO] [io.gi.su.ad.AdvancedRocketryCommunity/]: ARCE_MISSION_DELIVERY event=ACKNOWLEDGED mission=ede98ff0-fd87-4e0b-aca3-fa0ce9d4c99d terminal=ea96b8c9-3ca2-43e6-818e-0d76cab379f2 epoch=24 owner=b3d9c015-4141-4629-b7e3-ffa343cb1b17 reward=bb62d7cdfae400b1
[17:54:21] [Server thread/INFO] [io.gi.su.ad.AdvancedRocketryCommunity/]: ARCE_MISSION_DELIVERY event=ACKNOWLEDGED mission=ee32e279-cf8f-4d75-b0b6-f2cbeab7ebb8 terminal=ea96b8c9-3ca2-43e6-818e-0d76cab379f2 epoch=24 owner=b3d9c015-4141-4629-b7e3-ffa343cb1b17 reward=f6676cd23992b93c
[17:54:21] [Server thread/INFO] [io.gi.su.ad.AdvancedRocketryCommunity/]: ARCE_MISSION_DELIVERY event=ACKNOWLEDGED mission=eed8790e-038b-4035-9c8e-78742ae17bfe terminal=ea96b8c9-3ca2-43e6-818e-0d76cab379f2 epoch=24 owner=b3d9c015-4141-4629-b7e3-ffa343cb1b17 reward=b66f4f31f93cd170
[17:54:21] [Server thread/INFO] [io.gi.su.ad.AdvancedRocketryCommunity/]: ARCE_MISSION_DELIVERY event=ACKNOWLEDGED mission=ef30f895-0074-4bf6-bba4-e53b685742ca terminal=ea96b8c9-3ca2-43e6-818e-0d76cab379f2 epoch=24 owner=b3d9c015-4141-4629-b7e3-ffa343cb1b17 reward=2e659b34f6482fa7
[17:54:21] [Server thread/INFO] [io.gi.su.ad.AdvancedRocketryCommunity/]: ARCE_MISSION_DELIVERY event=ACKNOWLEDGED mission=ef68267a-47c8-4c0a-997f-cb1d3343efa3 terminal=ea96b8c9-3ca2-43e6-818e-0d76cab379f2 epoch=24 owner=b3d9c015-4141-4629-b7e3-ffa343cb1b17 reward=42b812afdd52fd81
[17:54:21] [Server thread/INFO] [io.gi.su.ad.AdvancedRocketryCommunity/]: ARCE_MISSION_DELIVERY event=ACKNOWLEDGED mission=efb758c0-4f87-4285-ad75-b9e2676b1b1a terminal=ea96b8c9-3ca2-43e6-818e-0d76cab379f2 epoch=24 owner=b3d9c015-4141-4629-b7e3-ffa343cb1b17 reward=4894ea4bb82aaf6f
[17:54:21] [Server thread/INFO] [io.gi.su.ad.AdvancedRocketryCommunity/]: ARCE_MISSION_DELIVERY event=ACKNOWLEDGED mission=efe4b636-abbe-4275-9f30-cf4146ee00bd terminal=ea96b8c9-3ca2-43e6-818e-0d76cab379f2 epoch=24 owner=b3d9c015-4141-4629-b7e3-ffa343cb1b17 reward=7428c89a7866d5a6
[17:54:21] [Server thread/INFO] [io.gi.su.ad.AdvancedRocketryCommunity/]: ARCE_MISSION_DELIVERY event=ACKNOWLEDGED mission=f14e858a-f2e1-4770-aa3a-0715e51a3338 terminal=ea96b8c9-3ca2-43e6-818e-0d76cab379f2 epoch=24 owner=b3d9c015-4141-4629-b7e3-ffa343cb1b17 reward=562317eeffd56e78
[17:54:21] [Server thread/INFO] [io.gi.su.ad.AdvancedRocketryCommunity/]: ARCE_MISSION_DELIVERY event=ACKNOWLEDGED mission=f479dab1-847d-4c0b-a4da-cf723b04243a terminal=ea96b8c9-3ca2-43e6-818e-0d76cab379f2 epoch=24 owner=b3d9c015-4141-4629-b7e3-ffa343cb1b17 reward=312fe6db33cf71bb
[17:54:21] [Server thread/INFO] [io.gi.su.ad.AdvancedRocketryCommunity/]: ARCE_MISSION_DELIVERY event=ACKNOWLEDGED mission=f48573fc-48d0-4cfc-a0cb-e703439e334f terminal=ea96b8c9-3ca2-43e6-818e-0d76cab379f2 epoch=24 owner=b3d9c015-4141-4629-b7e3-ffa343cb1b17 reward=b51c70e505653bb2
[17:54:21] [Server thread/INFO] [io.gi.su.ad.AdvancedRocketryCommunity/]: ARCE_MISSION_DELIVERY event=ACKNOWLEDGED mission=f6d14eb9-03bb-46cb-9fea-25f5e803adef terminal=ea96b8c9-3ca2-43e6-818e-0d76cab379f2 epoch=24 owner=b3d9c015-4141-4629-b7e3-ffa343cb1b17 reward=31be9aae513470b0
[17:54:21] [Server thread/INFO] [io.gi.su.ad.AdvancedRocketryCommunity/]: ARCE_MISSION_DELIVERY event=ACKNOWLEDGED mission=f925c4a7-44e6-4365-a553-1d0e177c8071 terminal=ea96b8c9-3ca2-43e6-818e-0d76cab379f2 epoch=24 owner=b3d9c015-4141-4629-b7e3-ffa343cb1b17 reward=ac42798ede2b2a61
[17:54:21] [Server thread/INFO] [io.gi.su.ad.AdvancedRocketryCommunity/]: ARCE_MISSION_DELIVERY event=ACKNOWLEDGED mission=fa2b916d-884c-4280-be23-a665fc6cbc30 terminal=ea96b8c9-3ca2-43e6-818e-0d76cab379f2 epoch=24 owner=b3d9c015-4141-4629-b7e3-ffa343cb1b17 reward=cdd59481c83d8c4a
[17:54:21] [Server thread/INFO] [io.gi.su.ad.AdvancedRocketryCommunity/]: ARCE_MISSION_DELIVERY event=ACKNOWLEDGED mission=fa46e512-7def-4117-b730-efe7b3a7c720 terminal=ea96b8c9-3ca2-43e6-818e-0d76cab379f2 epoch=24 owner=b3d9c015-4141-4629-b7e3-ffa343cb1b17 reward=a47c55c099743bbf
[17:54:21] [Server thread/INFO] [io.gi.su.ad.AdvancedRocketryCommunity/]: ARCE_MISSION_DELIVERY event=ACKNOWLEDGED mission=fab8a3c7-b6f1-4d0f-8957-56fca68f85bb terminal=ea96b8c9-3ca2-43e6-818e-0d76cab379f2 epoch=24 owner=b3d9c015-4141-4629-b7e3-ffa343cb1b17 reward=3244f5161edf1842
[17:54:21] [Server thread/INFO] [io.gi.su.ad.AdvancedRocketryCommunity/]: ARCE_MISSION_DELIVERY event=ACKNOWLEDGED mission=fae1fc4c-c855-437e-884f-69cdd1299f14 terminal=ea96b8c9-3ca2-43e6-818e-0d76cab379f2 epoch=24 owner=b3d9c015-4141-4629-b7e3-ffa343cb1b17 reward=bf9964c3d9543d0e
[17:54:21] [Server thread/INFO] [io.gi.su.ad.AdvancedRocketryCommunity/]: ARCE_MISSION_DELIVERY event=ACKNOWLEDGED mission=fc4d3fae-3bba-479f-a06c-00e491ff874e terminal=ea96b8c9-3ca2-43e6-818e-0d76cab379f2 epoch=24 owner=b3d9c015-4141-4629-b7e3-ffa343cb1b17 reward=b5f086858a7ae449
[17:54:21] [Server thread/INFO] [io.gi.su.ad.AdvancedRocketryCommunity/]: ARCE_MISSION_DELIVERY event=ACKNOWLEDGED mission=fe65f90a-92a3-4ded-b58d-eab35dda88bc terminal=ea96b8c9-3ca2-43e6-818e-0d76cab379f2 epoch=24 owner=b3d9c015-4141-4629-b7e3-ffa343cb1b17 reward=3a019acab1af17ff
[17:54:21] [Server thread/INFO] [io.gi.su.ad.AdvancedRocketryCommunity/]: ARCE_MISSION_DELIVERY event=ACKNOWLEDGED mission=fe6f2e85-40d1-4e75-8fd4-9c1578bfbcd1 terminal=ea96b8c9-3ca2-43e6-818e-0d76cab379f2 epoch=24 owner=b3d9c015-4141-4629-b7e3-ffa343cb1b17 reward=79cbc211b14e2638
[17:54:21] [Server thread/INFO] [io.gi.su.ad.AdvancedRocketryCommunity/]: ARCE_MISSION_DELIVERY event=ACKNOWLEDGED mission=fe93805f-ec3c-4533-926a-3c1a66333020 terminal=ea96b8c9-3ca2-43e6-818e-0d76cab379f2 epoch=24 owner=b3d9c015-4141-4629-b7e3-ffa343cb1b17 reward=23b9a4175ca42b61
[17:54:21] [Server thread/INFO] [io.gi.su.ad.AdvancedRocketryCommunity/]: ARCE_MISSION_DELIVERY event=ACKNOWLEDGED mission=000e8df1-092c-417a-9f63-2e7c7022b8c2 terminal=ea96b8c9-3ca2-43e6-818e-0d76cab379f2 epoch=24 owner=b3d9c015-4141-4629-b7e3-ffa343cb1b17 reward=450e90346ca2d4a9
[17:54:21] [Server thread/INFO] [io.gi.su.ad.AdvancedRocketryCommunity/]: ARCE_MISSION_DELIVERY event=ACKNOWLEDGED mission=015c9d57-533d-4d10-8008-2b41cb1863ca terminal=ea96b8c9-3ca2-43e6-818e-0d76cab379f2 epoch=24 owner=b3d9c015-4141-4629-b7e3-ffa343cb1b17 reward=76dbc1d1994b20a4
[17:54:21] [Server thread/INFO] [io.gi.su.ad.AdvancedRocketryCommunity/]: ARCE_MISSION_DELIVERY event=ACKNOWLEDGED mission=01bdd0f1-2359-4c25-8a31-6d443089025e terminal=ea96b8c9-3ca2-43e6-818e-0d76cab379f2 epoch=24 owner=b3d9c015-4141-4629-b7e3-ffa343cb1b17 reward=eda3a32dea45b60e
[17:54:21] [Server thread/INFO] [io.gi.su.ad.AdvancedRocketryCommunity/]: ARCE_MISSION_DELIVERY event=ACKNOWLEDGED mission=029c6094-451c-4c32-acc5-e0e6056bd69d terminal=ea96b8c9-3ca2-43e6-818e-0d76cab379f2 epoch=24 owner=b3d9c015-4141-4629-b7e3-ffa343cb1b17 reward=170ba24f252923b2
[17:54:21] [Server thread/INFO] [io.gi.su.ad.AdvancedRocketryCommunity/]: ARCE_MISSION_DELIVERY event=ACKNOWLEDGED mission=03f3de7e-8e0f-4710-9670-40a02da13136 terminal=ea96b8c9-3ca2-43e6-818e-0d76cab379f2 epoch=24 owner=b3d9c015-4141-4629-b7e3-ffa343cb1b17 reward=9d089b762228952b
[17:54:21] [Server thread/INFO] [io.gi.su.ad.AdvancedRocketryCommunity/]: ARCE_MISSION_DELIVERY event=ACKNOWLEDGED mission=06fac938-ff6d-4c70-8359-1b51937d5803 terminal=ea96b8c9-3ca2-43e6-818e-0d76cab379f2 epoch=24 owner=b3d9c015-4141-4629-b7e3-ffa343cb1b17 reward=e1d712e4b4a530ee
[17:54:21] [Server thread/INFO] [io.gi.su.ad.AdvancedRocketryCommunity/]: ARCE_MISSION_DELIVERY event=ACKNOWLEDGED mission=07b13e31-da51-4f7b-9fc7-f8bc0a0411ad terminal=ea96b8c9-3ca2-43e6-818e-0d76cab379f2 epoch=24 owner=b3d9c015-4141-4629-b7e3-ffa343cb1b17 reward=41061d0a52462593
[17:54:21] [Server thread/INFO] [io.gi.su.ad.AdvancedRocketryCommunity/]: ARCE_MISSION_DELIVERY event=ACKNOWLEDGED mission=084a7677-0b25-4114-aa1e-b6e809beeb3e terminal=ea96b8c9-3ca2-43e6-818e-0d76cab379f2 epoch=24 owner=b3d9c015-4141-4629-b7e3-ffa343cb1b17 reward=b6935b3e8d6becbc
[17:54:21] [Server thread/INFO] [io.gi.su.ad.AdvancedRocketryCommunity/]: ARCE_MISSION_DELIVERY event=ACKNOWLEDGED mission=084e03a6-7627-4e3a-9593-a64be96a5184 terminal=ea96b8c9-3ca2-43e6-818e-0d76cab379f2 epoch=24 owner=b3d9c015-4141-4629-b7e3-ffa343cb1b17 reward=62f0dd4e8431531c
[17:54:21] [Server thread/INFO] [io.gi.su.ad.AdvancedRocketryCommunity/]: ARCE_MISSION_DELIVERY event=ACKNOWLEDGED mission=0cbc4c67-d0c9-4af9-8480-fa72f7989100 terminal=ea96b8c9-3ca2-43e6-818e-0d76cab379f2 epoch=24 owner=b3d9c015-4141-4629-b7e3-ffa343cb1b17 reward=276750309ff73176
[17:54:21] [Server thread/INFO] [io.gi.su.ad.AdvancedRocketryCommunity/]: ARCE_MISSION_DELIVERY event=ACKNOWLEDGED mission=0d674fad-19ce-4cc0-9c45-a40a3cdfa8ba terminal=ea96b8c9-3ca2-43e6-818e-0d76cab379f2 epoch=24 owner=b3d9c015-4141-4629-b7e3-ffa343cb1b17 reward=2b842be3596c123b
[17:54:21] [Server thread/INFO] [io.gi.su.ad.AdvancedRocketryCommunity/]: ARCE_MISSION_DELIVERY event=ACKNOWLEDGED mission=0d911b6b-33e0-4b3d-8c2e-b439831bcccd terminal=ea96b8c9-3ca2-43e6-818e-0d76cab379f2 epoch=24 owner=b3d9c015-4141-4629-b7e3-ffa343cb1b17 reward=42519a547fc238a0
[17:54:21] [Server thread/INFO] [io.gi.su.ad.AdvancedRocketryCommunity/]: ARCE_MISSION_DELIVERY event=ACKNOWLEDGED mission=0db385c6-f767-402b-892c-66b59cf05ca9 terminal=ea96b8c9-3ca2-43e6-818e-0d76cab379f2 epoch=24 owner=b3d9c015-4141-4629-b7e3-ffa343cb1b17 reward=bef26906f7ea780d
[17:54:21] [Server thread/INFO] [io.gi.su.ad.AdvancedRocketryCommunity/]: ARCE_MISSION_DELIVERY event=ACKNOWLEDGED mission=0f39b6a7-2630-442e-b7bd-c92588b01a31 terminal=ea96b8c9-3ca2-43e6-818e-0d76cab379f2 epoch=24 owner=b3d9c015-4141-4629-b7e3-ffa343cb1b17 reward=118edf45e412a51e
[17:54:21] [Server thread/INFO] [io.gi.su.ad.AdvancedRocketryCommunity/]: ARCE_MISSION_DELIVERY event=ACKNOWLEDGED mission=0fe80b50-aafe-486b-9513-82316e7c94ee terminal=ea96b8c9-3ca2-43e6-818e-0d76cab379f2 epoch=24 owner=b3d9c015-4141-4629-b7e3-ffa343cb1b17 reward=d44d688e501ec1cb
[17:54:21] [Server thread/INFO] [io.gi.su.ad.AdvancedRocketryCommunity/]: ARCE_MISSION_DELIVERY event=ACKNOWLEDGED mission=1063754a-e66f-44fc-8cc1-4fef0e0b0bc8 terminal=ea96b8c9-3ca2-43e6-818e-0d76cab379f2 epoch=24 owner=b3d9c015-4141-4629-b7e3-ffa343cb1b17 reward=31ed3366463aa13f
[17:54:21] [Server thread/INFO] [io.gi.su.ad.AdvancedRocketryCommunity/]: ARCE_MISSION_DELIVERY event=ACKNOWLEDGED mission=10de9256-e95f-483a-a9be-16b4577cb436 terminal=ea96b8c9-3ca2-43e6-818e-0d76cab379f2 epoch=24 owner=b3d9c015-4141-4629-b7e3-ffa343cb1b17 reward=4a9d376f133551e8
[17:54:21] [Server thread/INFO] [io.gi.su.ad.AdvancedRocketryCommunity/]: ARCE_MISSION_DELIVERY event=ACKNOWLEDGED mission=11843acf-7954-4259-ab53-482c109e682a terminal=ea96b8c9-3ca2-43e6-818e-0d76cab379f2 epoch=24 owner=b3d9c015-4141-4629-b7e3-ffa343cb1b17 reward=71f5056d388ac1ac
[17:54:21] [Server thread/INFO] [io.gi.su.ad.AdvancedRocketryCommunity/]: ARCE_MISSION_DELIVERY event=ACKNOWLEDGED mission=13cb0a27-c4fb-443a-b553-ac0a2ceb5a07 terminal=ea96b8c9-3ca2-43e6-818e-0d76cab379f2 epoch=24 owner=b3d9c015-4141-4629-b7e3-ffa343cb1b17 reward=90d3f351314614d5
[17:54:21] [Server thread/INFO] [io.gi.su.ad.AdvancedRocketryCommunity/]: ARCE_MISSION_DELIVERY event=ACKNOWLEDGED mission=1481c6d0-eac0-4f24-9960-050b33a6393c terminal=ea96b8c9-3ca2-43e6-818e-0d76cab379f2 epoch=24 owner=b3d9c015-4141-4629-b7e3-ffa343cb1b17 reward=9dc58b9312ea830a
[17:54:21] [Server thread/INFO] [io.gi.su.ad.AdvancedRocketryCommunity/]: ARCE_MISSION_DELIVERY event=ACKNOWLEDGED mission=14d12d7c-ea0b-46e3-b627-218c224767ce terminal=ea96b8c9-3ca2-43e6-818e-0d76cab379f2 epoch=24 owner=b3d9c015-4141-4629-b7e3-ffa343cb1b17 reward=e54a66f33bea7f4b
[17:54:21] [Server thread/INFO] [io.gi.su.ad.AdvancedRocketryCommunity/]: ARCE_MISSION_DELIVERY event=ACKNOWLEDGED mission=151736d1-6412-4864-8275-f0c97eaee36c terminal=ea96b8c9-3ca2-43e6-818e-0d76cab379f2 epoch=24 owner=b3d9c015-4141-4629-b7e3-ffa343cb1b17 reward=b0a2328582b589c0
[17:54:21] [Server thread/INFO] [io.gi.su.ad.AdvancedRocketryCommunity/]: ARCE_MISSION_DELIVERY event=ACKNOWLEDGED mission=15875be7-3562-443b-a264-9bfa62bd184a terminal=ea96b8c9-3ca2-43e6-818e-0d76cab379f2 epoch=24 owner=b3d9c015-4141-4629-b7e3-ffa343cb1b17 reward=cdd58abe5160a191
[17:54:21] [Server thread/INFO] [io.gi.su.ad.AdvancedRocketryCommunity/]: ARCE_MISSION_DELIVERY event=ACKNOWLEDGED mission=16895eef-2588-416d-b7d7-0e59fdbfa449 terminal=ea96b8c9-3ca2-43e6-818e-0d76cab379f2 epoch=24 owner=b3d9c015-4141-4629-b7e3-ffa343cb1b17 reward=08d3984fd9ec58b5
[17:54:21] [Server thread/INFO] [io.gi.su.ad.AdvancedRocketryCommunity/]: ARCE_MISSION_DELIVERY event=ACKNOWLEDGED mission=168fa342-9f1b-444f-bfc9-8b63d8b4351b terminal=ea96b8c9-3ca2-43e6-818e-0d76cab379f2 epoch=24 owner=b3d9c015-4141-4629-b7e3-ffa343cb1b17 reward=ff667d394044316a
[17:54:21] [Server thread/INFO] [io.gi.su.ad.AdvancedRocketryCommunity/]: ARCE_MISSION_DELIVERY event=ACKNOWLEDGED mission=16f47bf1-4115-4953-80da-4e00e72c8ea9 terminal=ea96b8c9-3ca2-43e6-818e-0d76cab379f2 epoch=24 owner=b3d9c015-4141-4629-b7e3-ffa343cb1b17 reward=b9faf2cc9e1f8527
[17:54:21] [Server thread/INFO] [io.gi.su.ad.AdvancedRocketryCommunity/]: ARCE_MISSION_DELIVERY event=ACKNOWLEDGED mission=181e72e3-843b-4b22-90ad-9ca28e42835a terminal=ea96b8c9-3ca2-43e6-818e-0d76cab379f2 epoch=24 owner=b3d9c015-4141-4629-b7e3-ffa343cb1b17 reward=953271f4dcff0e5c
[17:54:21] [Server thread/INFO] [io.gi.su.ad.AdvancedRocketryCommunity/]: ARCE_MISSION_DELIVERY event=ACKNOWLEDGED mission=19d2ac97-0965-4dd1-bbba-9388239b94f2 terminal=ea96b8c9-3ca2-43e6-818e-0d76cab379f2 epoch=24 owner=b3d9c015-4141-4629-b7e3-ffa343cb1b17 reward=9a662c2f4b1d045b
[17:54:21] [Server thread/INFO] [io.gi.su.ad.AdvancedRocketryCommunity/]: ARCE_MISSION_DELIVERY event=ACKNOWLEDGED mission=1aa13845-baaf-47b8-afd6-0697ef594b14 terminal=ea96b8c9-3ca2-43e6-818e-0d76cab379f2 epoch=24 owner=b3d9c015-4141-4629-b7e3-ffa343cb1b17 reward=334de5f3a15ce8d8
[17:54:21] [Server thread/INFO] [io.gi.su.ad.AdvancedRocketryCommunity/]: ARCE_MISSION_DELIVERY event=ACKNOWLEDGED mission=1c9d70fa-b486-4d2d-a251-e32e46b2abe5 terminal=ea96b8c9-3ca2-43e6-818e-0d76cab379f2 epoch=24 owner=b3d9c015-4141-4629-b7e3-ffa343cb1b17 reward=38e437f884eef620
[17:54:21] [Server thread/INFO] [io.gi.su.ad.AdvancedRocketryCommunity/]: ARCE_MISSION_DELIVERY event=ACKNOWLEDGED mission=1e6b72a5-83bb-4b9e-bfef-07ca54557792 terminal=ea96b8c9-3ca2-43e6-818e-0d76cab379f2 epoch=24 owner=b3d9c015-4141-4629-b7e3-ffa343cb1b17 reward=1ac6d56a6a81a4e6
[17:54:21] [Server thread/INFO] [io.gi.su.ad.AdvancedRocketryCommunity/]: ARCE_MISSION_DELIVERY event=ACKNOWLEDGED mission=1ecd1267-8110-4297-b0d0-f983a0389b0f terminal=ea96b8c9-3ca2-43e6-818e-0d76cab379f2 epoch=24 owner=b3d9c015-4141-4629-b7e3-ffa343cb1b17 reward=c1a1d3dd7b40ea48
[17:54:21] [Server thread/INFO] [io.gi.su.ad.AdvancedRocketryCommunity/]: ARCE_MISSION_DELIVERY event=ACKNOWLEDGED mission=21b351af-b382-48c7-8860-f379c7bcd30b terminal=ea96b8c9-3ca2-43e6-818e-0d76cab379f2 epoch=24 owner=b3d9c015-4141-4629-b7e3-ffa343cb1b17 reward=83e612a67510825b
[17:54:21] [Server thread/INFO] [io.gi.su.ad.AdvancedRocketryCommunity/]: ARCE_MISSION_DELIVERY event=ACKNOWLEDGED mission=22436105-3ff5-4450-b56f-6391b5a9b7f4 terminal=ea96b8c9-3ca2-43e6-818e-0d76cab379f2 epoch=24 owner=b3d9c015-4141-4629-b7e3-ffa343cb1b17 reward=c1841dfc135a50db
[17:54:21] [Server thread/INFO] [io.gi.su.ad.AdvancedRocketryCommunity/]: ARCE_MISSION_DELIVERY event=ACKNOWLEDGED mission=2264757c-4d42-462c-9ccd-e0f25daeec5f terminal=ea96b8c9-3ca2-43e6-818e-0d76cab379f2 epoch=24 owner=b3d9c015-4141-4629-b7e3-ffa343cb1b17 reward=cb63ec9241d982c3
[17:54:21] [Server thread/INFO] [io.gi.su.ad.AdvancedRocketryCommunity/]: ARCE_MISSION_DELIVERY event=ACKNOWLEDGED mission=22dc714b-ef0f-4ee4-8f9b-e2a317806487 terminal=ea96b8c9-3ca2-43e6-818e-0d76cab379f2 epoch=24 owner=b3d9c015-4141-4629-b7e3-ffa343cb1b17 reward=e8448482dc109e81
[17:54:21] [Server thread/INFO] [io.gi.su.ad.AdvancedRocketryCommunity/]: ARCE_MISSION_DELIVERY event=ACKNOWLEDGED mission=233b1dd0-7e46-4867-bcb0-cff7824ba576 terminal=ea96b8c9-3ca2-43e6-818e-0d76cab379f2 epoch=24 owner=b3d9c015-4141-4629-b7e3-ffa343cb1b17 reward=9fc5d77b6c1d3e89
[17:54:21] [Server thread/INFO] [io.gi.su.ad.AdvancedRocketryCommunity/]: ARCE_MISSION_DELIVERY event=ACKNOWLEDGED mission=2635d2ca-1151-4e0a-9bf0-aebdf7ea6cac terminal=ea96b8c9-3ca2-43e6-818e-0d76cab379f2 epoch=24 owner=b3d9c015-4141-4629-b7e3-ffa343cb1b17 reward=0ddbc17b468e4dd1
[17:54:21] [Server thread/INFO] [io.gi.su.ad.AdvancedRocketryCommunity/]: ARCE_MISSION_DELIVERY event=ACKNOWLEDGED mission=26c1742b-7e15-4edb-be87-4bb93611e318 terminal=ea96b8c9-3ca2-43e6-818e-0d76cab379f2 epoch=24 owner=b3d9c015-4141-4629-b7e3-ffa343cb1b17 reward=97c5c25ac4f7137d
[17:54:21] [Server thread/INFO] [io.gi.su.ad.AdvancedRocketryCommunity/]: ARCE_MISSION_DELIVERY event=ACKNOWLEDGED mission=2719fecf-735f-43fc-af84-95432e8f5e7a terminal=ea96b8c9-3ca2-43e6-818e-0d76cab379f2 epoch=24 owner=b3d9c015-4141-4629-b7e3-ffa343cb1b17 reward=b47a0c064a3288b8
[17:54:21] [Server thread/INFO] [io.gi.su.ad.AdvancedRocketryCommunity/]: ARCE_MISSION_DELIVERY event=ACKNOWLEDGED mission=285adb6e-ffd6-4fca-ab0f-b30eb3b1e678 terminal=ea96b8c9-3ca2-43e6-818e-0d76cab379f2 epoch=24 owner=b3d9c015-4141-4629-b7e3-ffa343cb1b17 reward=95555f6bbfe1b81a
[17:54:21] [Server thread/INFO] [io.gi.su.ad.AdvancedRocketryCommunity/]: ARCE_MISSION_DELIVERY event=ACKNOWLEDGED mission=29900787-f952-4b70-a3f5-c67c9416b4db terminal=ea96b8c9-3ca2-43e6-818e-0d76cab379f2 epoch=24 owner=b3d9c015-4141-4629-b7e3-ffa343cb1b17 reward=122cedf864070f3b
[17:54:21] [Server thread/INFO] [io.gi.su.ad.AdvancedRocketryCommunity/]: ARCE_MISSION_DELIVERY event=ACKNOWLEDGED mission=2a2b800b-d8f8-43d3-9c6a-5b25c0695994 terminal=ea96b8c9-3ca2-43e6-818e-0d76cab379f2 epoch=24 owner=b3d9c015-4141-4629-b7e3-ffa343cb1b17 reward=f2c6f1144f1f9bd3
[17:54:21] [Server thread/INFO] [io.gi.su.ad.AdvancedRocketryCommunity/]: ARCE_MISSION_DELIVERY event=ACKNOWLEDGED mission=2b0f18da-ac4a-4e79-b570-41b210ff9bd0 terminal=ea96b8c9-3ca2-43e6-818e-0d76cab379f2 epoch=24 owner=b3d9c015-4141-4629-b7e3-ffa343cb1b17 reward=e9ffb797c0b2fa89
[17:54:21] [Server thread/INFO] [io.gi.su.ad.AdvancedRocketryCommunity/]: ARCE_MISSION_DELIVERY event=ACKNOWLEDGED mission=2c6ffb8d-1750-490b-9d6a-019dc9b1cd45 terminal=ea96b8c9-3ca2-43e6-818e-0d76cab379f2 epoch=24 owner=b3d9c015-4141-4629-b7e3-ffa343cb1b17 reward=3ee563fb97006a9e
[17:54:21] [Server thread/INFO] [io.gi.su.ad.AdvancedRocketryCommunity/]: ARCE_MISSION_DELIVERY event=ACKNOWLEDGED mission=2cadbdd1-2cd3-4f6e-b372-059c5e13a367 terminal=ea96b8c9-3ca2-43e6-818e-0d76cab379f2 epoch=24 owner=b3d9c015-4141-4629-b7e3-ffa343cb1b17 reward=fbec874ded4de683
[17:54:21] [Server thread/INFO] [io.gi.su.ad.AdvancedRocketryCommunity/]: ARCE_MISSION_DELIVERY event=ACKNOWLEDGED mission=2fa1eec1-439a-43ad-b50a-647443623805 terminal=ea96b8c9-3ca2-43e6-818e-0d76cab379f2 epoch=24 owner=b3d9c015-4141-4629-b7e3-ffa343cb1b17 reward=10038fec73da7f49
[17:54:21] [Server thread/INFO] [io.gi.su.ad.AdvancedRocketryCommunity/]: ARCE_MISSION_DELIVERY event=ACKNOWLEDGED mission=321d9186-7904-4b7d-9d21-3b8f99e72bd4 terminal=ea96b8c9-3ca2-43e6-818e-0d76cab379f2 epoch=24 owner=b3d9c015-4141-4629-b7e3-ffa343cb1b17 reward=dc8fd883149f9877
[17:54:21] [Server thread/INFO] [io.gi.su.ad.AdvancedRocketryCommunity/]: ARCE_MISSION_DELIVERY event=ACKNOWLEDGED mission=3398728e-cb5f-4a4d-97e3-bab8ffa6908e terminal=ea96b8c9-3ca2-43e6-818e-0d76cab379f2 epoch=24 owner=b3d9c015-4141-4629-b7e3-ffa343cb1b17 reward=b3585cb60ac917e1
[17:54:21] [Server thread/INFO] [io.gi.su.ad.AdvancedRocketryCommunity/]: ARCE_MISSION_DELIVERY event=ACKNOWLEDGED mission=342cbcb5-3f6f-49b3-a232-01b3ff36849a terminal=ea96b8c9-3ca2-43e6-818e-0d76cab379f2 epoch=24 owner=b3d9c015-4141-4629-b7e3-ffa343cb1b17 reward=f1ca3cdd71df9d44
[17:54:21] [Server thread/INFO] [io.gi.su.ad.AdvancedRocketryCommunity/]: ARCE_MISSION_DELIVERY event=ACKNOWLEDGED mission=3633b2fb-52f5-495a-a5a3-c2551811be1c terminal=ea96b8c9-3ca2-43e6-818e-0d76cab379f2 epoch=24 owner=b3d9c015-4141-4629-b7e3-ffa343cb1b17 reward=1802fc16748e174c
[17:54:21] [Server thread/INFO] [io.gi.su.ad.AdvancedRocketryCommunity/]: ARCE_MISSION_DELIVERY event=ACKNOWLEDGED mission=36b40064-21f5-44ee-9789-fde6c610eb58 terminal=ea96b8c9-3ca2-43e6-818e-0d76cab379f2 epoch=24 owner=b3d9c015-4141-4629-b7e3-ffa343cb1b17 reward=b66f8d9e4eafd8aa
[17:54:21] [Server thread/INFO] [io.gi.su.ad.AdvancedRocketryCommunity/]: ARCE_MISSION_DELIVERY event=ACKNOWLEDGED mission=374cdc33-4f70-45cd-8e12-a16f6c15269f terminal=ea96b8c9-3ca2-43e6-818e-0d76cab379f2 epoch=24 owner=b3d9c015-4141-4629-b7e3-ffa343cb1b17 reward=f2d298a7efd42a9c
[17:54:21] [Server thread/INFO] [io.gi.su.ad.AdvancedRocketryCommunity/]: ARCE_MISSION_DELIVERY event=ACKNOWLEDGED mission=378fe763-23e0-4e08-8304-a4a6d8e7488b terminal=ea96b8c9-3ca2-43e6-818e-0d76cab379f2 epoch=24 owner=b3d9c015-4141-4629-b7e3-ffa343cb1b17 reward=1e8da5e1a85f9320
[17:54:21] [Server thread/INFO] [io.gi.su.ad.AdvancedRocketryCommunity/]: ARCE_MISSION_DELIVERY event=ACKNOWLEDGED mission=39a5e5ec-a841-4964-a440-d3557c6a78dd terminal=ea96b8c9-3ca2-43e6-818e-0d76cab379f2 epoch=24 owner=b3d9c015-4141-4629-b7e3-ffa343cb1b17 reward=345860b4e570b5a5
[17:54:21] [Server thread/INFO] [io.gi.su.ad.AdvancedRocketryCommunity/]: ARCE_MISSION_DELIVERY event=ACKNOWLEDGED mission=39fe9364-3f08-434d-8363-89c33ff13b79 terminal=ea96b8c9-3ca2-43e6-818e-0d76cab379f2 epoch=24 owner=b3d9c015-4141-4629-b7e3-ffa343cb1b17 reward=faf7b276fdcad6f6
[17:54:21] [Server thread/INFO] [io.gi.su.ad.AdvancedRocketryCommunity/]: ARCE_MISSION_DELIVERY event=ACKNOWLEDGED mission=3a4cd5fc-82c5-4feb-9c63-ec2bf4ce071d terminal=ea96b8c9-3ca2-43e6-818e-0d76cab379f2 epoch=24 owner=b3d9c015-4141-4629-b7e3-ffa343cb1b17 reward=fba07f7a0714dbe4
[17:54:21] [Server thread/INFO] [io.gi.su.ad.AdvancedRocketryCommunity/]: ARCE_MISSION_DELIVERY event=ACKNOWLEDGED mission=3a5ff1d8-24f4-47c1-be5f-d85fad0aa72e terminal=ea96b8c9-3ca2-43e6-818e-0d76cab379f2 epoch=24 owner=b3d9c015-4141-4629-b7e3-ffa343cb1b17 reward=1a5adf0da2802136
[17:54:21] [Server thread/INFO] [io.gi.su.ad.AdvancedRocketryCommunity/]: ARCE_MISSION_DELIVERY event=ACKNOWLEDGED mission=3ab538e2-5201-4c82-9db2-2defb62aba85 terminal=ea96b8c9-3ca2-43e6-818e-0d76cab379f2 epoch=24 owner=b3d9c015-4141-4629-b7e3-ffa343cb1b17 reward=22f4d27f97a2affb
[17:54:21] [Server thread/INFO] [io.gi.su.ad.AdvancedRocketryCommunity/]: ARCE_MISSION_DELIVERY event=ACKNOWLEDGED mission=3bdac226-6304-46c7-aa5c-aa0f73768ef6 terminal=ea96b8c9-3ca2-43e6-818e-0d76cab379f2 epoch=24 owner=b3d9c015-4141-4629-b7e3-ffa343cb1b17 reward=4803abcc09cd62ff
[17:54:21] [Server thread/INFO] [io.gi.su.ad.AdvancedRocketryCommunity/]: ARCE_MISSION_DELIVERY event=ACKNOWLEDGED mission=3ec6369d-24d0-48db-acd0-a2bc1cb773db terminal=ea96b8c9-3ca2-43e6-818e-0d76cab379f2 epoch=24 owner=b3d9c015-4141-4629-b7e3-ffa343cb1b17 reward=54a7589a1930c5e5
[17:54:21] [Server thread/INFO] [io.gi.su.ad.AdvancedRocketryCommunity/]: ARCE_MISSION_DELIVERY event=ACKNOWLEDGED mission=3fffd1b7-2bc3-42d6-bd38-22777e9cd551 terminal=ea96b8c9-3ca2-43e6-818e-0d76cab379f2 epoch=24 owner=b3d9c015-4141-4629-b7e3-ffa343cb1b17 reward=28a4fb31ffd26d6c
[17:54:21] [Server thread/INFO] [io.gi.su.ad.AdvancedRocketryCommunity/]: ARCE_MISSION_DELIVERY event=ACKNOWLEDGED mission=4028b37f-4045-4ed4-8b72-4e58b4f44ce7 terminal=ea96b8c9-3ca2-43e6-818e-0d76cab379f2 epoch=24 owner=b3d9c015-4141-4629-b7e3-ffa343cb1b17 reward=541db37251ba6be1
[17:54:21] [Server thread/INFO] [io.gi.su.ad.AdvancedRocketryCommunity/]: ARCE_MISSION_DELIVERY event=ACKNOWLEDGED mission=41ad7445-beee-4856-afb6-531252b96eab terminal=ea96b8c9-3ca2-43e6-818e-0d76cab379f2 epoch=24 owner=b3d9c015-4141-4629-b7e3-ffa343cb1b17 reward=4d06bfcc13099985
[17:54:21] [Server thread/INFO] [io.gi.su.ad.AdvancedRocketryCommunity/]: ARCE_MISSION_DELIVERY event=ACKNOWLEDGED mission=43b8210b-a859-4c8f-ac6d-4a3f9bff3e06 terminal=ea96b8c9-3ca2-43e6-818e-0d76cab379f2 epoch=24 owner=b3d9c015-4141-4629-b7e3-ffa343cb1b17 reward=0a9e163a647a5a12
[17:54:21] [Server thread/INFO] [io.gi.su.ad.AdvancedRocketryCommunity/]: ARCE_MISSION_DELIVERY event=ACKNOWLEDGED mission=4456213c-2a82-4e53-94e9-e9a31494abaa terminal=ea96b8c9-3ca2-43e6-818e-0d76cab379f2 epoch=24 owner=b3d9c015-4141-4629-b7e3-ffa343cb1b17 reward=457f4a6b45976380
[17:54:21] [Server thread/INFO] [io.gi.su.ad.AdvancedRocketryCommunity/]: ARCE_MISSION_DELIVERY event=ACKNOWLEDGED mission=45d847d6-fe20-414e-8244-e57ef3ecb869 terminal=ea96b8c9-3ca2-43e6-818e-0d76cab379f2 epoch=24 owner=b3d9c015-4141-4629-b7e3-ffa343cb1b17 reward=482f7d4d800618be
[17:54:21] [Server thread/INFO] [io.gi.su.ad.AdvancedRocketryCommunity/]: ARCE_MISSION_DELIVERY event=ACKNOWLEDGED mission=4651dae7-fec6-46dc-b60e-32f5c2b7f8ea terminal=ea96b8c9-3ca2-43e6-818e-0d76cab379f2 epoch=24 owner=b3d9c015-4141-4629-b7e3-ffa343cb1b17 reward=40604f95b37f298f
[17:54:21] [Server thread/INFO] [io.gi.su.ad.AdvancedRocketryCommunity/]: ARCE_MISSION_DELIVERY event=ACKNOWLEDGED mission=4666fafa-5a28-4139-ab42-4eebe8daaed1 terminal=ea96b8c9-3ca2-43e6-818e-0d76cab379f2 epoch=24 owner=b3d9c015-4141-4629-b7e3-ffa343cb1b17 reward=4dab0a2a00cf6971
[17:54:21] [Server thread/INFO] [io.gi.su.ad.AdvancedRocketryCommunity/]: ARCE_MISSION_DELIVERY event=ACKNOWLEDGED mission=4ae0c0b1-3256-4a47-a6ff-88b97b7e6572 terminal=ea96b8c9-3ca2-43e6-818e-0d76cab379f2 epoch=24 owner=b3d9c015-4141-4629-b7e3-ffa343cb1b17 reward=783fa9748d2fd824
[17:54:21] [Server thread/INFO] [io.gi.su.ad.AdvancedRocketryCommunity/]: ARCE_MISSION_DELIVERY event=ACKNOWLEDGED mission=4bed8074-8129-4a10-ac98-4992829a50a2 terminal=ea96b8c9-3ca2-43e6-818e-0d76cab379f2 epoch=24 owner=b3d9c015-4141-4629-b7e3-ffa343cb1b17 reward=ebad1439d94d6fa9
[17:54:21] [Server thread/INFO] [io.gi.su.ad.AdvancedRocketryCommunity/]: ARCE_MISSION_DELIVERY event=ACKNOWLEDGED mission=4c632a72-067b-474a-bbb7-f4452002935b terminal=ea96b8c9-3ca2-43e6-818e-0d76cab379f2 epoch=24 owner=b3d9c015-4141-4629-b7e3-ffa343cb1b17 reward=c252072d6a84f45f
[17:54:21] [Server thread/INFO] [io.gi.su.ad.AdvancedRocketryCommunity/]: ARCE_MISSION_DELIVERY event=ACKNOWLEDGED mission=4ca253b7-0d99-48b0-891b-99e2dc31aca7 terminal=ea96b8c9-3ca2-43e6-818e-0d76cab379f2 epoch=24 owner=b3d9c015-4141-4629-b7e3-ffa343cb1b17 reward=a89b592b6936c96f
[17:54:21] [Server thread/INFO] [io.gi.su.ad.AdvancedRocketryCommunity/]: ARCE_MISSION_DELIVERY event=ACKNOWLEDGED mission=4e060c9e-79e0-48df-b154-25d6a52adb09 terminal=ea96b8c9-3ca2-43e6-818e-0d76cab379f2 epoch=24 owner=b3d9c015-4141-4629-b7e3-ffa343cb1b17 reward=cbb070a84fb022f2
[17:54:21] [Server thread/INFO] [io.gi.su.ad.AdvancedRocketryCommunity/]: ARCE_MISSION_DELIVERY event=ACKNOWLEDGED mission=4e545950-2a6b-403c-9d4c-b000c391bbbc terminal=ea96b8c9-3ca2-43e6-818e-0d76cab379f2 epoch=24 owner=b3d9c015-4141-4629-b7e3-ffa343cb1b17 reward=ee4abe8716b9b447
[17:54:21] [Server thread/INFO] [io.gi.su.ad.AdvancedRocketryCommunity/]: ARCE_MISSION_DELIVERY event=ACKNOWLEDGED mission=4e579e02-f0b0-4b8e-a96c-cd68a3d2be81 terminal=ea96b8c9-3ca2-43e6-818e-0d76cab379f2 epoch=24 owner=b3d9c015-4141-4629-b7e3-ffa343cb1b17 reward=9bc66797b95c68a5
[17:54:21] [Server thread/INFO] [io.gi.su.ad.AdvancedRocketryCommunity/]: ARCE_MISSION_DELIVERY event=ACKNOWLEDGED mission=4e98cab8-aa8b-465e-86d5-b9d51c1368c1 terminal=ea96b8c9-3ca2-43e6-818e-0d76cab379f2 epoch=24 owner=b3d9c015-4141-4629-b7e3-ffa343cb1b17 reward=fca444fd0a2b0f1a
[17:54:21] [Server thread/INFO] [io.gi.su.ad.AdvancedRocketryCommunity/]: ARCE_MISSION_DELIVERY event=ACKNOWLEDGED mission=4f328a47-b10a-4b36-a43d-89f88a006ae7 terminal=ea96b8c9-3ca2-43e6-818e-0d76cab379f2 epoch=24 owner=b3d9c015-4141-4629-b7e3-ffa343cb1b17 reward=e33ebec849271a95
[17:54:21] [Server thread/INFO] [io.gi.su.ad.AdvancedRocketryCommunity/]: ARCE_MISSION_DELIVERY event=ACKNOWLEDGED mission=4f6a048f-abe2-4b42-a6c3-9ae659704f42 terminal=ea96b8c9-3ca2-43e6-818e-0d76cab379f2 epoch=24 owner=b3d9c015-4141-4629-b7e3-ffa343cb1b17 reward=cbdc213e52062b36
[17:54:21] [Server thread/INFO] [io.gi.su.ad.AdvancedRocketryCommunity/]: ARCE_MISSION_DELIVERY event=ACKNOWLEDGED mission=4fb8d2c8-3bbd-4bd0-888e-65518d069d22 terminal=ea96b8c9-3ca2-43e6-818e-0d76cab379f2 epoch=24 owner=b3d9c015-4141-4629-b7e3-ffa343cb1b17 reward=b0bef2767ab9bcc0
[17:54:21] [Server thread/INFO] [io.gi.su.ad.AdvancedRocketryCommunity/]: ARCE_MISSION_DELIVERY event=ACKNOWLEDGED mission=4fdea261-7bf0-4fcf-b0a8-e899e84ca791 terminal=ea96b8c9-3ca2-43e6-818e-0d76cab379f2 epoch=24 owner=b3d9c015-4141-4629-b7e3-ffa343cb1b17 reward=770533aa8ead121c
[17:54:21] [Server thread/INFO] [io.gi.su.ad.AdvancedRocketryCommunity/]: ARCE_MISSION_DELIVERY event=ACKNOWLEDGED mission=514cac69-167a-40f1-aba3-bc4c7ec8a4a6 terminal=ea96b8c9-3ca2-43e6-818e-0d76cab379f2 epoch=24 owner=b3d9c015-4141-4629-b7e3-ffa343cb1b17 reward=0945d6e6e530817f
[17:54:21] [Server thread/INFO] [io.gi.su.ad.AdvancedRocketryCommunity/]: ARCE_MISSION_DELIVERY event=ACKNOWLEDGED mission=525cf708-f89a-4558-8d9b-724b252e9160 terminal=ea96b8c9-3ca2-43e6-818e-0d76cab379f2 epoch=24 owner=b3d9c015-4141-4629-b7e3-ffa343cb1b17 reward=b9272c35778812dd
[17:54:21] [Server thread/INFO] [io.gi.su.ad.AdvancedRocketryCommunity/]: ARCE_MISSION_DELIVERY event=ACKNOWLEDGED mission=52f24dcc-f923-4b03-9a8f-7ced2b8fd965 terminal=ea96b8c9-3ca2-43e6-818e-0d76cab379f2 epoch=24 owner=b3d9c015-4141-4629-b7e3-ffa343cb1b17 reward=fb52f9a7649492d1
[17:54:21] [Server thread/INFO] [io.gi.su.ad.AdvancedRocketryCommunity/]: ARCE_MISSION_DELIVERY event=ACKNOWLEDGED mission=531c7a08-a7d2-446e-8709-7c7ffb0a5063 terminal=ea96b8c9-3ca2-43e6-818e-0d76cab379f2 epoch=24 owner=b3d9c015-4141-4629-b7e3-ffa343cb1b17 reward=3c7a82aabf6ca8ae
[17:54:21] [Server thread/INFO] [io.gi.su.ad.AdvancedRocketryCommunity/]: ARCE_MISSION_DELIVERY event=ACKNOWLEDGED mission=5378742e-59ab-42ba-90ad-465dcf3e5a9a terminal=ea96b8c9-3ca2-43e6-818e-0d76cab379f2 epoch=24 owner=b3d9c015-4141-4629-b7e3-ffa343cb1b17 reward=251301b6a3e88da6
[17:54:21] [Server thread/INFO] [io.gi.su.ad.AdvancedRocketryCommunity/]: ARCE_MISSION_DELIVERY event=ACKNOWLEDGED mission=56885a01-bc71-4868-8c20-0e475a1212c8 terminal=ea96b8c9-3ca2-43e6-818e-0d76cab379f2 epoch=24 owner=b3d9c015-4141-4629-b7e3-ffa343cb1b17 reward=d04d9e986906a177
[17:54:21] [Server thread/INFO] [io.gi.su.ad.AdvancedRocketryCommunity/]: ARCE_MISSION_DELIVERY event=ACKNOWLEDGED mission=56dbbe48-c7bc-404c-ab02-ec47f8a0b693 terminal=ea96b8c9-3ca2-43e6-818e-0d76cab379f2 epoch=24 owner=b3d9c015-4141-4629-b7e3-ffa343cb1b17 reward=e8e8b35b8dcf11cb
[17:54:21] [Server thread/INFO] [io.gi.su.ad.AdvancedRocketryCommunity/]: ARCE_MISSION_DELIVERY event=ACKNOWLEDGED mission=58721e3a-786b-4248-97ea-1f29f0244039 terminal=ea96b8c9-3ca2-43e6-818e-0d76cab379f2 epoch=24 owner=b3d9c015-4141-4629-b7e3-ffa343cb1b17 reward=cfbceca6283bd486
[17:54:21] [Server thread/INFO] [io.gi.su.ad.AdvancedRocketryCommunity/]: ARCE_MISSION_DELIVERY event=ACKNOWLEDGED mission=5881d3f5-39a0-4be3-a1bf-8464f2e2f42c terminal=ea96b8c9-3ca2-43e6-818e-0d76cab379f2 epoch=24 owner=b3d9c015-4141-4629-b7e3-ffa343cb1b17 reward=b8650196fa73a15a
[17:54:21] [Server thread/INFO] [io.gi.su.ad.AdvancedRocketryCommunity/]: ARCE_MISSION_DELIVERY event=ACKNOWLEDGED mission=599180b4-fcda-4f44-a4c3-68fe829843ee terminal=ea96b8c9-3ca2-43e6-818e-0d76cab379f2 epoch=24 owner=b3d9c015-4141-4629-b7e3-ffa343cb1b17 reward=6eab3e9711a8c1a7
[17:54:21] [Server thread/INFO] [io.gi.su.ad.AdvancedRocketryCommunity/]: ARCE_MISSION_DELIVERY event=ACKNOWLEDGED mission=5bc4cc66-646d-4a76-90f8-55e0df541f93 terminal=ea96b8c9-3ca2-43e6-818e-0d76cab379f2 epoch=24 owner=b3d9c015-4141-4629-b7e3-ffa343cb1b17 reward=30c6be178035e13a
[17:54:21] [Server thread/INFO] [io.gi.su.ad.AdvancedRocketryCommunity/]: ARCE_MISSION_DELIVERY event=ACKNOWLEDGED mission=5e408d0b-b989-4cb9-8956-34eb92fe88d2 terminal=ea96b8c9-3ca2-43e6-818e-0d76cab379f2 epoch=24 owner=b3d9c015-4141-4629-b7e3-ffa343cb1b17 reward=b07652fbee414428
[17:54:21] [Server thread/INFO] [io.gi.su.ad.AdvancedRocketryCommunity/]: ARCE_MISSION_DELIVERY event=ACKNOWLEDGED mission=5ed46cb1-a5b9-4208-bc60-4f74a73b38bc terminal=ea96b8c9-3ca2-43e6-818e-0d76cab379f2 epoch=24 owner=b3d9c015-4141-4629-b7e3-ffa343cb1b17 reward=feda25356f7325ea
[17:54:21] [Server thread/INFO] [io.gi.su.ad.AdvancedRocketryCommunity/]: ARCE_MISSION_DELIVERY event=ACKNOWLEDGED mission=5edae1be-5ea0-41af-b1f2-d1daff8dbc70 terminal=ea96b8c9-3ca2-43e6-818e-0d76cab379f2 epoch=24 owner=b3d9c015-4141-4629-b7e3-ffa343cb1b17 reward=63ae799d5c57a017
[17:54:21] [Server thread/INFO] [io.gi.su.ad.AdvancedRocketryCommunity/]: ARCE_MISSION_DELIVERY event=ACKNOWLEDGED mission=5f8b0e6a-c205-4387-b038-c97a0cd0718d terminal=ea96b8c9-3ca2-43e6-818e-0d76cab379f2 epoch=24 owner=b3d9c015-4141-4629-b7e3-ffa343cb1b17 reward=879965bb6ba0cc64
[17:54:21] [Server thread/INFO] [io.gi.su.ad.AdvancedRocketryCommunity/]: ARCE_MISSION_DELIVERY event=ACKNOWLEDGED mission=603f9e71-74f1-469e-907b-4031fc4bb845 terminal=ea96b8c9-3ca2-43e6-818e-0d76cab379f2 epoch=24 owner=b3d9c015-4141-4629-b7e3-ffa343cb1b17 reward=81ae971113ded7dd
[17:54:21] [Server thread/INFO] [io.gi.su.ad.AdvancedRocketryCommunity/]: ARCE_MISSION_DELIVERY event=ACKNOWLEDGED mission=605d1536-b79c-4256-bf0f-6aa07d1e5691 terminal=ea96b8c9-3ca2-43e6-818e-0d76cab379f2 epoch=24 owner=b3d9c015-4141-4629-b7e3-ffa343cb1b17 reward=c77702c22c67d838
[17:54:21] [Server thread/INFO] [io.gi.su.ad.AdvancedRocketryCommunity/]: ARCE_MISSION_DELIVERY event=ACKNOWLEDGED mission=6127debc-b318-4c83-8562-39a82dde517a terminal=ea96b8c9-3ca2-43e6-818e-0d76cab379f2 epoch=24 owner=b3d9c015-4141-4629-b7e3-ffa343cb1b17 reward=a6943e625fc07482
[17:54:21] [Server thread/INFO] [io.gi.su.ad.AdvancedRocketryCommunity/]: ARCE_MISSION_DELIVERY event=ACKNOWLEDGED mission=61c8c5e7-785c-4d21-99b2-f962dfb283cc terminal=ea96b8c9-3ca2-43e6-818e-0d76cab379f2 epoch=24 owner=b3d9c015-4141-4629-b7e3-ffa343cb1b17 reward=57d4f527b92d4a94
[17:54:21] [Server thread/INFO] [io.gi.su.ad.AdvancedRocketryCommunity/]: ARCE_MISSION_DELIVERY event=ACKNOWLEDGED mission=61e1c5a9-7260-402d-9d01-786e16954b33 terminal=ea96b8c9-3ca2-43e6-818e-0d76cab379f2 epoch=24 owner=b3d9c015-4141-4629-b7e3-ffa343cb1b17 reward=6a7b8d8c0221621b
[17:54:21] [Server thread/INFO] [io.gi.su.ad.AdvancedRocketryCommunity/]: ARCE_MISSION_DELIVERY event=ACKNOWLEDGED mission=640eda21-aefb-4acf-869e-f870543ba32a terminal=ea96b8c9-3ca2-43e6-818e-0d76cab379f2 epoch=24 owner=b3d9c015-4141-4629-b7e3-ffa343cb1b17 reward=62e5e5fa8ee83874
[17:54:21] [Server thread/INFO] [io.gi.su.ad.AdvancedRocketryCommunity/]: ARCE_MISSION_DELIVERY event=ACKNOWLEDGED mission=65352994-14ff-450c-9d6e-617bc3fbd116 terminal=ea96b8c9-3ca2-43e6-818e-0d76cab379f2 epoch=24 owner=b3d9c015-4141-4629-b7e3-ffa343cb1b17 reward=4c8ebe4f54824a24
[17:54:21] [Server thread/INFO] [io.gi.su.ad.AdvancedRocketryCommunity/]: ARCE_MISSION_DELIVERY event=ACKNOWLEDGED mission=66a1cb0d-dbbd-49e5-974a-c7a332ffc957 terminal=ea96b8c9-3ca2-43e6-818e-0d76cab379f2 epoch=24 owner=b3d9c015-4141-4629-b7e3-ffa343cb1b17 reward=d2adff7592687677
[17:54:21] [Server thread/INFO] [io.gi.su.ad.AdvancedRocketryCommunity/]: ARCE_MISSION_DELIVERY event=ACKNOWLEDGED mission=66e5af4f-674d-49b7-ad5e-8be979c2783c terminal=ea96b8c9-3ca2-43e6-818e-0d76cab379f2 epoch=24 owner=b3d9c015-4141-4629-b7e3-ffa343cb1b17 reward=6929fb6d29c24e9a
[17:54:21] [Server thread/INFO] [io.gi.su.ad.AdvancedRocketryCommunity/]: ARCE_MISSION_DELIVERY event=ACKNOWLEDGED mission=6802c935-3c2a-4b8c-8832-534c21ae62c0 terminal=ea96b8c9-3ca2-43e6-818e-0d76cab379f2 epoch=24 owner=b3d9c015-4141-4629-b7e3-ffa343cb1b17 reward=c57c8e352261b443
[17:54:21] [Server thread/INFO] [io.gi.su.ad.AdvancedRocketryCommunity/]: ARCE_MISSION_DELIVERY event=ACKNOWLEDGED mission=68469a4c-b340-4a20-86a9-518313e99a3a terminal=ea96b8c9-3ca2-43e6-818e-0d76cab379f2 epoch=24 owner=b3d9c015-4141-4629-b7e3-ffa343cb1b17 reward=744f2b30659bfe2f
[17:54:21] [Server thread/INFO] [io.gi.su.ad.AdvancedRocketryCommunity/]: ARCE_MISSION_DELIVERY event=ACKNOWLEDGED mission=69aabea7-d504-4b66-ab73-6b58837769a0 terminal=ea96b8c9-3ca2-43e6-818e-0d76cab379f2 epoch=24 owner=b3d9c015-4141-4629-b7e3-ffa343cb1b17 reward=5d0752a404ad31a9
[17:54:21] [Server thread/INFO] [io.gi.su.ad.AdvancedRocketryCommunity/]: ARCE_MISSION_DELIVERY event=ACKNOWLEDGED mission=6a0ef162-a3b4-4c15-96b7-7a961aa11030 terminal=ea96b8c9-3ca2-43e6-818e-0d76cab379f2 epoch=24 owner=b3d9c015-4141-4629-b7e3-ffa343cb1b17 reward=0486a08fd322ce1e
[17:54:21] [Server thread/INFO] [io.gi.su.ad.AdvancedRocketryCommunity/]: ARCE_MISSION_DELIVERY event=ACKNOWLEDGED mission=6b5cb2cd-e8b5-40c2-a71e-5a4258405f2e terminal=ea96b8c9-3ca2-43e6-818e-0d76cab379f2 epoch=24 owner=b3d9c015-4141-4629-b7e3-ffa343cb1b17 reward=fa6404ecd92e4991
[17:54:21] [Server thread/INFO] [io.gi.su.ad.AdvancedRocketryCommunity/]: ARCE_MISSION_DELIVERY event=ACKNOWLEDGED mission=6d63cf52-950e-4c8c-bf3a-213cf9fabd53 terminal=ea96b8c9-3ca2-43e6-818e-0d76cab379f2 epoch=24 owner=b3d9c015-4141-4629-b7e3-ffa343cb1b17 reward=9fefa0b516b44f55
[17:54:21] [Server thread/INFO] [io.gi.su.ad.AdvancedRocketryCommunity/]: ARCE_MISSION_DELIVERY event=ACKNOWLEDGED mission=6de4050c-f4f0-40e6-b263-b78c39da3499 terminal=ea96b8c9-3ca2-43e6-818e-0d76cab379f2 epoch=24 owner=b3d9c015-4141-4629-b7e3-ffa343cb1b17 reward=007cce5a48a9ab10
[17:54:21] [Server thread/INFO] [io.gi.su.ad.AdvancedRocketryCommunity/]: ARCE_MISSION_DELIVERY event=ACKNOWLEDGED mission=6f45de03-84f2-4a07-861b-0e6973849ace terminal=ea96b8c9-3ca2-43e6-818e-0d76cab379f2 epoch=24 owner=b3d9c015-4141-4629-b7e3-ffa343cb1b17 reward=dc23d88ca8e5d614
[17:54:21] [Server thread/INFO] [io.gi.su.ad.AdvancedRocketryCommunity/]: ARCE_MISSION_DELIVERY event=ACKNOWLEDGED mission=716c76a6-ef3d-4a6d-a3e2-073a59a992e5 terminal=ea96b8c9-3ca2-43e6-818e-0d76cab379f2 epoch=24 owner=b3d9c015-4141-4629-b7e3-ffa343cb1b17 reward=1bc7199247f658b9
[17:54:21] [Server thread/INFO] [io.gi.su.ad.AdvancedRocketryCommunity/]: ARCE_MISSION_DELIVERY event=ACKNOWLEDGED mission=74011ad9-1dd9-41e9-bf32-42654d29002c terminal=ea96b8c9-3ca2-43e6-818e-0d76cab379f2 epoch=24 owner=b3d9c015-4141-4629-b7e3-ffa343cb1b17 reward=e5cf980feef2b408
[17:54:21] [Server thread/INFO] [io.gi.su.ad.AdvancedRocketryCommunity/]: ARCE_MISSION_DELIVERY event=ACKNOWLEDGED mission=7432705a-ee0b-4090-8ac5-9627118d3f78 terminal=ea96b8c9-3ca2-43e6-818e-0d76cab379f2 epoch=24 owner=b3d9c015-4141-4629-b7e3-ffa343cb1b17 reward=78491ebdf09d2596
[17:54:21] [Server thread/INFO] [io.gi.su.ad.AdvancedRocketryCommunity/]: ARCE_MISSION_DELIVERY event=ACKNOWLEDGED mission=76ff4569-9a80-42b9-9357-f314ba6e1f9f terminal=ea96b8c9-3ca2-43e6-818e-0d76cab379f2 epoch=24 owner=b3d9c015-4141-4629-b7e3-ffa343cb1b17 reward=b6f3b89fc8fefe73
[17:54:21] [Server thread/INFO] [io.gi.su.ad.AdvancedRocketryCommunity/]: ARCE_MISSION_DELIVERY event=ACKNOWLEDGED mission=785c5832-4412-4dbe-a9ee-680eda2c4b9d terminal=ea96b8c9-3ca2-43e6-818e-0d76cab379f2 epoch=24 owner=b3d9c015-4141-4629-b7e3-ffa343cb1b17 reward=545a6b06cd52ad3b
[17:54:21] [Server thread/INFO] [io.gi.su.ad.AdvancedRocketryCommunity/]: ARCE_MISSION_DELIVERY event=ACKNOWLEDGED mission=7b3258c7-41e3-4e38-9500-15d62cfa74dd terminal=ea96b8c9-3ca2-43e6-818e-0d76cab379f2 epoch=24 owner=b3d9c015-4141-4629-b7e3-ffa343cb1b17 reward=5dae90d4d7b9cae1
[17:54:21] [Server thread/INFO] [io.gi.su.ad.AdvancedRocketryCommunity/]: ARCE_MISSION_DELIVERY event=ACKNOWLEDGED mission=7b6071db-514e-4d0b-a63f-383991601be7 terminal=ea96b8c9-3ca2-43e6-818e-0d76cab379f2 epoch=24 owner=b3d9c015-4141-4629-b7e3-ffa343cb1b17 reward=1cb0d3cc0e02e0b7
[17:54:21] [Server thread/INFO] [io.gi.su.ad.AdvancedRocketryCommunity/]: ARCE_MISSION_DELIVERY event=ACKNOWLEDGED mission=7b84c1a9-21c4-4dd2-a61f-5e2a03ebb35f terminal=ea96b8c9-3ca2-43e6-818e-0d76cab379f2 epoch=24 owner=b3d9c015-4141-4629-b7e3-ffa343cb1b17 reward=d988ccc2922bbdcf
[17:54:21] [Server thread/INFO] [io.gi.su.ad.AdvancedRocketryCommunity/]: ARCE_MISSION_DELIVERY event=ACKNOWLEDGED mission=7b8f2b95-a6c8-4df9-bdb1-2777b85146fb terminal=ea96b8c9-3ca2-43e6-818e-0d76cab379f2 epoch=24 owner=b3d9c015-4141-4629-b7e3-ffa343cb1b17 reward=9de7300d74ca2797
[17:54:21] [Server thread/INFO] [io.gi.su.ad.AdvancedRocketryCommunity/]: ARCE_MISSION_DELIVERY event=ACKNOWLEDGED mission=7eb7fa18-024b-4205-bfb7-47d011a12c93 terminal=ea96b8c9-3ca2-43e6-818e-0d76cab379f2 epoch=24 owner=b3d9c015-4141-4629-b7e3-ffa343cb1b17 reward=58a62d4023a21f39
[17:54:21] [Server thread/INFO] [io.gi.su.ad.AdvancedRocketryCommunity/]: ARCE_MISSION_DELIVERY event=RECEIPT_DROPPED mission=820700b0-7e64-4641-a61b-8fa7e86dc328 terminal=ea96b8c9-3ca2-43e6-818e-0d76cab379f2 epoch=24 owner=b3d9c015-4141-4629-b7e3-ffa343cb1b17 reward=06fb4bc8771743cb
[17:54:21] [Server thread/INFO] [io.gi.su.ad.AdvancedRocketryCommunity/]: ARCE_MISSION_DELIVERY event=RECEIPT_DROPPED mission=822b942d-4d09-4b76-8ac2-2d2264df4e61 terminal=ea96b8c9-3ca2-43e6-818e-0d76cab379f2 epoch=24 owner=b3d9c015-4141-4629-b7e3-ffa343cb1b17 reward=51a930a64b63b713
[17:54:21] [Server thread/INFO] [io.gi.su.ad.AdvancedRocketryCommunity/]: ARCE_MISSION_DELIVERY event=RECEIPT_DROPPED mission=831d9174-4014-4bf5-83bd-8d51dd594b29 terminal=ea96b8c9-3ca2-43e6-818e-0d76cab379f2 epoch=24 owner=b3d9c015-4141-4629-b7e3-ffa343cb1b17 reward=eb444c407f6dc441
[17:54:21] [Server thread/INFO] [io.gi.su.ad.AdvancedRocketryCommunity/]: ARCE_MISSION_DELIVERY event=RECEIPT_DROPPED mission=8487a4e2-01fb-46fb-bf5f-a834224f3a2c terminal=ea96b8c9-3ca2-43e6-818e-0d76cab379f2 epoch=24 owner=b3d9c015-4141-4629-b7e3-ffa343cb1b17 reward=3ea5c94118f09538
[17:54:21] [Server thread/INFO] [io.gi.su.ad.AdvancedRocketryCommunity/]: ARCE_MISSION_DELIVERY event=RECEIPT_DROPPED mission=86906f84-b910-4193-9556-26af8b2d3a0a terminal=ea96b8c9-3ca2-43e6-818e-0d76cab379f2 epoch=24 owner=b3d9c015-4141-4629-b7e3-ffa343cb1b17 reward=4b4e232f31421080
[17:54:21] [Server thread/INFO] [io.gi.su.ad.AdvancedRocketryCommunity/]: ARCE_MISSION_DELIVERY event=RECEIPT_DROPPED mission=8905c32f-abad-4967-879e-b5a9ae5c6d05 terminal=ea96b8c9-3ca2-43e6-818e-0d76cab379f2 epoch=24 owner=b3d9c015-4141-4629-b7e3-ffa343cb1b17 reward=5b0004002dd5900b
[17:54:21] [Server thread/INFO] [io.gi.su.ad.AdvancedRocketryCommunity/]: ARCE_MISSION_DELIVERY event=RECEIPT_DROPPED mission=8a9721df-9a78-4078-91c0-ce246e8e4b34 terminal=ea96b8c9-3ca2-43e6-818e-0d76cab379f2 epoch=24 owner=b3d9c015-4141-4629-b7e3-ffa343cb1b17 reward=ecac1fd5f85d1438
[17:54:21] [Server thread/INFO] [io.gi.su.ad.AdvancedRocketryCommunity/]: ARCE_MISSION_DELIVERY event=RECEIPT_DROPPED mission=8ac06ad5-ffdf-4b65-93f3-b3158e32d572 terminal=ea96b8c9-3ca2-43e6-818e-0d76cab379f2 epoch=24 owner=b3d9c015-4141-4629-b7e3-ffa343cb1b17 reward=c7d37fa8285e7871
[17:54:21] [Server thread/INFO] [io.gi.su.ad.AdvancedRocketryCommunity/]: ARCE_MISSION_DELIVERY event=RECEIPT_DROPPED mission=8b280b6a-fd99-4085-9ed9-cd75591422f3 terminal=ea96b8c9-3ca2-43e6-818e-0d76cab379f2 epoch=24 owner=b3d9c015-4141-4629-b7e3-ffa343cb1b17 reward=35059b92b336f99b
[17:54:21] [Server thread/INFO] [io.gi.su.ad.AdvancedRocketryCommunity/]: ARCE_MISSION_DELIVERY event=RECEIPT_DROPPED mission=8b4ae8f8-7f46-47e4-92b2-77c2afa37d40 terminal=ea96b8c9-3ca2-43e6-818e-0d76cab379f2 epoch=24 owner=b3d9c015-4141-4629-b7e3-ffa343cb1b17 reward=c72597aa72785b85
[17:54:21] [Server thread/INFO] [io.gi.su.ad.AdvancedRocketryCommunity/]: ARCE_MISSION_DELIVERY event=RECEIPT_DROPPED mission=8c371bdf-56ea-45c5-b9ee-09e9b900cc4f terminal=ea96b8c9-3ca2-43e6-818e-0d76cab379f2 epoch=24 owner=b3d9c015-4141-4629-b7e3-ffa343cb1b17 reward=9548fd5ecfda128b
[17:54:21] [Server thread/INFO] [io.gi.su.ad.AdvancedRocketryCommunity/]: ARCE_MISSION_DELIVERY event=RECEIPT_DROPPED mission=8e414d4d-ef7e-4c93-bda0-9dbb490f0c37 terminal=ea96b8c9-3ca2-43e6-818e-0d76cab379f2 epoch=24 owner=b3d9c015-4141-4629-b7e3-ffa343cb1b17 reward=b617f87e566377be
[17:54:21] [Server thread/INFO] [io.gi.su.ad.AdvancedRocketryCommunity/]: ARCE_MISSION_DELIVERY event=RECEIPT_DROPPED mission=8ec17129-8566-496d-a41d-241fab686da2 terminal=ea96b8c9-3ca2-43e6-818e-0d76cab379f2 epoch=24 owner=b3d9c015-4141-4629-b7e3-ffa343cb1b17 reward=a6943e625fc07482
[17:54:21] [Server thread/INFO] [io.gi.su.ad.AdvancedRocketryCommunity/]: ARCE_MISSION_DELIVERY event=RECEIPT_DROPPED mission=8efd218a-7c74-4f5b-bef7-41696023e327 terminal=ea96b8c9-3ca2-43e6-818e-0d76cab379f2 epoch=24 owner=b3d9c015-4141-4629-b7e3-ffa343cb1b17 reward=37ea81d0484110d0
[17:54:21] [Server thread/INFO] [io.gi.su.ad.AdvancedRocketryCommunity/]: ARCE_MISSION_DELIVERY event=RECEIPT_DROPPED mission=902a1e1f-1923-454a-b13e-3f54c738d413 terminal=ea96b8c9-3ca2-43e6-818e-0d76cab379f2 epoch=24 owner=b3d9c015-4141-4629-b7e3-ffa343cb1b17 reward=68a9a7ea31fdb956
[17:54:21] [Server thread/INFO] [io.gi.su.ad.AdvancedRocketryCommunity/]: ARCE_MISSION_DELIVERY event=RECEIPT_DROPPED mission=903e2bab-18e4-4a56-8b4a-6284e412b971 terminal=ea96b8c9-3ca2-43e6-818e-0d76cab379f2 epoch=24 owner=b3d9c015-4141-4629-b7e3-ffa343cb1b17 reward=fa4d5620e60a8210
[17:54:21] [Server thread/INFO] [io.gi.su.ad.AdvancedRocketryCommunity/]: ARCE_MISSION_DELIVERY event=RECEIPT_DROPPED mission=90b10613-4eb5-4c23-b212-644567bb35a2 terminal=ea96b8c9-3ca2-43e6-818e-0d76cab379f2 epoch=24 owner=b3d9c015-4141-4629-b7e3-ffa343cb1b17 reward=1bbb48a50ecb36b3
[17:54:21] [Server thread/INFO] [io.gi.su.ad.AdvancedRocketryCommunity/]: ARCE_MISSION_DELIVERY event=RECEIPT_DROPPED mission=924b9f4b-4847-425d-a3c1-0d062477cf1f terminal=ea96b8c9-3ca2-43e6-818e-0d76cab379f2 epoch=24 owner=b3d9c015-4141-4629-b7e3-ffa343cb1b17 reward=b2c0c6965c96aac5
[17:54:21] [Server thread/INFO] [io.gi.su.ad.AdvancedRocketryCommunity/]: ARCE_MISSION_DELIVERY event=RECEIPT_DROPPED mission=9296cb30-eefd-48b8-ba15-dae68235b534 terminal=ea96b8c9-3ca2-43e6-818e-0d76cab379f2 epoch=24 owner=b3d9c015-4141-4629-b7e3-ffa343cb1b17 reward=9baeb90dd924bf02
[17:54:21] [Server thread/INFO] [io.gi.su.ad.AdvancedRocketryCommunity/]: ARCE_MISSION_DELIVERY event=RECEIPT_DROPPED mission=92baeaa1-0efd-4f71-82cf-cae3171af394 terminal=ea96b8c9-3ca2-43e6-818e-0d76cab379f2 epoch=24 owner=b3d9c015-4141-4629-b7e3-ffa343cb1b17 reward=12d44add6bf6de52
[17:54:21] [Server thread/INFO] [io.gi.su.ad.AdvancedRocketryCommunity/]: ARCE_MISSION_DELIVERY event=RECEIPT_DROPPED mission=9462f61b-ad67-4d76-a998-96447d3da9a1 terminal=ea96b8c9-3ca2-43e6-818e-0d76cab379f2 epoch=24 owner=b3d9c015-4141-4629-b7e3-ffa343cb1b17 reward=1413b67357653795
[17:54:21] [Server thread/INFO] [io.gi.su.ad.AdvancedRocketryCommunity/]: ARCE_MISSION_DELIVERY event=RECEIPT_DROPPED mission=96aed652-9f22-4190-b737-d4fe8035e2ed terminal=ea96b8c9-3ca2-43e6-818e-0d76cab379f2 epoch=24 owner=b3d9c015-4141-4629-b7e3-ffa343cb1b17 reward=14db992bc77d5e80
[17:54:21] [Server thread/INFO] [io.gi.su.ad.AdvancedRocketryCommunity/]: ARCE_MISSION_DELIVERY event=RECEIPT_DROPPED mission=972bbfa6-a5eb-46a1-b864-d43d4c79dc37 terminal=ea96b8c9-3ca2-43e6-818e-0d76cab379f2 epoch=24 owner=b3d9c015-4141-4629-b7e3-ffa343cb1b17 reward=ec3168510d486221
[17:54:21] [Server thread/INFO] [io.gi.su.ad.AdvancedRocketryCommunity/]: ARCE_MISSION_DELIVERY event=RECEIPT_DROPPED mission=9766aad2-7eff-4a22-97cf-8f64258b08a2 terminal=ea96b8c9-3ca2-43e6-818e-0d76cab379f2 epoch=24 owner=b3d9c015-4141-4629-b7e3-ffa343cb1b17 reward=2207bd0aa3ade84e
[17:54:21] [Server thread/INFO] [io.gi.su.ad.AdvancedRocketryCommunity/]: ARCE_MISSION_DELIVERY event=RECEIPT_DROPPED mission=97e97a38-1d8c-49ee-8575-62933da94e47 terminal=ea96b8c9-3ca2-43e6-818e-0d76cab379f2 epoch=24 owner=b3d9c015-4141-4629-b7e3-ffa343cb1b17 reward=bea31a9708591d02
[17:54:21] [Server thread/INFO] [io.gi.su.ad.AdvancedRocketryCommunity/]: ARCE_MISSION_DELIVERY event=RECEIPT_DROPPED mission=989d31f9-79c8-4aae-84f9-0ddf34993e13 terminal=ea96b8c9-3ca2-43e6-818e-0d76cab379f2 epoch=24 owner=b3d9c015-4141-4629-b7e3-ffa343cb1b17 reward=c7362da024923357
[17:54:21] [Server thread/INFO] [io.gi.su.ad.AdvancedRocketryCommunity/]: ARCE_MISSION_DELIVERY event=RECEIPT_DROPPED mission=9a613112-705c-442a-b614-df9a23f6fbf5 terminal=ea96b8c9-3ca2-43e6-818e-0d76cab379f2 epoch=24 owner=b3d9c015-4141-4629-b7e3-ffa343cb1b17 reward=0a72ad3cb9c33fb9
[17:54:21] [Server thread/INFO] [io.gi.su.ad.AdvancedRocketryCommunity/]: ARCE_MISSION_DELIVERY event=RECEIPT_DROPPED mission=9a8e0641-73f1-4247-b117-7114c8dc6c94 terminal=ea96b8c9-3ca2-43e6-818e-0d76cab379f2 epoch=24 owner=b3d9c015-4141-4629-b7e3-ffa343cb1b17 reward=16bfbfbcd23da5fd
[17:54:21] [Server thread/INFO] [io.gi.su.ad.AdvancedRocketryCommunity/]: ARCE_MISSION_DELIVERY event=RECEIPT_DROPPED mission=9b91bc63-b82c-4f48-9c3a-51c9c542dc58 terminal=ea96b8c9-3ca2-43e6-818e-0d76cab379f2 epoch=24 owner=b3d9c015-4141-4629-b7e3-ffa343cb1b17 reward=ef18aef41f9badfc
[17:54:21] [Server thread/INFO] [io.gi.su.ad.AdvancedRocketryCommunity/]: ARCE_MISSION_DELIVERY event=RECEIPT_DROPPED mission=9bc91b74-a5ae-4796-a262-0e85f6f922a0 terminal=ea96b8c9-3ca2-43e6-818e-0d76cab379f2 epoch=24 owner=b3d9c015-4141-4629-b7e3-ffa343cb1b17 reward=7e8f425f5220488c
[17:54:21] [Server thread/INFO] [io.gi.su.ad.AdvancedRocketryCommunity/]: ARCE_MISSION_DELIVERY event=RECEIPT_DROPPED mission=9c5033ef-8c4b-46a6-8b4a-697406ca53ce terminal=ea96b8c9-3ca2-43e6-818e-0d76cab379f2 epoch=24 owner=b3d9c015-4141-4629-b7e3-ffa343cb1b17 reward=194572bcae492255
[17:54:21] [Server thread/INFO] [io.gi.su.ad.AdvancedRocketryCommunity/]: ARCE_MISSION_DELIVERY event=RECEIPT_DROPPED mission=9de5e550-55be-4f94-8756-2652b2175993 terminal=ea96b8c9-3ca2-43e6-818e-0d76cab379f2 epoch=24 owner=b3d9c015-4141-4629-b7e3-ffa343cb1b17 reward=e1e65288ee5afa82
[17:54:21] [Server thread/INFO] [io.gi.su.ad.AdvancedRocketryCommunity/]: ARCE_MISSION_DELIVERY event=RECEIPT_DROPPED mission=9e255cd5-d9ce-44e5-a7c5-50458ed21e09 terminal=ea96b8c9-3ca2-43e6-818e-0d76cab379f2 epoch=24 owner=b3d9c015-4141-4629-b7e3-ffa343cb1b17 reward=45b79f6936ce0798
[17:54:21] [Server thread/INFO] [io.gi.su.ad.AdvancedRocketryCommunity/]: ARCE_MISSION_DELIVERY event=RECEIPT_DROPPED mission=9fa474ab-ef8f-4b93-8f08-528afe3aad76 terminal=ea96b8c9-3ca2-43e6-818e-0d76cab379f2 epoch=24 owner=b3d9c015-4141-4629-b7e3-ffa343cb1b17 reward=06c83f26f9ad8367
[17:54:21] [Server thread/INFO] [io.gi.su.ad.AdvancedRocketryCommunity/]: ARCE_MISSION_DELIVERY event=RECEIPT_DROPPED mission=a0d9a2ca-dd16-4f42-89d3-355fc032f9af terminal=ea96b8c9-3ca2-43e6-818e-0d76cab379f2 epoch=24 owner=b3d9c015-4141-4629-b7e3-ffa343cb1b17 reward=3ed396d5608257c1
[17:54:21] [Server thread/INFO] [io.gi.su.ad.AdvancedRocketryCommunity/]: ARCE_MISSION_DELIVERY event=RECEIPT_DROPPED mission=a14c206a-6ba0-4d94-9e69-57dc972c5e58 terminal=ea96b8c9-3ca2-43e6-818e-0d76cab379f2 epoch=24 owner=b3d9c015-4141-4629-b7e3-ffa343cb1b17 reward=5e0cf8a3095e6266
[17:54:21] [Server thread/INFO] [io.gi.su.ad.AdvancedRocketryCommunity/]: ARCE_MISSION_DELIVERY event=RECEIPT_DROPPED mission=a14d91db-63d2-49d4-99cc-ea9ca77ecc03 terminal=ea96b8c9-3ca2-43e6-818e-0d76cab379f2 epoch=24 owner=b3d9c015-4141-4629-b7e3-ffa343cb1b17 reward=89c50fc66ecc1016
[17:54:21] [Server thread/INFO] [io.gi.su.ad.AdvancedRocketryCommunity/]: ARCE_MISSION_DELIVERY event=RECEIPT_DROPPED mission=a220d5c5-dcd2-4f95-b5ce-8d012bfddebe terminal=ea96b8c9-3ca2-43e6-818e-0d76cab379f2 epoch=24 owner=b3d9c015-4141-4629-b7e3-ffa343cb1b17 reward=fa7d4e24d24393c1
[17:54:21] [Server thread/INFO] [io.gi.su.ad.AdvancedRocketryCommunity/]: ARCE_MISSION_DELIVERY event=RECEIPT_DROPPED mission=a25aeac8-42fa-4043-b1e8-59153d0bddd6 terminal=ea96b8c9-3ca2-43e6-818e-0d76cab379f2 epoch=24 owner=b3d9c015-4141-4629-b7e3-ffa343cb1b17 reward=7efced971253e8aa
[17:54:21] [Server thread/INFO] [io.gi.su.ad.AdvancedRocketryCommunity/]: ARCE_MISSION_DELIVERY event=RECEIPT_DROPPED mission=a2696a76-9faf-4150-bdfe-635202b0718d terminal=ea96b8c9-3ca2-43e6-818e-0d76cab379f2 epoch=24 owner=b3d9c015-4141-4629-b7e3-ffa343cb1b17 reward=d8a9008f5e285812
[17:54:21] [Server thread/INFO] [io.gi.su.ad.AdvancedRocketryCommunity/]: ARCE_MISSION_DELIVERY event=RECEIPT_DROPPED mission=a2eac487-b72e-409e-912f-26cea224758f terminal=ea96b8c9-3ca2-43e6-818e-0d76cab379f2 epoch=24 owner=b3d9c015-4141-4629-b7e3-ffa343cb1b17 reward=981a67011a374c9e
[17:54:21] [Server thread/INFO] [io.gi.su.ad.AdvancedRocketryCommunity/]: ARCE_MISSION_DELIVERY event=RECEIPT_DROPPED mission=a32014f1-5d72-4874-bab1-f7e51fe718a1 terminal=ea96b8c9-3ca2-43e6-818e-0d76cab379f2 epoch=24 owner=b3d9c015-4141-4629-b7e3-ffa343cb1b17 reward=652e97d6820c699e
[17:54:21] [Server thread/INFO] [io.gi.su.ad.AdvancedRocketryCommunity/]: ARCE_MISSION_DELIVERY event=RECEIPT_DROPPED mission=a3c54dee-30b9-46f6-a0af-3fd3f8b2d2f0 terminal=ea96b8c9-3ca2-43e6-818e-0d76cab379f2 epoch=24 owner=b3d9c015-4141-4629-b7e3-ffa343cb1b17 reward=83c01dfa03d18c42
[17:54:21] [Server thread/INFO] [io.gi.su.ad.AdvancedRocketryCommunity/]: ARCE_MISSION_DELIVERY event=RECEIPT_DROPPED mission=a40c7fee-6628-4e6e-bde5-8461e3e2e20f terminal=ea96b8c9-3ca2-43e6-818e-0d76cab379f2 epoch=24 owner=b3d9c015-4141-4629-b7e3-ffa343cb1b17 reward=f51bd5e7229dd60d
[17:54:21] [Server thread/INFO] [io.gi.su.ad.AdvancedRocketryCommunity/]: ARCE_MISSION_DELIVERY event=RECEIPT_DROPPED mission=a46c72ac-7876-4bcf-b180-cf2bd9df74ca terminal=ea96b8c9-3ca2-43e6-818e-0d76cab379f2 epoch=24 owner=b3d9c015-4141-4629-b7e3-ffa343cb1b17 reward=911792dbc6a89cf7
[17:54:21] [Server thread/INFO] [io.gi.su.ad.AdvancedRocketryCommunity/]: ARCE_MISSION_DELIVERY event=RECEIPT_DROPPED mission=a52bfb94-708f-4701-b507-b2a1ba1971d5 terminal=ea96b8c9-3ca2-43e6-818e-0d76cab379f2 epoch=24 owner=b3d9c015-4141-4629-b7e3-ffa343cb1b17 reward=48fced5c24f14877
[17:54:21] [Server thread/INFO] [io.gi.su.ad.AdvancedRocketryCommunity/]: ARCE_MISSION_DELIVERY event=RECEIPT_DROPPED mission=a54b8dcf-a555-4719-bb2b-e572563da3ee terminal=ea96b8c9-3ca2-43e6-818e-0d76cab379f2 epoch=24 owner=b3d9c015-4141-4629-b7e3-ffa343cb1b17 reward=d7bba53323b40114
[17:54:21] [Server thread/INFO] [io.gi.su.ad.AdvancedRocketryCommunity/]: ARCE_MISSION_DELIVERY event=RECEIPT_DROPPED mission=a6174a0f-7a42-44b4-b407-6cba29084dc9 terminal=ea96b8c9-3ca2-43e6-818e-0d76cab379f2 epoch=24 owner=b3d9c015-4141-4629-b7e3-ffa343cb1b17 reward=24047af725df3e75
[17:54:21] [Server thread/INFO] [io.gi.su.ad.AdvancedRocketryCommunity/]: ARCE_MISSION_DELIVERY event=RECEIPT_DROPPED mission=a642bcd9-7afc-4ca3-a000-4fdcbc6d09c2 terminal=ea96b8c9-3ca2-43e6-818e-0d76cab379f2 epoch=24 owner=b3d9c015-4141-4629-b7e3-ffa343cb1b17 reward=c4ba504e06454ec4
[17:54:21] [Server thread/INFO] [io.gi.su.ad.AdvancedRocketryCommunity/]: ARCE_MISSION_DELIVERY event=RECEIPT_DROPPED mission=a81454e0-3a85-4b62-9127-e2da85bba383 terminal=ea96b8c9-3ca2-43e6-818e-0d76cab379f2 epoch=24 owner=b3d9c015-4141-4629-b7e3-ffa343cb1b17 reward=4cd0fcf97c7db1df
[17:54:21] [Server thread/INFO] [io.gi.su.ad.AdvancedRocketryCommunity/]: ARCE_MISSION_DELIVERY event=RECEIPT_DROPPED mission=a9f0af1f-4a61-47ff-9c90-893e78c82481 terminal=ea96b8c9-3ca2-43e6-818e-0d76cab379f2 epoch=24 owner=b3d9c015-4141-4629-b7e3-ffa343cb1b17 reward=f7d75da2384982ed
[17:54:21] [Server thread/INFO] [io.gi.su.ad.AdvancedRocketryCommunity/]: ARCE_MISSION_DELIVERY event=RECEIPT_DROPPED mission=aa913bc7-0144-46c0-aeb2-3f51338c5368 terminal=ea96b8c9-3ca2-43e6-818e-0d76cab379f2 epoch=24 owner=b3d9c015-4141-4629-b7e3-ffa343cb1b17 reward=888996907434d38b
[17:54:21] [Server thread/INFO] [io.gi.su.ad.AdvancedRocketryCommunity/]: ARCE_MISSION_DELIVERY event=RECEIPT_DROPPED mission=ab622fd0-2cdc-45b3-989f-30bb265698f5 terminal=ea96b8c9-3ca2-43e6-818e-0d76cab379f2 epoch=24 owner=b3d9c015-4141-4629-b7e3-ffa343cb1b17 reward=a039c244d8b76cc6
[17:54:21] [Server thread/INFO] [io.gi.su.ad.AdvancedRocketryCommunity/]: ARCE_MISSION_DELIVERY event=RECEIPT_DROPPED mission=aca09a0d-b900-49ba-a755-ac13b5ec1d06 terminal=ea96b8c9-3ca2-43e6-818e-0d76cab379f2 epoch=24 owner=b3d9c015-4141-4629-b7e3-ffa343cb1b17 reward=15fa07a87889a956
[17:54:21] [Server thread/INFO] [io.gi.su.ad.AdvancedRocketryCommunity/]: ARCE_MISSION_DELIVERY event=RECEIPT_DROPPED mission=acd2d6aa-2873-47f8-ac93-f55d15a88209 terminal=ea96b8c9-3ca2-43e6-818e-0d76cab379f2 epoch=24 owner=b3d9c015-4141-4629-b7e3-ffa343cb1b17 reward=eeaaf0caeab6e0db
[17:54:21] [Server thread/INFO] [io.gi.su.ad.AdvancedRocketryCommunity/]: ARCE_MISSION_DELIVERY event=RECEIPT_DROPPED mission=aec9055e-01be-4429-b6e4-41436cd3fd22 terminal=ea96b8c9-3ca2-43e6-818e-0d76cab379f2 epoch=24 owner=b3d9c015-4141-4629-b7e3-ffa343cb1b17 reward=1cb246dc0b3f692a
[17:54:21] [Server thread/INFO] [io.gi.su.ad.AdvancedRocketryCommunity/]: ARCE_MISSION_DELIVERY event=RECEIPT_DROPPED mission=af4d26ee-f41c-408f-918d-c98ead471d80 terminal=ea96b8c9-3ca2-43e6-818e-0d76cab379f2 epoch=24 owner=b3d9c015-4141-4629-b7e3-ffa343cb1b17 reward=266fc4a14f99c2f5
[17:54:21] [Server thread/INFO] [io.gi.su.ad.AdvancedRocketryCommunity/]: ARCE_MISSION_DELIVERY event=RECEIPT_DROPPED mission=b1b72629-d187-4667-b5d3-89aa7f9898a8 terminal=ea96b8c9-3ca2-43e6-818e-0d76cab379f2 epoch=24 owner=b3d9c015-4141-4629-b7e3-ffa343cb1b17 reward=e1a9bcb6f88753c9
[17:54:21] [Server thread/INFO] [io.gi.su.ad.AdvancedRocketryCommunity/]: ARCE_MISSION_DELIVERY event=RECEIPT_DROPPED mission=b2f83b93-66ad-4461-ac1e-411dbf26d503 terminal=ea96b8c9-3ca2-43e6-818e-0d76cab379f2 epoch=24 owner=b3d9c015-4141-4629-b7e3-ffa343cb1b17 reward=72901039edaaf543
[17:54:21] [Server thread/INFO] [io.gi.su.ad.AdvancedRocketryCommunity/]: ARCE_MISSION_DELIVERY event=RECEIPT_DROPPED mission=b4f422dc-635d-4d86-9da7-c89a9736f328 terminal=ea96b8c9-3ca2-43e6-818e-0d76cab379f2 epoch=24 owner=b3d9c015-4141-4629-b7e3-ffa343cb1b17 reward=a479a573d7040f94
[17:54:21] [Server thread/INFO] [io.gi.su.ad.AdvancedRocketryCommunity/]: ARCE_MISSION_DELIVERY event=RECEIPT_DROPPED mission=b6628ca5-61aa-4d40-a9b3-2b97d73b4e78 terminal=ea96b8c9-3ca2-43e6-818e-0d76cab379f2 epoch=24 owner=b3d9c015-4141-4629-b7e3-ffa343cb1b17 reward=cfd1de5667413590
[17:54:21] [Server thread/INFO] [io.gi.su.ad.AdvancedRocketryCommunity/]: ARCE_MISSION_DELIVERY event=RECEIPT_DROPPED mission=b695e027-c7da-43f9-a5db-b0b9a0a34586 terminal=ea96b8c9-3ca2-43e6-818e-0d76cab379f2 epoch=24 owner=b3d9c015-4141-4629-b7e3-ffa343cb1b17 reward=d4b8e0bc714b0e87
[17:54:21] [Server thread/INFO] [io.gi.su.ad.AdvancedRocketryCommunity/]: ARCE_MISSION_DELIVERY event=RECEIPT_DROPPED mission=b9c22e0c-9b3b-48b0-a42a-b2dd23a19799 terminal=ea96b8c9-3ca2-43e6-818e-0d76cab379f2 epoch=24 owner=b3d9c015-4141-4629-b7e3-ffa343cb1b17 reward=ebaccc847b083262
[17:54:21] [Server thread/INFO] [io.gi.su.ad.AdvancedRocketryCommunity/]: ARCE_MISSION_DELIVERY event=RECEIPT_DROPPED mission=ba3f44fc-8667-48c1-859d-c411c50a9c2c terminal=ea96b8c9-3ca2-43e6-818e-0d76cab379f2 epoch=24 owner=b3d9c015-4141-4629-b7e3-ffa343cb1b17 reward=2a8736b969d18369
[17:54:21] [Server thread/INFO] [io.gi.su.ad.AdvancedRocketryCommunity/]: ARCE_MISSION_DELIVERY event=RECEIPT_DROPPED mission=f227dc4d-b019-4526-9b6a-297ba1d21d4e terminal=5bb29ee8-c8bc-45d6-9cb3-046bb9605e92 epoch=24 owner=15712130-ac69-4380-a58a-23cb5ff8b4c7 reward=22143c7ac31863fa
[17:54:21] [Server thread/INFO] [io.gi.su.ad.AdvancedRocketryCommunity/]: ARCE_MISSION_DELIVERY event=RECEIPT_DROPPED mission=23d50ef2-41df-43f5-b717-bd753dca97c4 terminal=af292225-f160-442c-b137-0a8583b67656 epoch=24 owner=282f271d-1b52-492d-905d-75e4abce4d5b reward=416f0b7b02cf4c17
[17:54:21] [Server thread/INFO] [io.gi.su.ad.AdvancedRocketryCommunity/]: ARCE_MISSION_DELIVERY event=RECEIPT_DROPPED mission=560a3ded-f3bc-491b-87b7-243a740fdfa2 terminal=e0c96433-7467-4668-afc1-39b36f907bac epoch=24 owner=2ed53146-e842-4d02-94a4-c0c3ac6b9b52 reward=aec7e520eab45f04
[17:54:21] [Server thread/INFO] [io.gi.su.ad.AdvancedRocketryCommunity/]: ARCE_SATELLITE_SCHEDULER completed=0 pruned=64 inspected=0 remaining=0
[17:54:21] [Server thread/INFO] [minecraft/GameTestServer]: [++++++++++++++++++++++++++++++++++++++++++++++++++++++++++++++++++++++++++++++++++++++++++++++++++++++++++++++++_+++++                                                                                                                                                                            ]
[17:54:21] [Server thread/INFO] [minecraft/GameTestServer]: [++++++++++++++++++++++++++++++++++++++++++++++++++++++++++++++++++++++++++++++++++++++++++++++++++++++++++++++++_+++++                                                                                                                                                                            ]
[17:54:21] [Server thread/INFO] [minecraft/GameTestServer]: [++++++++++++++++++++++++++++++++++++++++++++++++++++++++++++++++++++++++++++++++++++++++++++++++++++++++++++++++_+++++                                                                                                                                                                            ]
[17:54:21] [Server thread/INFO] [minecraft/GameTestServer]: [++++++++++++++++++++++++++++++++++++++++++++++++++++++++++++++++++++++++++++++++++++++++++++++++++++++++++++++++_+++++                                                                                                                                                                            ]
[17:54:21] [Server thread/INFO] [minecraft/GameTestServer]: [++++++++++++++++++++++++++++++++++++++++++++++++++++++++++++++++++++++++++++++++++++++++++++++++++++++++++++++++_+++++                                                                                                                                                                            ]
[17:54:21] [Server thread/INFO] [io.gi.su.ad.AdvancedRocketryCommunity/]: ARCE_MISSION_DELIVERY event=RECEIPT_DROPPED mission=fae1fc4c-c855-437e-884f-69cdd1299f14 terminal=ea96b8c9-3ca2-43e6-818e-0d76cab379f2 epoch=25 owner=b3d9c015-4141-4629-b7e3-ffa343cb1b17 reward=bf9964c3d9543d0e
[17:54:21] [Server thread/INFO] [io.gi.su.ad.AdvancedRocketryCommunity/]: ARCE_MISSION_DELIVERY event=RECEIPT_DROPPED mission=fc4d3fae-3bba-479f-a06c-00e491ff874e terminal=ea96b8c9-3ca2-43e6-818e-0d76cab379f2 epoch=25 owner=b3d9c015-4141-4629-b7e3-ffa343cb1b17 reward=b5f086858a7ae449
[17:54:21] [Server thread/INFO] [io.gi.su.ad.AdvancedRocketryCommunity/]: ARCE_MISSION_DELIVERY event=RECEIPT_DROPPED mission=fe65f90a-92a3-4ded-b58d-eab35dda88bc terminal=ea96b8c9-3ca2-43e6-818e-0d76cab379f2 epoch=25 owner=b3d9c015-4141-4629-b7e3-ffa343cb1b17 reward=3a019acab1af17ff
[17:54:21] [Server thread/INFO] [io.gi.su.ad.AdvancedRocketryCommunity/]: ARCE_MISSION_DELIVERY event=RECEIPT_DROPPED mission=fe6f2e85-40d1-4e75-8fd4-9c1578bfbcd1 terminal=ea96b8c9-3ca2-43e6-818e-0d76cab379f2 epoch=25 owner=b3d9c015-4141-4629-b7e3-ffa343cb1b17 reward=79cbc211b14e2638
[17:54:21] [Server thread/INFO] [io.gi.su.ad.AdvancedRocketryCommunity/]: ARCE_MISSION_DELIVERY event=RECEIPT_DROPPED mission=fe93805f-ec3c-4533-926a-3c1a66333020 terminal=ea96b8c9-3ca2-43e6-818e-0d76cab379f2 epoch=25 owner=b3d9c015-4141-4629-b7e3-ffa343cb1b17 reward=23b9a4175ca42b61
[17:54:21] [Server thread/INFO] [io.gi.su.ad.AdvancedRocketryCommunity/]: ARCE_MISSION_DELIVERY event=RECEIPT_DROPPED mission=000e8df1-092c-417a-9f63-2e7c7022b8c2 terminal=ea96b8c9-3ca2-43e6-818e-0d76cab379f2 epoch=25 owner=b3d9c015-4141-4629-b7e3-ffa343cb1b17 reward=450e90346ca2d4a9
[17:54:21] [Server thread/INFO] [io.gi.su.ad.AdvancedRocketryCommunity/]: ARCE_MISSION_DELIVERY event=RECEIPT_DROPPED mission=015c9d57-533d-4d10-8008-2b41cb1863ca terminal=ea96b8c9-3ca2-43e6-818e-0d76cab379f2 epoch=25 owner=b3d9c015-4141-4629-b7e3-ffa343cb1b17 reward=76dbc1d1994b20a4
[17:54:21] [Server thread/INFO] [io.gi.su.ad.AdvancedRocketryCommunity/]: ARCE_MISSION_DELIVERY event=RECEIPT_DROPPED mission=01bdd0f1-2359-4c25-8a31-6d443089025e terminal=ea96b8c9-3ca2-43e6-818e-0d76cab379f2 epoch=25 owner=b3d9c015-4141-4629-b7e3-ffa343cb1b17 reward=eda3a32dea45b60e
[17:54:21] [Server thread/INFO] [io.gi.su.ad.AdvancedRocketryCommunity/]: ARCE_MISSION_DELIVERY event=RECEIPT_DROPPED mission=029c6094-451c-4c32-acc5-e0e6056bd69d terminal=ea96b8c9-3ca2-43e6-818e-0d76cab379f2 epoch=25 owner=b3d9c015-4141-4629-b7e3-ffa343cb1b17 reward=170ba24f252923b2
[17:54:21] [Server thread/INFO] [io.gi.su.ad.AdvancedRocketryCommunity/]: ARCE_MISSION_DELIVERY event=RECEIPT_DROPPED mission=03f3de7e-8e0f-4710-9670-40a02da13136 terminal=ea96b8c9-3ca2-43e6-818e-0d76cab379f2 epoch=25 owner=b3d9c015-4141-4629-b7e3-ffa343cb1b17 reward=9d089b762228952b
[17:54:21] [Server thread/INFO] [io.gi.su.ad.AdvancedRocketryCommunity/]: ARCE_MISSION_DELIVERY event=RECEIPT_DROPPED mission=06fac938-ff6d-4c70-8359-1b51937d5803 terminal=ea96b8c9-3ca2-43e6-818e-0d76cab379f2 epoch=25 owner=b3d9c015-4141-4629-b7e3-ffa343cb1b17 reward=e1d712e4b4a530ee
[17:54:21] [Server thread/INFO] [io.gi.su.ad.AdvancedRocketryCommunity/]: ARCE_MISSION_DELIVERY event=RECEIPT_DROPPED mission=07b13e31-da51-4f7b-9fc7-f8bc0a0411ad terminal=ea96b8c9-3ca2-43e6-818e-0d76cab379f2 epoch=25 owner=b3d9c015-4141-4629-b7e3-ffa343cb1b17 reward=41061d0a52462593
[17:54:21] [Server thread/INFO] [io.gi.su.ad.AdvancedRocketryCommunity/]: ARCE_MISSION_DELIVERY event=RECEIPT_DROPPED mission=084a7677-0b25-4114-aa1e-b6e809beeb3e terminal=ea96b8c9-3ca2-43e6-818e-0d76cab379f2 epoch=25 owner=b3d9c015-4141-4629-b7e3-ffa343cb1b17 reward=b6935b3e8d6becbc
[17:54:21] [Server thread/INFO] [io.gi.su.ad.AdvancedRocketryCommunity/]: ARCE_MISSION_DELIVERY event=RECEIPT_DROPPED mission=084e03a6-7627-4e3a-9593-a64be96a5184 terminal=ea96b8c9-3ca2-43e6-818e-0d76cab379f2 epoch=25 owner=b3d9c015-4141-4629-b7e3-ffa343cb1b17 reward=62f0dd4e8431531c
[17:54:21] [Server thread/INFO] [io.gi.su.ad.AdvancedRocketryCommunity/]: ARCE_MISSION_DELIVERY event=RECEIPT_DROPPED mission=0cbc4c67-d0c9-4af9-8480-fa72f7989100 terminal=ea96b8c9-3ca2-43e6-818e-0d76cab379f2 epoch=25 owner=b3d9c015-4141-4629-b7e3-ffa343cb1b17 reward=276750309ff73176
[17:54:21] [Server thread/INFO] [io.gi.su.ad.AdvancedRocketryCommunity/]: ARCE_MISSION_DELIVERY event=RECEIPT_DROPPED mission=0d674fad-19ce-4cc0-9c45-a40a3cdfa8ba terminal=ea96b8c9-3ca2-43e6-818e-0d76cab379f2 epoch=25 owner=b3d9c015-4141-4629-b7e3-ffa343cb1b17 reward=2b842be3596c123b
[17:54:21] [Server thread/INFO] [io.gi.su.ad.AdvancedRocketryCommunity/]: ARCE_MISSION_DELIVERY event=RECEIPT_DROPPED mission=0d911b6b-33e0-4b3d-8c2e-b439831bcccd terminal=ea96b8c9-3ca2-43e6-818e-0d76cab379f2 epoch=25 owner=b3d9c015-4141-4629-b7e3-ffa343cb1b17 reward=42519a547fc238a0
[17:54:21] [Server thread/INFO] [io.gi.su.ad.AdvancedRocketryCommunity/]: ARCE_MISSION_DELIVERY event=RECEIPT_DROPPED mission=0db385c6-f767-402b-892c-66b59cf05ca9 terminal=ea96b8c9-3ca2-43e6-818e-0d76cab379f2 epoch=25 owner=b3d9c015-4141-4629-b7e3-ffa343cb1b17 reward=bef26906f7ea780d
[17:54:21] [Server thread/INFO] [io.gi.su.ad.AdvancedRocketryCommunity/]: ARCE_MISSION_DELIVERY event=RECEIPT_DROPPED mission=0f39b6a7-2630-442e-b7bd-c92588b01a31 terminal=ea96b8c9-3ca2-43e6-818e-0d76cab379f2 epoch=25 owner=b3d9c015-4141-4629-b7e3-ffa343cb1b17 reward=118edf45e412a51e
[17:54:21] [Server thread/INFO] [io.gi.su.ad.AdvancedRocketryCommunity/]: ARCE_MISSION_DELIVERY event=RECEIPT_DROPPED mission=0fe80b50-aafe-486b-9513-82316e7c94ee terminal=ea96b8c9-3ca2-43e6-818e-0d76cab379f2 epoch=25 owner=b3d9c015-4141-4629-b7e3-ffa343cb1b17 reward=d44d688e501ec1cb
[17:54:21] [Server thread/INFO] [io.gi.su.ad.AdvancedRocketryCommunity/]: ARCE_MISSION_DELIVERY event=RECEIPT_DROPPED mission=1063754a-e66f-44fc-8cc1-4fef0e0b0bc8 terminal=ea96b8c9-3ca2-43e6-818e-0d76cab379f2 epoch=25 owner=b3d9c015-4141-4629-b7e3-ffa343cb1b17 reward=31ed3366463aa13f
[17:54:21] [Server thread/INFO] [io.gi.su.ad.AdvancedRocketryCommunity/]: ARCE_MISSION_DELIVERY event=RECEIPT_DROPPED mission=10de9256-e95f-483a-a9be-16b4577cb436 terminal=ea96b8c9-3ca2-43e6-818e-0d76cab379f2 epoch=25 owner=b3d9c015-4141-4629-b7e3-ffa343cb1b17 reward=4a9d376f133551e8
[17:54:21] [Server thread/INFO] [io.gi.su.ad.AdvancedRocketryCommunity/]: ARCE_MISSION_DELIVERY event=RECEIPT_DROPPED mission=11843acf-7954-4259-ab53-482c109e682a terminal=ea96b8c9-3ca2-43e6-818e-0d76cab379f2 epoch=25 owner=b3d9c015-4141-4629-b7e3-ffa343cb1b17 reward=71f5056d388ac1ac
[17:54:21] [Server thread/INFO] [io.gi.su.ad.AdvancedRocketryCommunity/]: ARCE_MISSION_DELIVERY event=RECEIPT_DROPPED mission=13cb0a27-c4fb-443a-b553-ac0a2ceb5a07 terminal=ea96b8c9-3ca2-43e6-818e-0d76cab379f2 epoch=25 owner=b3d9c015-4141-4629-b7e3-ffa343cb1b17 reward=90d3f351314614d5
[17:54:21] [Server thread/INFO] [io.gi.su.ad.AdvancedRocketryCommunity/]: ARCE_MISSION_DELIVERY event=RECEIPT_DROPPED mission=1481c6d0-eac0-4f24-9960-050b33a6393c terminal=ea96b8c9-3ca2-43e6-818e-0d76cab379f2 epoch=25 owner=b3d9c015-4141-4629-b7e3-ffa343cb1b17 reward=9dc58b9312ea830a
[17:54:21] [Server thread/INFO] [io.gi.su.ad.AdvancedRocketryCommunity/]: ARCE_MISSION_DELIVERY event=RECEIPT_DROPPED mission=14d12d7c-ea0b-46e3-b627-218c224767ce terminal=ea96b8c9-3ca2-43e6-818e-0d76cab379f2 epoch=25 owner=b3d9c015-4141-4629-b7e3-ffa343cb1b17 reward=e54a66f33bea7f4b
[17:54:21] [Server thread/INFO] [io.gi.su.ad.AdvancedRocketryCommunity/]: ARCE_MISSION_DELIVERY event=RECEIPT_DROPPED mission=151736d1-6412-4864-8275-f0c97eaee36c terminal=ea96b8c9-3ca2-43e6-818e-0d76cab379f2 epoch=25 owner=b3d9c015-4141-4629-b7e3-ffa343cb1b17 reward=b0a2328582b589c0
[17:54:21] [Server thread/INFO] [io.gi.su.ad.AdvancedRocketryCommunity/]: ARCE_MISSION_DELIVERY event=RECEIPT_DROPPED mission=15875be7-3562-443b-a264-9bfa62bd184a terminal=ea96b8c9-3ca2-43e6-818e-0d76cab379f2 epoch=25 owner=b3d9c015-4141-4629-b7e3-ffa343cb1b17 reward=cdd58abe5160a191
[17:54:21] [Server thread/INFO] [io.gi.su.ad.AdvancedRocketryCommunity/]: ARCE_MISSION_DELIVERY event=RECEIPT_DROPPED mission=16895eef-2588-416d-b7d7-0e59fdbfa449 terminal=ea96b8c9-3ca2-43e6-818e-0d76cab379f2 epoch=25 owner=b3d9c015-4141-4629-b7e3-ffa343cb1b17 reward=08d3984fd9ec58b5
[17:54:21] [Server thread/INFO] [io.gi.su.ad.AdvancedRocketryCommunity/]: ARCE_MISSION_DELIVERY event=RECEIPT_DROPPED mission=168fa342-9f1b-444f-bfc9-8b63d8b4351b terminal=ea96b8c9-3ca2-43e6-818e-0d76cab379f2 epoch=25 owner=b3d9c015-4141-4629-b7e3-ffa343cb1b17 reward=ff667d394044316a
[17:54:21] [Server thread/INFO] [io.gi.su.ad.AdvancedRocketryCommunity/]: ARCE_MISSION_DELIVERY event=RECEIPT_DROPPED mission=16f47bf1-4115-4953-80da-4e00e72c8ea9 terminal=ea96b8c9-3ca2-43e6-818e-0d76cab379f2 epoch=25 owner=b3d9c015-4141-4629-b7e3-ffa343cb1b17 reward=b9faf2cc9e1f8527
[17:54:21] [Server thread/INFO] [io.gi.su.ad.AdvancedRocketryCommunity/]: ARCE_MISSION_DELIVERY event=RECEIPT_DROPPED mission=181e72e3-843b-4b22-90ad-9ca28e42835a terminal=ea96b8c9-3ca2-43e6-818e-0d76cab379f2 epoch=25 owner=b3d9c015-4141-4629-b7e3-ffa343cb1b17 reward=953271f4dcff0e5c
[17:54:21] [Server thread/INFO] [io.gi.su.ad.AdvancedRocketryCommunity/]: ARCE_MISSION_DELIVERY event=RECEIPT_DROPPED mission=19d2ac97-0965-4dd1-bbba-9388239b94f2 terminal=ea96b8c9-3ca2-43e6-818e-0d76cab379f2 epoch=25 owner=b3d9c015-4141-4629-b7e3-ffa343cb1b17 reward=9a662c2f4b1d045b
[17:54:21] [Server thread/INFO] [io.gi.su.ad.AdvancedRocketryCommunity/]: ARCE_MISSION_DELIVERY event=RECEIPT_DROPPED mission=1aa13845-baaf-47b8-afd6-0697ef594b14 terminal=ea96b8c9-3ca2-43e6-818e-0d76cab379f2 epoch=25 owner=b3d9c015-4141-4629-b7e3-ffa343cb1b17 reward=334de5f3a15ce8d8
[17:54:21] [Server thread/INFO] [io.gi.su.ad.AdvancedRocketryCommunity/]: ARCE_MISSION_DELIVERY event=RECEIPT_DROPPED mission=1c9d70fa-b486-4d2d-a251-e32e46b2abe5 terminal=ea96b8c9-3ca2-43e6-818e-0d76cab379f2 epoch=25 owner=b3d9c015-4141-4629-b7e3-ffa343cb1b17 reward=38e437f884eef620
[17:54:21] [Server thread/INFO] [io.gi.su.ad.AdvancedRocketryCommunity/]: ARCE_MISSION_DELIVERY event=RECEIPT_DROPPED mission=1e6b72a5-83bb-4b9e-bfef-07ca54557792 terminal=ea96b8c9-3ca2-43e6-818e-0d76cab379f2 epoch=25 owner=b3d9c015-4141-4629-b7e3-ffa343cb1b17 reward=1ac6d56a6a81a4e6
[17:54:21] [Server thread/INFO] [io.gi.su.ad.AdvancedRocketryCommunity/]: ARCE_MISSION_DELIVERY event=RECEIPT_DROPPED mission=1ecd1267-8110-4297-b0d0-f983a0389b0f terminal=ea96b8c9-3ca2-43e6-818e-0d76cab379f2 epoch=25 owner=b3d9c015-4141-4629-b7e3-ffa343cb1b17 reward=c1a1d3dd7b40ea48
[17:54:21] [Server thread/INFO] [io.gi.su.ad.AdvancedRocketryCommunity/]: ARCE_MISSION_DELIVERY event=RECEIPT_DROPPED mission=21b351af-b382-48c7-8860-f379c7bcd30b terminal=ea96b8c9-3ca2-43e6-818e-0d76cab379f2 epoch=25 owner=b3d9c015-4141-4629-b7e3-ffa343cb1b17 reward=83e612a67510825b
[17:54:21] [Server thread/INFO] [io.gi.su.ad.AdvancedRocketryCommunity/]: ARCE_MISSION_DELIVERY event=RECEIPT_DROPPED mission=22436105-3ff5-4450-b56f-6391b5a9b7f4 terminal=ea96b8c9-3ca2-43e6-818e-0d76cab379f2 epoch=25 owner=b3d9c015-4141-4629-b7e3-ffa343cb1b17 reward=c1841dfc135a50db
[17:54:21] [Server thread/INFO] [io.gi.su.ad.AdvancedRocketryCommunity/]: ARCE_MISSION_DELIVERY event=RECEIPT_DROPPED mission=2264757c-4d42-462c-9ccd-e0f25daeec5f terminal=ea96b8c9-3ca2-43e6-818e-0d76cab379f2 epoch=25 owner=b3d9c015-4141-4629-b7e3-ffa343cb1b17 reward=cb63ec9241d982c3
[17:54:21] [Server thread/INFO] [io.gi.su.ad.AdvancedRocketryCommunity/]: ARCE_MISSION_DELIVERY event=RECEIPT_DROPPED mission=22dc714b-ef0f-4ee4-8f9b-e2a317806487 terminal=ea96b8c9-3ca2-43e6-818e-0d76cab379f2 epoch=25 owner=b3d9c015-4141-4629-b7e3-ffa343cb1b17 reward=e8448482dc109e81
[17:54:21] [Server thread/INFO] [io.gi.su.ad.AdvancedRocketryCommunity/]: ARCE_MISSION_DELIVERY event=RECEIPT_DROPPED mission=233b1dd0-7e46-4867-bcb0-cff7824ba576 terminal=ea96b8c9-3ca2-43e6-818e-0d76cab379f2 epoch=25 owner=b3d9c015-4141-4629-b7e3-ffa343cb1b17 reward=9fc5d77b6c1d3e89
[17:54:21] [Server thread/INFO] [io.gi.su.ad.AdvancedRocketryCommunity/]: ARCE_MISSION_DELIVERY event=RECEIPT_DROPPED mission=2635d2ca-1151-4e0a-9bf0-aebdf7ea6cac terminal=ea96b8c9-3ca2-43e6-818e-0d76cab379f2 epoch=25 owner=b3d9c015-4141-4629-b7e3-ffa343cb1b17 reward=0ddbc17b468e4dd1
[17:54:21] [Server thread/INFO] [io.gi.su.ad.AdvancedRocketryCommunity/]: ARCE_MISSION_DELIVERY event=RECEIPT_DROPPED mission=26c1742b-7e15-4edb-be87-4bb93611e318 terminal=ea96b8c9-3ca2-43e6-818e-0d76cab379f2 epoch=25 owner=b3d9c015-4141-4629-b7e3-ffa343cb1b17 reward=97c5c25ac4f7137d
[17:54:21] [Server thread/INFO] [io.gi.su.ad.AdvancedRocketryCommunity/]: ARCE_MISSION_DELIVERY event=RECEIPT_DROPPED mission=2719fecf-735f-43fc-af84-95432e8f5e7a terminal=ea96b8c9-3ca2-43e6-818e-0d76cab379f2 epoch=25 owner=b3d9c015-4141-4629-b7e3-ffa343cb1b17 reward=b47a0c064a3288b8
[17:54:21] [Server thread/INFO] [io.gi.su.ad.AdvancedRocketryCommunity/]: ARCE_MISSION_DELIVERY event=RECEIPT_DROPPED mission=285adb6e-ffd6-4fca-ab0f-b30eb3b1e678 terminal=ea96b8c9-3ca2-43e6-818e-0d76cab379f2 epoch=25 owner=b3d9c015-4141-4629-b7e3-ffa343cb1b17 reward=95555f6bbfe1b81a
[17:54:21] [Server thread/INFO] [io.gi.su.ad.AdvancedRocketryCommunity/]: ARCE_MISSION_DELIVERY event=RECEIPT_DROPPED mission=29900787-f952-4b70-a3f5-c67c9416b4db terminal=ea96b8c9-3ca2-43e6-818e-0d76cab379f2 epoch=25 owner=b3d9c015-4141-4629-b7e3-ffa343cb1b17 reward=122cedf864070f3b
[17:54:21] [Server thread/INFO] [io.gi.su.ad.AdvancedRocketryCommunity/]: ARCE_MISSION_DELIVERY event=RECEIPT_DROPPED mission=2a2b800b-d8f8-43d3-9c6a-5b25c0695994 terminal=ea96b8c9-3ca2-43e6-818e-0d76cab379f2 epoch=25 owner=b3d9c015-4141-4629-b7e3-ffa343cb1b17 reward=f2c6f1144f1f9bd3
[17:54:21] [Server thread/INFO] [io.gi.su.ad.AdvancedRocketryCommunity/]: ARCE_MISSION_DELIVERY event=RECEIPT_DROPPED mission=2b0f18da-ac4a-4e79-b570-41b210ff9bd0 terminal=ea96b8c9-3ca2-43e6-818e-0d76cab379f2 epoch=25 owner=b3d9c015-4141-4629-b7e3-ffa343cb1b17 reward=e9ffb797c0b2fa89
[17:54:21] [Server thread/INFO] [io.gi.su.ad.AdvancedRocketryCommunity/]: ARCE_MISSION_DELIVERY event=RECEIPT_DROPPED mission=2c6ffb8d-1750-490b-9d6a-019dc9b1cd45 terminal=ea96b8c9-3ca2-43e6-818e-0d76cab379f2 epoch=25 owner=b3d9c015-4141-4629-b7e3-ffa343cb1b17 reward=3ee563fb97006a9e
[17:54:21] [Server thread/INFO] [io.gi.su.ad.AdvancedRocketryCommunity/]: ARCE_MISSION_DELIVERY event=RECEIPT_DROPPED mission=2cadbdd1-2cd3-4f6e-b372-059c5e13a367 terminal=ea96b8c9-3ca2-43e6-818e-0d76cab379f2 epoch=25 owner=b3d9c015-4141-4629-b7e3-ffa343cb1b17 reward=fbec874ded4de683
[17:54:21] [Server thread/INFO] [io.gi.su.ad.AdvancedRocketryCommunity/]: ARCE_MISSION_DELIVERY event=RECEIPT_DROPPED mission=2fa1eec1-439a-43ad-b50a-647443623805 terminal=ea96b8c9-3ca2-43e6-818e-0d76cab379f2 epoch=25 owner=b3d9c015-4141-4629-b7e3-ffa343cb1b17 reward=10038fec73da7f49
[17:54:21] [Server thread/INFO] [io.gi.su.ad.AdvancedRocketryCommunity/]: ARCE_MISSION_DELIVERY event=RECEIPT_DROPPED mission=321d9186-7904-4b7d-9d21-3b8f99e72bd4 terminal=ea96b8c9-3ca2-43e6-818e-0d76cab379f2 epoch=25 owner=b3d9c015-4141-4629-b7e3-ffa343cb1b17 reward=dc8fd883149f9877
[17:54:21] [Server thread/INFO] [io.gi.su.ad.AdvancedRocketryCommunity/]: ARCE_MISSION_DELIVERY event=RECEIPT_DROPPED mission=3398728e-cb5f-4a4d-97e3-bab8ffa6908e terminal=ea96b8c9-3ca2-43e6-818e-0d76cab379f2 epoch=25 owner=b3d9c015-4141-4629-b7e3-ffa343cb1b17 reward=b3585cb60ac917e1
[17:54:21] [Server thread/INFO] [io.gi.su.ad.AdvancedRocketryCommunity/]: ARCE_MISSION_DELIVERY event=RECEIPT_DROPPED mission=342cbcb5-3f6f-49b3-a232-01b3ff36849a terminal=ea96b8c9-3ca2-43e6-818e-0d76cab379f2 epoch=25 owner=b3d9c015-4141-4629-b7e3-ffa343cb1b17 reward=f1ca3cdd71df9d44
[17:54:21] [Server thread/INFO] [io.gi.su.ad.AdvancedRocketryCommunity/]: ARCE_MISSION_DELIVERY event=RECEIPT_DROPPED mission=3633b2fb-52f5-495a-a5a3-c2551811be1c terminal=ea96b8c9-3ca2-43e6-818e-0d76cab379f2 epoch=25 owner=b3d9c015-4141-4629-b7e3-ffa343cb1b17 reward=1802fc16748e174c
[17:54:21] [Server thread/INFO] [io.gi.su.ad.AdvancedRocketryCommunity/]: ARCE_MISSION_DELIVERY event=RECEIPT_DROPPED mission=36b40064-21f5-44ee-9789-fde6c610eb58 terminal=ea96b8c9-3ca2-43e6-818e-0d76cab379f2 epoch=25 owner=b3d9c015-4141-4629-b7e3-ffa343cb1b17 reward=b66f8d9e4eafd8aa
[17:54:21] [Server thread/INFO] [io.gi.su.ad.AdvancedRocketryCommunity/]: ARCE_MISSION_DELIVERY event=RECEIPT_DROPPED mission=374cdc33-4f70-45cd-8e12-a16f6c15269f terminal=ea96b8c9-3ca2-43e6-818e-0d76cab379f2 epoch=25 owner=b3d9c015-4141-4629-b7e3-ffa343cb1b17 reward=f2d298a7efd42a9c
[17:54:21] [Server thread/INFO] [io.gi.su.ad.AdvancedRocketryCommunity/]: ARCE_MISSION_DELIVERY event=RECEIPT_DROPPED mission=378fe763-23e0-4e08-8304-a4a6d8e7488b terminal=ea96b8c9-3ca2-43e6-818e-0d76cab379f2 epoch=25 owner=b3d9c015-4141-4629-b7e3-ffa343cb1b17 reward=1e8da5e1a85f9320
[17:54:21] [Server thread/INFO] [io.gi.su.ad.AdvancedRocketryCommunity/]: ARCE_MISSION_DELIVERY event=RECEIPT_DROPPED mission=39a5e5ec-a841-4964-a440-d3557c6a78dd terminal=ea96b8c9-3ca2-43e6-818e-0d76cab379f2 epoch=25 owner=b3d9c015-4141-4629-b7e3-ffa343cb1b17 reward=345860b4e570b5a5
[17:54:21] [Server thread/INFO] [io.gi.su.ad.AdvancedRocketryCommunity/]: ARCE_MISSION_DELIVERY event=RECEIPT_DROPPED mission=39fe9364-3f08-434d-8363-89c33ff13b79 terminal=ea96b8c9-3ca2-43e6-818e-0d76cab379f2 epoch=25 owner=b3d9c015-4141-4629-b7e3-ffa343cb1b17 reward=faf7b276fdcad6f6
[17:54:21] [Server thread/INFO] [io.gi.su.ad.AdvancedRocketryCommunity/]: ARCE_MISSION_DELIVERY event=RECEIPT_DROPPED mission=3a4cd5fc-82c5-4feb-9c63-ec2bf4ce071d terminal=ea96b8c9-3ca2-43e6-818e-0d76cab379f2 epoch=25 owner=b3d9c015-4141-4629-b7e3-ffa343cb1b17 reward=fba07f7a0714dbe4
[17:54:21] [Server thread/INFO] [io.gi.su.ad.AdvancedRocketryCommunity/]: ARCE_MISSION_DELIVERY event=RECEIPT_DROPPED mission=3a5ff1d8-24f4-47c1-be5f-d85fad0aa72e terminal=ea96b8c9-3ca2-43e6-818e-0d76cab379f2 epoch=25 owner=b3d9c015-4141-4629-b7e3-ffa343cb1b17 reward=1a5adf0da2802136
[17:54:21] [Server thread/INFO] [io.gi.su.ad.AdvancedRocketryCommunity/]: ARCE_MISSION_DELIVERY event=RECEIPT_DROPPED mission=3ab538e2-5201-4c82-9db2-2defb62aba85 terminal=ea96b8c9-3ca2-43e6-818e-0d76cab379f2 epoch=25 owner=b3d9c015-4141-4629-b7e3-ffa343cb1b17 reward=22f4d27f97a2affb
[17:54:21] [Server thread/INFO] [io.gi.su.ad.AdvancedRocketryCommunity/]: ARCE_MISSION_DELIVERY event=RECEIPT_DROPPED mission=3bdac226-6304-46c7-aa5c-aa0f73768ef6 terminal=ea96b8c9-3ca2-43e6-818e-0d76cab379f2 epoch=25 owner=b3d9c015-4141-4629-b7e3-ffa343cb1b17 reward=4803abcc09cd62ff
[17:54:21] [Server thread/INFO] [io.gi.su.ad.AdvancedRocketryCommunity/]: ARCE_MISSION_DELIVERY event=RECEIPT_DROPPED mission=3ec6369d-24d0-48db-acd0-a2bc1cb773db terminal=ea96b8c9-3ca2-43e6-818e-0d76cab379f2 epoch=25 owner=b3d9c015-4141-4629-b7e3-ffa343cb1b17 reward=54a7589a1930c5e5
[17:54:21] [Server thread/INFO] [io.gi.su.ad.AdvancedRocketryCommunity/]: ARCE_MISSION_DELIVERY event=RECEIPT_DROPPED mission=3fffd1b7-2bc3-42d6-bd38-22777e9cd551 terminal=ea96b8c9-3ca2-43e6-818e-0d76cab379f2 epoch=25 owner=b3d9c015-4141-4629-b7e3-ffa343cb1b17 reward=28a4fb31ffd26d6c
[17:54:21] [Server thread/INFO] [io.gi.su.ad.AdvancedRocketryCommunity/]: ARCE_MISSION_DELIVERY event=RECEIPT_DROPPED mission=4028b37f-4045-4ed4-8b72-4e58b4f44ce7 terminal=ea96b8c9-3ca2-43e6-818e-0d76cab379f2 epoch=25 owner=b3d9c015-4141-4629-b7e3-ffa343cb1b17 reward=541db37251ba6be1
[17:54:21] [Server thread/INFO] [io.gi.su.ad.AdvancedRocketryCommunity/]: ARCE_MISSION_DELIVERY event=RECEIPT_DROPPED mission=41ad7445-beee-4856-afb6-531252b96eab terminal=ea96b8c9-3ca2-43e6-818e-0d76cab379f2 epoch=25 owner=b3d9c015-4141-4629-b7e3-ffa343cb1b17 reward=4d06bfcc13099985
[17:54:21] [Server thread/INFO] [io.gi.su.ad.AdvancedRocketryCommunity/]: ARCE_MISSION_DELIVERY event=RECEIPT_DROPPED mission=43b8210b-a859-4c8f-ac6d-4a3f9bff3e06 terminal=ea96b8c9-3ca2-43e6-818e-0d76cab379f2 epoch=25 owner=b3d9c015-4141-4629-b7e3-ffa343cb1b17 reward=0a9e163a647a5a12
[17:54:21] [Server thread/INFO] [io.gi.su.ad.AdvancedRocketryCommunity/]: ARCE_MISSION_DELIVERY event=RECEIPT_DROPPED mission=4456213c-2a82-4e53-94e9-e9a31494abaa terminal=ea96b8c9-3ca2-43e6-818e-0d76cab379f2 epoch=25 owner=b3d9c015-4141-4629-b7e3-ffa343cb1b17 reward=457f4a6b45976380
[17:54:21] [Server thread/INFO] [io.gi.su.ad.AdvancedRocketryCommunity/]: ARCE_MISSION_DELIVERY event=RECEIPT_DROPPED mission=45d847d6-fe20-414e-8244-e57ef3ecb869 terminal=ea96b8c9-3ca2-43e6-818e-0d76cab379f2 epoch=25 owner=b3d9c015-4141-4629-b7e3-ffa343cb1b17 reward=482f7d4d800618be
[17:54:21] [Server thread/INFO] [io.gi.su.ad.AdvancedRocketryCommunity/]: ARCE_MISSION_DELIVERY event=RECEIPT_DROPPED mission=4651dae7-fec6-46dc-b60e-32f5c2b7f8ea terminal=ea96b8c9-3ca2-43e6-818e-0d76cab379f2 epoch=25 owner=b3d9c015-4141-4629-b7e3-ffa343cb1b17 reward=40604f95b37f298f
[17:54:21] [Server thread/INFO] [io.gi.su.ad.AdvancedRocketryCommunity/]: ARCE_MISSION_DELIVERY event=RECEIPT_DROPPED mission=4666fafa-5a28-4139-ab42-4eebe8daaed1 terminal=ea96b8c9-3ca2-43e6-818e-0d76cab379f2 epoch=25 owner=b3d9c015-4141-4629-b7e3-ffa343cb1b17 reward=4dab0a2a00cf6971
[17:54:21] [Server thread/INFO] [io.gi.su.ad.AdvancedRocketryCommunity/]: ARCE_MISSION_DELIVERY event=RECEIPT_DROPPED mission=4ae0c0b1-3256-4a47-a6ff-88b97b7e6572 terminal=ea96b8c9-3ca2-43e6-818e-0d76cab379f2 epoch=25 owner=b3d9c015-4141-4629-b7e3-ffa343cb1b17 reward=783fa9748d2fd824
[17:54:21] [Server thread/INFO] [io.gi.su.ad.AdvancedRocketryCommunity/]: ARCE_MISSION_DELIVERY event=RECEIPT_DROPPED mission=4bed8074-8129-4a10-ac98-4992829a50a2 terminal=ea96b8c9-3ca2-43e6-818e-0d76cab379f2 epoch=25 owner=b3d9c015-4141-4629-b7e3-ffa343cb1b17 reward=ebad1439d94d6fa9
[17:54:21] [Server thread/INFO] [io.gi.su.ad.AdvancedRocketryCommunity/]: ARCE_MISSION_DELIVERY event=RECEIPT_DROPPED mission=4c632a72-067b-474a-bbb7-f4452002935b terminal=ea96b8c9-3ca2-43e6-818e-0d76cab379f2 epoch=25 owner=b3d9c015-4141-4629-b7e3-ffa343cb1b17 reward=c252072d6a84f45f
[17:54:21] [Server thread/INFO] [io.gi.su.ad.AdvancedRocketryCommunity/]: ARCE_MISSION_DELIVERY event=RECEIPT_DROPPED mission=4ca253b7-0d99-48b0-891b-99e2dc31aca7 terminal=ea96b8c9-3ca2-43e6-818e-0d76cab379f2 epoch=25 owner=b3d9c015-4141-4629-b7e3-ffa343cb1b17 reward=a89b592b6936c96f
[17:54:21] [Server thread/INFO] [io.gi.su.ad.AdvancedRocketryCommunity/]: ARCE_MISSION_DELIVERY event=RECEIPT_DROPPED mission=4e060c9e-79e0-48df-b154-25d6a52adb09 terminal=ea96b8c9-3ca2-43e6-818e-0d76cab379f2 epoch=25 owner=b3d9c015-4141-4629-b7e3-ffa343cb1b17 reward=cbb070a84fb022f2
[17:54:21] [Server thread/INFO] [io.gi.su.ad.AdvancedRocketryCommunity/]: ARCE_MISSION_DELIVERY event=RECEIPT_DROPPED mission=4e545950-2a6b-403c-9d4c-b000c391bbbc terminal=ea96b8c9-3ca2-43e6-818e-0d76cab379f2 epoch=25 owner=b3d9c015-4141-4629-b7e3-ffa343cb1b17 reward=ee4abe8716b9b447
[17:54:21] [Server thread/INFO] [io.gi.su.ad.AdvancedRocketryCommunity/]: ARCE_MISSION_DELIVERY event=RECEIPT_DROPPED mission=4e579e02-f0b0-4b8e-a96c-cd68a3d2be81 terminal=ea96b8c9-3ca2-43e6-818e-0d76cab379f2 epoch=25 owner=b3d9c015-4141-4629-b7e3-ffa343cb1b17 reward=9bc66797b95c68a5
[17:54:21] [Server thread/INFO] [io.gi.su.ad.AdvancedRocketryCommunity/]: ARCE_MISSION_DELIVERY event=RECEIPT_DROPPED mission=4e98cab8-aa8b-465e-86d5-b9d51c1368c1 terminal=ea96b8c9-3ca2-43e6-818e-0d76cab379f2 epoch=25 owner=b3d9c015-4141-4629-b7e3-ffa343cb1b17 reward=fca444fd0a2b0f1a
[17:54:21] [Server thread/INFO] [io.gi.su.ad.AdvancedRocketryCommunity/]: ARCE_MISSION_DELIVERY event=RECEIPT_DROPPED mission=4f328a47-b10a-4b36-a43d-89f88a006ae7 terminal=ea96b8c9-3ca2-43e6-818e-0d76cab379f2 epoch=25 owner=b3d9c015-4141-4629-b7e3-ffa343cb1b17 reward=e33ebec849271a95
[17:54:21] [Server thread/INFO] [io.gi.su.ad.AdvancedRocketryCommunity/]: ARCE_MISSION_DELIVERY event=RECEIPT_DROPPED mission=4f6a048f-abe2-4b42-a6c3-9ae659704f42 terminal=ea96b8c9-3ca2-43e6-818e-0d76cab379f2 epoch=25 owner=b3d9c015-4141-4629-b7e3-ffa343cb1b17 reward=cbdc213e52062b36
[17:54:21] [Server thread/INFO] [io.gi.su.ad.AdvancedRocketryCommunity/]: ARCE_MISSION_DELIVERY event=RECEIPT_DROPPED mission=4fb8d2c8-3bbd-4bd0-888e-65518d069d22 terminal=ea96b8c9-3ca2-43e6-818e-0d76cab379f2 epoch=25 owner=b3d9c015-4141-4629-b7e3-ffa343cb1b17 reward=b0bef2767ab9bcc0
[17:54:21] [Server thread/INFO] [io.gi.su.ad.AdvancedRocketryCommunity/]: ARCE_MISSION_DELIVERY event=RECEIPT_DROPPED mission=4fdea261-7bf0-4fcf-b0a8-e899e84ca791 terminal=ea96b8c9-3ca2-43e6-818e-0d76cab379f2 epoch=25 owner=b3d9c015-4141-4629-b7e3-ffa343cb1b17 reward=770533aa8ead121c
[17:54:21] [Server thread/INFO] [io.gi.su.ad.AdvancedRocketryCommunity/]: ARCE_MISSION_DELIVERY event=RECEIPT_DROPPED mission=514cac69-167a-40f1-aba3-bc4c7ec8a4a6 terminal=ea96b8c9-3ca2-43e6-818e-0d76cab379f2 epoch=25 owner=b3d9c015-4141-4629-b7e3-ffa343cb1b17 reward=0945d6e6e530817f
[17:54:21] [Server thread/INFO] [io.gi.su.ad.AdvancedRocketryCommunity/]: ARCE_MISSION_DELIVERY event=RECEIPT_DROPPED mission=525cf708-f89a-4558-8d9b-724b252e9160 terminal=ea96b8c9-3ca2-43e6-818e-0d76cab379f2 epoch=25 owner=b3d9c015-4141-4629-b7e3-ffa343cb1b17 reward=b9272c35778812dd
[17:54:21] [Server thread/INFO] [io.gi.su.ad.AdvancedRocketryCommunity/]: ARCE_MISSION_DELIVERY event=RECEIPT_DROPPED mission=52f24dcc-f923-4b03-9a8f-7ced2b8fd965 terminal=ea96b8c9-3ca2-43e6-818e-0d76cab379f2 epoch=25 owner=b3d9c015-4141-4629-b7e3-ffa343cb1b17 reward=fb52f9a7649492d1
[17:54:21] [Server thread/INFO] [io.gi.su.ad.AdvancedRocketryCommunity/]: ARCE_MISSION_DELIVERY event=RECEIPT_DROPPED mission=531c7a08-a7d2-446e-8709-7c7ffb0a5063 terminal=ea96b8c9-3ca2-43e6-818e-0d76cab379f2 epoch=25 owner=b3d9c015-4141-4629-b7e3-ffa343cb1b17 reward=3c7a82aabf6ca8ae
[17:54:21] [Server thread/INFO] [io.gi.su.ad.AdvancedRocketryCommunity/]: ARCE_MISSION_DELIVERY event=RECEIPT_DROPPED mission=5378742e-59ab-42ba-90ad-465dcf3e5a9a terminal=ea96b8c9-3ca2-43e6-818e-0d76cab379f2 epoch=25 owner=b3d9c015-4141-4629-b7e3-ffa343cb1b17 reward=251301b6a3e88da6
[17:54:21] [Server thread/INFO] [io.gi.su.ad.AdvancedRocketryCommunity/]: ARCE_MISSION_DELIVERY event=RECEIPT_DROPPED mission=56885a01-bc71-4868-8c20-0e475a1212c8 terminal=ea96b8c9-3ca2-43e6-818e-0d76cab379f2 epoch=25 owner=b3d9c015-4141-4629-b7e3-ffa343cb1b17 reward=d04d9e986906a177
[17:54:21] [Server thread/INFO] [io.gi.su.ad.AdvancedRocketryCommunity/]: ARCE_MISSION_DELIVERY event=RECEIPT_DROPPED mission=56dbbe48-c7bc-404c-ab02-ec47f8a0b693 terminal=ea96b8c9-3ca2-43e6-818e-0d76cab379f2 epoch=25 owner=b3d9c015-4141-4629-b7e3-ffa343cb1b17 reward=e8e8b35b8dcf11cb
[17:54:21] [Server thread/INFO] [io.gi.su.ad.AdvancedRocketryCommunity/]: ARCE_MISSION_DELIVERY event=RECEIPT_DROPPED mission=58721e3a-786b-4248-97ea-1f29f0244039 terminal=ea96b8c9-3ca2-43e6-818e-0d76cab379f2 epoch=25 owner=b3d9c015-4141-4629-b7e3-ffa343cb1b17 reward=cfbceca6283bd486
[17:54:21] [Server thread/INFO] [io.gi.su.ad.AdvancedRocketryCommunity/]: ARCE_MISSION_DELIVERY event=RECEIPT_DROPPED mission=5881d3f5-39a0-4be3-a1bf-8464f2e2f42c terminal=ea96b8c9-3ca2-43e6-818e-0d76cab379f2 epoch=25 owner=b3d9c015-4141-4629-b7e3-ffa343cb1b17 reward=b8650196fa73a15a
[17:54:21] [Server thread/INFO] [io.gi.su.ad.AdvancedRocketryCommunity/]: ARCE_MISSION_DELIVERY event=RECEIPT_DROPPED mission=599180b4-fcda-4f44-a4c3-68fe829843ee terminal=ea96b8c9-3ca2-43e6-818e-0d76cab379f2 epoch=25 owner=b3d9c015-4141-4629-b7e3-ffa343cb1b17 reward=6eab3e9711a8c1a7
[17:54:21] [Server thread/INFO] [io.gi.su.ad.AdvancedRocketryCommunity/]: ARCE_MISSION_DELIVERY event=RECEIPT_DROPPED mission=5bc4cc66-646d-4a76-90f8-55e0df541f93 terminal=ea96b8c9-3ca2-43e6-818e-0d76cab379f2 epoch=25 owner=b3d9c015-4141-4629-b7e3-ffa343cb1b17 reward=30c6be178035e13a
[17:54:21] [Server thread/INFO] [io.gi.su.ad.AdvancedRocketryCommunity/]: ARCE_MISSION_DELIVERY event=RECEIPT_DROPPED mission=5e408d0b-b989-4cb9-8956-34eb92fe88d2 terminal=ea96b8c9-3ca2-43e6-818e-0d76cab379f2 epoch=25 owner=b3d9c015-4141-4629-b7e3-ffa343cb1b17 reward=b07652fbee414428
[17:54:21] [Server thread/INFO] [io.gi.su.ad.AdvancedRocketryCommunity/]: ARCE_MISSION_DELIVERY event=RECEIPT_DROPPED mission=5ed46cb1-a5b9-4208-bc60-4f74a73b38bc terminal=ea96b8c9-3ca2-43e6-818e-0d76cab379f2 epoch=25 owner=b3d9c015-4141-4629-b7e3-ffa343cb1b17 reward=feda25356f7325ea
[17:54:21] [Server thread/INFO] [io.gi.su.ad.AdvancedRocketryCommunity/]: ARCE_MISSION_DELIVERY event=RECEIPT_DROPPED mission=5edae1be-5ea0-41af-b1f2-d1daff8dbc70 terminal=ea96b8c9-3ca2-43e6-818e-0d76cab379f2 epoch=25 owner=b3d9c015-4141-4629-b7e3-ffa343cb1b17 reward=63ae799d5c57a017
[17:54:21] [Server thread/INFO] [io.gi.su.ad.AdvancedRocketryCommunity/]: ARCE_MISSION_DELIVERY event=RECEIPT_DROPPED mission=5f8b0e6a-c205-4387-b038-c97a0cd0718d terminal=ea96b8c9-3ca2-43e6-818e-0d76cab379f2 epoch=25 owner=b3d9c015-4141-4629-b7e3-ffa343cb1b17 reward=879965bb6ba0cc64
[17:54:21] [Server thread/INFO] [io.gi.su.ad.AdvancedRocketryCommunity/]: ARCE_MISSION_DELIVERY event=RECEIPT_DROPPED mission=603f9e71-74f1-469e-907b-4031fc4bb845 terminal=ea96b8c9-3ca2-43e6-818e-0d76cab379f2 epoch=25 owner=b3d9c015-4141-4629-b7e3-ffa343cb1b17 reward=81ae971113ded7dd
[17:54:21] [Server thread/INFO] [io.gi.su.ad.AdvancedRocketryCommunity/]: ARCE_MISSION_DELIVERY event=RECEIPT_DROPPED mission=605d1536-b79c-4256-bf0f-6aa07d1e5691 terminal=ea96b8c9-3ca2-43e6-818e-0d76cab379f2 epoch=25 owner=b3d9c015-4141-4629-b7e3-ffa343cb1b17 reward=c77702c22c67d838
[17:54:21] [Server thread/INFO] [io.gi.su.ad.AdvancedRocketryCommunity/]: ARCE_MISSION_DELIVERY event=RECEIPT_DROPPED mission=6127debc-b318-4c83-8562-39a82dde517a terminal=ea96b8c9-3ca2-43e6-818e-0d76cab379f2 epoch=25 owner=b3d9c015-4141-4629-b7e3-ffa343cb1b17 reward=a6943e625fc07482
[17:54:21] [Server thread/INFO] [io.gi.su.ad.AdvancedRocketryCommunity/]: ARCE_MISSION_DELIVERY event=RECEIPT_DROPPED mission=61c8c5e7-785c-4d21-99b2-f962dfb283cc terminal=ea96b8c9-3ca2-43e6-818e-0d76cab379f2 epoch=25 owner=b3d9c015-4141-4629-b7e3-ffa343cb1b17 reward=57d4f527b92d4a94
[17:54:21] [Server thread/INFO] [io.gi.su.ad.AdvancedRocketryCommunity/]: ARCE_MISSION_DELIVERY event=RECEIPT_DROPPED mission=61e1c5a9-7260-402d-9d01-786e16954b33 terminal=ea96b8c9-3ca2-43e6-818e-0d76cab379f2 epoch=25 owner=b3d9c015-4141-4629-b7e3-ffa343cb1b17 reward=6a7b8d8c0221621b
[17:54:21] [Server thread/INFO] [io.gi.su.ad.AdvancedRocketryCommunity/]: ARCE_MISSION_DELIVERY event=RECEIPT_DROPPED mission=640eda21-aefb-4acf-869e-f870543ba32a terminal=ea96b8c9-3ca2-43e6-818e-0d76cab379f2 epoch=25 owner=b3d9c015-4141-4629-b7e3-ffa343cb1b17 reward=62e5e5fa8ee83874
[17:54:21] [Server thread/INFO] [io.gi.su.ad.AdvancedRocketryCommunity/]: ARCE_MISSION_DELIVERY event=RECEIPT_DROPPED mission=65352994-14ff-450c-9d6e-617bc3fbd116 terminal=ea96b8c9-3ca2-43e6-818e-0d76cab379f2 epoch=25 owner=b3d9c015-4141-4629-b7e3-ffa343cb1b17 reward=4c8ebe4f54824a24
[17:54:21] [Server thread/INFO] [io.gi.su.ad.AdvancedRocketryCommunity/]: ARCE_MISSION_DELIVERY event=RECEIPT_DROPPED mission=66a1cb0d-dbbd-49e5-974a-c7a332ffc957 terminal=ea96b8c9-3ca2-43e6-818e-0d76cab379f2 epoch=25 owner=b3d9c015-4141-4629-b7e3-ffa343cb1b17 reward=d2adff7592687677
[17:54:21] [Server thread/INFO] [io.gi.su.ad.AdvancedRocketryCommunity/]: ARCE_MISSION_DELIVERY event=RECEIPT_DROPPED mission=66e5af4f-674d-49b7-ad5e-8be979c2783c terminal=ea96b8c9-3ca2-43e6-818e-0d76cab379f2 epoch=25 owner=b3d9c015-4141-4629-b7e3-ffa343cb1b17 reward=6929fb6d29c24e9a
[17:54:21] [Server thread/INFO] [io.gi.su.ad.AdvancedRocketryCommunity/]: ARCE_MISSION_DELIVERY event=RECEIPT_DROPPED mission=6802c935-3c2a-4b8c-8832-534c21ae62c0 terminal=ea96b8c9-3ca2-43e6-818e-0d76cab379f2 epoch=25 owner=b3d9c015-4141-4629-b7e3-ffa343cb1b17 reward=c57c8e352261b443
[17:54:21] [Server thread/INFO] [io.gi.su.ad.AdvancedRocketryCommunity/]: ARCE_MISSION_DELIVERY event=RECEIPT_DROPPED mission=68469a4c-b340-4a20-86a9-518313e99a3a terminal=ea96b8c9-3ca2-43e6-818e-0d76cab379f2 epoch=25 owner=b3d9c015-4141-4629-b7e3-ffa343cb1b17 reward=744f2b30659bfe2f
[17:54:21] [Server thread/INFO] [io.gi.su.ad.AdvancedRocketryCommunity/]: ARCE_MISSION_DELIVERY event=RECEIPT_DROPPED mission=69aabea7-d504-4b66-ab73-6b58837769a0 terminal=ea96b8c9-3ca2-43e6-818e-0d76cab379f2 epoch=25 owner=b3d9c015-4141-4629-b7e3-ffa343cb1b17 reward=5d0752a404ad31a9
[17:54:21] [Server thread/INFO] [io.gi.su.ad.AdvancedRocketryCommunity/]: ARCE_MISSION_DELIVERY event=RECEIPT_DROPPED mission=6a0ef162-a3b4-4c15-96b7-7a961aa11030 terminal=ea96b8c9-3ca2-43e6-818e-0d76cab379f2 epoch=25 owner=b3d9c015-4141-4629-b7e3-ffa343cb1b17 reward=0486a08fd322ce1e
[17:54:21] [Server thread/INFO] [io.gi.su.ad.AdvancedRocketryCommunity/]: ARCE_MISSION_DELIVERY event=RECEIPT_DROPPED mission=6b5cb2cd-e8b5-40c2-a71e-5a4258405f2e terminal=ea96b8c9-3ca2-43e6-818e-0d76cab379f2 epoch=25 owner=b3d9c015-4141-4629-b7e3-ffa343cb1b17 reward=fa6404ecd92e4991
[17:54:21] [Server thread/INFO] [io.gi.su.ad.AdvancedRocketryCommunity/]: ARCE_MISSION_DELIVERY event=RECEIPT_DROPPED mission=6d63cf52-950e-4c8c-bf3a-213cf9fabd53 terminal=ea96b8c9-3ca2-43e6-818e-0d76cab379f2 epoch=25 owner=b3d9c015-4141-4629-b7e3-ffa343cb1b17 reward=9fefa0b516b44f55
[17:54:21] [Server thread/INFO] [io.gi.su.ad.AdvancedRocketryCommunity/]: ARCE_MISSION_DELIVERY event=RECEIPT_DROPPED mission=6de4050c-f4f0-40e6-b263-b78c39da3499 terminal=ea96b8c9-3ca2-43e6-818e-0d76cab379f2 epoch=25 owner=b3d9c015-4141-4629-b7e3-ffa343cb1b17 reward=007cce5a48a9ab10
[17:54:21] [Server thread/INFO] [io.gi.su.ad.AdvancedRocketryCommunity/]: ARCE_MISSION_DELIVERY event=RECEIPT_DROPPED mission=6f45de03-84f2-4a07-861b-0e6973849ace terminal=ea96b8c9-3ca2-43e6-818e-0d76cab379f2 epoch=25 owner=b3d9c015-4141-4629-b7e3-ffa343cb1b17 reward=dc23d88ca8e5d614
[17:54:21] [Server thread/INFO] [io.gi.su.ad.AdvancedRocketryCommunity/]: ARCE_MISSION_DELIVERY event=RECEIPT_DROPPED mission=716c76a6-ef3d-4a6d-a3e2-073a59a992e5 terminal=ea96b8c9-3ca2-43e6-818e-0d76cab379f2 epoch=25 owner=b3d9c015-4141-4629-b7e3-ffa343cb1b17 reward=1bc7199247f658b9
[17:54:21] [Server thread/INFO] [io.gi.su.ad.AdvancedRocketryCommunity/]: ARCE_MISSION_DELIVERY event=RECEIPT_DROPPED mission=74011ad9-1dd9-41e9-bf32-42654d29002c terminal=ea96b8c9-3ca2-43e6-818e-0d76cab379f2 epoch=25 owner=b3d9c015-4141-4629-b7e3-ffa343cb1b17 reward=e5cf980feef2b408
[17:54:21] [Server thread/INFO] [io.gi.su.ad.AdvancedRocketryCommunity/]: ARCE_MISSION_DELIVERY event=RECEIPT_DROPPED mission=7432705a-ee0b-4090-8ac5-9627118d3f78 terminal=ea96b8c9-3ca2-43e6-818e-0d76cab379f2 epoch=25 owner=b3d9c015-4141-4629-b7e3-ffa343cb1b17 reward=78491ebdf09d2596
[17:54:21] [Server thread/INFO] [io.gi.su.ad.AdvancedRocketryCommunity/]: ARCE_MISSION_DELIVERY event=RECEIPT_DROPPED mission=76ff4569-9a80-42b9-9357-f314ba6e1f9f terminal=ea96b8c9-3ca2-43e6-818e-0d76cab379f2 epoch=25 owner=b3d9c015-4141-4629-b7e3-ffa343cb1b17 reward=b6f3b89fc8fefe73
[17:54:21] [Server thread/INFO] [io.gi.su.ad.AdvancedRocketryCommunity/]: ARCE_MISSION_DELIVERY event=RECEIPT_DROPPED mission=785c5832-4412-4dbe-a9ee-680eda2c4b9d terminal=ea96b8c9-3ca2-43e6-818e-0d76cab379f2 epoch=25 owner=b3d9c015-4141-4629-b7e3-ffa343cb1b17 reward=545a6b06cd52ad3b
[17:54:21] [Server thread/INFO] [io.gi.su.ad.AdvancedRocketryCommunity/]: ARCE_MISSION_DELIVERY event=RECEIPT_DROPPED mission=7b3258c7-41e3-4e38-9500-15d62cfa74dd terminal=ea96b8c9-3ca2-43e6-818e-0d76cab379f2 epoch=25 owner=b3d9c015-4141-4629-b7e3-ffa343cb1b17 reward=5dae90d4d7b9cae1
[17:54:21] [Server thread/INFO] [io.gi.su.ad.AdvancedRocketryCommunity/]: ARCE_MISSION_DELIVERY event=RECEIPT_DROPPED mission=7b6071db-514e-4d0b-a63f-383991601be7 terminal=ea96b8c9-3ca2-43e6-818e-0d76cab379f2 epoch=25 owner=b3d9c015-4141-4629-b7e3-ffa343cb1b17 reward=1cb0d3cc0e02e0b7
[17:54:21] [Server thread/INFO] [io.gi.su.ad.AdvancedRocketryCommunity/]: ARCE_MISSION_DELIVERY event=RECEIPT_DROPPED mission=7b84c1a9-21c4-4dd2-a61f-5e2a03ebb35f terminal=ea96b8c9-3ca2-43e6-818e-0d76cab379f2 epoch=25 owner=b3d9c015-4141-4629-b7e3-ffa343cb1b17 reward=d988ccc2922bbdcf
[17:54:21] [Server thread/INFO] [io.gi.su.ad.AdvancedRocketryCommunity/]: ARCE_MISSION_DELIVERY event=RECEIPT_DROPPED mission=7b8f2b95-a6c8-4df9-bdb1-2777b85146fb terminal=ea96b8c9-3ca2-43e6-818e-0d76cab379f2 epoch=25 owner=b3d9c015-4141-4629-b7e3-ffa343cb1b17 reward=9de7300d74ca2797
[17:54:21] [Server thread/INFO] [io.gi.su.ad.AdvancedRocketryCommunity/]: ARCE_MISSION_DELIVERY event=RECEIPT_DROPPED mission=7eb7fa18-024b-4205-bfb7-47d011a12c93 terminal=ea96b8c9-3ca2-43e6-818e-0d76cab379f2 epoch=25 owner=b3d9c015-4141-4629-b7e3-ffa343cb1b17 reward=58a62d4023a21f39
[17:54:21] [Server thread/INFO] [io.gi.su.ad.AdvancedRocketryCommunity/]: ARCE_MISSION_DELIVERY event=RECEIPT_DROPPED mission=baf7d235-c431-4de7-9221-55827e4b9dc5 terminal=ea96b8c9-3ca2-43e6-818e-0d76cab379f2 epoch=25 owner=b3d9c015-4141-4629-b7e3-ffa343cb1b17 reward=56e72a8a7d8fbb87
[17:54:21] [Server thread/INFO] [io.gi.su.ad.AdvancedRocketryCommunity/]: ARCE_MISSION_DELIVERY event=RECEIPT_DROPPED mission=bc26513c-647c-4bef-9d56-ed3646dc317e terminal=ea96b8c9-3ca2-43e6-818e-0d76cab379f2 epoch=25 owner=b3d9c015-4141-4629-b7e3-ffa343cb1b17 reward=48497efccc06b374
[17:54:21] [Server thread/INFO] [io.gi.su.ad.AdvancedRocketryCommunity/]: ARCE_MISSION_DELIVERY event=RECEIPT_DROPPED mission=be56da96-0c33-4c01-9589-12aab051120f terminal=ea96b8c9-3ca2-43e6-818e-0d76cab379f2 epoch=25 owner=b3d9c015-4141-4629-b7e3-ffa343cb1b17 reward=8e2f74198798ef6b
[17:54:21] [Server thread/INFO] [io.gi.su.ad.AdvancedRocketryCommunity/]: ARCE_MISSION_DELIVERY event=RECEIPT_DROPPED mission=c002b770-1bff-419a-936c-d824278e1c35 terminal=ea96b8c9-3ca2-43e6-818e-0d76cab379f2 epoch=25 owner=b3d9c015-4141-4629-b7e3-ffa343cb1b17 reward=1f7d6a3d1b2f03f2
[17:54:21] [Server thread/INFO] [io.gi.su.ad.AdvancedRocketryCommunity/]: ARCE_MISSION_DELIVERY event=RECEIPT_DROPPED mission=c0bed79a-0f50-44bc-948a-38e27e49ad17 terminal=ea96b8c9-3ca2-43e6-818e-0d76cab379f2 epoch=25 owner=b3d9c015-4141-4629-b7e3-ffa343cb1b17 reward=3aaf6d7a7cde1e23
[17:54:21] [Server thread/INFO] [io.gi.su.ad.AdvancedRocketryCommunity/]: ARCE_MISSION_DELIVERY event=RECEIPT_DROPPED mission=c195b3c8-1fbd-4147-b75c-a9b476843298 terminal=ea96b8c9-3ca2-43e6-818e-0d76cab379f2 epoch=25 owner=b3d9c015-4141-4629-b7e3-ffa343cb1b17 reward=7b83d11fed78b9a1
[17:54:21] [Server thread/INFO] [io.gi.su.ad.AdvancedRocketryCommunity/]: ARCE_MISSION_DELIVERY event=RECEIPT_DROPPED mission=c3896b64-5e85-44b2-9f2b-db1f07e6b8ac terminal=ea96b8c9-3ca2-43e6-818e-0d76cab379f2 epoch=25 owner=b3d9c015-4141-4629-b7e3-ffa343cb1b17 reward=3c0b15824ec3df5a
[17:54:21] [Server thread/INFO] [io.gi.su.ad.AdvancedRocketryCommunity/]: ARCE_MISSION_DELIVERY event=RECEIPT_DROPPED mission=c404241f-94ef-4078-93ab-572594e58536 terminal=ea96b8c9-3ca2-43e6-818e-0d76cab379f2 epoch=25 owner=b3d9c015-4141-4629-b7e3-ffa343cb1b17 reward=5328eee2bd6475a4
[17:54:21] [Server thread/INFO] [io.gi.su.ad.AdvancedRocketryCommunity/]: ARCE_MISSION_DELIVERY event=RECEIPT_DROPPED mission=c42d25b7-b405-4495-923a-2fb558f142c0 terminal=ea96b8c9-3ca2-43e6-818e-0d76cab379f2 epoch=25 owner=b3d9c015-4141-4629-b7e3-ffa343cb1b17 reward=9dae8ba4639a1dda
[17:54:21] [Server thread/INFO] [io.gi.su.ad.AdvancedRocketryCommunity/]: ARCE_MISSION_DELIVERY event=RECEIPT_DROPPED mission=c47c866a-614c-4d86-b7bb-c8ae2f73d44b terminal=ea96b8c9-3ca2-43e6-818e-0d76cab379f2 epoch=25 owner=b3d9c015-4141-4629-b7e3-ffa343cb1b17 reward=29dd9f269f83555f
[17:54:21] [Server thread/INFO] [io.gi.su.ad.AdvancedRocketryCommunity/]: ARCE_MISSION_DELIVERY event=RECEIPT_DROPPED mission=c6c0bd32-3286-4afe-b68b-24b88aeb8cb1 terminal=ea96b8c9-3ca2-43e6-818e-0d76cab379f2 epoch=25 owner=b3d9c015-4141-4629-b7e3-ffa343cb1b17 reward=b648c6c116229130
[17:54:21] [Server thread/INFO] [io.gi.su.ad.AdvancedRocketryCommunity/]: ARCE_MISSION_DELIVERY event=RECEIPT_DROPPED mission=c6e30154-79db-4771-a14a-446b753f8be9 terminal=ea96b8c9-3ca2-43e6-818e-0d76cab379f2 epoch=25 owner=b3d9c015-4141-4629-b7e3-ffa343cb1b17 reward=3016f79971137c1a
[17:54:21] [Server thread/INFO] [io.gi.su.ad.AdvancedRocketryCommunity/]: ARCE_MISSION_DELIVERY event=RECEIPT_DROPPED mission=c88942f0-9878-4ca7-90c3-a05b7a85f7bb terminal=ea96b8c9-3ca2-43e6-818e-0d76cab379f2 epoch=25 owner=b3d9c015-4141-4629-b7e3-ffa343cb1b17 reward=1b5ee7c82b1c676e
[17:54:21] [Server thread/INFO] [io.gi.su.ad.AdvancedRocketryCommunity/]: ARCE_MISSION_DELIVERY event=RECEIPT_DROPPED mission=c9b4f9d8-1586-4ace-be4b-0114f79c7327 terminal=ea96b8c9-3ca2-43e6-818e-0d76cab379f2 epoch=25 owner=b3d9c015-4141-4629-b7e3-ffa343cb1b17 reward=2b133d4a67e0539c
[17:54:21] [Server thread/INFO] [io.gi.su.ad.AdvancedRocketryCommunity/]: ARCE_MISSION_DELIVERY event=RECEIPT_DROPPED mission=c9c897dc-faf9-43e8-a83b-107dedf4aa2b terminal=ea96b8c9-3ca2-43e6-818e-0d76cab379f2 epoch=25 owner=b3d9c015-4141-4629-b7e3-ffa343cb1b17 reward=52c89eb15e7af12f
[17:54:21] [Server thread/INFO] [io.gi.su.ad.AdvancedRocketryCommunity/]: ARCE_MISSION_DELIVERY event=RECEIPT_DROPPED mission=cd23cd56-cf12-4f83-8fed-a9f8ea5e4845 terminal=ea96b8c9-3ca2-43e6-818e-0d76cab379f2 epoch=25 owner=b3d9c015-4141-4629-b7e3-ffa343cb1b17 reward=34ac5f7519bec022
[17:54:21] [Server thread/INFO] [io.gi.su.ad.AdvancedRocketryCommunity/]: ARCE_MISSION_DELIVERY event=RECEIPT_DROPPED mission=cd2a9992-450e-4ae6-a05f-68199f20ce7d terminal=ea96b8c9-3ca2-43e6-818e-0d76cab379f2 epoch=25 owner=b3d9c015-4141-4629-b7e3-ffa343cb1b17 reward=fb0f2730078ebc59
[17:54:21] [Server thread/INFO] [io.gi.su.ad.AdvancedRocketryCommunity/]: ARCE_MISSION_DELIVERY event=RECEIPT_DROPPED mission=cf7ac673-ff1f-40ab-b8a2-ec2fc7fb5ae0 terminal=ea96b8c9-3ca2-43e6-818e-0d76cab379f2 epoch=25 owner=b3d9c015-4141-4629-b7e3-ffa343cb1b17 reward=fce9586e7ca0efad
[17:54:21] [Server thread/INFO] [io.gi.su.ad.AdvancedRocketryCommunity/]: ARCE_MISSION_DELIVERY event=RECEIPT_DROPPED mission=d221f34d-84ad-4449-8e1d-859359ec3513 terminal=ea96b8c9-3ca2-43e6-818e-0d76cab379f2 epoch=25 owner=b3d9c015-4141-4629-b7e3-ffa343cb1b17 reward=f820b7453491e2ef
[17:54:21] [Server thread/INFO] [io.gi.su.ad.AdvancedRocketryCommunity/]: ARCE_MISSION_DELIVERY event=RECEIPT_DROPPED mission=d2bdb516-dfd1-45dd-b726-74dfaffb6646 terminal=ea96b8c9-3ca2-43e6-818e-0d76cab379f2 epoch=25 owner=b3d9c015-4141-4629-b7e3-ffa343cb1b17 reward=5ae71db4ce45289e
[17:54:21] [Server thread/INFO] [io.gi.su.ad.AdvancedRocketryCommunity/]: ARCE_MISSION_DELIVERY event=RECEIPT_DROPPED mission=d448e601-843f-439d-94c8-d98a5b1ce236 terminal=ea96b8c9-3ca2-43e6-818e-0d76cab379f2 epoch=25 owner=b3d9c015-4141-4629-b7e3-ffa343cb1b17 reward=7f20f0252d1f7c62
[17:54:21] [Server thread/INFO] [io.gi.su.ad.AdvancedRocketryCommunity/]: ARCE_MISSION_DELIVERY event=RECEIPT_DROPPED mission=d6103e36-8525-4daf-b673-d7400dafc6b2 terminal=ea96b8c9-3ca2-43e6-818e-0d76cab379f2 epoch=25 owner=b3d9c015-4141-4629-b7e3-ffa343cb1b17 reward=ac567d5791e8f67a
[17:54:21] [Server thread/INFO] [io.gi.su.ad.AdvancedRocketryCommunity/]: ARCE_MISSION_DELIVERY event=RECEIPT_DROPPED mission=d63fca3a-bca2-4a9f-8432-5d2f5e5721b4 terminal=ea96b8c9-3ca2-43e6-818e-0d76cab379f2 epoch=25 owner=b3d9c015-4141-4629-b7e3-ffa343cb1b17 reward=52f6da77e61f2804
[17:54:21] [Server thread/INFO] [io.gi.su.ad.AdvancedRocketryCommunity/]: ARCE_MISSION_DELIVERY event=RECEIPT_DROPPED mission=d6fb7b26-aef5-4ef7-abb7-44b3ddc276ee terminal=ea96b8c9-3ca2-43e6-818e-0d76cab379f2 epoch=25 owner=b3d9c015-4141-4629-b7e3-ffa343cb1b17 reward=61926dcaef815e0c
[17:54:21] [Server thread/INFO] [io.gi.su.ad.AdvancedRocketryCommunity/]: ARCE_MISSION_DELIVERY event=RECEIPT_DROPPED mission=d8a386ba-6779-49cc-8601-7275470af5a1 terminal=ea96b8c9-3ca2-43e6-818e-0d76cab379f2 epoch=25 owner=b3d9c015-4141-4629-b7e3-ffa343cb1b17 reward=26e1e74b745fafee
[17:54:21] [Server thread/INFO] [io.gi.su.ad.AdvancedRocketryCommunity/]: ARCE_MISSION_DELIVERY event=RECEIPT_DROPPED mission=d96a4f89-cc0b-4473-b862-c20f34883285 terminal=ea96b8c9-3ca2-43e6-818e-0d76cab379f2 epoch=25 owner=b3d9c015-4141-4629-b7e3-ffa343cb1b17 reward=e2834a5f9409b66d
[17:54:21] [Server thread/INFO] [io.gi.su.ad.AdvancedRocketryCommunity/]: ARCE_MISSION_DELIVERY event=RECEIPT_DROPPED mission=db3c7d16-b95f-407b-aa91-507f2139508d terminal=ea96b8c9-3ca2-43e6-818e-0d76cab379f2 epoch=25 owner=b3d9c015-4141-4629-b7e3-ffa343cb1b17 reward=f9ebb02426dcbdd1
[17:54:21] [Server thread/INFO] [io.gi.su.ad.AdvancedRocketryCommunity/]: ARCE_MISSION_DELIVERY event=RECEIPT_DROPPED mission=db76f75f-ff3f-4952-b3b7-24d8bb7b52fb terminal=ea96b8c9-3ca2-43e6-818e-0d76cab379f2 epoch=25 owner=b3d9c015-4141-4629-b7e3-ffa343cb1b17 reward=e1d8f0526004ad6b
[17:54:21] [Server thread/INFO] [io.gi.su.ad.AdvancedRocketryCommunity/]: ARCE_MISSION_DELIVERY event=RECEIPT_DROPPED mission=dc4819c2-a0be-4e6e-a50c-cdff83ea0036 terminal=ea96b8c9-3ca2-43e6-818e-0d76cab379f2 epoch=25 owner=b3d9c015-4141-4629-b7e3-ffa343cb1b17 reward=e7904a403c449582
[17:54:21] [Server thread/INFO] [io.gi.su.ad.AdvancedRocketryCommunity/]: ARCE_MISSION_DELIVERY event=RECEIPT_DROPPED mission=dcceed8b-a288-4045-8942-14dd004be3c0 terminal=ea96b8c9-3ca2-43e6-818e-0d76cab379f2 epoch=25 owner=b3d9c015-4141-4629-b7e3-ffa343cb1b17 reward=5c433fddf378f84d
[17:54:21] [Server thread/INFO] [io.gi.su.ad.AdvancedRocketryCommunity/]: ARCE_MISSION_DELIVERY event=RECEIPT_DROPPED mission=dd7dd33f-f875-4da3-b6b5-3146526fd4f3 terminal=ea96b8c9-3ca2-43e6-818e-0d76cab379f2 epoch=25 owner=b3d9c015-4141-4629-b7e3-ffa343cb1b17 reward=338e87af3482da4d
[17:54:21] [Server thread/INFO] [io.gi.su.ad.AdvancedRocketryCommunity/]: ARCE_MISSION_DELIVERY event=RECEIPT_DROPPED mission=ddef9381-d99f-4f31-92e1-2e2f885d3a10 terminal=ea96b8c9-3ca2-43e6-818e-0d76cab379f2 epoch=25 owner=b3d9c015-4141-4629-b7e3-ffa343cb1b17 reward=9182c0947cff0763
[17:54:21] [Server thread/INFO] [io.gi.su.ad.AdvancedRocketryCommunity/]: ARCE_MISSION_DELIVERY event=RECEIPT_DROPPED mission=de279fe5-8913-489d-8f62-f3d73c6cfdcc terminal=ea96b8c9-3ca2-43e6-818e-0d76cab379f2 epoch=25 owner=b3d9c015-4141-4629-b7e3-ffa343cb1b17 reward=f1a486fd4d9aca84
[17:54:21] [Server thread/INFO] [io.gi.su.ad.AdvancedRocketryCommunity/]: ARCE_MISSION_DELIVERY event=RECEIPT_DROPPED mission=de4e5fc0-0c83-42e6-9afb-a6935596eb32 terminal=ea96b8c9-3ca2-43e6-818e-0d76cab379f2 epoch=25 owner=b3d9c015-4141-4629-b7e3-ffa343cb1b17 reward=471ec5843ec860b6
[17:54:21] [Server thread/INFO] [io.gi.su.ad.AdvancedRocketryCommunity/]: ARCE_MISSION_DELIVERY event=RECEIPT_DROPPED mission=e18d49d1-0727-4ffd-aea5-a087e6576de5 terminal=ea96b8c9-3ca2-43e6-818e-0d76cab379f2 epoch=25 owner=b3d9c015-4141-4629-b7e3-ffa343cb1b17 reward=5828467971b09d7b
[17:54:21] [Server thread/INFO] [io.gi.su.ad.AdvancedRocketryCommunity/]: ARCE_MISSION_DELIVERY event=RECEIPT_DROPPED mission=e1bd7751-6036-46fb-b055-0f140b7fabd4 terminal=ea96b8c9-3ca2-43e6-818e-0d76cab379f2 epoch=25 owner=b3d9c015-4141-4629-b7e3-ffa343cb1b17 reward=e64ef9d784b0688f
[17:54:21] [Server thread/INFO] [io.gi.su.ad.AdvancedRocketryCommunity/]: ARCE_MISSION_DELIVERY event=RECEIPT_DROPPED mission=e1d7d238-856a-47ff-ae2c-74da2ac19a86 terminal=ea96b8c9-3ca2-43e6-818e-0d76cab379f2 epoch=25 owner=b3d9c015-4141-4629-b7e3-ffa343cb1b17 reward=c5f522a280957a79
[17:54:21] [Server thread/INFO] [io.gi.su.ad.AdvancedRocketryCommunity/]: ARCE_MISSION_DELIVERY event=RECEIPT_DROPPED mission=e2877784-df05-4ce5-a7f7-db11674cbf77 terminal=ea96b8c9-3ca2-43e6-818e-0d76cab379f2 epoch=25 owner=b3d9c015-4141-4629-b7e3-ffa343cb1b17 reward=d93fbebbdf102319
[17:54:21] [Server thread/INFO] [io.gi.su.ad.AdvancedRocketryCommunity/]: ARCE_MISSION_DELIVERY event=RECEIPT_DROPPED mission=e3122569-2d1e-4ab4-94dc-8860778a28ef terminal=ea96b8c9-3ca2-43e6-818e-0d76cab379f2 epoch=25 owner=b3d9c015-4141-4629-b7e3-ffa343cb1b17 reward=aefaee1413839b85
[17:54:21] [Server thread/INFO] [io.gi.su.ad.AdvancedRocketryCommunity/]: ARCE_MISSION_DELIVERY event=RECEIPT_DROPPED mission=e3796ec1-ac0f-4ffb-a613-574387b5f9e4 terminal=ea96b8c9-3ca2-43e6-818e-0d76cab379f2 epoch=25 owner=b3d9c015-4141-4629-b7e3-ffa343cb1b17 reward=bbac1acc7a39b2ed
[17:54:21] [Server thread/INFO] [io.gi.su.ad.AdvancedRocketryCommunity/]: ARCE_MISSION_DELIVERY event=RECEIPT_DROPPED mission=e4214334-57be-431d-a4eb-36d92383d01c terminal=ea96b8c9-3ca2-43e6-818e-0d76cab379f2 epoch=25 owner=b3d9c015-4141-4629-b7e3-ffa343cb1b17 reward=238ea0171285fbb6
[17:54:21] [Server thread/INFO] [io.gi.su.ad.AdvancedRocketryCommunity/]: ARCE_MISSION_DELIVERY event=RECEIPT_DROPPED mission=e76f9dc7-206b-4211-a729-80187eb07e1a terminal=ea96b8c9-3ca2-43e6-818e-0d76cab379f2 epoch=25 owner=b3d9c015-4141-4629-b7e3-ffa343cb1b17 reward=47d98eaaffef25b2
[17:54:21] [Server thread/INFO] [io.gi.su.ad.AdvancedRocketryCommunity/]: ARCE_MISSION_DELIVERY event=RECEIPT_DROPPED mission=e97a31b5-906e-47b3-9b83-d354ce5d1d2d terminal=ea96b8c9-3ca2-43e6-818e-0d76cab379f2 epoch=25 owner=b3d9c015-4141-4629-b7e3-ffa343cb1b17 reward=190b0b8874552ffc
[17:54:21] [Server thread/INFO] [io.gi.su.ad.AdvancedRocketryCommunity/]: ARCE_MISSION_DELIVERY event=RECEIPT_DROPPED mission=e9951f8c-86e6-4789-973c-30f7002ca052 terminal=ea96b8c9-3ca2-43e6-818e-0d76cab379f2 epoch=25 owner=b3d9c015-4141-4629-b7e3-ffa343cb1b17 reward=d916f28a894ebc0c
[17:54:21] [Server thread/INFO] [io.gi.su.ad.AdvancedRocketryCommunity/]: ARCE_MISSION_DELIVERY event=RECEIPT_DROPPED mission=ea11fbf0-0207-4d0b-842c-749c113bcd5f terminal=ea96b8c9-3ca2-43e6-818e-0d76cab379f2 epoch=25 owner=b3d9c015-4141-4629-b7e3-ffa343cb1b17 reward=ab1eab174052e454
[17:54:21] [Server thread/INFO] [io.gi.su.ad.AdvancedRocketryCommunity/]: ARCE_MISSION_DELIVERY event=RECEIPT_DROPPED mission=ea85575b-c30e-4925-b68d-1332d9dd57ac terminal=ea96b8c9-3ca2-43e6-818e-0d76cab379f2 epoch=25 owner=b3d9c015-4141-4629-b7e3-ffa343cb1b17 reward=cd1b43043201c4d3
[17:54:21] [Server thread/INFO] [io.gi.su.ad.AdvancedRocketryCommunity/]: ARCE_MISSION_DELIVERY event=RECEIPT_DROPPED mission=eab1d21c-515f-4d68-9745-ffec1b29795b terminal=ea96b8c9-3ca2-43e6-818e-0d76cab379f2 epoch=25 owner=b3d9c015-4141-4629-b7e3-ffa343cb1b17 reward=75674a68dc9434f3
[17:54:21] [Server thread/INFO] [io.gi.su.ad.AdvancedRocketryCommunity/]: ARCE_MISSION_DELIVERY event=RECEIPT_DROPPED mission=ec0749a1-3c77-4d39-aa45-15703352aaa6 terminal=ea96b8c9-3ca2-43e6-818e-0d76cab379f2 epoch=25 owner=b3d9c015-4141-4629-b7e3-ffa343cb1b17 reward=d345e98df1b03c38
[17:54:21] [Server thread/INFO] [io.gi.su.ad.AdvancedRocketryCommunity/]: ARCE_MISSION_DELIVERY event=RECEIPT_DROPPED mission=ed2750e2-3128-47cc-8eb1-1014a000b7a7 terminal=ea96b8c9-3ca2-43e6-818e-0d76cab379f2 epoch=25 owner=b3d9c015-4141-4629-b7e3-ffa343cb1b17 reward=4698cdc513fc7916
[17:54:21] [Server thread/INFO] [io.gi.su.ad.AdvancedRocketryCommunity/]: ARCE_MISSION_DELIVERY event=RECEIPT_DROPPED mission=ede98ff0-fd87-4e0b-aca3-fa0ce9d4c99d terminal=ea96b8c9-3ca2-43e6-818e-0d76cab379f2 epoch=25 owner=b3d9c015-4141-4629-b7e3-ffa343cb1b17 reward=bb62d7cdfae400b1
[17:54:21] [Server thread/INFO] [io.gi.su.ad.AdvancedRocketryCommunity/]: ARCE_MISSION_DELIVERY event=RECEIPT_DROPPED mission=ee32e279-cf8f-4d75-b0b6-f2cbeab7ebb8 terminal=ea96b8c9-3ca2-43e6-818e-0d76cab379f2 epoch=25 owner=b3d9c015-4141-4629-b7e3-ffa343cb1b17 reward=f6676cd23992b93c
[17:54:21] [Server thread/INFO] [io.gi.su.ad.AdvancedRocketryCommunity/]: ARCE_MISSION_DELIVERY event=RECEIPT_DROPPED mission=eed8790e-038b-4035-9c8e-78742ae17bfe terminal=ea96b8c9-3ca2-43e6-818e-0d76cab379f2 epoch=25 owner=b3d9c015-4141-4629-b7e3-ffa343cb1b17 reward=b66f4f31f93cd170
[17:54:21] [Server thread/INFO] [io.gi.su.ad.AdvancedRocketryCommunity/]: ARCE_MISSION_DELIVERY event=RECEIPT_DROPPED mission=ef30f895-0074-4bf6-bba4-e53b685742ca terminal=ea96b8c9-3ca2-43e6-818e-0d76cab379f2 epoch=25 owner=b3d9c015-4141-4629-b7e3-ffa343cb1b17 reward=2e659b34f6482fa7
[17:54:21] [Server thread/INFO] [io.gi.su.ad.AdvancedRocketryCommunity/]: ARCE_MISSION_DELIVERY event=RECEIPT_DROPPED mission=ef68267a-47c8-4c0a-997f-cb1d3343efa3 terminal=ea96b8c9-3ca2-43e6-818e-0d76cab379f2 epoch=25 owner=b3d9c015-4141-4629-b7e3-ffa343cb1b17 reward=42b812afdd52fd81
[17:54:21] [Server thread/INFO] [io.gi.su.ad.AdvancedRocketryCommunity/]: ARCE_MISSION_DELIVERY event=RECEIPT_DROPPED mission=efb758c0-4f87-4285-ad75-b9e2676b1b1a terminal=ea96b8c9-3ca2-43e6-818e-0d76cab379f2 epoch=25 owner=b3d9c015-4141-4629-b7e3-ffa343cb1b17 reward=4894ea4bb82aaf6f
[17:54:21] [Server thread/INFO] [io.gi.su.ad.AdvancedRocketryCommunity/]: ARCE_MISSION_DELIVERY event=RECEIPT_DROPPED mission=efe4b636-abbe-4275-9f30-cf4146ee00bd terminal=ea96b8c9-3ca2-43e6-818e-0d76cab379f2 epoch=25 owner=b3d9c015-4141-4629-b7e3-ffa343cb1b17 reward=7428c89a7866d5a6
[17:54:21] [Server thread/INFO] [io.gi.su.ad.AdvancedRocketryCommunity/]: ARCE_MISSION_DELIVERY event=RECEIPT_DROPPED mission=f14e858a-f2e1-4770-aa3a-0715e51a3338 terminal=ea96b8c9-3ca2-43e6-818e-0d76cab379f2 epoch=25 owner=b3d9c015-4141-4629-b7e3-ffa343cb1b17 reward=562317eeffd56e78
[17:54:21] [Server thread/INFO] [io.gi.su.ad.AdvancedRocketryCommunity/]: ARCE_MISSION_DELIVERY event=RECEIPT_DROPPED mission=f479dab1-847d-4c0b-a4da-cf723b04243a terminal=ea96b8c9-3ca2-43e6-818e-0d76cab379f2 epoch=25 owner=b3d9c015-4141-4629-b7e3-ffa343cb1b17 reward=312fe6db33cf71bb
[17:54:21] [Server thread/INFO] [io.gi.su.ad.AdvancedRocketryCommunity/]: ARCE_MISSION_DELIVERY event=RECEIPT_DROPPED mission=f48573fc-48d0-4cfc-a0cb-e703439e334f terminal=ea96b8c9-3ca2-43e6-818e-0d76cab379f2 epoch=25 owner=b3d9c015-4141-4629-b7e3-ffa343cb1b17 reward=b51c70e505653bb2
[17:54:21] [Server thread/INFO] [io.gi.su.ad.AdvancedRocketryCommunity/]: ARCE_MISSION_DELIVERY event=RECEIPT_DROPPED mission=f6d14eb9-03bb-46cb-9fea-25f5e803adef terminal=ea96b8c9-3ca2-43e6-818e-0d76cab379f2 epoch=25 owner=b3d9c015-4141-4629-b7e3-ffa343cb1b17 reward=31be9aae513470b0
[17:54:21] [Server thread/INFO] [io.gi.su.ad.AdvancedRocketryCommunity/]: ARCE_MISSION_DELIVERY event=RECEIPT_DROPPED mission=f925c4a7-44e6-4365-a553-1d0e177c8071 terminal=ea96b8c9-3ca2-43e6-818e-0d76cab379f2 epoch=25 owner=b3d9c015-4141-4629-b7e3-ffa343cb1b17 reward=ac42798ede2b2a61
[17:54:21] [Server thread/INFO] [io.gi.su.ad.AdvancedRocketryCommunity/]: ARCE_MISSION_DELIVERY event=RECEIPT_DROPPED mission=fa2b916d-884c-4280-be23-a665fc6cbc30 terminal=ea96b8c9-3ca2-43e6-818e-0d76cab379f2 epoch=25 owner=b3d9c015-4141-4629-b7e3-ffa343cb1b17 reward=cdd59481c83d8c4a
[17:54:21] [Server thread/INFO] [io.gi.su.ad.AdvancedRocketryCommunity/]: ARCE_MISSION_DELIVERY event=RECEIPT_DROPPED mission=fa46e512-7def-4117-b730-efe7b3a7c720 terminal=ea96b8c9-3ca2-43e6-818e-0d76cab379f2 epoch=25 owner=b3d9c015-4141-4629-b7e3-ffa343cb1b17 reward=a47c55c099743bbf
[17:54:21] [Server thread/INFO] [io.gi.su.ad.AdvancedRocketryCommunity/]: ARCE_MISSION_DELIVERY event=RECEIPT_DROPPED mission=fab8a3c7-b6f1-4d0f-8957-56fca68f85bb terminal=ea96b8c9-3ca2-43e6-818e-0d76cab379f2 epoch=25 owner=b3d9c015-4141-4629-b7e3-ffa343cb1b17 reward=3244f5161edf1842
[17:54:21] [Server thread/INFO] [io.gi.su.ad.AdvancedRocketryCommunity/]: ARCE_MISSION_DELIVERY event=CLAIM mission=68c072ef-aa50-4b0d-962c-ad107f04efa3 terminal=ea96b8c9-3ca2-43e6-818e-0d76cab379f2 epoch=25 owner=b3d9c015-4141-4629-b7e3-ffa343cb1b17 reward=512a80dea3bf97c1
[17:54:21] [Server thread/INFO] [io.gi.su.ad.AdvancedRocketryCommunity/]: ARCE_MISSION_DELIVERY event=CLAIM mission=f2d37c4d-cb50-4ad3-99e9-242e4db16f47 terminal=ea96b8c9-3ca2-43e6-818e-0d76cab379f2 epoch=25 owner=b3d9c015-4141-4629-b7e3-ffa343cb1b17 reward=0e97dfbf425f30e9
[17:54:21] [Server thread/INFO] [io.gi.su.ad.AdvancedRocketryCommunity/]: ARCE_MISSION_DELIVERY event=CLAIM mission=f1e1a451-3ced-4d1d-a25b-20263068cd9b terminal=ea96b8c9-3ca2-43e6-818e-0d76cab379f2 epoch=25 owner=b3d9c015-4141-4629-b7e3-ffa343cb1b17 reward=a9c8b6a06aaca301
[17:54:21] [Server thread/INFO] [io.gi.su.ad.AdvancedRocketryCommunity/]: ARCE_MISSION_DELIVERY event=CLAIM mission=c948abed-b665-48e8-891d-5af4de837b9d terminal=ea96b8c9-3ca2-43e6-818e-0d76cab379f2 epoch=25 owner=b3d9c015-4141-4629-b7e3-ffa343cb1b17 reward=e75daec0028eb48a
[17:54:21] [Server thread/INFO] [io.gi.su.ad.AdvancedRocketryCommunity/]: ARCE_MISSION_DELIVERY event=CLAIM mission=e14992f9-8ab7-41d8-a27a-38076dec0756 terminal=ea96b8c9-3ca2-43e6-818e-0d76cab379f2 epoch=25 owner=b3d9c015-4141-4629-b7e3-ffa343cb1b17 reward=ce53f004285591bf
[17:54:21] [Server thread/INFO] [io.gi.su.ad.AdvancedRocketryCommunity/]: ARCE_MISSION_DELIVERY event=CLAIM mission=03da998f-6380-4cad-b97e-4c4bad0216c1 terminal=ea96b8c9-3ca2-43e6-818e-0d76cab379f2 epoch=25 owner=b3d9c015-4141-4629-b7e3-ffa343cb1b17 reward=83f75af3b6821b60
[17:54:21] [Server thread/INFO] [io.gi.su.ad.AdvancedRocketryCommunity/]: ARCE_MISSION_DELIVERY event=CLAIM mission=c9fec70c-b12c-481d-aa29-2040f4cc44b9 terminal=ea96b8c9-3ca2-43e6-818e-0d76cab379f2 epoch=25 owner=b3d9c015-4141-4629-b7e3-ffa343cb1b17 reward=b679f8e3de57665a
[17:54:21] [Server thread/INFO] [io.gi.su.ad.AdvancedRocketryCommunity/]: ARCE_MISSION_DELIVERY event=CLAIM mission=843c9cb3-ccd8-4993-851e-2c9875b4ce50 terminal=ea96b8c9-3ca2-43e6-818e-0d76cab379f2 epoch=25 owner=b3d9c015-4141-4629-b7e3-ffa343cb1b17 reward=7209b77277300cce
[17:54:21] [Server thread/INFO] [io.gi.su.ad.AdvancedRocketryCommunity/]: ARCE_MISSION_DELIVERY event=CLAIM mission=61f812d5-9b67-4514-ad5c-c918fb2d31fe terminal=ea96b8c9-3ca2-43e6-818e-0d76cab379f2 epoch=25 owner=b3d9c015-4141-4629-b7e3-ffa343cb1b17 reward=d34d66b339eca43f
[17:54:21] [Server thread/INFO] [io.gi.su.ad.AdvancedRocketryCommunity/]: ARCE_MISSION_DELIVERY event=CLAIM mission=7abb8685-c8c3-44fe-b7e4-92db19f79bf7 terminal=ea96b8c9-3ca2-43e6-818e-0d76cab379f2 epoch=25 owner=b3d9c015-4141-4629-b7e3-ffa343cb1b17 reward=f19b71ba9451fe35
[17:54:21] [Server thread/INFO] [io.gi.su.ad.AdvancedRocketryCommunity/]: ARCE_MISSION_DELIVERY event=CLAIM mission=20e4ddc5-cc79-4164-a577-075e0152f47a terminal=ea96b8c9-3ca2-43e6-818e-0d76cab379f2 epoch=25 owner=b3d9c015-4141-4629-b7e3-ffa343cb1b17 reward=158eecf254c5eb5e
[17:54:21] [Server thread/INFO] [io.gi.su.ad.AdvancedRocketryCommunity/]: ARCE_MISSION_DELIVERY event=CLAIM mission=f04e84f2-6e36-43a1-88f0-b7a2b3557ae7 terminal=ea96b8c9-3ca2-43e6-818e-0d76cab379f2 epoch=25 owner=b3d9c015-4141-4629-b7e3-ffa343cb1b17 reward=4c39dd0bee6f8ac9
[17:54:21] [Server thread/INFO] [io.gi.su.ad.AdvancedRocketryCommunity/]: ARCE_MISSION_DELIVERY event=CLAIM mission=65a349aa-94a5-4a79-8587-9a1ee68c01c1 terminal=ea96b8c9-3ca2-43e6-818e-0d76cab379f2 epoch=25 owner=b3d9c015-4141-4629-b7e3-ffa343cb1b17 reward=9ef3eeb9f25d86e4
[17:54:21] [Server thread/INFO] [io.gi.su.ad.AdvancedRocketryCommunity/]: ARCE_MISSION_DELIVERY event=CLAIM mission=d695043a-1577-493a-8581-fc6e194175f8 terminal=ea96b8c9-3ca2-43e6-818e-0d76cab379f2 epoch=25 owner=b3d9c015-4141-4629-b7e3-ffa343cb1b17 reward=8fd5c52cf5db0f14
[17:54:21] [Server thread/INFO] [io.gi.su.ad.AdvancedRocketryCommunity/]: ARCE_MISSION_DELIVERY event=CLAIM mission=3ec79faf-3d97-4f1b-8d48-10c0d52bf524 terminal=ea96b8c9-3ca2-43e6-818e-0d76cab379f2 epoch=25 owner=b3d9c015-4141-4629-b7e3-ffa343cb1b17 reward=a3e8661409ba637a
[17:54:21] [Server thread/INFO] [io.gi.su.ad.AdvancedRocketryCommunity/]: ARCE_MISSION_DELIVERY event=CLAIM mission=51ad1bf0-e0df-47d8-a082-e377cce62133 terminal=ea96b8c9-3ca2-43e6-818e-0d76cab379f2 epoch=25 owner=b3d9c015-4141-4629-b7e3-ffa343cb1b17 reward=6856eae9802c19aa
[17:54:21] [Server thread/INFO] [minecraft/GameTestBatchRunner]: Running test batch 'planetary_admission_warp:1' (1 tests)...
[17:54:21] [Server thread/INFO] [minecraft/GameTestServer]: [++++++++++++++++++++++++++++++++++++++++++++++++++++++++++++++++++++++++++++++++++++++++++++++++++++++++++++++++++++++                                                                                                                                                                            ]
[17:54:21] [Server thread/INFO] [io.gi.su.ad.AdvancedRocketryCommunity/]: ARCE_ROCKET_ENTITY_REMOVED entity=a0dd63f9-3c26-47ba-8019-6bb7f238bb11 reason=DISCARDED operational=true
[17:54:21] [Server thread/INFO] [io.gi.su.ad.AdvancedRocketryCommunity/]: ARCE_MISSION_DELIVERY event=RECEIPT_DROPPED mission=843c9cb3-ccd8-4993-851e-2c9875b4ce50 terminal=ea96b8c9-3ca2-43e6-818e-0d76cab379f2 epoch=11 owner=b3d9c015-4141-4629-b7e3-ffa343cb1b17 reward=none registry=absent
[17:54:21] [Server thread/INFO] [io.gi.su.ad.AdvancedRocketryCommunity/]: ARCE_MISSION_DELIVERY event=RECEIPT_DROPPED mission=c948abed-b665-48e8-891d-5af4de837b9d terminal=ea96b8c9-3ca2-43e6-818e-0d76cab379f2 epoch=11 owner=b3d9c015-4141-4629-b7e3-ffa343cb1b17 reward=none registry=absent
[17:54:21] [Server thread/INFO] [io.gi.su.ad.AdvancedRocketryCommunity/]: ARCE_MISSION_DELIVERY event=RECEIPT_DROPPED mission=c9fec70c-b12c-481d-aa29-2040f4cc44b9 terminal=ea96b8c9-3ca2-43e6-818e-0d76cab379f2 epoch=11 owner=b3d9c015-4141-4629-b7e3-ffa343cb1b17 reward=none registry=absent
[17:54:21] [Server thread/INFO] [io.gi.su.ad.AdvancedRocketryCommunity/]: ARCE_MISSION_DELIVERY event=RECEIPT_DROPPED mission=d695043a-1577-493a-8581-fc6e194175f8 terminal=ea96b8c9-3ca2-43e6-818e-0d76cab379f2 epoch=11 owner=b3d9c015-4141-4629-b7e3-ffa343cb1b17 reward=none registry=absent
[17:54:21] [Server thread/INFO] [io.gi.su.ad.AdvancedRocketryCommunity/]: ARCE_MISSION_DELIVERY event=RECEIPT_DROPPED mission=e14992f9-8ab7-41d8-a27a-38076dec0756 terminal=ea96b8c9-3ca2-43e6-818e-0d76cab379f2 epoch=11 owner=b3d9c015-4141-4629-b7e3-ffa343cb1b17 reward=none registry=absent
[17:54:21] [Server thread/INFO] [io.gi.su.ad.AdvancedRocketryCommunity/]: ARCE_MISSION_DELIVERY event=RECEIPT_DROPPED mission=f04e84f2-6e36-43a1-88f0-b7a2b3557ae7 terminal=ea96b8c9-3ca2-43e6-818e-0d76cab379f2 epoch=11 owner=b3d9c015-4141-4629-b7e3-ffa343cb1b17 reward=none registry=absent
[17:54:21] [Server thread/INFO] [io.gi.su.ad.AdvancedRocketryCommunity/]: ARCE_MISSION_DELIVERY event=RECEIPT_DROPPED mission=f1e1a451-3ced-4d1d-a25b-20263068cd9b terminal=ea96b8c9-3ca2-43e6-818e-0d76cab379f2 epoch=11 owner=b3d9c015-4141-4629-b7e3-ffa343cb1b17 reward=none registry=absent
[17:54:21] [Server thread/INFO] [io.gi.su.ad.AdvancedRocketryCommunity/]: ARCE_MISSION_DELIVERY event=RECEIPT_DROPPED mission=f2d37c4d-cb50-4ad3-99e9-242e4db16f47 terminal=ea96b8c9-3ca2-43e6-818e-0d76cab379f2 epoch=11 owner=b3d9c015-4141-4629-b7e3-ffa343cb1b17 reward=none registry=absent
[17:54:21] [Server thread/INFO] [io.gi.su.ad.AdvancedRocketryCommunity/]: ARCE_MISSION_DELIVERY event=RECEIPT_DROPPED mission=03da998f-6380-4cad-b97e-4c4bad0216c1 terminal=ea96b8c9-3ca2-43e6-818e-0d76cab379f2 epoch=11 owner=b3d9c015-4141-4629-b7e3-ffa343cb1b17 reward=none registry=absent
[17:54:21] [Server thread/INFO] [io.gi.su.ad.AdvancedRocketryCommunity/]: ARCE_MISSION_DELIVERY event=RECEIPT_DROPPED mission=20e4ddc5-cc79-4164-a577-075e0152f47a terminal=ea96b8c9-3ca2-43e6-818e-0d76cab379f2 epoch=11 owner=b3d9c015-4141-4629-b7e3-ffa343cb1b17 reward=none registry=absent
[17:54:21] [Server thread/INFO] [io.gi.su.ad.AdvancedRocketryCommunity/]: ARCE_MISSION_DELIVERY event=RECEIPT_DROPPED mission=3ec79faf-3d97-4f1b-8d48-10c0d52bf524 terminal=ea96b8c9-3ca2-43e6-818e-0d76cab379f2 epoch=11 owner=b3d9c015-4141-4629-b7e3-ffa343cb1b17 reward=none registry=absent
[17:54:21] [Server thread/INFO] [io.gi.su.ad.AdvancedRocketryCommunity/]: ARCE_MISSION_DELIVERY event=RECEIPT_DROPPED mission=51ad1bf0-e0df-47d8-a082-e377cce62133 terminal=ea96b8c9-3ca2-43e6-818e-0d76cab379f2 epoch=11 owner=b3d9c015-4141-4629-b7e3-ffa343cb1b17 reward=none registry=absent
[17:54:21] [Server thread/INFO] [io.gi.su.ad.AdvancedRocketryCommunity/]: ARCE_MISSION_DELIVERY event=RECEIPT_DROPPED mission=61f812d5-9b67-4514-ad5c-c918fb2d31fe terminal=ea96b8c9-3ca2-43e6-818e-0d76cab379f2 epoch=11 owner=b3d9c015-4141-4629-b7e3-ffa343cb1b17 reward=none registry=absent
[17:54:21] [Server thread/INFO] [io.gi.su.ad.AdvancedRocketryCommunity/]: ARCE_MISSION_DELIVERY event=RECEIPT_DROPPED mission=65a349aa-94a5-4a79-8587-9a1ee68c01c1 terminal=ea96b8c9-3ca2-43e6-818e-0d76cab379f2 epoch=11 owner=b3d9c015-4141-4629-b7e3-ffa343cb1b17 reward=none registry=absent
[17:54:21] [Server thread/INFO] [io.gi.su.ad.AdvancedRocketryCommunity/]: ARCE_MISSION_DELIVERY event=RECEIPT_DROPPED mission=68c072ef-aa50-4b0d-962c-ad107f04efa3 terminal=ea96b8c9-3ca2-43e6-818e-0d76cab379f2 epoch=11 owner=b3d9c015-4141-4629-b7e3-ffa343cb1b17 reward=none registry=absent
[17:54:21] [Server thread/INFO] [io.gi.su.ad.AdvancedRocketryCommunity/]: ARCE_MISSION_DELIVERY event=RECEIPT_DROPPED mission=7abb8685-c8c3-44fe-b7e4-92db19f79bf7 terminal=ea96b8c9-3ca2-43e6-818e-0d76cab379f2 epoch=11 owner=b3d9c015-4141-4629-b7e3-ffa343cb1b17 reward=none registry=absent
[17:54:21] [Server thread/INFO] [minecraft/GameTestServer]: [++++++++++++++++++++++++++++++++++++++++++++++++++++++++++++++++++++++++++++++++++++++++++++++++++++++++++++++++++++++_                                                                                                                                                                           ]
[17:54:21] [Server thread/INFO] [minecraft/GameTestServer]: [++++++++++++++++++++++++++++++++++++++++++++++++++++++++++++++++++++++++++++++++++++++++++++++++++++++++++++++++++++++_                                                                                                                                                                           ]
[17:54:21] [Server thread/INFO] [io.gi.su.ad.AdvancedRocketryCommunity/]: ARCE_ROCKET_ENTITY_ACTIVE entity=6d63ed06-f09a-489b-b551-cd0f1c037148 operational=true snapshot=e0fa950a852bdc6a3c8d5ce419edd22e2393fa017807761eb9c0cac306af16a7 flight_state=FUELED fuel=1000
[17:54:21] [Server thread/INFO] [io.gi.su.ad.AdvancedRocketryCommunity/]: ARCE_TRANSFER_PREPARE transfer=02dd9668-9b71-4f3b-a915-77300c5bfb1a logical=fa038c0d-9840-448a-9cc3-271554097227 source=advancedrocketrycommunity:space destination=advancedrocketrycommunity:moon code=SUCCESS candidates=1 chunks=1 detail=selected
[17:54:21] [Server thread/INFO] [io.gi.su.ad.AdvancedRocketryCommunity/]: ARCE_FLIGHT_INTENT request=02dd9668-9b71-4f3b-a915-77300c5bfb1a player=47f4e69f-cf10-4ae4-bb40-7afc2a3f2705 rocket=6d63ed06-f09a-489b-b551-cd0f1c037148 action=LAUNCH destination=advancedrocketrycommunity:body_surface station=null code=SUCCESS required_fuel=242
[17:54:21] [Server thread/INFO] [io.gi.su.ad.AdvancedRocketryCommunity/]: ARCE_TRANSFER_RETURNED_TO_SOURCE transfer=02dd9668-9b71-4f3b-a915-77300c5bfb1a logical=fa038c0d-9840-448a-9cc3-271554097227 reason=countdown_cancelled fuel=1000
[17:54:21] [Server thread/INFO] [io.gi.su.ad.AdvancedRocketryCommunity/]: ARCE_FLIGHT_INTENT request=1980557a-ca72-4540-b2a1-d1d53deb7305 player=47f4e69f-cf10-4ae4-bb40-7afc2a3f2705 rocket=6d63ed06-f09a-489b-b551-cd0f1c037148 action=CANCEL destination=advancedrocketrycommunity:body_surface station=null code=SUCCESS required_fuel=242
[17:54:21] [Server thread/INFO] [io.gi.su.ad.AdvancedRocketryCommunity/]: ARCE_ROCKET_ENTITY_REMOVED entity=6d63ed06-f09a-489b-b551-cd0f1c037148 reason=DISCARDED operational=true
[17:54:21] [Server thread/INFO] [minecraft/GameTestBatchRunner]: Running test batch 'precision_unload_active:1' (1 tests)...
[17:54:33] [Server thread/INFO] [minecraft/GameTestBatchRunner]: Running test batch 'defaultBatch:1' (100 tests)...
[17:54:39] [Server thread/INFO] [io.gi.su.ad.AdvancedRocketryCommunity/]: ARCE_ROCKET_ENTITY_REMOVED entity=c7b12cc4-2b47-4f15-8961-c9f32b4b6e2e reason=DISCARDED operational=true
[17:54:39] [Server thread/INFO] [io.gi.su.ad.AdvancedRocketryCommunity/]: ARCE_ROCKET_ENTITY_REMOVED entity=e2704d9d-a877-4bb2-8f21-7d3982f8de50 reason=DISCARDED operational=true
[17:54:39] [Server thread/INFO] [io.gi.su.ad.AdvancedRocketryCommunity/]: ARCE_ROCKET_ENTITY_REMOVED entity=834fdbad-1081-496b-81e8-a6729905ef95 reason=DISCARDED operational=true
[17:54:39] [Server thread/INFO] [io.gi.su.ad.AdvancedRocketryCommunity/]: ARCE_ROCKET_ENTITY_REMOVED entity=a02c5169-781b-4f75-82a6-6ee9772e5276 reason=DISCARDED operational=true
[17:54:39] [Server thread/INFO] [io.gi.su.ad.AdvancedRocketryCommunity/]: ARCE_ROCKET_SCAN_QUEUED operation=assemble dimension=minecraft:overworld assembler=68, -59, 87 owner=c35baf0d-7b03-4780-8811-b06a7a6981ce
[17:54:39] [Server thread/INFO] [io.gi.su.ad.AdvancedRocketryCommunity/]: ARCE_ROCKET_ENTITY_REMOVED entity=32ce7b61-a226-45e0-ad8a-459720796a26 reason=DISCARDED operational=true
[17:54:39] [Server thread/INFO] [io.gi.su.ad.AdvancedRocketryCommunity/]: ARCE_ROCKET_ENTITY_REMOVED entity=fc84b152-a87d-4251-9b8f-ef635772c0bf reason=DISCARDED operational=true
[17:54:39] [Server thread/INFO] [io.gi.su.ad.AdvancedRocketryCommunity/]: ARCE_ROCKET_TRANSACTION operation=disassembly code=TARGET_OCCUPIED blocks=0 snapshot=2d7dbba909aaaa941712412bae28f9e027b21a8f83b82a756125929339dd1fc3 entity=6b80fef0-bb58-46eb-9075-669c7fdff314
[17:54:39] [Server thread/INFO] [io.gi.su.ad.AdvancedRocketryCommunity/]: ARCE_ROCKET_ENTITY_REMOVED entity=6b80fef0-bb58-46eb-9075-669c7fdff314 reason=DISCARDED operational=true
[17:54:39] [Server thread/INFO] [io.gi.su.ad.AdvancedRocketryCommunity/]: ARCE_ROCKET_SCAN_QUEUED operation=assemble dimension=minecraft:overworld assembler=63, -59, 129 owner=8c40e84f-f8a4-46b6-98fc-15226eb51eb2
[17:54:39] [Server thread/INFO] [io.gi.su.ad.AdvancedRocketryCommunity/]: ARCE_ROCKET_ENTITY_REMOVED entity=dafeecf9-ed71-4b33-80a8-d67f906b35dd reason=DISCARDED operational=true
[17:54:39] [Server thread/WARN] [io.gi.su.ad.co.at.SuitOxygenAccess/]: Suit oxygen provider fixture:suit disabled for this server session: update contract failure
[17:54:39] [Server thread/INFO] [io.gi.su.ad.AdvancedRocketryCommunity/]: ARCE_ROCKET_ENTITY_REMOVED entity=c171316c-3267-4bec-96ca-71a5b47c7847 reason=DISCARDED operational=true
[17:54:39] [Server thread/INFO] [io.gi.su.ad.AdvancedRocketryCommunity/]: ARCE_ROCKET_SCAN_QUEUED operation=assemble dimension=minecraft:overworld assembler=78, -59, 171 owner=39014cdf-5002-4f67-9dfe-02cea71fb942
[17:54:39] [Server thread/INFO] [io.gi.su.ad.AdvancedRocketryCommunity/]: ARCE_ROCKET_ENTITY_REMOVED entity=7410ec79-fe31-43e6-8def-377feaa35c07 reason=DISCARDED operational=true
[17:54:39] [Server thread/INFO] [io.gi.su.ad.AdvancedRocketryCommunity/]: ARCE_ROCKET_ENTITY_REMOVED entity=d27a4c31-49bf-4732-bb96-547b76f1b2a3 reason=DISCARDED operational=true
[17:54:39] [Server thread/INFO] [io.gi.su.ad.AdvancedRocketryCommunity/]: ARCE_ROCKET_ENTITY_REMOVED entity=12250832-16d6-4408-8eb5-aac59c0170e2 reason=DISCARDED operational=true
[17:54:39] [Server thread/INFO] [io.gi.su.ad.AdvancedRocketryCommunity/]: ARCE_ROCKET_ENTITY_REMOVED entity=12250832-16d6-4408-8eb5-aac59c0170e2 reason=DISCARDED operational=true
[17:54:40] [Server thread/INFO] [io.gi.su.ad.AdvancedRocketryCommunity/]: ARCE_ROCKET_SCAN_QUEUED operation=assemble dimension=minecraft:overworld assembler=103, -59, 234 owner=b2f951d1-fe84-4c1e-8dde-da32d6959e43
[17:54:40] [Server thread/INFO] [io.gi.su.ad.AdvancedRocketryCommunity/]: ARCE_ROCKET_SCAN_QUEUED operation=assemble dimension=minecraft:overworld assembler=3, -59, 255 owner=770012a6-bb76-4cbd-b9dc-81943df76a61
[17:54:40] [Server thread/INFO] [io.gi.su.ad.AdvancedRocketryCommunity/]: ARCE_ROCKET_SCAN operation=assemble code=FUEL_CAPACITY_EXCEEDED dimension=minecraft:overworld assembler=3, -59, 255 blocks=0 snapshot=none detail=fuel_capacity_exceeded {capacity=2048001, maximum=2048000}
[17:54:40] [Server thread/INFO] [io.gi.su.ad.AdvancedRocketryCommunity/]: ARCE_ROCKET_ENTITY_REMOVED entity=b3d66ab7-253b-48b3-aa0e-9fa15b53f3b0 reason=DISCARDED operational=true
[17:54:40] [Server thread/INFO] [io.gi.su.ad.AdvancedRocketryCommunity/]: ARCE_ROCKET_ENTITY_REMOVED entity=fbf8ac31-423a-4fd8-bbc3-3371d8e69a4e reason=DISCARDED operational=true
[17:54:40] [Server thread/INFO] [io.gi.su.ad.AdvancedRocketryCommunity/]: Operator [Minecraft] teleported to fixed celestial destination advancedrocketrycommunity:moon
[17:54:40] [Server thread/INFO] [io.gi.su.ad.AdvancedRocketryCommunity/]: Operator [Minecraft] teleported to fixed celestial destination advancedrocketrycommunity:earth
[17:54:40] [Server thread/INFO] [io.gi.su.ad.AdvancedRocketryCommunity/]: ARCE_ROCKET_SCAN_QUEUED operation=assemble dimension=minecraft:overworld assembler=73, -59, 276 owner=1d95a8a8-d2d9-44a2-8278-af2fc4b7eacc
[17:54:40] [Server thread/INFO] [io.gi.su.ad.AdvancedRocketryCommunity/]: ARCE_ROCKET_ENTITY_REMOVED entity=79171af2-94db-44b8-b1dd-87f133fbf00a reason=DISCARDED operational=true
[17:54:40] [Server thread/INFO] [io.gi.su.ad.AdvancedRocketryCommunity/]: ARCE_ROCKET_ENTITY_REMOVED entity=8d1d1774-d587-4b7b-8999-68b240707047 reason=DISCARDED operational=true
[17:54:40] [Server thread/INFO] [io.gi.su.ad.AdvancedRocketryCommunity/]: ARCE_ROCKET_TRANSACTION operation=assembly code=SUCCESS blocks=4 snapshot=23d3fef7d1bb669d24c7136f74dfe5119f23e661237b102cd00356ab374b0214 entity=4262f0b1-297f-4662-affa-c3345d067b87
[17:54:40] [Server thread/INFO] [io.gi.su.ad.AdvancedRocketryCommunity/]: ARCE_ROCKET_ENTITY_ACTIVE entity=4262f0b1-297f-4662-affa-c3345d067b87 operational=true snapshot=23d3fef7d1bb669d24c7136f74dfe5119f23e661237b102cd00356ab374b0214 flight_state=ASSEMBLED fuel=0
[17:54:40] [Server thread/INFO] [io.gi.su.ad.AdvancedRocketryCommunity/]: ARCE_ROCKET_TRANSACTION operation=disassembly code=TARGET_OCCUPIED blocks=3 snapshot=23d3fef7d1bb669d24c7136f74dfe5119f23e661237b102cd00356ab374b0214 entity=4262f0b1-297f-4662-affa-c3345d067b87
[17:54:40] [Server thread/INFO] [io.gi.su.ar.AdapterFaultGameTests/]: ARCE_ADAPTER_FAULT mode=RESTORE_MISMATCH calls=1 delayed_ns=0 readbacks=1
[17:54:40] [Server thread/INFO] [io.gi.su.ad.AdvancedRocketryCommunity/]: ARCE_ROCKET_ENTITY_REMOVED entity=4262f0b1-297f-4662-affa-c3345d067b87 reason=DISCARDED operational=true
[17:54:40] [Server thread/INFO] [io.gi.su.ad.AdvancedRocketryCommunity/]: ARCE_ROCKET_TRANSACTION operation=disassembly code=SUCCESS blocks=4 snapshot=23d3fef7d1bb669d24c7136f74dfe5119f23e661237b102cd00356ab374b0214 entity=4262f0b1-297f-4662-affa-c3345d067b87
[17:54:40] [Server thread/INFO] [io.gi.su.ad.AdvancedRocketryCommunity/]: ARCE_ROCKET_TRANSACTION operation=assembly code=SUCCESS blocks=4 snapshot=04b36b18d7bf2b99a22cea9956a3e9952be7dbbc03de2b4fd0ccf55700982343 entity=706462b0-1cd5-48e4-95b4-678de9eee527
[17:54:40] [Server thread/INFO] [io.gi.su.ad.AdvancedRocketryCommunity/]: ARCE_ROCKET_ENTITY_ACTIVE entity=706462b0-1cd5-48e4-95b4-678de9eee527 operational=true snapshot=04b36b18d7bf2b99a22cea9956a3e9952be7dbbc03de2b4fd0ccf55700982343 flight_state=ASSEMBLED fuel=0
[17:54:40] [Server thread/WARN] [io.gi.su.ad.co.ro.ExternalRocketBlockEntityAdapter/]: Rocket adapter arce_adapter_test:cargo_inventory exceeded returned-time budget in restore
[17:54:40] [Server thread/INFO] [io.gi.su.ad.AdvancedRocketryCommunity/]: ARCE_ROCKET_TRANSACTION operation=disassembly code=TARGET_OCCUPIED blocks=3 snapshot=04b36b18d7bf2b99a22cea9956a3e9952be7dbbc03de2b4fd0ccf55700982343 entity=706462b0-1cd5-48e4-95b4-678de9eee527
[17:54:40] [Server thread/INFO] [io.gi.su.ar.AdapterFaultGameTests/]: ARCE_ADAPTER_FAULT mode=RESTORE_SLOW calls=1 delayed_ns=20754800 readbacks=0
[17:54:40] [Server thread/INFO] [io.gi.su.ad.AdvancedRocketryCommunity/]: ARCE_ROCKET_ENTITY_REMOVED entity=706462b0-1cd5-48e4-95b4-678de9eee527 reason=DISCARDED operational=true
[17:54:40] [Server thread/INFO] [io.gi.su.ad.AdvancedRocketryCommunity/]: ARCE_ROCKET_TRANSACTION operation=disassembly code=SUCCESS blocks=4 snapshot=04b36b18d7bf2b99a22cea9956a3e9952be7dbbc03de2b4fd0ccf55700982343 entity=706462b0-1cd5-48e4-95b4-678de9eee527
[17:54:40] [Server thread/INFO] [io.gi.su.ad.AdvancedRocketryCommunity/]: ARCE_ROCKET_TRANSACTION operation=assembly code=SUCCESS blocks=5 snapshot=705c69dd548da139f162b29374aac26bd15056b662a73277066bc5dead62a0fe entity=2a428855-2d46-4641-8be7-f7e2b7e3c89d
[17:54:40] [Server thread/INFO] [io.gi.su.ad.AdvancedRocketryCommunity/]: ARCE_ROCKET_ENTITY_ACTIVE entity=2a428855-2d46-4641-8be7-f7e2b7e3c89d operational=true snapshot=705c69dd548da139f162b29374aac26bd15056b662a73277066bc5dead62a0fe flight_state=ASSEMBLED fuel=0
[17:54:40] [Server thread/INFO] [io.gi.su.ad.AdvancedRocketryCommunity/]: ARCE_ROCKET_ENTITY_REMOVED entity=2a428855-2d46-4641-8be7-f7e2b7e3c89d reason=DISCARDED operational=true
[17:54:40] [Server thread/INFO] [io.gi.su.ad.AdvancedRocketryCommunity/]: ARCE_ROCKET_TRANSACTION operation=disassembly code=SUCCESS blocks=5 snapshot=705c69dd548da139f162b29374aac26bd15056b662a73277066bc5dead62a0fe entity=2a428855-2d46-4641-8be7-f7e2b7e3c89d
[17:54:40] [Server thread/INFO] [io.gi.su.ad.AdvancedRocketryCommunity/]: ARCE_ROCKET_TRANSACTION operation=assembly code=SUCCESS blocks=5 snapshot=19718e59002447d73840b45b013d2799c187d7f902acf869db5a6348b3621444 entity=fc114706-ef0e-448c-86da-4fde3b50c025
[17:54:41] [Server thread/INFO] [io.gi.su.ad.AdvancedRocketryCommunity/]: ARCE_ROCKET_ENTITY_ACTIVE entity=fc114706-ef0e-448c-86da-4fde3b50c025 operational=true snapshot=19718e59002447d73840b45b013d2799c187d7f902acf869db5a6348b3621444 flight_state=ASSEMBLED fuel=0
[17:54:41] [Server thread/INFO] [io.gi.su.ad.AdvancedRocketryCommunity/]: ARCE_ROCKET_TRANSACTION operation=assembly code=SUCCESS blocks=4 snapshot=16c2832e3e46df1bdda2758df7c6b0b5142c9478024e791e56111793cb446974 entity=e695778a-b11c-48ff-a0b9-a58b9480d4e5
[17:54:41] [Server thread/INFO] [io.gi.su.ad.AdvancedRocketryCommunity/]: ARCE_ROCKET_ENTITY_ACTIVE entity=e695778a-b11c-48ff-a0b9-a58b9480d4e5 operational=true snapshot=16c2832e3e46df1bdda2758df7c6b0b5142c9478024e791e56111793cb446974 flight_state=ASSEMBLED fuel=0
[17:54:41] [Server thread/INFO] [io.gi.su.ad.AdvancedRocketryCommunity/]: ARCE_ROCKET_TRANSACTION operation=disassembly code=TARGET_OCCUPIED blocks=3 snapshot=16c2832e3e46df1bdda2758df7c6b0b5142c9478024e791e56111793cb446974 entity=e695778a-b11c-48ff-a0b9-a58b9480d4e5
[17:54:41] [Server thread/INFO] [io.gi.su.ar.AdapterFaultGameTests/]: ARCE_ADAPTER_FAULT mode=RESTORE_FALSE calls=1 delayed_ns=0 readbacks=0
[17:54:41] [Server thread/INFO] [io.gi.su.ad.AdvancedRocketryCommunity/]: ARCE_ROCKET_ENTITY_REMOVED entity=e695778a-b11c-48ff-a0b9-a58b9480d4e5 reason=DISCARDED operational=true
[17:54:41] [Server thread/INFO] [io.gi.su.ad.AdvancedRocketryCommunity/]: ARCE_ROCKET_TRANSACTION operation=disassembly code=SUCCESS blocks=4 snapshot=16c2832e3e46df1bdda2758df7c6b0b5142c9478024e791e56111793cb446974 entity=e695778a-b11c-48ff-a0b9-a58b9480d4e5
[17:54:41] [Server thread/INFO] [minecraft/GameTestServer]: [+++++++++++++++++++++++++++++++++++++++++++++++++++++++++++++++++++++++++++++++++++++++++++++++++++++++++++++++++++++++++++++++++++++_+++++++_+++++_+_+++_+++++++++__+++_++++++++++++++++_+++++++++_+_++++++++++++++++++++++                                                                      ]
[17:54:41] [Server thread/INFO] [minecraft/GameTestServer]: [+++++++++++++++++++++++++++++++++++++++++++++++++++++++++++++++++++++++++++++++++++++++++++++++++++++++++++++++++++++++++++++++++++++++++++++++++++_++++++++++++++++_+++_++++++++++++++++_++++++++++++++++++++++++++++++++++                                                                      ]
[17:54:42] [Server thread/INFO] [minecraft/GameTestServer]: [+++++++++++++++++++++++++++++++++++++++++++++++++++++++++++++++++++++++++++++++++++++++++++++++++++++++++++++++++++++++++++++++++++++++++++++++++++_++++++++++++++++_+++_++++++++++++++++_++++++++++++++++++++++++++++++++++                                                                      ]
[17:54:42] [Server thread/INFO] [minecraft/GameTestServer]: [+++++++++++++++++++++++++++++++++++++++++++++++++++++++++++++++++++++++++++++++++++++++++++++++++++++++++++++++++++++++++++++++++++++++++++++++++++_++++++++++++++++_+++_++++++++++++++++_++++++++++++++++++++++++++++++++++                                                                      ]
[17:54:43] [Server thread/INFO] [minecraft/GameTestServer]: [+++++++++++++++++++++++++++++++++++++++++++++++++++++++++++++++++++++++++++++++++++++++++++++++++++++++++++++++++++++++++++++++++++++++++++++++++++_++++++++++++++++_+++_++++++++++++++++_++++++++++++++++++++++++++++++++++                                                                      ]
[17:54:43] [Server thread/INFO] [minecraft/GameTestServer]: [+++++++++++++++++++++++++++++++++++++++++++++++++++++++++++++++++++++++++++++++++++++++++++++++++++++++++++++++++++++++++++++++++++++++++++++++++++_++++++++++++++++++++_+++++++++++++++++++++++++++++++++++++++++++++++++++                                                                      ]
[17:54:43] [Server thread/INFO] [minecraft/GameTestServer]: [+++++++++++++++++++++++++++++++++++++++++++++++++++++++++++++++++++++++++++++++++++++++++++++++++++++++++++++++++++++++++++++++++++++++++++++++++++_++++++++++++++++++++++++++++++++++++++++++++++++++++++++++++++++++++++++                                                                      ]
[17:54:53] [Server thread/INFO] [minecraft/GameTestBatchRunner]: Running test batch 'defaultBatch:2' (53 tests)...
[17:54:57] [Server thread/INFO] [io.gi.su.ad.AdvancedRocketryCommunity/]: ARCE_ROCKET_ENTITY_REMOVED entity=ed8dff19-3f45-4211-b5e3-92e83b7f64ec reason=DISCARDED operational=true
[17:54:57] [Server thread/INFO] [io.gi.su.ad.AdvancedRocketryCommunity/]: ARCE_ROCKET_TRANSACTION operation=disassembly code=TARGET_OCCUPIED blocks=4 snapshot=1c5818405181a3690b42021a0eda132538c21d7b586579eecb2a56da7c1c6ba5 entity=bbfa4306-ccf3-4a5c-8d5b-60b23eb1b261
[17:54:57] [Server thread/INFO] [io.gi.su.ad.AdvancedRocketryCommunity/]: ARCE_ROCKET_ENTITY_REMOVED entity=bbfa4306-ccf3-4a5c-8d5b-60b23eb1b261 reason=DISCARDED operational=true
[17:54:57] [Server thread/INFO] [io.gi.su.ad.AdvancedRocketryCommunity/]: ARCE_ROCKET_SCAN_QUEUED operation=assemble dimension=minecraft:overworld assembler=108, -59, 318 owner=ef5fbcc2-3f75-4418-8ede-947f9b4e7117
[17:54:57] [Server thread/INFO] [io.gi.su.ad.AdvancedRocketryCommunity/]: ARCE_ROCKET_ENTITY_REMOVED entity=95d4a0ce-3137-4e3c-8969-e164606ab3ef reason=DISCARDED operational=true
[17:54:57] [Server thread/INFO] [io.gi.su.ad.AdvancedRocketryCommunity/]: ARCE_ROCKET_TRANSACTION operation=disassembly code=SUCCESS blocks=5 snapshot=da9b4f5f4a362e2954846e135a581bbdd9d3635f8f27900cf3be6bf1d323e592 entity=95d4a0ce-3137-4e3c-8969-e164606ab3ef
[17:54:57] [Server thread/INFO] [io.gi.su.ad.AdvancedRocketryCommunity/]: ARCE_ROCKET_ENTITY_REMOVED entity=a74e8868-0705-4834-ba8d-403a64431d55 reason=DISCARDED operational=true
[17:54:57] [Server thread/INFO] [io.gi.su.ad.AdvancedRocketryCommunity/]: ARCE_ROCKET_SCAN_QUEUED operation=assemble dimension=minecraft:overworld assembler=23, -59, 339 owner=a429e152-db9b-41dc-921b-33bc79080828
[17:54:57] [Server thread/INFO] [io.gi.su.ad.AdvancedRocketryCommunity/]: ARCE_ROCKET_SCAN_QUEUED operation=assemble dimension=minecraft:overworld assembler=48, -59, 339 owner=311157d5-db2f-40e5-9061-08d195b73c3f
[17:54:57] [Server thread/INFO] [io.gi.su.ad.AdvancedRocketryCommunity/]: ARCE_ROCKET_SCAN_QUEUED operation=assemble dimension=minecraft:overworld assembler=68, -59, 339 owner=9ffc1a10-8961-4c95-98f1-9ffea1ec5232
[17:54:57] [Server thread/INFO] [io.gi.su.ad.AdvancedRocketryCommunity/]: ARCE_ROCKET_ENTITY_REMOVED entity=c4815d89-b033-4a71-a810-255af74a50d3 reason=DISCARDED operational=true
[17:54:57] [Server thread/INFO] [io.gi.su.ad.AdvancedRocketryCommunity/]: ARCE_ROCKET_ENTITY_REMOVED entity=10dadbd4-2d08-4410-b7db-a4aca745c20f reason=DISCARDED operational=true
[17:54:57] [Server thread/WARN] [io.gi.su.ad.co.at.SuitOxygenAccess/]: Suit oxygen provider fixture:suit disabled for this server session: update contract failure
[17:54:57] [Server thread/INFO] [io.gi.su.ad.AdvancedRocketryCommunity/]: ARCE_ROCKET_ENTITY_REMOVED entity=805dcc3f-17fb-4226-88b8-7d8ac4f891ac reason=DISCARDED operational=true
[17:54:57] [Server thread/INFO] [io.gi.su.ad.AdvancedRocketryCommunity/]: ARCE_ROCKET_ENTITY_REMOVED entity=7450ae7b-7302-4611-89e4-bb898a6ab8a3 reason=DISCARDED operational=true
[17:54:57] [Server thread/INFO] [io.gi.su.ad.AdvancedRocketryCommunity/]: ARCE_ROCKET_SCAN_QUEUED operation=assemble dimension=minecraft:overworld assembler=23, -59, 381 owner=9e348911-a926-4b7c-9eb4-e4905b9a0a52
[17:54:57] [Server thread/INFO] [io.gi.su.ad.AdvancedRocketryCommunity/]: ARCE_ROCKET_SCAN_QUEUED operation=assemble dimension=minecraft:overworld assembler=68, -59, 381 owner=f93d7bff-442b-41b2-a009-991aa22781d6
[17:54:57] [Server thread/INFO] [io.gi.su.ad.AdvancedRocketryCommunity/]: ARCE_ROCKET_SCAN_QUEUED operation=assemble dimension=minecraft:overworld assembler=3, -59, 402 owner=01c964bb-e980-4cdd-b2cd-339b317169e0
[17:54:57] [Server thread/INFO] [io.gi.su.ad.AdvancedRocketryCommunity/]: ARCE_ROCKET_ENTITY_REMOVED entity=a780e52f-8f2e-4d77-be69-532b4d431eed reason=DISCARDED operational=true
[17:54:57] [Server thread/INFO] [io.gi.su.ad.AdvancedRocketryCommunity/]: ARCE_ROCKET_FUEL_DISCARDED entity=a780e52f-8f2e-4d77-be69-532b4d431eed logical=bfb722b7-9d08-44b2-ac06-b573fae206f2 amount=256 reason=confirmed_disassembly
[17:54:57] [Server thread/INFO] [io.gi.su.ad.AdvancedRocketryCommunity/]: ARCE_ROCKET_TRANSACTION operation=disassembly code=SUCCESS blocks=5 snapshot=edad7d186033a4f95d66ab351d623856fe8ac829192391c833ed5eca56254ceb entity=a780e52f-8f2e-4d77-be69-532b4d431eed
[17:54:57] [Server thread/INFO] [io.gi.su.ad.AdvancedRocketryCommunity/]: ARCE_ROCKET_SCAN_QUEUED operation=assemble dimension=minecraft:overworld assembler=83, -59, 402 owner=7115c997-6ba0-45bf-a1ab-6509058ff3a9
[17:54:57] [Server thread/INFO] [io.gi.su.ad.AdvancedRocketryCommunity/]: ARCE_ROCKET_TRANSACTION operation=assembly code=SUCCESS blocks=4 snapshot=90b240caa948a977493ed517c242313ee6968657625cb99373364b6925694116 entity=a924997e-b5c8-4d3a-b830-f2928753d032
[17:54:57] [Server thread/INFO] [io.gi.su.ad.AdvancedRocketryCommunity/]: ARCE_ROCKET_ENTITY_REMOVED entity=a924997e-b5c8-4d3a-b830-f2928753d032 reason=DISCARDED operational=true
[17:54:57] [Server thread/INFO] [io.gi.su.ad.AdvancedRocketryCommunity/]: ARCE_ROCKET_RECOVERY outcome=RECOVERED
[17:54:57] [Server thread/INFO] [io.gi.su.ad.AdvancedRocketryCommunity/]: ARCE_ROCKET_SCAN_QUEUED operation=assemble dimension=minecraft:overworld assembler=23, -59, 423 owner=d796749c-c737-4bb2-bad5-0a484cab2f4a
[17:54:57] [Server thread/INFO] [io.gi.su.ad.AdvancedRocketryCommunity/]: ARCE_ROCKET_SCAN operation=assemble code=UNSUPPORTED_BLOCK_ENTITY dimension=minecraft:overworld assembler=108, -59, 318 blocks=0 snapshot=none detail=unsupported_block_entity at 109,-58,318 {coordinate_space=absolute, detail=arce_adapter_test:cargo_container: IllegalStateException}
[17:54:57] [Server thread/INFO] [io.gi.su.ar.AdapterFaultGameTests/]: ARCE_ADAPTER_FAULT mode=CAPTURE_SLOW calls=1 delayed_ns=20263000 readbacks=0
[17:54:57] [Server thread/INFO] [io.gi.su.ad.AdvancedRocketryCommunity/]: ARCE_ROCKET_SCAN_QUEUED operation=assemble dimension=minecraft:overworld assembler=108, -59, 318 owner=ef5fbcc2-3f75-4418-8ede-947f9b4e7117
[17:54:57] [Server thread/INFO] [io.gi.su.ad.AdvancedRocketryCommunity/]: ARCE_ROCKET_SCAN operation=assemble code=UNSUPPORTED_BLOCK_ENTITY dimension=minecraft:overworld assembler=23, -59, 339 blocks=0 snapshot=none detail=unsupported_block_entity at 24,-58,339 {coordinate_space=absolute, detail=arce_adapter_test:cargo_container: RocketSnapshotException}
[17:54:58] [Server thread/INFO] [io.gi.su.ar.AdapterFaultGameTests/]: ARCE_ADAPTER_FAULT mode=CAPTURE_OVERSIZED calls=1 delayed_ns=0 readbacks=0
[17:54:58] [Server thread/INFO] [io.gi.su.ad.AdvancedRocketryCommunity/]: ARCE_ROCKET_SCAN_QUEUED operation=assemble dimension=minecraft:overworld assembler=23, -59, 339 owner=a429e152-db9b-41dc-921b-33bc79080828
[17:54:58] [Server thread/INFO] [io.gi.su.ad.AdvancedRocketryCommunity/]: ARCE_ROCKET_TRANSACTION operation=assembly code=SUCCESS blocks=4 snapshot=b334b02092f9ae93df6bc7cd35400375a78dc364117106759c957df01000ac37 entity=2e1d9811-43cf-4e4b-97e6-722060424eed
[17:54:58] [Server thread/INFO] [io.gi.su.ad.AdvancedRocketryCommunity/]: ARCE_ROCKET_ENTITY_ACTIVE entity=2e1d9811-43cf-4e4b-97e6-722060424eed operational=true snapshot=b334b02092f9ae93df6bc7cd35400375a78dc364117106759c957df01000ac37 flight_state=ASSEMBLED fuel=0
[17:54:58] [Server thread/INFO] [io.gi.su.ad.AdvancedRocketryCommunity/]: ARCE_ROCKET_ENTITY_REMOVED entity=2e1d9811-43cf-4e4b-97e6-722060424eed reason=DISCARDED operational=true
[17:54:58] [Server thread/INFO] [io.gi.su.ad.AdvancedRocketryCommunity/]: ARCE_ROCKET_TRANSACTION operation=disassembly code=SUCCESS blocks=4 snapshot=b334b02092f9ae93df6bc7cd35400375a78dc364117106759c957df01000ac37 entity=2e1d9811-43cf-4e4b-97e6-722060424eed
[17:54:58] [Server thread/INFO] [io.gi.su.ad.AdvancedRocketryCommunity/]: ARCE_ROCKET_SCAN operation=assemble code=UNSUPPORTED_BLOCK_ENTITY dimension=minecraft:overworld assembler=68, -59, 339 blocks=0 snapshot=none detail=unsupported_block_entity at 69,-58,339 {coordinate_space=absolute, detail=arce_adapter_test:cargo_container: IllegalStateException}
[17:54:58] [Server thread/INFO] [io.gi.su.ar.AdapterFaultGameTests/]: ARCE_ADAPTER_FAULT mode=CAPTURE_THROW calls=1 delayed_ns=0 readbacks=0
[17:54:58] [Server thread/INFO] [io.gi.su.ad.AdvancedRocketryCommunity/]: ARCE_ROCKET_SCAN_QUEUED operation=assemble dimension=minecraft:overworld assembler=68, -59, 339 owner=9ffc1a10-8961-4c95-98f1-9ffea1ec5232
[17:54:58] [Server thread/INFO] [io.gi.su.ad.AdvancedRocketryCommunity/]: ARCE_ROCKET_TRANSACTION operation=assembly code=SUCCESS blocks=4 snapshot=d5be67855df83ee7a74922ef9df721537d44b84fc57dec99d20884a4f71309f8 entity=ab65c40c-72aa-4e8b-8910-0e04f259b96f
[17:54:58] [Server thread/INFO] [io.gi.su.ad.AdvancedRocketryCommunity/]: ARCE_ROCKET_ENTITY_ACTIVE entity=ab65c40c-72aa-4e8b-8910-0e04f259b96f operational=true snapshot=d5be67855df83ee7a74922ef9df721537d44b84fc57dec99d20884a4f71309f8 flight_state=ASSEMBLED fuel=0
[17:54:58] [Server thread/INFO] [io.gi.su.ad.AdvancedRocketryCommunity/]: ARCE_ROCKET_TRANSACTION operation=disassembly code=TARGET_OCCUPIED blocks=3 snapshot=d5be67855df83ee7a74922ef9df721537d44b84fc57dec99d20884a4f71309f8 entity=ab65c40c-72aa-4e8b-8910-0e04f259b96f
[17:54:58] [Server thread/INFO] [io.gi.su.ar.AdapterFaultGameTests/]: ARCE_ADAPTER_FAULT mode=RESTORE_THROW calls=1 delayed_ns=0 readbacks=0
[17:54:58] [Server thread/INFO] [io.gi.su.ad.AdvancedRocketryCommunity/]: ARCE_ROCKET_ENTITY_REMOVED entity=ab65c40c-72aa-4e8b-8910-0e04f259b96f reason=DISCARDED operational=true
[17:54:58] [Server thread/INFO] [io.gi.su.ad.AdvancedRocketryCommunity/]: ARCE_ROCKET_TRANSACTION operation=disassembly code=SUCCESS blocks=4 snapshot=d5be67855df83ee7a74922ef9df721537d44b84fc57dec99d20884a4f71309f8 entity=ab65c40c-72aa-4e8b-8910-0e04f259b96f
[17:54:58] [Server thread/INFO] [io.gi.su.ad.AdvancedRocketryCommunity/]: ARCE_ROCKET_TRANSACTION operation=assembly code=SUCCESS blocks=5 snapshot=5614d292fd28d656bbbcff3c7854f0d008ae901155f9bb48b676ce6c4276a507 entity=8816a58f-91d4-4fe6-a4da-ae9e724b878f
[17:54:58] [Server thread/INFO] [io.gi.su.ad.AdvancedRocketryCommunity/]: ARCE_ROCKET_ENTITY_ACTIVE entity=8816a58f-91d4-4fe6-a4da-ae9e724b878f operational=true snapshot=5614d292fd28d656bbbcff3c7854f0d008ae901155f9bb48b676ce6c4276a507 flight_state=ASSEMBLED fuel=0
[17:54:58] [Server thread/INFO] [io.gi.su.ad.AdvancedRocketryCommunity/]: ARCE_ROCKET_SCAN operation=assemble code=UNSUPPORTED_BLOCK_ENTITY dimension=minecraft:overworld assembler=3, -59, 402 blocks=0 snapshot=none detail=unsupported_block_entity at 4,-58,402 {coordinate_space=absolute, detail=arce_adapter_test:cargo_container: IllegalStateException}
[17:54:58] [Server thread/INFO] [io.gi.su.ar.AdapterFaultGameTests/]: ARCE_ADAPTER_FAULT mode=CAN_MOVE_THROW calls=1 delayed_ns=0 readbacks=0
[17:54:58] [Server thread/INFO] [io.gi.su.ad.AdvancedRocketryCommunity/]: ARCE_ROCKET_SCAN_QUEUED operation=assemble dimension=minecraft:overworld assembler=3, -59, 402 owner=01c964bb-e980-4cdd-b2cd-339b317169e0
[17:54:58] [Server thread/INFO] [io.gi.su.ad.AdvancedRocketryCommunity/]: ARCE_ROCKET_SCAN operation=assemble code=UNSUPPORTED_BLOCK_ENTITY dimension=minecraft:overworld assembler=23, -59, 423 blocks=0 snapshot=none detail=unsupported_block_entity at 24,-58,423 {coordinate_space=absolute, detail=arce_adapter_test:cargo_container: IllegalStateException}
[17:54:58] [Server thread/INFO] [io.gi.su.ar.AdapterFaultGameTests/]: ARCE_ADAPTER_FAULT mode=CAN_MOVE_SLOW calls=1 delayed_ns=21048600 readbacks=0
[17:54:58] [Server thread/INFO] [io.gi.su.ad.AdvancedRocketryCommunity/]: ARCE_ROCKET_SCAN_QUEUED operation=assemble dimension=minecraft:overworld assembler=23, -59, 423 owner=d796749c-c737-4bb2-bad5-0a484cab2f4a
[17:54:58] [Server thread/INFO] [io.gi.su.ad.AdvancedRocketryCommunity/]: ARCE_ROCKET_TRANSACTION operation=assembly code=SUCCESS blocks=4 snapshot=57f1e6ade7042a5acc426b79c767c79d239332bc9aec75eac10e65252b2e1ea0 entity=39b2533e-3a54-46fa-9819-1e8ca2170398
[17:54:58] [Server thread/INFO] [io.gi.su.ad.AdvancedRocketryCommunity/]: ARCE_ROCKET_ENTITY_ACTIVE entity=39b2533e-3a54-46fa-9819-1e8ca2170398 operational=true snapshot=57f1e6ade7042a5acc426b79c767c79d239332bc9aec75eac10e65252b2e1ea0 flight_state=ASSEMBLED fuel=0
[17:54:58] [Server thread/INFO] [io.gi.su.ad.AdvancedRocketryCommunity/]: ARCE_ROCKET_ENTITY_REMOVED entity=39b2533e-3a54-46fa-9819-1e8ca2170398 reason=DISCARDED operational=true
[17:54:58] [Server thread/INFO] [io.gi.su.ad.AdvancedRocketryCommunity/]: ARCE_ROCKET_TRANSACTION operation=disassembly code=SUCCESS blocks=4 snapshot=57f1e6ade7042a5acc426b79c767c79d239332bc9aec75eac10e65252b2e1ea0 entity=39b2533e-3a54-46fa-9819-1e8ca2170398
[17:54:58] [Server thread/INFO] [io.gi.su.ad.AdvancedRocketryCommunity/]: ARCE_ROCKET_TRANSACTION operation=assembly code=SUCCESS blocks=4 snapshot=774e2dafb78d1c2abf3929504bd63377a0bc6e9b67dfb1ffc0298566e2e11bad entity=9277d964-cfe4-4f8d-a750-dabfb9b16641
[17:54:58] [Server thread/INFO] [io.gi.su.ad.AdvancedRocketryCommunity/]: ARCE_ROCKET_ENTITY_ACTIVE entity=9277d964-cfe4-4f8d-a750-dabfb9b16641 operational=true snapshot=774e2dafb78d1c2abf3929504bd63377a0bc6e9b67dfb1ffc0298566e2e11bad flight_state=ASSEMBLED fuel=0
[17:54:58] [Server thread/INFO] [io.gi.su.ad.AdvancedRocketryCommunity/]: ARCE_ROCKET_ENTITY_REMOVED entity=9277d964-cfe4-4f8d-a750-dabfb9b16641 reason=DISCARDED operational=true
[17:54:58] [Server thread/INFO] [io.gi.su.ad.AdvancedRocketryCommunity/]: ARCE_ROCKET_TRANSACTION operation=disassembly code=SUCCESS blocks=4 snapshot=774e2dafb78d1c2abf3929504bd63377a0bc6e9b67dfb1ffc0298566e2e11bad entity=9277d964-cfe4-4f8d-a750-dabfb9b16641
[17:54:58] [Server thread/INFO] [io.gi.su.ad.AdvancedRocketryCommunity/]: ARCE_ROCKET_TRANSACTION operation=assembly code=SUCCESS blocks=4 snapshot=53df40ccccb25acfae8c03a9d3dc6da461c77016762574aa95857a34dfe62c48 entity=87dbd0da-9e63-4539-a090-dc116fe8cabb
[17:54:58] [Server thread/INFO] [io.gi.su.ad.AdvancedRocketryCommunity/]: ARCE_ROCKET_ENTITY_ACTIVE entity=87dbd0da-9e63-4539-a090-dc116fe8cabb operational=true snapshot=53df40ccccb25acfae8c03a9d3dc6da461c77016762574aa95857a34dfe62c48 flight_state=ASSEMBLED fuel=0
[17:54:58] [Server thread/INFO] [io.gi.su.ad.AdvancedRocketryCommunity/]: ARCE_ROCKET_ENTITY_REMOVED entity=87dbd0da-9e63-4539-a090-dc116fe8cabb reason=DISCARDED operational=true
[17:54:58] [Server thread/INFO] [io.gi.su.ad.AdvancedRocketryCommunity/]: ARCE_ROCKET_TRANSACTION operation=disassembly code=SUCCESS blocks=4 snapshot=53df40ccccb25acfae8c03a9d3dc6da461c77016762574aa95857a34dfe62c48 entity=87dbd0da-9e63-4539-a090-dc116fe8cabb
[17:54:58] [Server thread/INFO] [io.gi.su.ad.AdvancedRocketryCommunity/]: ARCE_ROCKET_TRANSACTION operation=assembly code=SUCCESS blocks=4 snapshot=dc69dbe0accd5843417976a649c301ddb757f6ef55ab39e4a518777bc4297ae6 entity=c0bd7642-335e-4ada-9e95-2f84455e1651
[17:54:58] [Server thread/INFO] [io.gi.su.ad.AdvancedRocketryCommunity/]: ARCE_ROCKET_ENTITY_ACTIVE entity=c0bd7642-335e-4ada-9e95-2f84455e1651 operational=true snapshot=dc69dbe0accd5843417976a649c301ddb757f6ef55ab39e4a518777bc4297ae6 flight_state=ASSEMBLED fuel=0
[17:54:58] [Server thread/INFO] [io.gi.su.ad.AdvancedRocketryCommunity/]: ARCE_ROCKET_ENTITY_REMOVED entity=c0bd7642-335e-4ada-9e95-2f84455e1651 reason=DISCARDED operational=true
[17:54:58] [Server thread/INFO] [io.gi.su.ad.AdvancedRocketryCommunity/]: ARCE_ROCKET_TRANSACTION operation=disassembly code=SUCCESS blocks=4 snapshot=dc69dbe0accd5843417976a649c301ddb757f6ef55ab39e4a518777bc4297ae6 entity=c0bd7642-335e-4ada-9e95-2f84455e1651
[17:54:58] [Server thread/INFO] [io.gi.su.ad.AdvancedRocketryCommunity/]: ARCE_ROCKET_TRANSACTION operation=assembly code=SUCCESS blocks=4 snapshot=487155f0aa24d7705246d9c3c2ff06500ce4792f11d8f75ebde4c280869aeb91 entity=de041c0c-4044-44e2-a309-1f80e7f77fe5
[17:54:58] [Server thread/INFO] [minecraft/GameTestServer]: [++++++++++++++++++++++++++++++++++++++++++++++++++++++++++++++++++++++++++++++++++++++++++++++++++++++++++++++++++++++++++++++++++++++++++++++++++++++++++++++++++++++++++++++++++++++++++++++++++++++++++++++++++++++++++++++++++++++++++++++++++++++++++++++_++++++++++++++_+++                 ]
[17:54:58] [Server thread/INFO] [io.gi.su.ad.AdvancedRocketryCommunity/]: ARCE_ROCKET_ENTITY_ACTIVE entity=de041c0c-4044-44e2-a309-1f80e7f77fe5 operational=true snapshot=487155f0aa24d7705246d9c3c2ff06500ce4792f11d8f75ebde4c280869aeb91 flight_state=ASSEMBLED fuel=0
[17:54:58] [Server thread/INFO] [io.gi.su.ad.AdvancedRocketryCommunity/]: ARCE_ROCKET_ENTITY_REMOVED entity=de041c0c-4044-44e2-a309-1f80e7f77fe5 reason=DISCARDED operational=true
[17:54:58] [Server thread/INFO] [io.gi.su.ad.AdvancedRocketryCommunity/]: ARCE_ROCKET_TRANSACTION operation=disassembly code=SUCCESS blocks=4 snapshot=487155f0aa24d7705246d9c3c2ff06500ce4792f11d8f75ebde4c280869aeb91 entity=de041c0c-4044-44e2-a309-1f80e7f77fe5
[17:54:59] [Server thread/INFO] [minecraft/GameTestServer]: [++++++++++++++++++++++++++++++++++++++++++++++++++++++++++++++++++++++++++++++++++++++++++++++++++++++++++++++++++++++++++++++++++++++++++++++++++++++++++++++++++++++++++++++++++++++++++++++++++++++++++++++++++++++++++++++++++++++++++++++++++++++++++++++_++++++++++++++++++                 ]
[17:55:00] [Server thread/INFO] [minecraft/GameTestServer]: [++++++++++++++++++++++++++++++++++++++++++++++++++++++++++++++++++++++++++++++++++++++++++++++++++++++++++++++++++++++++++++++++++++++++++++++++++++++++++++++++++++++++++++++++++++++++++++++++++++++++++++++++++++++++++++++++++++++++++++++++++++++++++++++_++++++++++++++++++                 ]
[17:55:00] [Server thread/INFO] [minecraft/GameTestServer]: [++++++++++++++++++++++++++++++++++++++++++++++++++++++++++++++++++++++++++++++++++++++++++++++++++++++++++++++++++++++++++++++++++++++++++++++++++++++++++++++++++++++++++++++++++++++++++++++++++++++++++++++++++++++++++++++++++++++++++++++++++++++++++++++_++++++++++++++++++                 ]
[17:55:01] [Server thread/INFO] [minecraft/GameTestServer]: [++++++++++++++++++++++++++++++++++++++++++++++++++++++++++++++++++++++++++++++++++++++++++++++++++++++++++++++++++++++++++++++++++++++++++++++++++++++++++++++++++++++++++++++++++++++++++++++++++++++++++++++++++++++++++++++++++++++++++++++++++++++++++++++_++++++++++++++++++                 ]
[17:55:01] [Server thread/INFO] [minecraft/GameTestServer]: [++++++++++++++++++++++++++++++++++++++++++++++++++++++++++++++++++++++++++++++++++++++++++++++++++++++++++++++++++++++++++++++++++++++++++++++++++++++++++++++++++++++++++++++++++++++++++++++++++++++++++++++++++++++++++++++++++++++++++++++++++++++++++++++_++++++++++++++++++                 ]
[17:55:01] [Server thread/INFO] [minecraft/GameTestBatchRunner]: Running test batch 'station_write_budget:1' (1 tests)...
[17:55:01] [Server thread/INFO] [io.gi.su.ad.AdvancedRocketryCommunity/]: ARCE_STATION_TRANSACTION action=creation_committed station=f0d2da47-78c4-4f40-9700-5e56373b6d13 owner=76b3098b-a7dc-4f6a-82c5-2c9a30412eda cell=0,0 region=-256,-256,255,255 inspected=289 changed=289 chunks=4 detail=generated
[17:55:01] [Server thread/INFO] [io.gi.su.ad.AdvancedRocketryCommunity/]: ARCE_STATION_TRANSACTION action=creation_committed station=482710a5-5d98-43ea-b252-80d9b79b4e39 owner=b25ec6ed-cd0b-4875-ba5d-581309ad23b5 cell=1,0 region=768,-256,1279,255 inspected=289 changed=289 chunks=4 detail=generated
[17:55:01] [Server thread/INFO] [minecraft/PlayerList]: budgetOne[embedded] logged in with entity id 3284 at (0.5, 60.0, 0.5)
[17:55:01] [Server thread/INFO] [io.gi.su.ad.AdvancedRocketryCommunity/]: Sent 1496-byte celestial snapshot generation 1 to 1 player(s)
[17:55:01] [Server thread/INFO] [minecraft/MinecraftServer]: budgetOne joined the game
[17:55:01] [Server thread/INFO] [minecraft/PlayerList]: budgetTwo[embedded] logged in with entity id 3285 at (0.5, 60.0, 0.5)
[17:55:01] [Server thread/INFO] [io.gi.su.ad.AdvancedRocketryCommunity/]: Sent 1496-byte celestial snapshot generation 1 to 1 player(s)
[17:55:01] [Server thread/INFO] [minecraft/MinecraftServer]: budgetTwo joined the game
[17:55:01] [Server thread/INFO] [io.gi.su.ad.AdvancedRocketryCommunity/]: ARCE_STATION_GRAVITY action=set code=GRAVITY_SET station=f0d2da47-78c4-4f40-9700-5e56373b6d13 actor=76b3098b-a7dc-4f6a-82c5-2c9a30412eda width=512 gravity_milli=400
[17:55:01] [Server thread/INFO] [io.gi.su.ad.AdvancedRocketryCommunity/]: ARCE_STATION_GRAVITY action=set code=REGISTRY_BUSY station=482710a5-5d98-43ea-b252-80d9b79b4e39 actor=b25ec6ed-cd0b-4875-ba5d-581309ad23b5 width=512 gravity_milli=0
[17:55:01] [Server thread/INFO] [io.gi.su.ad.AdvancedRocketryCommunity/]: ARCE_STATION_WARP action=request code=WARP_ISSUED station=482710a5-5d98-43ea-b252-80d9b79b4e39 actor=b25ec6ed-cd0b-4875-ba5d-581309ad23b5 target=advancedrocketrycommunity:moon class=IN_SYSTEM cost=2000000 balance=2000000
[17:55:01] [Server thread/INFO] [io.gi.su.ad.AdvancedRocketryCommunity/]: ARCE_STATION_WARP action=confirm code=WARP_STARTED station=482710a5-5d98-43ea-b252-80d9b79b4e39 actor=b25ec6ed-cd0b-4875-ba5d-581309ad23b5 target=advancedrocketrycommunity:moon class=IN_SYSTEM cost=2000000 balance=2000000
[17:55:01] [Server thread/INFO] [minecraft/GameTestServer]: [+++++++++++++++++++++++++++++++++++++++++++++++++++++++++++++++++++++++++++++++++++++++++++++++++++++++++++++++++++++++++++++++++++++++++++++++++++++++++++++++++++++++++++++++++++++++++++++++++++++++++++++++++++++++++++++++++++++++++++++++++++++++++++++++++++++++++++++++++_                ]
[17:55:01] [Server thread/INFO] [minecraft/GameTestServer]: [+++++++++++++++++++++++++++++++++++++++++++++++++++++++++++++++++++++++++++++++++++++++++++++++++++++++++++++++++++++++++++++++++++++++++++++++++++++++++++++++++++++++++++++++++++++++++++++++++++++++++++++++++++++++++++++++++++++++++++++++++++++++++++++++++++++++++++++++++_                ]
[17:55:02] [Server thread/INFO] [minecraft/GameTestServer]: [+++++++++++++++++++++++++++++++++++++++++++++++++++++++++++++++++++++++++++++++++++++++++++++++++++++++++++++++++++++++++++++++++++++++++++++++++++++++++++++++++++++++++++++++++++++++++++++++++++++++++++++++++++++++++++++++++++++++++++++++++++++++++++++++++++++++++++++++++_                ]
[17:55:02] [Server thread/INFO] [minecraft/GameTestServer]: [+++++++++++++++++++++++++++++++++++++++++++++++++++++++++++++++++++++++++++++++++++++++++++++++++++++++++++++++++++++++++++++++++++++++++++++++++++++++++++++++++++++++++++++++++++++++++++++++++++++++++++++++++++++++++++++++++++++++++++++++++++++++++++++++++++++++++++++++++_                ]
[17:55:02] [Server thread/INFO] [minecraft/GameTestServer]: [+++++++++++++++++++++++++++++++++++++++++++++++++++++++++++++++++++++++++++++++++++++++++++++++++++++++++++++++++++++++++++++++++++++++++++++++++++++++++++++++++++++++++++++++++++++++++++++++++++++++++++++++++++++++++++++++++++++++++++++++++++++++++++++++++++++++++++++++++_                ]
[17:55:02] [Server thread/INFO] [minecraft/GameTestServer]: [+++++++++++++++++++++++++++++++++++++++++++++++++++++++++++++++++++++++++++++++++++++++++++++++++++++++++++++++++++++++++++++++++++++++++++++++++++++++++++++++++++++++++++++++++++++++++++++++++++++++++++++++++++++++++++++++++++++++++++++++++++++++++++++++++++++++++++++++++_                ]
[17:55:03] [Server thread/INFO] [minecraft/GameTestServer]: [+++++++++++++++++++++++++++++++++++++++++++++++++++++++++++++++++++++++++++++++++++++++++++++++++++++++++++++++++++++++++++++++++++++++++++++++++++++++++++++++++++++++++++++++++++++++++++++++++++++++++++++++++++++++++++++++++++++++++++++++++++++++++++++++++++++++++++++++++_                ]
[17:55:03] [Server thread/INFO] [minecraft/GameTestServer]: [+++++++++++++++++++++++++++++++++++++++++++++++++++++++++++++++++++++++++++++++++++++++++++++++++++++++++++++++++++++++++++++++++++++++++++++++++++++++++++++++++++++++++++++++++++++++++++++++++++++++++++++++++++++++++++++++++++++++++++++++++++++++++++++++++++++++++++++++++_                ]
[17:55:03] [Server thread/INFO] [minecraft/GameTestServer]: [+++++++++++++++++++++++++++++++++++++++++++++++++++++++++++++++++++++++++++++++++++++++++++++++++++++++++++++++++++++++++++++++++++++++++++++++++++++++++++++++++++++++++++++++++++++++++++++++++++++++++++++++++++++++++++++++++++++++++++++++++++++++++++++++++++++++++++++++++_                ]
[17:55:03] [Server thread/INFO] [minecraft/GameTestServer]: [+++++++++++++++++++++++++++++++++++++++++++++++++++++++++++++++++++++++++++++++++++++++++++++++++++++++++++++++++++++++++++++++++++++++++++++++++++++++++++++++++++++++++++++++++++++++++++++++++++++++++++++++++++++++++++++++++++++++++++++++++++++++++++++++++++++++++++++++++_                ]
[17:55:03] [Server thread/INFO] [minecraft/GameTestServer]: [+++++++++++++++++++++++++++++++++++++++++++++++++++++++++++++++++++++++++++++++++++++++++++++++++++++++++++++++++++++++++++++++++++++++++++++++++++++++++++++++++++++++++++++++++++++++++++++++++++++++++++++++++++++++++++++++++++++++++++++++++++++++++++++++++++++++++++++++++_                ]
[17:55:04] [Server thread/INFO] [io.gi.su.ad.AdvancedRocketryCommunity/]: ARCE_STATION_WARP action=commit code=WARP_COMMITTED station=482710a5-5d98-43ea-b252-80d9b79b4e39 actor=b25ec6ed-cd0b-4875-ba5d-581309ad23b5 from=advancedrocketrycommunity:earth to=advancedrocketrycommunity:moon class=IN_SYSTEM cost=2000000 balance=0
[17:55:04] [Server thread/INFO] [minecraft/GameTestServer]: [+++++++++++++++++++++++++++++++++++++++++++++++++++++++++++++++++++++++++++++++++++++++++++++++++++++++++++++++++++++++++++++++++++++++++++++++++++++++++++++++++++++++++++++++++++++++++++++++++++++++++++++++++++++++++++++++++++++++++++++++++++++++++++++++++++++++++++++++++_                ]
[17:55:04] [Server thread/INFO] [minecraft/GameTestBatchRunner]: Running test batch 'precision_transaction_cuts:1' (5 tests)...
[17:55:05] [Server thread/INFO] [minecraft/GameTestBatchRunner]: Running test batch 'legacy_passenger_recovery:1' (1 tests)...
[17:55:05] [Server thread/INFO] [io.gi.su.ad.AdvancedRocketryCommunity/]: ARCE_TRANSFER_PREPARE transfer=25456430-5595-4e5b-818a-43c137271c1e logical=dea3287b-691f-4fe4-9739-2280e04895f9 source=minecraft:overworld destination=advancedrocketrycommunity:moon code=SUCCESS candidates=1 chunks=1 detail=selected
[17:55:05] [Server thread/INFO] [io.gi.su.ad.AdvancedRocketryCommunity/]: ARCE_ROCKET_ENTITY_ACTIVE entity=eca36a19-0c9e-4ae1-b291-efb9c7963690 operational=true snapshot=8e6412b874b5abc6a9d90af4f795a3d625fe6ac8a5aa1a3cbc8ffa07e0c35b06 flight_state=COUNTDOWN fuel=1000
[17:55:05] [Server thread/INFO] [minecraft/GameTestServer]: [+++++++++++++++++++++++++++++++++++++++++++++++++++++++++++++++++++++++++++++++++++++++++++++++++++++++++++++++++++++++++++++++++++++++++++++++++++++++++++++++++++++++++++++++++++++++++++++++++++++++++++++++++++++++++++++++++++++++++++++++++++++++++++++++++++++++++++++++++++++++_          ]
[17:55:06] [Server thread/INFO] [minecraft/GameTestServer]: [+++++++++++++++++++++++++++++++++++++++++++++++++++++++++++++++++++++++++++++++++++++++++++++++++++++++++++++++++++++++++++++++++++++++++++++++++++++++++++++++++++++++++++++++++++++++++++++++++++++++++++++++++++++++++++++++++++++++++++++++++++++++++++++++++++++++++++++++++++++++_          ]
[17:55:06] [Server thread/INFO] [minecraft/GameTestServer]: [+++++++++++++++++++++++++++++++++++++++++++++++++++++++++++++++++++++++++++++++++++++++++++++++++++++++++++++++++++++++++++++++++++++++++++++++++++++++++++++++++++++++++++++++++++++++++++++++++++++++++++++++++++++++++++++++++++++++++++++++++++++++++++++++++++++++++++++++++++++++_          ]
[17:55:06] [Server thread/INFO] [io.gi.su.ad.AdvancedRocketryCommunity/]: ARCE_TRANSFER_PHASE transfer=25456430-5595-4e5b-818a-43c137271c1e logical=dea3287b-691f-4fe4-9739-2280e04895f9 phase=PREPARED event=countdown_complete entity=eca36a19-0c9e-4ae1-b291-efb9c7963690 fuel_before=1000 fuel_after=623 required=377
[17:55:06] [Server thread/INFO] [minecraft/GameTestServer]: [+++++++++++++++++++++++++++++++++++++++++++++++++++++++++++++++++++++++++++++++++++++++++++++++++++++++++++++++++++++++++++++++++++++++++++++++++++++++++++++++++++++++++++++++++++++++++++++++++++++++++++++++++++++++++++++++++++++++++++++++++++++++++++++++++++++++++++++++++++++++_          ]
[17:55:06] [Server thread/INFO] [minecraft/GameTestServer]: [+++++++++++++++++++++++++++++++++++++++++++++++++++++++++++++++++++++++++++++++++++++++++++++++++++++++++++++++++++++++++++++++++++++++++++++++++++++++++++++++++++++++++++++++++++++++++++++++++++++++++++++++++++++++++++++++++++++++++++++++++++++++++++++++++++++++++++++++++++++++_          ]
[17:55:06] [Server thread/INFO] [minecraft/GameTestServer]: [+++++++++++++++++++++++++++++++++++++++++++++++++++++++++++++++++++++++++++++++++++++++++++++++++++++++++++++++++++++++++++++++++++++++++++++++++++++++++++++++++++++++++++++++++++++++++++++++++++++++++++++++++++++++++++++++++++++++++++++++++++++++++++++++++++++++++++++++++++++++_          ]
[17:55:07] [Server thread/INFO] [minecraft/GameTestServer]: [+++++++++++++++++++++++++++++++++++++++++++++++++++++++++++++++++++++++++++++++++++++++++++++++++++++++++++++++++++++++++++++++++++++++++++++++++++++++++++++++++++++++++++++++++++++++++++++++++++++++++++++++++++++++++++++++++++++++++++++++++++++++++++++++++++++++++++++++++++++++_          ]
[17:55:07] [Server thread/INFO] [io.gi.su.ad.AdvancedRocketryCommunity/]: ARCE_TRANSFER_PHASE transfer=25456430-5595-4e5b-818a-43c137271c1e logical=dea3287b-691f-4fe4-9739-2280e04895f9 phase=PREPARED event=ascent_complete entity=eca36a19-0c9e-4ae1-b291-efb9c7963690 fuel_before=1000 fuel_after=623 required=377
[17:55:07] [Server thread/INFO] [minecraft/GameTestServer]: [+++++++++++++++++++++++++++++++++++++++++++++++++++++++++++++++++++++++++++++++++++++++++++++++++++++++++++++++++++++++++++++++++++++++++++++++++++++++++++++++++++++++++++++++++++++++++++++++++++++++++++++++++++++++++++++++++++++++++++++++++++++++++++++++++++++++++++++++++++++++_          ]
[17:55:07] [Server thread/INFO] [io.gi.su.ad.AdvancedRocketryCommunity/]: ARCE_TRANSFER_PHASE transfer=25456430-5595-4e5b-818a-43c137271c1e logical=dea3287b-691f-4fe4-9739-2280e04895f9 phase=DESTINATION_SPAWNED event=destination_spawned entity=1d6f46af-8667-430e-88c4-8721d088c96e fuel_before=1000 fuel_after=623 required=377
[17:55:07] [Server thread/INFO] [io.gi.su.ad.AdvancedRocketryCommunity/]: ARCE_TRANSFER_PHASE transfer=25456430-5595-4e5b-818a-43c137271c1e logical=dea3287b-691f-4fe4-9739-2280e04895f9 phase=PASSENGERS_TRANSFERRED event=passengers_transferred entity=1d6f46af-8667-430e-88c4-8721d088c96e fuel_before=1000 fuel_after=623 required=377
[17:55:07] [Server thread/INFO] [io.gi.su.ad.AdvancedRocketryCommunity/]: ARCE_ROCKET_ENTITY_REMOVED entity=eca36a19-0c9e-4ae1-b291-efb9c7963690 reason=DISCARDED operational=true
[17:55:07] [Server thread/INFO] [io.gi.su.ad.AdvancedRocketryCommunity/]: ARCE_TRANSFER_PHASE transfer=25456430-5595-4e5b-818a-43c137271c1e logical=dea3287b-691f-4fe4-9739-2280e04895f9 phase=SOURCE_REMOVED event=source_removed entity=1d6f46af-8667-430e-88c4-8721d088c96e fuel_before=1000 fuel_after=623 required=377
[17:55:07] [Server thread/INFO] [io.gi.su.ad.AdvancedRocketryCommunity/]: ARCE_TRANSFER_PHASE transfer=25456430-5595-4e5b-818a-43c137271c1e logical=dea3287b-691f-4fe4-9739-2280e04895f9 phase=COMMITTED event=committed entity=1d6f46af-8667-430e-88c4-8721d088c96e fuel_before=1000 fuel_after=623 required=377
[17:55:07] [Server thread/INFO] [minecraft/GameTestServer]: [+++++++++++++++++++++++++++++++++++++++++++++++++++++++++++++++++++++++++++++++++++++++++++++++++++++++++++++++++++++++++++++++++++++++++++++++++++++++++++++++++++++++++++++++++++++++++++++++++++++++++++++++++++++++++++++++++++++++++++++++++++++++++++++++++++++++++++++++++++++++_          ]
[17:55:07] [Server thread/INFO] [minecraft/GameTestServer]: [+++++++++++++++++++++++++++++++++++++++++++++++++++++++++++++++++++++++++++++++++++++++++++++++++++++++++++++++++++++++++++++++++++++++++++++++++++++++++++++++++++++++++++++++++++++++++++++++++++++++++++++++++++++++++++++++++++++++++++++++++++++++++++++++++++++++++++++++++++++++_          ]
[17:55:08] [Server thread/INFO] [minecraft/GameTestServer]: [+++++++++++++++++++++++++++++++++++++++++++++++++++++++++++++++++++++++++++++++++++++++++++++++++++++++++++++++++++++++++++++++++++++++++++++++++++++++++++++++++++++++++++++++++++++++++++++++++++++++++++++++++++++++++++++++++++++++++++++++++++++++++++++++++++++++++++++++++++++++_          ]
[17:55:08] [Server thread/INFO] [minecraft/GameTestServer]: [+++++++++++++++++++++++++++++++++++++++++++++++++++++++++++++++++++++++++++++++++++++++++++++++++++++++++++++++++++++++++++++++++++++++++++++++++++++++++++++++++++++++++++++++++++++++++++++++++++++++++++++++++++++++++++++++++++++++++++++++++++++++++++++++++++++++++++++++++++++++_          ]
[17:55:08] [Server thread/INFO] [io.gi.su.ad.AdvancedRocketryCommunity/]: ARCE_TRANSFER_PHASE transfer=25456430-5595-4e5b-818a-43c137271c1e logical=dea3287b-691f-4fe4-9739-2280e04895f9 phase=COMMITTED event=landing_complete entity=1d6f46af-8667-430e-88c4-8721d088c96e fuel_before=1000 fuel_after=623 required=377
[17:55:08] [Server thread/INFO] [minecraft/GameTestServer]: [+++++++++++++++++++++++++++++++++++++++++++++++++++++++++++++++++++++++++++++++++++++++++++++++++++++++++++++++++++++++++++++++++++++++++++++++++++++++++++++++++++++++++++++++++++++++++++++++++++++++++++++++++++++++++++++++++++++++++++++++++++++++++++++++++++++++++++++++++++++++_          ]
[17:55:08] [Server thread/INFO] [minecraft/GameTestServer]: [+++++++++++++++++++++++++++++++++++++++++++++++++++++++++++++++++++++++++++++++++++++++++++++++++++++++++++++++++++++++++++++++++++++++++++++++++++++++++++++++++++++++++++++++++++++++++++++++++++++++++++++++++++++++++++++++++++++++++++++++++++++++++++++++++++++++++++++++++++++++_          ]
[17:55:08] [Server thread/INFO] [io.gi.su.ad.AdvancedRocketryCommunity/]: ARCE_ROCKET_ENTITY_REMOVED entity=80000000-0000-0000-0000-000000000000 reason=DISCARDED operational=true
[17:55:08] [Server thread/WARN] [io.gi.su.ad.AdvancedRocketryCommunity/]: ARCE_TRANSFER_LOGIN_RECONCILED transfer=25456430-5595-4e5b-818a-43c137271c1e logical=dea3287b-691f-4fe4-9739-2280e04895f9 authority=1d6f46af-8667-430e-88c4-8721d088c96e removed=1
[17:55:08] [Server thread/INFO] [io.gi.su.ad.AdvancedRocketryCommunity/]: ARCE_ROCKET_ENTITY_REMOVED entity=80000000-0000-0000-0000-000000000000 reason=DISCARDED operational=true
[17:55:08] [Server thread/INFO] [io.gi.su.ad.AdvancedRocketryCommunity/]: ARCE_ROCKET_ENTITY_REMOVED entity=1d6f46af-8667-430e-88c4-8721d088c96e reason=DISCARDED operational=true
[17:55:08] [Server thread/INFO] [minecraft/GameTestBatchRunner]: Running test batch 'station_warp_interstellar:1' (1 tests)...
[17:55:08] [Server thread/INFO] [io.gi.su.ad.AdvancedRocketryCommunity/]: ARCE_STATION_TRANSACTION action=creation_committed station=cb07ddff-e838-4cde-84c4-95b74be067cb owner=576b7046-0c34-4827-92eb-e1eefa625d8c cell=0,0 region=-256,-256,255,255 inspected=289 changed=289 chunks=4 detail=generated
[17:55:08] [Server thread/INFO] [minecraft/PlayerList]: starOwner[embedded] logged in with entity id 3365 at (0.5, 60.0, 0.5)
[17:55:08] [Server thread/INFO] [io.gi.su.ad.AdvancedRocketryCommunity/]: Sent 1496-byte celestial snapshot generation 1 to 1 player(s)
[17:55:08] [Server thread/INFO] [minecraft/MinecraftServer]: starOwner joined the game
[17:55:08] [Server thread/INFO] [io.gi.su.ad.AdvancedRocketryCommunity/]: ARCE_STATION_WARP action=request code=WARP_ISSUED station=cb07ddff-e838-4cde-84c4-95b74be067cb actor=576b7046-0c34-4827-92eb-e1eefa625d8c target=advancedrocketrycommunity:tau_ceti_e class=INTERSTELLAR cost=8000000 balance=9000000
[17:55:08] [Server thread/INFO] [io.gi.su.ad.AdvancedRocketryCommunity/]: ARCE_STATION_WARP action=confirm code=WARP_STARTED station=cb07ddff-e838-4cde-84c4-95b74be067cb actor=576b7046-0c34-4827-92eb-e1eefa625d8c target=advancedrocketrycommunity:tau_ceti_e class=INTERSTELLAR cost=8000000 balance=9000000
[17:55:08] [Server thread/INFO] [minecraft/MinecraftServer]: [starOwner: Warp countdown started; station=cb07ddff-e838-4cde-84c4-95b74be067cb target=advancedrocketrycommunity:tau_ceti_e commit in 10 seconds; /arce station warp cancel stops it]
[17:55:09] [Server thread/INFO] [minecraft/GameTestServer]: [++++++++++++++++++++++++++++++++++++++++++++++++++++++++++++++++++++++++++++++++++++++++++++++++++++++++++++++++++++++++++++++++++++++++++++++++++++++++++++++++++++++++++++++++++++++++++++++++++++++++++++++++++++++++++++++++++++++++++++++++++++++++++++++++++++++++++++++++++++++++_         ]
[17:55:09] [Server thread/INFO] [minecraft/GameTestServer]: [++++++++++++++++++++++++++++++++++++++++++++++++++++++++++++++++++++++++++++++++++++++++++++++++++++++++++++++++++++++++++++++++++++++++++++++++++++++++++++++++++++++++++++++++++++++++++++++++++++++++++++++++++++++++++++++++++++++++++++++++++++++++++++++++++++++++++++++++++++++++_         ]
[17:55:09] [Server thread/INFO] [minecraft/GameTestServer]: [++++++++++++++++++++++++++++++++++++++++++++++++++++++++++++++++++++++++++++++++++++++++++++++++++++++++++++++++++++++++++++++++++++++++++++++++++++++++++++++++++++++++++++++++++++++++++++++++++++++++++++++++++++++++++++++++++++++++++++++++++++++++++++++++++++++++++++++++++++++++_         ]
[17:55:09] [Server thread/INFO] [minecraft/GameTestServer]: [++++++++++++++++++++++++++++++++++++++++++++++++++++++++++++++++++++++++++++++++++++++++++++++++++++++++++++++++++++++++++++++++++++++++++++++++++++++++++++++++++++++++++++++++++++++++++++++++++++++++++++++++++++++++++++++++++++++++++++++++++++++++++++++++++++++++++++++++++++++++_         ]
[17:55:09] [Server thread/INFO] [minecraft/GameTestServer]: [++++++++++++++++++++++++++++++++++++++++++++++++++++++++++++++++++++++++++++++++++++++++++++++++++++++++++++++++++++++++++++++++++++++++++++++++++++++++++++++++++++++++++++++++++++++++++++++++++++++++++++++++++++++++++++++++++++++++++++++++++++++++++++++++++++++++++++++++++++++++_         ]
[17:55:09] [Server thread/INFO] [minecraft/GameTestServer]: [++++++++++++++++++++++++++++++++++++++++++++++++++++++++++++++++++++++++++++++++++++++++++++++++++++++++++++++++++++++++++++++++++++++++++++++++++++++++++++++++++++++++++++++++++++++++++++++++++++++++++++++++++++++++++++++++++++++++++++++++++++++++++++++++++++++++++++++++++++++++_         ]
[17:55:10] [Server thread/INFO] [minecraft/GameTestServer]: [++++++++++++++++++++++++++++++++++++++++++++++++++++++++++++++++++++++++++++++++++++++++++++++++++++++++++++++++++++++++++++++++++++++++++++++++++++++++++++++++++++++++++++++++++++++++++++++++++++++++++++++++++++++++++++++++++++++++++++++++++++++++++++++++++++++++++++++++++++++++_         ]
[17:55:10] [Server thread/INFO] [minecraft/GameTestServer]: [++++++++++++++++++++++++++++++++++++++++++++++++++++++++++++++++++++++++++++++++++++++++++++++++++++++++++++++++++++++++++++++++++++++++++++++++++++++++++++++++++++++++++++++++++++++++++++++++++++++++++++++++++++++++++++++++++++++++++++++++++++++++++++++++++++++++++++++++++++++++_         ]
[17:55:10] [Server thread/INFO] [minecraft/GameTestServer]: [++++++++++++++++++++++++++++++++++++++++++++++++++++++++++++++++++++++++++++++++++++++++++++++++++++++++++++++++++++++++++++++++++++++++++++++++++++++++++++++++++++++++++++++++++++++++++++++++++++++++++++++++++++++++++++++++++++++++++++++++++++++++++++++++++++++++++++++++++++++++_         ]
[17:55:10] [Server thread/INFO] [minecraft/GameTestServer]: [++++++++++++++++++++++++++++++++++++++++++++++++++++++++++++++++++++++++++++++++++++++++++++++++++++++++++++++++++++++++++++++++++++++++++++++++++++++++++++++++++++++++++++++++++++++++++++++++++++++++++++++++++++++++++++++++++++++++++++++++++++++++++++++++++++++++++++++++++++++++_         ]
[17:55:10] [Server thread/INFO] [io.gi.su.ad.AdvancedRocketryCommunity/]: ARCE_STATION_WARP action=commit code=WARP_COMMITTED station=cb07ddff-e838-4cde-84c4-95b74be067cb actor=576b7046-0c34-4827-92eb-e1eefa625d8c from=advancedrocketrycommunity:earth to=advancedrocketrycommunity:tau_ceti_e class=INTERSTELLAR cost=8000000 balance=1000000
[17:55:10] [Server thread/WARN] [io.gi.su.ad.AdvancedRocketryCommunity/]: ARCE_STATION_WARP_ENERGY_DROPPED station=cb07ddff-e838-4cde-84c4-95b74be067cb energy=1000000
[17:55:10] [Server thread/INFO] [minecraft/GameTestBatchRunner]: Running test batch 'planetary_physical_admission:1' (2 tests)...
[17:55:11] [Server thread/INFO] [io.gi.su.ad.AdvancedRocketryCommunity/]: ARCE_ROCKET_ENTITY_REMOVED entity=cd02b5a1-ff10-4cb6-b2c3-954816db4914 reason=DISCARDED operational=true
[17:55:11] [Server thread/INFO] [io.gi.su.ad.AdvancedRocketryCommunity/]: ARCE_ROCKET_ENTITY_REMOVED entity=a05ff8b0-dd06-4dc8-8d22-6ed707e54f1c reason=DISCARDED operational=true
[17:55:11] [Server thread/INFO] [minecraft/GameTestBatchRunner]: Running test batch 'satellite_payload:1' (1 tests)...
[17:55:11] [Server thread/INFO] [minecraft/GameTestServer]: [+++++++++++++++++++++++++++++++++++++++++++++++++++++++++++++++++++++++++++++++++++++++++++++++++++++++++++++++++++++++++++++++++++++++++++++++++++++++++++++++++++++++++++++++++++++++++++++++++++++++++++++++++++++++++++++++++++++++++++++++++++++++++++++++++++++++++++++++++++++++++++_      ]
[17:55:11] [Server thread/INFO] [minecraft/GameTestServer]: [+++++++++++++++++++++++++++++++++++++++++++++++++++++++++++++++++++++++++++++++++++++++++++++++++++++++++++++++++++++++++++++++++++++++++++++++++++++++++++++++++++++++++++++++++++++++++++++++++++++++++++++++++++++++++++++++++++++++++++++++++++++++++++++++++++++++++++++++++++++++++++_      ]
[17:55:12] [Server thread/INFO] [minecraft/GameTestServer]: [+++++++++++++++++++++++++++++++++++++++++++++++++++++++++++++++++++++++++++++++++++++++++++++++++++++++++++++++++++++++++++++++++++++++++++++++++++++++++++++++++++++++++++++++++++++++++++++++++++++++++++++++++++++++++++++++++++++++++++++++++++++++++++++++++++++++++++++++++++++++++++_      ]
[17:55:12] [Server thread/INFO] [minecraft/GameTestServer]: [+++++++++++++++++++++++++++++++++++++++++++++++++++++++++++++++++++++++++++++++++++++++++++++++++++++++++++++++++++++++++++++++++++++++++++++++++++++++++++++++++++++++++++++++++++++++++++++++++++++++++++++++++++++++++++++++++++++++++++++++++++++++++++++++++++++++++++++++++++++++++++_      ]
[17:55:12] [Server thread/INFO] [minecraft/GameTestServer]: [+++++++++++++++++++++++++++++++++++++++++++++++++++++++++++++++++++++++++++++++++++++++++++++++++++++++++++++++++++++++++++++++++++++++++++++++++++++++++++++++++++++++++++++++++++++++++++++++++++++++++++++++++++++++++++++++++++++++++++++++++++++++++++++++++++++++++++++++++++++++++++_      ]
[17:55:12] [Server thread/INFO] [minecraft/GameTestServer]: [+++++++++++++++++++++++++++++++++++++++++++++++++++++++++++++++++++++++++++++++++++++++++++++++++++++++++++++++++++++++++++++++++++++++++++++++++++++++++++++++++++++++++++++++++++++++++++++++++++++++++++++++++++++++++++++++++++++++++++++++++++++++++++++++++++++++++++++++++++++++++++_      ]
[17:55:12] [Server thread/INFO] [minecraft/GameTestServer]: [+++++++++++++++++++++++++++++++++++++++++++++++++++++++++++++++++++++++++++++++++++++++++++++++++++++++++++++++++++++++++++++++++++++++++++++++++++++++++++++++++++++++++++++++++++++++++++++++++++++++++++++++++++++++++++++++++++++++++++++++++++++++++++++++++++++++++++++++++++++++++++_      ]
[17:55:12] [Server thread/INFO] [minecraft/GameTestServer]: [+++++++++++++++++++++++++++++++++++++++++++++++++++++++++++++++++++++++++++++++++++++++++++++++++++++++++++++++++++++++++++++++++++++++++++++++++++++++++++++++++++++++++++++++++++++++++++++++++++++++++++++++++++++++++++++++++++++++++++++++++++++++++++++++++++++++++++++++++++++++++++_      ]
[17:55:12] [Server thread/INFO] [minecraft/GameTestServer]: [+++++++++++++++++++++++++++++++++++++++++++++++++++++++++++++++++++++++++++++++++++++++++++++++++++++++++++++++++++++++++++++++++++++++++++++++++++++++++++++++++++++++++++++++++++++++++++++++++++++++++++++++++++++++++++++++++++++++++++++++++++++++++++++++++++++++++++++++++++++++++++_      ]
[17:55:13] [Server thread/INFO] [minecraft/GameTestServer]: [+++++++++++++++++++++++++++++++++++++++++++++++++++++++++++++++++++++++++++++++++++++++++++++++++++++++++++++++++++++++++++++++++++++++++++++++++++++++++++++++++++++++++++++++++++++++++++++++++++++++++++++++++++++++++++++++++++++++++++++++++++++++++++++++++++++++++++++++++++++++++++_      ]
[17:55:13] [Server thread/INFO] [minecraft/GameTestServer]: [+++++++++++++++++++++++++++++++++++++++++++++++++++++++++++++++++++++++++++++++++++++++++++++++++++++++++++++++++++++++++++++++++++++++++++++++++++++++++++++++++++++++++++++++++++++++++++++++++++++++++++++++++++++++++++++++++++++++++++++++++++++++++++++++++++++++++++++++++++++++++++_      ]
[17:55:13] [Server thread/INFO] [minecraft/GameTestServer]: [+++++++++++++++++++++++++++++++++++++++++++++++++++++++++++++++++++++++++++++++++++++++++++++++++++++++++++++++++++++++++++++++++++++++++++++++++++++++++++++++++++++++++++++++++++++++++++++++++++++++++++++++++++++++++++++++++++++++++++++++++++++++++++++++++++++++++++++++++++++++++++_      ]
[17:55:13] [Server thread/INFO] [minecraft/GameTestServer]: [+++++++++++++++++++++++++++++++++++++++++++++++++++++++++++++++++++++++++++++++++++++++++++++++++++++++++++++++++++++++++++++++++++++++++++++++++++++++++++++++++++++++++++++++++++++++++++++++++++++++++++++++++++++++++++++++++++++++++++++++++++++++++++++++++++++++++++++++++++++++++++_      ]
[17:55:13] [Server thread/INFO] [minecraft/GameTestServer]: [+++++++++++++++++++++++++++++++++++++++++++++++++++++++++++++++++++++++++++++++++++++++++++++++++++++++++++++++++++++++++++++++++++++++++++++++++++++++++++++++++++++++++++++++++++++++++++++++++++++++++++++++++++++++++++++++++++++++++++++++++++++++++++++++++++++++++++++++++++++++++++_      ]
[17:55:13] [Server thread/INFO] [minecraft/GameTestServer]: [+++++++++++++++++++++++++++++++++++++++++++++++++++++++++++++++++++++++++++++++++++++++++++++++++++++++++++++++++++++++++++++++++++++++++++++++++++++++++++++++++++++++++++++++++++++++++++++++++++++++++++++++++++++++++++++++++++++++++++++++++++++++++++++++++++++++++++++++++++++++++++_      ]
[17:55:14] [Server thread/INFO] [minecraft/GameTestServer]: [+++++++++++++++++++++++++++++++++++++++++++++++++++++++++++++++++++++++++++++++++++++++++++++++++++++++++++++++++++++++++++++++++++++++++++++++++++++++++++++++++++++++++++++++++++++++++++++++++++++++++++++++++++++++++++++++++++++++++++++++++++++++++++++++++++++++++++++++++++++++++++_      ]
[17:55:14] [Server thread/INFO] [minecraft/GameTestServer]: [+++++++++++++++++++++++++++++++++++++++++++++++++++++++++++++++++++++++++++++++++++++++++++++++++++++++++++++++++++++++++++++++++++++++++++++++++++++++++++++++++++++++++++++++++++++++++++++++++++++++++++++++++++++++++++++++++++++++++++++++++++++++++++++++++++++++++++++++++++++++++++_      ]
[17:55:14] [Server thread/INFO] [minecraft/GameTestServer]: [+++++++++++++++++++++++++++++++++++++++++++++++++++++++++++++++++++++++++++++++++++++++++++++++++++++++++++++++++++++++++++++++++++++++++++++++++++++++++++++++++++++++++++++++++++++++++++++++++++++++++++++++++++++++++++++++++++++++++++++++++++++++++++++++++++++++++++++++++++++++++++_      ]
[17:55:14] [Server thread/INFO] [minecraft/GameTestServer]: [+++++++++++++++++++++++++++++++++++++++++++++++++++++++++++++++++++++++++++++++++++++++++++++++++++++++++++++++++++++++++++++++++++++++++++++++++++++++++++++++++++++++++++++++++++++++++++++++++++++++++++++++++++++++++++++++++++++++++++++++++++++++++++++++++++++++++++++++++++++++++++_      ]
[17:55:14] [Server thread/INFO] [minecraft/GameTestServer]: [+++++++++++++++++++++++++++++++++++++++++++++++++++++++++++++++++++++++++++++++++++++++++++++++++++++++++++++++++++++++++++++++++++++++++++++++++++++++++++++++++++++++++++++++++++++++++++++++++++++++++++++++++++++++++++++++++++++++++++++++++++++++++++++++++++++++++++++++++++++++++++_      ]
[17:55:14] [Server thread/INFO] [io.gi.su.ad.AdvancedRocketryCommunity/]: ARCE_SATELLITE_SCHEDULER completed=1 pruned=0 inspected=2 remaining=1
[17:55:14] [Server thread/INFO] [minecraft/GameTestServer]: [+++++++++++++++++++++++++++++++++++++++++++++++++++++++++++++++++++++++++++++++++++++++++++++++++++++++++++++++++++++++++++++++++++++++++++++++++++++++++++++++++++++++++++++++++++++++++++++++++++++++++++++++++++++++++++++++++++++++++++++++++++++++++++++++++++++++++++++++++++++++++++_      ]
[17:55:15] [Server thread/INFO] [minecraft/GameTestServer]: [+++++++++++++++++++++++++++++++++++++++++++++++++++++++++++++++++++++++++++++++++++++++++++++++++++++++++++++++++++++++++++++++++++++++++++++++++++++++++++++++++++++++++++++++++++++++++++++++++++++++++++++++++++++++++++++++++++++++++++++++++++++++++++++++++++++++++++++++++++++++++++_      ]
[17:55:15] [Server thread/INFO] [minecraft/GameTestBatchRunner]: Running test batch 'flight_security:1' (1 tests)...
[17:55:15] [Server thread/INFO] [minecraft/GameTestServer]: [++++++++++++++++++++++++++++++++++++++++++++++++++++++++++++++++++++++++++++++++++++++++++++++++++++++++++++++++++++++++++++++++++++++++++++++++++++++++++++++++++++++++++++++++++++++++++++++++++++++++++++++++++++++++++++++++++++++++++++++++++++++++++++++++++++++++++++++++++++++++++++_     ]
[17:55:15] [Server thread/INFO] [minecraft/GameTestServer]: [++++++++++++++++++++++++++++++++++++++++++++++++++++++++++++++++++++++++++++++++++++++++++++++++++++++++++++++++++++++++++++++++++++++++++++++++++++++++++++++++++++++++++++++++++++++++++++++++++++++++++++++++++++++++++++++++++++++++++++++++++++++++++++++++++++++++++++++++++++++++++++_     ]
[17:55:15] [Server thread/INFO] [io.gi.su.ad.AdvancedRocketryCommunity/]: ARCE_ROCKET_ENTITY_REMOVED entity=fc114706-ef0e-448c-86da-4fde3b50c025 reason=DISCARDED operational=true
[17:55:15] [Server thread/INFO] [io.gi.su.ad.AdvancedRocketryCommunity/]: ARCE_ROCKET_ENTITY_REMOVED entity=8816a58f-91d4-4fe6-a4da-ae9e724b878f reason=DISCARDED operational=true
[17:55:15] [Server thread/INFO] [io.gi.su.ad.AdvancedRocketryCommunity/]: ARCE_FLIGHT_INTENT request=eaf8a3b0-eaf5-420e-b13f-fc4a63498eae player=637c42c9-f7f6-4d42-b44c-40ded65e760f rocket=4a5e4fe8-dfcb-4e6d-9b0c-62a17f8dfd42 action=LAUNCH destination=advancedrocketrycommunity:body_surface station=null code=UNAUTHORIZED required_fuel=0
[17:55:15] [Server thread/INFO] [io.gi.su.ad.AdvancedRocketryCommunity/]: ARCE_ROCKET_ENTITY_REMOVED entity=4a5e4fe8-dfcb-4e6d-9b0c-62a17f8dfd42 reason=DISCARDED operational=true
[17:55:15] [Server thread/INFO] [io.gi.su.ad.AdvancedRocketryCommunity/]: ARCE_FLIGHT_INTENT request=471ca709-fd85-4084-b739-52738bad94d4 player=637c42c9-f7f6-4d42-b44c-40ded65e760f rocket=none action=LAUNCH destination=advancedrocketrycommunity:body_surface station=null code=OUT_OF_RANGE required_fuel=0
[17:55:15] [Server thread/INFO] [io.gi.su.ad.AdvancedRocketryCommunity/]: ARCE_FLIGHT_INTENT request=33a5c6fb-2056-41fe-b22f-1fbe6fa84652 player=637c42c9-f7f6-4d42-b44c-40ded65e760f rocket=4183fea3-738f-4523-a0b6-60206fcbae4a action=LAUNCH destination=advancedrocketrycommunity:body_surface station=null code=INVALID_DESTINATION required_fuel=0
[17:55:15] [Server thread/INFO] [io.gi.su.ad.AdvancedRocketryCommunity/]: ARCE_TRANSFER_PREPARE transfer=68572eae-2227-480e-b163-5b198df34b0a logical=5f379e1b-7fc7-4092-a960-0cd8156befb8 source=minecraft:overworld destination=advancedrocketrycommunity:moon code=SUCCESS candidates=1 chunks=1 detail=selected
[17:55:15] [Server thread/INFO] [io.gi.su.ad.AdvancedRocketryCommunity/]: ARCE_FLIGHT_INTENT request=68572eae-2227-480e-b163-5b198df34b0a player=637c42c9-f7f6-4d42-b44c-40ded65e760f rocket=4183fea3-738f-4523-a0b6-60206fcbae4a action=LAUNCH destination=advancedrocketrycommunity:body_surface station=null code=SUCCESS required_fuel=367
[17:55:15] [Server thread/INFO] [io.gi.su.ad.AdvancedRocketryCommunity/]: ARCE_FLIGHT_INTENT request=68572eae-2227-480e-b163-5b198df34b0a player=637c42c9-f7f6-4d42-b44c-40ded65e760f rocket=4183fea3-738f-4523-a0b6-60206fcbae4a action=LAUNCH destination=advancedrocketrycommunity:body_surface station=null code=REQUEST_REPLAYED required_fuel=0
[17:55:15] [Server thread/INFO] [io.gi.su.ad.AdvancedRocketryCommunity/]: ARCE_TRANSFER_RETURNED_TO_SOURCE transfer=68572eae-2227-480e-b163-5b198df34b0a logical=5f379e1b-7fc7-4092-a960-0cd8156befb8 reason=countdown_cancelled fuel=1000
[17:55:15] [Server thread/INFO] [io.gi.su.ad.AdvancedRocketryCommunity/]: ARCE_FLIGHT_INTENT request=bc4e1f94-12fb-4140-9c2f-9808782b4545 player=637c42c9-f7f6-4d42-b44c-40ded65e760f rocket=4183fea3-738f-4523-a0b6-60206fcbae4a action=CANCEL destination=advancedrocketrycommunity:body_surface station=null code=SUCCESS required_fuel=367
[17:55:15] [Server thread/INFO] [io.gi.su.ad.AdvancedRocketryCommunity/]: ARCE_ROCKET_ENTITY_REMOVED entity=4183fea3-738f-4523-a0b6-60206fcbae4a reason=DISCARDED operational=true
[17:55:16] [Server thread/INFO] [minecraft/GameTestBatchRunner]: Running test batch 'planetary_changed_pad:1' (2 tests)...
[17:55:16] [Server thread/INFO] [io.gi.su.ad.AdvancedRocketryCommunity/]: ARCE_TRANSFER_PREPARE transfer=69df3ea8-df39-4120-a032-a3ab8f8700e6 logical=b3b87236-2024-4aac-bd0e-2ed2aa141944 source=minecraft:overworld destination=advancedrocketrycommunity:venus code=SUCCESS candidates=1 chunks=1 detail=selected
[17:55:16] [Server thread/INFO] [io.gi.su.ad.AdvancedRocketryCommunity/]: ARCE_ROCKET_ENTITY_REMOVED entity=99a85363-c993-44f3-8935-4a02bac18293 reason=DISCARDED operational=true
[17:55:17] [Server thread/INFO] [io.gi.su.ad.AdvancedRocketryCommunity/]: ARCE_TRANSFER_PREPARE transfer=cfb5aaf1-d8bf-4117-b051-3708c2b387dd logical=1f9e6db2-a0fd-471f-81e2-7c9a219abc17 source=minecraft:overworld destination=advancedrocketrycommunity:mars code=SUCCESS candidates=1 chunks=1 detail=selected
[17:55:17] [Server thread/INFO] [io.gi.su.ad.AdvancedRocketryCommunity/]: ARCE_ROCKET_ENTITY_ACTIVE entity=9a2f63dc-9b7d-4642-a40a-0f0e95e595e8 operational=true snapshot=3e76db0eb5bc274d21075a0078663ce9d3b89c5097e10fe2a48b476492318dc0 flight_state=COUNTDOWN fuel=1000
[17:55:17] [Server thread/INFO] [minecraft/GameTestServer]: [++++++++++++++++++++++++++++++++++++++++++++++++++++++++++++++++++++++++++++++++++++++++++++++++++++++++++++++++++++++++++++++++++++++++++++++++++++++++++++++++++++++++++++++++++++++++++++++++++++++++++++++++++++++++++++++++++++++++++++++++++++++++++++++++++++++++++++++++++++++++++++++_   ]
[17:55:17] [Server thread/INFO] [minecraft/GameTestServer]: [++++++++++++++++++++++++++++++++++++++++++++++++++++++++++++++++++++++++++++++++++++++++++++++++++++++++++++++++++++++++++++++++++++++++++++++++++++++++++++++++++++++++++++++++++++++++++++++++++++++++++++++++++++++++++++++++++++++++++++++++++++++++++++++++++++++++++++++++++++++++++++++_   ]
[17:55:17] [Server thread/INFO] [minecraft/GameTestServer]: [++++++++++++++++++++++++++++++++++++++++++++++++++++++++++++++++++++++++++++++++++++++++++++++++++++++++++++++++++++++++++++++++++++++++++++++++++++++++++++++++++++++++++++++++++++++++++++++++++++++++++++++++++++++++++++++++++++++++++++++++++++++++++++++++++++++++++++++++++++++++++++++_   ]
[17:55:17] [Server thread/INFO] [io.gi.su.ad.AdvancedRocketryCommunity/]: ARCE_TRANSFER_PHASE transfer=cfb5aaf1-d8bf-4117-b051-3708c2b387dd logical=1f9e6db2-a0fd-471f-81e2-7c9a219abc17 phase=PREPARED event=countdown_complete entity=9a2f63dc-9b7d-4642-a40a-0f0e95e595e8 fuel_before=1000 fuel_after=582 required=418
[17:55:17] [Server thread/INFO] [minecraft/GameTestServer]: [++++++++++++++++++++++++++++++++++++++++++++++++++++++++++++++++++++++++++++++++++++++++++++++++++++++++++++++++++++++++++++++++++++++++++++++++++++++++++++++++++++++++++++++++++++++++++++++++++++++++++++++++++++++++++++++++++++++++++++++++++++++++++++++++++++++++++++++++++++++++++++++_   ]
[17:55:17] [Server thread/INFO] [minecraft/GameTestServer]: [++++++++++++++++++++++++++++++++++++++++++++++++++++++++++++++++++++++++++++++++++++++++++++++++++++++++++++++++++++++++++++++++++++++++++++++++++++++++++++++++++++++++++++++++++++++++++++++++++++++++++++++++++++++++++++++++++++++++++++++++++++++++++++++++++++++++++++++++++++++++++++++_   ]
[17:55:17] [Server thread/INFO] [minecraft/GameTestServer]: [++++++++++++++++++++++++++++++++++++++++++++++++++++++++++++++++++++++++++++++++++++++++++++++++++++++++++++++++++++++++++++++++++++++++++++++++++++++++++++++++++++++++++++++++++++++++++++++++++++++++++++++++++++++++++++++++++++++++++++++++++++++++++++++++++++++++++++++++++++++++++++++_   ]
[17:55:18] [Server thread/INFO] [minecraft/GameTestServer]: [++++++++++++++++++++++++++++++++++++++++++++++++++++++++++++++++++++++++++++++++++++++++++++++++++++++++++++++++++++++++++++++++++++++++++++++++++++++++++++++++++++++++++++++++++++++++++++++++++++++++++++++++++++++++++++++++++++++++++++++++++++++++++++++++++++++++++++++++++++++++++++++_   ]
[17:55:18] [Server thread/INFO] [io.gi.su.ad.AdvancedRocketryCommunity/]: ARCE_TRANSFER_PHASE transfer=cfb5aaf1-d8bf-4117-b051-3708c2b387dd logical=1f9e6db2-a0fd-471f-81e2-7c9a219abc17 phase=PREPARED event=ascent_complete entity=9a2f63dc-9b7d-4642-a40a-0f0e95e595e8 fuel_before=1000 fuel_after=582 required=418
[17:55:18] [Server thread/INFO] [minecraft/GameTestServer]: [++++++++++++++++++++++++++++++++++++++++++++++++++++++++++++++++++++++++++++++++++++++++++++++++++++++++++++++++++++++++++++++++++++++++++++++++++++++++++++++++++++++++++++++++++++++++++++++++++++++++++++++++++++++++++++++++++++++++++++++++++++++++++++++++++++++++++++++++++++++++++++++_   ]
[17:55:18] [Server thread/WARN] [io.gi.su.ad.AdvancedRocketryCommunity/]: ARCE_TRANSFER_RETURNED_TO_SOURCE transfer=cfb5aaf1-d8bf-4117-b051-3708c2b387dd logical=1f9e6db2-a0fd-471f-81e2-7c9a219abc17 reason=destination_pad_blocked fuel=1000
[17:55:18] [Server thread/INFO] [minecraft/GameTestServer]: [++++++++++++++++++++++++++++++++++++++++++++++++++++++++++++++++++++++++++++++++++++++++++++++++++++++++++++++++++++++++++++++++++++++++++++++++++++++++++++++++++++++++++++++++++++++++++++++++++++++++++++++++++++++++++++++++++++++++++++++++++++++++++++++++++++++++++++++++++++++++++++++_   ]
[17:55:18] [Server thread/INFO] [minecraft/GameTestServer]: [++++++++++++++++++++++++++++++++++++++++++++++++++++++++++++++++++++++++++++++++++++++++++++++++++++++++++++++++++++++++++++++++++++++++++++++++++++++++++++++++++++++++++++++++++++++++++++++++++++++++++++++++++++++++++++++++++++++++++++++++++++++++++++++++++++++++++++++++++++++++++++++_   ]
[17:55:18] [Server thread/INFO] [io.gi.su.ad.AdvancedRocketryCommunity/]: ARCE_ROCKET_ENTITY_REMOVED entity=9a2f63dc-9b7d-4642-a40a-0f0e95e595e8 reason=DISCARDED operational=true
[17:55:18] [Server thread/INFO] [minecraft/GameTestBatchRunner]: Running test batch 'station_warp_target_removed:1' (1 tests)...
[17:55:18] [Server thread/INFO] [io.gi.su.ad.AdvancedRocketryCommunity/]: ARCE_STATION_TRANSACTION action=creation_committed station=f28b88b6-c206-4ed1-9eea-998208cf0435 owner=10708b57-80ce-4fdb-aa5a-2fa9262d5f02 cell=0,0 region=-256,-256,255,255 inspected=289 changed=289 chunks=4 detail=generated
[17:55:18] [Server thread/INFO] [minecraft/PlayerList]: removedOwner[embedded] logged in with entity id 3543 at (0.5, 60.0, 0.5)
[17:55:18] [Server thread/INFO] [io.gi.su.ad.AdvancedRocketryCommunity/]: Sent 1496-byte celestial snapshot generation 1 to 1 player(s)
[17:55:18] [Server thread/INFO] [minecraft/MinecraftServer]: removedOwner joined the game
[17:55:18] [Server thread/INFO] [io.gi.su.ad.AdvancedRocketryCommunity/]: ARCE_STATION_WARP action=request code=WARP_ISSUED station=f28b88b6-c206-4ed1-9eea-998208cf0435 actor=10708b57-80ce-4fdb-aa5a-2fa9262d5f02 target=advancedrocketrycommunity:tau_ceti_e class=INTERSTELLAR cost=8000000 balance=9000000
[17:55:18] [Server thread/INFO] [io.gi.su.ad.AdvancedRocketryCommunity/]: ARCE_STATION_WARP action=confirm code=WARP_STARTED station=f28b88b6-c206-4ed1-9eea-998208cf0435 actor=10708b57-80ce-4fdb-aa5a-2fa9262d5f02 target=advancedrocketrycommunity:tau_ceti_e class=INTERSTELLAR cost=8000000 balance=9000000
[17:55:18] [Server thread/INFO] [minecraft/GameTestServer]: [+++++++++++++++++++++++++++++++++++++++++++++++++++++++++++++++++++++++++++++++++++++++++++++++++++++++++++++++++++++++++++++++++++++++++++++++++++++++++++++++++++++++++++++++++++++++++++++++++++++++++++++++++++++++++++++++++++++++++++++++++++++++++++++++++++++++++++++++++++++++++++++++_  ]
[17:55:18] [Server thread/INFO] [minecraft/GameTestServer]: [+++++++++++++++++++++++++++++++++++++++++++++++++++++++++++++++++++++++++++++++++++++++++++++++++++++++++++++++++++++++++++++++++++++++++++++++++++++++++++++++++++++++++++++++++++++++++++++++++++++++++++++++++++++++++++++++++++++++++++++++++++++++++++++++++++++++++++++++++++++++++++++++_  ]
[17:55:19] [Server thread/INFO] [minecraft/GameTestServer]: [+++++++++++++++++++++++++++++++++++++++++++++++++++++++++++++++++++++++++++++++++++++++++++++++++++++++++++++++++++++++++++++++++++++++++++++++++++++++++++++++++++++++++++++++++++++++++++++++++++++++++++++++++++++++++++++++++++++++++++++++++++++++++++++++++++++++++++++++++++++++++++++++_  ]
[17:55:19] [Server thread/INFO] [minecraft/GameTestServer]: [+++++++++++++++++++++++++++++++++++++++++++++++++++++++++++++++++++++++++++++++++++++++++++++++++++++++++++++++++++++++++++++++++++++++++++++++++++++++++++++++++++++++++++++++++++++++++++++++++++++++++++++++++++++++++++++++++++++++++++++++++++++++++++++++++++++++++++++++++++++++++++++++_  ]
[17:55:19] [Server thread/INFO] [minecraft/GameTestServer]: [+++++++++++++++++++++++++++++++++++++++++++++++++++++++++++++++++++++++++++++++++++++++++++++++++++++++++++++++++++++++++++++++++++++++++++++++++++++++++++++++++++++++++++++++++++++++++++++++++++++++++++++++++++++++++++++++++++++++++++++++++++++++++++++++++++++++++++++++++++++++++++++++_  ]
[17:55:19] [Server thread/INFO] [minecraft/GameTestServer]: [+++++++++++++++++++++++++++++++++++++++++++++++++++++++++++++++++++++++++++++++++++++++++++++++++++++++++++++++++++++++++++++++++++++++++++++++++++++++++++++++++++++++++++++++++++++++++++++++++++++++++++++++++++++++++++++++++++++++++++++++++++++++++++++++++++++++++++++++++++++++++++++++_  ]
[17:55:19] [Server thread/INFO] [minecraft/GameTestServer]: [+++++++++++++++++++++++++++++++++++++++++++++++++++++++++++++++++++++++++++++++++++++++++++++++++++++++++++++++++++++++++++++++++++++++++++++++++++++++++++++++++++++++++++++++++++++++++++++++++++++++++++++++++++++++++++++++++++++++++++++++++++++++++++++++++++++++++++++++++++++++++++++++_  ]
[17:55:19] [Server thread/INFO] [minecraft/GameTestServer]: [+++++++++++++++++++++++++++++++++++++++++++++++++++++++++++++++++++++++++++++++++++++++++++++++++++++++++++++++++++++++++++++++++++++++++++++++++++++++++++++++++++++++++++++++++++++++++++++++++++++++++++++++++++++++++++++++++++++++++++++++++++++++++++++++++++++++++++++++++++++++++++++++_  ]
[17:55:20] [Server thread/INFO] [minecraft/GameTestServer]: [+++++++++++++++++++++++++++++++++++++++++++++++++++++++++++++++++++++++++++++++++++++++++++++++++++++++++++++++++++++++++++++++++++++++++++++++++++++++++++++++++++++++++++++++++++++++++++++++++++++++++++++++++++++++++++++++++++++++++++++++++++++++++++++++++++++++++++++++++++++++++++++++_  ]
[17:55:20] [Server thread/INFO] [minecraft/GameTestServer]: [+++++++++++++++++++++++++++++++++++++++++++++++++++++++++++++++++++++++++++++++++++++++++++++++++++++++++++++++++++++++++++++++++++++++++++++++++++++++++++++++++++++++++++++++++++++++++++++++++++++++++++++++++++++++++++++++++++++++++++++++++++++++++++++++++++++++++++++++++++++++++++++++_  ]
[17:55:20] [Server thread/INFO] [io.gi.su.ad.AdvancedRocketryCommunity/]: ARCE_STATION_WARP action=commit code=WARP_TARGET_UNAVAILABLE station=f28b88b6-c206-4ed1-9eea-998208cf0435 actor=10708b57-80ce-4fdb-aa5a-2fa9262d5f02 from=advancedrocketrycommunity:earth to=advancedrocketrycommunity:tau_ceti_e class=INTERSTELLAR cost=8000000 balance=0
[17:55:20] [Server thread/WARN] [io.gi.su.ad.AdvancedRocketryCommunity/]: ARCE_STATION_WARP_ENERGY_DROPPED station=f28b88b6-c206-4ed1-9eea-998208cf0435 energy=9000000
[17:55:20] [Server thread/INFO] [minecraft/GameTestBatchRunner]: Running test batch 'satellite_blocked:1' (2 tests)...
[17:55:20] [Server thread/ERROR] [io.gi.su.ad.AdvancedRocketryCommunity/]: Satellite idle launch operation failed
java.lang.IllegalStateException: Satellite registry is blocked by invalid or future data
	at io.github.sunthemoon.advancedrocketrycommunity.satellite.persistence.SatelliteMissionSavedData.requireOperational(SatelliteMissionSavedData.java:390) ~[%23197!/:?] {re:classloading}
	at io.github.sunthemoon.advancedrocketrycommunity.satellite.persistence.SatelliteMissionSavedData.account(SatelliteMissionSavedData.java:342) ~[%23197!/:?] {re:classloading}
	at io.github.sunthemoon.advancedrocketrycommunity.satellite.service.SatelliteKindLifecycle.launchIdle(SatelliteKindLifecycle.java:91) ~[%23197!/:?] {re:classloading}
	at io.github.sunthemoon.advancedrocketrycommunity.satellite.service.SatelliteManager.launch(SatelliteManager.java:205) ~[%23197!/:?] {re:classloading}
	at io.github.sunthemoon.advancedrocketrycommunity.satellite.service.SatelliteRuntime.launch(SatelliteRuntime.java:46) ~[%23197!/:?] {re:classloading}
	at io.github.sunthemoon.advancedrocketrycommunity.satellite.terminal.SatelliteTerminalBlockEntity.launchOrStart(SatelliteTerminalBlockEntity.java:313) ~[%23197!/:?] {re:classloading}
	at io.github.sunthemoon.advancedrocketrycommunity.satellite.terminal.SatelliteTerminalBlockEntity.handleButton(SatelliteTerminalBlockEntity.java:194) ~[%23197!/:?] {re:classloading}
	at io.github.sunthemoon.advancedrocketrycommunity.gametest.SatelliteReviewGameTests.aBlockedRegistryFailsClosedWithoutCrashing(SatelliteReviewGameTests.java:134) ~[%23197!/:?] {re:classloading}
	at jdk.internal.reflect.NativeMethodAccessorImpl.invoke0(Native Method) ~[?:?] {}
	at jdk.internal.reflect.NativeMethodAccessorImpl.invoke(NativeMethodAccessorImpl.java:77) ~[?:?] {}
	at jdk.internal.reflect.DelegatingMethodAccessorImpl.invoke(DelegatingMethodAccessorImpl.java:43) ~[?:?] {}
	at java.lang.reflect.Method.invoke(Method.java:568) ~[?:?] {}
	at net.minecraft.gametest.framework.GameTestRegistry.lambda$turnMethodIntoConsumer$3(GameTestRegistry.java:146) ~[forge-1.20.1-47.4.10_mapped_official_1.20.1.jar%23191!/:?] {re:classloading}
	at net.minecraft.gametest.framework.TestFunction.run(TestFunction.java:45) ~[forge-1.20.1-47.4.10_mapped_official_1.20.1.jar%23191!/:?] {re:classloading}
	at net.minecraft.gametest.framework.GameTestInfo.startTest(GameTestInfo.java:126) ~[forge-1.20.1-47.4.10_mapped_official_1.20.1.jar%23191!/:?] {re:classloading}
	at net.minecraft.gametest.framework.GameTestInfo.tickInternal(GameTestInfo.java:90) ~[forge-1.20.1-47.4.10_mapped_official_1.20.1.jar%23191!/:?] {re:classloading}
	at net.minecraft.gametest.framework.GameTestInfo.tick(GameTestInfo.java:73) ~[forge-1.20.1-47.4.10_mapped_official_1.20.1.jar%23191!/:?] {re:classloading}
	at java.util.concurrent.CopyOnWriteArrayList.forEach(CopyOnWriteArrayList.java:807) ~[?:?] {}
	at net.minecraft.gametest.framework.GameTestTicker.tick(GameTestTicker.java:20) ~[forge-1.20.1-47.4.10_mapped_official_1.20.1.jar%23191!/:?] {re:classloading}
	at net.minecraft.server.MinecraftServer.tickChildren(MinecraftServer.java:911) ~[forge-1.20.1-47.4.10_mapped_official_1.20.1.jar%23191!/:?] {re:classloading,pl:accesstransformer:B}
	at net.minecraft.server.MinecraftServer.tickServer(MinecraftServer.java:814) ~[forge-1.20.1-47.4.10_mapped_official_1.20.1.jar%23191!/:?] {re:classloading,pl:accesstransformer:B}
	at net.minecraft.gametest.framework.GameTestServer.tickServer(GameTestServer.java:119) ~[forge-1.20.1-47.4.10_mapped_official_1.20.1.jar%23191!/:?] {re:classloading,pl:accesstransformer:B}
	at net.minecraft.server.MinecraftServer.runServer(MinecraftServer.java:661) ~[forge-1.20.1-47.4.10_mapped_official_1.20.1.jar%23191!/:?] {re:classloading,pl:accesstransformer:B}
	at net.minecraft.server.MinecraftServer.lambda$spin$2(MinecraftServer.java:251) ~[forge-1.20.1-47.4.10_mapped_official_1.20.1.jar%23191!/:?] {re:classloading,pl:accesstransformer:B}
	at java.lang.Thread.run(Thread.java:833) ~[?:?] {}
[17:55:20] [Server thread/INFO] [minecraft/GameTestServer]: [++++++++++++++++++++++++++++++++++++++++++++++++++++++++++++++++++++++++++++++++++++++++++++++++++++++++++++++++++++++++++++++++++++++++++++++++++++++++++++++++++++++++++++++++++++++++++++++++++++++++++++++++++++++++++++++++++++++++++++++++++++++++++++++++++++++++++++++++++++++++++++++++__]
[17:55:20] [Server thread/WARN] [io.gi.su.ad.AdvancedRocketryCommunity/]: ARCE_SATELLITE_RECEIVER_RELEASE_SKIPPED receiver=bcfd8849-6cd9-4ddf-b586-613c9b2f1f2f reason=registry_blocked
[17:55:20] [Server thread/INFO] [minecraft/GameTestServer]: [++++++++++++++++++++++++++++++++++++++++++++++++++++++++++++++++++++++++++++++++++++++++++++++++++++++++++++++++++++++++++++++++++++++++++++++++++++++++++++++++++++++++++++++++++++++++++++++++++++++++++++++++++++++++++++++++++++++++++++++++++++++++++++++++++++++++++++++++++++++++++++++++++]
[17:55:20] [Server thread/INFO] [minecraft/GameTestServer]: ========= 290 GAME TESTS COMPLETE ======================
[17:55:20] [Server thread/INFO] [minecraft/GameTestServer]: All 290 required tests passed :)
[17:55:20] [Server thread/INFO] [minecraft/GameTestServer]: ====================================================
[17:55:20] [Server thread/INFO] [io.gi.su.ar.EnvironmentQueryFixture/]: Environment query handle expired at server stopping
[17:55:20] [Server thread/INFO] [minecraft/MinecraftServer]: Stopping server
[17:55:20] [Server thread/INFO] [minecraft/MinecraftServer]: Saving players
[17:55:20] [Server thread/INFO] [minecraft/MinecraftServer]: Saving worlds
[17:55:21] [Server thread/INFO] [minecraft/MinecraftServer]: Saving chunks for level 'ServerLevel[world]'/minecraft:overworld
[17:55:22] [Server thread/INFO] [minecraft/MinecraftServer]: Saving chunks for level 'ServerLevel[world]'/minecraft:the_end
[17:55:22] [Server thread/INFO] [minecraft/MinecraftServer]: Saving chunks for level 'ServerLevel[world]'/advancedrocketrycommunity:mars
[17:55:22] [Server thread/INFO] [minecraft/MinecraftServer]: Saving chunks for level 'ServerLevel[world]'/advancedrocketrycommunity:space
[17:55:22] [Server thread/INFO] [minecraft/MinecraftServer]: Saving chunks for level 'ServerLevel[world]'/advancedrocketrycommunity:moon
[17:55:22] [Server thread/INFO] [minecraft/MinecraftServer]: Saving chunks for level 'ServerLevel[world]'/minecraft:the_nether
[17:55:22] [Server thread/INFO] [minecraft/MinecraftServer]: Saving chunks for level 'ServerLevel[world]'/advancedrocketrycommunity:venus
[17:55:22] [Server thread/INFO] [minecraft/MinecraftServer]: ThreadedAnvilChunkStorage (world): All chunks are saved
[17:55:22] [Server thread/INFO] [minecraft/MinecraftServer]: ThreadedAnvilChunkStorage (DIM1): All chunks are saved
[17:55:22] [Server thread/INFO] [minecraft/MinecraftServer]: ThreadedAnvilChunkStorage (mars): All chunks are saved
[17:55:22] [Server thread/INFO] [minecraft/MinecraftServer]: ThreadedAnvilChunkStorage (space): All chunks are saved
[17:55:22] [Server thread/INFO] [minecraft/MinecraftServer]: ThreadedAnvilChunkStorage (moon): All chunks are saved
[17:55:22] [Server thread/INFO] [minecraft/MinecraftServer]: ThreadedAnvilChunkStorage (DIM-1): All chunks are saved
[17:55:22] [Server thread/INFO] [minecraft/MinecraftServer]: ThreadedAnvilChunkStorage (venus): All chunks are saved
[17:55:22] [Server thread/INFO] [minecraft/MinecraftServer]: ThreadedAnvilChunkStorage: All dimensions are saved
[17:55:23] [Server thread/INFO] [minecraft/GameTestServer]: Game test server shutting down

Deprecated Gradle features were used in this build, making it incompatible with Gradle 9.0.

You can use '--warning-mode all' to show the individual deprecation warnings and determine if they come from your own scripts or plugins.

For more on this, please refer to https://docs.gradle.org/8.8/userguide/command_line_interface.html#sec:command_line_warnings in the Gradle documentation.

BUILD SUCCESSFUL in 5m 25s
27 actionable tasks: 20 executed, 7 from cache
