
MANDATORY/CONTEXT PROJECT-CONFIG.md {'bytes': 3543, 'sha256': '44b2e383e1f57f28ff2f432b5702f854ac32bd0d9b51b53df30b88e6853cf22b'}
# PROJECT-CONFIG — 开工前唯一需要人工确认的项目变量

> 状态：`APPROVED`
>
> 使用方法：第一次交给 Codex 前，确认本页；后续代码、文档、构建脚本、发布名均以本页为准。任何身份变量变更都必须同步更新 `README.md`、`NOTICE.md`、`mods.toml`、Maven 坐标和资源命名空间。

## 1. 推荐默认值

| 变量 | 推荐值 | 说明 |
|---|---|---|
| GitHub owner | `sunthemoon` | 可替换为个人账号或新组织 |
| repository | `AdvancedRocketry-Community` | 新建独立仓库，不默认使用 GitHub Fork |
| display name | `Advanced Rocketry: Community Edition` | 暂定公开显示名 |
| short name | `ARCE` | 文档与日志缩写 |
| Minecraft | `1.20.1` | 唯一首发目标 |
| loader | `Forge` | 不同时维护 Fabric/NeoForge |
| Java | `17` | Forge 1.20.1 开发基线 |
| Forge baseline | `47.4.10` | 推荐版本，作为可复现开发/发布基线 |
| Forge latest CI lane | `47.4.23` | 仅作为兼容性测试通道，不自动替换基线 |
| mod id | `advancedrocketrycommunity` | 避免在未沟通前直接占用原项目 `advancedrocketry` |
| legacy namespace | `advancedrocketry` | 只用于审计与资源映射，不直接作为新注册命名空间 |
| Maven group | `io.github.sunthemoon.advancedrocketrycommunity` | GitHub owner 变化时同步修改 |
| Java package root | `io.github.sunthemoon.advancedrocketrycommunity` | 禁止继续使用原 `zmaster587.*` 包名 |
| artifact id | `advancedrocketry-community` | 生成 JAR 的基础名 |
| code license | `MIT` | 保留原项目 MIT 声明，并对新增代码采用 MIT |
| default branch | `main` | 受保护分支 |
| release version format | `1.20.1-<semver>` | 例如 `1.20.1-0.6.0-alpha.1` |

## 2. 必须人工决定的两项

### 2.1 是否继续使用 “Advanced Rocketry” 名称

默认方案允许使用，但必须：

- 明确标注 **非官方社区续作/重写**；
- 不使用原项目作者或 Mojang/Microsoft/Forge 的官方身份暗示；
- 不把问题提交到原仓库；
- 若原作者提出合理的名称或品牌异议，准备更名；
- 在 `NOTICE.md`、README 顶部、发布页和模组描述中重复非官方声明。

更保守方案是另起主品牌，例如 `Rocketry Reignited`，并在副标题中写 “inspired by Advanced Rocketry”。选择更保守方案时，应在 `v0.0.1` 完成前一次性修改本页。

### 2.2 是否沿用原 `advancedrocketry` mod id

默认：**不沿用**。

原因：

- 防止与未来官方版本或其他社区版直接冲突；
- 避免玩家误认官方；
- 迫使迁移脚本显式记录资源转换，而不是悄悄复用；
- 1.20.1 没有需要直接加载的原版世界，因此短期兼容收益较低。

只有在原维护者明确同意、并完成冲突评估后，才可通过 ADR 改为原 mod id。

## 3. 版本兼容承诺

| 阶段 | 世界存档承诺 |
|---|---|
| `v0.0.x–v0.4.x` | 测试世界可随时废弃 |
| `v0.5.x–v0.8.x` | 尽量迁移，但允许在发布说明中声明一次性重置 |
| `v0.9.x` | 同一 Beta 主版本间必须提供迁移或明确阻止加载 |
| `v1.0.0+` | 1.x 内不得无迁移破坏存档；所有持久化对象必须带 schema 版本 |

## 4. 配置确认记录

在首次提交前，将以下内容改为实际值：

```yaml
reviewed_by: "<GitHub 用户名>"
reviewed_at: "YYYY-MM-DD"
identity_status: "APPROVED"
```

当前值：

```yaml
reviewed_by: "sunthemoon"
reviewed_at: "2026-08-26"
identity_status: "APPROVED"
```


MANDATORY/CONTEXT PRODUCT.md {'bytes': 4325, 'sha256': '0afbb33a772ddaa60e654e2a55e7832ad2e1528eb1a5273b257cef4bb734e090'}
# PRODUCT.md — Advanced Rocketry: Community Edition

## 一句话说明

一个面向 Minecraft 1.20.1 Forge 的非官方 Advanced Rocketry 社区重写：优先恢复“由方块建造真实火箭、解决生命保障、往返行星与空间站”的核心体验，再逐步恢复卫星、研究和高级太空工业。

## 为什么不做逐行移植

Minecraft 1.12.2 到 1.20.1 跨越了注册、维度、世界数据、网络、BlockEntity、渲染、配方和资源体系的多轮重构。原项目还将火箭、动态维度、大气扫描、多方块机器和 LibVulpes 深度耦合。

逐行修编译错误很容易得到：

- 能进游戏，但服务器状态不可靠；
- 单人可用，多人复制或丢失；
- 火箭跨维度后乘客卡死；
- 密闭扫描造成 tick 卡顿；
- 存档结构无法演进；
- 一次修改会波及大量旧抽象。

因此本项目把 1.12.2 版本视为 **行为、数值和资产基线**，而不是目标架构。

## v1.0.0 核心体验

玩家能够：

1. 制作核心材料和少量必要机器；
2. 建造生命保障设备与基础宇航服；
3. 使用真实方块组装火箭；
4. 为火箭加注燃料并选择目的地；
5. 从地球发射；
6. 在月球着陆并活动；
7. 返回地球；
8. 建立一座基础空间站；
9. 在服务器重启、玩家掉线和区块卸载后继续使用；
10. 全程不存在已知的方块、库存或火箭复制漏洞。

## 首版不追求的内容

以下内容不进入 v1.0 核心闭环；部分按后续版本恢复，其余保持研究或非目标，
不表示承诺全部实现：

- 任意运行时动态创建新维度；
- 完整旧科技树和全部机器；
- 黑洞、地球化、空间电梯；
- 跃迁到多恒星系统；
- 轨道激光、轨道炮、铁路炮；
- 完整小行星手动/自动采矿；
- 与 IC2、Galacticraft 等旧模组的兼容；
- 直接加载 1.12.2 世界；
- Fabric/NeoForge 多加载器支持。

## 产品原则

### 1. 核心闭环优先

先保证地球—月球往返可靠，再扩大内容。

### 2. 服务端权威

客户端表达意图，服务端判定结果。火箭、燃料、库存、大气、目的地和权限都不得由客户端最终决定。

### 3. 数据可演进

天体、配方和内容定义数据驱动；世界运行状态有 schema 版本和迁移链。

### 4. 可解释失败

火箭不能组装、房间不能密闭、机器不能运行时，应给玩家明确原因，而不是无响应或只写日志。

### 5. 有边界的自由建造

允许玩家使用大量普通方块造火箭，但第三方 BlockEntity、超大结构、危险方块和超大 NBT 必须有安全策略。

### 6. 性能预算是功能的一部分

密闭扫描、火箭扫描、实体渲染、网络同步和卫星任务都必须设置上限，不接受“以后再优化”。

### 7. 社区续作不冒充官方

公开页面必须说明来源、授权和非官方身份；不要让原作者承担本项目的问题支持。

## 版本路线

| 版本 | 玩家可见成果 |
|---|---|
| `v0.0.1` | 仓库、授权、声明与贡献规则成立 |
| `v0.0.2` | Forge 1.20.1 空模组可构建、可启动、可在 CI 测试 |
| `v0.1.0` | 基础资产、注册、数据生成和来源清单成立 |
| `v0.2.0` | 一台完整机器形成现代 Forge 垂直切片 |
| `v0.3.0` | 地球、月球、空间的天体数据与固定维度成立 |
| `v0.4.0` | 真空、宇航服、氧气与密闭房间可用 |
| `v0.5.0` | 方块火箭可组装、实体化和原地安全拆解 |
| `v0.6.0` | 完成可靠的地球—月球往返 |
| `v0.7.0` | 基础空间站和权限成立 |
| `v0.8.0` | 基础研究与卫星闭环成立 |
| `v0.9.0` | Beta 稳定性、性能和兼容性达标 |
| `v1.0.0` | 社区 MVP 正式发布 |
| `v1.1.0–v1.3.0` | 旅行、机器/多方块、公共 API 扩展内核 |
| `v1.4.0–v1.8.0` | 多天体、轨道跃迁、资源任务、终局与经典内容恢复 |
| `v1.9.0` | 功能对等 Beta 稳定化 |
| `v2.0.0` | 经典功能对等稳定版 |

完整安排见 [v1.0 后路线](docs/16-POST-1.0-VERSION-ROADMAP.md)。
“功能对等”依据逐项玩家行为和现代重设计验收，不是复刻旧结构、旧漏洞、
二进制兼容或直接加载 1.12.2 世界。规划未通过 Gate 前不属于已交付能力。


MANDATORY/CONTEXT docs/01-PORTING-PRINCIPLES.md {'bytes': 4619, 'sha256': 'a1ff595bdcc85335ef6124c4ca4d640d318d5fd8ca69af8c57d842186e629984'}
# 01 — Porting Principles / 搬运与重写原则

## 1. 项目定义

本项目不是“把 Advanced Rocketry 1.12.2 修到 1.20.1 能编译”，而是：

> 以原版的玩家行为、数值和经审计资产为基线，在 Forge 1.20.1 上重新建立可测试、服务端权威、可迁移存档的实现。

## 2. 信息优先级

发生冲突时按以下顺序判断：

1. 当前版本文档中的验收标准；
2. 已批准 ADR；
3. `PRODUCT.md` 的核心体验；
4. 原版 1.12.2 的可复现玩家行为；
5. 原版代码实现细节；
6. 社区记忆、Wiki 或视频说明。

旧代码不是天然正确答案。旧版已有 bug、隐式状态和时代 API 限制，不应原样固化。

## 3. 上游内容的三种使用方式

### 3.1 Behavior reference / 行为参考

观察原版并记录：

- 玩家操作步骤；
- 成功和失败反馈；
- 数值；
- 多人行为；
- 保存和重载结果；
- 已知 bug。

这类信息进入 `PORTING_MATRIX.md` 和测试用例。

### 3.2 Algorithm reference / 算法参考

可以参考：

- 推力与质量计算；
- 天体关系；
- 密闭空间判定意图；
- 火箭结构统计；
- 轨道或任务时间计算。

新实现必须拆分职责、加边界和测试，不得因为算法来自上游就跳过验证。

### 3.3 Asset import / 资产导入

纹理、模型、声音、语言和数据必须经过：

```text
来源确认 → 许可证确认 → 哈希记录 → 路径转换 → 引用校验 → 人工视觉检查
```

## 4. 功能分层

### Tier 0 — 工程和法律基线

- 许可证、来源和公开声明；
- 构建、注册、CI、数据生成；
- 测试框架和发布门槛。

### Tier 1 — v1.0 核心闭环

- 必要机器；
- 天体定义；
- 月球和空间；
- 真空、宇航服、供氧、密闭房间；
- 方块火箭组装；
- 地月往返；
- 基础空间站；
- 基础研究与卫星。

### Tier 2 — v1.x 扩展

- 更多机器、卫星和任务；
- 多天体系统；
- 小行星采矿；
- 轨道能源；
- 高级推进；
- 数据包扩展能力。

### Tier 3 — 长期/实验

- 运行时任意动态维度；
- 地球化；
- 跃迁；
- 黑洞；
- 空间电梯；
- 高风险跨模组移动方块实体。

## 5. 现代化必须发生在哪里

| 旧模式 | 新模式 |
|---|---|
| 整数维度 ID | `ResourceKey<Level>` / `ResourceLocation` |
| 静态全局世界状态 | 每世界服务 + `SavedData` |
| 巨型 `EntityRocket` | 结构、统计、状态机、传输、渲染拆分 |
| 客户端直接改变机器/火箭 | C2S 请求 + 服务端验证 |
| 一次性 flood fill | dirty 队列 + 每 tick 预算 |
| 复制任意 BlockEntity NBT | 白名单/适配器 + 大小限制 + 事务 |
| 全部 LibVulpes 抽象 | 当前切片所需的最小内部基础设施 |
| 运行时注册任意维度 | 固定维度 + 数据驱动逻辑天体 |
| 网络同步整个对象 | 版本化最小快照、增量或分块同步 |
| 手工维护所有 JSON | DataGen + 引用审计 |

## 6. 垂直切片原则

每个版本必须交付完整链路，而不是只堆底层类。

例如 `v0.2.0` 的机器切片必须同时包含：

```text
注册
→ 方块/BlockEntity
→ 能量/物品/流体
→ 配方
→ 持久化
→ 菜单与屏幕
→ 网络同步
→ DataGen
→ GameTest
→ 专服重载
→ 玩家可理解的错误状态
```

如果只完成其中三项，它仍是内部实验，不是该版本完成。

## 7. Definition of Done

一个功能只有同时满足以下条件才算完成：

- 行为符合当前版本定义；
- 服务端是最终权威；
- 数据大小和世界扫描有边界；
- 关键数据可保存、重载和迁移；
- 自动测试覆盖成功与失败路径；
- 专服测试通过；
- 人工流程可复现；
- 日志没有新的项目来源 ERROR；
- 相关资产有来源记录；
- 文档、配置和已知限制已更新；
- 生成了版本验收证据。

## 8. 不接受的“完成证明”

- “IDE 没有红线”；
- “客户端能启动”；
- “我手动试过一次”；
- “旧版就是这样写的”；
- “单人模式没问题”；
- “以后再补测试”；
- “失败时不会常见”；
- “Codex 说实现完成”。

## 9. 重大决定使用 ADR

以下变更必须写 ADR：

- 改用原 `advancedrocketry` mod id；
- 引入新的基础库或外部内容依赖；
- 支持动态维度；
- 移动第三方 BlockEntity；
- 修改存档兼容承诺；
- 使用 Access Transformer 或字节码技术；
- 改变网络协议兼容策略；
- 放宽安全上限；
- 推迟当前版本 Required Gate。


MANDATORY/CONTEXT docs/04-VERSION-ROADMAP.md {'bytes': 5260, 'sha256': 'd3fd1539581db13cc807c613cf333f5c34aa75d6627dafd50bfb66d079ce2ab3'}
# 04 — Version Roadmap / 版本路线

## 1. 版本格式

构建版本：

```text
1.20.1-<semantic-version>
```

示例：

```text
1.20.1-0.5.0-alpha.1
1.20.1-0.9.0-beta.2
1.20.1-1.0.0
```

Git tag：

```text
v0.5.0-alpha.1
v1.0.0
```

## 2. 阶段定义

| 阶段 | 版本 | 公开定位 |
|---|---|---|
| Planning | `v0.0.1` | 文档和治理 |
| Technical bootstrap | `v0.0.2–v0.2.0` | 开发者预览 |
| Core systems alpha | `v0.3.0–v0.5.0` | 不承诺长期世界 |
| Playable alpha | `v0.6.0–v0.8.0` | 可测试核心玩法 |
| Beta | `v0.9.0` | 稳定性和兼容性 |
| Stable MVP | `v1.0.0` | 正式社区版 |
| Expansion kernels | `v1.1.0–v1.3.0` | 旅行、机器和公共 API 扩展基础 |
| Classic content | `v1.4.0–v1.8.0` | 多天体、轨道、任务与经典内容恢复 |
| Parity Beta | `v1.9.0` | 完整内容稳定化 |
| Classic feature parity | `v2.0.0` | 经典功能对等稳定版 |

## 3. 里程碑总览

| 版本 | 核心交付 | Required Gate |
|---|---|---|
| `v0.0.1` | 仓库、许可证、声明、贡献流程、上游边界 | Legal / Governance |
| `v0.0.2` | Forge 1.20.1 + Java 17 可复现构建和 CI | Build / Dedicated smoke |
| `v0.1.0` | 资产审计、注册、DataGen、最小内容 | Provenance / Asset validation |
| `v0.2.0` | 一台完整机器垂直切片 | Unit / GameTest / Persistence |
| `v0.3.0` | 天体模型、月球与空间固定维度、XML 导入 | Codec / World reload / Dedicated |
| `v0.4.0` | 真空、宇航服、氧气、预算化密闭扫描 | GameTest / Performance / Multiplayer |
| `v0.5.0` | 火箭结构、统计、事务组装与安全拆解 | Rollback / Duplication / Limits |
| `v0.6.0` | 燃料、飞行状态机、地月往返与崩服恢复 | 20 trips / Restart matrix / Security |
| `v0.7.0` | 共享空间维度中的基础空间站 | Ownership / Region allocation / Reload |
| `v0.8.0` | 基础研究、数据卫星、离线任务 | No forced chunks / Persistence |
| `v0.9.0` | Beta 稳定化、性能、兼容和迁移 | Soak / Compatibility / No critical bugs |
| `v1.0.0` | Stable Core MVP：功能冻结、真实多人/GPU、迁移恢复、可重现发布 | G0–G9 |
| `v1.1.0` | Expansion Kernel：TravelTarget、数据路线、BodyContext | G0–G9；旧世界升级、多轨道定位 |
| `v1.2.0` | Machine & Multiblock Kernel：过程、端口、三种代表机器 | G0–G9；资源守恒、旋转/卸载/重启 |
| `v1.3.0` | Public API & Compatibility：适配器、扩展契约、测试模组 | G0–G9；API 边界与第三方恢复 |
| `v1.4.0` | Planetary Expansion：多天体、环境、星图和天空 | G0–G9；数据重载、多 GPU |
| `v1.5.0` | Orbital / Station / Warp：多轨道、多恒星、跃迁事务 | G0–G9；权限、阶段恢复 |
| `v1.6.0` | Satellites / Resource Missions：卫星、小行星和气体任务 | G0–G9；500 任务、幂等奖励 |
| `v1.7.0` | Endgame Systems：轨道激光、黑洞、重力、空间电梯 | G0–G9；逐系统威胁模型与预算 |
| `v1.8.0` | Classic Content Completion：机器、资产、科技树和矩阵 | G0–G9；来源批次与内容可达性 |
| `v1.9.0` | Feature-Parity Beta：迁移链、模组包、8–12 小时压力 | G0–G9；真实多人、多 GPU、无未决对等项 |
| `v2.0.0` | Classic Feature Parity Stable：功能对等与稳定支持 | G0–G9；完整对等矩阵和可重现发布 |

v1.0 是稳定核心，不表示完整旧版移植。详细依赖与对等判定见
[`16-POST-1.0-VERSION-ROADMAP.md`](16-POST-1.0-VERSION-ROADMAP.md)，
全部版本文件见[文档索引](../DOCUMENT-INDEX.md)。加入规划不会推进版本状态。

## 4. 强制顺序

```text
v0.0.1
  ↓
v0.0.2
  ↓
v0.1.0
  ↓
v0.2.0
  ↓
v0.3.0
  ↓
v0.4.0
  ↓
v0.5.0
  ↓
v0.6.0
  ↓
v0.7.0
  ↓
v0.8.0
  ↓
v0.9.0
  ↓
v1.0.0
  ↓
v1.1.0 → v1.2.0 → v1.3.0 → v1.4.0 → v1.5.0
  → v1.6.0 → v1.7.0 → v1.8.0 → v1.9.0 → v2.0.0
```

允许同一版本拆多个 PR，但不允许后续系统在前置 Gate 未通过时成为主线功能。

版本顺序是集成和验收顺序，同一版本的独立任务可以并行。后续版本的只读
研究和测试设计可以提前；功能实现仍遵守 AGENTS 的当前版本限制。
worktree、写入所有权和独立审核见
[`14-PARALLEL-DEVELOPMENT-AND-WORKTREE-COORDINATION.md`](14-PARALLEL-DEVELOPMENT-AND-WORKTREE-COORDINATION.md)。

## 5. 版本状态

每个版本只能处于：

```text
PLANNED
IN_PROGRESS
BLOCKED
READY_FOR_AUDIT
PASSED
RELEASED
```

Codex 可以把版本推进到 `READY_FOR_AUDIT`，不能自行标记 `PASSED` 或 `RELEASED`。

## 6. 通过记录

建议建立：

```text
docs/status/CURRENT_VERSION.md
docs/status/GATE_STATUS.md
docs/releases/<version>/
├─ RELEASE-EVIDENCE.md
├─ TEST-REPORT.md
├─ MANUAL-TEST.md
├─ PERFORMANCE.md
├─ KNOWN-ISSUES.md
└─ checksums.txt
```

## 7. 版本回退

若已发布版本出现：

- 可稳定复制；
- 存档破坏；
- 任意区块加载；
- 远程崩服；
- 火箭或乘客不可恢复丢失；

应：

1. 标记 release 为有问题；
2. 暂停下载推荐；
3. 新增回归测试；
4. 在同一里程碑发补丁；
5. 不通过删除验证或临时吞异常“修复”。


MANDATORY/CONTEXT docs/versions/V1.8.0-CLASSIC-CONTENT-COMPLETION.md {'bytes': 8905, 'sha256': '902b0e65585f47c4e4beec39f365c5046346799a2e77dee276ebaa58e433b051'}
# v1.8.0 — Classic Content Completion


> 平台：Minecraft 1.20.1 / Forge / Java 17
> 版本策略：实现、审核和人工批准分离
> 适用规约：`AGENTS.md`、`docs/05-MASTER-TEST-PLAN.md`、`docs/06-RELEASE-AND-ACCEPTANCE-GATES.md`、`docs/14-PARALLEL-DEVELOPMENT-AND-WORKTREE-COORDINATION.md`、`docs/17-V1PLUS-QUALITY-BUDGETS.md`


## 1. 版本目标

在扩展内核稳定后，按来源批次系统性恢复经典机器、物品、护甲、配方、模型、声音和进度，使功能矩阵从“核心闭环”走向“经典内容基本完整”。

### 玩家可见结果

- 获得接近经典版广度的科技树、机器、装备和资产。
- 配方、JEI、研究和教程形成可理解的进阶路径。
- 旧版标志性模型和声音在来源清晰的前提下恢复。

## 2. 前置 Gate

- [ ] `v1.2` machine/multiblock PASSED。
- [ ] `v1.3` compatibility PASSED。
- [ ] `v1.7.0` PASSED，主要系统 contracts 已冻结。
- [ ] 上游代码/资产清单更新到逐项可决策。

前置版本未 `PASSED` 时，本版本只允许只读审计、测试设计和数据样例，不提前实现功能。独立 worktree 不豁免 AGENTS 的版本范围限制。

已接受的开发顺序例外单独记录在 [ADR-060](../decisions/ADR-060-V180-DEVELOPMENT-BASELINE-EXCEPTION.md)，
不勾选上述发布前置 Gate。逐项可决策的上游清单与处置由已接受的
[ADR-061](../decisions/ADR-061-CLASSIC-CONTENT-IDENTITY-IMPORT-AND-VALIDATION.md)（身份、导入与校验）、
[ADR-062](../decisions/ADR-062-CLASSIC-CONTENT-DISPOSITIONS-AND-BATCHES.md)（逐项处置与批次）和
[ADR-063](../decisions/ADR-063-MATERIALS-ORES-AND-PLANETARY-SURFACES.md)（C15 批次）冻结；逐项覆盖见
[契约覆盖表](../work/v1.8.0-contract-coverage.md)，任务与实跑证据见
[v1.8 实施日志](../work/v1.8.0-implementation-log.md)。准备阶段不代表新运行时已实现。

## 3. 本版范围

- 分批迁移剩余经典机器和多方块。
- 物品、护甲、组件、工具、配方和进度。
- OBJ/JSON 模型、纹理、GUI、声音和语言。
- 研究/科技树和平衡闭环。
- 每批 provenance、hash、license 和转换记录。
- PORTING_MATRIX 逐项关闭。
- 缺失/重设计/拒绝项目的 ADR。

## 4. 明确不做

- 不以“一次复制所有 assets”代替迁移。
- 不导入来源不清或许可证不兼容的社区资源。
- 不要求旧 ID/配方数值全部一模一样。
- 不默认提供 1.12.2 世界直接升级。

任何非目标若要提前，必须单独 ADR，明确存档、网络、兼容、安全和回退影响。

## 5. 本版待冻结契约

- 所有内容使用稳定 namespace/registry ID。
- 每批资源有来源 manifest。
- 机器必须使用 v1.2 framework 或有例外 ADR。
- 内容数据可由 DataGen/validator 校验。
- 科技树没有不可达节点或循环硬锁。

契约冻结后，下游任务只能通过变更提案请求调整，不能在各自 worktree 中自行改变公共语义。

## 6. 详细实施顺序

1. 将旧清单按系统/资产/许可证/依赖/优先级重新分类。
2. 建立 migration batches，每批规模可独立审核和回退。
3. 先恢复形成科技链缺口的机器和组件。
4. 每台机器补配方、JEI、保存、GameTest 和视觉。
5. 逐批转换模型/语言/配方/声音。
6. 建立科技树可达性和配方图分析。
7. 更新 PORTING_MATRIX 和玩家文档。
8. 对拒绝/重设计项写 ADR。
9. 进行整包启动、DataGen、资源引用和重复 ID 校验。
10. 完成内容回归世界和多人测试。

## 7. 可并行工作流

| 工作流 | 允许写入 | 依赖/说明 |
|---|---|---|
| Content batch A/B/C | 各自独立 package/assets | 来源不重叠 |
| Recipe graph | data/tools | 可并行 |
| Asset conversion | quarantine→assets | 独立审核 |
| Machine migration | 各机器任务 | 框架已冻结 |
| Docs/tutorial | docs/lang | 可并行 |
| Matrix/provenance audit | ledger/matrix | 只读+审核 |

中央注册、版本、网络总入口、Gradle、`mods.toml` 和状态文件由集成任务独占。

## 8. 存档、网络与数据迁移

- 新增/重命名 registry 有 Missing Mapping 计划。
- 移除内容前扫描代表世界。
- 旧 placeholder item/block 迁移到正式 ID。
- 配方变化不自动重写玩家库存。
- 内容包缺失时给出缺失依赖而非静默删除。

## 9. 自动测试

- [ ] 每个 registry ID 唯一。
- [ ] 所有模型/纹理/sound/lang/recipe 引用存在。
- [ ] DataGen deterministic。
- [ ] 科技树/配方图可达性。
- [ ] 每台机器最少 happy/failure/restart tests。
- [ ] 全内容 Dedicated Server sidedness。
- [ ] 资产 provenance completeness。

所有勾选项必须对应实际执行命令、退出码、日志和 commit；测试代码存在不等于测试已通过。

## 10. Dedicated Server、重启与多人测试

- [ ] 代表科技流程从基础到终局。
- [ ] 大量机器共存和区块卸载。
- [ ] 升级世界中的 placeholder/旧 ID。
- [ ] JEI 有/无。
- [ ] 模组组合 smoke matrix。
- [ ] 长时自动化生产无复制。

## 11. 人工与视觉测试

- [ ] 全部新 GUI/模型/纹理/声音抽样和高风险资产全检。
- [ ] OBJ/多方块/护甲在真实 GPU。
- [ ] 语言、GUI scale 和资源重载。
- [ ] 缺失纹理/模型零容忍。
- [ ] 发布候选科技流程录像。

Xvfb/LLVMpipe 只形成 `V0` 视觉冒烟证据。涉及 GUI、天空、模型、粒子或客户端性能时，必须在真实 GPU 客户端形成 `V1`；涉及多人时形成 `V2`。

## 12. 安全与滥用测试

- [ ] 新增机器 packet 按统一政策。
- [ ] 自动化接口不复制。
- [ ] 终局设备权限保持。
- [ ] 配方/数据包超限。
- [ ] 来源清单阻止未审计文件进入 JAR。

## 13. 性能与资源预算

- [ ] 大量方块实体 idle/active 压力。
- [ ] 复杂 OBJ/多方块客户端渲染。
- [ ] 资源包加载时间和内存。
- [ ] 科技树/JEI 大量配方响应。
- [ ] reference modpack server soak。

## 14. 通过确认

版本只有全部满足后，才可由独立审核者标记 `READY_FOR_AUDIT`，再由维护者标记 `PASSED`：

- [ ] PORTING_MATRIX 中经典内容无 UNKNOWN。
- [ ] 约定范围内无 MISSING；DEFERRED/REJECTED 均有 ADR。
- [ ] 所有导入资产来源完整。
- [ ] 完整科技链可达且可玩。
- [ ] 全内容资源/专服/视觉/性能通过。
- [ ] 零 Critical/High。

## 15. 必须归档的证据

- updated PORTING_MATRIX。
- batch provenance manifests。
- recipe graph report。
- full progression report/video。
- asset validation。
- modpack performance/compat report。

推荐目录：

```text
docs/releases/v1.8.0/
```

通用证据文件沿用 `MANUAL-TEST.md`、`PERFORMANCE.md`、`checksums.txt` 和
`GATE-STATUS.md`；新增迁移、视觉、安全等专项报告作为补充，不替代原 G0–G9 证据。

## 16. 推荐 PR 拆分

- 每个来源批次独立 PR。
- 每组 1–3 台相关机器独立 PR。
- 科技树/配方图独立 PR。
- 最终矩阵和内容冻结 PR。
- 候选 hardening/release PR。

每个 PR 均附：范围、非目标、迁移影响、命令实跑结果、证据路径和回退方式。

## 17. 失败与回退

- 资产批次可整批回退。
- registry 删除前必须提供迁移。
- 不稳定机器可临时禁用；发布范围的 DEFERRED 必须有批准 ADR、迁移策略和玩家影响说明。
- 来源争议立即隔离文件，不继续分发。

## 18. Codex 完成报告

```markdown
# v1.8.0 Execution Result

## Scope implemented
## Explicit non-goals preserved
## Contracts changed/frozen
## Files changed
## Save/network/data migration
## Tests added
## Commands actually run
## Test results and failures
## Dedicated/multiplayer results
## Visual environment and evidence
## Performance results
## Security review
## Provenance changes
## Known issues
## Gate status
## Evidence paths
## Rollback readiness
```

## 19. Required Gate 与版本状态

本版本 Required Gate 为 **G0–G9 全部**，具体判定沿用
[发布门槛](../06-RELEASE-AND-ACCEPTANCE-GATES.md)及
[质量预算](../17-V1PLUS-QUALITY-BUDGETS.md)。至少执行：

```bash
./gradlew clean build
./gradlew test
./gradlew runData
git diff --exit-code
./gradlew runGameTestServer
```

专服、迁移恢复、真实客户端、性能和许可证分别验收；本文件的契约与目录是
规划目标，不表示已有实现或冻结批准。平台仍固定为 Minecraft 1.20.1、
Forge 47.4.10（兼容通道 47.4.23）、Java 17。

```yaml
version: v1.8.0
status: IN_PROGRESS
phase: IMPLEMENTING
integration_commit: ""
candidate_commit: ""
jar_sha256: ""
save_schema: ""
network_protocol: ""
required_gates: [G0, G1, G2, G3, G4, G5, G6, G7, G8, G9]
independent_reviewer: ""
human_approved_by: ""
human_approved_at: ""
```


MANDATORY/CONTEXT docs/05-MASTER-TEST-PLAN.md {'bytes': 7695, 'sha256': 'c84e282637842bb55c374949d3787e9459b5273b28d67fd756c05002018dca47'}
# 05 — Master Test Plan / 总测试方案

## 1. 测试层次

| 层次 | 目标 | 是否自动化 |
|---|---|---|
| Pure Java unit | 数值、状态机、验证、迁移 | 是 |
| Codec/NBT round trip | 数据格式完整性 | 是 |
| Forge GameTest | 方块、机器、多方块、房间、火箭 | 是 |
| Data/asset validation | JSON、模型、纹理、来源 | 是 |
| Dedicated server smoke | 物理端隔离、启动、网络 | 尽量自动 |
| Persistence/restart | 保存、重启、恢复 | 半自动/自动 |
| Multiplayer | 并发、权限、掉线 | 半自动 |
| Client visual/manual | GUI、模型、反馈、流程 | 人工 |
| Performance/soak | tick、内存、网络、长时间稳定 | 半自动 |
| Compatibility | Forge 版本、可选模组、最小冲突集 | 半自动 |

### 完整测试的执行时机

按 [ADR-018](decisions/ADR-018-PARITY-FIRST-FULL-ACCEPTANCE-SCHEDULING.md)，
以 `docs/PORTING_MATRIX.md` 为准，全部原有机械和维度完成实现后，再执行
长时间负载、完整远程专服、真实 GPU、双真实客户端及全机械/全维度集成测试。
仅将清单项标记为 `DEFERRED`、`REJECTED`、`MISSING` 或 `UNKNOWN` 不算完成；
单个切片或中间版本完成也不触发这套完整测试。

开发期间仍须完成各切片的短周期构建、定向自动测试，以及新增行为对应的
存档迁移、资源守恒、安全和恢复验证。延期项目不得记为通过；版本发布前
仍须取得对应 Required Gate 的实际证据和人工批准。

## 2. 通用构建命令

每个版本至少：

```bash
./gradlew clean build
./gradlew runData
git diff --exit-code
./gradlew runGameTestServer
```

`runData` 后出现 diff，说明生成内容未提交或生成不稳定，Gate 失败。

`v0.0.1` 尚未建立 Forge/Gradle 工程，以上命令在该版本记录为 `NOT_APPLICABLE`。治理基线改为运行：

```bash
python scripts/validate_repository.py --require-approved-identity
git diff --check
```

自 `v0.0.2` 建立 Gradle Wrapper 后，通用构建命令恢复为必跑项。

## 3. Pure Java 单元测试

优先覆盖：

- 火箭质量、推力、燃料和可达性；
- 飞行状态合法转移；
- 天体父子关系和环检测；
- 轨道/任务时间；
- 数据迁移；
- XML 导入映射；
- 结构限制；
- 权限和范围验证；
- 恢复事务决策。

要求：

- 成功路径；
- 边界值；
- 非法输入；
- 超大输入；
- 缺字段；
- 重复 ID；
- 旧 schema；
- 不可逆状态。

## 4. Codec/NBT 测试

所有持久化对象必须测试：

```text
object → encode → decode → equivalent object
```

以及：

```text
old schema → migration → current schema
```

重点对象：

- `CelestialBodyDefinition`
- `CelestialBodyState`
- `RocketStructureSnapshot`
- `RocketFlightState`
- `RocketTransferJournal`
- `StationState`
- `SatelliteMissionState`

必须测试：

- 缺失字段；
- 未知字段；
- 非法 ResourceLocation；
- 超大列表；
- 损坏 NBT；
- 未来版本；
- 降级加载；
- 默认值。

## 5. GameTest 分类

命名：

```text
<system>_<behavior>_<expected>
```

示例：

```text
machine_valid_recipe_produces_output
machine_restart_preserves_progress
celestial_invalid_parent_rejected
atmosphere_sealed_room_becomes_breathable
atmosphere_open_room_stays_vacuum
rocket_valid_structure_assembles
rocket_failed_spawn_rolls_back
rocket_disassembly_restores_inventory
station_allocator_avoids_overlap
```

每个版本文档列出最低必需测试，不得用一条大测试覆盖全部行为。

## 6. 专用服务端

必须验证：

- 无图形环境启动；
- common 代码不加载客户端类；
- 玩家加入和同步；
- 两玩家同时操作；
- 玩家掉线；
- 区块卸载；
- 世界保存；
- 服务器停止并重启；
- 配置不一致时给出清晰错误；
- 没有可选客户端模组时仍启动。

日志判定：

- 项目来源 `ERROR` 为失败；
- 重复且无法解释的 `WARN` 为失败；
- 已接受警告必须记录到版本 Known Issues。

## 7. 重启矩阵

对持久化功能，在关键状态执行：

```text
save
→ stop server
→ restart
→ assert state
→ continue action
```

火箭 `v0.6.0` 至少在：

```text
ASSEMBLED
FUELED
COUNTDOWN
ASCENT
TRANSIT_PREPARED
DESTINATION_SPAWNED
DESCENT
LANDED
```

分别测试。

## 8. 复制/丢失不变量

操作前后统计：

```text
world blocks
container items
fluid amount
energy where applicable
rocket snapshot contents
passengers
entities
transaction journal
```

除明确消耗（燃料、配方材料）外：

```text
before = after
```

任何“偶尔多一份/少一份”都是阻断级问题。

## 9. 网络与恶意输入

至少测试：

- 远距离请求；
- 未加载区块坐标；
- 不存在对象；
- 错误 BlockEntity 类型；
- 超长字符串；
- 超大列表/NBT；
- 重放请求；
- 状态机不匹配；
- 无权限玩家；
- 高频请求；
- 客户端谎报燃料/质量/目的地。

预期：

- 安全拒绝；
- 不加载区块；
- 不崩服；
- 不修改世界；
- 记录有限且不刷屏的诊断。

## 10. 性能测试

### 大气

- 节点访问受 `maxAtmosphereNodesPerTick` 限制；
- 16 个活跃 vent、每房间不超过 4096 方块时，服务端持续运行；
- 打开墙体后不进行无界同步重扫；
- 未加载区块不被强制加载。

### 火箭

- 最大允许结构的扫描和快照不会冻结服务器到 watchdog；
- 渲染缓存只在结构变化时重建；
- 同步数据分块或压缩，不发送到无关玩家；
- NBT 大小在限制内。

### 空间站/卫星

- 不因任务计时强制加载区块；
- 100 个离线任务不逐 tick 扫描全部世界；
- 区域索引查询有边界。

性能报告必须写明：

- CPU、内存、JVM；
- Forge 和模组版本；
- 测试世界；
- 实体/方块数量；
- 采样时长；
- 平均、P95、最大 tick；
- 分配/GC 观察；
- 结论和预算。

## 11. 人工验收

人工测试不是随意游玩。每个用例必须有：

```text
ID
前置条件
步骤
预期
实际
截图/录像
测试人
日期
构建哈希
```

视觉验收包括：

- 无缺失纹理；
- GUI 缩放正常；
- 错误原因可读；
- 模型方向和碰撞合理；
- 发射/着陆状态可理解；
- 专服两名玩家看到一致状态。

## 12. Forge 版本矩阵

发布基线：

```text
Forge 47.4.10
```

兼容通道：

```text
Forge 47.4.23
```

Gate 规则：

- 基线失败：阻断发布；
- 最新通道失败：必须调查并记录；若是 Forge 回归可暂时标记不支持，但需证据；
- 不在未评估的 Forge 版本上自动改变发布基线。

## 13. 缺陷严重度

| 级别 | 示例 | 发布影响 |
|---|---|---|
| Critical | 复制、存档损坏、远程崩服、火箭永久丢失 | 阻断 |
| High | 核心闭环不可完成、多人状态严重不同步 | 阻断 |
| Medium | 次要机器/GUI 功能异常，有绕过 | Beta 可记录，1.0 通常阻断 |
| Low | 文案、轻微视觉、非核心体验 | 可记录发布 |

## 14. 测试证据不可伪造

v1.0 起还适用 [质量预算](17-V1PLUS-QUALITY-BUDGETS.md)和具体版本的
真实 GPU、双真实客户端、迁移恢复与压力场景。Linux 软件渲染只计 `V0`
补充冒烟，不能替代 `V1/V2`；历史视觉豁免按 ADR 到期，不自动继承。

不接受：

- 未实际运行却填写 PASS；
- 用“理论上可用”代替专服测试；
- 删除失败用例；
- 把断言改为仅打印日志；
- 用无限超时掩盖死锁；
- 用人工修改世界恢复结果；
- 只保留最后一段日志而无构建哈希。


MANDATORY/CONTEXT docs/06-RELEASE-AND-ACCEPTANCE-GATES.md {'bytes': 4069, 'sha256': '872980fc3ed6e264e25a7873c58c6439330ed19d8a7cc96564f9ec99e94890a1'}
# 06 — Release and Acceptance Gates / 发布与验收门槛

## Gate G0 — Identity, License, Provenance

必须：

- `LICENSE` 存在且保留原 `Copyright (c) 2017`；
- `NOTICE.md` 和 README 有非官方声明；
- Minecraft 非官方声明可见；
- 导入文件有来源、commit、路径、hash、license；
- 未混入未审核社区 fork 内容；
- `mods.toml` license/credits/description 与仓库一致。

证据：

```text
license scan
provenance report
README screenshot
mods.toml excerpt
```

## Gate G1 — Reproducible Build

必须：

```bash
./gradlew clean build
```

在干净环境、Java 17 成功；JAR 命名和版本正确；无凭据进入产物。

证据：

```text
CI run
build log
JAR SHA-256
Java/Gradle/Forge versions
```

## Gate G2 — Data and Generated Resources

必须：

```bash
./gradlew runData
git diff --exit-code
```

且：

- JSON 可解析；
- 模型、纹理、声音引用存在；
- 无大小写冲突；
- 注册对象有对应数据；
- 生成结果稳定。

## Gate G3 — Automated Behavior

必须：

```bash
./gradlew test
./gradlew runGameTestServer
```

当前版本指定测试全部通过；失败和跳过均有解释。

## Gate G4 — Dedicated Server and Sides

必须：

- 专服启动；
- 玩家可加入；
- 无客户端类加载错误；
- 目标流程可在专服完成；
- 两名玩家状态一致；
- 可选客户端模组缺失不影响服务端。

## Gate G5 — Persistence and Recovery

适用于有持久化状态的版本：

- 保存/重启后数据一致；
- schema 版本正确；
- 旧格式迁移有测试；
- 崩溃恢复不会复制或丢失；
- 不支持的未来/降级格式明确拒绝。

## Gate G6 — Security and Authority

适用于网络、火箭、站点、库存功能：

- C2S 不信任客户端结果；
- 权限、距离、状态和区块加载检查存在；
- 超大/恶意请求安全失败；
- 无任意区块加载；
- 无已知复制；
- 请求有合理频率限制或天然幂等。

## Gate G7 — Performance

当前版本预算通过：

- 世界扫描有硬预算；
- 最大允许结构可处理；
- 无每 tick 全量扫描；
- 无无界缓存；
- 无持续强制加载；
- 性能报告包含环境与采样结果。

## Gate G8 — Manual Player Flow

当前版本的人工测试清单全部执行：

- 截图/录像；
- 构建 hash；
- 测试人和日期；
- 预期与实际；
- 已知问题。

## Gate G9 — Documentation and Release

必须：

- README 状态准确；
- Changelog；
- 安装与依赖；
- 存档兼容说明；
- Known Issues；
- 发布证据；
- checksums；
- GitHub Release 为 pre-release 或 stable 的标记正确；
- 不把开发构建误称 stable。

## Gate 状态格式

```yaml
version: v0.6.0
build: 1.20.1-0.6.0-alpha.1
commit: <sha>
gates:
  G0: PASS
  G1: PASS
  G2: PASS
  G3: PASS
  G4: PASS
  G5: PASS
  G6: PASS
  G7: PASS
  G8: READY_FOR_HUMAN_REVIEW
  G9: NOT_STARTED
overall: READY_FOR_AUDIT
```

## 豁免

Required Gate 不应常规豁免。确需豁免时：

```text
ADR
原因
风险
负责人
用户影响
临时缓解
到期版本
自动失败提醒
```

以下不可豁免：

- 原许可证声明；
- 核心复制漏洞；
- 已知存档损坏；
- 远程崩服；
- 客户端完全决定服务端结果；
- 发布 JAR 包含来源不明资产。

## 发布批准

建议两级确认：

1. Codex/开发者生成证据并标记 `READY_FOR_AUDIT`；
2. 人工审查证据后标记 `PASSED`；
3. 只有 `PASSED` 才创建 tag/release。

单人项目也应保留第二步，避免同一执行会话自证完成。

v1.0+ 的新增预算与证据等级见
[质量预算](17-V1PLUS-QUALITY-BUDGETS.md)。新增模板仍使用原有
`MANUAL-TEST.md`、`PERFORMANCE.md`、`checksums.txt`、`GATE-STATUS.md`，
专项报告作补充，不建立第二份矛盾的版本状态。
批准前用候选 commit 复建；证据完整且人工批准后才创建版本 tag，随后
核对 tag 重建和发布下载的同一制品。规划文件不能替代这一流程。


MANDATORY/CONTEXT docs/16-POST-1.0-VERSION-ROADMAP.md {'bytes': 7281, 'sha256': 'c436fef7e31b55cccbcea6a089e0c92c15fd597a87c72bcf1a6c956c838d7f37'}
# v1.0 之后的完整迁移路线

## 1. 路线定义

`v1.0.0` 是稳定 Core MVP，不是旧版完整迁移。后续版本分成四层：

```text
第一层：稳定核心
  v1.0.0 Core MVP Stable

第二层：扩展基础设施
  v1.1.0 Expansion Kernel
  v1.2.0 Machine & Multiblock Kernel
  v1.3.0 Public API & Compatibility

第三层：经典玩法恢复
  v1.4.0 Planetary Expansion
  v1.5.0 Orbital / Station / Warp
  v1.6.0 Satellites / Resource Missions
  v1.7.0 Endgame Systems
  v1.8.0 Classic Content Completion

第四层：完整迁移稳定化
  v1.9.0 Parity Beta Hardening
  v2.0.0 Classic Feature Parity Stable
```

## 2. 版本总览

| 版本 | 核心目标 | 玩家可见结果 | 主要技术门槛 |
|---|---|---|---|
| `v1.0.0` | 稳定现有闭环 | 可稳定完成地月往返、空间站与基础卫星 | 真实多人、迁移、恢复、发布可重现 |
| `v1.1.0` | 解除天体/目的地硬编码 | 新增测试行星无需改 Java 枚举 | `TravelTarget`、数据路线、`BodyContext` |
| `v1.2.0` | 通用机器和多方块 | 多种机器共享可靠框架 | 端口、配方、结构、旋转、重启 |
| `v1.3.0` | 公共 API | 兼容测试模组可注册扩展内容 | API 版本、适配器、安全边界 |
| `v1.4.0` | 多行星 | 火星/金星等可探索天体与星图 | 数据包、环境、天空、导航 |
| `v1.5.0` | 轨道/空间站/跃迁 | 任意天体空间站与多星系旅行 | 轨道上下文、跃迁事务与恢复 |
| `v1.6.0` | 卫星与资源任务 | 多种卫星、小行星和气体任务 | 离线调度、实例、资源守恒 |
| `v1.7.0` | 终局系统 | 轨道激光、黑洞、重力等 | 权限、性能、破坏边界、恢复 |
| `v1.8.0` | 内容补齐 | 经典机器、物品、配方和资产接近完整 | 来源批次、内容矩阵、平衡 |
| `v1.9.0` | 对等 Beta | 大型模组包测试与全链路回归 | 迁移链、兼容矩阵、长时压力 |
| `v2.0.0` | 功能对等稳定版 | 经典核心功能均有现代实现 | 全 Gate、长期支持承诺 |

## 3. 依赖图

```text
v1.0.0
  │
  ▼
v1.1.0 Expansion Kernel
  │
  ├──────────────┐
  ▼              ▼
v1.2.0          v1.3.0
Machine Kernel  Public API
  │              │
  └──────┬───────┘
         ▼
      v1.4.0 Planetary Expansion
         │
         ▼
      v1.5.0 Orbital / Station / Warp
         │
         ├──────────────┐
         ▼              ▼
      v1.6.0          v1.7.0
      Missions        Endgame
         │              │
         └──────┬───────┘
                ▼
             v1.8.0
                │
                ▼
             v1.9.0
                │
                ▼
             v2.0.0
```

此图表示能力依赖，不改变主路线的版本集成顺序。`v1.2` 与 `v1.3` 的分析
可以并行；功能实现仍只处理当前版本，两者都应在大规模内容恢复前通过。

## 4. 合并门禁

后续版本允许提前只读研究、测试设计和数据样例；功能实现仍受 AGENTS
版本范围限制。当前版本内部可按第 14 号规约使用独立 worktree。集成必须满足：

```text
只有当前最早未通过、依赖已通过、公共契约已冻结、迁移路径已存在的版本，
才可进入 integration/<version>。
```

例如 `v1.2` 尚在集成时，可以提前：

- 审计旧行星资产；
- 编写 `v1.4` 数据 schema 样例；
- 设计天空视觉测试；
- 研究旧卫星类型；

但不得把依赖未冻结的生产代码合入主线。

## 5. “完整迁移”的判定方法

不以文件数量或版本号判断。`docs/PORTING_MATRIX.md` 每个旧功能必须最终归入：

| 状态 | 含义 |
|---|---|
| `PASSED_EQUIVALENT` | 已有现代实现并通过行为验收 |
| `PASSED_REDESIGNED` | 玩法目标保留，但实现/交互有明确重设计 |
| `DEFERRED` | 经 ADR 明确推迟，不计入当前发布承诺 |
| `REJECTED` | 安全、维护或平台原因明确不迁移 |
| `MISSING` | 尚未实现，阻断对等发布 |
| `UNKNOWN` | 尚未完成上游审计，阻断对等发布 |

以上是目标对等结论，不能直接覆盖现有矩阵的实施状态。已有 `PASSED` 仅表示
原垂直切片通过，不自动等于完整旧功能对等；`NOT_AUDITED` 等未审计行仍是
未决项。进入对等审计时逐项补充对等结论、来源和证据。

`v2.0.0` 不允许存在 `MISSING` 或 `UNKNOWN`，也不得漏掉现有未审计行。
`DEFERRED/REJECTED` 必须有公开批准 ADR 和玩家影响说明。

[ADR-018](decisions/ADR-018-PARITY-FIRST-FULL-ACCEPTANCE-SCHEDULING.md) 将完整的
长时负载、远程专服、真实 GPU、双客户端及全机械/全维度集成验收排到原有
机械和维度全部实现之后；仅标记 `DEFERRED`/`REJECTED` 不触发完整测试。
各实现切片仍必须运行定向测试、构建以及其
新增行为对应的守恒、迁移、安全和恢复检查；该排期不产生任何 Gate PASS。

## 6. 存档兼容路线

```text
v0.9 save
  ↓ verified migration
v1.0 save
  ↓
v1.1 destination/body-context migration
  ↓
v1.2 machine/multiblock migration
  ↓
v1.3 API metadata migration
  ↓
v1.4+ content schema migrations
  ↓
v2.0
```

每个版本必须：

- 保留上一个稳定版本的代表性 fixture；
- 只迁移副本，不覆盖原始 fixture；
- 迁移可重复执行或明确拒绝二次执行；
- 在失败时给出可恢复错误；
- 记录 schema、DataVersion、network protocol；
- 不把“世界能打开”当作迁移完成。

1.12.2 世界直接升级不是默认承诺。若后续研究旧世界迁移，优先做**离线转换器**：

```text
只读旧世界副本
  ↓
生成迁移报告和中间清单
  ↓
转换受支持的方块/资产/玩家数据
  ↓
输出新的 1.20.1 世界副本
```

## 7. 发布节奏

建议：

```text
v1.x.0      新能力或内容里程碑
v1.x.y      仅兼容、稳定、迁移和安全修复
v1.x.0-rcN  候选版
v1.x.0-betaN 大范围玩家验证版
```

每个 `.0` 版本记录以下执行阶段（`phase`，不是版本 `status`）：

```text
CONTRACT_FROZEN
→ IMPLEMENTING
→ INTEGRATING
→ FEATURE_FREEZE
→ RELEASE_CANDIDATE
→ 交由独立审核
```

版本状态仅沿用主路线的 `PLANNED / IN_PROGRESS / BLOCKED / READY_FOR_AUDIT /
PASSED / RELEASED`；阶段完成不构成版本通过。

## 8. 最低证据规则

每个版本必须提交：

```text
docs/releases/<version>/
├─ RELEASE-EVIDENCE.md
├─ TEST-REPORT.md
├─ MANUAL-TEST.md
├─ MIGRATION-REPORT.md
├─ PERFORMANCE.md
├─ SECURITY-REVIEW.md
├─ KNOWN-ISSUES.md
├─ checksums.txt
└─ GATE-STATUS.md
```

含视觉内容的版本另加：

```text
VISUAL-VALIDATION-REPORT.md
screenshots/
videos-or-links.md
```

## 9. 版本声明边界

| 版本 | 推荐公开称呼 |
|---|---|
| `v1.0.0` | Stable Core MVP |
| `v1.4.0` | Multi-Planet Preview/Release |
| `v1.8.0` | Classic Content Complete Candidate |
| `v1.9.0` | Feature Parity Beta |
| `v2.0.0` | Classic Feature Parity Stable |

在 `v2.0.0` 之前，不使用“完整移植完成”作为版本宣传主标题。


MANDATORY/CONTEXT docs/17-V1PLUS-QUALITY-BUDGETS.md {'bytes': 7082, 'sha256': '5dc4f2a4f43006cfddff6d65795fd02b4c2437116b79828b6a85e7ddd316c42e'}
# v1.0+ 质量预算与验收等级

## 1. 目的

测试数量不能替代质量判断。本文件为 `v1.0+` 定义统一的：

- 环境可信等级；
- 缺陷阻断规则；
- 性能预算；
- 数据、网络和扫描上限；
- 真实视觉 Gate；
- 迁移与恢复要求。

具体阈值可通过 ADR 调整，但不得在失败后无记录地降低门槛。

## 2. 验证环境等级

| ID | 环境 | 用途 | 可放行 Gate |
|---|---|---|---|
| `A0` | Pure Java | 算法、状态机、Codec、迁移单元 | G3 部分 |
| `A1` | Forge GameTest | 世界/方块/实体行为 | G3 |
| `S1` | 打包专服 | sidedness、保存、网络、运行 | G4–G7 |
| `S2` | 强制停止/恢复专服 | 事务和崩溃恢复 | G5–G6 |
| `V0` | Xvfb + LLVMpipe | 客户端视觉冒烟 | 仅补充证据 |
| `V1` | 单真实 GPU 客户端 | 正式视觉和基础性能 | G8 |
| `V2` | 两真实客户端 | 多人、乘客、权限、同步 | G6/G8 |
| `R1` | 干净 release 重建 | 制品可重现 | G9 |

## 3. 缺陷等级

### Critical

- 可稳定复制物品、流体、方块、火箭或卫星奖励；
- 存档损坏且没有恢复路径；
- 火箭/乘客永久消失；
- 任意代码执行、凭据泄漏或远程管理绕过；
- 客户端包使服务器加载任意区块或造成无限资源消耗；
- 主流程无法完成。

**任何 Critical 阻断发布。**

### High

- 常规操作导致崩服/崩客户端；
- 跨维度事务重复或丢失；
- 非所有者可操作空间站/轨道武器；
- 迁移后关键状态错误；
- 无上限扫描、NBT、packet 或任务队列；
- Dedicated Server 加载客户端类。

**任何未修复 High 阻断发布。**

### Medium

- 有明确规避方法但影响核心体验；
- 一部分受支持配置无法工作；
- 明显性能回退；
- UI 状态不同步但不破坏数据；
- 低概率恢复错误但能人工修复。

候选版不应带未审核 Medium。必须修复，或由维护者在 `KNOWN-ISSUES` 中签署有限豁免、受影响范围和修复版本。

### Low

- 轻微视觉、文本或交互问题；
- 不影响数据和流程的小问题。

可带入发布，但必须公开记录。

## 4. 参考服务器预算

参考节点：4 vCPU / 8 GiB / Debian 12。初始目标：

| 项目 | 默认预算 |
|---|---|
| Forge server Java heap | `Xmx4G` 以内 |
| 测试常态 RSS | 不持续超过 5.5 GiB |
| 平均 MSPT | ≤ 25 ms（定义的参考负载） |
| P95 MSPT | ≤ 50 ms |
| P99 MSPT | ≤ 100 ms |
| 单次非启动/保存尖峰 | 不应持续超过 500 ms |
| Watchdog/OOM | 0 |
| 非预期强制加载区块 | 0 |
| 4 小时 soak 后单调内存增长 | 不允许 |

这些值必须和“参考负载”一起记录；空服数据不能证明大型火箭或大气压力场景。

### 参考负载最少包含

- 2 名真实或可验证行为等价的玩家连接；
- 16 个氧气设备/密闭体；
- 10 个空间站记录；
- 100 个卫星/任务；
- 2 枚活动火箭；
- 至少一次 2048 方块火箭组装/拆解；
- 至少一次维度转移；
- 周期性保存和重启。

`v1.9` 应升级到更高并发和 8–12 小时 soak。

## 5. 扫描和队列预算

每个系统必须有可配置硬上限，并在超限时给玩家可读失败原因。

| 系统 | 必须限制 |
|---|---|
| 火箭扫描 | 方块数、包围盒、BlockEntity NBT 总量、扫描时长 |
| 大气扫描 | 体积、节点/tick、活动任务数、等待区块数 |
| 多方块结构 | 最大尺寸、匹配耗时、重验证频率 |
| 卫星任务 | 每玩家数、全局数、每 tick 完成数、离线补算上限 |
| 星图/路线 | 节点数、路径搜索预算、缓存大小 |
| 轨道武器 | 目标范围、区块可见性、权限、调用频率 |
| 数据包重载 | 定义总数、文件大小、错误聚合上限 |

超限不得：

- 强制加载无限区块；
- 在主线程一次性完成无界工作；
- 静默截断导致资源丢失；
- 继续相信客户端提交的数据。

## 6. 网络预算

所有 C2S packet：

- 有方向声明；
- 在主线程验证；
- 验证 sender、距离、权限、状态和区块加载；
- 有频率限制；
- 不接受最终资源计算结果；
- 不接受任意 NBT 或无限集合；
- 有协议版本或兼容策略。

建议初始预算：

```text
单常规 packet：尽量 < 64 KiB
结构快照：分段、压缩并有 1 MiB 级总上限
每玩家高频 UI 同步：只发送差量/摘要
服务器拒绝超限包：记录一次审计日志，不回显巨大内容
```

实际值由测试和 ADR 冻结。

这些建议不放宽现有更严格上限。v0.9 基线的 `RocketLimits` 已限制视觉快照
总量 524288 bytes、分块 32768 bytes、BlockEntity NBT 总量 1048576 bytes，
v1.0 稳定化保留这些边界；改动需原有基准和批准 ADR。

## 7. 存档预算

每个持久化对象必须具备：

- schema/version；
- 明确默认值；
- 非法/缺失字段处理；
- 最大集合/字符串/NBT 大小；
- 旧版迁移；
- round-trip 测试；
- 崩溃恢复或事务语义；
- 失败时不覆盖原存档副本。

版本发布前至少验证：

```text
上一个 stable → 当前 candidate
上一个 beta/rc → 当前 candidate
当前 candidate 保存 → 重启
当前 candidate 事务中断 → 恢复
当前 candidate 重复迁移 → 安全拒绝或幂等
```

## 8. 真实客户端视觉预算

绝对 FPS 依赖硬件，因此正式判断使用“基线对比 + 不可接受尖峰 + 正确性”。

每个候选版本记录：

- CPU、GPU、驱动、分辨率、GUI scale；
- Vanilla/Forge 空场景基线；
- 64、512、2048 方块火箭；
- 单火箭和多火箭；
- 天空、粒子、OBJ、GUI；
- 平均 FPS、1% low、首次出现卡顿；
- 客户端内存和结构缓存；
- 资源重载后缓存释放；
- 跨维度后旧缓存释放。

最低正确性：

- 无缺失纹理紫黑块；
- 无模型跨格、穿插或明显偏移；
- GUI 在测试缩放下无关键按钮越界；
- 天体/天空与服务端环境一致；
- 火箭乘客位置稳定；
- 重新连接后实体和视觉一致；
- 日志无持续 OpenGL 错误风暴。

Xvfb/LLVMpipe 结果只能标记 `V0`，不能产生 `V1/V2 PASS`。

## 9. 发布制品预算

- 审核前从干净候选 commit 构建；批准且证据完整后创建 tag，再验证相同制品；
- JAR、sources、LICENSE、NOTICE 和 provenance 完整；
- 不含测试世界、密钥、token、开发日志或个人路径；
- 不含重复资源；
- 所有上游导入有来源 ledger；
- JAR SHA-256 固定；
- GitHub Release、tag、manifest 和 mods.toml 版本一致；
- 完整安装步骤由未参与开发的人执行一次。

## 10. Gate 降级规则

任何门槛改变必须：

1. 新建 ADR；
2. 说明原门槛、失败原因和真实风险；
3. 提供新门槛及验证数据；
4. 指定是否临时；
5. 指定恢复原门槛的版本；
6. 由非原实现会话审核。

禁止为了让候选版“通过”而直接删除测试、缩小压力场景或把失败项改为非目标。


MANDATORY/CONTEXT docs/14-PARALLEL-DEVELOPMENT-AND-WORKTREE-COORDINATION.md {'bytes': 10204, 'sha256': '0c3a3ee3175b9cbdbd61bbf80d8f6ca44634dc3ee4337be8b0be581ebb10580f'}
# 14 — 并行开发、worktree 与进度协作

## 1. 适用范围与权威

本规约用于把一个版本拆为可独立验证的任务，不替代
[AGENTS](../AGENTS.md)、已批准 ADR 或版本 Required Gate。
版本状态见[主路线](04-VERSION-ROADMAP.md)和
[Gate 记录](status/GATE_STATUS.md)；后续能力依赖见
[v1.0 后路线](16-POST-1.0-VERSION-ROADMAP.md)。

- 版本集成与发布按顺序；同一版本任务可以按依赖图并行。
- 后续版本可提前做只读审计、测试设计和数据样例，不提前实现功能。
  独立 worktree 不豁免 AGENTS 的版本范围限制。跨版本提前实现需要先由
  维护者批准治理变更，不能从本文推导许可。
- v1.0 是功能冻结的 Stable Core MVP，不夹带 v1.1 扩展重构。
- 只有人工维护者可把版本标为 PASSED 或 RELEASED。
- 并行是可选方式；原有单版本实施日志继续有效。没有实际并行需求时，
  不建立调度平台、控制目录、数据库或另一套重复进度表。

## 2. 角色和权限

| 角色 | 责任 | 权限边界 |
|---|---|---|
| 维护者 | 身份、许可、ADR、范围、发布与 Gate 豁免 | 批准版本；保留签署记录 |
| 协调者 | 任务依赖、契约、写入范围、在制任务数量 | 不代替实现或审核证据 |
| 契约负责人 | 数据、接口、schema、错误模型及契约测试 | 冻结前记录未决项；变更需提案 |
| 实现者 | 一个任务的代码、测试、进度和交接 | 不越界；最多 READY_FOR_REVIEW |
| 测试者 | 独立用例、边界输入、运行记录 | 不随实现降低测试期望 |
| 独立审核者 | 从任务契约、实际 diff 和测试判断 | 给出 findings；不预设结论 |
| 集成者 | 中央文件、合并、冲突解决、完整回归 | 最多推进版本至 READY_FOR_AUDIT |

同一人可承担多个角色，但同一任务的实现和最终审核使用不同会话。
审核者必须独立运行适用关键命令；环境不能运行的检查明确保留为未验证。

## 3. 并行启动条件

- 每个任务有稳定 ID、可观察结果、依赖、非目标和验证方法。
- 依赖已有可用证据；公共接口、持久化 ID、schema、网络协议、错误码和
  生命周期边界在下游开始写入前冻结。
- 一个写入任务对应一个分支和一个独立 Git worktree。
- 活动写入范围互不重叠；同一火箭/跃迁核心事务只有一个主要写入者。
- 有唯一集成者和足够的测试资源。并发上限取决于依赖与宿主机资源，
  不取决于可打开多少 agent；资源建议见[远程开发规约](15-REMOTE-LINUX-DEVELOPMENT-AND-VISUAL-VALIDATION.md)。

只读分析可按架构、测试、来源、性能等独立范围拆分。需要委派时，任务说明
包含身份、范围、读取权限、写入边界、命令权限和报告格式，不提供预期发现
或固定结论。模型选择以实际可用客户端和账户为准，不要求特定型号。

写入型子任务使用独立 worktree；无法隔离时只返回建议或 patch，由唯一
写入者审查后应用。共享 checkout 的只读子任务不得私自启动写入实现。

## 4. 状态模型

版本 status 只使用主路线定义的值：

~~~text
PLANNED → IN_PROGRESS → READY_FOR_AUDIT → PASSED → RELEASED
                  ↘ BLOCKED
~~~

CONTRACT_FROZEN、IMPLEMENTING、INTEGRATING、FEATURE_FREEZE 和
RELEASE_CANDIDATE 可记录为 phase，不是新的版本状态。
契约冻结、独立审核通过和发布批准不能混为一项。

可选任务包状态：

~~~text
PLANNED → READY → CLAIMED → IN_PROGRESS → READY_FOR_REVIEW
                              ↑                ↓
                       CHANGES_REQUESTED ← 独立审核
                                               ↓
                         VERIFIED → INTEGRATION_PENDING → MERGED
~~~

阻断、取消或替代分别记录 BLOCKED、CANCELLED、SUPERSEDED 及原因。
VERIFIED 由独立审核者判断；MERGED 由集成者核对真实合并提交。
单版本任务树可以继续使用原有 planned/verified 标签，但不得将子任务完成
当作版本批准。复选框勾选需要对应范围的实际验证证据。

## 5. 进度与任务包

单窗口使用 `docs/work/<version>-implementation-log.md`。启用多写入任务时，
可增设以下协调文件；缺失时先定义任务，不假装它们已存在：

~~~text
docs/control/
  PROJECT_STATE.md        # 引用权威版本状态，不另维护版本批准
  ACTIVE_CONSTRAINTS.md   # 适用约束和未决项
  DEPENDENCY_GRAPH.md     # 任务 DAG
  PATH_OWNERSHIP.md       # 独占范围、任务、负责人、开始/释放时间
  INTEGRATION_QUEUE.md    # 待审/待合并 commit 和依赖
docs/work/<task-id>/
  TASK.md
  PROGRESS.md
  HANDOFF.md
  REVIEW.md
  PROPOSED-CHANGE-001.md   # 仅需要变更时创建
~~~

中央控制文件由协调/集成者维护，实现者只更新自己的任务目录。
项目索引可以生成，但 Git 与任务 Markdown 是事实源，不能依赖不可重建的
数据库、聊天历史或 tmux 屏幕恢复状态。

任务 ID 在项目内唯一且不重用；沿用既有 ID。新增任务可使用
`V100-<capability>-<sequence>`、`V110-<capability>-<sequence>` 等格式。

### TASK.md 字段

| 字段 | 要求 |
|---|---|
| identity | task_id、milestone、owner、reviewer、task_type |
| checkout | branch、worktree、base_branch、base_commit |
| outcome | 可观察结果、范围、非目标 |
| dependencies | depends_on、blocks、contract_owner/status |
| ownership | write_scope、exclusive_paths、forbidden_paths |
| validation | acceptance criteria、required_tests/gates、命令和证据位置 |
| lifecycle | status、created/claimed/updated 时间、实际提交 |

任务领取后契约原则上冻结。一个任务应能独立审查、验证和回退；涉及无关
系统、多个独立环境或大部分仓库写入范围时继续拆分，不用一个大任务掩盖缺口。

### PROGRESS / HANDOFF / REVIEW

- PROGRESS：已验证结果、进行中工作、最后命令及退出码、失败、未决项、
  实际 commit、未提交文件、下一项具体操作。领取、检查点、阻断、契约变更、
  会话结束或交接时更新，不报告无证据百分比。
- HANDOFF：完成/未完成范围、接口和使用方式、schema、修改文件、测试、
  原始日志、来源/存档/网络影响、合并依赖与回退方法。
- REVIEW：审核 commit、独立执行命令、契约/范围符合性、findings（按严重度）、
  未验证项、建议状态和后续动作；不复制实现者结论作为审核结果。
- 阻断记录首次时间、复现、影响、仍可继续的部分和需要谁做何种决定。

## 6. 契约变更与中央文件

涉及多个任务的 record/interface、registry ID、SavedData key、NBT 字段、
网络方向/协议、状态机、任务所有权和天体身份，先建立契约与测试。
变更记录原因、受影响任务、迁移、测试和回退；持久化、网络或重大架构变更
必须经 ADR。下游不自行修改公共语义。

中央文件默认由集成者独占，具体清单从实际代码确认：

~~~text
build.gradle / settings.gradle / gradle.properties / gradle/**
src/main/resources/META-INF/mods.toml
src/main/resources/pack.mcmeta
src/main/java/**/AdvancedRocketryCommunity.java
src/main/java/**/registry/**
src/main/java/**/network/**            # 公共注册/协议入口
AGENTS.md / PROJECT-CONFIG.md / LICENSE / NOTICE.md
docs/control/** / docs/status/**
~~~

可为领域适配器或测试声明更精确的独占范围，但不为了分工而提前创建大型
模块框架。发现范围不足时提案，不以小修复为理由跨范围写文件。

## 7. Git worktree 与集成

以下是人工选择任务和基线后的示例，不自动创建、提交或推送分支：

~~~bash
git status --short
git branch --show-current
git rev-parse HEAD
git worktree list
git worktree add ../arce-v100-release-docs -b docs/v1.0.0-release-docs main
~~~

记录实际 base commit，确认没有覆盖已有分支/worktree。只提交任务拥有的
文件。同步由集成者选择 merge/rebase；不得私自重写共享历史。

进入集成队列需要独立审核、确定 head commit、完整交接、依赖可用、来源
记录、无阻断 finding 和未解决契约差异。按模型/验证、服务逻辑、持久化、
Forge、网络、客户端、数据资产、测试和证据的依赖集成，以任务 DAG 为准。

- 每任务合并后：相关单测、编译、GameTest、资源校验。
- 每批集成后：test/build、领域 GameTest，涉及服务端时专服 smoke。
- 版本集成完成后：全部 Required Gate，独立审核，再提交人工批准。
- 合并冲突不能通过删除测试、吞异常或静默改变契约处理。
- worktree 清理只在证据归档、分支已合并、工作区无未保存修改后执行；
  核对完整目录与所属任务，不使用强制删除掩盖未提交工作。

## 8. v1.0 与后续任务的使用方式

v1.0 可分为版本/发布文档、迁移恢复、专服性能、真实客户端视觉、缺陷修复
和独立审核；准确范围在[v1.0 版本计划](versions/V1.0.0-COMMUNITY-MVP.md)。
后续版本按[能力路线](16-POST-1.0-VERSION-ROADMAP.md)各自建任务，不能把
未来目录建议当作已经存在的架构。

执行入口统一放在 codex-prompts/，不在本文维护重复提示词：

- [单窗口当前版本](../codex-prompts/02-implement-next-version.md)
- [v1.0 稳定验证](../codex-prompts/05-v1.0-release-validation.md)
- [v1.1+ 任务实施](../codex-prompts/06-implement-post-1.0-version.md)
- [独立审核](../codex-prompts/07-audit-post-1.0-version.md)
- [远程环境审计](../codex-prompts/08-remote-linux-environment-audit.md)

以后需要任务索引工具时，再从 Markdown 派生依赖、范围冲突、状态、分支
和更新时效检查。本文不要求实现尚不存在的 project_progress.py，也不要求
为文档整合创建一套新控制系统。


MANDATORY/CONTEXT docs/work/v1.8.0-c16a-save-guard/TASK.md {'bytes': 3411, 'sha256': 'ebad52afdc92e0251600e1cbb64fbf0acfd451ecaef8a98f6b55467e31771d53'}
# C16a-S1-001 rejected native chunk saves

Status: in-progress. Owner: root integrator. Independent reviewer: delegated
incident/source reviewer. Version: v1.8.0, main integration worktree/branch.

Observed failure: Tank native attempt 2 passed six clean upgrade/resource/Item
phases, then the oversized phase failed exact chunk preservation. Five save
refusals were logged, but native BlockEntity entries fell from four to zero and
the other stone mutation persisted. The failed original and actual chunks,
logs and JAR identity remain unchanged in the integration evidence directory.
The Java/GT successes do not establish this native guarantee.

Scope: retain the refusal across native unload/retry and shutdown, without
retaining resource copies, loading chunks, changing schemas or accepting
unsupported payloads. Root owns the new minimal persistence domain/Forge
bridge, Tank/Pump/combustion guard integration, focused tests and documentation.
Signature author scope stays read-only; any integration there is a later patch.
No new transaction framework, asset/config changes or release approval.

Proposed implementation boundary: one transient Level-owned bounded denial
record per rejected chunk, surviving that chunk's unload. The first reason is
retained; saturation refuses further writes for that Level instead of evicting
protection. Only ending the Level lifetime clears the record. Normal repair
requires an offline backed-up world and restart; ordinary saves do not reset it.
The exact internal API and cap are subject to actual-diff review, not frozen
by this document. Test-only fixture cleanup must not expose production recovery.

Verification: denial/retry/saturation/ownership unit tests; actual Forge event
handling after serialized carriers disappear; unchanged mandatory full build,
DataGen/GameTest; and the original native oversized oracle on a fresh historical
world copy, including byte-identical original chunk and absent stone mutation.
No timeout, assertion or existing performance budget may be relaxed.

- [x] Minimal corrective implementation and focused tests.
- [x] Independent source/incident review and regression replay.
- [x] Fresh native reproduction verifies the original byte-preservation oracle.
- [ ] Full root regression and portable failed/corrected evidence.

Actual checkpoint: independent exact ten-file review has no findings and five
focused JUnit tests pass. Root `clean build runData` passes 1,548 JUnit /296
suites; `runGameTestServer` passes all 441 required tests. Fresh native attempt
3 exits 0 with all seven phases passing. The rejected native chunk remains
byte-identical (SHA-256 `b5a1e68eb7a52fc47c87278bf67c92f0f327878c7c5ab057b41df9ca17c63199`),
four BE entries remain and the unrelated stone mutation is absent. The owner
input world matches all three attempt inventories. Independent native outcome
audit and portable root packet are pending; no checkbox or Gate is closed yet.

Final independent [native audit](reviews/NATIVE-CORRECTION-03.md) re-extracts
the stopped region and verifies all three chunk identities, four BE roots,
absent stone mutation, actual refusal/retry stacks and unchanged input-world/JAR
inventories. It closes H1 only for this exact Tank case; no independent native
replay or Gate is claimed. The three verified task boxes refer to this evidence,
not to Pump/Signature native recovery or arbitrary-crash guarantees.


MANDATORY/CONTEXT docs/work/v1.8.0-c16a-save-guard/reviews/SOURCE-REVIEW-01.md {'bytes': 892, 'sha256': '84b42b59c1ce402e24eb9747493d97970ba788d17d6ecc2bb8bc01dfe27e07b1'}
# Independent lifecycle save-guard correction review

The exact ten-file source correction has no Critical/High/Medium/Low finding
within its static scope. Five focused JUnit tests pass independently. The
transient Level-owned coordinate records, 256-chunk saturation refusal,
nonserialized ownership and actual-GameTestServer-only fixture reset were
checked against primary source. Old source inputs and corrected source hashes
match the assigned snapshot.

This review does not close the original native High or claim root GameTests,
packaged registration, recovery, visual or Gate acceptance.

[Portable evidence](source-review-01-evidence.zip), SHA-256
`4f12063e1c43f755ba4ab644039cb6d535aea969169e9b8977b577a64662b4a8`,
217,746 bytes /39 entries. All 38 manifest entries and ZIP CRC verify.
Raw `REVIEW-01.md` SHA-256:
`bf1cfe81bcbfe00b93045171ecee18411fac5010846cd6fbdb6aeced987c4e9e`.


MANDATORY/CONTEXT docs/work/v1.8.0-c16a-save-guard/reviews/NATIVE-CORRECTION-03.md {'bytes': 1338, 'sha256': '3e39957f8dc534dc635a3fb4b17977cfc18cc16617d1256e66c8c45fefa31f5f'}
# Independent corrected native Tank audit

No new Critical/High/Medium/Low finding. The original High is closed only for
this exact corrected packaged-server case, not by independent native replay.
The reviewer extracts chunk 11,11 again from the stopped native region: the
original oversized chunk, reported result and actual disk chunk all have
5,898 bytes and SHA-256
`b5a1e68eb7a52fc47c87278bf67c92f0f327878c7c5ab057b41df9ca17c63199`.
Four BE/resource roots remain, and the unrelated stone position remains AIR.
Six guard/refusal pairs and actual lifecycle-guard retry stacks are present.

All seven phase receipts have exit 0. The historical 135-file /34,962,200-byte
input-world inventory and JAR identities are independently rechecked. The old
failed disk chunk and both earlier incident reports remain unchanged. Earlier
audit preparation/packaging failures are retained and are not native failures.

[Portable evidence](native-correction-03-evidence.zip), SHA-256
`212fdeb9a28ff426599f62ca2d44a32feea9737b1d6e5bb8fd3b2f5246e2fd77`,
814,338 bytes /406 entries. All 405 manifest entries and ZIP CRC verify.
Raw `REVIEW-NATIVE03.md` SHA-256:
`6d7e0e3719dc7079aed1542275258c6421deca5edbf24d9461f539ace1d8cfdb`.
No arbitrary-crash atomicity, Pump/Signature native result, GPU, multiplayer or
version Required Gate acceptance follows.


CODE 3f3d62aed3980186fe0acc9592cf93ca436405fb src/main/java/io/github/sunthemoon/advancedrocketrycommunity/persistence/ChunkSaveDenials.java {'bytes': 1856, 'sha256': '96a66b34e46af0ae079802263e46b595eba83cae0ce179a22176165c49e15427'}
1: package io.github.sunthemoon.advancedrocketrycommunity.persistence;
2: 
3: import java.util.HashMap;
4: import java.util.Map;
5: import java.util.Optional;
6: 
7: /** Transient refusal identities, never inventories; retained until the Level ends. */
8: public final class ChunkSaveDenials {
9:     public static final int MAX_CHUNKS = 256;
10:     public static final int MAX_REASON_CHARS = 256;
11:     private static final String SATURATED = "Refusing chunk save after denial capacity exhausted; back up and repair first";
12:     private static final String CLOSED = "Refusing chunk save after guard lifecycle ended";
13:     private final Map<Long, String> reasons = new HashMap<>();
14:     private boolean saturated;
15:     private boolean closed;
16: 
17:     public synchronized void deny(long chunk, String reason) {
18:         if (reason == null || reason.isBlank() || reason.length() > MAX_REASON_CHARS) {
19:             throw new IllegalArgumentException("Invalid bounded chunk-save refusal reason");
20:         }
21:         if (closed || reasons.containsKey(chunk)) { return; }
22:         if (reasons.size() == MAX_CHUNKS) { saturated = true; return; }
23:         reasons.put(chunk, reason);
24:     }
25: 
26:     public synchronized Optional<String> reason(long chunk) {
27:         if (closed) { return Optional.of(CLOSED); }
28:         String reason = reasons.get(chunk);
29:         return reason != null ? Optional.of(reason) : saturated ? Optional.of(SATURATED) : Optional.empty();
30:     }
31: 
32:     public synchronized int size() { return reasons.size(); }
33:     public synchronized void close() { closed = true; reasons.clear(); }
34: 
35:     // Only the Forge bridge's actual GameTestServer cleanup uses this, never ordinary save/unload.
36:     synchronized void restoreFixture(long chunk) {
37:         if (closed || saturated) { throw new IllegalStateException("Cannot reset closed or saturated save guard"); }
38:         reasons.remove(chunk);
39:     }
40: }

CODE 3f3d62aed3980186fe0acc9592cf93ca436405fb src/main/java/io/github/sunthemoon/advancedrocketrycommunity/persistence/GuardedChunkSaves.java {'bytes': 4047, 'sha256': '14132bf89fc3f4b6589a3ef227e70bc72bf287f94fe86336cb29de52c18aa487'}
1: package io.github.sunthemoon.advancedrocketrycommunity.persistence;
2: 
3: import io.github.sunthemoon.advancedrocketrycommunity.ModIdentity;
4: import net.minecraft.core.Direction;
5: import net.minecraft.gametest.framework.GameTestServer;
6: import net.minecraft.server.level.ServerLevel;
7: import net.minecraft.world.level.ChunkPos;
8: import net.minecraft.world.level.Level;
9: import net.minecraftforge.common.capabilities.Capability;
10: import net.minecraftforge.common.capabilities.CapabilityManager;
11: import net.minecraftforge.common.capabilities.CapabilityToken;
12: import net.minecraftforge.common.capabilities.ICapabilityProvider;
13: import net.minecraftforge.common.capabilities.RegisterCapabilitiesEvent;
14: import net.minecraftforge.common.util.LazyOptional;
15: import net.minecraftforge.event.AttachCapabilitiesEvent;
16: import net.minecraftforge.event.level.ChunkDataEvent;
17: import net.minecraftforge.eventbus.api.EventPriority;
18: import net.minecraftforge.eventbus.api.SubscribeEvent;
19: import net.minecraftforge.fml.common.Mod;
20: import org.jetbrains.annotations.NotNull;
21: import org.jetbrains.annotations.Nullable;
22: 
23: /** Save refusal survives ChunkMap unload even when vanilla clears all live BlockEntities. */
24: @Mod.EventBusSubscriber(modid = ModIdentity.MOD_ID)
25: public final class GuardedChunkSaves {
26:     public static final Capability<ChunkSaveDenials> CAPABILITY = CapabilityManager.get(new CapabilityToken<>() { });
27: 
28:     @Mod.EventBusSubscriber(modid = ModIdentity.MOD_ID, bus = Mod.EventBusSubscriber.Bus.MOD)
29:     public static final class Registration {
30:         @SubscribeEvent public static void register(RegisterCapabilitiesEvent event) { event.register(ChunkSaveDenials.class); }
31:         private Registration() { }
32:     }
33: 
34:     @SubscribeEvent public static void attach(AttachCapabilitiesEvent<Level> event) {
35:         if (event.getObject() instanceof ServerLevel) {
36:             Provider provider = new Provider();
37:             event.addCapability(ModIdentity.id("guarded_chunk_saves"), provider);
38:             event.addListener(provider::invalidate);
39:         }
40:     }
41: 
42:     private static ChunkSaveDenials state(ServerLevel level) {
43:         return level.getCapability(CAPABILITY).orElseThrow(
44:                 () -> new IllegalStateException("Server Level chunk-save guard is unavailable"));
45:     }
46: 
47:     @SubscribeEvent(priority = EventPriority.HIGHEST)
48:     public static void beforeSave(ChunkDataEvent.Save event) {
49:         if (event.getLevel() instanceof ServerLevel level) {
50:             var reason = state(level).reason(event.getChunk().getPos().toLong());
51:             if (reason.isPresent()) { fail(event, reason.orElseThrow()); }
52:         }
53:     }
54: 
55:     public static void refuse(ChunkDataEvent.Save event, String reason) {
56:         if (event.getLevel() instanceof ServerLevel level) {
57:             state(level).deny(event.getChunk().getPos().toLong(), reason);
58:         }
59:         fail(event, reason);
60:     }
61: 
62:     private static void fail(ChunkDataEvent.Save event, String reason) {
63:         event.getChunk().setUnsaved(true);
64:         throw new IllegalStateException(reason);
65:     }
66: 
67:     /** Disposable GT fixtures only; a native DedicatedServer has no online guard-reset operation. */
68:     public static void restoreGameTestFixture(ServerLevel level, ChunkPos position) {
69:         if (!(level.getServer() instanceof GameTestServer)) {
70:             throw new IllegalStateException("Save-guard fixture cleanup requires the actual GameTestServer");
71:         }
72:         state(level).restoreFixture(position.toLong());
73:     }
74: 
75:     private static final class Provider implements ICapabilityProvider {
76:         private final ChunkSaveDenials state = new ChunkSaveDenials();
77:         private final LazyOptional<ChunkSaveDenials> capability = LazyOptional.of(() -> state);
78:         private void invalidate() { state.close(); capability.invalidate(); }
79:         @Override @NotNull public <T> LazyOptional<T> getCapability(@NotNull Capability<T> requested, @Nullable Direction side) {
80:             return CAPABILITY.orEmpty(requested, capability);
81:         }
82:     }
83: 
84:     private GuardedChunkSaves() { }
85: }

CODE 3f3d62aed3980186fe0acc9592cf93ca436405fb src/main/java/io/github/sunthemoon/advancedrocketrycommunity/persistence/BoundedNbt.java {'bytes': 4850, 'sha256': 'dea20587fa5034a30c2874cc6feaea32ee6f2e16c6f1cb051c34f73816cdbd1c'}


CODE 3f3d62aed3980186fe0acc9592cf93ca436405fb src/main/java/io/github/sunthemoon/advancedrocketrycommunity/machine/tank/TankProtection.java {'bytes': 2226, 'sha256': '2abf114c220cb1de0e829b9a987785fe10e820a6cca860e393b1d35e856404af'}
1: package io.github.sunthemoon.advancedrocketrycommunity.machine.tank;
2: 
3: import io.github.sunthemoon.advancedrocketrycommunity.ModIdentity;
4: import io.github.sunthemoon.advancedrocketrycommunity.persistence.GuardedChunkSaves;
5: import net.minecraft.nbt.Tag;
6: import net.minecraftforge.event.level.BlockEvent;
7: import net.minecraftforge.event.level.ChunkDataEvent;
8: import net.minecraftforge.event.level.ExplosionEvent;
9: import net.minecraftforge.eventbus.api.SubscribeEvent;
10: import net.minecraftforge.fml.common.Mod;
11: 
12: /** Ordinary removal preserves unsupported input; oversized input vetoes the complete native chunk write. */
13: @Mod.EventBusSubscriber(modid = ModIdentity.MOD_ID)
21:                 && event.getLevel().getBlockState(position).getBlock() instanceof PressurizedTankBlock
22:                 && PressurizedTankBlock.protectedData(event.getLevel(), position));
23:     }
24:     @SubscribeEvent public static void chunkSave(ChunkDataEvent.Save event) {
25:         GuardedChunkSaves.beforeSave(event);
26:         var entities = event.getData().getList("block_entities", Tag.TAG_COMPOUND);
27:         if (entities.size() > 256 * event.getChunk().getHeight()) {
28:             GuardedChunkSaves.refuse(event, "Chunk block-entity count exceeds its physical bound");
29:         }
30:         for (int index = 0; index < entities.size(); index++) {
31:             var entity = entities.getCompound(index);
32:             if (entity.getString("id").equals("advancedrocketrycommunity:pressurized_tank")
33:                     && entity.contains(TankSave.ROOT) && !TankSave.bounded(entity.get(TankSave.ROOT))) {
34:                 GuardedChunkSaves.refuse(event, "Refusing oversized tank chunk save; back up and repair first");
35:             }
36:         }
37:     }
38:     private TankProtection() { }
39: }

CODE 3f3d62aed3980186fe0acc9592cf93ca436405fb src/main/java/io/github/sunthemoon/advancedrocketrycommunity/machine/tank/TankSave.java {'bytes': 4156, 'sha256': 'a090a4152aac71b32a217f43e2bcf31f30c872c781e0edfea0e9613255e5696c'}
12: 
13: /** Independent schema 1 shared verbatim between a tank BE and its dropped Item. */
14: public final class TankSave {
15:     public static final String ROOT = "arce_pressurized_tank";
16:     public static final int MAX_BYTES = 8_192;
17:     private static final Set<String> KEYS = Set.of("schema", "fluid");
18:     private static final Set<String> FLUID_KEYS = Set.of("FluidName", "Amount", "Tag");
19: 
20:     public static boolean bounded(Tag tag) { return BoundedNbt.fits(tag, MAX_BYTES, 16, 1_024); }
21: 
22:     public static boolean safe(FluidStack fluid) {
23:         if (fluid.isEmpty()) {
24:             return true;
25:         }
26:         if (fluid.getAmount() <= 0 || (fluid.hasTag() && !bounded(fluid.getTag()))) {
27:             return false;
28:         }
29:         ResourceLocation id = ForgeRegistries.FLUIDS.getKey(fluid.getFluid());
30:         return id != null && id.toString().length() <= ProcessResourceKey.MAX_RESOURCE_ID_CHARS
31:                 && ForgeRegistries.FLUIDS.containsKey(id) && fluid.getFluid() != Fluids.EMPTY
32:                 && bounded(fluid.writeToNBT(new CompoundTag()));
33:     }
34: 
35:     public static CompoundTag encode(FluidStack fluid) {
36:         if (!safe(fluid)) {
37:             throw new IllegalArgumentException("Fluid payload exceeds tank limits");
38:         }
39:         CompoundTag root = new CompoundTag();
40:         root.putInt("schema", 1);
41:         root.put("fluid", fluid.isEmpty() ? new CompoundTag() : fluid.writeToNBT(new CompoundTag()));
42:         if (!bounded(root)) {
43:             throw new IllegalArgumentException("Tank root exceeds aggregate budget");
44:         }
45:         // Forge's fluid writer retains the input Tag reference; copy only after aggregate preflight.
46:         return root.copy();
47:     }
48: 
49:     public static boolean fits(FluidStack fluid) {
50:         try { encode(fluid); return true; }
51:         catch (IllegalArgumentException refused) { return false; }
52:     }
53: 
54:     public static FluidStack decode(Tag raw) {
55:         if (!bounded(raw) || !(raw instanceof CompoundTag root) || !root.getAllKeys().equals(KEYS)
56:                 || !root.contains("schema", Tag.TAG_INT) || root.getInt("schema") != 1
57:                 || !root.contains("fluid", Tag.TAG_COMPOUND)) {
58:             throw new IllegalArgumentException("Unsupported tank root");
59:         }
60:         CompoundTag encoded = root.getCompound("fluid");
61:         if (encoded.isEmpty()) {
62:             return FluidStack.EMPTY;
63:         }
64:         if (!FLUID_KEYS.containsAll(encoded.getAllKeys()) || !encoded.contains("FluidName", Tag.TAG_STRING)
66:                 || (encoded.contains("Tag") && !encoded.contains("Tag", Tag.TAG_COMPOUND))) {
67:             throw new IllegalArgumentException("Invalid fluid envelope");
68:         }
69:         String name = encoded.getString("FluidName");
70:         ResourceLocation id = name.length() <= ProcessResourceKey.MAX_RESOURCE_ID_CHARS
71:                 ? ResourceLocation.tryParse(name) : null;
72:         if (id == null || !ForgeRegistries.FLUIDS.containsKey(id)
73:                 || ForgeRegistries.FLUIDS.getValue(id) == Fluids.EMPTY) {
74:             throw new IllegalArgumentException("Unknown or empty fluid identity");
75:         }
76:         FluidStack fluid = FluidStack.loadFluidStackFromNBT(encoded);
77:         if (!safe(fluid) || fluid.isEmpty() || !fluid.writeToNBT(new CompoundTag()).equals(encoded)) {
78:             throw new IllegalArgumentException("Tank fluid cannot be decoded losslessly");
79:         }

CODE 3f3d62aed3980186fe0acc9592cf93ca436405fb src/main/java/io/github/sunthemoon/advancedrocketrycommunity/machine/tank/PressurizedTankBlockEntity.java {'bytes': 12609, 'sha256': '9b76b380710e729f827ea82c72344b502de54b3557293f122cb17c7de12196a3'}
51:             TankTransfers.offer(level, tank, tank.dirtySince);
52:         }
53:     }
54: 
55:     public boolean repairRequired() { return missingRoot || refusedRoot != null; }
56:     public int capacity() { return capacity; }
57:     public FluidStack fluidState() { return repairRequired() ? FluidStack.EMPTY : fluid.copy(); }
58:     public boolean overCapacity() { return !repairRequired() && fluid.getAmount() > capacity; }
59:     public boolean transferDirty() { return dirty; }
60: 
61:     boolean available() {
62:         if (repairRequired() || operationLock || isRemoved() || !(level instanceof ServerLevel server)) { return false; }
63:         var chunk = server.getChunkSource().getChunkNow(worldPosition.getX() >> 4, worldPosition.getZ() >> 4);
64:         return chunk != null && chunk.getBlockEntity(worldPosition) == this;
217:         if (repairRequired()) { throw new IllegalStateException("Tank data requires backup and repair"); }
218:         return TankSave.encode(fluid);
219:     }
220: 
221:     @Override protected void saveAdditional(CompoundTag outer) {
222:         super.saveAdditional(outer);
223:         if (!missingRoot) {
224:             outer.put(TankSave.ROOT, refusedRoot != null ? (oversized ? refusedRoot : refusedRoot.copy())
225:                     : TankSave.encode(fluid));
226:         }
227:     }
228: 
229:     @Override public void load(CompoundTag outer) {
230:         if (operationLock) { throw new IllegalStateException("Reentrant tank load"); }
231:         super.load(outer);
232:         invalidateCaps();
233:         fluid = FluidStack.EMPTY;
234:         refusedRoot = null;
235:         missingRoot = !outer.contains(TankSave.ROOT);
236:         oversized = false;
237:         dirty = false;
238:         lastTransferTick = Long.MIN_VALUE;
239:         if (!missingRoot) {
240:             Tag raw = outer.get(TankSave.ROOT);
241:             oversized = !TankSave.bounded(raw);
242:             if (oversized) { refusedRoot = raw; }
243:             else {
244:                 try {
245:                     capacity = TankCapacity.fromMultiplier(multiplier.getAsDouble());
246:                     fluid = TankSave.decode(raw);
247:                 } catch (IllegalArgumentException refused) { refusedRoot = raw.copy(); }
248:             }
249:         }
250:         createCap();
251:         markTransferDirty();
252:     }
253: 
254:     @Override public void onLoad() { super.onLoad(); markTransferDirty(); }
255:     @Override public void setRemoved() { TankTransfers.cancel(this); super.setRemoved(); }
256:     @Override public void onChunkUnloaded() { TankTransfers.cancel(this); super.onChunkUnloaded(); }
257:     private void createCap() { long epoch = capEpoch; fluidCap = LazyOptional.of(() -> new TankFluidPort(this, epoch)); }
258:     @Override public void invalidateCaps() {
259:         super.invalidateCaps();
260:         TankTransfers.cancel(this);
261:         capEpoch++;
262:         if (fluidCap != null) { fluidCap.invalidate(); }
263:     }
264:     @Override public void reviveCaps() { super.reviveCaps(); createCap(); }
265:     boolean currentPort(long epoch) { return epoch == capEpoch && available(); }

CODE 3f3d62aed3980186fe0acc9592cf93ca436405fb src/main/java/io/github/sunthemoon/advancedrocketrycommunity/machine/pump/PumpProtection.java {'bytes': 3698, 'sha256': 'c8faa664809360ff827525f63581ed7491bd7aeeef14fa08c6160b605a2684d0'}
1: package io.github.sunthemoon.advancedrocketrycommunity.machine.pump;
2: 
3: import com.mojang.authlib.GameProfile;
4: import io.github.sunthemoon.advancedrocketrycommunity.ModIdentity;
5: import io.github.sunthemoon.advancedrocketrycommunity.persistence.GuardedChunkSaves;
6: import io.github.sunthemoon.advancedrocketrycommunity.endgame.protection.ForgeProtectionView;
7: import io.github.sunthemoon.advancedrocketrycommunity.endgame.root.EndgameSavedData;
8: import java.util.UUID;
9: import net.minecraft.core.BlockPos;
10: import net.minecraft.nbt.Tag;
11: import net.minecraft.server.level.ServerLevel;
12: import net.minecraft.world.level.block.state.BlockState;
13: import net.minecraftforge.common.MinecraftForge;
14: import net.minecraftforge.common.util.FakePlayerFactory;
45:                 && event.getLevel().getBlockState(pos).getBlock() instanceof PumpBlock
46:                 && PumpBlock.protectedData(event.getLevel(), pos));
47:     }
48:     @SubscribeEvent public static void chunkSave(ChunkDataEvent.Save event) {
49:         GuardedChunkSaves.beforeSave(event);
50:         var entities = event.getData().getList("block_entities", Tag.TAG_COMPOUND);
51:         if (entities.size() > 256 * event.getChunk().getHeight()) {
52:             GuardedChunkSaves.refuse(event, "Chunk block-entity count exceeds physical bound");
53:         }
54:         for (int index = 0; index < entities.size(); index++) {
55:             var entity = entities.getCompound(index);
56:             if (entity.getString("id").equals(ModIdentity.id("pump").toString()) && entity.contains(PumpSave.ROOT)
57:                     && !PumpSave.bounded(entity.get(PumpSave.ROOT))) {
58:                 GuardedChunkSaves.refuse(event, "Refusing oversized pump chunk save; back up and repair first");
59:             }
60:         }
61:     }
62:     private PumpProtection() { }
63: }

CODE 3f3d62aed3980186fe0acc9592cf93ca436405fb src/main/java/io/github/sunthemoon/advancedrocketrycommunity/machine/pump/PumpSave.java {'bytes': 5571, 'sha256': '2c0d3ec7b8abdd07faf2141e6d2eccd8bc3d08780a7e3a568f3a114fccc1ae72'}
12: 
13: /** Strict independent schema 1; preflight before recursive copies or fluid decoding. */
14: public final class PumpSave {
15:     public static final String ROOT = "arce_pump";
16:     public static final int MAX_BYTES = 8_192;
17:     private static final Set<String> REQUIRED = Set.of("schema", "energy", "cooldown", "fluid");
18:     private static final Set<String> ALLOWED = Set.of("schema", "energy", "cooldown", "fluid", "owner");
19:     private static final Set<String> FLUID_KEYS = Set.of("FluidName", "Amount", "Tag");
20:     public record Snapshot(UUID owner, int energy, int cooldown, FluidStack fluid) { }
21: 
22:     public static boolean bounded(Tag raw) { return BoundedNbt.fits(raw, MAX_BYTES, 16, 1_024); }
23:     public static CompoundTag encode(UUID owner, int energy, int cooldown, FluidStack fluid) {
24:         new PumpBudget.State(energy, fluid.getAmount(), cooldown);
25:         if (fluid.hasTag() && !bounded(fluid.getTag())) {
26:             throw new IllegalArgumentException("Pump fluid tag exceeds budget");
27:         }
28:         CompoundTag payload = new CompoundTag();
29:         if (!fluid.isEmpty()) {
30:             ResourceLocation id = ForgeRegistries.FLUIDS.getKey(fluid.getFluid());
31:             if (id == null || id.toString().length() > ProcessResourceKey.MAX_RESOURCE_ID_CHARS
32:                     || !ForgeRegistries.FLUIDS.containsKey(id)) {
33:                 throw new IllegalArgumentException("Pump fluid identity exceeds limits or is unregistered");
34:             }
35:             payload = fluid.writeToNBT(new CompoundTag());
36:             if (!FLUID_KEYS.containsAll(payload.getAllKeys())
37:                     || !payload.contains("FluidName", Tag.TAG_STRING)
38:                     || !id.toString().equals(payload.getString("FluidName"))
39:                     || !payload.contains("Amount", Tag.TAG_INT) || payload.getInt("Amount") != fluid.getAmount()
40:                     || (payload.contains("Tag") && !payload.contains("Tag", Tag.TAG_COMPOUND))) {
41:                 throw new IllegalArgumentException("Pump fluid envelope is not lossless");
42:             }
43:         }
44:         if (!bounded(payload)) {
45:             throw new IllegalArgumentException("Pump fluid payload exceeds budget");
46:         }
47:         CompoundTag root = new CompoundTag();
48:         root.putInt("schema", 1);
49:         root.putInt("energy", energy);
50:         root.putInt("cooldown", cooldown);
51:         if (owner != null) { root.putUUID("owner", owner); }
52:         root.put("fluid", payload);
53:         if (!bounded(root)) { throw new IllegalArgumentException("Pump root exceeds aggregate budget"); }
54:         return root.copy();
55:     }
56:     public static boolean fits(UUID owner, int energy, int cooldown, FluidStack fluid) {
57:         try { encode(owner, energy, cooldown, fluid); return true; }
58:         catch (IllegalArgumentException refused) { return false; }
59:     }
60:     public static Snapshot decode(Tag raw) {
61:         if (!bounded(raw) || !(raw instanceof CompoundTag root) || !root.getAllKeys().containsAll(REQUIRED)
62:                 || !ALLOWED.containsAll(root.getAllKeys()) || integer(root, "schema") != 1
63:                 || !root.contains("fluid", Tag.TAG_COMPOUND)
64:                 || (root.contains("owner") && !root.hasUUID("owner"))) {
65:             throw new IllegalArgumentException("Unsupported pump root");
66:         }
67:         UUID owner = root.contains("owner") ? root.getUUID("owner") : null;
68:         CompoundTag payload = root.getCompound("fluid");
69:         FluidStack fluid = FluidStack.EMPTY;
70:         if (!payload.isEmpty()) {
71:             if (!payload.getAllKeys().containsAll(Set.of("FluidName", "Amount"))
72:                     || !FLUID_KEYS.containsAll(payload.getAllKeys()) || !payload.contains("FluidName", Tag.TAG_STRING)
73:                     || !payload.contains("Amount", Tag.TAG_INT) || payload.getInt("Amount") <= 0
74:                     || payload.getString("FluidName").length() > ProcessResourceKey.MAX_RESOURCE_ID_CHARS
75:                     || (payload.contains("Tag") && !payload.contains("Tag", Tag.TAG_COMPOUND))) {
76:                 throw new IllegalArgumentException("Invalid pump fluid payload");
77:             }
78:             ResourceLocation id = ResourceLocation.tryParse(payload.getString("FluidName"));
79:             if (id == null || !ForgeRegistries.FLUIDS.containsKey(id)) {
80:                 throw new IllegalArgumentException("Unknown pump fluid");
81:             }
82:             fluid = FluidStack.loadFluidStackFromNBT(payload);
83:             if (fluid.isEmpty() || !fluid.writeToNBT(new CompoundTag()).equals(payload)) {

CODE 3f3d62aed3980186fe0acc9592cf93ca436405fb src/main/java/io/github/sunthemoon/advancedrocketrycommunity/machine/pump/PumpBlockEntity.java {'bytes': 17914, 'sha256': 'a1bfd56b63f297fac5e3811f25fb65c414f201e100d9905d1d1d6ce41c1c53a1'}
171:     public PumpCode status() { return repairRequired() ? PumpCode.REPAIR_REQUIRED : code; }
172:     public int energy() { return repairRequired() ? 0 : energy; }
173:     public int cooldown() { return cooldown; }
174:     public FluidStack fluid() { return repairRequired() ? FluidStack.EMPTY : tank.copy(); }
175:     public boolean repairRequired() { return refusedRoot != null; }
176:     boolean removalProtected() { return repairRequired() || operationLock; }
177:     private boolean live() {
178:         if (repairRequired() || isRemoved() || !(level instanceof ServerLevel server)) { return false; }
179:         var chunk = server.getChunkSource().getChunkNow(worldPosition.getX() >> 4, worldPosition.getZ() >> 4);
180:         return chunk != null && chunk.getBlockEntity(worldPosition) == this;
181:     }
182:     boolean available() { return !operationLock && live(); }
183:     boolean currentPort(long epoch) { return epoch == capEpoch && available(); }
184:     int receiveEnergy(int maximum, boolean simulate) {
196:     }
197:     /** Caller input can execute virtual serialization/copy methods; every such call is inside the lock. */
198:     private boolean validPayload(FluidStack stack) {
199:         return stack != null && !stack.isEmpty() && stack.getAmount() > 0
200:                 && (!stack.hasTag() || PumpSave.bounded(stack.getTag()))
201:                 && PumpSave.fits(owner, energy, cooldown, amountCopy(stack, 1));
202:     }
203:     int fill(FluidStack stack, boolean execute) {
204:         if (!available()) { return 0; }
205:         operationLock = true;
206:         try {
207:             if (!validPayload(stack) || !fluidMatches(stack)) { return 0; }
208:             int amount = Math.min(stack.getAmount(), PumpBudget.TANK - tank.getAmount());
209:             if (amount <= 0) { return 0; }
263:     }
264:     private static FluidStack amountCopy(FluidStack stack, int amount) {
265:         FluidStack copy = stack.copy(); copy.setAmount(amount); return copy;
266:     }
267:     @Override protected void saveAdditional(CompoundTag outer) {
268:         super.saveAdditional(outer);
269:         outer.put(PumpSave.ROOT, refusedRoot != null ? (oversized ? refusedRoot : refusedRoot.copy())
270:                 : PumpSave.encode(owner, energy, cooldown, tank));
271:     }
272:     public CompoundTag carriedRoot() {
273:         if (removalProtected()) { throw new IllegalStateException("Pump resources require repair or are busy"); }
274:         return PumpSave.encode(owner, energy, cooldown, tank);
275:     }
276:     @Override public boolean onlyOpCanSetNbt() { return true; }
277:     @Override public void load(CompoundTag outer) {
278:         if (operationLock) { throw new IllegalStateException("Cannot load pump resources during an external operation"); }
279:         super.load(outer);
280:         owner = null; energy = 0; cooldown = 0; tank = FluidStack.EMPTY; refusedRoot = null; oversized = false;
281:         search = null; wake = true; code = PumpCode.NO_OWNER;
282:         if (outer.contains(PumpSave.ROOT)) {
283:             Tag raw = outer.get(PumpSave.ROOT);
284:             oversized = !PumpSave.bounded(raw);
285:             if (oversized) { refusedRoot = raw; }
286:             else {
287:                 try {
288:                     PumpSave.Snapshot saved = PumpSave.decode(raw);
289:                     owner = saved.owner(); energy = saved.energy(); cooldown = saved.cooldown(); tank = saved.fluid();
290:                 } catch (IllegalArgumentException refused) { refusedRoot = raw.copy(); }
291:             }
292:         }
293:     }
294:     private void createCaps() {
295:         long epoch = capEpoch;
296:         energyCap = LazyOptional.of(() -> new PumpPorts.Energy(this, epoch));
297:         fluidCap = LazyOptional.of(() -> new PumpPorts.Fluid(this, epoch));
298:     }
299:     @Override public void invalidateCaps() {
300:         super.invalidateCaps(); capEpoch++; energyCap.invalidate(); fluidCap.invalidate(); search = null; wake = true;
301:     }
302:     @Override public void reviveCaps() { super.reviveCaps(); createCaps(); }
303:     @Override public void onChunkUnloaded() { search = null; wake = true; super.onChunkUnloaded(); }
304:     @Override @Nonnull public <T> LazyOptional<T> getCapability(@Nonnull Capability<T> capability, @Nullable Direction side) {
305:         if (!available()) { return LazyOptional.empty(); }
306:         if (capability == ForgeCapabilities.ENERGY) { return energyCap.cast(); }
307:         if (capability == ForgeCapabilities.FLUID_HANDLER) { return fluidCap.cast(); }
308:         return super.getCapability(capability, side);
309:     }
310: }

CODE 3f3d62aed3980186fe0acc9592cf93ca436405fb src/main/java/io/github/sunthemoon/advancedrocketrycommunity/machine/combustion/CombustionProtection.java {'bytes': 2624, 'sha256': '5197fbd70e879e2d5c7fcfe222fa59d45cbed0ad9bebcd955e54d822121a3eac'}
1: package io.github.sunthemoon.advancedrocketrycommunity.machine.combustion;
2: 
3: import io.github.sunthemoon.advancedrocketrycommunity.AdvancedRocketryCommunity;
4: import io.github.sunthemoon.advancedrocketrycommunity.persistence.GuardedChunkSaves;
5: import net.minecraftforge.event.level.BlockEvent;
6: import net.minecraftforge.event.level.ExplosionEvent;
7: import net.minecraftforge.event.level.ChunkDataEvent;
8: import net.minecraft.nbt.Tag;
9: import net.minecraftforge.eventbus.api.SubscribeEvent;
10: import net.minecraftforge.fml.common.Mod;
11: 
12: /** Refuse ordinary removal before vanilla computes drops, including creative breaking and explosions. */
13: @Mod.EventBusSubscriber(modid = AdvancedRocketryCommunity.MOD_ID)
28:     }
29: 
30:     @SubscribeEvent
31:     public static void chunkSave(ChunkDataEvent.Save event) {
32:         GuardedChunkSaves.beforeSave(event);
33:         var entities = event.getData().getList("block_entities", Tag.TAG_COMPOUND);
34:         // A chunk has 256 columns and at most Level's build-height range of blocks. No world lookup or chunk load.
35:         int maximum = 256 * event.getChunk().getHeight();
36:         if (entities.size() > maximum) {
37:             GuardedChunkSaves.refuse(event, "Chunk block-entity count exceeds its physical bound");
38:         }
39:         for (int index = 0; index < entities.size(); index++) {
40:             var entity = entities.getCompound(index);
41:             if (entity.getString("id").equals("advancedrocketrycommunity:combustion_generator")
42:                     && entity.contains(CombustionSave.ROOT) && !CombustionSave.bounded(entity.get(CombustionSave.ROOT))) {
43:                 // ChunkMap clears the dirty flag before serialization/event dispatch. Preserve a retry after repair.
44:                 GuardedChunkSaves.refuse(event, "Refusing chunk save with oversized combustion input; back up and repair first");
45:             }
46:         }
47:     }
48: 
49:     private CombustionProtection() { }
50: }

CODE 3f3d62aed3980186fe0acc9592cf93ca436405fb src/main/java/io/github/sunthemoon/advancedrocketrycommunity/machine/combustion/CombustionSave.java {'bytes': 4256, 'sha256': '1a172a826c5aab3ed541f10518d78e11c203ba9f8d442703964b891ddf896c7e'}
10: 
11: /** Independent ADR-064 schema. Preflight precedes recursive copies and ItemStack decoding. */
12: public final class CombustionSave {
13:     public static final String ROOT = "arce_combustion_generator";
14:     public static final int MAX_BYTES = 8_192;
15:     private static final Set<String> KEYS = Set.of("schema", "energy", "duration", "remaining", "fuel");
16:     private static final Set<String> ITEM_KEYS = Set.of("id", "Count", "tag", "ForgeCaps");
17: 
18:     public record Snapshot(CombustionBurn.State burn, ItemStack fuel) { }
19: 
20:     public static boolean bounded(Tag tag) {
21:         return BoundedNbt.fits(tag, MAX_BYTES, 16, 1_024);
22:     }
23: 
24:     public static boolean safeStack(ItemStack stack) {
25:         if (stack.isEmpty()) {
26:             return true;
27:         }
28:         if (stack.getCount() <= 0 || stack.getCount() > Math.min(64, stack.getMaxStackSize())
29:                 || (stack.getTag() != null && !bounded(stack.getTag()))) {
30:             return false;
31:         }
32:         return bounded(stack.serializeNBT());
33:     }
34: 
35:     public static CompoundTag encode(CombustionBurn.State burn, ItemStack fuel) {
36:         if (!safeStack(fuel)) {
37:             throw new IllegalArgumentException("Fuel payload exceeds combustion limits");
38:         }
39:         CompoundTag root = new CompoundTag();
40:         root.putInt("schema", 1);
41:         root.putInt("energy", burn.energy());
42:         root.putInt("duration", burn.duration());
43:         root.putInt("remaining", burn.remaining());
44:         root.put("fuel", fuel.isEmpty() ? new CompoundTag() : fuel.serializeNBT());
45:         if (!bounded(root)) {
46:             throw new IllegalArgumentException("Combustion root exceeds its aggregate budget");
47:         }
48:         return root;
49:     }
50: 
51:     public static boolean fits(CombustionBurn.State burn, ItemStack fuel) {
52:         try {
53:             encode(burn, fuel);
54:             return true;
57:         }
58:     }
59: 
60:     public static Snapshot decode(Tag raw) {
61:         if (!bounded(raw) || !(raw instanceof CompoundTag root) || !root.getAllKeys().equals(KEYS)
62:                 || integer(root, "schema") != 1 || !root.contains("fuel", Tag.TAG_COMPOUND)) {
63:             throw new IllegalArgumentException("Unsupported combustion root");
64:         }
65:         CombustionBurn.State state = new CombustionBurn.State(integer(root, "energy"),
66:                 integer(root, "duration"), integer(root, "remaining"));
67:         CompoundTag item = root.getCompound("fuel");
68:         if (item.isEmpty()) {
69:             return new Snapshot(state, ItemStack.EMPTY);
70:         }

CODE 3f3d62aed3980186fe0acc9592cf93ca436405fb src/main/java/io/github/sunthemoon/advancedrocketrycommunity/machine/combustion/CombustionGeneratorBlockEntity.java {'bytes': 12902, 'sha256': 'a623810ece45a6532d492848ffce6c96f79fd5de49b20096199c28cfedd9ccee'}
133:         }
134:     }
135: 
136:     public boolean repairRequired() {
137:         return refusedRoot != null;
138:     }
139: 
140:     boolean available() {
141:         if (repairRequired() || operationLock || isRemoved() || !(level instanceof ServerLevel serverLevel)) {
142:             return false;
143:         }
144:         var chunk = serverLevel.getChunkSource().getChunkNow(worldPosition.getX() >> 4, worldPosition.getZ() >> 4);
145:         return chunk != null && chunk.getBlockEntity(worldPosition) == this;
146:     }
171:         }
172:         operationLock = true;
173:         try {
174:             int ticks = fuelTicks(stack);
175:             return ticks > 0 && ticks <= CombustionBurn.MAX_BURN_TICKS && CombustionSave.fits(burn, stack);
176:         } finally {
177:             operationLock = false;
178:         }
179:     }
180: 
181:     public boolean setFuelFromMenu(ItemStack stack) {
182:         if (!available() || !CombustionSave.safeStack(stack) || !CombustionSave.fits(burn, stack)) {
183:             return false;
184:         }
262:         return result;
263:     }
264: 
265:     @Override
266:     protected void saveAdditional(CompoundTag outer) {
267:         super.saveAdditional(outer);
268:         // LevelChunk catches BE save exceptions and omits that BE. Preserve the raw reference instead (ADR-027);
269:         // CombustionProtection vetoes the complete outgoing chunk before storage writes oversized input.
270:         outer.put(CombustionSave.ROOT, refusedRoot != null ? (oversized ? refusedRoot : refusedRoot.copy())
271:                 : CombustionSave.encode(burn, fuel));
272:     }
273: 
274:     @Override
275:     public void load(CompoundTag outer) {
276:         super.load(outer);
277:         burn = new CombustionBurn.State(0, 0, 0);
278:         fuel = ItemStack.EMPTY;
279:         refusedRoot = null;
280:         oversized = false;
281:         status = CombustionBurn.Status.NO_FUEL;
282:         if (outer.contains(CombustionSave.ROOT)) {
283:             Tag raw = outer.get(CombustionSave.ROOT);
284:             oversized = !CombustionSave.bounded(raw);
285:             if (oversized) {
286:                 refusedRoot = raw; // Never copy this unbounded input or substitute an empty resource root.
287:             } else {
288:                 try {
289:                     CombustionSave.Snapshot saved = CombustionSave.decode(raw);
290:                     burn = saved.burn();
291:                     fuel = saved.fuel();
292:                 } catch (IllegalArgumentException refused) {
293:                     refusedRoot = raw.copy();
294:                 }
295:             }
296:         }
297:     }
298: 
299:     private void createCaps() {
300:         long epoch = capEpoch;
301:         itemCap = LazyOptional.of(() -> new CombustionPorts.Items(this, epoch));
302:         energyCap = LazyOptional.of(() -> new CombustionPorts.Energy(this, epoch));

CODE 3f3d62aed3980186fe0acc9592cf93ca436405fb src/main/java/io/github/sunthemoon/advancedrocketrycommunity/machine/recipe/RecipeSignatureProtection.java {'bytes': 3503, 'sha256': '51e41e64013d3c410c76a0a5d07f2c8b92d54e67737ad4ea30808d5d183641f9'}
1: package io.github.sunthemoon.advancedrocketrycommunity.machine.recipe;
2: 
3: import io.github.sunthemoon.advancedrocketrycommunity.AdvancedRocketryCommunity;
4: import io.github.sunthemoon.advancedrocketrycommunity.persistence.GuardedChunkSaves;
5: import java.util.Set;
6: import net.minecraft.core.BlockPos;
7: import net.minecraft.nbt.CompoundTag;
8: import net.minecraft.nbt.Tag;
9: import net.minecraft.server.level.ServerLevel;
10: import net.minecraft.world.level.BlockGetter;
11: import net.minecraftforge.event.entity.living.LivingDestroyBlockEvent;
12: import net.minecraftforge.event.level.BlockEvent;
13: import net.minecraftforge.event.level.ChunkDataEvent;
14: import net.minecraftforge.event.level.ExplosionEvent;
15: import net.minecraftforge.eventbus.api.SubscribeEvent;
16: import net.minecraftforge.fml.common.Mod;
17: 
18: /** Refuse removal and veto oversized saves without asking LevelChunk to omit a BlockEntity. */
19: @Mod.EventBusSubscriber(modid = AdvancedRocketryCommunity.MOD_ID)
20: public final class RecipeSignatureProtection {
21:     private static final Set<String> CONTROLLER_IDS = Set.of(
22:             "advancedrocketrycommunity:rolling_machine",
23:             "advancedrocketrycommunity:precision_assembler",
24:             "advancedrocketrycommunity:electrolyzer");
25: 
26:     @SubscribeEvent
27:     public static void breaking(BlockEvent.BreakEvent event) {
28:         if (blocksRemoval(event.getLevel(), event.getPos())) { event.setCanceled(true); }
29:     }
30: 
31:     @SubscribeEvent
32:     public static void entityDestruction(LivingDestroyBlockEvent event) {
33:         if (blocksRemoval(event.getEntity().level(), event.getPos())) { event.setCanceled(true); }
34:     }
35: 
36:     @SubscribeEvent
37:     public static void explosion(ExplosionEvent.Detonate event) {
38:         event.getAffectedBlocks().removeIf(position -> blocksRemoval(event.getLevel(), position));
39:     }
40: 
41:     @SubscribeEvent
42:     public static void chunkSave(ChunkDataEvent.Save event) {
43:         GuardedChunkSaves.beforeSave(event);
44:         try {
45:             requireBoundedChunk(event.getData(), 256 * event.getChunk().getHeight(), () -> { });
46:         } catch (IllegalStateException refused) {
47:             // Persist the transient denial before ChunkMap can clear the live BlockEntity list.
48:             GuardedChunkSaves.refuse(event, refused.getMessage());
49:         }
50:     }
51: 
52:     static void requireBoundedChunk(CompoundTag data, int maximumEntities, Runnable retainRetry) {
53:         var entities = data.getList("block_entities", Tag.TAG_COMPOUND);
54:         if (entities.size() > maximumEntities) {
55:             retainRetry.run();
56:             throw new IllegalStateException("Chunk block-entity count exceeds its physical bound");
57:         }
58:         for (int index = 0; index < entities.size(); index++) {
59:             CompoundTag entity = entities.getCompound(index);
60:             if (CONTROLLER_IDS.contains(entity.getString("id")) && !RecipeSignatureMigration.bounded(entity)) {
61:                 retainRetry.run();
62:                 throw new IllegalStateException("Refusing chunk save with oversized recipe input; back up and repair first");
63:             }
64:         }
65:     }
66: 
67:     /** Shared by Forge entity hooks and events; never load a missing chunk. */
68:     public static boolean blocksRemoval(BlockGetter level, BlockPos position) {
69:         return level instanceof ServerLevel server && server.hasChunkAt(position)
70:                 && server.getBlockEntity(position) instanceof RecipeSignatureProtected guarded
71:                 && guarded.preservesRecipeInput();
72:     }
73: 
74:     private RecipeSignatureProtection() { }
75: }

CODE 3f3d62aed3980186fe0acc9592cf93ca436405fb src/main/java/io/github/sunthemoon/advancedrocketrycommunity/machine/recipe/RecipeSignatureMigration.java {'bytes': 5746, 'sha256': 'fc249343b244ead3778c4919882742f522fd57f9b75031799adb50a46c207383'}
10: /** Marker codec and same-snapshot preservation guard; existing process/journal codecs remain unchanged. */
11: public final class RecipeSignatureMigration {
12:     public static final String ROOT = "arce_recipe_signature";
13:     public static final int SCHEMA = 1;
14:     public static final int MAX_BYTES = 1_024;
15:     private static final String PROCESS_ROOT = "arce_process";
16:     private static final String JOURNAL_ROOT = "arce_process_journal";
17:     private static final String LEGACY_ROOT = "arce_machine";
18:     private static final Set<String> IDLE_FIELDS = Set.of("schema_version", "format", "converted");
19:     private static final Set<String> ACTIVE_FIELDS = Set.of("schema_version", "format", "converted", "recipe_id");
20:     private boolean current = true;
21:     private boolean unsupported;
22:     private boolean oversized;
23:     private boolean converted;
26:     private Tag oldJournal;
27:     private Tag oldLegacy;
28: 
29:     public void reset() {
30:         current = true; unsupported = false; oversized = false; converted = false;
31:         rawMarker = null; oldProcess = null; oldJournal = null; oldLegacy = null;
32:     }
33: 
34:     /** Must run before existing recursive codecs, copying, equality or item decoding. */
35:     public static boolean bounded(CompoundTag parent) {
36:         return boundedRoot(parent, ROOT) && boundedRoot(parent, PROCESS_ROOT)
37:                 && boundedRoot(parent, JOURNAL_ROOT) && boundedRoot(parent, LEGACY_ROOT);
38:     }
39: 
40:     private static boolean boundedRoot(CompoundTag parent, String key) {
41:         Tag raw = parent.get(key);
42:         return raw == null || BoundedNbt.fits(raw, ROOT.equals(key) ? MAX_BYTES : 65_536,
43:                 ROOT.equals(key) ? 16 : 20, ROOT.equals(key) ? 256 : 4_096);
44:     }
45: 
46:     public void load(CompoundTag parent, boolean hasWork, @Nullable String retainedRecipeId) {
47:         reset();
48:         current = false;
49:         oversized = !bounded(parent);
50:         // Hold unbounded roots by reference only; veto their outgoing chunk before storage writes.
51:         // Throwing inside saveAdditional would instead let LevelChunk omit the BlockEntity.
52:         rawMarker = capture(parent, ROOT);
53:         oldProcess = capture(parent, PROCESS_ROOT);
54:         oldJournal = capture(parent, JOURNAL_ROOT);
55:         oldLegacy = capture(parent, LEGACY_ROOT);
56:         if (oversized) { unsupported = true; return; }
57:         if (rawMarker == null) {
58:             if (!hasWork) { accept(); }
107:     }
108: 
109:     private Tag capture(CompoundTag parent, String key) {
110:         Tag raw = parent.get(key);
111:         return raw == null || !boundedRoot(parent, key) ? raw : raw.copy();
112:     }
113: 
114:     private void restore(CompoundTag parent, String key, Tag raw) {
115:         if (raw == null) { parent.remove(key); }
116:         else { parent.put(key, oversized ? raw : raw.copy()); }
117:     }
118: 
119:     private static boolean validRecipeId(String value) {
120:         ResourceLocation id = value.length() <= io.github.sunthemoon.advancedrocketrycommunity.machine.process
121:                 .ProcessResourceKey.MAX_RESOURCE_ID_CHARS ? ResourceLocation.tryParse(value) : null;
122:         return id != null && id.toString().equals(value);
123:     }
124: }

CODE 3f3d62aed3980186fe0acc9592cf93ca436405fb src/main/java/io/github/sunthemoon/advancedrocketrycommunity/gametest/GuardedChunkSaveGameTests.java {'bytes': 3322, 'sha256': '0370ab962bbead23ab54c9632d863a9b1914cbbed5822b538e33f157590869d7'}
1: package io.github.sunthemoon.advancedrocketrycommunity.gametest;
2: 
3: import io.github.sunthemoon.advancedrocketrycommunity.ModIdentity;
4: import io.github.sunthemoon.advancedrocketrycommunity.persistence.GuardedChunkSaves;
5: import net.minecraft.gametest.framework.GameTest;
6: import net.minecraft.gametest.framework.GameTestHelper;
7: import net.minecraft.nbt.CompoundTag;
8: import net.minecraft.world.level.chunk.LevelChunk;
9: import net.minecraftforge.event.level.ChunkDataEvent;
10: import net.minecraftforge.gametest.GameTestHolder;
11: import net.minecraftforge.gametest.PrefixGameTestTemplate;
12: 
13: /** Native byte preservation is checked separately; these exercise the real Level-owned event bridge. */
14: @GameTestHolder(ModIdentity.MOD_ID)
15: @PrefixGameTestTemplate(false)
16: public final class GuardedChunkSaveGameTests {
17:     @GameTest(template = "empty", timeoutTicks = 20)
18:     public static void rejectedChunkRefusesLaterEmptySerialization(GameTestHelper helper) {
19:         var chunk = helper.getLevel().getChunkAt(helper.absolutePos(net.minecraft.core.BlockPos.ZERO));
20:         String reason = "Guarded-save fixture rejection";
21:         try {
22:             expectRefusal(helper, reason, () -> GuardedChunkSaves.refuse(
23:                     new ChunkDataEvent.Save(chunk, helper.getLevel(), new CompoundTag()), reason));
24:             chunk.setUnsaved(false);
25:             expectRefusal(helper, reason, () -> GuardedChunkSaves.beforeSave(
26:                     new ChunkDataEvent.Save(chunk, helper.getLevel(), new CompoundTag())));
27:             helper.assertTrue(chunk.isUnsaved(), "Empty retry erased the original denial/dirty flag");
28:         } finally {
29:             GuardedChunkSaves.restoreGameTestFixture(helper.getLevel(), chunk.getPos());
30:         }
31:         helper.succeed();
32:     }
33: 
34:     @GameTest(template = "empty", timeoutTicks = 20)
35:     public static void denialSurvivesReplacementOfTheLiveChunkObject(GameTestHelper helper) {
36:         var chunk = helper.getLevel().getChunkAt(helper.absolutePos(net.minecraft.core.BlockPos.ZERO));
37:         String reason = "Guarded-save chunk-identity fixture";
38:         try {
39:             expectRefusal(helper, reason, () -> GuardedChunkSaves.refuse(
40:                     new ChunkDataEvent.Save(chunk, helper.getLevel(), new CompoundTag()), reason));
41:             // Disjoint unregistered Java object, never inserted into the Level or used to load a chunk.
42:             var replacement = new LevelChunk(helper.getLevel(), chunk.getPos());
43:             replacement.setUnsaved(false);
44:             expectRefusal(helper, reason, () -> GuardedChunkSaves.beforeSave(
45:                     new ChunkDataEvent.Save(replacement, helper.getLevel(), new CompoundTag())));
46:             helper.assertTrue(replacement.isUnsaved(), "Changed BE/chunk lifetime bypassed refusal identity");
47:         } finally {
48:             GuardedChunkSaves.restoreGameTestFixture(helper.getLevel(), chunk.getPos());
49:         }
50:         helper.succeed();
51:     }
52: 
53:     private static void expectRefusal(GameTestHelper helper, String reason, Runnable action) {
54:         try { action.run(); helper.fail("Rejected chunk save was admitted"); }
55:         catch (IllegalStateException refused) {
56:             helper.assertTrue(reason.equals(refused.getMessage()), "Different failure masked the denial check");
57:         }
58:     }
59: 
60:     private GuardedChunkSaveGameTests() { }
61: }

CODE 3f3d62aed3980186fe0acc9592cf93ca436405fb src/main/java/io/github/sunthemoon/advancedrocketrycommunity/gametest/RecipeSignatureSaveEventGameTests.java {'bytes': 4045, 'sha256': '715ff5fdd969ed321f887db9fb011e2c973ab47ab73ef0b5da76797ae27bdd5a'}
1: package io.github.sunthemoon.advancedrocketrycommunity.gametest;
2: 
3: import io.github.sunthemoon.advancedrocketrycommunity.ModIdentity;
4: import io.github.sunthemoon.advancedrocketrycommunity.persistence.GuardedChunkSaves;
5: import net.minecraft.gametest.framework.GameTest;
6: import net.minecraft.gametest.framework.GameTestHelper;
7: import net.minecraft.nbt.CompoundTag;
8: import net.minecraft.nbt.ListTag;
9: import net.minecraft.world.level.ChunkPos;
10: import net.minecraft.world.level.chunk.LevelChunk;
11: import net.minecraftforge.common.MinecraftForge;
12: import net.minecraftforge.event.level.ChunkDataEvent;
13: import net.minecraftforge.gametest.GameTestHolder;
27:         for (String id : IDS) {
28:             for (String root : ROOTS) {
29:                 try {
30:                     CompoundTag carrier = new CompoundTag(); carrier.putString("id", ModIdentity.id(id).toString());
31:                     CompoundTag oversized = new CompoundTag();
32:                     oversized.putByteArray("payload", new byte[root.equals("arce_recipe_signature") ? 1_024 : 65_536]);
33:                     carrier.put(root, oversized);
34:                     ListTag entities = new ListTag(); entities.add(carrier);
35:                     CompoundTag outgoing = new CompoundTag(); outgoing.put("block_entities", entities);
36:                     chunk.setUnsaved(false);
37:                     rejected(helper, new ChunkDataEvent.Save(chunk, helper.getLevel(), outgoing));
38:                     helper.assertTrue(chunk.isUnsaved(), "Initial recipe refusal lost retry flag: " + id + "/" + root);
39:                     chunk.setUnsaved(false);
40:                     rejected(helper, new ChunkDataEvent.Save(chunk, helper.getLevel(), new CompoundTag()));
41:                     helper.assertTrue(chunk.isUnsaved(), "Empty recipe retry lost Level-owned denial: " + id + "/" + root);
42:                 } finally {
43:                     // No live BE/resource was changed: only this synthetic outgoing tag existed.
44:                     GuardedChunkSaves.restoreGameTestFixture(helper.getLevel(), chunk.getPos());
45:                 }
46:             }
47:         }
48:         helper.succeed();
49:     }
50: 
51:     @GameTest(template = "empty", timeoutTicks = 20)
52:     public static void anUnrelatedUndeniedOutgoingChunkStillSaves(GameTestHelper helper) {
53:         // Unregistered object, never inserted in the chunk source or used to load world data.

CODE 3f3d62aed3980186fe0acc9592cf93ca436405fb src/main/java/io/github/sunthemoon/advancedrocketrycommunity/machine/precision/PrecisionAssemblerManager.java {'bytes': 20001, 'sha256': '0d0c009d4a7257e40a85b42fe7dd2917a6dd9e153de8a4cc697b58186fe96bdc'}
25: import net.minecraft.world.level.block.entity.BlockEntity;
26: 
27: /** Bounded dirty validation and footprint index for Precision Assembler formation. */
28: public final class PrecisionAssemblerManager {
29:     public static final int MAX_TRACKED_CONTROLLERS = 16_384;
30:     public static final int MAX_TRACKED_CELL_REFERENCES = 1_000_000;
31:     public static final int MAX_CONTROLLERS_PER_TICK = 32;
32:     public static final int MAX_CELLS_PER_TICK = 8_192;
33:     public static final int MAX_PROCESSES_PER_TICK = 256;
34:     public static final int MAX_MIGRATIONS_PER_TICK = 4;
35: 
36:     private final MultiblockPatternCatalogManager patterns;
37:     private final MultiblockFootprintIndex footprints = new MultiblockFootprintIndex(
38:             MAX_TRACKED_CONTROLLERS,
39:             MAX_TRACKED_CELL_REFERENCES
40:     );
41:     private final MultiblockDirtyQueue dirty = new MultiblockDirtyQueue(
42:             MAX_TRACKED_CONTROLLERS,
43:             MAX_CONTROLLERS_PER_TICK,
44:             MAX_CELLS_PER_TICK
45:     );
46:     private final LinkedHashSet<MultiblockControllerKey> dirtyRetries = new LinkedHashSet<>();
47:     private final LinkedHashSet<MultiblockControllerKey> reindexPending = new LinkedHashSet<>();
48:     private final LinkedHashSet<MultiblockControllerKey> processReady = new LinkedHashSet<>();
49:     private long observedCatalogGeneration = -1L;
50: 
51:     public PrecisionAssemblerManager(MultiblockPatternCatalogManager patterns) {
52:         this.patterns = java.util.Objects.requireNonNull(patterns, "patterns");
53:     }
156: 
157:     private void processReindex(MinecraftServer server) {
158:         Iterator<MultiblockControllerKey> iterator = reindexPending.iterator();
159:         int processed = 0;
160:         while (iterator.hasNext() && processed < MAX_CONTROLLERS_PER_TICK) {
161:             MultiblockControllerKey key = iterator.next();
162:             iterator.remove();
163:             processed++;
164:             ServerLevel level = server.getLevel(key.level());
165:             if (level == null || !level.hasChunkAt(key.position())) {
166:                 continue;
167:             }
168:             BlockEntity blockEntity = level.getBlockEntity(key.position());
169:             if (blockEntity instanceof PrecisionAssemblerBlockEntity controller) {
176: 
177:     private void retryDirtyQueue() {
178:         Iterator<MultiblockControllerKey> iterator = dirtyRetries.iterator();
179:         int attempted = 0;
180:         while (iterator.hasNext() && attempted < MAX_CONTROLLERS_PER_TICK) {
181:             MultiblockControllerKey key = iterator.next();
182:             attempted++;
183:             DirtyEnqueueResult result = dirty.enqueue(key, patternCellCount());
184:             if (result != DirtyEnqueueResult.QUEUE_FULL) {
185:                 iterator.remove();
186:             } else {
187:                 break;
188:             }
189:         }
213:             } else {
214:                 processReady.remove(key);
215:             }
216:         } catch (RuntimeException exception) {
217:             if (dirtyRetries.size() < MAX_TRACKED_CONTROLLERS) {
218:                 dirtyRetries.add(key);
219:             }
220:             AdvancedRocketryCommunity.LOGGER.error(
221:                     "Precision Assembler validation failed at {} in {}",
222:                     key.position(), key.level().location(), exception
223:             );
224:         }
225:     }
226: 
256: 
257:     private void enqueue(MultiblockControllerKey key) {
258:         DirtyEnqueueResult result = dirty.enqueue(key, patternCellCount());
259:         if (result == DirtyEnqueueResult.QUEUE_FULL
260:                 && dirtyRetries.size() < MAX_TRACKED_CONTROLLERS) {
261:             dirtyRetries.add(key);
262:         }
263:     }
264: 
265:     private void enqueueProcess(MultiblockControllerKey key) {
266:         if (processReady.size() < MAX_TRACKED_CONTROLLERS || processReady.contains(key)) {
267:             processReady.add(key);
268:         } else {
269:             AdvancedRocketryCommunity.LOGGER.error(
270:                     "Precision Assembler process queue limit rejected controller at {} in {}",
271:                     key.position(), key.level().location()
272:             );
273:         }
274:     }
275: 
278:         List<MultiblockControllerKey> requeue = new ArrayList<>();
279:         Map<ServerLevel, List<PendingMigration>> migrations = new LinkedHashMap<>();
280:         int migrationCount = 0;
281:         int processed = 0;
282:         while (iterator.hasNext() && processed < MAX_PROCESSES_PER_TICK) {
283:             MultiblockControllerKey key = iterator.next();
284:             iterator.remove();
285:             processed++;
286:             ServerLevel level = server.getLevel(key.level());
287:             if (level == null || !level.hasChunkAt(key.position())) {
288:                 continue;
289:             }
290:             BlockEntity blockEntity = level.getBlockEntity(key.position());
291:             if (!(blockEntity instanceof PrecisionAssemblerBlockEntity controller)) {
293:                 continue;
294:             }
295:             try {
296:                 if (controller.needsResourceMigration()) {
297:                     if (migrationCount < MAX_MIGRATIONS_PER_TICK) {
298:                         migrations.computeIfAbsent(level, ignored -> new ArrayList<>())
299:                                 .add(new PendingMigration(key, controller));
300:                         migrationCount++;
301:                     } else {
302:                         requeue.add(key);
303:                     }
304:                     continue;
305:                 }
306:                 if (controller.tickProcess(level)) {
335:                         candidate.key().position(), candidate.key().level().location(), exception
336:                 );
337:             }
338:         }
339:         if (prepared.isEmpty() || !flushMigrationBarrier(level, "controller snapshot")) {
340:             return;
341:         }
342:         PrecisionAssemblerMigrationSaveVerifier firstSave = new PrecisionAssemblerMigrationSaveVerifier(level);
343:         List<PendingMigration> durablePrepared = new ArrayList<>();
344:         for (PendingMigration candidate : prepared) {
345:             if (migrationIsLoaded(level, candidate)
346:                     && migrationSaved(level, candidate, firstSave, false)) {
347:                 durablePrepared.add(candidate);
348:             }
360:                         candidate.key().position(), candidate.key().level().location(), exception
361:                 );
362:             }
363:         }
364:         if (marked.isEmpty() || !flushMigrationBarrier(level, "port markers")) {
365:             return;
366:         }
367:         PrecisionAssemblerMigrationSaveVerifier secondSave = new PrecisionAssemblerMigrationSaveVerifier(level);
368:         for (PendingMigration candidate : marked) {
369:             try {
370:                 if (migrationIsLoaded(level, candidate)
371:                         && migrationSaved(level, candidate, secondSave, true)
372:                         && candidate.controller().activateMigratedItems(level)) {
373:                     enqueueProcess(candidate.key());
417:                 && !candidate.controller().isRemoved()
418:                 && level.getBlockEntity(candidate.key().position()) == candidate.controller();
419:     }
420: 
421:     private static boolean flushMigrationBarrier(ServerLevel level, String phase) {
422:         try {
423:             level.getChunkSource().save(true);
424:             return true;
425:         } catch (RuntimeException exception) {
426:             AdvancedRocketryCommunity.LOGGER.error(
427:                     "Precision Assembler legacy Item migration {} save barrier failed in {}",
428:                     phase, level.dimension().location(), exception
429:             );
430:             return false;
431:         }
432:     }

QUERY guard-consumers 
3f3d62aed3980186fe0acc9592cf93ca436405fb:src/main/java/io/github/sunthemoon/advancedrocketrycommunity/gametest/CombustionGeneratorGameTests.java:260:        io.github.sunthemoon.advancedrocketrycommunity.persistence.GuardedChunkSaves.restoreGameTestFixture(helper.getLevel(), chunk.getPos());
3f3d62aed3980186fe0acc9592cf93ca436405fb:src/main/java/io/github/sunthemoon/advancedrocketrycommunity/gametest/GuardedChunkSaveGameTests.java:4:import io.github.sunthemoon.advancedrocketrycommunity.persistence.GuardedChunkSaves;
3f3d62aed3980186fe0acc9592cf93ca436405fb:src/main/java/io/github/sunthemoon/advancedrocketrycommunity/gametest/GuardedChunkSaveGameTests.java:22:            expectRefusal(helper, reason, () -> GuardedChunkSaves.refuse(
3f3d62aed3980186fe0acc9592cf93ca436405fb:src/main/java/io/github/sunthemoon/advancedrocketrycommunity/gametest/GuardedChunkSaveGameTests.java:25:            expectRefusal(helper, reason, () -> GuardedChunkSaves.beforeSave(
3f3d62aed3980186fe0acc9592cf93ca436405fb:src/main/java/io/github/sunthemoon/advancedrocketrycommunity/gametest/GuardedChunkSaveGameTests.java:29:            GuardedChunkSaves.restoreGameTestFixture(helper.getLevel(), chunk.getPos());
3f3d62aed3980186fe0acc9592cf93ca436405fb:src/main/java/io/github/sunthemoon/advancedrocketrycommunity/gametest/GuardedChunkSaveGameTests.java:39:            expectRefusal(helper, reason, () -> GuardedChunkSaves.refuse(
3f3d62aed3980186fe0acc9592cf93ca436405fb:src/main/java/io/github/sunthemoon/advancedrocketrycommunity/gametest/GuardedChunkSaveGameTests.java:44:            expectRefusal(helper, reason, () -> GuardedChunkSaves.beforeSave(
3f3d62aed3980186fe0acc9592cf93ca436405fb:src/main/java/io/github/sunthemoon/advancedrocketrycommunity/gametest/GuardedChunkSaveGameTests.java:48:            GuardedChunkSaves.restoreGameTestFixture(helper.getLevel(), chunk.getPos());
3f3d62aed3980186fe0acc9592cf93ca436405fb:src/main/java/io/github/sunthemoon/advancedrocketrycommunity/gametest/PumpGameTests.java:214:        io.github.sunthemoon.advancedrocketrycommunity.persistence.GuardedChunkSaves.restoreGameTestFixture(helper.getLevel(), chunk.getPos());
3f3d62aed3980186fe0acc9592cf93ca436405fb:src/main/java/io/github/sunthemoon/advancedrocketrycommunity/gametest/RecipeSignatureSaveEventGameTests.java:4:import io.github.sunthemoon.advancedrocketrycommunity.persistence.GuardedChunkSaves;
3f3d62aed3980186fe0acc9592cf93ca436405fb:src/main/java/io/github/sunthemoon/advancedrocketrycommunity/gametest/RecipeSignatureSaveEventGameTests.java:44:                    GuardedChunkSaves.restoreGameTestFixture(helper.getLevel(), chunk.getPos());
3f3d62aed3980186fe0acc9592cf93ca436405fb:src/main/java/io/github/sunthemoon/advancedrocketrycommunity/gametest/TankGameTests.java:187:        io.github.sunthemoon.advancedrocketrycommunity.persistence.GuardedChunkSaves.restoreGameTestFixture(helper.getLevel(), chunk.getPos());
3f3d62aed3980186fe0acc9592cf93ca436405fb:src/main/java/io/github/sunthemoon/advancedrocketrycommunity/machine/combustion/CombustionProtection.java:4:import io.github.sunthemoon.advancedrocketrycommunity.persistence.GuardedChunkSaves;
3f3d62aed3980186fe0acc9592cf93ca436405fb:src/main/java/io/github/sunthemoon/advancedrocketrycommunity/machine/combustion/CombustionProtection.java:32:        GuardedChunkSaves.beforeSave(event);
3f3d62aed3980186fe0acc9592cf93ca436405fb:src/main/java/io/github/sunthemoon/advancedrocketrycommunity/machine/combustion/CombustionProtection.java:37:            GuardedChunkSaves.refuse(event, "Chunk block-entity count exceeds its physical bound");
3f3d62aed3980186fe0acc9592cf93ca436405fb:src/main/java/io/github/sunthemoon/advancedrocketrycommunity/machine/combustion/CombustionProtection.java:44:                GuardedChunkSaves.refuse(event, "Refusing chunk save with oversized combustion input; back up and repair first");
3f3d62aed3980186fe0acc9592cf93ca436405fb:src/main/java/io/github/sunthemoon/advancedrocketrycommunity/machine/pump/PumpProtection.java:5:import io.github.sunthemoon.advancedrocketrycommunity.persistence.GuardedChunkSaves;
3f3d62aed3980186fe0acc9592cf93ca436405fb:src/main/java/io/github/sunthemoon/advancedrocketrycommunity/machine/pump/PumpProtection.java:49:        GuardedChunkSaves.beforeSave(event);
3f3d62aed3980186fe0acc9592cf93ca436405fb:src/main/java/io/github/sunthemoon/advancedrocketrycommunity/machine/pump/PumpProtection.java:52:            GuardedChunkSaves.refuse(event, "Chunk block-entity count exceeds physical bound");
3f3d62aed3980186fe0acc9592cf93ca436405fb:src/main/java/io/github/sunthemoon/advancedrocketrycommunity/machine/pump/PumpProtection.java:58:                GuardedChunkSaves.refuse(event, "Refusing oversized pump chunk save; back up and repair first");
3f3d62aed3980186fe0acc9592cf93ca436405fb:src/main/java/io/github/sunthemoon/advancedrocketrycommunity/machine/recipe/RecipeSignatureProtection.java:4:import io.github.sunthemoon.advancedrocketrycommunity.persistence.GuardedChunkSaves;
3f3d62aed3980186fe0acc9592cf93ca436405fb:src/main/java/io/github/sunthemoon/advancedrocketrycommunity/machine/recipe/RecipeSignatureProtection.java:43:        GuardedChunkSaves.beforeSave(event);
3f3d62aed3980186fe0acc9592cf93ca436405fb:src/main/java/io/github/sunthemoon/advancedrocketrycommunity/machine/recipe/RecipeSignatureProtection.java:48:            GuardedChunkSaves.refuse(event, refused.getMessage());
3f3d62aed3980186fe0acc9592cf93ca436405fb:src/main/java/io/github/sunthemoon/advancedrocketrycommunity/machine/tank/TankProtection.java:4:import io.github.sunthemoon.advancedrocketrycommunity.persistence.GuardedChunkSaves;
3f3d62aed3980186fe0acc9592cf93ca436405fb:src/main/java/io/github/sunthemoon/advancedrocketrycommunity/machine/tank/TankProtection.java:25:        GuardedChunkSaves.beforeSave(event);
3f3d62aed3980186fe0acc9592cf93ca436405fb:src/main/java/io/github/sunthemoon/advancedrocketrycommunity/machine/tank/TankProtection.java:28:            GuardedChunkSaves.refuse(event, "Chunk block-entity count exceeds its physical bound");
3f3d62aed3980186fe0acc9592cf93ca436405fb:src/main/java/io/github/sunthemoon/advancedrocketrycommunity/machine/tank/TankProtection.java:34:                GuardedChunkSaves.refuse(event, "Refusing oversized tank chunk save; back up and repair first");
3f3d62aed3980186fe0acc9592cf93ca436405fb:src/main/java/io/github/sunthemoon/advancedrocketrycommunity/persistence/ChunkSaveDenials.java:8:public final class ChunkSaveDenials {
3f3d62aed3980186fe0acc9592cf93ca436405fb:src/main/java/io/github/sunthemoon/advancedrocketrycommunity/persistence/GuardedChunkSaves.java:25:public final class GuardedChunkSaves {
3f3d62aed3980186fe0acc9592cf93ca436405fb:src/main/java/io/github/sunthemoon/advancedrocketrycommunity/persistence/GuardedChunkSaves.java:26:    public static final Capability<ChunkSaveDenials> CAPABILITY = CapabilityManager.get(new CapabilityToken<>() { });
3f3d62aed3980186fe0acc9592cf93ca436405fb:src/main/java/io/github/sunthemoon/advancedrocketrycommunity/persistence/GuardedChunkSaves.java:30:        @SubscribeEvent public static void register(RegisterCapabilitiesEvent event) { event.register(ChunkSaveDenials.class); }
3f3d62aed3980186fe0acc9592cf93ca436405fb:src/main/java/io/github/sunthemoon/advancedrocketrycommunity/persistence/GuardedChunkSaves.java:42:    private static ChunkSaveDenials state(ServerLevel level) {
3f3d62aed3980186fe0acc9592cf93ca436405fb:src/main/java/io/github/sunthemoon/advancedrocketrycommunity/persistence/GuardedChunkSaves.java:76:        private final ChunkSaveDenials state = new ChunkSaveDenials();
3f3d62aed3980186fe0acc9592cf93ca436405fb:src/main/java/io/github/sunthemoon/advancedrocketrycommunity/persistence/GuardedChunkSaves.java:77:        private final LazyOptional<ChunkSaveDenials> capability = LazyOptional.of(() -> state);
3f3d62aed3980186fe0acc9592cf93ca436405fb:src/main/java/io/github/sunthemoon/advancedrocketrycommunity/persistence/GuardedChunkSaves.java:84:    private GuardedChunkSaves() { }
3f3d62aed3980186fe0acc9592cf93ca436405fb:src/test/java/io/github/sunthemoon/advancedrocketrycommunity/persistence/ChunkSaveDenialsTest.java:6:class ChunkSaveDenialsTest {
3f3d62aed3980186fe0acc9592cf93ca436405fb:src/test/java/io/github/sunthemoon/advancedrocketrycommunity/persistence/ChunkSaveDenialsTest.java:8:        var state = new ChunkSaveDenials();
3f3d62aed3980186fe0acc9592cf93ca436405fb:src/test/java/io/github/sunthemoon/advancedrocketrycommunity/persistence/ChunkSaveDenialsTest.java:12:        assertTrue(new ChunkSaveDenials().reason(11).isEmpty());
3f3d62aed3980186fe0acc9592cf93ca436405fb:src/test/java/io/github/sunthemoon/advancedrocketrycommunity/persistence/ChunkSaveDenialsTest.java:16:        var state = new ChunkSaveDenials();
3f3d62aed3980186fe0acc9592cf93ca436405fb:src/test/java/io/github/sunthemoon/advancedrocketrycommunity/persistence/ChunkSaveDenialsTest.java:24:        var state = new ChunkSaveDenials();
3f3d62aed3980186fe0acc9592cf93ca436405fb:src/test/java/io/github/sunthemoon/advancedrocketrycommunity/persistence/ChunkSaveDenialsTest.java:25:        for (long chunk = 0; chunk < ChunkSaveDenials.MAX_CHUNKS; chunk++) { state.deny(chunk, "unsafe"); }
3f3d62aed3980186fe0acc9592cf93ca436405fb:src/test/java/io/github/sunthemoon/advancedrocketrycommunity/persistence/ChunkSaveDenialsTest.java:26:        assertEquals(ChunkSaveDenials.MAX_CHUNKS, state.size());
3f3d62aed3980186fe0acc9592cf93ca436405fb:src/test/java/io/github/sunthemoon/advancedrocketrycommunity/persistence/ChunkSaveDenialsTest.java:29:        assertEquals(ChunkSaveDenials.MAX_CHUNKS, state.size());
3f3d62aed3980186fe0acc9592cf93ca436405fb:src/test/java/io/github/sunthemoon/advancedrocketrycommunity/persistence/ChunkSaveDenialsTest.java:37:        var state = new ChunkSaveDenials();
3f3d62aed3980186fe0acc9592cf93ca436405fb:src/test/java/io/github/sunthemoon/advancedrocketrycommunity/persistence/ChunkSaveDenialsTest.java:46:        var state = new ChunkSaveDenials();


QUERY git-status 
 M AGENTS.md
 M docs/11-RISK-REGISTER.md


QUERY git-worktrees 
worktree D:/GitHub/AdvancedRocketry-Community
HEAD 37286766e75688b1f2ddb4784adb55576145ba5d
branch refs/heads/codex/v1.8.0-classic-content

worktree D:/GitHub/arce-v120-mig03b-rolling
HEAD 3dbe6884e6d8bff3c676c4f7cebee0824b507602
branch refs/heads/codex/v1.2.0-rolling-fixture

worktree D:/GitHub/arce-v130-adapter-fault-tests
HEAD 4f69871b1e176a71b7c7b836b7faca16eb0b43b3
branch refs/heads/codex/v1.3.0-adapter-fault-tests

worktree D:/GitHub/arce-v130-adapter-flight
HEAD 5cd46401723ea4c824d43c0c6dc3e50ce1738784
branch refs/heads/codex/v1.3.0-adapter-flight

worktree D:/GitHub/arce-v130-adapter-recovery
HEAD f961ec8fc99b01e1e2fc0d65783cdd8e8b0cab11
branch refs/heads/codex/v1.3.0-adapter-recovery

worktree D:/GitHub/arce-v130-api-tests
HEAD fca4cb8ee11e287f695b82db1971ecf6522213c5
branch refs/heads/codex/v1.3.0-adapter-api-tests

worktree D:/GitHub/arce-v130-consumer-build
HEAD 3d142a82fb230031e23ffa285322ae85e20f39c2
branch refs/heads/codex/v1.3.0-consumer-build

worktree D:/GitHub/arce-v130-contract-proposals
HEAD c15bd7e140bac66bffe49091a83c3296de49713e
detached

worktree D:/GitHub/arce-v130-registration-fixture
HEAD 44d5d13f6d1c84a1b40d3aeeb7056a8395527634
branch refs/heads/codex/v1.3.0-registration-fixture

worktree D:/GitHub/arce-v130-registry-unit
HEAD c372e9d137844a8e18bb71b9a6188c237cd3a206
branch refs/heads/codex/v1.3.0-registry-unit

worktree D:/GitHub/arce-v160-recovery-fix
HEAD eab795aa04c84118b20938955a4b06bab3ca313a
branch refs/heads/fix/v1.6.0-recovery-account-bounds

worktree D:/GitHub/arce-v180-canonical-digest-20261004
HEAD 3f3d62aed3980186fe0acc9592cf93ca436405fb
branch refs/heads/codex/v1.8.0-canonical-digest

worktree D:/GitHub/arce-v180-canonical-digest-review-20261004
HEAD 3f3d62aed3980186fe0acc9592cf93ca436405fb
detached

worktree D:/GitHub/arce-v180-fluid-20261003
HEAD cd63c5ff53e3daa0e6c3be92f17f16c061ddc5a6
branch refs/heads/codex/v1.8.0-c16a-fluids

worktree D:/GitHub/arce-v180-hatch-values-20261004
HEAD cd63c5ff53e3daa0e6c3be92f17f16c061ddc5a6
branch refs/heads/codex/v1.8.0-hatch-values

worktree D:/GitHub/arce-v180-hatches-20261003
HEAD cd63c5ff53e3daa0e6c3be92f17f16c061ddc5a6
branch refs/heads/codex/v1.8.0-c16a-hatch-core

worktree D:/GitHub/arce-v180-motors-20261003
HEAD cd63c5ff53e3daa0e6c3be92f17f16c061ddc5a6
branch refs/heads/codex/v1.8.0-c16a-motors

worktree D:/GitHub/arce-v180-pump-20261003
HEAD cd63c5ff53e3daa0e6c3be92f17f16c061ddc5a6
branch refs/heads/codex/v1.8.0-c16a-pump

worktree D:/GitHub/arce-v180-signatures-20261003
HEAD cd63c5ff53e3daa0e6c3be92f17f16c061ddc5a6
branch refs/heads/codex/v1.8.0-c16a-recipe-signatures

worktree D:/GitHub/arce-v180-tank-20261003
HEAD cd63c5ff53e3daa0e6c3be92f17f16c061ddc5a6
branch refs/heads/codex/v1.8.0-c16a-tank



PRIMARY patches/net/minecraft/server/level/ChunkMap.java.patch {'bytes': 2869, 'sha256': '0eb165fbbcc0756ff046057af4f5dd477363361a8a3c80c70be7aad9c17e152e'}
--- a/net/minecraft/server/level/ChunkMap.java
+++ b/net/minecraft/server/level/ChunkMap.java
@@ -398,6 +_,7 @@
             this.f_140140_ = true;
          }
 
+         net.minecraftforge.event.ForgeEventFactory.fireChunkTicketLevelUpdated(this.f_140133_, p_140177_, p_140180_, p_140178_, p_140179_);
          return p_140179_;
       }
    }
@@ -503,6 +_,7 @@
             if (this.f_140131_.remove(p_140182_, p_140183_) && p_203002_ != null) {
                if (p_203002_ instanceof LevelChunk) {
                   ((LevelChunk)p_203002_).m_62913_(false);
+                  net.minecraftforge.common.MinecraftForge.EVENT_BUS.post(new net.minecraftforge.event.level.ChunkEvent.Unload(p_203002_));
                }
 
                this.m_140258_(p_203002_);
@@ -713,8 +_,14 @@
             levelchunk.m_62952_();
             if (this.f_140132_.add(chunkpos.m_45588_())) {
                levelchunk.m_62913_(true);
+               try {
+               p_140384_.currentlyLoading = levelchunk; // Forge - bypass the future chain when getChunk is called, this prevents deadlocks.
                levelchunk.m_156369_();
                levelchunk.m_187958_(this.f_140133_);
+               net.minecraftforge.common.MinecraftForge.EVENT_BUS.post(new net.minecraftforge.event.level.ChunkEvent.Load(levelchunk, !(protochunk instanceof ImposterProtoChunk)));
+               } finally {
+                   p_140384_.currentlyLoading = null; // Forge - Stop bypassing the future chain.
+               }
             }
 
             return levelchunk;
@@ -819,6 +_,7 @@
 
             this.f_140133_.m_46473_().m_6174_("chunkSave");
             CompoundTag compoundtag = ChunkSerializer.m_63454_(this.f_140133_, p_140259_);
+            net.minecraftforge.common.MinecraftForge.EVENT_BUS.post(new net.minecraftforge.event.level.ChunkDataEvent.Save(p_140259_, p_140259_.getWorldForge() != null ? p_140259_.getWorldForge() : this.f_140133_, compoundtag));
             this.m_63502_(chunkpos, compoundtag);
             this.m_140229_(chunkpos, chunkstatus.m_62494_());
             return true;
@@ -889,6 +_,7 @@
 
          if (!p_183759_ && p_183758_) {
             p_183755_.m_9088_(p_183756_);
+            net.minecraftforge.event.ForgeEventFactory.fireChunkUnWatch(p_183755_, p_183756_, this.f_140133_);
          }
 
       }
@@ -1132,7 +_,7 @@
    }
 
    protected void m_140199_(Entity p_140200_) {
-      if (!(p_140200_ instanceof EnderDragonPart)) {
+      if (!(p_140200_ instanceof net.minecraftforge.entity.PartEntity)) {
          EntityType<?> entitytype = p_140200_.m_6095_();
          int i = entitytype.m_20681_() * 16;
          if (i != 0) {
@@ -1282,6 +_,7 @@
          }
       }
 
+      net.minecraftforge.event.ForgeEventFactory.fireChunkWatch(p_183761_, p_183763_, this.f_140133_);
    }
 
    protected PoiManager m_140424_() {


PRIMARY patches/net/minecraft/world/level/chunk/LevelChunk.java.patch {'bytes': 7657, 'sha256': 'a6242f41d324e7528dd3135a20a51c99d14bef39d38002dc1cb48171ef5f9c53'}
--- a/net/minecraft/world/level/chunk/LevelChunk.java
+++ b/net/minecraft/world/level/chunk/LevelChunk.java
@@ -47,7 +_,7 @@
 import net.minecraft.world.ticks.TickContainerAccess;
 import org.slf4j.Logger;
 
-public class LevelChunk extends ChunkAccess {
+public class LevelChunk extends ChunkAccess implements net.minecraftforge.common.capabilities.ICapabilityProviderImpl<LevelChunk> {
    static final Logger f_62771_ = LogUtils.getLogger();
    private static final TickingBlockEntity f_156361_ = new TickingBlockEntity() {
       public void m_142224_() {
@@ -94,6 +_,7 @@
       this.f_62791_ = p_196861_;
       this.f_62784_ = p_196857_;
       this.f_187943_ = p_196858_;
+      this.capProvider.initInternal();
    }
 
    public LevelChunk(ServerLevel p_196850_, ProtoChunk p_196851_, @Nullable LevelChunk.PostLoadProcessor p_196852_) {
@@ -245,14 +_,14 @@
             boolean flag2 = blockstate.m_155947_();
             if (!this.f_62776_.f_46443_) {
                blockstate.m_60753_(this.f_62776_, p_62865_, p_62866_, p_62867_);
-            } else if (!blockstate.m_60713_(block) && flag2) {
+         } else if ((!blockstate.m_60713_(block) || !p_62866_.m_155947_()) && flag2) {
                this.m_8114_(p_62865_);
             }
 
             if (!levelchunksection.m_62982_(j, k, l).m_60713_(block)) {
                return null;
             } else {
-               if (!this.f_62776_.f_46443_) {
+            if (!this.f_62776_.f_46443_ && !this.f_62776_.captureBlockSnapshots) {
                   p_62866_.m_60696_(this.f_62776_, p_62865_, blockstate, p_62867_);
                }
 
@@ -295,6 +_,10 @@
    @Nullable
    public BlockEntity m_5685_(BlockPos p_62868_, LevelChunk.EntityCreationType p_62869_) {
       BlockEntity blockentity = this.f_187610_.get(p_62868_);
+      if (blockentity != null && blockentity.m_58901_()) {
+         f_187610_.remove(p_62868_);
+         blockentity = null;
+      }
       if (blockentity == null) {
          CompoundTag compoundtag = this.f_187609_.remove(p_62868_);
          if (compoundtag != null) {
@@ -312,9 +_,6 @@
                this.m_142170_(blockentity);
             }
          }
-      } else if (blockentity.m_58901_()) {
-         this.f_187610_.remove(p_62868_);
-         return null;
       }
 
       return blockentity;
@@ -330,6 +_,7 @@
          }
 
          this.m_156406_(p_156391_);
+         p_156391_.onLoad();
       }
 
    }
@@ -369,9 +_,14 @@
    public CompoundTag m_8051_(BlockPos p_62932_) {
       BlockEntity blockentity = this.m_7702_(p_62932_);
       if (blockentity != null && !blockentity.m_58901_()) {
+         try {
          CompoundTag compoundtag1 = blockentity.m_187480_();
          compoundtag1.m_128379_("keepPacked", false);
          return compoundtag1;
+         } catch (Exception e) {
+            f_62771_.error("A BlockEntity type {} has thrown an exception trying to write state. It will not persist, Report this to the mod author", blockentity.getClass().getName(), e);
+            return null;
+         }
       } else {
          CompoundTag compoundtag = this.f_187609_.get(p_62932_);
          if (compoundtag != null) {
@@ -455,7 +_,7 @@
       p_187974_.accept((p_187968_, p_187969_, p_187970_) -> {
          BlockEntity blockentity = this.m_5685_(p_187968_, LevelChunk.EntityCreationType.IMMEDIATE);
          if (blockentity != null && p_187970_ != null && blockentity.m_58903_() == p_187969_) {
-            blockentity.m_142466_(p_187970_);
+            blockentity.handleUpdateTag(p_187970_);
          }
 
       });
@@ -564,6 +_,7 @@
    }
 
    public void m_187957_() {
+      this.f_187610_.values().forEach(BlockEntity::onChunkUnloaded);
       this.f_187610_.values().forEach(BlockEntity::m_7651_);
       this.f_187610_.clear();
       this.f_156362_.values().forEach((p_187966_) -> {
@@ -573,6 +_,7 @@
    }
 
    public void m_156369_() {
+      this.f_62776_.addFreshBlockEntities(this.f_187610_.values());
       this.f_187610_.values().forEach((p_187988_) -> {
          Level level = this.f_62776_;
          if (level instanceof ServerLevel serverlevel) {
@@ -621,6 +_,41 @@
       return new LevelChunk.BoundTickingBlockEntity<>(p_156376_, p_156377_);
    }
 
+   // FORGE START
+   private final net.minecraftforge.common.capabilities.CapabilityProvider.AsField<LevelChunk> capProvider = new net.minecraftforge.common.capabilities.CapabilityProvider.AsField<>(LevelChunk.class, this);
+
+   @org.jetbrains.annotations.NotNull
+   @Override
+   public <T> net.minecraftforge.common.util.LazyOptional<T> getCapability(@org.jetbrains.annotations.NotNull net.minecraftforge.common.capabilities.Capability<T> cap, @org.jetbrains.annotations.Nullable net.minecraft.core.Direction side)
+   {
+      return capProvider.getCapability(cap, side);
+   }
+
+   @Override
+   public boolean areCapsCompatible(net.minecraftforge.common.capabilities.CapabilityProvider<LevelChunk> other)
+   {
+      return capProvider.areCapsCompatible(other);
+   }
+
+   @Override
+   public boolean areCapsCompatible(@org.jetbrains.annotations.Nullable net.minecraftforge.common.capabilities.CapabilityDispatcher other)
+   {
+      return capProvider.areCapsCompatible(other);
+   }
+
+   @Override
+   public void invalidateCaps()
+   {
+      capProvider.invalidateCaps();
+   }
+
+   @Override
+   public void reviveCaps()
+   {
+      capProvider.reviveCaps();
+   }
+   // FORGE END
+
    class BoundTickingBlockEntity<T extends BlockEntity> implements TickingBlockEntity {
       private final T f_156428_;
       private final BlockEntityTicker<T> f_156429_;
@@ -637,6 +_,7 @@
             if (LevelChunk.this.m_156410_(blockpos)) {
                try {
                   ProfilerFiller profilerfiller = LevelChunk.this.f_62776_.m_46473_();
+                  net.minecraftforge.server.timings.TimeTracker.BLOCK_ENTITY_UPDATE.trackStart(f_156428_);
                   profilerfiller.m_6521_(this::m_142280_);
                   BlockState blockstate = LevelChunk.this.m_8055_(blockpos);
                   if (this.f_156428_.m_58903_().m_155262_(blockstate)) {
@@ -652,6 +_,12 @@
                   CrashReport crashreport = CrashReport.m_127521_(throwable, "Ticking block entity");
                   CrashReportCategory crashreportcategory = crashreport.m_127514_("Block entity being ticked");
                   this.f_156428_.m_58886_(crashreportcategory);
+
+                  if (net.minecraftforge.common.ForgeConfig.SERVER.removeErroringBlockEntities.get()) {
+                     f_62771_.error("{}", crashreport.m_127526_());
+                     f_156428_.m_7651_();
+                     LevelChunk.this.m_8114_(f_156428_.m_58899_());
+                  } else
                   throw new ReportedException(crashreport);
                }
             }
@@ -680,6 +_,34 @@
       IMMEDIATE,
       QUEUED,
       CHECK;
+   }
+
+
+   /**
+    * <strong>FOR INTERNAL USE ONLY</strong>
+    * <p>
+    * Only public for use in {@link net.minecraft.world.level.chunk.storage.ChunkSerializer}.
+    */
+   @java.lang.Deprecated
+   @org.jetbrains.annotations.Nullable
+   public final CompoundTag writeCapsToNBT() {
+      return capProvider.serializeInternal();
+   }
+
+   /**
+    * <strong>FOR INTERNAL USE ONLY</strong>
+    * <p>
+    * Only public for use in {@link net.minecraft.world.level.chunk.storage.ChunkSerializer}.
+    *
+    */
+   @java.lang.Deprecated
+   public final void readCapsFromNBT(CompoundTag tag) {
+      capProvider.deserializeInternal(tag);
+   }
+
+   @Override
+   public Level getWorldForge() {
+      return m_62953_();
    }
 
    @FunctionalInterface


PRIMARY patches/net/minecraft/world/level/chunk/storage/ChunkSerializer.java.patch {'bytes': 2259, 'sha256': '8dd0fde6bc6f28af74b42a4a73177efe4abea3a7c20e70bf18fb87d3e77a291d'}
--- a/net/minecraft/world/level/chunk/storage/ChunkSerializer.java
+++ b/net/minecraft/world/level/chunk/storage/ChunkSerializer.java
@@ -159,6 +_,7 @@
             return BuiltInRegistries.f_257020_.m_6612_(ResourceLocation.m_135820_(p_258990_));
          }, p_188233_);
          chunkaccess = new LevelChunk(p_188231_.m_6018_(), p_188233_, upgradedata, levelchunkticks, levelchunkticks1, k1, alevelchunksection, m_196890_(p_188231_, p_188234_), blendingdata);
+         if (p_188234_.m_128441_("ForgeCaps")) ((LevelChunk)chunkaccess).readCapsFromNBT(p_188234_.m_128469_("ForgeCaps"));
       } else {
          ProtoChunkTicks<Block> protochunkticks = ProtoChunkTicks.m_193302_(p_188234_.m_128437_("block_ticks", 10), (p_258992_) -> {
             return BuiltInRegistries.f_256975_.m_6612_(ResourceLocation.m_135820_(p_258992_));
@@ -212,6 +_,7 @@
       }
 
       if (chunkstatus$chunktype == ChunkStatus.ChunkType.LEVELCHUNK) {
+         net.minecraftforge.common.MinecraftForge.EVENT_BUS.post(new net.minecraftforge.event.level.ChunkDataEvent.Load(chunkaccess, p_188234_, chunkstatus$chunktype));
          return new ImposterProtoChunk((LevelChunk)chunkaccess, false);
       } else {
          ProtoChunk protochunk1 = (ProtoChunk)chunkaccess;
@@ -235,6 +_,7 @@
             protochunk1.m_188186_(generationstep$carving, new CarvingMask(compoundtag4.m_128467_(s1), chunkaccess.m_141937_()));
          }
 
+         net.minecraftforge.common.MinecraftForge.EVENT_BUS.post(new net.minecraftforge.event.level.ChunkDataEvent.Load(chunkaccess, p_188234_, chunkstatus$chunktype));
          return protochunk1;
       }
    }
@@ -340,6 +_,14 @@
          }
 
          compoundtag.m_128365_("CarvingMasks", compoundtag4);
+      }
+      else if (p_63456_ instanceof LevelChunk levelChunk){
+          try {
+              final CompoundTag capTag = levelChunk.writeCapsToNBT();
+              if (capTag != null) compoundtag.m_128365_("ForgeCaps", capTag);
+          } catch (Exception exception) {
+              f_63449_.error("A capability provider has thrown an exception trying to write state. It will not persist. Report this to the mod author", exception);
+          }
       }
 
       m_188235_(p_63455_, compoundtag, p_63456_.m_183568_());


PRIMARY net/minecraftforge/event/level/ChunkDataEvent.java {'bytes': 3057, 'sha256': '6f1eec73f1bd67ab62d8276b24ce4d8610367007ab27fba37fbad2129a367ab1'}
/*
 * Copyright (c) Forge Development LLC and contributors
 * SPDX-License-Identifier: LGPL-2.1-only
 */

package net.minecraftforge.event.level;

import net.minecraft.nbt.CompoundTag;
import net.minecraft.server.level.ServerLevel;
import net.minecraft.world.entity.ai.village.poi.PoiManager;
import net.minecraft.world.level.ChunkPos;
import net.minecraft.world.level.LevelAccessor;
import net.minecraft.world.level.chunk.ChunkStatus;
import net.minecraft.world.level.chunk.ChunkAccess;
import net.minecraft.world.level.chunk.storage.ChunkSerializer;
import net.minecraftforge.common.MinecraftForge;
import net.minecraftforge.eventbus.api.Cancelable;
import net.minecraftforge.eventbus.api.Event;

/**
 * ChunkDataEvent is fired when an event involving chunk data occurs.<br>
 * If a method utilizes this {@link Event} as its parameter, the method will
 * receive every child event of this class.<br>
 * <br>
 * {@link #data} contains the NBTTagCompound containing the chunk data for this event.<br>
 * <br>
 * All children of this event are fired on the {@link MinecraftForge#EVENT_BUS}.<br>
 **/
public class ChunkDataEvent extends ChunkEvent
{
    private final CompoundTag data;

    public ChunkDataEvent(ChunkAccess chunk, CompoundTag data)
    {
        super(chunk);
        this.data = data;
    }

    public ChunkDataEvent(ChunkAccess chunk, LevelAccessor world, CompoundTag data)
    {
        super(chunk, world);
        this.data = data;
    }

    public CompoundTag getData()
    {
        return data;
    }

    /**
     * ChunkDataEvent.Load is fired when vanilla Minecraft attempts to load Chunk data.<br>
     * This event is fired during chunk loading in
     * {@link ChunkSerializer#read(ServerLevel, PoiManager, ChunkPos, CompoundTag)} which means it is async, so be careful.<br>
     * <br>
     * This event is not {@link Cancelable}.<br>
     * <br>
     * This event does not have a result. {@link HasResult} <br>
     * <br>
     * This event is fired on the {@link MinecraftForge#EVENT_BUS}.<br>
     **/
    public static class Load extends ChunkDataEvent
    {
        private ChunkStatus.ChunkType status;

        public Load(ChunkAccess chunk, CompoundTag data, ChunkStatus.ChunkType status)
        {
            super(chunk, data);
            this.status = status;
        }

        public ChunkStatus.ChunkType getStatus()
        {
            return this.status;
        }
    }

    /**
     * ChunkDataEvent.Save is fired when vanilla Minecraft attempts to save Chunk data.<br>
     * This event is fired during chunk saving in
     * {@code ChunkMap#save(ChunkAccess)}. <br>
     * <br>
     * This event is not {@link Cancelable}.<br>
     * <br>
     * This event does not have a result. {@link HasResult} <br>
     * <br>
     * This event is fired on the {@link MinecraftForge#EVENT_BUS}.<br>
     **/
    public static class Save extends ChunkDataEvent
    {
        public Save(ChunkAccess chunk, LevelAccessor world, CompoundTag data)
        {
            super(chunk, world, data);
        }
    }
}


PRIMARY net/minecraftforge/event/level/ChunkEvent.java {'bytes': 3234, 'sha256': '342ead951a5a155747759604102b6b4d4ff4b86b589c10f219085ea9096feccd'}
/*
 * Copyright (c) Forge Development LLC and contributors
 * SPDX-License-Identifier: LGPL-2.1-only
 */

package net.minecraftforge.event.level;

import net.minecraft.world.level.LevelAccessor;
import net.minecraft.world.level.chunk.ChunkAccess;
import net.minecraft.world.level.chunk.ChunkStatus;
import net.minecraft.world.level.chunk.LevelChunk;
import net.minecraftforge.common.MinecraftForge;
import net.minecraftforge.eventbus.api.Cancelable;
import net.minecraftforge.eventbus.api.Event;
import org.jetbrains.annotations.ApiStatus;

/**
 * ChunkEvent is fired when an event involving a chunk occurs.<br>
 * If a method utilizes this {@link Event} as its parameter, the method will
 * receive every child event of this class.<br>
 * <br>
 * {@link #chunk} contains the Chunk this event is affecting.<br>
 * <br>
 * All children of this event are fired on the {@link MinecraftForge#EVENT_BUS}.<br>
 **/
public class ChunkEvent extends LevelEvent
{
    private final ChunkAccess chunk;

    public ChunkEvent(ChunkAccess chunk)
    {
        super(chunk.getWorldForge());
        this.chunk = chunk;
    }

    public ChunkEvent(ChunkAccess chunk, LevelAccessor level)
    {
        super(level);
        this.chunk = chunk;
    }

    public ChunkAccess getChunk()
    {
        return chunk;
    }

    /**
     * ChunkEvent.Load is fired when vanilla Minecraft attempts to load a Chunk into the level.<br>
     * This event is fired during chunk loading in <br>
     *
     * Chunk.onChunkLoad(). <br>
     * <strong>Note:</strong> This event may be called before the underlying {@link LevelChunk} is promoted to {@link ChunkStatus#FULL}. You will cause chunk loading deadlocks if you don't delay your level interactions.<br>
     * <br>
     * This event is not {@link Cancelable}.<br>
     * <br>
     * This event does not have a result. {@link HasResult} <br>
     * <br>
     * This event is fired on the {@link MinecraftForge#EVENT_BUS}.<br>
     **/
    public static class Load extends ChunkEvent
    {
        private final boolean newChunk;

        @ApiStatus.Internal
        public Load(ChunkAccess chunk, boolean newChunk)
        {
            super(chunk);
            this.newChunk = newChunk;
        }

        /**
         * Check whether the Chunk is newly generated, and being loaded for the first time.
         *
         * <p>Will only ever return {@code true} on the {@linkplain net.minecraftforge.fml.LogicalSide#SERVER logical server}.</p>
         *
         * @return whether the Chunk is newly generated
         */
        public boolean isNewChunk()
        {
            return newChunk;
        }
    }

    /**
     * ChunkEvent.Unload is fired when vanilla Minecraft attempts to unload a Chunk from the level.<br>
     * This event is fired during chunk unloading in <br>
     * Chunk.onChunkUnload(). <br>
     * <br>
     * This event is not {@link Cancelable}.<br>
     * <br>
     * This event does not have a result. {@link HasResult} <br>
     * <br>
     * This event is fired on the {@link MinecraftForge#EVENT_BUS}.<br>
     **/
    public static class Unload extends ChunkEvent
    {
        public Unload(ChunkAccess chunk)
        {
            super(chunk);
        }
    }
}


PRIMARY net/minecraftforge/common/capabilities/CapabilityDispatcher.java {'bytes': 4906, 'sha256': '86ad5f49452195deb0e62ee5785e6a22af27fe95e250100189cd3cb6560528f6'}
/*
 * Copyright (c) Forge Development LLC and contributors
 * SPDX-License-Identifier: LGPL-2.1-only
 */

package net.minecraftforge.common.capabilities;

import javax.annotation.ParametersAreNonnullByDefault;

import java.util.ArrayList;
import java.util.List;
import java.util.Locale;
import java.util.Map;

import net.minecraft.MethodsReturnNonnullByDefault;
import net.minecraft.nbt.Tag;
import net.minecraft.nbt.CompoundTag;
import net.minecraft.core.Direction;
import net.minecraft.resources.ResourceLocation;
import net.minecraftforge.common.util.INBTSerializable;
import net.minecraftforge.common.util.LazyOptional;
import org.jetbrains.annotations.Nullable;

/**
 * A high-speed implementation of a capability delegator.
 * This is used to wrap the results of the AttachCapabilitiesEvent.
 * It is HIGHLY recommended that you DO NOT use this approach unless
 * you MUST delegate to multiple providers instead just implement y
 * our handlers using normal if statements.
 *
 * Internally the handlers are baked into arrays for fast iteration.
 * The ResourceLocations will be used for the NBT Key when serializing.
 */
@ParametersAreNonnullByDefault
@MethodsReturnNonnullByDefault
public final class CapabilityDispatcher implements INBTSerializable<CompoundTag>, ICapabilityProvider
{
    private final ICapabilityProvider[] caps;
    private final INBTSerializable<Tag>[] writers;
    private final String[] names;
    private final List<Runnable> listeners;

    public CapabilityDispatcher(Map<ResourceLocation, ICapabilityProvider> list, List<Runnable> listeners)
    {
        this(list, listeners, null);
    }

    @SuppressWarnings("unchecked")
    public CapabilityDispatcher(Map<ResourceLocation, ICapabilityProvider> list, List<Runnable> listeners, @Nullable ICapabilityProvider parent)
    {
        List<ICapabilityProvider> lstCaps = new ArrayList<>();
        List<INBTSerializable<Tag>> lstWriters = new ArrayList<>();
        List<String> lstNames = new ArrayList<>();
        this.listeners = listeners;

        if (parent != null) // Parents go first!
        {
            lstCaps.add(parent);
            if (parent instanceof INBTSerializable)
            {
                lstWriters.add((INBTSerializable<Tag>)parent);
                lstNames.add("Parent");
            }
        }

        for (Map.Entry<ResourceLocation, ICapabilityProvider> entry : list.entrySet())
        {
            ICapabilityProvider prov = entry.getValue();
            lstCaps.add(prov);
            if (prov instanceof INBTSerializable)
            {
                lstWriters.add((INBTSerializable<Tag>)prov);
                lstNames.add(entry.getKey().toString());
            }
        }

        caps = lstCaps.toArray(new ICapabilityProvider[lstCaps.size()]);
        writers = lstWriters.toArray(new INBTSerializable[lstWriters.size()]);
        names = lstNames.toArray(new String[lstNames.size()]);
    }


    @Override
    public <T> LazyOptional<T> getCapability(Capability<T> cap, @Nullable Direction side)
    {
        for (ICapabilityProvider c : caps)
        {
            LazyOptional<T> ret = c.getCapability(cap, side);
            //noinspection ConstantConditions
            if (ret == null)
            {
                throw new RuntimeException(
                        String.format(
                                Locale.ENGLISH,
                                "Provider %s.getCapability() returned null; return LazyOptional.empty() instead!",
                                c.getClass().getTypeName()
                        )
                );
            }
            if (ret.isPresent())
            {
                return ret;
            }
        }
        return LazyOptional.empty();
    }

    @Override
    public CompoundTag serializeNBT()
    {
        CompoundTag nbt = new CompoundTag();
        for (int x = 0; x < writers.length; x++)
        {
            nbt.m_128365_(names[x], writers[x].serializeNBT());
        }
        return nbt;
    }

    @Override
    public void deserializeNBT(CompoundTag nbt)
    {
        for (int x = 0; x < writers.length; x++)
        {
            if (nbt.m_128441_(names[x]))
            {
                writers[x].deserializeNBT(nbt.m_128423_(names[x]));
            }
        }
    }

    public boolean areCompatible(@Nullable CapabilityDispatcher other) //Called from ItemStack to compare equality.
    {                                                        // Only compares serializeable caps.
        if (other == null) return this.writers.length == 0;  // Done this way so we can do some pre-checks before doing the costly NBT serialization and compare
        if (this.writers.length == 0) return other.writers.length == 0;
        return this.serializeNBT().equals(other.serializeNBT());
    }

    public void invalidate()
    {
        this.listeners.forEach(Runnable::run);
    }
}


PRIMARY net/minecraftforge/common/capabilities/CapabilityProvider.java {'bytes': 6534, 'sha256': 'bbb1e53ebf40447daf4647bba0eff13556a0b018f611839bdad348a6e74bb405'}
/*
 * Copyright (c) Forge Development LLC and contributors
 * SPDX-License-Identifier: LGPL-2.1-only
 */

package net.minecraftforge.common.capabilities;

import javax.annotation.ParametersAreNonnullByDefault;

import net.minecraft.MethodsReturnNonnullByDefault;
import net.minecraft.nbt.CompoundTag;
import net.minecraft.core.Direction;
import net.minecraft.world.level.chunk.LevelChunk;
import net.minecraftforge.common.util.LazyOptional;
import net.minecraftforge.event.ForgeEventFactory;
import org.jetbrains.annotations.NotNull;
import org.jetbrains.annotations.Nullable;
import org.jetbrains.annotations.VisibleForTesting;

import java.util.function.Supplier;

@MethodsReturnNonnullByDefault
@ParametersAreNonnullByDefault
public abstract class CapabilityProvider<B extends ICapabilityProviderImpl<B>> implements ICapabilityProviderImpl<B>
{
    @VisibleForTesting
    static boolean SUPPORTS_LAZY_CAPABILITIES = true;

    private final @NotNull Class<B> baseClass;
    private @Nullable CapabilityDispatcher capabilities;
    private boolean valid = true;

    private boolean                       isLazy             = false;
    private Supplier<ICapabilityProvider> lazyParentSupplier = null;
    private CompoundTag                   lazyData           = null;
    private boolean initialized = false;

    protected CapabilityProvider(Class<B> baseClass)
    {
        this(baseClass, false);
    }

    protected CapabilityProvider(final Class<B> baseClass, final boolean isLazy)
    {
        this.baseClass = baseClass;
        this.isLazy = SUPPORTS_LAZY_CAPABILITIES && isLazy;
    }

    protected final void gatherCapabilities()
    {
        gatherCapabilities(() -> null);
    }

    protected final void gatherCapabilities(@Nullable ICapabilityProvider parent)
    {
        gatherCapabilities(() -> parent);
    }

    protected final void gatherCapabilities(@Nullable Supplier<ICapabilityProvider> parent)
    {
        if (isLazy && !initialized)
        {
            lazyParentSupplier = parent == null ? () -> null : parent;
            return;
        }

        doGatherCapabilities(parent == null ? null : parent.get());
    }

    private void doGatherCapabilities(@Nullable ICapabilityProvider parent)
    {
        this.capabilities = ForgeEventFactory.gatherCapabilities(baseClass, getProvider(), parent);
        this.initialized = true;
    }

    @SuppressWarnings("unchecked")
    @NotNull
    B getProvider()
    {
        return (B)this;
    }

    protected final @Nullable CapabilityDispatcher getCapabilities()
    {
        if (isLazy && !initialized)
        {
            doGatherCapabilities(lazyParentSupplier == null ? null : lazyParentSupplier.get());
            if (lazyData != null)
            {
                deserializeCaps(lazyData);
            }
        }

        return capabilities;
    }

    public final boolean areCapsCompatible(CapabilityProvider<B> other)
    {
        return areCapsCompatible(other.getCapabilities());
    }

    public final boolean areCapsCompatible(@Nullable CapabilityDispatcher other)
    {
        final CapabilityDispatcher disp = getCapabilities();
        if (disp == null)
        {
            if (other == null)
            {
                return true;
            }
            else
            {
                return other.areCompatible(null);
            }
        }
        else
        {
            return disp.areCompatible(other);
        }
    }

    protected final @Nullable CompoundTag serializeCaps()
    {
        if (isLazy && !initialized)
        {
            return lazyData;
        }

        final CapabilityDispatcher disp = getCapabilities();
        if (disp != null)
        {
            return disp.serializeNBT();
        }
        return null;
    }

    protected final void deserializeCaps(CompoundTag tag)
    {
        if (isLazy && !initialized)
        {
            lazyData = tag;
            return;
        }

        final CapabilityDispatcher disp = getCapabilities();
        if (disp != null)
        {
            disp.deserializeNBT(tag);
        }
    }

    /*
     * Invalidates all the contained caps, and prevents getCapability from returning a value.
     * This is usually called when the object in question is removed from the world.
     * However there may be cases where modders want to copy these 'invalid' caps.
     * They should call reviveCaps while they are doing their work, and then call invalidateCaps again
     * when they are finished.
     * Be sure to make your invalidate callbaks recursion safe.
     */
    public void invalidateCaps()
    {
        this.valid = false;
        final CapabilityDispatcher disp = getCapabilities();
        if (disp != null)
            disp.invalidate();
    }

    /*
     * This function will allow getCability to return values again.
     * Modders can use this if they need to copy caps from one removed provider to a new one.
     * It is expected the modders who call this function, then call invalidateCaps() to invalidate the provider again.
     */
    public void reviveCaps()
    {
        this.valid = true; //Stupid players don't copy the entity when transporting across worlds.
    }

    @Override
    @NotNull
    public <T> LazyOptional<T> getCapability(@NotNull Capability<T> cap, @Nullable Direction side)
    {
        final CapabilityDispatcher disp = getCapabilities();
        return !valid || disp == null ? LazyOptional.empty() : disp.getCapability(cap, side);
    }

    /**
     * Special implementation for cases which have a superclass and can't extend CapabilityProvider directly.
     * See {@link LevelChunk}
     */
    public static class AsField<B extends ICapabilityProviderImpl<B>> extends CapabilityProvider<B>
    {
        private final B owner;

        public AsField(Class<B> baseClass, B owner)
        {
            super(baseClass);
            this.owner = owner;
        }

        public AsField(Class<B> baseClass, B owner, boolean isLazy)
        {
            super(baseClass, isLazy);
            this.owner = owner;
        }

        public void initInternal()
        {
            gatherCapabilities();
        }

        @Nullable
        public CompoundTag serializeInternal()
        {
            return serializeCaps();
        }

        public void deserializeInternal(CompoundTag tag)
        {
            deserializeCaps(tag);
        }

        @Override
        @NotNull
        B getProvider()
        {
            return owner;
        }
    };

}


PRIMARY net/minecraftforge/common/ForgeInternalHandler.java {'bytes': 5034, 'sha256': '307372831595eaf19c72c3d6eb28c66639346dabef23245e690b92cd5343e2cb'}
/*
 * Copyright (c) Forge Development LLC and contributors
 * SPDX-License-Identifier: LGPL-2.1-only
 */

package net.minecraftforge.common;

import net.minecraft.world.entity.Entity;
import net.minecraft.world.entity.Mob;
import net.minecraft.world.entity.item.ItemEntity;
import net.minecraft.world.item.Item;
import net.minecraft.world.item.ItemStack;
import net.minecraft.server.TickTask;
import net.minecraft.server.level.ServerLevel;
import net.minecraftforge.common.loot.LootModifierManager;
import net.minecraftforge.common.util.FakePlayerFactory;
import net.minecraftforge.event.AddReloadListenerEvent;
import net.minecraftforge.event.RegisterCommandsEvent;
import net.minecraftforge.event.entity.EntityJoinLevelEvent;
import net.minecraftforge.event.entity.player.PlayerEvent;
import net.minecraftforge.event.level.ChunkEvent;
import net.minecraftforge.event.level.LevelEvent;
import net.minecraftforge.eventbus.api.EventPriority;
import net.minecraftforge.eventbus.api.SubscribeEvent;
import net.minecraftforge.event.TagsUpdatedEvent;
import net.minecraftforge.event.TickEvent;
import net.minecraftforge.event.TickEvent.ClientTickEvent;
import net.minecraftforge.event.TickEvent.ServerTickEvent;
import net.minecraftforge.fml.LogicalSide;
import net.minecraftforge.common.util.LogicalSidedProvider;
import net.minecraftforge.server.command.ForgeCommand;
import net.minecraftforge.server.command.ConfigCommand;

public class ForgeInternalHandler
{
    @SubscribeEvent(priority = EventPriority.HIGH)
    public void onEntityJoinWorld(EntityJoinLevelEvent event)
    {
        Entity entity = event.getEntity();
        if (entity.getClass().equals(ItemEntity.class))
        {
            ItemStack stack = ((ItemEntity)entity).m_32055_();
            Item item = stack.m_41720_();
            if (item.hasCustomEntity(stack))
            {
                Entity newEntity = item.createEntity(event.getLevel(), entity, stack);
                if (newEntity != null)
                {
                    entity.m_146870_();
                    event.setCanceled(true);
                    var executor = LogicalSidedProvider.WORKQUEUE.get(event.getLevel().f_46443_ ? LogicalSide.CLIENT : LogicalSide.SERVER);
                    executor.m_6937_(new TickTask(0, () -> event.getLevel().m_7967_(newEntity)));
                }
            }
        }
    }


    @SubscribeEvent(priority = EventPriority.HIGHEST)
    public void onDimensionUnload(LevelEvent.Unload event)
    {
        if (event.getLevel() instanceof ServerLevel)
            FakePlayerFactory.unloadLevel((ServerLevel) event.getLevel());
    }

    @SubscribeEvent
    public void onServerTick(ServerTickEvent event)
    {
        WorldWorkerManager.tick(event.phase == TickEvent.Phase.START);
    }

    @SubscribeEvent
    public void checkSettings(ClientTickEvent event)
    {
        //if (event.phase == Phase.END)
        //    CloudRenderer.updateCloudSettings();
    }

    @SubscribeEvent
    public void onChunkUnload(ChunkEvent.Unload event)
    {
        if (!event.getLevel().m_5776_())
            FarmlandWaterManager.removeTickets(event.getChunk());
    }

    /*
    @SubscribeEvent
    public void playerChangeDimension(PlayerEvent.PlayerChangedDimensionEvent event)
    {
        if (event.getPlayer() instanceof ServerPlayerEntity)
            DimensionManager.rebuildPlayerMap(((ServerPlayerEntity)event.getPlayer()).server.getPlayerList(), true);
    }
    */

    @SubscribeEvent
    public void playerLogin(PlayerEvent.PlayerLoggedInEvent event)
    {
        UsernameCache.setUsername(event.getEntity().m_20148_(), event.getEntity().m_36316_().getName());
    }

    @SubscribeEvent
    public void tagsUpdated(TagsUpdatedEvent event)
    {
        if (event.shouldUpdateStaticData())
        {
            ForgeHooks.updateBurns();
        }
    }

    @SubscribeEvent
    public void onCommandsRegister(RegisterCommandsEvent event)
    {
        new ForgeCommand(event.getDispatcher());
        ConfigCommand.register(event.getDispatcher());
    }

    private static LootModifierManager INSTANCE;

    @SubscribeEvent
    public void onResourceReload(AddReloadListenerEvent event)
    {
        INSTANCE = new LootModifierManager();
        event.addListener(INSTANCE);
    }

    static LootModifierManager getLootModifierManager()
    {
        if(INSTANCE == null)
            throw new IllegalStateException("Can not retrieve LootModifierManager until resources have loaded once.");
        return INSTANCE;
    }

    @SubscribeEvent
    public void resourceReloadListeners(AddReloadListenerEvent event)
    {
        event.addListener(TierSortingRegistry.getReloadListener());
        event.addListener(CreativeModeTabRegistry.getReloadListener());
    }

    @SubscribeEvent(priority = EventPriority.HIGHEST)
    public void builtinMobSpawnBlocker(EntityJoinLevelEvent event)
    {
        if(event.getEntity() instanceof Mob mob && mob.isSpawnCancelled())
        {
            event.setCanceled(true);
        }
    }
}


Traceback (most recent call last):
  File "D:\ARCE-Task-Evidence\v1.8.0\asrf-5ae80336d4\inspect02.py", line 8, in <module>
    exec(compile(source.replace(old, new), str(Path(__file__).resolve()), 'exec'))
    ~~~~^^^^^^^^^^^^^^^^^^^^^^^^^^^^^^^^^^^^^^^^^^^^^^^^^^^^^^^^^^^^^^^^^^^^^^^^^^
  File "D:\ARCE-Task-Evidence\v1.8.0\asrf-5ae80336d4\inspect02.py", line 95, in <module>
KeyError: 'files'
